sample_idx,b4c_r,cr_frac,fuel_r,enrichment,f_mod,water_r,keff_ref,keff_pred,delta_rho_pcm,CR_D1,CR_D2,CR_Sa1,CR_Sa2,CR_nSf1,CR_nSf2,CR_Ss11,CR_Ss22,CR_Ss12,CR_Ss21,CR_chi1,CR_chi2,Core_D1,Core_D2,Core_Sa1,Core_Sa2,Core_nSf1,Core_nSf2,Core_Ss11,Core_Ss22,Core_Ss12,Core_Ss21,Core_chi1,Core_chi2,Mod_D1,Mod_D2,Mod_Sa1,Mod_Sa2,Mod_nSf1,Mod_nSf2,Mod_Ss11,Mod_Ss22,Mod_Ss12,Mod_Ss21,Mod_chi1,Mod_chi2
0,1.6196882724761963,0.6450383067131042,34.99659729003906,4.242112636566162,0.4673135280609131,41.042240142822266,1.1189618110656738,1.119782567024231,65.5,1.0998722314834595,0.0037512732669711113,0.06836964935064316,11.803350448608398,0.0,0.0,0.33336398005485535,5.154198152013123e-05,0.003997166641056538,0.6994641423225403,0.0,0.0,1.1054704189300537,0.34936386346817017,0.01763908751308918,0.24159155786037445,0.015280084684491158,0.43615928292274475,0.28100088238716125,0.013517213985323906,0.0007338208961300552,0.5034723877906799,0.9892600774765015,0.0,0.7572265267372131,0.3052631616592407,0.0004551021847873926,0.019050078466534615,0.0,0.0,0.34865742921829224,0.025390328839421272,0.00027412563213147223,1.2320647239685059,0.0,0.0
1,1.3100227117538452,0.20566537976264954,14.238861083984375,3.6168293952941895,0.49096953868865967,52.30472183227539,0.8790859580039978,0.8739690780639648,666.01,1.0231789350509644,0.08027444034814835,0.03932106867432594,3.168614625930786,0.0,0.0,0.36125874519348145,0.00019813250401057303,0.004088387358933687,0.9099922180175781,0.0,0.0,1.2099095582962036,0.444947212934494,0.01709556393325329,0.2426237165927887,0.012654726393520832,0.4031231105327606,0.2756939232349396,0.015434585511684418,0.0005158864660188556,0.5797836184501648,0.965311586856842,0.0,0.7740640044212341,0.2553460896015167,0.0004928265698254108,0.017758790403604507,0.0,0.0,0.3461712598800659,0.052230916917324066,0.000122760800877586,1.2765734195709229,0.0,0.0
2,5.330305099487305,0.47503799200057983,19.273324966430664,5.680592060089111,0.7382902503013611,49.70516586303711,1.055870771408081,1.0587226152420044,255.11,0.9755172729492188,0.029973136261105537,0.040094535797834396,11.375824928283691,0.0,0.0,0.28875479102134705,8.842145007292856e-07,0.0031242903787642717,0.7727267146110535,0.0,0.0,1.0465294122695923,0.5446025729179382,0.01419660821557045,0.20962107181549072,0.010165680199861526,0.3666732907295227,0.3013352155685425,0.02730659395456314,0.00045471094199456275,0.808699369430542,0.9883174300193787,0.0,0.9417250752449036,0.18161123991012573,0.000626949651632458,0.020423410460352898,0.0,0.0,0.34199124574661255,0.08614682406187057,5.255451469565742e-05,1.2896009683609009,0.0,0.0
3,2.400204658508301,0.8238099813461304,40.47636795043945,1.6234856843948364,0.7321916818618774,45.1292839050293,1.0414915084838867,1.0449374914169312,316.64,0.9581106901168823,0.012008793652057648,0.09050723165273666,13.560026168823242,0.0,0.0,0.336289644241333,3.455924888839945e-05,0.001636761357076466,0.6231037974357605,0.0,0.0,0.9301328659057617,0.535994291305542,0.011049173772335052,0.10416540503501892,0.0048482902348041534,0.14513152837753296,0.3062252104282379,0.0314350463449955,0.00019408883235882968,0.916846752166748,0.9932310581207275,0.0,1.0726003646850586,0.14827390015125275,0.000653217954095453,0.022796884179115295,0.0,0.0,0.3396119475364685,0.06254827976226807,0.00017378923075739294,1.228758454322815,0.0,0.0
4,2.6194887161254883,0.8724390864372253,30.457406997680664,3.2435264587402344,0.5994247794151306,53.5064582824707,1.124517798423767,1.1251276731491089,48.2,1.0631202459335327,0.01271265372633934,0.0697944238781929,11.909791946411133,0.0,0.0,0.3515283167362213,3.140661647194065e-05,0.0026662987656891346,0.611016035079956,0.0,0.0,1.1000659465789795,0.6450300216674805,0.01580553688108921,0.17858217656612396,0.010811356827616692,0.30360153317451477,0.29369381070137024,0.0224137082695961,0.000494645384605974,0.6789752840995789,0.9987723231315613,0.0,0.8838649988174438,0.16632014513015747,0.0005781751242466271,0.01957669109106064,0.0,0.0,0.34525322914123535,0.07158073037862778,6.044668407412246e-05,1.2859452962875366,0.0,0.0
5,3.15824294090271,0.5853855013847351,21.61164093017578,7.124340057373047,0.6792386770248413,57.25734329223633,1.1635082960128784,1.1658663749694824,173.84,1.0918402671813965,0.012873141095042229,0.05299152806401253,10.03618335723877,0.0,0.0,0.3063088655471802,1.0225518963125069e-05,0.0031282466370612383,0.7205687761306763,0.0,0.0,1.1015126705169678,0.5736788511276245,0.017360517755150795,0.2736264169216156,0.014284453354775906,0.4995437264442444,0.2965278625488281,0.02416352741420269,0.0006093507399782538,0.6915266513824463,0.9905622601509094,0.0,0.9084998965263367,0.17580042779445648,0.0005942712887190282,0.019992411136627197,0.0,0.0,0.34214916825294495,0.07121781259775162,5.924816650804132e-05,1.2884478569030762,0.0,0.0
6,5.454203128814697,0.0691428929567337,18.119909286499023,8.545714378356934,0.7644177079200745,51.21410369873047,1.1183537244796753,1.112121343612671,501.1,1.0621516704559326,0.21404306590557098,0.01874672807753086,2.188337802886963,0.0,0.0,0.3320765495300293,8.530844206688926e-05,0.0035317977890372276,0.9914263486862183,0.0,0.0,1.0117156505584717,0.5359761118888855,0.01595184952020645,0.26124307513237,0.012208564206957817,0.4748266637325287,0.30392974615097046,0.029378177598118782,0.0005430438322946429,0.7879711389541626,0.9901028871536255,0.0,0.9507274627685547,0.16395707428455353,0.0006371837807819247,0.019078364595770836,0.0,0.0,0.34156015515327454,0.09345676749944687,3.3936121326405555e-05,1.2881252765655518,0.0,0.0
7,1.4381190538406372,0.18597961962223053,12.011713981628418,8.147354125976562,0.6924024224281311,44.78091812133789,0.9891148209571838,0.9883865714073181,74.49,0.9838607907295227,0.1195417195558548,0.04127063602209091,2.7223384380340576,0.0,0.0,0.3594878613948822,0.00018011493375524879,0.0034788406919687986,0.9219595193862915,0.0,0.0,1.1225680112838745,0.5326328873634338,0.01770027168095112,0.3184373080730438,0.014264367520809174,0.5576550960540771,0.2927267551422119,0.025272119790315628,0.0005531528731808066,0.7167727947235107,0.9682928919792175,0.0,0.8780845999717712,0.18827947974205017,0.0005603443714790046,0.018782533705234528,0.0,0.0,0.34191253781318665,0.07437816262245178,8.035537757677957e-05,1.2855726480484009,0.0,0.0
8,3.6837477684020996,0.7226184606552124,15.614923477172852,4.453283309936523,0.4834640920162201,44.17824935913086,0.8668816089630127,0.867599606513977,95.46,1.043192744255066,0.0058561391197144985,0.046497587114572525,16.714385986328125,0.0,0.0,0.3202485740184784,1.2044040431646863e-06,0.0031739065889269114,0.6710900068283081,0.0,0.0,1.3367135524749756,0.41325297951698303,0.017325209453701973,0.282058984041214,0.01442741323262453,0.4859580397605896,0.2732943296432495,0.013227442279458046,0.0005672583938576281,0.5562177896499634,0.9676914811134338,0.0,0.7260594964027405,0.30203044414520264,0.0004555969499051571,0.0181121788918972,0.0,0.0,0.34698325395584106,0.02989235706627369,0.00010058272164314985,1.2858026027679443,0.0,0.0
9,4.148209095001221,0.28549301624298096,21.0526123046875,3.8133316040039062,0.7078652381896973,51.104835510253906,1.0574517250061035,1.0522651672363281,466.12,1.0227450132369995,0.09128084778785706,0.03087097965180874,5.623002529144287,0.0,0.0,0.3100169897079468,5.388188219512813e-05,0.003524776315316558,0.8622024655342102,0.0,0.0,1.0278294086456299,0.5651729106903076,0.013911901041865349,0.1677023023366928,0.008719089441001415,0.2788737714290619,0.3008052706718445,0.027937481179833412,0.0004072618030477315,0.8112054467201233,0.992241382598877,0.0,0.9557018876075745,0.163766548037529,0.0006472769309766591,0.01979411207139492,0.0,0.0,0.342785507440567,0.09502154588699341,3.4440923627698794e-05,1.2908120155334473,0.0,0.0
10,5.510272979736328,0.2927296757698059,43.95783996582031,6.082948207855225,0.41811466217041016,58.366424560546875,1.1666874885559082,1.1646029949188232,153.42,1.687415361404419,0.04709763079881668,0.018415847793221474,2.8784050941467285,0.0,0.0,0.29840049147605896,2.4228538677562028e-05,0.0035553278867155313,0.8637486100196838,0.0,0.0,1.3445403575897217,0.6276178956031799,0.02130522020161152,0.322052001953125,0.020179646089673042,0.604814350605011,0.27405691146850586,0.01043136790394783,0.0009439216810278594,0.41559624671936035,0.9968857765197754,0.0,0.7122933268547058,0.2499416619539261,0.00043024428305216134,0.01727908104658127,0.0,0.0,0.3499603271484375,0.03909984230995178,0.00018471843213774264,1.2589375972747803,0.0,0.0
11,4.769930362701416,0.13341565430164337,24.079267501831055,8.057694435119629,0.45370540022850037,51.49995040893555,1.0874649286270142,1.0912795066833496,321.44,1.332503318786621,0.12702807784080505,0.01276596449315548,3.0152814388275146,0.0,0.0,0.320239394903183,6.926392234163359e-05,0.004367451183497906,0.9442055821418762,0.0,0.0,1.2897900342941284,0.43522197008132935,0.022609999403357506,0.4215148687362671,0.021701928228139877,0.7998025417327881,0.2736318111419678,0.01146615855395794,0.0009128571837209165,0.4456501305103302,0.9836031198501587,0.0,0.734297513961792,0.2642991542816162,0.0004713170637842268,0.01693015731871128,0.0,0.0,0.34785282611846924,0.06095384061336517,8.340110071003437e-05,1.289424180984497,0.0,0.0
12,2.5918128490448,0.41344282031059265,39.401187896728516,2.158202886581421,0.7750921845436096,47.76630401611328,1.1223360300064087,1.1167675256729126,444.28,1.044032096862793,0.03674669936299324,0.058809421956539154,6.93803596496582,0.0,0.0,0.31566327810287476,7.314636604860425e-05,0.002190429251641035,0.7954518795013428,0.0,0.0,0.9273852705955505,0.5055604577064514,0.010601591318845749,0.10625001043081284,0.004660360049456358,0.1540287286043167,0.3093282878398895,0.03456199914216995,0.00019684020662680268,0.9602813720703125,1.001265525817871,0.0,1.0914431810379028,0.13796885311603546,0.0006906430353410542,0.022098693996667862,0.0,0.0,0.33858722448349,0.08803310245275497,9.749652963364497e-05,1.2462947368621826,0.0,0.0
13,5.249622821807861,0.14027397334575653,24.48798179626465,2.359605073928833,0.692805290222168,43.903282165527344,0.9975435733795166,0.9932662844657898,431.69,0.9930505156517029,0.15448571741580963,0.02173929288983345,3.3682193756103516,0.0,0.0,0.3244302272796631,7.718255801592022e-05,0.0038518833462148905,0.9445186853408813,0.0,0.0,0.9827795624732971,0.5791162252426147,0.013040987774729729,0.12411665916442871,0.006881664972752333,0.19039417803287506,0.30188900232315063,0.028119774535298347,0.00033596219145692885,0.8316372632980347,0.9972237944602966,0.0,0.9546463489532471,0.16806654632091522,0.0006509274244308472,0.019467175006866455,0.0,0.0,0.34378767013549805,0.09488478302955627,3.659658977994695e-05,1.2839703559875488,0.0,0.0
14,4.635166645050049,0.888916015625,24.547807693481445,8.836847305297852,0.43660929799079895,79.95439147949219,1.0720328092575073,1.0739549398422241,166.95,1.361559510231018,0.004578322172164917,0.03848835080862045,9.324687004089355,0.0,0.0,0.35348954796791077,1.0547244528424926e-05,0.0016993902390822768,0.6068564653396606,0.0,0.0,1.3609212636947632,0.5978058576583862,0.022956686094403267,0.4624280035495758,0.024200908839702606,0.8731789588928223,0.26978549361228943,0.010002662427723408,0.0009144179057329893,0.42642319202423096,0.9852206707000732,0.0,0.7628040313720703,0.21883703768253326,0.0004539203364402056,0.01849115826189518,0.0,0.0,0.3458501994609833,0.031947456300258636,0.00014459890371654183,1.2735618352890015,0.0,0.0
15,4.941425800323486,0.6239233016967773,21.18636703491211,7.1680450439453125,0.6142702102661133,45.874027252197266,1.0864816904067993,1.0840973854064941,202.43,1.0602134466171265,0.010091003961861134,0.04119100421667099,15.066740036010742,0.0,0.0,0.2999737858772278,9.129991553891159e-07,0.0030647730454802513,0.7053143978118896,0.0,0.0,1.1728806495666504,0.48568305373191833,0.018400967121124268,0.31477826833724976,0.016082854941487312,0.5774551033973694,0.28898197412490845,0.019315483048558235,0.0006647331756539643,0.6204284429550171,0.982903003692627,0.0,0.8148760795593262,0.24031266570091248,0.0005230874521657825,0.019078446552157402,0.0,0.0,0.3438299000263214,0.0472930371761322,0.00010896738967858255,1.283248782157898,0.0,0.0
16,5.729885101318359,0.612848162651062,17.54975128173828,8.1680269241333,0.6030019521713257,52.927799224853516,0.9876481890678406,0.990124523639679,253.23,1.0596015453338623,0.010748111642897129,0.04046346992254257,14.111952781677246,0.0,0.0,0.29806986451148987,9.0899413862644e-07,0.0029348472598940134,0.7116523385047913,0.0,0.0,1.183799147605896,0.4514698088169098,0.018734829500317574,0.360941618680954,0.017530817538499832,0.6757605671882629,0.28467193245887756,0.017135681584477425,0.0006733122281730175,0.6082605719566345,0.9863938689231873,0.0,0.8154470324516296,0.24497275054454803,0.0005207593785598874,0.0191293153911829,0.0,0.0,0.3436158001422882,0.0468246191740036,0.00010200539691140875,1.2861671447753906,0.0,0.0
17,1.6569671630859375,0.3235465884208679,13.922401428222656,3.9744741916656494,0.6514706015586853,57.00373077392578,0.9333080053329468,0.932918131351471,44.78,0.8910109400749207,0.06499836593866348,0.056902263313531876,6.175065517425537,0.0,0.0,0.3373238146305084,0.000125041653518565,0.00359037471935153,0.8432462215423584,0.0,0.0,1.036988377571106,0.4754275381565094,0.014592633582651615,0.19907048344612122,0.01015251874923706,0.33591437339782715,0.2915310263633728,0.022814348340034485,0.000429689564043656,0.7455847263336182,0.9815452098846436,0.0,0.9056822657585144,0.20758941769599915,0.0005907632294110954,0.01966988854110241,0.0,0.0,0.3424985706806183,0.07524489611387253,8.12909274827689e-05,1.2718737125396729,0.0,0.0
18,1.6438348293304443,0.9681780338287354,29.047569274902344,6.655829429626465,0.43954694271087646,47.46729278564453,1.1283667087554932,1.1296128034591675,97.76,0.9692088961601257,0.015095217153429985,0.07581187039613724,14.92087173461914,0.0,0.0,0.3875381350517273,7.798369188094512e-05,0.00390757666900754,0.5845111608505249,0.0,0.0,1.2311722040176392,0.44643473625183105,0.02104363590478897,0.3534718453884125,0.020102741196751595,0.6686965823173523,0.27500900626182556,0.011435873806476593,0.0008948048925958574,0.43687403202056885,0.9827690124511719,0.0,0.7210440635681152,0.2671721279621124,0.0004496418114285916,0.017578132450580597,0.0,0.0,0.349199116230011,0.03564853221178055,0.0001340211892966181,1.2751339673995972,0.0,0.0
19,4.0463128089904785,0.654396653175354,20.048906326293945,3.104543447494507,0.7424294948577881,58.77070617675781,0.9897672533988953,0.9910396933555603,129.72,0.8819761872291565,0.0015902065206319094,0.05765732005238533,13.048978805541992,0.0,0.0,0.30457833409309387,6.727764798597491e-07,0.002969661494717002,0.6907349228858948,0.0,0.0,1.011101245880127,0.5423173308372498,0.011838806793093681,0.13338185846805573,0.006833613384515047,0.2084890455007553,0.3029489815235138,0.029243135824799538,0.0003150820848532021,0.8828599452972412,0.996151864528656,0.0,0.978223979473114,0.16139355301856995,0.0006607330869883299,0.021094422787427902,0.0,0.0,0.34189948439598083,0.08935685455799103,4.933975651510991e-05,1.2890304327011108,0.0,0.0
20,5.179391384124756,0.9484699368476868,21.842370986938477,8.67886734008789,0.6791210770606995,59.87709045410156,1.1362906694412231,1.1401007175445557,294.1,1.0458695888519287,0.016394631937146187,0.05017375200986862,14.156512260437012,0.0,0.0,0.3627626895904541,4.257174441590905e-05,0.0018399689579382539,0.5855414867401123,0.0,0.0,1.1056798696517944,0.5608607530593872,0.018156850710511208,0.31716302037239075,0.016068238765001297,0.5858542919158936,0.2945857644081116,0.023200200870633125,0.0006552073755301535,0.670690655708313,0.9904456734657288,0.0,0.922100305557251,0.15888580679893494,0.000591373594943434,0.019999751821160316,0.0,0.0,0.3418968617916107,0.0721982941031456,6.091901013860479e-05,1.2866123914718628,0.0,0.0
21,1.4233280420303345,0.12939497828483582,21.99584197998047,1.6463778018951416,0.6376975774765015,43.81363296508789,0.9231923818588257,0.9231502413749695,4.94,0.8742836713790894,0.15409590303897858,0.04371541738510132,2.5550923347473145,0.0,0.0,0.3842694163322449,0.00021293159807100892,0.003465724876150489,0.9442542791366577,0.0,0.0,0.9915417432785034,0.6168782711029053,0.013538993895053864,0.11432656645774841,0.006654016673564911,0.16310687363147736,0.2961678206920624,0.026042727753520012,0.0003072928811889142,0.7862878441810608,0.9867647290229797,0.0,0.9178189635276794,0.16735713183879852,0.0006259910296648741,0.01866183988749981,0.0,0.0,0.3450227379798889,0.09572619199752808,3.147259121760726e-05,1.2854892015457153,0.0,0.0
22,2.6956372261047363,0.566680371761322,16.151592254638672,7.63450813293457,0.6581384539604187,44.51258087158203,1.0529991388320923,1.0492005348205566,343.83,0.9743394255638123,0.014843599870800972,0.055869340896606445,12.703413009643555,0.0,0.0,0.30871638655662537,2.539690103731118e-05,0.0031652962788939476,0.7297185659408569,0.0,0.0,1.1391090154647827,0.4501788914203644,0.01755077950656414,0.31083089113235474,0.015216573141515255,0.5682282447814941,0.29114416241645813,0.02143082767724991,0.0006162673817016184,0.6732090711593628,0.9827969670295715,0.0,0.8554515242576599,0.2232833206653595,0.0005492088384926319,0.01952102780342102,0.0,0.0,0.34270167350769043,0.051563043147325516,9.703030809760094e-05,1.2863128185272217,0.0,0.0
23,2.0608954429626465,0.25918567180633545,10.462916374206543,6.7865309715271,0.5572584867477417,42.96023178100586,0.840041995048523,0.8409482836723328,128.29,1.261940360069275,0.06942078471183777,0.031305983662605286,3.3865013122558594,0.0,0.0,0.3322980999946594,0.0001253566879313439,0.00365823763422668,0.8825226426124573,0.0,0.0,1.356670618057251,0.4503024220466614,0.019400978460907936,0.36466819047927856,0.016693318262696266,0.6272954940795898,0.2772599458694458,0.01710391230881214,0.0005940203554928303,0.5978782773017883,0.9609671235084534,0.0,0.7528254985809326,0.24838845431804657,0.0004587005532812327,0.017556339502334595,0.0,0.0,0.344180703163147,0.037379954010248184,0.0001091039230232127,1.2837456464767456,0.0,0.0
24,2.916914939880371,0.5729544758796692,28.912473678588867,2.9945380687713623,0.7938849925994873,55.82685852050781,1.1348178386688232,1.134254813194275,43.74,1.0213764905929565,0.007608065847307444,0.06345940381288528,8.423392295837402,0.0,0.0,0.30782148241996765,2.272649908263702e-05,0.0026716026477515697,0.7220184803009033,0.0,0.0,0.9900994300842285,0.5098724961280823,0.011185390874743462,0.11170155555009842,0.005490017589181662,0.17183518409729004,0.31076404452323914,0.0356031209230423,0.00026823588996194303,0.9543673396110535,1.0106992721557617,0.0,1.0661427974700928,0.1132005900144577,0.0007254527299664915,0.021197181195020676,0.0,0.0,0.3406602144241333,0.09617975354194641,2.066969682346098e-05,1.297626256942749,0.0,0.0
25,2.1883020401000977,0.7627848386764526,23.266286849975586,3.899005174636841,0.4133214056491852,55.849525451660156,0.9792274832725525,0.9780954122543335,118.2,1.0604972839355469,0.005033374764025211,0.060385048389434814,12.176250457763672,0.0,0.0,0.34177130460739136,1.2353112651908305e-05,0.003505132859572768,0.6598469018936157,0.0,0.0,1.2818433046340942,0.5303255319595337,0.017962900921702385,0.2605839669704437,0.014824623242020607,0.4527272880077362,0.2717354893684387,0.011640173383057117,0.0006576263695023954,0.48473039269447327,0.9744288921356201,0.0,0.7430654168128967,0.25550323724746704,0.0004792092659045011,0.018251808360219002,0.0,0.0,0.3497457802295685,0.039119161665439606,8.644890476716682e-05,1.29024076461792,0.0,0.0
26,4.0463128089904785,0.654396653175354,20.048906326293945,3.104543447494507,0.7424294948577881,58.77070617675781,0.9897672533988953,0.9910396933555603,129.72,0.8819761872291565,0.0015902065206319094,0.05765732005238533,13.048978805541992,0.0,0.0,0.30457833409309387,6.727764798597491e-07,0.002969661494717002,0.6907349228858948,0.0,0.0,1.011101245880127,0.5423173308372498,0.011838806793093681,0.13338185846805573,0.006833613384515047,0.2084890455007553,0.3029489815235138,0.029243135824799538,0.0003150820848532021,0.8828599452972412,0.996151864528656,0.0,0.978223979473114,0.16139355301856995,0.0006607330869883299,0.021094422787427902,0.0,0.0,0.34189948439598083,0.08935685455799103,4.933975651510991e-05,1.2890304327011108,0.0,0.0
27,1.2504910230636597,0.22962546348571777,13.812837600708008,4.17821741104126,0.45878365635871887,52.356361389160156,0.8734763264656067,0.8737208843231201,32.04,1.0859733819961548,0.06667034327983856,0.03885539248585701,3.3852343559265137,0.0,0.0,0.3561665117740631,0.00019003584748134017,0.004110532347112894,0.8989021182060242,0.0,0.0,1.2757104635238647,0.40668636560440063,0.017988216131925583,0.27991583943367004,0.014222324825823307,0.47324472665786743,0.2713618278503418,0.013383896090090275,0.0005683904164470732,0.5391552448272705,0.9616332054138184,0.0,0.7419502139091492,0.2779214680194855,0.00046528931125067174,0.0174338947981596,0.0,0.0,0.34661054611206055,0.04285527765750885,0.00012978518498130143,1.276330828666687,0.0,0.0
28,2.949601173400879,0.36001724004745483,16.11972999572754,7.401978492736816,0.5851218104362488,57.68478012084961,1.0169349908828735,1.018555760383606,156.47,1.104749321937561,0.0502941831946373,0.035964690148830414,6.708234786987305,0.0,0.0,0.3110381066799164,5.5577482271473855e-05,0.0035436570178717375,0.8270300626754761,0.0,0.0,1.1673109531402588,0.41310927271842957,0.019173696637153625,0.3472481667995453,0.017001541331410408,0.6364607810974121,0.28388577699661255,0.01754467375576496,0.0006752853514626622,0.5958999395370483,0.9784823060035706,0.0,0.8237979412078857,0.24032437801361084,0.0005237559671513736,0.01878553070127964,0.0,0.0,0.34327074885368347,0.052840955555438995,0.0001150993921328336,1.2784641981124878,0.0,0.0
29,4.562739849090576,0.23190484941005707,17.133207321166992,3.1193110942840576,0.7335471510887146,47.773681640625,0.9152681827545166,0.9112895131111145,477.02,1.2059462070465088,0.109650157392025,0.024348588660359383,3.586104393005371,0.0,0.0,0.31266269087791443,5.187024726183154e-05,0.0030629760585725307,0.8929316997528076,0.0,0.0,1.0495706796646118,0.5438740253448486,0.013105201534926891,0.13925141096115112,0.006666242610663176,0.21909940242767334,0.3015423119068146,0.03013012930750847,0.0002922675048466772,0.8756095170974731,0.9910237193107605,0.0,1.0416853427886963,0.11755406111478806,0.0006894566467963159,0.02053389884531498,0.0,0.0,0.3426842987537384,0.0948702022433281,3.6972443922422826e-05,1.2897332906723022,0.0,0.0
30,3.4500796794891357,0.6878788471221924,28.685672760009766,3.533494472503662,0.5247418880462646,45.9343376159668,1.0745590925216675,1.0738338232040405,62.85,1.0810245275497437,0.005400598514825106,0.0517536960542202,12.633068084716797,0.0,0.0,0.3191514015197754,1.4722918422194198e-06,0.003441241104155779,0.6811038851737976,0.0,0.0,1.1480284929275513,0.5558629035949707,0.016734935343265533,0.2102152705192566,0.012639256194233894,0.3612416386604309,0.285636305809021,0.017334183678030968,0.000578633975237608,0.5880463719367981,0.986225962638855,0.0,0.7982356548309326,0.2414243519306183,0.0005138017004355788,0.01915368251502514,0.0,0.0,0.3471951186656952,0.043180178850889206,0.0001453513978049159,1.2725155353546143,0.0,0.0
31,2.729553699493408,0.17044995725154877,18.6589412689209,3.081514835357666,0.5018005967140198,47.96328353881836,0.9269647598266602,0.9306936860084534,432.23,1.005932092666626,0.11212126165628433,0.025352654978632927,3.492079496383667,0.0,0.0,0.3459800183773041,0.00013587099965661764,0.004300020169466734,0.926588237285614,0.0,0.0,1.1457607746124268,0.4659474492073059,0.0164016243070364,0.20677293837070465,0.011534593999385834,0.34752407670021057,0.28001365065574646,0.016189495101571083,0.0005135035025887191,0.5946447253227234,0.9799624681472778,0.0,0.8006399273872375,0.24554535746574402,0.0005309805856086314,0.01796560548245907,0.0,0.0,0.34733980894088745,0.07475071400403976,6.330519681796432e-05,1.2850874662399292,0.0,0.0
32,2.321403980255127,0.5139807462692261,17.521320343017578,5.904425144195557,0.5975101590156555,44.88331985473633,1.0405359268188477,1.0417237281799316,109.58,0.965454638004303,0.018997814506292343,0.056613191962242126,11.025369644165039,0.0,0.0,0.3137396275997162,3.9810165617382154e-05,0.0036162370815873146,0.7525544762611389,0.0,0.0,1.1407244205474854,0.4503518044948578,0.01761307381093502,0.28565311431884766,0.01457348745316267,0.5154220461845398,0.28679394721984863,0.019016359001398087,0.0006062283064238727,0.6313109993934631,0.9806880354881287,0.0,0.8452213406562805,0.22770200669765472,0.0005480829277075827,0.019374888390302658,0.0,0.0,0.3443058133125305,0.05459360033273697,8.36459657875821e-05,1.2864264249801636,0.0,0.0
33,1.7548346519470215,0.5930759310722351,36.28470993041992,4.707234859466553,0.5158132314682007,48.269378662109375,1.1830511093139648,1.1846946477890015,117.27,1.171664834022522,0.00710285222157836,0.06339266896247864,9.205293655395508,0.0,0.0,0.32654812932014465,5.161401713849045e-05,0.003687096294015646,0.7201504707336426,0.0,0.0,1.122784972190857,0.4853357672691345,0.018133176490664482,0.24719029664993286,0.015328199602663517,0.4488295912742615,0.2855027914047241,0.016172228381037712,0.0007197541417554021,0.5396360158920288,0.9932136535644531,0.0,0.7938366532325745,0.24756689369678497,0.0004911550786346197,0.01901937462389469,0.0,0.0,0.346866637468338,0.03764592483639717,0.00020897990907542408,1.2518831491470337,0.0,0.0
34,2.8508541584014893,0.10048940777778625,31.131818771362305,7.982265472412109,0.4098241925239563,51.16126251220703,1.1493905782699585,1.1506723165512085,96.91,1.4064048528671265,0.10613961517810822,0.011344977654516697,2.117732286453247,0.0,0.0,0.35023871064186096,0.00013402753393165767,0.004884383641183376,0.9651589393615723,0.0,0.0,1.2903691530227661,0.42270147800445557,0.023205989971756935,0.41474446654319763,0.023273667320609093,0.7981020212173462,0.2713199257850647,0.009529628790915012,0.0010536733316257596,0.38961920142173767,0.989177405834198,0.0,0.6987395882606506,0.2833263874053955,0.00043948431266471744,0.01641455665230751,0.0,0.0,0.349536269903183,0.05200330540537834,0.0001277215196751058,1.2768337726593018,0.0,0.0
35,4.901872158050537,0.5546125173568726,18.56290626525879,9.031733512878418,0.4714982509613037,47.31488037109375,0.9928486347198486,0.9934942126274109,65.45,1.1748912334442139,0.016767406836152077,0.03204238414764404,12.708001136779785,0.0,0.0,0.2955720126628876,1.054444055625936e-06,0.00334728485904634,0.7368363738059998,0.0,0.0,1.3531429767608643,0.34906792640686035,0.02194112353026867,0.46582505106925964,0.022528761997818947,0.880241870880127,0.27040645480155945,0.010415247641503811,0.0008498978568241,0.4724116623401642,0.9764053225517273,0.0,0.7160467505455017,0.31082940101623535,0.000446411402663216,0.0177263543009758,0.0,0.0,0.34644246101379395,0.0327058844268322,9.38522134674713e-05,1.2886347770690918,0.0,0.0
36,1.9710643291473389,0.1458972990512848,13.000005722045898,7.309472560882568,0.6358079314231873,45.09172821044922,0.9792117476463318,0.9795356392860413,33.77,1.0422828197479248,0.1239442452788353,0.029612164944410324,2.4904978275299072,0.0,0.0,0.35736995935440063,0.00017778141773305833,0.003774269251152873,0.9422274231910706,0.0,0.0,1.1661999225616455,0.4725162982940674,0.018430562689900398,0.3258505165576935,0.015178123489022255,0.5782896280288696,0.2878531515598297,0.021635759621858597,0.000596004247199744,0.6614169478416443,0.9720020294189453,0.0,0.8347116708755493,0.21328136324882507,0.0005327357794158161,0.018183011561632156,0.0,0.0,0.34296008944511414,0.06858864426612854,8.76776612130925e-05,1.2849338054656982,0.0,0.0
37,5.4704790115356445,0.42607203125953674,27.066394805908203,3.645303964614868,0.6985836029052734,54.472938537597656,1.1166737079620361,1.119725227355957,244.05,1.2680726051330566,0.042556412518024445,0.03371196612715721,6.551767826080322,0.0,0.0,0.2918001115322113,1.1233809345867485e-05,0.0031903227791190147,0.7945778369903564,0.0,0.0,1.0858078002929688,0.5759478807449341,0.014402203261852264,0.1639528125524521,0.009006145410239697,0.27371540665626526,0.30182135105133057,0.028359655290842056,0.0004153921618126333,0.7964420914649963,1.0000190734863281,0.0,0.9507327675819397,0.1464860886335373,0.0006351734627969563,0.020005812868475914,0.0,0.0,0.34306520223617554,0.09562729299068451,3.735947757377289e-05,1.2936675548553467,0.0,0.0
38,4.315026760101318,0.223384290933609,24.899044036865234,3.6777796745300293,0.5540239214897156,73.51725769042969,1.051236629486084,1.0482293367385864,272.91,1.534346103668213,0.11559347808361053,0.01917736977338791,2.3769493103027344,0.0,0.0,0.3189921975135803,9.5837123808451e-05,0.00334930676035583,0.8908050656318665,0.0,0.0,1.2014588117599487,0.6637228727340698,0.01754445768892765,0.21396173536777496,0.012129443697631359,0.3661087155342102,0.2878988981246948,0.020282236859202385,0.0005389113212004304,0.6210389137268066,0.9909703731536865,0.0,0.8656924366950989,0.16358640789985657,0.0005640859017148614,0.018690986558794975,0.0,0.0,0.34567031264305115,0.09163980185985565,6.383362779160962e-05,1.2852985858917236,0.0,0.0
39,3.9928643703460693,0.5406312942504883,39.51823806762695,2.9976532459259033,0.6919229626655579,46.64421081542969,1.1925760507583618,1.192737102508545,11.32,1.237492561340332,0.010989555157721043,0.04584212973713875,9.231534004211426,0.0,0.0,0.2985629439353943,8.893886842997745e-06,0.0026294621638953686,0.7410255670547485,0.0,0.0,0.9908846020698547,0.5819531679153442,0.01344742439687252,0.1465919464826584,0.008418076671659946,0.23927505314350128,0.3024473488330841,0.027592260390520096,0.0003804076404776424,0.8028805255889893,1.0028079748153687,0.0,0.9679110050201416,0.17952625453472137,0.0005928429309278727,0.021328940987586975,0.0,0.0,0.34060531854629517,0.05476891249418259,0.00020893810142297298,1.2341060638427734,0.0,0.0
40,1.3725312948226929,0.10856940597295761,26.167009353637695,2.932950735092163,0.6820018291473389,52.1292839050293,1.1198502779006958,1.1210014820098877,91.7,1.2449405193328857,0.159531369805336,0.03415851667523384,1.035212755203247,0.0,0.0,0.39022567868232727,0.0002503646828699857,0.0033396610524505377,0.9545380473136902,0.0,0.0,1.0684102773666382,0.5865593552589417,0.014753135852515697,0.14756453037261963,0.008397436700761318,0.23689840734004974,0.3008915185928345,0.030174657702445984,0.0003832369693554938,0.7963320016860962,1.003796935081482,0.0,0.9103724360466003,0.12413305789232254,0.0006073600961826742,0.01773127354681492,0.0,0.0,0.34350863099098206,0.0961863100528717,2.3097194571164437e-05,1.2928509712219238,0.0,0.0
41,5.379541397094727,0.006654609460383654,15.19869613647461,5.623310089111328,0.563919723033905,58.1795539855957,0.9381898045539856,0.9379532933235168,26.88,1.1578974723815918,0.22773045301437378,0.010998385027050972,0.9520169496536255,0.0,0.0,0.3462051749229431,0.0001307810452999547,0.00400114431977272,1.017276406288147,0.0,0.0,1.1679083108901978,0.4428735375404358,0.01825941540300846,0.30133187770843506,0.014454157091677189,0.5348872542381287,0.2827456295490265,0.017677314579486847,0.0005825883708894253,0.6129366159439087,0.9766010046005249,0.0,0.8159840106964111,0.2363070547580719,0.0005241703474894166,0.017730580642819405,0.0,0.0,0.34460318088531494,0.08141119033098221,9.291018795920536e-05,1.2761833667755127,0.0,0.0
42,5.828327655792236,0.9362586140632629,24.308202743530273,3.7439157962799072,0.4128524661064148,53.95399475097656,0.9220095872879028,0.9194989800453186,296.14,1.114582896232605,0.017590196803212166,0.039036497473716736,13.811570167541504,0.0,0.0,0.37578555941581726,9.828874317463487e-05,0.0022188276052474976,0.5988013744354248,0.0,0.0,1.2962158918380737,0.6126652956008911,0.017621442675590515,0.25723791122436523,0.01427057571709156,0.4436981678009033,0.2703898847103119,0.011529147624969482,0.0006310769822448492,0.492944598197937,0.9752534031867981,0.0,0.7755239605903625,0.219953715801239,0.0004958237987011671,0.018415946513414383,0.0,0.0,0.34995970129966736,0.048096731305122375,7.876369636505842e-05,1.2907320261001587,0.0,0.0
43,1.3053042888641357,0.6475805640220642,26.586441040039062,4.850858688354492,0.588295042514801,43.09844207763672,1.163702368736267,1.1637822389602661,5.9,0.9014843106269836,0.0065825385972857475,0.08359192311763763,12.874674797058105,0.0,0.0,0.3338051438331604,7.021667261142284e-05,0.003729792544618249,0.6921807527542114,0.0,0.0,1.0708727836608887,0.48121413588523865,0.017180515453219414,0.23817548155784607,0.013653481379151344,0.42513877153396606,0.2909785211086273,0.02010755054652691,0.0006232256419025362,0.6236169934272766,0.9861636757850647,0.0,0.8395557999610901,0.2276533991098404,0.0005426585557870567,0.019429253414273262,0.0,0.0,0.34516388177871704,0.05066196992993355,0.00010849811224034056,1.2723119258880615,0.0,0.0
44,5.601210594177246,0.8606566190719604,20.327678680419922,4.043246746063232,0.6180157661437988,42.18693923950195,0.9684229493141174,0.9648786187171936,379.31,0.8955920338630676,0.01581682451069355,0.04816392809152603,23.311065673828125,0.0,0.0,0.34065312147140503,3.428260242799297e-05,0.002554826671257615,0.6177998185157776,0.0,0.0,1.1127675771713257,0.5002065896987915,0.015254613012075424,0.20922772586345673,0.011007237248122692,0.3645554184913635,0.28977060317993164,0.020387979224324226,0.0004817379522137344,0.6961875557899475,0.9861289858818054,0.0,0.8663015961647034,0.21563531458377838,0.0005623376928269863,0.01966218650341034,0.0,0.0,0.34474194049835205,0.05907389521598816,8.386451372643933e-05,1.2846322059631348,0.0,0.0
45,4.3783278465271,0.40842291712760925,28.257997512817383,5.815628528594971,0.46031343936920166,50.01051330566406,1.0933387279510498,1.0942320823669434,74.67,1.354668140411377,0.03657913580536842,0.027320213615894318,6.3999176025390625,0.0,0.0,0.2992781400680542,3.629313368946896e-06,0.003917762078344822,0.802685022354126,0.0,0.0,1.2718043327331543,0.5004788041114807,0.020220503211021423,0.3216525912284851,0.017992205917835236,0.5936746597290039,0.27720049023628235,0.01291663758456707,0.0007930010906420648,0.474778413772583,0.9848166108131409,0.0,0.7410433292388916,0.2627558410167694,0.00047229937626980245,0.017840679734945297,0.0,0.0,0.3484114110469818,0.04476066678762436,0.0001171832118416205,1.2808259725570679,0.0,0.0
46,2.122929334640503,0.6427930593490601,17.11808967590332,9.745266914367676,0.6284274458885193,52.58784103393555,1.1028883457183838,1.1020760536193848,66.83,0.976966381072998,0.01009571086615324,0.06504633277654648,13.072699546813965,0.0,0.0,0.31963014602661133,2.7444093575468287e-05,0.0031799194402992725,0.701477587223053,0.0,0.0,1.1467126607894897,0.44622528553009033,0.019942332059144974,0.384230375289917,0.0188562273979187,0.7178899049758911,0.2878037393093109,0.01911471225321293,0.0007337068673223257,0.6075855493545532,0.9808714985847473,0.0,0.8392070531845093,0.2247270941734314,0.000536163744982332,0.01926613599061966,0.0,0.0,0.34257903695106506,0.04882538691163063,9.396442328579724e-05,1.286008596420288,0.0,0.0
47,5.378062725067139,0.06628241389989853,18.192895889282227,5.222072601318359,0.4287067949771881,49.73772048950195,0.9211872816085815,0.9226785898208618,175.46,1.2458444833755493,0.15731209516525269,0.012228116393089294,2.1868443489074707,0.0,0.0,0.33061492443084717,0.00010190736793447286,0.00422397768124938,0.9843081831932068,0.0,0.0,1.3431395292282104,0.41786831617355347,0.019589541479945183,0.33391043543815613,0.01650211028754711,0.5912203192710876,0.2698344588279724,0.011342070996761322,0.0006861044093966484,0.48882564902305603,0.9684062600135803,0.0,0.7317982316017151,0.2773998975753784,0.00046928448136895895,0.016946211457252502,0.0,0.0,0.34876784682273865,0.058654699474573135,8.840832742862403e-05,1.2894750833511353,0.0,0.0
48,5.135667324066162,0.9442301392555237,20.702646255493164,8.705928802490234,0.6348696351051331,46.68479537963867,1.092327356338501,1.0905107259750366,152.5,0.9184554219245911,0.02077765390276909,0.04942461848258972,20.710081100463867,0.0,0.0,0.3631344139575958,6.049077637726441e-05,0.002366580069065094,0.5858920812606812,0.0,0.0,1.1137670278549194,0.5059649348258972,0.01887606829404831,0.34760957956314087,0.01731397584080696,0.6506229043006897,0.2892836332321167,0.019673015922307968,0.0007089857244864106,0.6229844093322754,0.9853970408439636,0.0,0.8662379384040833,0.20304694771766663,0.0005535866948775947,0.01943919062614441,0.0,0.0,0.3430399000644684,0.05829032510519028,7.877223106333986e-05,1.2834649085998535,0.0,0.0
49,1.5814660787582397,0.7262557744979858,13.608647346496582,7.724822521209717,0.6835909485816956,51.603302001953125,1.0192171335220337,1.0163474082946777,277.03,0.826154351234436,0.006969005335122347,0.08739472925662994,15.0789213180542,0.0,0.0,0.3323279619216919,4.7777339204913005e-05,0.0031462921760976315,0.6654581427574158,0.0,0.0,1.0608755350112915,0.4645981192588806,0.01645267941057682,0.29893040657043457,0.014500914141535759,0.5515932440757751,0.2921462655067444,0.022024426609277725,0.000575232959818095,0.7077493667602539,0.987908124923706,0.0,0.8990545868873596,0.20598356425762177,0.0005805854452773929,0.020212851464748383,0.0,0.0,0.34182706475257874,0.05606401339173317,7.756332342978567e-05,1.2837220430374146,0.0,0.0
50,5.500818252563477,0.7896744012832642,19.423097610473633,4.189932346343994,0.5258018374443054,59.24200439453125,0.9189236760139465,0.9192349910736084,36.85,1.3487474918365479,0.007742026820778847,0.03856518864631653,10.74028491973877,0.0,0.0,0.3298041522502899,1.57001140905777e-05,0.0024575209245085716,0.6431626677513123,0.0,0.0,1.2461984157562256,0.6537630558013916,0.01729429140686989,0.25351378321647644,0.013364983722567558,0.43559953570365906,0.27976199984550476,0.016191832721233368,0.0005329856649041176,0.5958119630813599,0.9788458943367004,0.0,0.8356331586837769,0.1896480768918991,0.0005270163528621197,0.01917249709367752,0.0,0.0,0.34568074345588684,0.056192509829998016,0.00010420810576761141,1.2824864387512207,0.0,0.0
51,5.134428024291992,0.469888299703598,18.036815643310547,1.9987711906433105,0.6555408239364624,44.47318649291992,0.8116992712020874,0.813532829284668,277.67,0.8938916325569153,0.02948611229658127,0.040292929857969284,12.215889930725098,0.0,0.0,0.29252609610557556,4.3899549382331315e-06,0.0033063977025449276,0.7773844003677368,0.0,0.0,1.0468086004257202,0.5822792649269104,0.012604198418557644,0.1245814710855484,0.006748317740857601,0.1835423856973648,0.2944811284542084,0.023747805505990982,0.00029906051349826157,0.8057398200035095,0.9831343293190002,0.0,0.9478923082351685,0.18912753462791443,0.0006376280216500163,0.02074899524450302,0.0,0.0,0.34448516368865967,0.08750481903553009,5.310893902787939e-05,1.288197636604309,0.0,0.0
52,5.61317777633667,0.24015431106090546,29.107717514038086,6.606964588165283,0.5513744950294495,45.557830810546875,1.1626688241958618,1.163689136505127,75.41,1.31596839427948,0.07644082605838776,0.02386355958878994,4.457252502441406,0.0,0.0,0.3016156256198883,4.1585768485674635e-05,0.0038514232728630304,0.8876173496246338,0.0,0.0,1.1567530632019043,0.4634779393672943,0.019897770136594772,0.30940738320350647,0.01735687628388405,0.5820580720901489,0.2869618535041809,0.01722407341003418,0.000777039909735322,0.5433516502380371,0.9930225610733032,0.0,0.7953041195869446,0.24497546255588531,0.0005044767167419195,0.01823335886001587,0.0,0.0,0.3456296920776367,0.056271232664585114,0.0001392574777128175,1.2677910327911377,0.0,0.0
53,2.2878715991973877,0.2707515060901642,23.417192459106445,7.073955059051514,0.48249754309654236,48.4968147277832,1.1030076742172241,1.1025421619415283,38.28,1.1507011651992798,0.06377100944519043,0.031833648681640625,4.6891279220581055,0.0,0.0,0.3304039537906647,9.261599188903347e-05,0.004450893495231867,0.8724080324172974,0.0,0.0,1.2318035364151,0.4249313175678253,0.021184885874390602,0.36809107661247253,0.019513767212629318,0.6881255507469177,0.2772933542728424,0.013406486250460148,0.0008446582360193133,0.48000043630599976,0.980988085269928,0.0,0.7489772439002991,0.2648960053920746,0.0004823632480110973,0.017410438507795334,0.0,0.0,0.34712842106819153,0.05451246351003647,9.180682536680251e-05,1.2852528095245361,0.0,0.0
54,3.534810781478882,0.2103453427553177,24.922304153442383,3.301313877105713,0.5848294496536255,50.82422637939453,1.060528039932251,1.0668892860412598,562.21,1.5405291318893433,0.10297985374927521,0.01975308731198311,1.8320895433425903,0.0,0.0,0.32943907380104065,0.00010562828538240865,0.0034757715184241533,0.9016331434249878,0.0,0.0,1.2013211250305176,0.6484532952308655,0.017138155177235603,0.19028784334659576,0.011131017468869686,0.31909430027008057,0.29112371802330017,0.022793378680944443,0.0004839574103243649,0.665729284286499,0.9977484941482544,0.0,0.8554518818855286,0.14240626990795135,0.000553646357730031,0.017796101048588753,0.0,0.0,0.3457183241844177,0.09523466974496841,5.147981573827565e-05,1.2880483865737915,0.0,0.0
55,3.4436287879943848,0.48987871408462524,25.121776580810547,7.307994842529297,0.40103647112846375,48.00022888183594,1.0633758306503296,1.0646628141403198,113.68,1.2603689432144165,0.021049797534942627,0.03235465660691261,8.952997207641602,0.0,0.0,0.3041633665561676,1.0874446161324158e-06,0.004101850558072329,0.7666007876396179,0.0,0.0,1.3620213270187378,0.371198832988739,0.021823078393936157,0.4112880825996399,0.021724868565797806,0.7714583277702332,0.26808813214302063,0.008890756405889988,0.0009172636782750487,0.4100208580493927,0.9753165245056152,0.0,0.6782845258712769,0.32896992564201355,0.00042583938920870423,0.017162885516881943,0.0,0.0,0.34949201345443726,0.03140578791499138,0.00010845142242033035,1.2836503982543945,0.0,0.0
56,1.9484400749206543,0.6862516403198242,28.08650016784668,3.417806625366211,0.6606816053390503,43.63798141479492,1.1493606567382812,1.150716781616211,102.54,0.8684514164924622,0.005639972165226936,0.0830429196357727,14.069465637207031,0.0,0.0,0.32768765091896057,4.778214861289598e-05,0.003173595992848277,0.6740396022796631,0.0,0.0,0.9929095506668091,0.5799849629402161,0.01436174102127552,0.16661864519119263,0.009667390026152134,0.2798252999782562,0.2989232540130615,0.025004372000694275,0.0004542437964119017,0.7504886388778687,0.9945423007011414,0.0,0.9185335636138916,0.19282294809818268,0.0006022496963851154,0.02045368030667305,0.0,0.0,0.3434585928916931,0.0652199536561966,8.289253310067579e-05,1.2714678049087524,0.0,0.0
57,2.1701407432556152,0.5875353813171387,21.3698787689209,2.4678661823272705,0.6551961898803711,40.1077995300293,0.9940426349639893,0.9947329163551331,69.81,0.8141107559204102,0.007811076007783413,0.07507175207138062,14.009981155395508,0.0,0.0,0.31938061118125916,4.559420995065011e-05,0.003200771752744913,0.7167503237724304,0.0,0.0,1.005652666091919,0.548141360282898,0.013242759741842747,0.1387985646724701,0.00788965541869402,0.21856363117694855,0.29649367928504944,0.024305220693349838,0.0003615790919866413,0.7818742990493774,0.9911386966705322,0.0,0.9340574145317078,0.1938454657793045,0.0006240152288228273,0.020695049315690994,0.0,0.0,0.34428152441978455,0.0743282362818718,6.411865615518764e-05,1.2815487384796143,0.0,0.0
58,4.7673659324646,0.49366211891174316,21.14258575439453,4.906513690948486,0.6509014368057251,49.14622497558594,1.0599279403686523,1.0564764738082886,308.22,1.0434490442276,0.02659161202609539,0.0387570746243,10.914011001586914,0.0,0.0,0.2934761047363281,1.2612335922312923e-06,0.003363067517057061,0.7620500326156616,0.0,0.0,1.099581003189087,0.5909327864646912,0.015869546681642532,0.2255890816450119,0.01181509904563427,0.39655110239982605,0.29422247409820557,0.02280789613723755,0.0005165154580026865,0.7098217606544495,0.9875563383102417,0.0,0.8749335408210754,0.20380060374736786,0.0005785408429801464,0.019602887332439423,0.0,0.0,0.3436133563518524,0.06990145146846771,6.525037315441296e-05,1.2878705263137817,0.0,0.0
59,4.345420837402344,0.9767661094665527,34.0295524597168,3.4599719047546387,0.5856593251228333,49.99479675292969,1.1367640495300293,1.1353996992111206,105.71,1.0978984832763672,0.024673432111740112,0.05355605110526085,13.750555038452148,0.0,0.0,0.3726736903190613,5.413732287706807e-05,0.002267948118969798,0.5789207816123962,0.0,0.0,1.0825300216674805,0.6565071940422058,0.016225649043917656,0.18917466700077057,0.011500798165798187,0.3240155577659607,0.2924112379550934,0.021451903507113457,0.0005323918885551393,0.6534954309463501,0.9956504106521606,0.0,0.8844266533851624,0.17405563592910767,0.000561043678317219,0.019726159051060677,0.0,0.0,0.3450992703437805,0.0619058832526207,0.0001094707622542046,1.2672648429870605,0.0,0.0
60,4.88996696472168,0.1244489923119545,26.186948776245117,4.878758907318115,0.7901573777198792,47.173343658447266,1.1986666917800903,1.200614094734192,135.32,1.0955629348754883,0.16470550000667572,0.01935620605945587,2.249086618423462,0.0,0.0,0.3288147747516632,8.451645408058539e-05,0.003502981038764119,0.9529626369476318,0.0,0.0,0.9631499648094177,0.5287147760391235,0.012970894575119019,0.15532046556472778,0.008021442219614983,0.2643895149230957,0.3102586567401886,0.034257810562849045,0.000412223394960165,0.8882414698600769,1.0052589178085327,0.0,1.0026873350143433,0.14005549252033234,0.0006758936797268689,0.0196353979408741,0.0,0.0,0.3407360017299652,0.09372657537460327,3.0946517654228956e-05,1.2838523387908936,0.0,0.0
61,1.2509222030639648,0.006270145531743765,22.043140411376953,4.212481498718262,0.5479679703712463,58.99112319946289,1.0819766521453857,1.0812466144561768,62.4,1.200604796409607,0.1699095368385315,0.019343215972185135,0.2700488567352295,0.0,0.0,0.4162292182445526,0.0003142228233627975,0.004051929339766502,1.0179489850997925,0.0,0.0,1.2254077196121216,0.6595895886421204,0.019168846309185028,0.23813019692897797,0.013416225090622902,0.41525572538375854,0.2861240804195404,0.021013054996728897,0.0005715322331525385,0.6026120781898499,0.9943397641181946,0.0,0.805518627166748,0.14154095947742462,0.0005183374742045999,0.016338663175702095,0.0,0.0,0.34597519040107727,0.09504453092813492,3.905227640643716e-05,1.2906475067138672,0.0,0.0
62,5.4109344482421875,0.6836630702018738,34.43964385986328,4.794128894805908,0.43870577216148376,41.2093391418457,1.0772442817687988,1.0752220153808594,174.59,1.2574421167373657,0.005078422836959362,0.036958735436201096,14.313051223754883,0.0,0.0,0.3147728741168976,1.2370355761959217e-06,0.0033936561085283756,0.6862720847129822,0.0,0.0,1.194323182106018,0.3316870927810669,0.01848353073000908,0.27464982867240906,0.016769425943493843,0.5001446604728699,0.27681615948677063,0.011724323965609074,0.000784310803283006,0.4657580852508545,0.9836808443069458,0.0,0.7198198437690735,0.3420679271221161,0.0004293348756618798,0.018713822588324547,0.0,0.0,0.34915560483932495,0.020944437012076378,0.000264755537500605,1.234739899635315,0.0,0.0
63,4.351089954376221,0.3317877948284149,19.78789710998535,7.896251201629639,0.4780423641204834,47.37406921386719,1.0259966850280762,1.0286492109298706,251.33,1.2373918294906616,0.05535934865474701,0.02348877675831318,6.986129283905029,0.0,0.0,0.2986246943473816,1.1805051144619938e-05,0.0037251689936965704,0.8408979773521423,0.0,0.0,1.3267971277236938,0.39165690541267395,0.021646277979016304,0.417235791683197,0.020539194345474243,0.7741782665252686,0.2736639082431793,0.012055492028594017,0.0008199324365705252,0.4813977777957916,0.9738079905509949,0.0,0.7366505265235901,0.28303754329681396,0.0004658542457036674,0.01755642332136631,0.0,0.0,0.3467327058315277,0.044426217675209045,9.6983349067159e-05,1.287371039390564,0.0,0.0
64,5.007436752319336,0.8995927572250366,39.759368896484375,8.89065170288086,0.43595561385154724,40.8822135925293,1.1461302042007446,1.1448439359664917,98.03,1.3619953393936157,0.007200581021606922,0.03529706969857216,11.59788703918457,0.0,0.0,0.35769712924957275,5.7418532378505915e-05,0.0030124045442789793,0.6022112369537354,0.0,0.0,1.2157492637634277,0.3468782901763916,0.022918708622455597,0.40942394733428955,0.025417089462280273,0.7985919117927551,0.27390602231025696,0.009364173747599125,0.0010886767413467169,0.3805505335330963,0.9920912384986877,0.0,0.7300881147384644,0.30432039499282837,0.0003833885712083429,0.018786974251270294,0.0,0.0,0.3465348482131958,0.01425872277468443,0.00041134603088721633,1.1861238479614258,0.0,0.0
65,3.090273380279541,0.6310360431671143,23.83893394470215,5.390894889831543,0.4567144513130188,58.16960144042969,1.0429799556732178,1.044809103012085,167.86,1.2477819919586182,0.009431617334485054,0.044130150228738785,9.294628143310547,0.0,0.0,0.3154999613761902,1.117250235438405e-06,0.003505890956148505,0.7056924700737,0.0,0.0,1.301991581916809,0.576023519039154,0.019584117457270622,0.3145004212856293,0.017210712656378746,0.5687839388847351,0.2752607762813568,0.012815642170608044,0.0007254377123899758,0.4891509711742401,0.979834258556366,0.0,0.7467199563980103,0.24568134546279907,0.00047760913730598986,0.018131747841835022,0.0,0.0,0.3478565514087677,0.041118595749139786,8.628560317447409e-05,1.2906008958816528,0.0,0.0
66,5.2957763671875,0.8775285482406616,16.716459274291992,3.9191641807556152,0.6046437621116638,40.00095748901367,0.8690795302391052,0.8742914795875549,685.94,0.9000539183616638,0.01773753948509693,0.04763318598270416,23.07929801940918,0.0,0.0,0.3438228666782379,3.770209150388837e-05,0.0025644961278885603,0.6129807233810425,0.0,0.0,1.1766772270202637,0.4713536500930786,0.015180627815425396,0.2172435224056244,0.010919543914496899,0.36375486850738525,0.28619638085365295,0.01954551972448826,0.0004553597536869347,0.692928671836853,0.9718626141548157,0.0,0.8488349914550781,0.22341305017471313,0.0005423770635388792,0.019576717168092728,0.0,0.0,0.3450030982494354,0.049223750829696655,9.806093294173479e-05,1.2867720127105713,0.0,0.0
67,2.006150245666504,0.46666303277015686,17.35032844543457,1.9250918626785278,0.5676440596580505,41.62057113647461,0.8487750887870789,0.8504461646080017,231.5,0.8731875419616699,0.022369949147105217,0.061885613948106766,10.167499542236328,0.0,0.0,0.32335180044174194,6.740471144439653e-05,0.003601019736379385,0.7765770554542542,0.0,0.0,1.0819239616394043,0.5114072561264038,0.013971623033285141,0.14171737432479858,0.008348099887371063,0.21422328054904938,0.2863997220993042,0.019671889021992683,0.0003631693543866277,0.7001765370368958,0.9798067808151245,0.0,0.8671534061431885,0.21825185418128967,0.0005760263884440064,0.019630881026387215,0.0,0.0,0.34629708528518677,0.06649746000766754,6.928871880518273e-05,1.2846845388412476,0.0,0.0
68,2.239650249481201,0.9966529011726379,18.749706268310547,8.849519729614258,0.4690592288970947,46.92179870605469,1.0396308898925781,1.039380431175232,23.18,0.8876129984855652,0.018935589119791985,0.06898567825555801,19.511436462402344,0.0,0.0,0.3893011510372162,8.10837373137474e-05,0.003449789946898818,0.57470703125,0.0,0.0,1.296575903892517,0.3800680637359619,0.022122427821159363,0.4536835253238678,0.02240733429789543,0.8551467657089233,0.2709372043609619,0.010974478907883167,0.0008801611256785691,0.4643230438232422,0.9722517728805542,0.0,0.7277215123176575,0.27400922775268555,0.0004541580565273762,0.017493795603513718,0.0,0.0,0.3467704653739929,0.03606719151139259,8.498110400978476e-05,1.2909244298934937,0.0,0.0
69,5.162407875061035,0.885155439376831,19.31450653076172,7.627435207366943,0.6261326670646667,44.433509826660156,1.0428811311721802,1.0429656505584717,7.77,0.949805498123169,0.015670834109187126,0.047631487250328064,22.11988639831543,0.0,0.0,0.3463045060634613,3.99643431592267e-05,0.0024017938412725925,0.6060231328010559,0.0,0.0,1.1717349290847778,0.4719061553478241,0.01827230118215084,0.3265465497970581,0.01603006199002266,0.6020771861076355,0.2881276607513428,0.019412443041801453,0.0006529648089781404,0.6333251595497131,0.9813801050186157,0.0,0.8403793573379517,0.22136735916137695,0.0005336333997547626,0.019229622557759285,0.0,0.0,0.3435165584087372,0.050507694482803345,0.00010490194836165756,1.284566044807434,0.0,0.0
70,4.414229869842529,0.46511149406433105,27.336013793945312,2.12756085395813,0.49679794907569885,53.55646514892578,0.948981523513794,0.9515335559844971,282.62,1.2917358875274658,0.03083389811217785,0.03242189809679985,7.057236194610596,0.0,0.0,0.3032437562942505,1.535054252599366e-05,0.0033170960377901793,0.7795612215995789,0.0,0.0,1.205044150352478,0.7230507731437683,0.01584918051958084,0.16043682396411896,0.010037954896688461,0.2534453570842743,0.2835121750831604,0.017393698915839195,0.00047038699267432094,0.6038243174552917,0.987208902835846,0.0,0.825354278087616,0.19932347536087036,0.0005457607330754399,0.018959900364279747,0.0,0.0,0.3486075699329376,0.06699799746274948,6.98817239026539e-05,1.2892738580703735,0.0,0.0
71,1.0874289274215698,0.34155645966529846,22.430376052856445,6.032096862792969,0.6857491135597229,45.12294387817383,1.1982810497283936,1.201396107673645,216.38,0.8924287557601929,0.053751975297927856,0.06712337583303452,6.105624675750732,0.0,0.0,0.3448375165462494,0.0001553354668430984,0.003676604712381959,0.8312450647354126,0.0,0.0,1.0081173181533813,0.5557413697242737,0.016399603337049484,0.23624105751514435,0.012622613459825516,0.4277505874633789,0.2985825836658478,0.02551782689988613,0.0005807612324133515,0.7187575697898865,0.9914827942848206,0.0,0.8979972004890442,0.1901540756225586,0.0005966724129393697,0.01914864592254162,0.0,0.0,0.34253984689712524,0.090989850461483,4.549220102489926e-05,1.2839099168777466,0.0,0.0
72,5.599613189697266,0.5799556374549866,19.71195411682129,9.04899787902832,0.7964434623718262,42.473724365234375,1.137552261352539,1.1370667219161987,37.54,0.9468702673912048,0.01295599713921547,0.04445061460137367,15.626195907592773,0.0,0.0,0.2911017835140228,7.516355253756046e-07,0.0023256128188222647,0.7302294373512268,0.0,0.0,1.0021874904632568,0.5324204564094543,0.01422774139791727,0.24074269831180573,0.01164898369461298,0.4471029043197632,0.30604565143585205,0.028639715164899826,0.0005249594105407596,0.8207761645317078,1.0001287460327148,0.0,0.9492017030715942,0.18906278908252716,0.0006197731127031147,0.020792728289961815,0.0,0.0,0.34044256806373596,0.07334208488464355,7.773028482915834e-05,1.2794582843780518,0.0,0.0
73,3.8067855834960938,0.5639922022819519,21.13340187072754,5.280292987823486,0.5522477030754089,50.39503860473633,1.042202115058899,1.0403212308883667,173.48,1.0736126899719238,0.014747198671102524,0.04268556833267212,11.747957229614258,0.0,0.0,0.3031308948993683,9.516199952486204e-07,0.0035345947835594416,0.7309605479240417,0.0,0.0,1.1910150051116943,0.5070706605911255,0.01792246103286743,0.2788366675376892,0.014861511066555977,0.4995545446872711,0.2840323746204376,0.017114490270614624,0.000628613168373704,0.5891075730323792,0.9813671708106995,0.0,0.7921067476272583,0.24730676412582397,0.0005154539830982685,0.018680766224861145,0.0,0.0,0.3454959988594055,0.04907424375414848,9.381141717312858e-05,1.2871127128601074,0.0,0.0
74,4.976206302642822,0.19912338256835938,15.306517601013184,4.085184574127197,0.539722204208374,56.373661041259766,0.853935956954956,0.8517596125602722,299.22,1.1196935176849365,0.11517217755317688,0.02001299522817135,3.9767022132873535,0.0,0.0,0.31257009506225586,7.239591650431976e-05,0.0036524173337966204,0.9090620279312134,0.0,0.0,1.1871671676635742,0.42164644598960876,0.016702206805348396,0.2478383183479309,0.01243592705577612,0.4241223633289337,0.28056180477142334,0.016590118408203125,0.0005076660891063511,0.620391309261322,0.9737097024917603,0.0,0.8283476829528809,0.24503332376480103,0.0005310955457389355,0.01875905692577362,0.0,0.0,0.34517884254455566,0.061040155589580536,0.0001169102470157668,1.2754666805267334,0.0,0.0
75,5.845885276794434,0.9682136178016663,20.6561336517334,7.090939998626709,0.7015184760093689,56.85600280761719,1.0765455961227417,1.078891634941101,201.99,0.9778642654418945,0.02238827757537365,0.04945063963532448,15.792559623718262,0.0,0.0,0.3690098822116852,5.818272984470241e-05,0.001870136708021164,0.5794712901115417,0.0,0.0,1.0683093070983887,0.5556977391242981,0.0160939060151577,0.2659280002117157,0.013301690109074116,0.4845336377620697,0.2963958978652954,0.024653738364577293,0.0005635126144625247,0.7299863696098328,0.9944705367088318,0.0,0.9397985339164734,0.15549445152282715,0.0006093750125728548,0.02006443589925766,0.0,0.0,0.34200504422187805,0.08307884633541107,4.7436606109840795e-05,1.2883580923080444,0.0,0.0
76,1.2208106517791748,0.17889317870140076,14.611286163330078,5.085061550140381,0.47083258628845215,43.48668670654297,0.9253782033920288,0.9242119193077087,136.37,1.055694818496704,0.08204235881567001,0.0359637476503849,2.798440933227539,0.0,0.0,0.36469823122024536,0.00020013692846987396,0.004592598415911198,0.9256903529167175,0.0,0.0,1.2590641975402832,0.422953337430954,0.01896105706691742,0.31470736861228943,0.015745900571346283,0.5517438650131226,0.27260148525238037,0.013588905334472656,0.000632582523394376,0.5296721458435059,0.96733158826828,0.0,0.7433838248252869,0.26415032148361206,0.00047243156586773694,0.017212286591529846,0.0,0.0,0.3471889793872833,0.0509236678481102,0.00010016145824920386,1.286103367805481,0.0,0.0
77,1.9279977083206177,0.8483380675315857,30.7805233001709,2.6042304039001465,0.4825791120529175,57.34431076049805,1.0349178314208984,1.034469723701477,41.86,1.1145333051681519,0.007577373646199703,0.06939619779586792,10.071464538574219,0.0,0.0,0.35820499062538147,4.323088433011435e-05,0.0027344832196831703,0.6279305219650269,0.0,0.0,1.2041587829589844,0.7337914109230042,0.016591792926192284,0.1803259253501892,0.011485082097351551,0.2979854643344879,0.28308677673339844,0.016736775636672974,0.0005410184967331588,0.5710820555686951,0.9905925393104553,0.0,0.8136826157569885,0.1830027550458908,0.0005324090598151088,0.01883336342871189,0.0,0.0,0.3492297828197479,0.058990027755498886,6.176423630677164e-05,1.2921125888824463,0.0,0.0
78,3.4130897521972656,0.12321920692920685,38.862274169921875,1.7517313957214355,0.44951173663139343,46.9082145690918,0.9773017168045044,0.9753006100654602,209.94,1.3516206741333008,0.0913800299167633,0.01682187058031559,2.3216471672058105,0.0,0.0,0.3521365821361542,0.00016208726447075605,0.003984864801168442,0.9570544362068176,0.0,0.0,1.1247735023498535,0.5297134518623352,0.015512843616306782,0.1446109116077423,0.009773558005690575,0.22344094514846802,0.28127413988113403,0.015262439846992493,0.0005185859045013785,0.560932457447052,0.9906840324401855,0.0,0.780382513999939,0.2468889057636261,0.0004897211911156774,0.018072037026286125,0.0,0.0,0.35049745440483093,0.05525843799114227,0.00019995907496195287,1.2435269355773926,0.0,0.0
79,4.161663055419922,0.3173900544643402,12.45724105834961,6.175238132476807,0.5219464302062988,46.959877014160156,0.8218211531639099,0.8226339221000671,120.22,1.2614070177078247,0.06093765050172806,0.0229488592594862,5.662325382232666,0.0,0.0,0.30055564641952515,2.899982428061776e-05,0.0034243029076606035,0.8506366014480591,0.0,0.0,1.354534387588501,0.4026329815387726,0.018978126347064972,0.3531692922115326,0.016368534415960312,0.6148564219474792,0.2746051549911499,0.014500361867249012,0.0005991599755361676,0.5712693929672241,0.9635106325149536,0.0,0.7629148364067078,0.2673482894897461,0.00046963445493020117,0.01810494251549244,0.0,0.0,0.3450429141521454,0.03752861171960831,0.00011419267684686929,1.281942367553711,0.0,0.0
80,1.7048230171203613,0.7792437076568604,17.225317001342773,8.06571102142334,0.7914886474609375,44.01015090942383,1.1610041856765747,1.1638120412826538,207.81,0.7590396404266357,0.014828677289187908,0.09698477387428284,17.705116271972656,0.0,0.0,0.3362816572189331,5.794434400741011e-05,0.002445593476295471,0.6397098898887634,0.0,0.0,0.9773396849632263,0.5299641489982605,0.013948646374046803,0.227314293384552,0.011027283035218716,0.415190726518631,0.30513057112693787,0.029535017907619476,0.0005044892895966768,0.8315746784210205,0.9951632618904114,0.0,0.9805635213851929,0.1677744835615158,0.0006488134968094528,0.020886452868580818,0.0,0.0,0.340634286403656,0.08323146402835846,4.304834874346852e-05,1.2889666557312012,0.0,0.0
81,4.870873928070068,0.5980457067489624,18.683284759521484,9.120043754577637,0.7151409983634949,53.4268798828125,1.1032217741012573,1.1030837297439575,11.34,1.0365562438964844,0.010726582258939743,0.044164083898067474,13.027945518493652,0.0,0.0,0.2963131070137024,7.976622669048083e-07,0.0026863235980272293,0.7193622589111328,0.0,0.0,1.0948154926300049,0.545070230960846,0.017114991322159767,0.30830496549606323,0.014958497136831284,0.5661661624908447,0.2973478436470032,0.024341991171240807,0.0006082325126044452,0.7156435251235962,0.986814022064209,0.0,0.8985479474067688,0.1945570856332779,0.0005839256336912513,0.02007795311510563,0.0,0.0,0.34147435426712036,0.06349270790815353,7.924567034933716e-05,1.28531014919281,0.0,0.0
82,3.0465774536132812,0.9053964018821716,28.44692039489746,8.50756549835205,0.5105211138725281,47.21878433227539,1.177398681640625,1.1736605167388916,270.52,1.0563905239105225,0.013180840760469437,0.058674391359090805,15.717337608337402,0.0,0.0,0.35935497283935547,3.467549686320126e-05,0.0033862008713185787,0.5991584658622742,0.0,0.0,1.1921753883361816,0.4374440610408783,0.02185068465769291,0.38905519247055054,0.02154647558927536,0.7451348304748535,0.2806898057460785,0.01387283205986023,0.0009170299745164812,0.47295278310775757,0.9856144785881042,0.0,0.7673259377479553,0.253368616104126,0.0004756106063723564,0.018367042765021324,0.0,0.0,0.3459499776363373,0.03716688230633736,0.0001500467478763312,1.2696622610092163,0.0,0.0
83,4.629939079284668,0.7044373750686646,15.666594505310059,4.2416229248046875,0.6622159481048584,41.10455322265625,0.8941073417663574,0.8979804515838623,482.4,0.8929994702339172,0.005966379307210445,0.0488983690738678,18.18528175354004,0.0,0.0,0.30779990553855896,9.28061865579366e-07,0.003006165847182274,0.6741750240325928,0.0,0.0,1.1145511865615845,0.4853936433792114,0.01418069377541542,0.20604628324508667,0.010239945724606514,0.348802387714386,0.2918102443218231,0.02209138125181198,0.0004254090890754014,0.7547811269760132,0.9807780385017395,0.0,0.8698139190673828,0.225156769156456,0.0005635148845613003,0.020132115110754967,0.0,0.0,0.3436201214790344,0.05052794888615608,9.67135711107403e-05,1.2873203754425049,0.0,0.0
84,5.419424533843994,0.12462449818849564,32.86513900756836,7.011176109313965,0.4871300458908081,46.27364730834961,1.171884298324585,1.177690029144287,420.67,1.4264096021652222,0.10012657940387726,0.016078362241387367,2.5467913150787354,0.0,0.0,0.31913888454437256,7.698292756685987e-05,0.004338753409683704,0.9501217603683472,0.0,0.0,1.1833152770996094,0.4112612009048462,0.021316764876246452,0.3433329463005066,0.01980002038180828,0.6532195210456848,0.2810390591621399,0.013776789419353008,0.0009046781342476606,0.4661504328250885,0.9922521710395813,0.0,0.7514361143112183,0.27429842948913574,0.00046698603546246886,0.0175210852175951,0.0,0.0,0.3472762405872345,0.04963577911257744,0.00018844228179659694,1.2571423053741455,0.0,0.0
85,4.453423023223877,0.6716780662536621,36.60884094238281,3.0675768852233887,0.41458064317703247,56.81806182861328,1.0332729816436768,1.0363503694534302,287.38,1.50523841381073,0.0058057582937181,0.03462447598576546,7.8010783195495605,0.0,0.0,0.3178599178791046,1.1559621952983434e-06,0.0028623980470001698,0.6956191658973694,0.0,0.0,1.3143419027328491,0.7832180261611938,0.017486080527305603,0.21021808683872223,0.013465835712850094,0.35716521739959717,0.2761569917201996,0.012726310640573502,0.0006477846764028072,0.491454541683197,0.9895294308662415,0.0,0.7434259653091431,0.22532664239406586,0.0004732233064714819,0.01833157241344452,0.0,0.0,0.35139504075050354,0.04036013036966324,0.00011985353921772912,1.281022548675537,0.0,0.0
86,5.665134429931641,0.9228349924087524,22.53177833557129,8.992232322692871,0.6504167914390564,54.3292121887207,1.1296511888504028,1.126923680305481,214.25,1.0697541236877441,0.015050533227622509,0.04614518582820892,14.522154808044434,0.0,0.0,0.358583927154541,5.252509072306566e-05,0.002074304735288024,0.5939584970474243,0.0,0.0,1.124358057975769,0.5663861036300659,0.018992148339748383,0.34180155396461487,0.0175181832164526,0.6419804096221924,0.2916337847709656,0.021099410951137543,0.0007091807201504707,0.6324509978294373,0.9935851693153381,0.0,0.888660192489624,0.1731826215982437,0.0005681928596459329,0.019558360800147057,0.0,0.0,0.3425915539264679,0.06701108068227768,6.535020656883717e-05,1.2865597009658813,0.0,0.0
87,4.988818168640137,0.9037072658538818,24.20416831970215,3.586725950241089,0.6790992617607117,50.12965393066406,1.0618476867675781,1.057669997215271,371.98,0.966925859451294,0.02108207903802395,0.052738748490810394,16.04131507873535,0.0,0.0,0.3478773832321167,2.3960530597832985e-05,0.0024905619211494923,0.6000710725784302,0.0,0.0,1.0480386018753052,0.5839853882789612,0.014161530882120132,0.17002253234386444,0.0092738326638937,0.2837498188018799,0.29809004068374634,0.025842655450105667,0.00042448879685252905,0.7766473889350891,0.9935904145240784,0.0,0.9417952299118042,0.1582631915807724,0.0006234641186892986,0.020216334611177444,0.0,0.0,0.3432636260986328,0.0880965068936348,4.373443516669795e-05,1.2891899347305298,0.0,0.0
88,5.164719581604004,0.8073880076408386,15.130784034729004,8.284825325012207,0.533938467502594,54.34893035888672,0.8958677053451538,0.8952397704124451,78.29,1.0301657915115356,0.006974128074944019,0.042462754994630814,18.302579879760742,0.0,0.0,0.3309701383113861,1.3090439097140916e-05,0.002464791527017951,0.6357239484786987,0.0,0.0,1.2871986627578735,0.3760879933834076,0.019907154142856598,0.4174420237541199,0.019323693588376045,0.7662313580513,0.27467384934425354,0.013210948556661606,0.0007003284990787506,0.5484727025032043,0.971051037311554,0.0,0.7862361669540405,0.2656921446323395,0.0004849021206609905,0.018915489315986633,0.0,0.0,0.344184547662735,0.034292012453079224,0.0001165417634183541,1.2818031311035156,0.0,0.0
89,2.57128643989563,0.11327765882015228,14.274828910827637,7.0875139236450195,0.4618680775165558,47.402915954589844,0.9308260679244995,0.9308431148529053,1.97,1.2344273328781128,0.11622220277786255,0.014827879145741463,2.3954765796661377,0.0,0.0,0.3501351475715637,0.0001491407456342131,0.004213232547044754,0.9610227942466736,0.0,0.0,1.3613157272338867,0.3838634192943573,0.02115337923169136,0.4101978838443756,0.0194502342492342,0.7373189330101013,0.2696033716201782,0.011917141266167164,0.0007442436763085425,0.49364808201789856,0.9671974182128906,0.0,0.7181639671325684,0.28374171257019043,0.00044694443931803107,0.01671101525425911,0.0,0.0,0.346413791179657,0.046173058450222015,0.00010289160127285868,1.2856249809265137,0.0,0.0
90,4.701650619506836,0.5429147481918335,29.83249282836914,1.6880570650100708,0.4376750886440277,40.014747619628906,0.8878814578056335,0.8867635130882263,141.99,1.1299153566360474,0.010916582308709621,0.036926254630088806,12.643503189086914,0.0,0.0,0.3057166337966919,1.0911037406913238e-06,0.0033106962218880653,0.750385046005249,0.0,0.0,1.1833711862564087,0.4174286127090454,0.01508581917732954,0.14290758967399597,0.00964028388261795,0.2202288657426834,0.278651624917984,0.013796747662127018,0.0004840872425120324,0.5545245409011841,0.9820793271064758,0.0,0.7445273399353027,0.3085726201534271,0.0004724989412352443,0.018684010952711105,0.0,0.0,0.3508527874946594,0.03328322991728783,0.0001993070327444002,1.256426215171814,0.0,0.0
91,2.5090489387512207,0.8558844327926636,31.291606903076172,9.938021659851074,0.44230008125305176,53.497493743896484,1.188415288925171,1.1893928050994873,69.16,1.3047131299972534,0.008143585175275803,0.0506291389465332,9.284584999084473,0.0,0.0,0.35212400555610657,6.949903763597831e-06,0.003535039257258177,0.621373176574707,0.0,0.0,1.3436647653579712,0.5706784725189209,0.024676891043782234,0.46664735674858093,0.026439115405082703,0.901954174041748,0.27318766713142395,0.010036172345280647,0.0010770052904263139,0.3940172791481018,0.9876384735107422,0.0,0.7061119079589844,0.245960995554924,0.0004268715565558523,0.017323646694421768,0.0,0.0,0.34772562980651855,0.03266448900103569,0.00012845774472225457,1.2763574123382568,0.0,0.0
92,2.5540170669555664,0.8945304155349731,15.081303596496582,2.9243972301483154,0.7669597864151001,55.97077560424805,0.8792301416397095,0.8742530345916748,647.5,0.6916994452476501,0.019542420282959938,0.09840241819620132,18.941133499145508,0.0,0.0,0.34760695695877075,1.5999901734176092e-05,0.002551577053964138,0.5991232991218567,0.0,0.0,0.939171314239502,0.5223361253738403,0.010663866996765137,0.11768128722906113,0.005581107456237078,0.18131573498249054,0.30243372917175293,0.029501130804419518,0.00025793700478971004,0.9317460060119629,0.999403715133667,0.0,1.0460621118545532,0.14222262799739838,0.0007007852545939386,0.02147204987704754,0.0,0.0,0.34129056334495544,0.09338866174221039,4.4700122089125216e-05,1.2820457220077515,0.0,0.0
93,5.611809730529785,0.7275410890579224,28.00467300415039,4.308998107910156,0.7390585541725159,45.53425598144531,1.162729263305664,1.1628557443618774,9.35,1.0065343379974365,0.004866806790232658,0.047943130135536194,14.681824684143066,0.0,0.0,0.30885323882102966,7.97242194039427e-07,0.0028119743801653385,0.6643067002296448,0.0,0.0,0.9999544024467468,0.5541551113128662,0.013370364904403687,0.16521863639354706,0.00896518211811781,0.2804728150367737,0.30487003922462463,0.02904541604220867,0.0004231457132846117,0.8304817080497742,0.9997013807296753,0.0,0.9523102045059204,0.1709389090538025,0.0006225986871868372,0.020804474130272865,0.0,0.0,0.34138065576553345,0.07387138158082962,7.952043233672157e-05,1.275230884552002,0.0,0.0
94,2.427659511566162,0.952678918838501,16.979448318481445,3.2403550148010254,0.518536388874054,45.70783233642578,0.8974592685699463,0.8988410830497742,171.3,0.8237497806549072,0.019980212673544884,0.07516751438379288,19.847261428833008,0.0,0.0,0.3741254210472107,5.9983281971653923e-05,0.002917153062298894,0.5894272327423096,0.0,0.0,1.196400761604309,0.48082447052001953,0.015964847058057785,0.21239620447158813,0.011579782702028751,0.3508675992488861,0.2793685495853424,0.01627686247229576,0.0004890199634246528,0.6118693947792053,0.9690669775009155,0.0,0.7968419194221497,0.24011245369911194,0.000512785860337317,0.018728723749518394,0.0,0.0,0.3468075096607208,0.04518025740981102,9.508579387329519e-05,1.2871930599212646,0.0,0.0
95,2.9055514335632324,0.39978358149528503,24.18623924255371,2.153486967086792,0.6588470339775085,47.44966125488281,0.9942945241928101,0.9930006861686707,131.04,0.9555556178092957,0.046622712165117264,0.04893018305301666,7.938094139099121,0.0,0.0,0.31553587317466736,5.9192734624957666e-05,0.0033216422889381647,0.8037201762199402,0.0,0.0,1.0227118730545044,0.6024057865142822,0.013378044590353966,0.12711229920387268,0.007321528624743223,0.19393932819366455,0.29824602603912354,0.02604386769235134,0.0003437866398598999,0.7936714887619019,0.9945719838142395,0.0,0.9367822408676147,0.1713501214981079,0.0006352202617563307,0.019902942702174187,0.0,0.0,0.34417200088500977,0.09546864777803421,4.253092993167229e-05,1.2869601249694824,0.0,0.0
96,1.7117286920547485,0.528190016746521,13.479756355285645,6.771205902099609,0.5197779536247253,57.93062973022461,0.9332825541496277,0.9293206930160522,456.79,1.0966393947601318,0.015070664696395397,0.05614776164293289,9.412321090698242,0.0,0.0,0.3202955424785614,4.940493090543896e-05,0.0034170246217399836,0.7520042061805725,0.0,0.0,1.2622785568237305,0.3507433533668518,0.01924392767250538,0.36489036679267883,0.017905307933688164,0.6577271819114685,0.27521035075187683,0.01398495864123106,0.0006749517633579671,0.5484402775764465,0.9713158011436462,0.0,0.7549908757209778,0.2926475703716278,0.0004628168244380504,0.018247462809085846,0.0,0.0,0.3439498245716095,0.030963532626628876,0.0001499393692938611,1.2708265781402588,0.0,0.0
97,5.274324417114258,0.3452203571796417,18.89116859436035,7.621237754821777,0.6537829637527466,56.665645599365234,1.063815951347351,1.066789984703064,262.06,1.1605287790298462,0.06884061545133591,0.03059646487236023,6.74955940246582,0.0,0.0,0.29309308528900146,2.1009052943554707e-05,0.0033559624571353197,0.8343119621276855,0.0,0.0,1.1309623718261719,0.5568416118621826,0.018178274855017662,0.3119261562824249,0.015198706649243832,0.5704892873764038,0.292327880859375,0.021798694506287575,0.0006234781467355788,0.6642343401908875,0.9837484359741211,0.0,0.8816244006156921,0.19657695293426514,0.000574010715354234,0.01933511346578598,0.0,0.0,0.34286531805992126,0.07606799155473709,6.894800026202574e-05,1.2860465049743652,0.0,0.0
98,4.952106952667236,0.6757998466491699,29.94499969482422,4.6089582443237305,0.49832630157470703,50.59286880493164,1.0912518501281738,1.0903164148330688,78.62,1.281020998954773,0.007070733234286308,0.038007963448762894,10.452059745788574,0.0,0.0,0.31210294365882874,1.0348517207603436e-06,0.0032533775083720684,0.686738908290863,0.0,0.0,1.2262858152389526,0.6166135668754578,0.0184053685516119,0.26060131192207336,0.015217520296573639,0.46531593799591064,0.2821285128593445,0.015491943806409836,0.0006755267386324704,0.5340931415557861,0.9871453046798706,0.0,0.779768705368042,0.23311612010002136,0.0004976796335540712,0.018775615841150284,0.0,0.0,0.347643107175827,0.042995307594537735,0.00012420033453963697,1.2788546085357666,0.0,0.0
99,5.339877128601074,0.8575663566589355,14.236475944519043,9.906468391418457,0.708541214466095,56.3167610168457,0.9262398481369019,0.9249505400657654,150.49,0.8764981031417847,0.0060662152245640755,0.05220554769039154,19.948270797729492,0.0,0.0,0.3382588326931,2.4502531232428737e-05,0.001697651925496757,0.6202206015586853,0.0,0.0,1.0847078561782837,0.445654958486557,0.016751257702708244,0.3457486033439636,0.015341760590672493,0.6327526569366455,0.2923075556755066,0.02192666567862034,0.0005720315966755152,0.7184949517250061,0.9792639017105103,0.0,0.9345987439155579,0.1984604299068451,0.0005901789991185069,0.021036501973867416,0.0,0.0,0.3411858379840851,0.05202170088887215,0.00011574321979423985,1.2772146463394165,0.0,0.0
100,5.929140090942383,0.8112543225288391,29.72331428527832,6.921439170837402,0.40572473406791687,50.21578598022461,1.0688433647155762,1.0713497400283813,218.88,1.3190714120864868,0.0076287416741251945,0.03524339199066162,11.976075172424316,0.0,0.0,0.3412892818450928,4.082771192770451e-05,0.0030601308681070805,0.6354290843009949,0.0,0.0,1.335679531097412,0.4797607660293579,0.021384725347161293,0.38706448674201965,0.021222202107310295,0.7256478071212769,0.2695167362689972,0.00943007878959179,0.000910864386241883,0.4130081832408905,0.981156051158905,0.0,0.7302128076553345,0.2594257891178131,0.00045165111077949405,0.01807563565671444,0.0,0.0,0.34977585077285767,0.03400374948978424,0.00012274979962967336,1.2789570093154907,0.0,0.0
101,5.664271831512451,0.5426798462867737,29.829442977905273,3.2249653339385986,0.5004767179489136,53.98051452636719,1.033199429512024,1.029589295387268,339.37,1.4462469816207886,0.018753239884972572,0.03247717767953873,7.291378498077393,0.0,0.0,0.2997593879699707,2.0714528545795474e-06,0.0031532649882137775,0.7445088624954224,0.0,0.0,1.2490103244781494,0.7089937329292297,0.017177993431687355,0.20567286014556885,0.012430232018232346,0.3511420488357544,0.2834338843822479,0.016873132437467575,0.000561934313736856,0.573649525642395,0.9926229119300842,0.0,0.7972467541694641,0.2016356736421585,0.000517742708325386,0.018607541918754578,0.0,0.0,0.3483245372772217,0.05808568373322487,8.96012206794694e-05,1.288313388824463,0.0,0.0
102,1.3318637609481812,0.3103642761707306,37.568912506103516,1.853731393814087,0.6555177569389343,48.90415954589844,1.0830219984054565,1.0872224569320679,356.73,1.0897789001464844,0.05251837149262428,0.059622038155794144,4.185986042022705,0.0,0.0,0.3508289158344269,0.00017758797912392765,0.002665352076292038,0.8477214574813843,0.0,0.0,1.006672739982605,0.6033451557159424,0.013249777257442474,0.12389060109853745,0.0068895271979272366,0.18573163449764252,0.29970112442970276,0.027364475652575493,0.0003096424916293472,0.7991047501564026,0.9977715015411377,0.0,0.9529030919075012,0.1583227813243866,0.0006118468008935452,0.02003210410475731,0.0,0.0,0.3432909846305847,0.09083528071641922,8.839432121021673e-05,1.2588499784469604,0.0,0.0
103,2.107024669647217,0.9970951676368713,38.0593376159668,1.5489953756332397,0.5628004670143127,44.99071502685547,0.9985712170600891,1.0045709609985352,598.1,0.9257462620735168,0.023032285273075104,0.08690821379423141,14.500197410583496,0.0,0.0,0.3875732421875,9.260388469556347e-05,0.0019270614720880985,0.5743023753166199,0.0,0.0,1.0175334215164185,0.6362096071243286,0.014107601717114449,0.12483928352594376,0.008029821328818798,0.1856091320514679,0.292436420917511,0.02112816832959652,0.0003844149468932301,0.690243661403656,0.9907675981521606,0.0,0.8855136036872864,0.19362591207027435,0.0005451654433272779,0.02014828845858574,0.0,0.0,0.34632983803749084,0.04816826060414314,0.00018721136439125985,1.2389227151870728,0.0,0.0
104,3.9897608757019043,0.3244495093822479,24.799863815307617,6.299389362335205,0.431308388710022,50.24957275390625,1.054602861404419,1.0586912631988525,366.18,1.3109791278839111,0.055294740945100784,0.022932346910238266,5.404809951782227,0.0,0.0,0.30553382635116577,2.2539896235684864e-05,0.004154592752456665,0.8442224860191345,0.0,0.0,1.3049858808517456,0.44231364130973816,0.02085942216217518,0.35912543535232544,0.019174374639987946,0.6668935418128967,0.2724289000034332,0.011115220375359058,0.0008299737237393856,0.44971558451652527,0.9805427193641663,0.0,0.7276479601860046,0.274901419878006,0.00046569842379540205,0.017421148717403412,0.0,0.0,0.3488878011703491,0.047566719353199005,9.817704267334193e-05,1.2868621349334717,0.0,0.0
105,5.185345649719238,0.17964546382427216,16.01685333251953,6.420897006988525,0.4023755192756653,42.75674057006836,0.8774256110191345,0.878162682056427,95.66,1.3924590349197388,0.09598850458860397,0.014629996381700039,4.1569623947143555,0.0,0.0,0.30781090259552,4.3291984184179455e-05,0.0037810467183589935,0.9236942529678345,0.0,0.0,1.5113849639892578,0.37073421478271484,0.02088281139731407,0.4091437757015228,0.01918545365333557,0.7250168323516846,0.263701856136322,0.00903590489178896,0.0007359554874710739,0.4581828713417053,0.960235595703125,0.0,0.6796457767486572,0.31537190079689026,0.0004186124133411795,0.016566062346100807,0.0,0.0,0.34900233149528503,0.036050476133823395,8.824333781376481e-05,1.2897038459777832,0.0,0.0
106,3.983992099761963,0.5915369987487793,16.75313377380371,8.780990600585938,0.5232503414154053,45.199615478515625,0.9907675981521606,0.9970768690109253,638.67,1.1519984006881714,0.013222786597907543,0.03765325993299484,13.590734481811523,0.0,0.0,0.30107319355010986,1.0294386356690666e-06,0.003104845294728875,0.7213485240936279,0.0,0.0,1.3482801914215088,0.3868687152862549,0.021233951672911644,0.4321926236152649,0.020607413724064827,0.8022698163986206,0.2755937874317169,0.013283252716064453,0.0007654936634935439,0.522118330001831,0.9729707837104797,0.0,0.7348297238349915,0.29006075859069824,0.0004568670701701194,0.0179492998868227,0.0,0.0,0.34514766931533813,0.03344738483428955,9.881134610623121e-05,1.2870558500289917,0.0,0.0
107,4.121766567230225,0.9122889637947083,23.277067184448242,2.2083985805511475,0.6513791084289551,60.639801025390625,0.9550589323043823,0.9561198949813843,116.19,0.984926700592041,0.02036740630865097,0.05963490530848503,13.608702659606934,0.0,0.0,0.3521330654621124,1.6315401808242314e-05,0.002091498812660575,0.5985475182533264,0.0,0.0,1.0767128467559814,0.6047354936599731,0.013505885377526283,0.13159462809562683,0.007579234894365072,0.20109985768795013,0.2961428463459015,0.025399206206202507,0.00034164139651693404,0.7846546173095703,0.9948099851608276,0.0,0.9485460519790649,0.1462373435497284,0.0006315104546956718,0.02024521492421627,0.0,0.0,0.3438921570777893,0.093004509806633,4.0646678826306015e-05,1.2911981344223022,0.0,0.0
108,1.68674898147583,0.2128862887620926,12.944766998291016,6.389894008636475,0.5517926216125488,59.48490524291992,0.932956337928772,0.9361532926559448,366.04,1.094186544418335,0.07606363296508789,0.035014279186725616,3.265737771987915,0.0,0.0,0.34882280230522156,0.0001794661075109616,0.003763123881071806,0.9048876166343689,0.0,0.0,1.1964784860610962,0.36240309476852417,0.018846284598112106,0.33608514070510864,0.016304438933730125,0.599257230758667,0.2792697846889496,0.016379153355956078,0.0006325640133582056,0.5853121876716614,0.9708115458488464,0.0,0.7844181656837463,0.2691328525543213,0.0004848154494538903,0.017980407923460007,0.0,0.0,0.3432166576385498,0.04445072263479233,0.00016911937564145774,1.2648085355758667,0.0,0.0
109,5.267934322357178,0.9337952136993408,21.738231658935547,7.343687057495117,0.43002742528915405,53.08414840698242,0.9893936514854431,0.9942218065261841,490.83,1.09469473361969,0.014840792864561081,0.03959819674491882,15.999673843383789,0.0,0.0,0.36994388699531555,6.919654697412625e-05,0.002693929709494114,0.5931440591812134,0.0,0.0,1.3356800079345703,0.46709489822387695,0.021188201382756233,0.41666868329048157,0.0207744762301445,0.7717958688735962,0.26785188913345337,0.009843972511589527,0.000828507705591619,0.44890421628952026,0.9726543426513672,0.0,0.746149480342865,0.2486988604068756,0.0004668824840337038,0.017914477735757828,0.0,0.0,0.3479197919368744,0.040503423660993576,8.616499690106139e-05,1.290630578994751,0.0,0.0
110,5.167192459106445,0.4031701982021332,29.368087768554688,3.7133548259735107,0.7245726585388184,48.330162048339844,1.1597408056259155,1.1592596769332886,35.79,1.176552653312683,0.04633543640375137,0.03432025387883186,7.143466949462891,0.0,0.0,0.29268690943717957,1.561142926220782e-05,0.0032028919085860252,0.805453360080719,0.0,0.0,1.0193984508514404,0.5625123381614685,0.013717960566282272,0.1545896679162979,0.008504468016326427,0.2579334080219269,0.30482247471809387,0.029750768095254898,0.00040589310810901225,0.8265647888183594,1.001979112625122,0.0,0.9698013067245483,0.1553540825843811,0.0006414290401153266,0.020374128594994545,0.0,0.0,0.3419235348701477,0.09340909123420715,5.719230102840811e-05,1.2795969247817993,0.0,0.0
111,2.8532238006591797,0.21309910714626312,27.58850860595703,6.311933994293213,0.5679847598075867,55.02568435668945,1.1821458339691162,1.1862103939056396,289.85,1.3235650062561035,0.09670661389827728,0.025010336190462112,2.5469117164611816,0.0,0.0,0.3337249457836151,0.00011399039794923738,0.004023747984319925,0.9001342058181763,0.0,0.0,1.1679706573486328,0.6381708383560181,0.019871704280376434,0.2951856255531311,0.01657640002667904,0.547577977180481,0.28852325677871704,0.01929682120680809,0.0007398846792057157,0.5670976638793945,0.9947375655174255,0.0,0.8261795043945312,0.19080135226249695,0.0005393868777900934,0.01798848807811737,0.0,0.0,0.34518349170684814,0.0847393125295639,5.516057717613876e-05,1.2885239124298096,0.0,0.0
112,2.9477555751800537,0.8990257978439331,25.885263442993164,3.049321413040161,0.6010777950286865,59.67407989501953,1.0624855756759644,1.0644546747207642,174.11,1.0693284273147583,0.01480195578187704,0.06588364392518997,11.633277893066406,0.0,0.0,0.35530996322631836,2.5923678549588658e-05,0.002392598893493414,0.6030918955802917,0.0,0.0,1.1293954849243164,0.6394206881523132,0.015570271760225296,0.174017071723938,0.01027638092637062,0.2897540330886841,0.29248151183128357,0.022555669769644737,0.0004587814037222415,0.6916982531547546,0.9950629472732544,0.0,0.8990535736083984,0.1536179780960083,0.0005922163836658001,0.01968730054795742,0.0,0.0,0.3450653851032257,0.07824990153312683,4.2851992475334555e-05,1.2937930822372437,0.0,0.0
113,5.3233642578125,0.6743194460868835,23.756610870361328,2.7524304389953613,0.4334545135498047,50.457157135009766,0.8970128893852234,0.9003683924674988,415.47,1.1587064266204834,0.008973449468612671,0.03715835139155388,12.139707565307617,0.0,0.0,0.3154694736003876,1.6302725498462678e-06,0.0030992976389825344,0.6931461691856384,0.0,0.0,1.2762565612792969,0.566676914691925,0.016356563195586205,0.204435333609581,0.011939899064600468,0.33567675948143005,0.27410417795181274,0.012948738411068916,0.0005365544348023832,0.5335728526115417,0.9747040271759033,0.0,0.761387050151825,0.2522715628147125,0.0004944941611029208,0.01860933005809784,0.0,0.0,0.34987664222717285,0.04296531528234482,9.460209548706189e-05,1.2879056930541992,0.0,0.0
114,2.3427693843841553,0.10576176643371582,14.670881271362305,7.284219741821289,0.47040218114852905,48.998695373535156,0.9520357847213745,0.9506199359893799,156.44,1.165354609489441,0.1209554374217987,0.01640559546649456,2.2728216648101807,0.0,0.0,0.35587209463119507,0.00016106362454593182,0.004366131033748388,0.9652020335197449,0.0,0.0,1.3034571409225464,0.37435805797576904,0.021288204938173294,0.41109633445739746,0.019450923427939415,0.7455596327781677,0.27081137895584106,0.012204444035887718,0.0007528741261921823,0.4957212209701538,0.9674919843673706,0.0,0.7404255867004395,0.2742964029312134,0.00046510365791618824,0.01703350804746151,0.0,0.0,0.3461296558380127,0.05150987207889557,0.00010409389506094158,1.2853076457977295,0.0,0.0
115,4.4715657234191895,0.33857813477516174,29.012693405151367,6.21451473236084,0.406017005443573,42.53767395019531,1.0747661590576172,1.0778868198394775,269.38,1.3169798851013184,0.03875262290239334,0.0230858251452446,7.185849189758301,0.0,0.0,0.301130086183548,5.300857537804404e-06,0.004039323888719082,0.8381057977676392,0.0,0.0,1.3057341575622559,0.3205208480358124,0.02070022188127041,0.3526832163333893,0.019658729434013367,0.6593562364578247,0.2713019549846649,0.009751138277351856,0.0008887461153790355,0.4200907349586487,0.9793117642402649,0.0,0.6802938580513,0.3562614619731903,0.00042004292481578887,0.017228055745363235,0.0,0.0,0.3500540852546692,0.029610974714159966,0.00017536977247800678,1.2623745203018188,0.0,0.0
116,4.464507102966309,0.28518497943878174,16.824838638305664,3.915558338165283,0.6072897911071777,46.23147201538086,0.923608124256134,0.9285230040550232,573.1,1.0294268131256104,0.08718673884868622,0.027231326326727867,6.368400573730469,0.0,0.0,0.3054520785808563,4.6149452828103676e-05,0.0035635579843074083,0.865201473236084,0.0,0.0,1.135259985923767,0.4915236830711365,0.015717757865786552,0.21474222838878632,0.010903305374085903,0.3617313504219055,0.2885523736476898,0.02070191502571106,0.00046385868336074054,0.6929548382759094,0.9759845733642578,0.0,0.8780027627944946,0.21194931864738464,0.0005765127134509385,0.019439928233623505,0.0,0.0,0.34469953179359436,0.07463444024324417,7.239165279315785e-05,1.2860578298568726,0.0,0.0
117,2.928499460220337,0.9648669958114624,12.258373260498047,9.15880012512207,0.7096953988075256,55.928382873535156,0.9349963665008545,0.9389874339103699,454.59,0.7996110916137695,0.01915002427995205,0.07643189281225204,20.20965576171875,0.0,0.0,0.3671014904975891,5.192591197555885e-05,0.001974712824448943,0.5827619433403015,0.0,0.0,1.0681744813919067,0.4171920418739319,0.016283893957734108,0.32529720664024353,0.014786724001169205,0.5955453515052795,0.2922234833240509,0.022386126220226288,0.0005626000929623842,0.7279594540596008,0.9808525443077087,0.0,0.8994668126106262,0.21041491627693176,0.0005641671596094966,0.020201856270432472,0.0,0.0,0.34082919359207153,0.04801230877637863,0.00012074677215423435,1.2742806673049927,0.0,0.0
118,2.388136386871338,0.9973761439323425,17.182126998901367,4.940728187561035,0.43974828720092773,46.8194580078125,0.9218418002128601,0.922283411026001,51.94,0.8944873809814453,0.01928907446563244,0.06738843023777008,19.026845932006836,0.0,0.0,0.39008209109306335,8.009406155906618e-05,0.0031143627129495144,0.5785696506500244,0.0,0.0,1.3324410915374756,0.42605048418045044,0.01860196143388748,0.3138205409049988,0.016089512035250664,0.5493684411048889,0.26952075958251953,0.011601575650274754,0.0006577497697435319,0.501140296459198,0.9631926417350769,0.0,0.7210848927497864,0.2776089310646057,0.00045192515244707465,0.01756376400589943,0.0,0.0,0.34822699427604675,0.033877182751894,8.944409637479112e-05,1.2889782190322876,0.0,0.0
119,4.689191818237305,0.3553280532360077,28.07404899597168,8.296021461486816,0.4478834271430969,54.16367721557617,1.1259933710098267,1.1258026361465454,15.05,1.5010486841201782,0.050353825092315674,0.02225428633391857,4.979244709014893,0.0,0.0,0.296349436044693,1.3721286222789786e-06,0.0038786197546869516,0.8272711634635925,0.0,0.0,1.3432576656341553,0.501146674156189,0.02299748733639717,0.4210011959075928,0.022748643532395363,0.8066291213035583,0.2739051282405853,0.010987002402544022,0.0009473903337493539,0.4271142780780792,0.9879059195518494,0.0,0.7146201133728027,0.2662946283817291,0.00045018698438070714,0.017234111204743385,0.0,0.0,0.3479917049407959,0.04342775046825409,9.70158216659911e-05,1.2870200872421265,0.0,0.0
120,1.7167423963546753,0.8553226590156555,26.003707885742188,3.4337244033813477,0.6159425377845764,55.476776123046875,1.11203932762146,1.1105951070785522,116.94,0.951907217502594,0.011004414409399033,0.08512583374977112,12.064009666442871,0.0,0.0,0.3546905815601349,5.03037626913283e-05,0.002824557712301612,0.6160619258880615,0.0,0.0,1.0943260192871094,0.6290830373764038,0.01566200889647007,0.18206048011779785,0.01067323051393032,0.3097100257873535,0.2941548228263855,0.02311493456363678,0.0004817296867258847,0.696892261505127,0.9951908588409424,0.0,0.8983259201049805,0.1606902927160263,0.0005946532473899424,0.019708408042788506,0.0,0.0,0.344875693321228,0.07648368924856186,4.0374921809416264e-05,1.2935867309570312,0.0,0.0
121,4.580491065979004,0.36795347929000854,40.60435485839844,5.844435691833496,0.4652698040008545,51.930355072021484,1.1805304288864136,1.1874693632125854,494.99,1.653792381286621,0.03080383501946926,0.022162174805998802,4.018693923950195,0.0,0.0,0.2988749146461487,1.1643036486930214e-05,0.0035643726587295532,0.8246400952339172,0.0,0.0,1.2616091966629028,0.5864919424057007,0.020490752533078194,0.30060622096061707,0.01886892504990101,0.5601624250411987,0.27945733070373535,0.0130311269313097,0.0008662734180688858,0.46094757318496704,0.9968844056129456,0.0,0.7370939254760742,0.25443729758262634,0.0004397672018967569,0.01780160889029503,0.0,0.0,0.3478133976459503,0.036087360233068466,0.00023087896988727152,1.2444254159927368,0.0,0.0
122,5.375730037689209,0.9565341472625732,23.910940170288086,2.99718976020813,0.6266841888427734,52.64506530761719,0.995416522026062,0.9996875524520874,429.2,0.9845359921455383,0.028218451887369156,0.049441780894994736,15.241357803344727,0.0,0.0,0.36649733781814575,5.048109233030118e-05,0.002173337619751692,0.585892915725708,0.0,0.0,1.0907251834869385,0.6172939538955688,0.014674006029963493,0.1681441217660904,0.009412323124706745,0.27398252487182617,0.29302483797073364,0.023248355835676193,0.00042367703281342983,0.7293965816497803,0.9887709021568298,0.0,0.923579752445221,0.1575252264738083,0.0006091469549573958,0.019958849996328354,0.0,0.0,0.34461137652397156,0.08585072308778763,4.303800596971996e-05,1.2908997535705566,0.0,0.0
123,4.917294502258301,0.266266793012619,15.260832786560059,8.353832244873047,0.7831112146377563,56.84388732910156,1.0150269269943237,1.0136743783950806,131.45,1.006489872932434,0.10479042679071426,0.030064312741160393,6.059162616729736,0.0,0.0,0.3025042414665222,4.3190873839193955e-05,0.003035679692402482,0.8806679248809814,0.0,0.0,1.0034258365631104,0.5247302055358887,0.014424839057028294,0.24878200888633728,0.011151093989610672,0.44945815205574036,0.30340105295181274,0.02870575524866581,0.0004851647245232016,0.8248980045318604,0.9890445470809937,0.0,0.9851899743080139,0.172032430768013,0.000649660883937031,0.020490359514951706,0.0,0.0,0.34083291888237,0.09198371320962906,5.679969035554677e-05,1.2801597118377686,0.0,0.0
124,1.050296425819397,0.5271477699279785,26.249290466308594,3.6994948387145996,0.5796238780021667,52.90892028808594,1.1196995973587036,1.1201298236846924,34.3,0.9889463186264038,0.01496838591992855,0.07507162541151047,7.953151226043701,0.0,0.0,0.3362210690975189,0.00010470761480974033,0.0035760437604039907,0.7468082308769226,0.0,0.0,1.1072081327438354,0.6517795324325562,0.01654653437435627,0.20234236121177673,0.011820911429822445,0.3500816226005554,0.29073643684387207,0.02091456577181816,0.0005403371178545058,0.6458821296691895,0.991303563117981,0.0,0.8608331084251404,0.18709349632263184,0.0005716360756196082,0.01919042132794857,0.0,0.0,0.34584081172943115,0.07230960577726364,4.822982373298146e-05,1.2909361124038696,0.0,0.0
125,5.638843059539795,0.4467204511165619,32.17384338378906,9.014305114746094,0.4844406247138977,57.629119873046875,1.1815015077590942,1.1779865026474,252.55,1.6522948741912842,0.03146001324057579,0.027258941903710365,5.4243597984313965,0.0,0.0,0.29051288962364197,9.649271532907733e-07,0.003361697541549802,0.783197820186615,0.0,0.0,1.3347834348678589,0.6156405210494995,0.023482173681259155,0.4166722297668457,0.023411506786942482,0.804856538772583,0.2784287631511688,0.012672178447246552,0.0009678684291429818,0.4404773712158203,0.9945346713066101,0.0,0.7391243577003479,0.23482413589954376,0.0004613136115949601,0.017680415883660316,0.0,0.0,0.34686651825904846,0.043510228395462036,0.00010342656605644152,1.2845269441604614,0.0,0.0
126,2.8628435134887695,0.023675499483942986,22.478700637817383,1.9224518537521362,0.624432384967804,56.472145080566406,0.9539424777030945,0.9502488970756531,407.46,1.1725672483444214,0.24128258228302002,0.01493288204073906,0.8234099745750427,0.0,0.0,0.3857683539390564,0.00019572862947825342,0.0039026616141200066,1.0053296089172363,0.0,0.0,1.0617170333862305,0.627341628074646,0.014460944570600986,0.1271509826183319,0.007565229665488005,0.19029195606708527,0.29523080587387085,0.02594502829015255,0.0003523080376908183,0.7587206959724426,0.9973887205123901,0.0,0.8945534825325012,0.15052993595600128,0.0006109994137659669,0.01770673505961895,0.0,0.0,0.34506896138191223,0.09653270244598389,2.379935176577419e-05,1.2919224500656128,0.0,0.0
127,5.280981063842773,0.9607692360877991,28.09949493408203,8.668652534484863,0.40486910939216614,48.56776428222656,1.0843387842178345,1.0839343070983887,34.41,1.161322832107544,0.01462564431130886,0.03759497404098511,15.159716606140137,0.0,0.0,0.3802357614040375,9.227173723047599e-05,0.002943015657365322,0.5833739042282104,0.0,0.0,1.334871530532837,0.41051992774009705,0.02302226983010769,0.45936813950538635,0.02418144792318344,0.8745729923248291,0.26729628443717957,0.008433986455202103,0.0010051206918433309,0.3941296935081482,0.9769745469093323,0.0,0.717801034450531,0.27051153779029846,0.0004387664084788412,0.017660560086369514,0.0,0.0,0.3490605354309082,0.0327925942838192,0.00012719105870928615,1.2773462533950806,0.0,0.0
128,1.777997612953186,0.15442726016044617,13.188194274902344,8.040562629699707,0.5832604169845581,58.7819709777832,0.9788416624069214,0.9791022539138794,27.19,1.1043766736984253,0.10227521508932114,0.029178056865930557,2.5271801948547363,0.0,0.0,0.3574908375740051,0.00019188949954696,0.003762872889637947,0.9385631680488586,0.0,0.0,1.1894587278366089,0.3836008310317993,0.019968003034591675,0.3776395320892334,0.01784084178507328,0.6843657493591309,0.282040536403656,0.017712010070681572,0.0006815408123657107,0.5913089513778687,0.9721935391426086,0.0,0.7947606444358826,0.25177741050720215,0.000493740604724735,0.017826654016971588,0.0,0.0,0.3426149785518646,0.05186033993959427,0.00015533044643234462,1.2697241306304932,0.0,0.0
129,5.656820774078369,0.10372810065746307,18.510143280029297,3.983025550842285,0.4430079758167267,56.874629974365234,0.886216402053833,0.8866611123085022,56.6,1.2270476818084717,0.1538727730512619,0.016253186389803886,2.2659201622009277,0.0,0.0,0.324673056602478,0.00010248777834931388,0.0042921933345496655,0.9611038565635681,0.0,0.0,1.2590969800949097,0.4463421404361725,0.017841141670942307,0.26830363273620605,0.013958819210529327,0.467180073261261,0.2725827097892761,0.01249563880264759,0.0005956944660283625,0.5248941779136658,0.9754534959793091,0.0,0.7604944109916687,0.26611045002937317,0.0004935464821755886,0.01745626889169216,0.0,0.0,0.3483288586139679,0.06456393003463745,8.197600254788995e-05,1.2849797010421753,0.0,0.0
130,1.8834062814712524,0.7506681084632874,38.009918212890625,6.995150089263916,0.43717846274375916,46.64583969116211,1.184332251548767,1.1845084428787231,12.56,1.2409566640853882,0.004483324009925127,0.06261774897575378,11.759502410888672,0.0,0.0,0.33912989497184753,1.6266436432488263e-05,0.003995554056018591,0.6595338582992554,0.0,0.0,1.20137619972229,0.35053637623786926,0.021046312525868416,0.3484501242637634,0.021479131653904915,0.6633051037788391,0.2759592533111572,0.010427160188555717,0.0009849012130871415,0.41345950961112976,0.9870826005935669,0.0,0.7093217372894287,0.32455387711524963,0.0004142845864407718,0.01821405254304409,0.0,0.0,0.3485355079174042,0.020826417952775955,0.0002675850992091,1.2326338291168213,0.0,0.0
131,2.5840861797332764,0.8233679533004761,16.02494239807129,3.9136693477630615,0.5766676068305969,55.56259536743164,0.9253557920455933,0.919533908367157,684.21,0.8392241597175598,0.007629386615008116,0.0734919011592865,18.790245056152344,0.0,0.0,0.34116634726524353,1.8699094653129578e-05,0.002977802651003003,0.6302424073219299,0.0,0.0,1.1097290515899658,0.44546642899513245,0.01548320334404707,0.221943199634552,0.011831820011138916,0.3809015452861786,0.28430798649787903,0.018017705529928207,0.000491380866151303,0.6579376459121704,0.9795432686805725,0.0,0.8454738259315491,0.23839661478996277,0.0005458484520204365,0.019715910777449608,0.0,0.0,0.34424668550491333,0.04665376991033554,0.00010334881517337635,1.2787073850631714,0.0,0.0
132,5.878400802612305,0.09400873631238937,20.8362979888916,3.947605609893799,0.7640095353126526,46.28458023071289,1.042078971862793,1.0412925481796265,72.47,0.9909666776657104,0.18194375932216644,0.022049540653824806,2.337200880050659,0.0,0.0,0.3267201781272888,7.484581874450669e-05,0.0038916245102882385,0.9736899733543396,0.0,0.0,0.9698770642280579,0.5326748490333557,0.01258126087486744,0.14751870930194855,0.007259563077241182,0.24438190460205078,0.30641472339630127,0.03138671815395355,0.00036170679959468544,0.8873000144958496,0.9998070001602173,0.0,0.9836829900741577,0.15284915268421173,0.0006746189319528639,0.019392577931284904,0.0,0.0,0.34248656034469604,0.09527331590652466,2.2602993340115063e-05,1.2923517227172852,0.0,0.0
133,1.8539937734603882,0.9047569632530212,24.003644943237305,4.791491985321045,0.7286887764930725,45.8498420715332,1.185273289680481,1.1851840019226074,6.36,0.7681856751441956,0.024694368243217468,0.09995316714048386,17.829620361328125,0.0,0.0,0.35803091526031494,5.745573798776604e-05,0.002786439610645175,0.5911130905151367,0.0,0.0,0.9818334579467773,0.558364748954773,0.01407537329941988,0.18202555179595947,0.009784924797713757,0.3155905604362488,0.3032757043838501,0.02854134328663349,0.00046387920156121254,0.8057829737663269,0.9939994215965271,0.0,0.953340470790863,0.16307193040847778,0.0006332580815069377,0.020284706726670265,0.0,0.0,0.341940701007843,0.08644251525402069,4.256969623384066e-05,1.2857345342636108,0.0,0.0
134,2.641399383544922,0.1674545854330063,15.120546340942383,5.2254862785339355,0.5091777443885803,47.276329040527344,0.9315584301948547,0.9303373098373413,140.9,1.126085877418518,0.10212331265211105,0.022337883710861206,3.0142452716827393,0.0,0.0,0.34245583415031433,0.00013649067841470242,0.004071955103427172,0.9287903308868408,0.0,0.0,1.254375696182251,0.42385390400886536,0.01864662393927574,0.30648043751716614,0.015263538807630539,0.5382639169692993,0.2768388092517853,0.01524502132087946,0.0006171087734401226,0.5623165369033813,0.9710614085197449,0.0,0.7673466205596924,0.2588294744491577,0.0004893053555861115,0.017533166334033012,0.0,0.0,0.3459680676460266,0.05519306659698486,0.0001070365178748034,1.2839689254760742,0.0,0.0
135,2.0838661193847656,0.005809891503304243,22.326284408569336,8.653172492980957,0.5465788841247559,52.95301818847656,1.1638984680175781,1.1630878448486328,59.88,1.1631453037261963,0.18813276290893555,0.013009972870349884,1.2429004907608032,0.0,0.0,0.38980910181999207,0.00021915583056397736,0.004837352316826582,1.022027611732483,0.0,0.0,1.16192626953125,0.5404320955276489,0.022279439494013786,0.39154887199401855,0.020337790250778198,0.7392022013664246,0.28336334228515625,0.016922717913985252,0.000865441863425076,0.5177305936813354,0.9869520664215088,0.0,0.7806822657585144,0.21746937930583954,0.0005092669744044542,0.016673153266310692,0.0,0.0,0.3450031280517578,0.09267369657754898,4.756424459628761e-05,1.2890024185180664,0.0,0.0
136,2.0485236644744873,0.6460101008415222,20.35327911376953,6.728758335113525,0.4250166416168213,52.11589050292969,1.0218316316604614,1.0213027000427246,50.68,1.0667827129364014,0.007729500997811556,0.05594634264707565,12.167288780212402,0.0,0.0,0.3249950408935547,1.198386257783568e-06,0.003992983140051365,0.7024641633033752,0.0,0.0,1.3422234058380127,0.3962908983230591,0.020721634849905968,0.38839736580848694,0.020106308162212372,0.7153053879737854,0.26900601387023926,0.010063876397907734,0.0008209799416363239,0.4480736255645752,0.9716975092887878,0.0,0.695607602596283,0.31331679224967957,0.000440427684225142,0.0174518134444952,0.0,0.0,0.34821590781211853,0.031434208154678345,8.731668640393764e-05,1.2903060913085938,0.0,0.0
137,4.292398929595947,0.28068697452545166,18.483814239501953,6.074609756469727,0.6583583354949951,43.79363250732422,1.0554194450378418,1.0523756742477417,274.04,1.0454195737838745,0.08612529933452606,0.027554551139473915,6.292201995849609,0.0,0.0,0.30547842383384705,4.90624297526665e-05,0.0034232414327561855,0.8669216632843018,0.0,0.0,1.1146104335784912,0.48318445682525635,0.016813723370432854,0.26235342025756836,0.013033402152359486,0.4698643684387207,0.2936529219150543,0.022843610495328903,0.0005621053860522807,0.6974677443504333,0.9834876656532288,0.0,0.8832284808158875,0.20828776061534882,0.0005764607340097427,0.01937023736536503,0.0,0.0,0.34329256415367126,0.07484013587236404,7.584516424685717e-05,1.2849055528640747,0.0,0.0
138,3.2684507369995117,0.6236532926559448,13.321022987365723,5.643483638763428,0.7466535568237305,49.22265625,0.9212014079093933,0.9148285984992981,756.2,0.8274332284927368,0.0075846221297979355,0.06327494978904724,15.23405933380127,0.0,0.0,0.30493390560150146,7.343925062741619e-06,0.0029443036764860153,0.7047548890113831,0.0,0.0,1.0264323949813843,0.5270901918411255,0.013199539855122566,0.21157494187355042,0.00961588229984045,0.3618454039096832,0.2985103130340576,0.026499997824430466,0.00040652762982062995,0.8340007066726685,0.9792010188102722,0.0,0.9899365305900574,0.17913903295993805,0.0006494008121080697,0.021690871566534042,0.0,0.0,0.34136590361595154,0.0716603696346283,6.909819785505533e-05,1.2841341495513916,0.0,0.0
139,2.8115429878234863,0.4851418137550354,26.084598541259766,3.2184791564941406,0.4039672315120697,45.642578125,0.9720862507820129,0.9682691097259521,405.54,1.1363078355789185,0.017676163464784622,0.04141790792346001,9.244563102722168,0.0,0.0,0.31636637449264526,1.91465878742747e-05,0.003998286090791225,0.7732357382774353,0.0,0.0,1.2574872970581055,0.43774983286857605,0.017264066264033318,0.22483058273792267,0.01335635595023632,0.38564831018447876,0.2727249562740326,0.011626865714788437,0.0006330186733976007,0.48761260509490967,0.9772551655769348,0.0,0.7272930145263672,0.2913479208946228,0.00046983748325146735,0.017949802801012993,0.0,0.0,0.3511580228805542,0.040250513702631,0.0001249235647264868,1.2789486646652222,0.0,0.0
140,5.745948791503906,0.39978131651878357,30.110157012939453,7.640690803527832,0.5137142539024353,44.77788162231445,1.1602038145065308,1.1612485647201538,77.54,1.330286979675293,0.03281677886843681,0.029730163514614105,7.90167236328125,0.0,0.0,0.2902383804321289,9.706320724944817e-07,0.0036004765424877405,0.8065626621246338,0.0,0.0,1.217267632484436,0.3886868953704834,0.021102454513311386,0.358100563287735,0.02006947435438633,0.6841948628425598,0.2821640968322754,0.014195211231708527,0.000869434792548418,0.48705339431762695,0.9892933964729309,0.0,0.7396124005317688,0.29806771874427795,0.00045674771536141634,0.018063649535179138,0.0,0.0,0.3461678922176361,0.03458067774772644,0.00017936562653630972,1.2602450847625732,0.0,0.0
141,2.2084720134735107,0.30699294805526733,21.91015625,7.322654724121094,0.41144829988479614,48.45792770385742,1.0492640733718872,1.0516029596328735,211.97,1.1944524049758911,0.05056164786219597,0.031156403943896294,5.4749836921691895,0.0,0.0,0.3257000744342804,6.575041334144771e-05,0.004512502811849117,0.856446385383606,0.0,0.0,1.335777997970581,0.3732617199420929,0.02192825637757778,0.41483286023139954,0.02135518565773964,0.7757673859596252,0.26823434233665466,0.009548092260956764,0.0009019392309710383,0.42429494857788086,0.9745657444000244,0.0,0.699739396572113,0.30317798256874084,0.0004446815000846982,0.016888301819562912,0.0,0.0,0.3488996624946594,0.04300077259540558,9.295545896748081e-05,1.2885960340499878,0.0,0.0
142,3.6133058071136475,0.8841342926025391,20.69081687927246,2.9434292316436768,0.7246838808059692,46.3387565612793,0.9953678250312805,0.9964666962623596,110.79,0.7820807099342346,0.02358282543718815,0.0727652758359909,19.401569366455078,0.0,0.0,0.34215638041496277,1.5429714039782993e-05,0.0026492460165172815,0.6029940843582153,0.0,0.0,0.9798834323883057,0.5529486536979675,0.012203522026538849,0.1333535611629486,0.006949783302843571,0.2120613157749176,0.301484614610672,0.027931706979870796,0.0003267803112976253,0.8623197078704834,0.9960141777992249,0.0,0.9805775880813599,0.1582612544298172,0.0006612606812268496,0.02067931927740574,0.0,0.0,0.34258389472961426,0.0950787141919136,3.518191442708485e-05,1.2904810905456543,0.0,0.0
143,4.859951019287109,0.5964315533638,17.83806037902832,4.459920406341553,0.6385139226913452,59.12531661987305,0.9572054147720337,0.9612436294555664,438.89,1.0031675100326538,0.011821728199720383,0.04398034140467644,13.162672996520996,0.0,0.0,0.2983306050300598,8.359247658518143e-07,0.003098695306107402,0.716735303401947,0.0,0.0,1.1015690565109253,0.5432028770446777,0.015184571966528893,0.2203824669122696,0.01128454227000475,0.38010072708129883,0.29100552201271057,0.021303366869688034,0.00047193808131851256,0.714258074760437,0.9837931990623474,0.0,0.8798437118530273,0.21477916836738586,0.0005735774175263941,0.02008240856230259,0.0,0.0,0.3431933522224426,0.05776172876358032,9.48245360632427e-05,1.2800613641738892,0.0,0.0
144,4.746040344238281,0.8697926998138428,28.29094123840332,4.913961887359619,0.40412983298301697,58.49569320678711,1.0223220586776733,1.021020531654358,124.69,1.3541460037231445,0.010151674970984459,0.03757593408226967,10.439064025878906,0.0,0.0,0.35382646322250366,2.9446446205838583e-05,0.002614726312458515,0.6183380484580994,0.0,0.0,1.3563897609710693,0.7147306203842163,0.01962289772927761,0.3057011067867279,0.017260069027543068,0.5507709383964539,0.2709316313266754,0.010972017422318459,0.0007573041366413236,0.4499305188655853,0.9823630452156067,0.0,0.750113844871521,0.21398939192295074,0.000475333072245121,0.018028628081083298,0.0,0.0,0.3501562774181366,0.044816307723522186,7.922700024209917e-05,1.2928485870361328,0.0,0.0
145,3.894375801086426,0.6361703276634216,18.436416625976562,7.077579975128174,0.7269862294197083,56.20723342895508,1.096136450767517,1.0934340953826904,225.47,0.9465562105178833,0.0067822132259607315,0.0538477785885334,14.021347045898438,0.0,0.0,0.30324405431747437,8.006213079170266e-07,0.0029370817355811596,0.6999269723892212,0.0,0.0,1.0454143285751343,0.5485184788703918,0.015314226038753986,0.2503071129322052,0.012419484555721283,0.4519990384578705,0.2992710471153259,0.025652145966887474,0.0005303267389535904,0.7627369165420532,0.9906377792358398,0.0,0.9167599081993103,0.19204019010066986,0.0006034210091456771,0.02034541592001915,0.0,0.0,0.34134161472320557,0.06810351461172104,6.737229705322534e-05,1.2854596376419067,0.0,0.0
146,1.0200570821762085,0.7331171631813049,17.001693725585938,6.496699810028076,0.622239887714386,49.90833282470703,1.0793887376785278,1.0812753438949585,161.65,0.8547205924987793,0.0066892304457724094,0.09133302420377731,13.891257286071777,0.0,0.0,0.34214624762535095,7.1472764830105e-05,0.0034308203030377626,0.661709189414978,0.0,0.0,1.125423789024353,0.49751225113868713,0.017689362168312073,0.29317042231559753,0.014975112862884998,0.5278612375259399,0.28892797231674194,0.02053174003958702,0.0006150572444312274,0.6464720964431763,0.9791155457496643,0.0,0.840628445148468,0.21658502519130707,0.0005444916314445436,0.019220132380723953,0.0,0.0,0.34362173080444336,0.051530953496694565,7.397366425720975e-05,1.2895262241363525,0.0,0.0
147,2.6877968311309814,0.08207359910011292,19.15699577331543,1.530515432357788,0.6047618389129639,47.24825668334961,0.8371254801750183,0.8438729643821716,955.16,0.8809389472007751,0.19279077649116516,0.024203158915042877,2.252347469329834,0.0,0.0,0.3712957501411438,0.00015677064948249608,0.004046021960675716,0.973912239074707,0.0,0.0,1.0102847814559937,0.6387098431587219,0.013593506999313831,0.1162208840250969,0.006957274861633778,0.16576413810253143,0.29193636775016785,0.023295244202017784,0.0003190245188307017,0.7529913783073425,0.988476574420929,0.0,0.8957454562187195,0.18778322637081146,0.0006159049808047712,0.018386611714959145,0.0,0.0,0.3455747663974762,0.09570537507534027,3.178780752932653e-05,1.2866054773330688,0.0,0.0
148,3.2169463634490967,0.8899400234222412,27.443191528320312,4.1924638748168945,0.7591594457626343,46.43498611450195,1.1887916326522827,1.1867998838424683,141.17,0.8797277212142944,0.024074671790003777,0.07647886872291565,16.40022087097168,0.0,0.0,0.3436126708984375,2.2630141756962985e-05,0.0025158936623483896,0.5974134206771851,0.0,0.0,0.966499388217926,0.5412891507148743,0.012873279862105846,0.15311112999916077,0.008177363313734531,0.25683242082595825,0.3069227635860443,0.031155766919255257,0.00039828428998589516,0.862705409526825,0.9995036125183105,0.0,0.9961527585983276,0.14822004735469818,0.0006564104114659131,0.020884405821561813,0.0,0.0,0.34087979793548584,0.09301328659057617,5.122267612023279e-05,1.2793781757354736,0.0,0.0
149,3.9670827388763428,0.456118106842041,19.37984275817871,6.071563243865967,0.6600366234779358,41.289581298828125,1.0762896537780762,1.0757877826690674,43.34,1.0240283012390137,0.031006168574094772,0.03947853669524193,11.412806510925293,0.0,0.0,0.296762615442276,1.4885453310853336e-05,0.003122366964817047,0.7788757085800171,0.0,0.0,1.1225690841674805,0.4654849171638489,0.016582215204834938,0.2581104636192322,0.013133976608514786,0.4663409888744354,0.2939370572566986,0.022517995908856392,0.0005664962227456272,0.6967980265617371,0.9867844581604004,0.0,0.8608087301254272,0.22463537752628326,0.0005560180288739502,0.019464517012238503,0.0,0.0,0.3431578576564789,0.05830371379852295,0.0001061394068528898,1.2815520763397217,0.0,0.0
150,3.78456711769104,0.7817912697792053,27.02129554748535,3.073507308959961,0.5257482528686523,40.00221633911133,1.0282597541809082,1.027592658996582,63.13,0.9734763503074646,0.006896018050611019,0.05463026836514473,19.306663513183594,0.0,0.0,0.33123236894607544,1.0476594070496503e-05,0.0030666848178952932,0.6458315253257751,0.0,0.0,1.1198886632919312,0.4409870207309723,0.015966596081852913,0.19027775526046753,0.011479659005999565,0.3252328336238861,0.2853739857673645,0.017017152160406113,0.000534044171217829,0.6035900115966797,0.986319899559021,0.0,0.798902690410614,0.2637723386287689,0.0005092816427350044,0.019196568056941032,0.0,0.0,0.34733137488365173,0.03999990597367287,0.0001728111965348944,1.26410710811615,0.0,0.0
151,3.270353078842163,0.8626161217689514,42.05416488647461,2.086454391479492,0.42529284954071045,58.49814987182617,1.0093353986740112,1.0045617818832397,470.8,1.300014615058899,0.006339543499052525,0.04989387467503548,9.411137580871582,0.0,0.0,0.35497531294822693,2.3448221327271312e-05,0.0019773601088672876,0.6313376426696777,0.0,0.0,1.2368648052215576,0.7946430444717407,0.016004355624318123,0.16404980421066284,0.010985887609422207,0.26145610213279724,0.2783677279949188,0.013750795274972916,0.0005552642396651208,0.5312920212745667,0.9907916188240051,0.0,0.7839066386222839,0.20225615799427032,0.0004949120339006186,0.01890288107097149,0.0,0.0,0.3516083359718323,0.04373253509402275,0.00015342245751526207,1.2712059020996094,0.0,0.0
152,1.677635908126831,0.5201399326324463,36.946502685546875,1.789035439491272,0.44861236214637756,53.19330596923828,0.9843813180923462,0.9850594401359558,69.93,1.2131577730178833,0.0109055545181036,0.05607755854725838,6.8465094566345215,0.0,0.0,0.33300185203552246,8.031110337469727e-05,0.0032403075601905584,0.7602848410606384,0.0,0.0,1.1800538301467896,0.6784305572509766,0.015501356683671474,0.1479514092206955,0.009940636344254017,0.23045668005943298,0.2810450792312622,0.015122140757739544,0.000507136806845665,0.5615943670272827,0.9910765290260315,0.0,0.7874087691307068,0.22013604640960693,0.0005089460755698383,0.018696049228310585,0.0,0.0,0.35103386640548706,0.05102984979748726,0.00012737361248582602,1.2728002071380615,0.0,0.0
153,1.3400944471359253,0.4427646994590759,19.65007209777832,5.710176467895508,0.715871274471283,46.825286865234375,1.1524684429168701,1.1544770002365112,150.96,0.8879542946815491,0.03652315214276314,0.0739305168390274,8.294270515441895,0.0,0.0,0.3307141661643982,0.00010171699250349775,0.003394999774172902,0.7818732261657715,0.0,0.0,1.009870171546936,0.5596629977226257,0.015219430439174175,0.21746991574764252,0.011151865124702454,0.38518428802490234,0.3002380132675171,0.027264930307865143,0.000503706221934408,0.7716695666313171,0.9897931218147278,0.0,0.9362790584564209,0.17259153723716736,0.00062613032059744,0.01976865902543068,0.0,0.0,0.34208768606185913,0.09415223449468613,3.848171763820574e-05,1.289171576499939,0.0,0.0
154,2.4869489669799805,0.46980932354927063,14.191123008728027,3.0648529529571533,0.7812374830245972,57.987972259521484,0.8682941794395447,0.8677984476089478,65.79,0.8239743113517761,0.026933690533041954,0.06970500946044922,9.722840309143066,0.0,0.0,0.31297028064727783,3.518247103784233e-05,0.0032238122075796127,0.7699110507965088,0.0,0.0,0.9505633115768433,0.515020489692688,0.010597268119454384,0.11867411434650421,0.005358829163014889,0.17721213400363922,0.30385422706604004,0.031484536826610565,0.0002511053462512791,0.9487119317054749,0.9888349175453186,0.0,1.0714778900146484,0.14060042798519135,0.0007173735066317022,0.02155536413192749,0.0,0.0,0.34086477756500244,0.09237251430749893,5.46109295100905e-05,1.2751989364624023,0.0,0.0
155,2.368370294570923,0.2794803977012634,14.642903327941895,6.7199883460998535,0.5213397145271301,48.66590118408203,0.9547037482261658,0.9570154547691345,253.01,1.1236885786056519,0.0655585452914238,0.03213057294487953,4.7603230476379395,0.0,0.0,0.3264000117778778,9.390210470883176e-05,0.0039414227940142155,0.8697037100791931,0.0,0.0,1.2518317699432373,0.39489874243736267,0.019751345738768578,0.3613400161266327,0.01748214289546013,0.6537200212478638,0.27653881907463074,0.01465783640742302,0.0006808266043663025,0.5487344861030579,0.9719976186752319,0.0,0.7782610654830933,0.2585724890232086,0.000491673534270376,0.018026335164904594,0.0,0.0,0.3451136648654938,0.048457931727170944,0.00010714821110013872,1.2842715978622437,0.0,0.0
156,5.560945987701416,0.07672107964754105,21.83837127685547,5.99078369140625,0.6488960385322571,58.04316711425781,1.1108481884002686,1.1043815612792969,527.11,1.2918647527694702,0.2151803821325302,0.017006095498800278,1.3815748691558838,0.0,0.0,0.3311294615268707,0.00010114756150869653,0.00402727909386158,0.9772140979766846,0.0,0.0,1.1136069297790527,0.5884067416191101,0.01775655336678028,0.25980114936828613,0.013438544236123562,0.4700377881526947,0.2950747609138489,0.02386193908751011,0.0005898120580241084,0.6805369257926941,0.9932865500450134,0.0,0.8788509368896484,0.17148321866989136,0.000584831228479743,0.01820126362144947,0.0,0.0,0.34386250376701355,0.09449557214975357,3.466025009402074e-05,1.2923475503921509,0.0,0.0
157,4.446120738983154,0.38558387756347656,26.90032958984375,4.114940166473389,0.6930386424064636,40.24642562866211,1.1502101421356201,1.1511509418487549,71.05,1.0196659564971924,0.04612642899155617,0.03667831048369408,9.449408531188965,0.0,0.0,0.29745563864707947,2.575363942014519e-05,0.0032351985573768616,0.8119921684265137,0.0,0.0,0.9999828338623047,0.5255284309387207,0.014546348713338375,0.17708700895309448,0.009727412834763527,0.3039133846759796,0.301324725151062,0.02646438404917717,0.00046368074254132807,0.7725005745887756,0.9931437969207764,0.0,0.9367798566818237,0.19551806151866913,0.0006087671499699354,0.02038905955851078,0.0,0.0,0.34237849712371826,0.07603172957897186,0.00010188282612944022,1.264340877532959,0.0,0.0
158,5.333001613616943,0.5178016424179077,29.683473587036133,7.622146129608154,0.41516420245170593,62.89704513549805,1.0990759134292603,1.100042700767517,79.96,1.6510664224624634,0.022983575239777565,0.026215000078082085,5.574207782745361,0.0,0.0,0.29606661200523376,1.0575257647360559e-06,0.0031921362970024347,0.7504285573959351,0.0,0.0,1.4466848373413086,0.6766591668128967,0.022948263213038445,0.4116513133049011,0.02246667817234993,0.7816641926765442,0.2707770764827728,0.009948299266397953,0.0009260102524422109,0.41009029746055603,0.9886665344238281,0.0,0.7148829698562622,0.23000124096870422,0.0004484452656470239,0.017383132129907608,0.0,0.0,0.3491809368133545,0.04201545938849449,6.448919884860516e-05,1.2977044582366943,0.0,0.0
159,3.699699878692627,0.5819276571273804,20.5085391998291,9.364544868469238,0.5964704751968384,57.82072067260742,1.1208726167678833,1.1213104724884033,34.84,1.1708375215530396,0.014224536716938019,0.04291870817542076,10.377052307128906,0.0,0.0,0.3023392856121063,9.446438298255089e-07,0.0031910298857837915,0.7247904539108276,0.0,0.0,1.1933481693267822,0.5289304852485657,0.020626883953809738,0.38797086477279663,0.019789310172200203,0.734303891658783,0.28611305356025696,0.017616432160139084,0.00077371223596856,0.5700986385345459,0.9883082509040833,0.0,0.8115525841712952,0.22554665803909302,0.0005181276937946677,0.018839778378605843,0.0,0.0,0.34322312474250793,0.04900442808866501,9.851984941633418e-05,1.2860130071640015,0.0,0.0
160,4.651216983795166,0.9250669479370117,14.679924011230469,7.511966228485107,0.6277800798416138,43.076175689697266,0.9139754772186279,0.9204897284507751,774.3,0.9312309622764587,0.0203710924834013,0.04965071380138397,22.807823181152344,0.0,0.0,0.35522565245628357,5.0361752073513344e-05,0.00229898770339787,0.5935670137405396,0.0,0.0,1.2242673635482788,0.4461660087108612,0.01777479611337185,0.3346652090549469,0.015496805310249329,0.6064168214797974,0.28517991304397583,0.018932150676846504,0.0005951151833869517,0.6525439620018005,0.975028395652771,0.0,0.82494056224823,0.22744271159172058,0.0005167141207493842,0.01898832991719246,0.0,0.0,0.3434005677700043,0.045181602239608765,9.55583163886331e-05,1.2877856492996216,0.0,0.0
161,5.549241065979004,0.7241188287734985,15.968729972839355,7.668883800506592,0.49392837285995483,48.886531829833984,0.890214204788208,0.8882807493209839,244.51,1.089454174041748,0.007895574904978275,0.03827565908432007,16.78085708618164,0.0,0.0,0.3160356283187866,1.6770254660514183e-06,0.002696983516216278,0.6677063703536987,0.0,0.0,1.368405818939209,0.3921923041343689,0.02045171894133091,0.4179616868495941,0.0191741231828928,0.7574203014373779,0.2712257504463196,0.01176422368735075,0.0006981039769016206,0.5178520083427429,0.9633762240409851,0.0,0.7519169449806213,0.27960866689682007,0.0004658352117985487,0.018435027450323105,0.0,0.0,0.3457980751991272,0.033076073974370956,9.582401253283024e-05,1.2878963947296143,0.0,0.0
162,5.523065567016602,0.5762001276016235,18.106464385986328,6.5550947189331055,0.44827738404273987,43.956329345703125,0.9190263748168945,0.9190927147865295,7.85,1.1979331970214844,0.015104327350854874,0.03264836221933365,13.981368064880371,0.0,0.0,0.2977195382118225,1.0390160696260864e-06,0.003035775851458311,0.729327917098999,0.0,0.0,1.4274802207946777,0.3837994933128357,0.020262429490685463,0.3858051002025604,0.01854304037988186,0.6989624500274658,0.268998384475708,0.010590548627078533,0.0007134720217436552,0.4851807653903961,0.9656670093536377,0.0,0.6998326182365417,0.31616753339767456,0.00043501367326825857,0.017527632415294647,0.0,0.0,0.3478584885597229,0.03092878684401512,9.337776282336563e-05,1.288274884223938,0.0,0.0
163,5.961935043334961,0.1718575358390808,23.437084197998047,6.103143692016602,0.622352123260498,42.898773193359375,1.1132993698120117,1.1126512289047241,52.32,1.1551599502563477,0.12099383771419525,0.024769896641373634,4.126595497131348,0.0,0.0,0.3085004389286041,6.109281093813479e-05,0.003704116912558675,0.9272542595863342,0.0,0.0,1.1138132810592651,0.4821874499320984,0.01796366274356842,0.27130573987960815,0.01427482534199953,0.4991194009780884,0.292728990316391,0.021115334704518318,0.0006361925625242293,0.6435427665710449,0.9905024766921997,0.0,0.834787905216217,0.22534379363059998,0.0005428363219834864,0.018368657678365707,0.0,0.0,0.3444405198097229,0.07677014917135239,8.48575436975807e-05,1.2786856889724731,0.0,0.0
164,5.332186698913574,0.9920104146003723,26.218313217163086,5.329499244689941,0.43951791524887085,49.43902587890625,1.018083930015564,1.0195196866989136,138.33,1.0623384714126587,0.021347856149077415,0.04129386693239212,15.538969993591309,0.0,0.0,0.3890211284160614,0.00010768771608127281,0.0025928551331162453,0.5771201252937317,0.0,0.0,1.2650927305221558,0.5333507061004639,0.019410060718655586,0.3158702850341797,0.017175039276480675,0.5721620321273804,0.2730919122695923,0.011936814524233341,0.000751405896153301,0.47469037771224976,0.9768821597099304,0.0,0.7656739354133606,0.23138180375099182,0.0004837372980546206,0.018196381628513336,0.0,0.0,0.34899330139160156,0.04472152143716812,0.00010337519779568538,1.2843217849731445,0.0,0.0
165,3.25935435295105,0.6010744571685791,29.216262817382812,6.7193193435668945,0.5273571014404297,52.22026062011719,1.1691714525222778,1.1690361499786377,9.9,1.2579549551010132,0.011005546897649765,0.04446779936552048,9.029857635498047,0.0,0.0,0.3094993531703949,1.0159642442886252e-06,0.0035981214605271816,0.7147787809371948,0.0,0.0,1.2181438207626343,0.5717573165893555,0.020330002531409264,0.32414865493774414,0.018411269411444664,0.6043527722358704,0.28399917483329773,0.015934666618704796,0.0007943761884234846,0.5160105228424072,0.9890040159225464,0.0,0.7753420472145081,0.2364269196987152,0.0004927918198518455,0.01849548891186714,0.0,0.0,0.34600573778152466,0.04331543669104576,0.00011808977433247492,1.2801967859268188,0.0,0.0
166,2.3185226917266846,0.59669029712677,33.058555603027344,6.055803298950195,0.4220755696296692,59.21041488647461,1.1310571432113647,1.1297814846038818,99.83,1.4399234056472778,0.00987991038709879,0.04466566815972328,6.708930492401123,0.0,0.0,0.3203720152378082,3.1007664347271202e-06,0.0037103642243891954,0.723118245601654,0.0,0.0,1.350204586982727,0.6557498574256897,0.02113187499344349,0.3347468674182892,0.01969180256128311,0.6229042410850525,0.27433130145072937,0.011173057369887829,0.0008809645660221577,0.42859718203544617,0.988220751285553,0.0,0.7161914706230164,0.23920421302318573,0.00045312888687476516,0.017555788159370422,0.0,0.0,0.34989824891090393,0.03967424854636192,8.688625530339777e-05,1.2903459072113037,0.0,0.0
167,1.4193278551101685,0.10273554921150208,30.716699600219727,4.703309059143066,0.5890907645225525,40.23843765258789,1.1958715915679932,1.1949723958969116,62.92,1.1565070152282715,0.09071975201368332,0.03400230035185814,1.5963125228881836,0.0,0.0,0.3851843476295471,0.0002666428918018937,0.004094084724783897,0.9591326713562012,0.0,0.0,1.0435802936553955,0.5274121165275574,0.01758902706205845,0.2291874885559082,0.01358264684677124,0.4072064459323883,0.2922368347644806,0.021320313215255737,0.0006431371439248323,0.6222838759422302,0.9919047951698303,0.0,0.817733108997345,0.22141030430793762,0.0005111522623337805,0.017844218760728836,0.0,0.0,0.34460362792015076,0.06845509260892868,0.00013449453399516642,1.2481346130371094,0.0,0.0
168,1.518349528312683,0.7585716247558594,16.052614212036133,2.2797605991363525,0.6981210112571716,46.05604553222656,0.8890393376350403,0.8810880780220032,1015.07,0.7016491889953613,0.005501369945704937,0.10404536128044128,15.958883285522461,0.0,0.0,0.33823248744010925,4.330166848376393e-05,0.0029820359777659178,0.6476502418518066,0.0,0.0,0.9778541922569275,0.5658803582191467,0.011868789792060852,0.12129123508930206,0.006490903906524181,0.18214578926563263,0.29763272404670715,0.02635379694402218,0.00028293475043028593,0.8537196516990662,0.9927166700363159,0.0,0.9915527701377869,0.1605168879032135,0.0006717945798300207,0.0211113840341568,0.0,0.0,0.3432852625846863,0.09540094435214996,3.667988858069293e-05,1.2907499074935913,0.0,0.0
169,3.1145458221435547,0.77077716588974,26.713970184326172,8.482754707336426,0.40727248787879944,58.5589485168457,1.1027772426605225,1.1034533977508545,55.57,1.3313199281692505,0.006390952039510012,0.04368941858410835,10.043420791625977,0.0,0.0,0.3330242931842804,1.221555748998071e-06,0.0034893734846264124,0.6522299647331238,0.0,0.0,1.3957922458648682,0.5271825194358826,0.023243611678481102,0.45107120275497437,0.024176599457859993,0.860191285610199,0.26834195852279663,0.008823469281196594,0.0009776507504284382,0.39707109332084656,0.9825475215911865,0.0,0.6980005502700806,0.2629292607307434,0.0004343351465649903,0.017388081178069115,0.0,0.0,0.3487500846385956,0.03292110189795494,7.84496296546422e-05,1.2931879758834839,0.0,0.0
170,2.2155590057373047,0.9875432252883911,11.126441955566406,8.933182716369629,0.6934129595756531,43.42750930786133,0.9094737768173218,0.9137359261512756,512.88,0.8397447466850281,0.030530307441949844,0.08009275048971176,17.234710693359375,0.0,0.0,0.37715858221054077,9.01819730643183e-05,0.002296827733516693,0.5730571746826172,0.0,0.0,1.1788350343704224,0.5042884945869446,0.017244845628738403,0.341004341840744,0.015008090995252132,0.6034741997718811,0.2899685502052307,0.023074887692928314,0.000553182209841907,0.7155221700668335,0.967886209487915,0.0,0.8614460825920105,0.19508974254131317,0.0005374905304051936,0.019354473799467087,0.0,0.0,0.34205034375190735,0.046519048511981964,8.987688488559797e-05,1.2897567749023438,0.0,0.0
171,2.310530662536621,0.40049275755882263,13.054452896118164,3.5612361431121826,0.5668992400169373,46.84648132324219,0.840337872505188,0.8454419374465942,718.42,1.0137790441513062,0.03642067685723305,0.04706058278679848,7.528594017028809,0.0,0.0,0.3188716173171997,7.141836977098137e-05,0.0035545770078897476,0.8085193037986755,0.0,0.0,1.182638168334961,0.4578127861022949,0.015710119158029556,0.2187357395887375,0.011168712750077248,0.35990050435066223,0.28217649459838867,0.018455108627676964,0.0004436797462403774,0.6640647053718567,0.9689093828201294,0.0,0.8374502062797546,0.2306419163942337,0.0005346640828065574,0.01926199160516262,0.0,0.0,0.34477463364601135,0.050039444118738174,0.00011747323151212186,1.280452847480774,0.0,0.0
172,3.6929683685302734,0.4557363986968994,25.094371795654297,2.573312997817993,0.6008943319320679,45.90745544433594,1.0161503553390503,1.0158146619796753,32.52,1.0296127796173096,0.028942812234163284,0.04219479113817215,9.561832427978516,0.0,0.0,0.30481353402137756,2.6451354642631486e-05,0.0034788900520652533,0.7796781659126282,0.0,0.0,1.0674316883087158,0.6052247285842896,0.014729340560734272,0.15636257827281952,0.009234022349119186,0.25280094146728516,0.2927456796169281,0.02198723889887333,0.0004302323504816741,0.7064226269721985,0.9909833669662476,0.0,0.8795660734176636,0.2015359103679657,0.0005861396784894168,0.019602449610829353,0.0,0.0,0.3454638719558716,0.0754150003194809,6.684965774184093e-05,1.2817684412002563,0.0,0.0
173,2.4973807334899902,0.43320173025131226,23.138879776000977,7.046463489532471,0.6751548647880554,54.94075393676758,1.1990268230438232,1.198142409324646,61.56,1.0986930131912231,0.03935537487268448,0.0501270592212677,6.960844993591309,0.0,0.0,0.31380343437194824,5.655562927131541e-05,0.0034365467727184296,0.7890823483467102,0.0,0.0,1.0876624584197998,0.5803040266036987,0.017788177356123924,0.2702069878578186,0.01431749202311039,0.49487319588661194,0.29719406366348267,0.024666791781783104,0.0006293606711551547,0.6830471754074097,0.9909401535987854,0.0,0.9091832041740417,0.17240968346595764,0.000599060149397701,0.019559497013688087,0.0,0.0,0.3423449695110321,0.08496367931365967,4.827982411370613e-05,1.2893294095993042,0.0,0.0
174,4.94586706161499,0.6058526635169983,32.27801513671875,9.906147003173828,0.4214240312576294,58.61441421508789,1.1639808416366577,1.1606662273406982,245.35,1.6098661422729492,0.011639389209449291,0.028884759172797203,7.45175838470459,0.0,0.0,0.3019586503505707,1.0998994639521698e-06,0.0032671575900167227,0.7136855125427246,0.0,0.0,1.4086254835128784,0.5323745608329773,0.02475932240486145,0.48032325506210327,0.026658006012439728,0.9330780506134033,0.2704607844352722,0.00883268192410469,0.0010844534263014793,0.38239580392837524,0.9898021221160889,0.0,0.7041017413139343,0.2593713104724884,0.0004329004150349647,0.017489386722445488,0.0,0.0,0.34835609793663025,0.03317755460739136,0.00010018959437729791,1.2858613729476929,0.0,0.0
175,2.9543755054473877,0.7052154541015625,30.301288604736328,5.776632308959961,0.46875154972076416,42.25809860229492,1.124354362487793,1.1254328489303589,85.23,1.096599817276001,0.005314947105944157,0.05322076007723808,14.894118309020996,0.0,0.0,0.32445624470710754,1.207512354994833e-06,0.0037491058465093374,0.6735404133796692,0.0,0.0,1.1975237131118774,0.351578950881958,0.019477399066090584,0.3073342740535736,0.017924344167113304,0.5722071528434753,0.27881062030792236,0.01274956576526165,0.0008075617952272296,0.4758855402469635,0.9832791090011597,0.0,0.7192848324775696,0.32857802510261536,0.0004422689962666482,0.01828937791287899,0.0,0.0,0.348048597574234,0.025724109262228012,0.00020032319298479706,1.2546584606170654,0.0,0.0
176,4.137543678283691,0.9988178014755249,23.00643539428711,7.458635330200195,0.5864762663841248,66.72832489013672,1.116099238395691,1.115726113319397,29.96,1.1205356121063232,0.01842769980430603,0.05280425027012825,12.526083946228027,0.0,0.0,0.3794260025024414,5.02075235999655e-05,0.0019581872038543224,0.5702783465385437,0.0,0.0,1.1768507957458496,0.601503312587738,0.019692957401275635,0.3352070748806,0.017634335905313492,0.6197883486747742,0.2865408957004547,0.01866789720952511,0.0007123035029508173,0.5805197954177856,0.9879025220870972,0.0,0.8664147257804871,0.16935835778713226,0.0005460534011945128,0.019314251840114594,0.0,0.0,0.3435223400592804,0.05923561379313469,7.774296682327986e-05,1.2847352027893066,0.0,0.0
177,5.660465717315674,0.7156031131744385,37.906280517578125,5.4309983253479,0.4200544059276581,50.51669692993164,1.1140652894973755,1.1155493259429932,119.41,1.4640711545944214,0.005039948970079422,0.03415766730904579,10.235625267028809,0.0,0.0,0.3205620348453522,3.087349114139215e-06,0.003143265610560775,0.674382209777832,0.0,0.0,1.2717571258544922,0.48668989539146423,0.019802166149020195,0.30473366379737854,0.01859503611922264,0.5604410171508789,0.274565726518631,0.010889456607401371,0.0008548576151952147,0.43486592173576355,0.9870486259460449,0.0,0.725309431552887,0.28052160143852234,0.0004382885235827416,0.018393192440271378,0.0,0.0,0.3497995138168335,0.027036866173148155,0.0002062890853267163,1.252936601638794,0.0,0.0
178,2.713249921798706,0.8512532711029053,12.896624565124512,7.288087368011475,0.45233872532844543,56.77309799194336,0.8617132306098938,0.8661640882492065,596.32,1.0231273174285889,0.006999205332249403,0.05683811753988266,16.993417739868164,0.0,0.0,0.34767818450927734,4.608882136380998e-06,0.0029792028944939375,0.6257522106170654,0.0,0.0,1.3503137826919556,0.30787912011146545,0.019901037216186523,0.42383551597595215,0.020103760063648224,0.7678655982017517,0.2654482126235962,0.009754947386682034,0.000720425508916378,0.49122291803359985,0.9649518728256226,0.0,0.7031078338623047,0.3388351798057556,0.0004214797809254378,0.01778692565858364,0.0,0.0,0.3450297713279724,0.021989965811371803,0.00014423469838220626,1.2724547386169434,0.0,0.0
179,3.7366697788238525,0.5227699875831604,22.03968048095703,2.9824023246765137,0.5711129307746887,45.70974349975586,0.9843833446502686,0.97987300157547,467.6,0.9814221262931824,0.017698761075735092,0.04487459734082222,12.31242561340332,0.0,0.0,0.3039218783378601,9.776465958566405e-06,0.00348919746465981,0.750202476978302,0.0,0.0,1.10591721534729,0.5176516175270081,0.015307714231312275,0.18178562819957733,0.010388600639998913,0.301912397146225,0.28809991478919983,0.019405540078878403,0.00046901183668524027,0.664725124835968,0.9841532707214355,0.0,0.8488337397575378,0.22629275918006897,0.0005632907268591225,0.019486965611577034,0.0,0.0,0.34599411487579346,0.061873555183410645,7.467441173503175e-05,1.2843843698501587,0.0,0.0
180,1.5547839403152466,0.5297307968139648,36.83199691772461,4.045471668243408,0.496478796005249,41.89521026611328,1.1385047435760498,1.1393506526947021,65.21,1.204836130142212,0.007893675938248634,0.06245400384068489,8.692939758300781,0.0,0.0,0.3293567895889282,8.080852421699092e-05,0.0038095235358923674,0.7474547028541565,0.0,0.0,1.0910649299621582,0.3953709602355957,0.017293360084295273,0.22645942866802216,0.014451821334660053,0.40527161955833435,0.2840747833251953,0.015202706679701805,0.0006945221684873104,0.5363442301750183,0.9931589365005493,0.0,0.7817719578742981,0.27826154232025146,0.0004652847128454596,0.01916518062353134,0.0,0.0,0.34743985533714294,0.028554853051900864,0.0002946233726106584,1.2254934310913086,0.0,0.0
181,2.3643667697906494,0.30415332317352295,16.224464416503906,6.1570963859558105,0.5294073224067688,46.35957717895508,0.9873953461647034,0.9871900081634521,21.07,1.1202306747436523,0.05760539695620537,0.0350838303565979,5.375109672546387,0.0,0.0,0.3247077465057373,8.837704081088305e-05,0.0038632946088910103,0.8559419512748718,0.0,0.0,1.2573908567428589,0.42666095495224,0.019306069239974022,0.3324476480484009,0.016505729407072067,0.594837486743927,0.2788902521133423,0.015758220106363297,0.000664222112391144,0.5603638291358948,0.972034215927124,0.0,0.7773476243019104,0.25373324751853943,0.0004948506248183548,0.01798364892601967,0.0,0.0,0.3454959988594055,0.049874089658260345,0.00010100482177222148,1.2860394716262817,0.0,0.0
182,3.5312979221343994,0.9806779623031616,25.523162841796875,7.773905277252197,0.5315556526184082,59.4813346862793,1.1377049684524536,1.1376161575317383,6.86,1.151445746421814,0.01843041554093361,0.053536493331193924,12.167139053344727,0.0,0.0,0.377301424741745,4.9003811000147834e-05,0.0025908297393471003,0.576668918132782,0.0,0.0,1.228452205657959,0.6253746151924133,0.02117457054555416,0.36479902267456055,0.01978757604956627,0.6930490732192993,0.2819737195968628,0.01566230319440365,0.000812144426163286,0.5129783749580383,0.9919443130493164,0.0,0.809775173664093,0.1872379630804062,0.0005116680404171348,0.01843547448515892,0.0,0.0,0.34533095359802246,0.05466959998011589,7.075026223901659e-05,1.2905738353729248,0.0,0.0
183,5.159630298614502,0.7248362898826599,13.011844635009766,7.495762825012207,0.5519424676895142,53.78038787841797,0.8142639398574829,0.8203452229499817,910.4,1.0535463094711304,0.005964175332337618,0.0407768152654171,16.353303909301758,0.0,0.0,0.31354087591171265,1.0853730145754525e-06,0.0026310570538043976,0.6673668026924133,0.0,0.0,1.2891451120376587,0.3605467975139618,0.018674129620194435,0.3863701820373535,0.017635798081755638,0.6926063895225525,0.27571210265159607,0.014054686762392521,0.0006234973552636802,0.582764208316803,0.9674572348594666,0.0,0.7785348892211914,0.2833595275878906,0.0004762060707435012,0.019065717235207558,0.0,0.0,0.3436708152294159,0.029197240248322487,0.00013186036085244268,1.276877522468567,0.0,0.0
184,5.841612339019775,0.374481201171875,17.64604949951172,5.025807857513428,0.623365581035614,55.43675994873047,0.9460534453392029,0.9528636932373047,755.47,1.0834546089172363,0.06043366342782974,0.03368229791522026,8.207880020141602,0.0,0.0,0.29083916544914246,1.77505880856188e-05,0.0034177356865257025,0.8197228908538818,0.0,0.0,1.1271013021469116,0.5127098560333252,0.016239620745182037,0.24783781170845032,0.012307959608733654,0.4374452531337738,0.28944477438926697,0.020445404574275017,0.0005130030331201851,0.6853851675987244,0.9832401275634766,0.0,0.8768160343170166,0.209926038980484,0.0005731990095227957,0.01954348385334015,0.0,0.0,0.3439945578575134,0.07117916643619537,7.317985728150234e-05,1.2851454019546509,0.0,0.0
185,4.31614351272583,0.9658909440040588,24.089290618896484,3.820568561553955,0.661983847618103,40.410072326660156,1.0765068531036377,1.0738407373428345,230.63,0.821516215801239,0.03262836113572121,0.062027763575315475,23.882320404052734,0.0,0.0,0.36474835872650146,5.020450771553442e-05,0.0024869884364306927,0.5771424770355225,0.0,0.0,1.0227786302566528,0.5363742709159851,0.014611420221626759,0.18127673864364624,0.009853958152234554,0.3094030022621155,0.29656583070755005,0.02401505969464779,0.00045858847443014383,0.7459582090377808,0.9867652654647827,0.0,0.9155074954032898,0.19245155155658722,0.0005945181474089622,0.02018408291041851,0.0,0.0,0.3435383141040802,0.06756702065467834,8.248059020843357e-05,1.2746573686599731,0.0,0.0
186,2.746293544769287,0.36463436484336853,30.43509864807129,3.5885233879089355,0.6290741562843323,46.253910064697266,1.1592415571212769,1.1548655033111572,326.87,1.0866252183914185,0.044691018760204315,0.04439230635762215,6.413661003112793,0.0,0.0,0.31921660900115967,7.73313659010455e-05,0.0034824153408408165,0.8203396797180176,0.0,0.0,1.0367110967636108,0.5965641140937805,0.015558090060949326,0.18121196329593658,0.010638782754540443,0.31067922711372375,0.2964645028114319,0.023695865646004677,0.0005033337511122227,0.7030715346336365,0.9963475465774536,0.0,0.8949161767959595,0.19390389323234558,0.0005835798219777644,0.019604185596108437,0.0,0.0,0.34402740001678467,0.07542677968740463,8.717471791896969e-05,1.2692216634750366,0.0,0.0
187,4.3219380378723145,0.04755547270178795,31.656692504882812,3.290269374847412,0.5889282822608948,50.429073333740234,1.1310155391693115,1.1318981647491455,68.94,1.3604844808578491,0.19399626553058624,0.011107057332992554,0.9904414415359497,0.0,0.0,0.3547782897949219,0.00014694345009047538,0.004060372244566679,0.9938309192657471,0.0,0.0,1.0937838554382324,0.6548843383789062,0.016612788662314415,0.18325476348400116,0.011040416546165943,0.3108678460121155,0.2935885488986969,0.022967558354139328,0.0005284578073769808,0.6630610227584839,1.0006992816925049,0.0,0.8626271486282349,0.1725422888994217,0.000570133444853127,0.018005911260843277,0.0,0.0,0.345747709274292,0.09419675916433334,5.452650293591432e-05,1.279021143913269,0.0,0.0
188,2.266972780227661,0.9251944422721863,26.55238914489746,3.0878427028656006,0.42545440793037415,46.73973083496094,0.9852141737937927,0.9861793518066406,99.34,0.9493291974067688,0.01316465437412262,0.0691734328866005,15.322397232055664,0.0,0.0,0.37509864568710327,5.6247237807838246e-05,0.003313682274892926,0.6030548214912415,0.0,0.0,1.212680459022522,0.5274568200111389,0.01702100597321987,0.21326379477977753,0.012949940748512745,0.36298227310180664,0.27528464794158936,0.012860204093158245,0.0006134898867458105,0.5081437826156616,0.9783854484558105,0.0,0.7531344890594482,0.2483675628900528,0.0004853386781178415,0.018231462687253952,0.0,0.0,0.3507138192653656,0.04256141930818558,0.0001079427165677771,1.2811174392700195,0.0,0.0
189,4.790380954742432,0.8516417145729065,26.814788818359375,3.7228469848632812,0.6113480925559998,78.68495178222656,1.0835834741592407,1.0831886529922485,33.64,1.3582570552825928,0.003215181175619364,0.04593585059046745,8.686792373657227,0.0,0.0,0.3385423421859741,1.0459020813868847e-06,0.0016090100398287177,0.61871737241745,0.0,0.0,1.174627423286438,0.6275172233581543,0.016052085906267166,0.19730086624622345,0.011445441283285618,0.33397218585014343,0.2929595410823822,0.022897491231560707,0.00048689282266423106,0.684501051902771,0.9977032542228699,0.0,0.8998156785964966,0.14799581468105316,0.0005756451282650232,0.020123150199651718,0.0,0.0,0.343921422958374,0.06322986632585526,8.738940232433379e-05,1.2832889556884766,0.0,0.0
190,1.5480166673660278,0.45961225032806396,21.591045379638672,9.210817337036133,0.5179411768913269,54.51220703125,1.1360257863998413,1.1371188163757324,84.61,1.1271319389343262,0.027702026069164276,0.05300283059477806,7.43251371383667,0.0,0.0,0.32356172800064087,6.13716256339103e-05,0.004129613284021616,0.7830104827880859,0.0,0.0,1.2226929664611816,0.4545436501502991,0.022391343489289284,0.4235885739326477,0.022074682638049126,0.8167009353637695,0.27887722849845886,0.01390924770385027,0.0008946563466452062,0.48802533745765686,0.9877274632453918,0.0,0.7740151882171631,0.2399805188179016,0.0004944753600284457,0.01795545592904091,0.0,0.0,0.3453374207019806,0.0510333888232708,7.663349970243871e-05,1.2901922464370728,0.0,0.0
191,1.1614490747451782,0.10637074708938599,33.84904098510742,4.743630886077881,0.439148485660553,51.55736541748047,1.127879023551941,1.1274731159210205,31.92,1.2778815031051636,0.08569661527872086,0.02705259434878826,1.2317109107971191,0.0,0.0,0.3877277970314026,0.00028018307057209313,0.004801162984222174,0.9641353487968445,0.0,0.0,1.2359212636947632,0.6357219219207764,0.019795531406998634,0.2742890417575836,0.016647683456540108,0.49813446402549744,0.2773781418800354,0.01327041070908308,0.0008035206701606512,0.46858423948287964,0.9913492798805237,0.0,0.7158891558647156,0.23438192903995514,0.0004544305265881121,0.016347255557775497,0.0,0.0,0.3500947058200836,0.06426830589771271,0.00010479608317837119,1.2747493982315063,0.0,0.0
192,1.335209608078003,0.9067828059196472,14.936803817749023,6.332859992980957,0.6664235591888428,49.75053787231445,1.0338764190673828,1.03860342502594,440.22,0.7783401012420654,0.017962006852030754,0.09914897382259369,17.052467346191406,0.0,0.0,0.3650258481502533,7.322412420762703e-05,0.0029012740124017,0.5975086092948914,0.0,0.0,1.0991580486297607,0.5196512341499329,0.016432959586381912,0.2695399224758148,0.013180993497371674,0.4773893356323242,0.29186201095581055,0.022831279784440994,0.000537998101208359,0.7081909775733948,0.9757063388824463,0.0,0.8793030381202698,0.19674089550971985,0.0005673782434314489,0.019656889140605927,0.0,0.0,0.3427187502384186,0.056533508002758026,7.019892655080184e-05,1.2885724306106567,0.0,0.0
193,5.242523193359375,0.19807647168636322,42.34126663208008,4.137875080108643,0.47369101643562317,53.74064636230469,1.1478604078292847,1.1459088325500488,148.37,1.6420665979385376,0.0751812756061554,0.017181677743792534,2.5369327068328857,0.0,0.0,0.3137708902359009,7.355173147516325e-05,0.0037632889579981565,0.9141157865524292,0.0,0.0,1.1983921527862549,0.5883340835571289,0.01850326545536518,0.23650547862052917,0.014947961084544659,0.4230959117412567,0.2816017270088196,0.01476501114666462,0.0007259827107191086,0.5116609930992126,0.9969940781593323,0.0,0.772708535194397,0.23517610132694244,0.0004770068626385182,0.01798417419195175,0.0,0.0,0.3485211431980133,0.050802163779735565,0.00021118717268109322,1.2512085437774658,0.0,0.0
194,2.223480224609375,0.8870102167129517,12.883260726928711,5.7408528327941895,0.7823179960250854,53.22099685668945,0.9450373649597168,0.9453200101852417,31.64,0.7016924023628235,0.020662331953644753,0.10034163296222687,19.288877487182617,0.0,0.0,0.34823471307754517,2.9739974706899375e-05,0.0025089429691433907,0.6024771332740784,0.0,0.0,0.9767911434173584,0.5177191495895386,0.01224120520055294,0.1926964968442917,0.008540444076061249,0.3268088400363922,0.3015468120574951,0.028956787660717964,0.0003756276855710894,0.8805814981460571,0.9795675873756409,0.0,1.0320956707000732,0.15792721509933472,0.0006775587098672986,0.021894602105021477,0.0,0.0,0.340689480304718,0.08377645164728165,5.654612323269248e-05,1.2819068431854248,0.0,0.0
195,4.046838283538818,0.49955907464027405,18.404613494873047,5.337857723236084,0.4209668040275574,49.659271240234375,0.9232003092765808,0.9217050075531006,175.73,1.1825350522994995,0.021351853385567665,0.03177381306886673,10.706416130065918,0.0,0.0,0.3004480302333832,1.1056961284339195e-06,0.003529005218297243,0.7636608481407166,0.0,0.0,1.386427640914917,0.3852030038833618,0.019114751368761063,0.3383590579032898,0.017183175310492516,0.602548360824585,0.2679373323917389,0.010261302813887596,0.0006969745736569166,0.47797104716300964,0.9679273366928101,0.0,0.6965728998184204,0.3248003125190735,0.00043911064858548343,0.01745334267616272,0.0,0.0,0.3483997583389282,0.032100170850753784,9.656207839725539e-05,1.2872394323349,0.0,0.0
196,3.7466065883636475,0.5238979458808899,37.83639144897461,2.524484634399414,0.640046238899231,40.81459426879883,1.1126245260238647,1.1084845066070557,335.68,1.2937684059143066,0.010775544680655003,0.045390620827674866,8.840313911437988,0.0,0.0,0.30240967869758606,1.865591730165761e-05,0.0027409677859395742,0.7481348514556885,0.0,0.0,1.0008625984191895,0.5708068609237671,0.013923303224146366,0.14392708241939545,0.008765227161347866,0.23153050243854523,0.29839542508125305,0.02444607950747013,0.00040299692773260176,0.7480102777481079,1.0005199909210205,0.0,0.9397888779640198,0.1962365210056305,0.0005594146787188947,0.021373337134718895,0.0,0.0,0.3423570692539215,0.04210285469889641,0.00031760556157678366,1.2178164720535278,0.0,0.0
197,4.433643817901611,0.9633401036262512,35.05421447753906,3.1159932613372803,0.7340253591537476,55.0174674987793,1.1789482831954956,1.1732810735702515,409.71,1.1013453006744385,0.032178670167922974,0.058294426649808884,11.852448463439941,0.0,0.0,0.3588881194591522,2.1387526430771686e-05,0.0018271805020049214,0.58037930727005,0.0,0.0,1.0220792293548584,0.5502964854240417,0.013084284961223602,0.13752000033855438,0.007477790582925081,0.22048814594745636,0.30595120787620544,0.031806617975234985,0.0003409826604183763,0.8594796061515808,1.0039458274841309,0.0,1.0262455940246582,0.11926209926605225,0.0006677939090877771,0.02102331817150116,0.0,0.0,0.34105977416038513,0.0935654491186142,4.902456566924229e-05,1.281867504119873,0.0,0.0
198,5.800577163696289,0.15172140300273895,24.384307861328125,6.999583721160889,0.5715591907501221,60.38724136352539,1.1241470575332642,1.12362802028656,41.09,1.4680397510528564,0.14730116724967957,0.020269906148314476,2.1173782348632812,0.0,0.0,0.31348925828933716,7.430126424878836e-05,0.0038704073522239923,0.9328692555427551,0.0,0.0,1.2089931964874268,0.6154497861862183,0.020355889573693275,0.3261169195175171,0.01722796820104122,0.6085028648376465,0.28739485144615173,0.018826011568307877,0.0007272019283846021,0.5699223875999451,0.9938358068466187,0.0,0.820156455039978,0.18795964121818542,0.000535914208739996,0.017751561477780342,0.0,0.0,0.3453015983104706,0.09253719449043274,4.565597191685811e-05,1.294556975364685,0.0,0.0
199,1.6329905986785889,0.3167678415775299,26.404573440551758,2.058626174926758,0.5403158664703369,41.043426513671875,0.990069568157196,0.9881998896598816,191.1,0.9294784069061279,0.04593900591135025,0.054062630981206894,6.598138332366943,0.0,0.0,0.3442555367946625,0.00014249859668780118,0.0037746336311101913,0.8475323915481567,0.0,0.0,1.0546131134033203,0.4818774163722992,0.01495571993291378,0.1470111757516861,0.009181290864944458,0.2327343225479126,0.2881002128124237,0.01925469934940338,0.000444098754087463,0.6509921550750732,0.9880257248878479,0.0,0.8280472755432129,0.23598629236221313,0.0005465803551487625,0.018732326105237007,0.0,0.0,0.3475109040737152,0.06724966317415237,8.975266246125102e-05,1.2701539993286133,0.0,0.0
200,4.178389549255371,0.206998810172081,22.482032775878906,5.316037178039551,0.5512110590934753,41.643646240234375,1.0708993673324585,1.0699766874313354,80.52,1.1379592418670654,0.09408716857433319,0.020974457263946533,4.66156530380249,0.0,0.0,0.31760653853416443,7.12131877662614e-05,0.0037903424818068743,0.9051569104194641,0.0,0.0,1.1763806343078613,0.43144744634628296,0.018449969589710236,0.27726247906684875,0.01481746044009924,0.5000632405281067,0.2854016125202179,0.01771768368780613,0.0006567587261088192,0.5828579664230347,0.9829182624816895,0.0,0.7902837991714478,0.25546443462371826,0.0005098034162074327,0.017966391518712044,0.0,0.0,0.3459864556789398,0.061235811561346054,0.00011710218677762896,1.277256727218628,0.0,0.0
201,3.3153576850891113,0.3740852475166321,21.40298080444336,4.162412166595459,0.6799265742301941,48.42719650268555,1.0843720436096191,1.0823520421981812,172.11,0.9810261726379395,0.057863544672727585,0.04188384860754013,7.865836143493652,0.0,0.0,0.309535950422287,5.014599082642235e-05,0.003485201159492135,0.8162831664085388,0.0,0.0,1.038630723953247,0.5814716815948486,0.014784210361540318,0.18855778872966766,0.009998353198170662,0.32193005084991455,0.29807141423225403,0.025688547641038895,0.0004590360913425684,0.7631028294563293,0.9900521636009216,0.0,0.930242121219635,0.179864764213562,0.0006245292024686933,0.019853658974170685,0.0,0.0,0.34310781955718994,0.09451153129339218,4.433997310115956e-05,1.2881065607070923,0.0,0.0
202,2.0612001419067383,0.6736486554145813,18.87481117248535,1.6980419158935547,0.7595347166061401,40.305973052978516,0.8524656295776367,0.8499607443809509,345.71,0.6949087977409363,0.00177177251316607,0.09497368335723877,13.829194068908691,0.0,0.0,0.32219091057777405,3.0160344977048226e-05,0.002752401866018772,0.6774898767471313,0.0,0.0,0.9171360731124878,0.5243628621101379,0.01003173552453518,0.08389769494533539,0.0041529047302901745,0.10966652631759644,0.3049219846725464,0.030927563086152077,0.00019527414406184107,0.9575700759887695,1.0050218105316162,0.0,1.0638915300369263,0.137516587972641,0.0007306117913685739,0.021788468584418297,0.0,0.0,0.3424631953239441,0.09567153453826904,3.1401446904055774e-05,1.2904760837554932,0.0,0.0
203,5.741888999938965,0.9384915232658386,40.569522857666016,4.222134590148926,0.5445345044136047,45.74900817871094,1.1594473123550415,1.1591460704803467,22.41,1.3215763568878174,0.013454790227115154,0.041657961905002594,12.900544166564941,0.0,0.0,0.3658515214920044,7.818853191565722e-05,0.0022447381634265184,0.5950616598129272,0.0,0.0,1.0783329010009766,0.5639996528625488,0.01729409024119377,0.2215653657913208,0.014070873148739338,0.3945411741733551,0.2880744934082031,0.018030844628810883,0.0006487392820417881,0.5800891518592834,0.9968296885490417,0.0,0.848061203956604,0.21453112363815308,0.0004919006605632603,0.0198967307806015,0.0,0.0,0.3448508679866791,0.03359483182430267,0.0003152539720758796,1.2187789678573608,0.0,0.0
204,4.824217319488525,0.9057862758636475,30.592710494995117,5.447634220123291,0.46567294001579285,49.785987854003906,1.0949851274490356,1.0950778722763062,7.73,1.2140229940414429,0.01312282308936119,0.042146313935518265,13.197281837463379,0.0,0.0,0.3599107265472412,4.521639129961841e-05,0.002897572936490178,0.6030791997909546,0.0,0.0,1.236493468284607,0.5841025114059448,0.019604181870818138,0.30182260274887085,0.017396314069628716,0.5541099309921265,0.27798616886138916,0.013416853733360767,0.0007747707422822714,0.48393964767456055,0.986599862575531,0.0,0.7763810157775879,0.22561092674732208,0.00048620806774124503,0.018511265516281128,0.0,0.0,0.3482934534549713,0.042537931352853775,0.00013759340799879283,1.2744725942611694,0.0,0.0
205,3.8570806980133057,0.29104042053222656,19.50388526916504,6.134018421173096,0.43622350692749023,54.78604507446289,0.9804573059082031,0.984789252281189,448.65,1.2343844175338745,0.0668812021613121,0.021575383841991425,5.071386814117432,0.0,0.0,0.30876198410987854,3.926864519598894e-05,0.004107135813683271,0.8612910509109497,0.0,0.0,1.3002445697784424,0.40855419635772705,0.02021791599690914,0.36352819204330444,0.018472820520401,0.6673583388328552,0.27032989263534546,0.010927311144769192,0.0007645737496204674,0.4718686044216156,0.9764583110809326,0.0,0.7414084076881409,0.278176873922348,0.0004739353316836059,0.017573395743966103,0.0,0.0,0.3477241098880768,0.04881126061081886,9.594239963917062e-05,1.2876620292663574,0.0,0.0
206,5.058790683746338,0.17466874420642853,20.765775680541992,8.023893356323242,0.6890987753868103,44.12689971923828,1.1438827514648438,1.1420992612838745,136.52,1.1045082807540894,0.13636334240436554,0.021530603989958763,4.13891077041626,0.0,0.0,0.31287890672683716,6.319260864984244e-05,0.0034616042394191027,0.9268366098403931,0.0,0.0,1.0786603689193726,0.5261234045028687,0.017877651378512383,0.29407063126564026,0.014649898745119572,0.5413139462471008,0.2974947690963745,0.02446926385164261,0.0006401975988410413,0.6919168829917908,0.9878045916557312,0.0,0.8890016078948975,0.1978732794523239,0.0005814055912196636,0.018941042944788933,0.0,0.0,0.3424394726753235,0.09221430867910385,6.703202234348282e-05,1.2811694145202637,0.0,0.0
207,3.8681869506835938,0.968679666519165,31.367691040039062,2.3430862426757812,0.6395555138587952,48.45981979370117,1.0671241283416748,1.0624867677688599,409.01,0.9753912687301636,0.03015536442399025,0.06335778534412384,14.876206398010254,0.0,0.0,0.3677663207054138,4.3038839066866785e-05,0.002177540212869644,0.5794169306755066,0.0,0.0,1.0265129804611206,0.6200635433197021,0.014058904722332954,0.1382034868001938,0.008284668438136578,0.21753934025764465,0.29774200916290283,0.025190964341163635,0.0003875083348248154,0.7568832039833069,0.9965598583221436,0.0,0.9344277381896973,0.15837803483009338,0.0006089418311603367,0.020162131637334824,0.0,0.0,0.34417179226875305,0.08098146319389343,6.930890958756208e-05,1.2746899127960205,0.0,0.0
208,2.6789424419403076,0.34011030197143555,22.484493255615234,9.66893196105957,0.42981329560279846,49.4163932800293,1.0960708856582642,1.0915828943252563,375.11,1.2297675609588623,0.047609228640794754,0.028354430571198463,6.712883949279785,0.0,0.0,0.31340157985687256,2.843096444848925e-05,0.004265741910785437,0.8396118879318237,0.0,0.0,1.3396525382995605,0.34392985701560974,0.023858344182372093,0.4934171438217163,0.025062205269932747,0.9492819309234619,0.2686738073825836,0.00913203228265047,0.0010125968838110566,0.4136761426925659,0.9797692894935608,0.0,0.6995351910591125,0.3087877929210663,0.0004400651960168034,0.01693650893867016,0.0,0.0,0.347701758146286,0.04010697081685066,9.46605796343647e-05,1.2881381511688232,0.0,0.0
209,2.3285515308380127,0.18422536551952362,16.337268829345703,6.349374294281006,0.7970650792121887,49.80925750732422,1.097121000289917,1.0996397733688354,208.78,0.8620394468307495,0.13943801820278168,0.040304411202669144,3.4107322692871094,0.0,0.0,0.3492204248905182,0.00011852241732412949,0.0033146238420158625,0.9182108640670776,0.0,0.0,0.9528389573097229,0.5214876532554626,0.013214611448347569,0.19320230185985565,0.008888671174645424,0.33566975593566895,0.3063376545906067,0.03247785568237305,0.00042258462053723633,0.8767903447151184,0.9895855784416199,0.0,1.00718355178833,0.15081168711185455,0.000683255260810256,0.01986844092607498,0.0,0.0,0.34070631861686707,0.09389736503362656,2.7168707674718462e-05,1.2887074947357178,0.0,0.0
210,5.142920017242432,0.5101020336151123,16.45592498779297,6.330209732055664,0.7489073872566223,59.17793655395508,0.9913905262947083,0.9878729581832886,359.17,0.9701422452926636,0.022393912076950073,0.04334833845496178,12.0716552734375,0.0,0.0,0.29007643461227417,6.832094072706241e-07,0.0029572872444987297,0.7564483880996704,0.0,0.0,1.0381282567977905,0.5351505279541016,0.01396530494093895,0.22419744729995728,0.010436967015266418,0.394267737865448,0.3004137873649597,0.026787200942635536,0.0004482463700696826,0.8149659037590027,0.9862081408500671,0.0,0.9452592134475708,0.19024400413036346,0.0006198698538355529,0.02071143500506878,0.0,0.0,0.34125104546546936,0.0748964175581932,8.063801942626014e-05,1.2796509265899658,0.0,0.0
211,4.045890808105469,0.44644036889076233,37.77066421508789,9.01207447052002,0.42287778854370117,42.50577163696289,1.1761958599090576,1.1775161027908325,95.33,1.600582242012024,0.015926366671919823,0.0265499260276556,7.510486602783203,0.0,0.0,0.2969626188278198,1.180742970063875e-06,0.003987370524555445,0.7849482297897339,0.0,0.0,1.2341046333312988,0.26930803060531616,0.02302972786128521,0.42218467593193054,0.025614913552999496,0.8266705870628357,0.2726435363292694,0.008510415442287922,0.0011263202177360654,0.3716319799423218,0.9896336793899536,0.0,0.6789242029190063,0.38925328850746155,0.00037923548370599747,0.01786496490240097,0.0,0.0,0.3475540578365326,0.0159551203250885,0.00033734890166670084,1.2095094919204712,0.0,0.0
212,5.9630022048950195,0.4777374863624573,28.911136627197266,8.255410194396973,0.5712452530860901,58.784793853759766,1.1842238903045654,1.182889699935913,95.24,1.5458920001983643,0.029148036614060402,0.03210274875164032,5.897371768951416,0.0,0.0,0.2904234528541565,8.773353101787507e-07,0.0031045989599078894,0.769110918045044,0.0,0.0,1.2583167552947998,0.6136178374290466,0.021391049027442932,0.3556012809276581,0.01954934559762478,0.673356294631958,0.28733494877815247,0.017965218052268028,0.0008009292068891227,0.5396007895469666,0.9955370426177979,0.0,0.8010193705558777,0.1964370757341385,0.0005106390453875065,0.018359757959842682,0.0,0.0,0.344785213470459,0.058180443942546844,8.570872887503356e-05,1.290342092514038,0.0,0.0
213,1.6922141313552856,0.7335796356201172,15.918315887451172,7.371420383453369,0.5119549036026001,46.97901916503906,0.9997689723968506,1.0032933950424194,351.37,0.9979719519615173,0.00611399719491601,0.0684858113527298,14.039647102355957,0.0,0.0,0.33538109064102173,2.824372313625645e-05,0.0036211858969181776,0.6656026840209961,0.0,0.0,1.2899829149246216,0.4052767753601074,0.020140696316957474,0.3853989839553833,0.019125375896692276,0.7047780752182007,0.2754237651824951,0.0136917345225811,0.0007363137556239963,0.5257492661476135,0.9723324179649353,0.0,0.7459815740585327,0.27310553193092346,0.00046780038974247873,0.01807454787194729,0.0,0.0,0.34564194083213806,0.034047339111566544,9.114974091062322e-05,1.2891429662704468,0.0,0.0
214,1.7050271034240723,0.41255006194114685,27.05011558532715,9.824851036071777,0.4732664227485657,55.089412689208984,1.180424690246582,1.1785303354263306,136.17,1.2971240282058716,0.03404856100678444,0.042851272970438004,5.643952369689941,0.0,0.0,0.32282161712646484,5.531825445359573e-05,0.004245322663336992,0.8057792782783508,0.0,0.0,1.2814626693725586,0.47093966603279114,0.024088483303785324,0.45380914211273193,0.024688631296157837,0.8844025135040283,0.2758287787437439,0.011690909042954445,0.0010258057154715061,0.42803245782852173,0.9899876117706299,0.0,0.7353620529174805,0.25142902135849,0.0004640285624191165,0.01731189712882042,0.0,0.0,0.34677642583847046,0.047394026070833206,9.208072879118845e-05,1.2883063554763794,0.0,0.0
215,4.6320013999938965,0.9178975224494934,43.540245056152344,2.552370548248291,0.6383069753646851,45.17142868041992,1.1311962604522705,1.1308199167251587,29.42,1.340396761894226,0.014423303306102753,0.05166175588965416,12.496418952941895,0.0,0.0,0.3507064878940582,3.259726508986205e-05,0.001776753575541079,0.6002399325370789,0.0,0.0,1.0035045146942139,0.6218221187591553,0.01397585030645132,0.14780068397521973,0.008915316313505173,0.23946020007133484,0.2974308729171753,0.02442103438079357,0.00039186852518469095,0.7477665543556213,1.002389907836914,0.0,0.9598888158798218,0.1753850132226944,0.0005460187676362693,0.021560553461313248,0.0,0.0,0.34132808446884155,0.03768732026219368,0.00036933275987394154,1.202491044998169,0.0,0.0
216,4.907784461975098,0.6133814454078674,39.061424255371094,7.420812606811523,0.448148638010025,57.59897232055664,1.187207579612732,1.1890965700149536,133.81,1.5993849039077759,0.008492199704051018,0.030449341982603073,7.22310733795166,0.0,0.0,0.30306318402290344,1.117785245696723e-06,0.00321782985702157,0.7127492427825928,0.0,0.0,1.3256571292877197,0.5972722768783569,0.022162755951285362,0.36588892340660095,0.022139787673950195,0.6954124569892883,0.2762904167175293,0.01128001045435667,0.000972942216321826,0.4191545248031616,0.9935511946678162,0.0,0.7247354388237,0.25265613198280334,0.000441373122157529,0.017990248277783394,0.0,0.0,0.34818035364151,0.03190578147768974,0.0001572801556903869,1.267486572265625,0.0,0.0
217,2.4656484127044678,0.2486482709646225,18.935876846313477,2.049755334854126,0.5793563723564148,52.32721710205078,0.8913885951042175,0.8969537615776062,696.05,0.954879641532898,0.10454116761684418,0.03808336332440376,4.806926727294922,0.0,0.0,0.33913522958755493,0.00011479535169200972,0.0038139757234603167,0.8824233412742615,0.0,0.0,1.0724737644195557,0.6049321889877319,0.01448211818933487,0.14429859817028046,0.008355665020644665,0.21953675150871277,0.2886802852153778,0.021255934610962868,0.0003751966869458556,0.7062310576438904,0.9804378151893616,0.0,0.8809448480606079,0.19868959486484528,0.0005949069163762033,0.01897062547504902,0.0,0.0,0.34558045864105225,0.09505978226661682,4.7610155888833106e-05,1.2853299379348755,0.0,0.0
218,2.252734661102295,0.6987262964248657,39.19091796875,3.468169689178467,0.6064621806144714,48.71558380126953,1.1997289657592773,1.2016358375549316,132.27,1.1177695989608765,0.003991781733930111,0.0701565369963646,11.227535247802734,0.0,0.0,0.3261643052101135,3.5053690226050094e-05,0.0028631282038986683,0.6746670007705688,0.0,0.0,1.0353498458862305,0.5866425633430481,0.015439978800714016,0.1823422759771347,0.011206566356122494,0.3118687868118286,0.29477858543395996,0.021975161507725716,0.0005170583608560264,0.677412748336792,0.9978138208389282,0.0,0.88789963722229,0.20424669981002808,0.0005469190655276179,0.020446931943297386,0.0,0.0,0.34371647238731384,0.04368891939520836,0.0002107160398736596,1.2426422834396362,0.0,0.0
219,1.6043965816497803,0.37780269980430603,19.3386173248291,8.78432559967041,0.5668054819107056,43.23170852661133,1.1223844289779663,1.1212568283081055,89.6,1.0677729845046997,0.03915692865848541,0.05001615732908249,7.352080821990967,0.0,0.0,0.3275708258152008,9.537480946164578e-05,0.003820163430646062,0.8195462822914124,0.0,0.0,1.2057782411575317,0.408957302570343,0.021061191335320473,0.388110876083374,0.019772423431277275,0.735834002494812,0.2833978235721588,0.016676614060997963,0.0008053926285356283,0.5457879304885864,0.9839498400688171,0.0,0.7769145369529724,0.2541874647140503,0.000493535480927676,0.01790444366633892,0.0,0.0,0.3445137143135071,0.050057873129844666,0.00010797363938763738,1.2834594249725342,0.0,0.0
220,3.8031094074249268,0.06338164210319519,20.704280853271484,3.2558984756469727,0.5470362305641174,41.212764739990234,0.9837319850921631,0.9851839542388916,149.82,1.0218435525894165,0.17505031824111938,0.013741104863584042,2.1472034454345703,0.0,0.0,0.3538854420185089,0.00014098665269557387,0.004116590600460768,0.9866979718208313,0.0,0.0,1.1214267015457153,0.47605451941490173,0.016426170244812965,0.20072980225086212,0.011139700189232826,0.3373044729232788,0.28590574860572815,0.01895577274262905,0.0005104431184008718,0.6325244903564453,0.9815487861633301,0.0,0.815190851688385,0.23582376539707184,0.0005396376946009696,0.01782449707388878,0.0,0.0,0.346794456243515,0.08678808063268661,7.081170042511076e-05,1.2808588743209839,0.0,0.0
221,2.8094427585601807,0.3690539002418518,13.107797622680664,9.30158805847168,0.5741721391677856,47.99082565307617,0.9508760571479797,0.9540939927101135,354.7,1.1838923692703247,0.04681476205587387,0.0338255800306797,6.8909831047058105,0.0,0.0,0.3092070519924164,4.635285586118698e-05,0.0033510627690702677,0.8268949389457703,0.0,0.0,1.2924002408981323,0.3915998935699463,0.02081635594367981,0.4291515052318573,0.019730499014258385,0.7837134003639221,0.2793414294719696,0.01612379401922226,0.0007131327874958515,0.5749104619026184,0.9717798233032227,0.0,0.7828630208969116,0.25355401635169983,0.00048547424376010895,0.018214525654911995,0.0,0.0,0.3434394598007202,0.04186320677399635,0.00010927275434369221,1.2842965126037598,0.0,0.0
222,5.197524070739746,0.3867768943309784,30.527061462402344,4.930199146270752,0.5518321394920349,43.67675018310547,1.1399195194244385,1.1382118463516235,131.62,1.2578232288360596,0.037571556866168976,0.030067110434174538,7.465971946716309,0.0,0.0,0.29467812180519104,1.2237521332281176e-05,0.0036552646197378635,0.8135764598846436,0.0,0.0,1.1300444602966309,0.4779168665409088,0.018147125840187073,0.25126248598098755,0.014592817984521389,0.4556378126144409,0.2881079614162445,0.01804434508085251,0.0006680954829789698,0.577403724193573,0.9909274578094482,0.0,0.810233473777771,0.2455826997756958,0.0005112886428833008,0.018905583769083023,0.0,0.0,0.3458327353000641,0.04883713647723198,0.00018101531895808876,1.2594605684280396,0.0,0.0
223,3.855905532836914,0.32917162775993347,14.388317108154297,7.947871685028076,0.6195656061172485,52.40679168701172,0.9642043113708496,0.9602034687995911,432.13,1.112658143043518,0.06390324980020523,0.029005466029047966,6.602622032165527,0.0,0.0,0.3028342127799988,3.9868620660854504e-05,0.0032750628888607025,0.8437455892562866,0.0,0.0,1.1841846704483032,0.4140063524246216,0.01870712637901306,0.3516924977302551,0.016490546986460686,0.6423424482345581,0.28589916229248047,0.018906686455011368,0.0006347420276142657,0.6334072947502136,0.9782145023345947,0.0,0.8419779539108276,0.23292405903339386,0.0005339431227184832,0.019054370000958443,0.0,0.0,0.34284478425979614,0.054809845983982086,0.00011926677689189091,1.2808837890625,0.0,0.0
224,2.6091272830963135,0.2364884316921234,37.89778137207031,6.825000286102295,0.4574545919895172,55.144046783447266,1.1977442502975464,1.1972366571426392,35.4,1.5154744386672974,0.060877926647663116,0.023249594494700432,2.6151535511016846,0.0,0.0,0.3314053416252136,0.00010443241626489908,0.004228713922202587,0.8915970921516418,0.0,0.0,1.2451574802398682,0.5207111239433289,0.021608883515000343,0.33877527713775635,0.0205482617020607,0.6455734968185425,0.27799996733665466,0.01222648099064827,0.0009614722221158445,0.43580639362335205,0.9961167573928833,0.0,0.7375215888023376,0.2499496042728424,0.0004577202198561281,0.017325742170214653,0.0,0.0,0.348274827003479,0.04780786857008934,0.00015922159946057945,1.2666056156158447,0.0,0.0
225,3.4986724853515625,0.15982544422149658,36.38775634765625,3.808306932449341,0.4073849320411682,42.574180603027344,1.0593211650848389,1.060549259185791,109.31,1.3927154541015625,0.06424196809530258,0.01688060536980629,3.0131986141204834,0.0,0.0,0.33809131383895874,0.0001171878757304512,0.004578125663101673,0.9346404075622559,0.0,0.0,1.1647052764892578,0.3638535737991333,0.017992326989769936,0.2376411259174347,0.015046495944261551,0.42226648330688477,0.2752942442893982,0.011421909555792809,0.0007649086182937026,0.4603622853755951,0.9881229996681213,0.0,0.7205095291137695,0.3143094778060913,0.00043731689220294356,0.017588501796126366,0.0,0.0,0.35095852613449097,0.03584713488817215,0.0002703902719076723,1.2332744598388672,0.0,0.0
226,4.538477420806885,0.9022397994995117,30.848003387451172,3.483757972717285,0.5350847244262695,59.39433670043945,1.0828207731246948,1.0811971426010132,138.68,1.2947592735290527,0.014229945838451385,0.044959601014852524,10.066571235656738,0.0,0.0,0.3556409478187561,2.857860818039626e-05,0.002197963884100318,0.6052811145782471,0.0,0.0,1.203881025314331,0.6839322447776794,0.01720701903104782,0.20686087012290955,0.012479348108172417,0.3562270700931549,0.2867700159549713,0.019010106101632118,0.0005596787668764591,0.6011036038398743,0.9960352778434753,0.0,0.8530039191246033,0.15931600332260132,0.0005535801174119115,0.01909480430185795,0.0,0.0,0.3469246029853821,0.07039161026477814,5.638678703689948e-05,1.2927789688110352,0.0,0.0
227,5.256978511810303,0.8928399085998535,41.2943229675293,4.144687175750732,0.5313701033592224,52.4099235534668,1.170912265777588,1.1704373359680176,34.65,1.3276845216751099,0.01034958753734827,0.042534925043582916,12.161540985107422,0.0,0.0,0.3523016571998596,3.765551809919998e-05,0.0022798713762313128,0.6110060811042786,0.0,0.0,1.1247328519821167,0.6548973917961121,0.017543291673064232,0.2244073897600174,0.014075075276196003,0.3970314860343933,0.2868497967720032,0.017644548788666725,0.0006493076216429472,0.5705934762954712,0.9953234195709229,0.0,0.8403199315071106,0.20404930412769318,0.0005091147613711655,0.019635645672678947,0.0,0.0,0.3458485007286072,0.04100194200873375,0.00023342606436926872,1.244614601135254,0.0,0.0
228,4.394729137420654,0.7637309432029724,19.558574676513672,4.045199394226074,0.6651915311813354,40.45420455932617,1.0020413398742676,1.0048009157180786,274.08,0.8442083597183228,0.00875075813382864,0.055466145277023315,20.162269592285156,0.0,0.0,0.31824392080307007,1.5451223589479923e-06,0.0030174716375768185,0.649070143699646,0.0,0.0,1.0535192489624023,0.5019999146461487,0.014274979010224342,0.19188259541988373,0.010012020356953144,0.3284153342247009,0.29470545053482056,0.022918574512004852,0.0004414488794282079,0.7530798316001892,0.9863690137863159,0.0,0.9020852446556091,0.21069461107254028,0.0005916778463870287,0.020540252327919006,0.0,0.0,0.3436198830604553,0.059291064739227295,8.183472527889535e-05,1.2834640741348267,0.0,0.0
229,2.7064034938812256,0.6963409185409546,13.290510177612305,5.3536152839660645,0.5615943074226379,56.505367279052734,0.8814687728881836,0.8775079250335693,512.07,0.9649602770805359,0.005138247739523649,0.06023567542433739,15.01855754852295,0.0,0.0,0.3201172351837158,3.462737822701456e-06,0.0030990042723715305,0.6787118911743164,0.0,0.0,1.187483787536621,0.3710252046585083,0.016789941117167473,0.29028281569480896,0.014540939591825008,0.5128165483474731,0.2798304259777069,0.015994125977158546,0.0005573887610808015,0.617702841758728,0.975255012512207,0.0,0.7930254936218262,0.2824161648750305,0.0004938698257319629,0.019217174500226974,0.0,0.0,0.3434838056564331,0.03186485543847084,0.0001508038694737479,1.27009916305542,0.0,0.0
230,2.2138185501098633,0.482358455657959,23.161718368530273,8.455509185791016,0.4753132164478302,45.504459381103516,1.114526629447937,1.1167126893997192,175.64,1.1324539184570312,0.021278783679008484,0.04583858326077461,9.573729515075684,0.0,0.0,0.3148248791694641,2.2985203031566925e-05,0.004072216339409351,0.7698087096214294,0.0,0.0,1.2753880023956299,0.3660583198070526,0.022183658555150032,0.4209427237510681,0.022071771323680878,0.7992794513702393,0.2751217782497406,0.01193145476281643,0.0009176633320748806,0.45611372590065,0.9797236323356628,0.0,0.7248712778091431,0.29696977138519287,0.0004567501600831747,0.017604265362024307,0.0,0.0,0.34696146845817566,0.03762620687484741,0.00011478704254841432,1.281406044960022,0.0,0.0
231,5.94120454788208,0.6948500871658325,18.997900009155273,2.0513856410980225,0.6091526746749878,49.67938232421875,0.8050987124443054,0.8068658113479614,272.03,0.8680654764175415,0.00748094217851758,0.0471075102686882,17.397863388061523,0.0,0.0,0.31044507026672363,4.309574705985142e-06,0.002913231262937188,0.683014988899231,0.0,0.0,1.0788654088974,0.5725093483924866,0.013199089094996452,0.13884994387626648,0.007746804039925337,0.2098536491394043,0.28959718346595764,0.020777113735675812,0.0003383502480573952,0.7464456558227539,0.9811729788780212,0.0,0.9153884053230286,0.20163275301456451,0.0006114615243859589,0.0207102932035923,0.0,0.0,0.34529033303260803,0.06850322335958481,5.890478496439755e-05,1.2887498140335083,0.0,0.0
232,4.081209182739258,0.7301893830299377,23.612276077270508,6.445410251617432,0.5080248117446899,40.94183349609375,1.074406385421753,1.075404405593872,86.38,1.0485775470733643,0.006937770638614893,0.045729219913482666,18.26950454711914,0.0,0.0,0.3196341097354889,1.112829977500951e-06,0.003390172030776739,0.6628143191337585,0.0,0.0,1.2318862676620483,0.3826805651187897,0.0194870475679636,0.3335031270980835,0.01787145622074604,0.6175525784492493,0.27948155999183655,0.01402291189879179,0.0007569562294520438,0.5162085890769958,0.9797912836074829,0.0,0.7368276715278625,0.3038085699081421,0.00046208041021600366,0.01825057715177536,0.0,0.0,0.34664446115493774,0.03178156912326813,0.0001418979954905808,1.2729480266571045,0.0,0.0
233,2.4225730895996094,0.5874031782150269,16.377939224243164,7.199504852294922,0.45024508237838745,54.232872009277344,0.9643145799636841,0.9631455540657043,125.87,1.1332496404647827,0.011534476652741432,0.04761672392487526,10.977409362792969,0.0,0.0,0.31482192873954773,1.1869996114910464e-06,0.0036010306794196367,0.7262491583824158,0.0,0.0,1.3632196187973022,0.3649198114871979,0.020779866725206375,0.41157689690589905,0.02012958936393261,0.7467193603515625,0.2687443196773529,0.01061270572245121,0.0007666390738449991,0.4755294919013977,0.9656415581703186,0.0,0.7035493850708008,0.31764331459999084,0.0004359000304248184,0.017612092196941376,0.0,0.0,0.34635835886001587,0.028222037479281425,0.0001071181395673193,1.284326195716858,0.0,0.0
234,1.2027804851531982,0.4113422632217407,38.60786437988281,2.2963364124298096,0.6206316351890564,58.54026412963867,1.1326003074645996,1.1284838914871216,322.07,1.1829816102981567,0.03453369438648224,0.06304450333118439,4.517147064208984,0.0,0.0,0.34058135747909546,0.00014028378063812852,0.0027538107242435217,0.8020570278167725,0.0,0.0,1.0925202369689941,0.6301925778388977,0.014637776650488377,0.14591701328754425,0.008434241637587547,0.23195390403270721,0.2963944375514984,0.025389280170202255,0.0003800573758780956,0.7389588952064514,1.00079345703125,0.0,0.9280962347984314,0.14222665131092072,0.0006115521537140012,0.019633421674370766,0.0,0.0,0.3448977470397949,0.09553796052932739,4.730602813651785e-05,1.286474347114563,0.0,0.0
235,2.858431577682495,0.5636212825775146,18.489151000976562,7.804011821746826,0.4565579295158386,45.35215377807617,1.009881854057312,1.0085067749023438,135.01,1.1689825057983398,0.013426248915493488,0.04198767617344856,11.84224796295166,0.0,0.0,0.30924150347709656,1.1342016250637244e-06,0.0036035410594195127,0.7345699667930603,0.0,0.0,1.3888461589813232,0.3719449043273926,0.021469730883836746,0.42435237765312195,0.021107161417603493,0.7883827090263367,0.27034616470336914,0.010791447944939137,0.0008202986791729927,0.466614693403244,0.9723485708236694,0.0,0.6896251440048218,0.321402370929718,0.00042925719753839076,0.01725081168115139,0.0,0.0,0.34714066982269287,0.029977506026625633,9.580628830008209e-05,1.2878069877624512,0.0,0.0
236,2.1895182132720947,0.6877298355102539,29.92078971862793,1.6665016412734985,0.7698706984519958,48.2980842590332,0.9846036434173584,0.9838321805000305,79.64,0.8268580436706543,0.002503485418856144,0.08911862224340439,11.43087387084961,0.0,0.0,0.32259321212768555,3.328292223159224e-05,0.0023654585238546133,0.6718353629112244,0.0,0.0,0.9399128556251526,0.5153497457504272,0.010351224802434444,0.08637139946222305,0.004079512786120176,0.11435898393392563,0.30935728549957275,0.03404965251684189,0.00018851250933948904,0.9674426317214966,1.0052838325500488,0.0,1.0800449848175049,0.12496877461671829,0.000730971631128341,0.02200295589864254,0.0,0.0,0.34123221039772034,0.09481722861528397,3.7358586268965155e-05,1.2848886251449585,0.0,0.0
237,3.3739516735076904,0.38302651047706604,19.04627227783203,7.625572681427002,0.6958521008491516,44.718589782714844,1.128671646118164,1.1306418180465698,154.39,1.0052591562271118,0.05183880403637886,0.039979759603738785,8.521974563598633,0.0,0.0,0.30488479137420654,4.272549631423317e-05,0.00322401849552989,0.8148159384727478,0.0,0.0,1.0765187740325928,0.5017239451408386,0.017071062698960304,0.28171229362487793,0.01396818645298481,0.5143947005271912,0.29702314734458923,0.02449008636176586,0.0006032521487213671,0.7098449468612671,0.9855362772941589,0.0,0.9099376797676086,0.19676998257637024,0.0005939590628258884,0.019858425483107567,0.0,0.0,0.3420490324497223,0.0743241086602211,7.171272591222078e-05,1.2836390733718872,0.0,0.0
238,3.078331708908081,0.9772124886512756,25.412939071655273,2.828336477279663,0.45636996626853943,49.815025329589844,0.9656908512115479,0.9650482535362244,68.95,0.9444838762283325,0.020956402644515038,0.06204255670309067,15.631179809570312,0.0,0.0,0.3833088278770447,6.516424036817625e-05,0.002742135664448142,0.5853238105773926,0.0,0.0,1.1888542175292969,0.6053817868232727,0.01654752716422081,0.19803881645202637,0.011981762014329433,0.33060261607170105,0.27785399556159973,0.014473468996584415,0.0005592406960204244,0.5459123849868774,0.9798870086669922,0.0,0.7876386046409607,0.22080856561660767,0.0005120696150697768,0.01851077750325203,0.0,0.0,0.34944796562194824,0.051733992993831635,7.700911373831332e-05,1.2860645055770874,0.0,0.0
239,4.549540042877197,0.07881177961826324,14.835299491882324,6.227816104888916,0.47266727685928345,54.73908996582031,0.8966770768165588,0.8966256380081177,6.4,1.197668433189392,0.1645180881023407,0.00934633519500494,2.0074808597564697,0.0,0.0,0.3336530923843384,0.00010613205085974187,0.0038534034974873066,0.9761155843734741,0.0,0.0,1.2878786325454712,0.3882877826690674,0.02030152454972267,0.3711618483066559,0.017177511006593704,0.6574857831001282,0.27169403433799744,0.012559653259813786,0.0006636819452978671,0.5173743367195129,0.9623300433158875,0.0,0.7759572863578796,0.26171597838401794,0.0004870813572779298,0.01769593171775341,0.0,0.0,0.3460845351219177,0.056904345750808716,0.0001222071296069771,1.2793446779251099,0.0,0.0
240,5.012518882751465,0.010792260989546776,13.75239086151123,7.059046268463135,0.46565747261047363,57.27227020263672,0.8892425298690796,0.8857029676437378,449.41,1.2562116384506226,0.19189397990703583,0.006459408905357122,1.599639654159546,0.0,0.0,0.34288305044174194,0.00012799850082956254,0.003914330620318651,1.014914631843567,0.0,0.0,1.320428490638733,0.35548797249794006,0.020858921110630035,0.41405394673347473,0.018843980506062508,0.7409021854400635,0.2695693075656891,0.011604402214288712,0.0007047104882076383,0.5053170323371887,0.9651275277137756,0.0,0.7546150088310242,0.2784799039363861,0.0004662957217078656,0.017242619767785072,0.0,0.0,0.3457111418247223,0.05282507464289665,0.00013781450979877263,1.2747551202774048,0.0,0.0
241,1.0724680423736572,0.19268327951431274,26.272554397583008,1.8371025323867798,0.41726821660995483,47.72669982910156,0.9095526337623596,0.9069097638130188,320.39,1.10818350315094,0.07214745134115219,0.039651066064834595,2.886279582977295,0.0,0.0,0.3762790858745575,0.00024264109379146248,0.00448788283392787,0.9197894334793091,0.0,0.0,1.198081612586975,0.5953806638717651,0.0159860048443079,0.15663231909275055,0.010164480656385422,0.24069206416606903,0.27596616744995117,0.014081488363444805,0.0005120844580233097,0.5365508794784546,0.9777703285217285,0.0,0.7464777827262878,0.23959974944591522,0.0004939653445035219,0.017195411026477814,0.0,0.0,0.3516204059123993,0.0683751255273819,7.001138146733865e-05,1.283553957939148,0.0,0.0
242,3.4523885250091553,0.9563500285148621,38.50870132446289,2.368992328643799,0.5767502188682556,58.24936294555664,1.0992950201034546,1.0992107391357422,6.97,1.199377417564392,0.02033039927482605,0.05914434790611267,10.25307846069336,0.0,0.0,0.3680700361728668,3.7163219531066716e-05,0.0017398223280906677,0.5898550748825073,0.0,0.0,1.1253056526184082,0.6670041084289551,0.015411783009767532,0.15503229200839996,0.00960557535290718,0.2497677356004715,0.29272788763046265,0.022377051413059235,0.00043832953087985516,0.6800406575202942,0.9995642900466919,0.0,0.9068127870559692,0.1451149880886078,0.000583623128477484,0.019889695569872856,0.0,0.0,0.34592902660369873,0.07440496236085892,7.440743502229452e-05,1.280619740486145,0.0,0.0
243,3.0804624557495117,0.5715229511260986,19.61545181274414,9.525888442993164,0.43699589371681213,54.08823776245117,1.041398286819458,1.0408673286437988,48.98,1.1796289682388306,0.015325771644711494,0.039351511746644974,11.051996231079102,0.0,0.0,0.3070887327194214,1.0725564152380684e-06,0.003703954629600048,0.7319680452346802,0.0,0.0,1.3808618783950806,0.3622859716415405,0.02327566035091877,0.4993111789226532,0.024388909339904785,0.9412736892700195,0.26737233996391296,0.009102298878133297,0.0009262278326787055,0.43301698565483093,0.971793532371521,0.0,0.703100323677063,0.30897819995880127,0.00043830194044858217,0.017457526177167892,0.0,0.0,0.34680843353271484,0.03205282986164093,8.947904279921204e-05,1.2903424501419067,0.0,0.0
244,5.385270118713379,0.8564761877059937,21.212251663208008,7.1319475173950195,0.6258177161216736,51.06183624267578,1.0741007328033447,1.07249915599823,139.03,0.9991400837898254,0.011395429261028767,0.04694167152047157,17.469926834106445,0.0,0.0,0.33996108174324036,2.6057357899844646e-05,0.0025790384970605373,0.6160741448402405,0.0,0.0,1.136927843093872,0.5824023485183716,0.01809661276638508,0.30960613489151,0.01562558487057686,0.5653131008148193,0.28944528102874756,0.02014210820198059,0.0006462460733018816,0.6361141204833984,0.9830853343009949,0.0,0.8728787899017334,0.194456085562706,0.0005631515523418784,0.01964915543794632,0.0,0.0,0.3434944450855255,0.06058742478489876,7.241925050038844e-05,1.287333607673645,0.0,0.0
245,3.8072638511657715,0.9749752879142761,15.244335174560547,8.339781761169434,0.7739382386207581,49.94552993774414,1.023565411567688,1.0198801755905151,353.02,0.7512726783752441,0.032823480665683746,0.07101943343877792,22.92621612548828,0.0,0.0,0.3646100163459778,4.480461939238012e-05,0.0017816643230617046,0.5759313106536865,0.0,0.0,1.009643793106079,0.525093138217926,0.014232681132853031,0.25368139147758484,0.011520991101861,0.46162599325180054,0.30080264806747437,0.027161069214344025,0.0004942840896546841,0.8137260675430298,0.9879417419433594,0.0,0.9811062812805176,0.16946421563625336,0.0006384772714227438,0.02099923975765705,0.0,0.0,0.3407646715641022,0.07699581980705261,5.4823212849441916e-05,1.2866997718811035,0.0,0.0
246,3.791431188583374,0.9677493572235107,33.663787841796875,2.6322004795074463,0.515565037727356,45.370689392089844,1.0533164739608765,1.0516512393951416,150.33,1.0413503646850586,0.020164262503385544,0.05752352252602577,15.36353874206543,0.0,0.0,0.37546977400779724,6.314079655567184e-05,0.002484057331457734,0.5850819945335388,0.0,0.0,1.0911741256713867,0.6068567037582397,0.015931030735373497,0.1724846214056015,0.011043533682823181,0.2867184281349182,0.2864014506340027,0.017681295052170753,0.0005326903192326427,0.6000188589096069,0.9910831451416016,0.0,0.8311707973480225,0.21214638650417328,0.000521876965649426,0.01930902898311615,0.0,0.0,0.3476749360561371,0.047798264771699905,0.00016043303185142577,1.2560445070266724,0.0,0.0
247,3.8126299381256104,0.1061917319893837,34.380226135253906,3.1489062309265137,0.5556873679161072,50.156463623046875,1.1266571283340454,1.125877022743225,61.5,1.3196135759353638,0.13733133673667908,0.015320852398872375,1.6942442655563354,0.0,0.0,0.34734484553337097,0.00014138924598228186,0.00399426044896245,0.9605904221534729,0.0,0.0,1.0962786674499512,0.6814647912979126,0.016682390123605728,0.18508780002593994,0.011388938874006271,0.3145797848701477,0.2905764579772949,0.020637789741158485,0.0005528442561626434,0.6277951002120972,0.9984644055366516,0.0,0.8396582007408142,0.19550125300884247,0.0005475891521200538,0.01814146526157856,0.0,0.0,0.34650593996047974,0.09112202376127243,8.266869554063305e-05,1.269987940788269,0.0,0.0
248,2.961500406265259,0.7824372053146362,17.67510986328125,7.842107772827148,0.6973876953125,50.55922317504883,1.1013906002044678,1.101633071899414,19.98,0.8734197020530701,0.008594352751970291,0.06931053847074509,17.649763107299805,0.0,0.0,0.32770007848739624,1.4626756637881044e-05,0.002887140726670623,0.6416420936584473,0.0,0.0,1.0533581972122192,0.5400842428207397,0.016555050387978554,0.28683826327323914,0.014288094826042652,0.5301734805107117,0.2956249415874481,0.023362768813967705,0.0005965310847386718,0.712492048740387,0.9902776479721069,0.0,0.908271849155426,0.19490061700344086,0.0005932003259658813,0.020174318924546242,0.0,0.0,0.3418201804161072,0.06472208350896835,6.2082581280265e-05,1.2869988679885864,0.0,0.0
249,1.2451761960983276,0.9189996719360352,21.632068634033203,1.9296507835388184,0.4222433269023895,42.20175552368164,0.8661659359931946,0.8648762106895447,172.16,0.7854936122894287,0.011574317701160908,0.08845441788434982,17.517728805541992,0.0,0.0,0.3826494812965393,8.952581993071362e-05,0.003320737276226282,0.6083175539970398,0.0,0.0,1.208974838256836,0.46475496888160706,0.015374787151813507,0.16216020286083221,0.010249748826026917,0.2495976835489273,0.2740728259086609,0.013213817961513996,0.0004862652567680925,0.5446770191192627,0.9681713581085205,0.0,0.7431756854057312,0.27198415994644165,0.0004840171313844621,0.018135372549295425,0.0,0.0,0.3511964976787567,0.040282055735588074,0.00010325034963898361,1.28420090675354,0.0,0.0
250,1.8211276531219482,0.6216750741004944,39.92948913574219,2.8524532318115234,0.6481675505638123,49.375648498535156,1.1883809566497803,1.1897629499435425,97.74,1.0781641006469727,0.005016584414988756,0.07601331919431686,9.743659019470215,0.0,0.0,0.32464274764060974,6.262086390051991e-05,0.002621949650347233,0.7047044038772583,0.0,0.0,1.00420343875885,0.6111011505126953,0.014043695293366909,0.1549137532711029,0.009084724821150303,0.2544925808906555,0.29859915375709534,0.025008711963891983,0.00041050053550861776,0.7526969909667969,1.0005080699920654,0.0,0.9360125064849854,0.18345265090465546,0.0005821663653478026,0.02087065577507019,0.0,0.0,0.3425361216068268,0.05393663048744202,0.00016595568740740418,1.2450811862945557,0.0,0.0
251,4.282894611358643,0.8752956986427307,19.401348114013672,3.6660573482513428,0.5237894058227539,49.436649322509766,0.9262113571166992,0.926395058631897,21.41,0.9109371304512024,0.01355692371726036,0.052380386739969254,19.984224319458008,0.0,0.0,0.34842783212661743,2.4462960936944e-05,0.0027674611192196608,0.6141210794448853,0.0,0.0,1.18216073513031,0.4895942509174347,0.016253234818577766,0.2273261398077011,0.01232138928025961,0.3885681629180908,0.2803482115268707,0.01600353978574276,0.0005286912200972438,0.6035588383674622,0.9766687154769897,0.0,0.8129270672798157,0.23893976211547852,0.0005272160051390529,0.019069937989115715,0.0,0.0,0.3464694321155548,0.049113836139440536,8.698831516085193e-05,1.2867764234542847,0.0,0.0
252,2.847306251525879,0.22311881184577942,18.182865142822266,5.848313808441162,0.406306654214859,43.53797149658203,0.9545717239379883,0.9536886215209961,97.01,1.2508859634399414,0.07084804773330688,0.02085818536579609,4.399593830108643,0.0,0.0,0.32816991209983826,8.1509308074601e-05,0.0041816867887973785,0.9006752371788025,0.0,0.0,1.4009833335876465,0.37475574016571045,0.020355990156531334,0.36625203490257263,0.018413977697491646,0.6582698822021484,0.2666899561882019,0.009982709772884846,0.000759564689360559,0.455258846282959,0.9678674936294556,0.0,0.6893669962882996,0.3124825954437256,0.00043294247006997466,0.016677292063832283,0.0,0.0,0.3491526246070862,0.0400104895234108,9.848913759924471e-05,1.2867367267608643,0.0,0.0
253,3.53961443901062,0.4995531737804413,39.194671630859375,3.8436388969421387,0.45172572135925293,46.506710052490234,1.1077178716659546,1.1046407222747803,251.48,1.420637845993042,0.011984597891569138,0.03615179657936096,7.892523288726807,0.0,0.0,0.30785951018333435,7.0826908995513804e-06,0.0035947607830166817,0.7649617195129395,0.0,0.0,1.1675024032592773,0.4293678104877472,0.017604609951376915,0.22905535995960236,0.014741610735654831,0.4071179926395416,0.2796249985694885,0.013103309087455273,0.0007152513135224581,0.4981631934642792,0.9918904900550842,0.0,0.7502058744430542,0.2895701825618744,0.0004494745226111263,0.0187616515904665,0.0,0.0,0.3490164279937744,0.02784889191389084,0.00027237521135248244,1.2328089475631714,0.0,0.0
254,4.818619728088379,0.9771524667739868,24.091020584106445,4.468099117279053,0.6461412310600281,51.431941986083984,1.08518648147583,1.0830061435699463,185.52,0.967587947845459,0.029405971989035606,0.05302812531590462,16.02722930908203,0.0,0.0,0.3700098395347595,5.0670598284341395e-05,0.0023574670776724815,0.5758002400398254,0.0,0.0,1.0782428979873657,0.5999531149864197,0.015724068507552147,0.21049171686172485,0.011458287015557289,0.36683908104896545,0.2943941354751587,0.023475753143429756,0.0005112011567689478,0.7104312181472778,0.9913589954376221,0.0,0.912946879863739,0.16325463354587555,0.0005974873201921582,0.01977822743356228,0.0,0.0,0.34368816018104553,0.08010077476501465,4.792036270373501e-05,1.2887192964553833,0.0,0.0
255,3.7079648971557617,0.5748187303543091,22.979679107666016,4.290709018707275,0.6737092137336731,56.843345642089844,1.1034282445907593,1.100663423538208,227.65,1.1009268760681152,0.012780963443219662,0.04818565025925636,9.678991317749023,0.0,0.0,0.3030019700527191,5.3884687076788396e-06,0.0031033188570290804,0.7239606976509094,0.0,0.0,1.0912073850631714,0.5862967371940613,0.015115570276975632,0.1940860003232956,0.010560491122305393,0.3340696692466736,0.297687828540802,0.02539268508553505,0.0004699809942394495,0.7494152188301086,0.9945051670074463,0.0,0.9209539294242859,0.16744711995124817,0.0006112900446169078,0.020130140706896782,0.0,0.0,0.3430221378803253,0.0798398107290268,4.8533496737945825e-05,1.291397213935852,0.0,0.0
256,3.331596612930298,0.9519565105438232,30.173524856567383,2.6536355018615723,0.7196893692016602,57.43073654174805,1.1095435619354248,1.1079827547073364,126.96,1.015876293182373,0.03157045692205429,0.0706571713089943,11.701476097106934,0.0,0.0,0.3597533702850342,2.2887119484948926e-05,0.00198115105740726,0.5820140838623047,0.0,0.0,1.0412330627441406,0.5593265891075134,0.013000335544347763,0.1274869292974472,0.007008575834333897,0.19906967878341675,0.30458030104637146,0.03101385198533535,0.0003222379891667515,0.8562702536582947,1.0032994747161865,0.0,1.009382724761963,0.11728551238775253,0.0006735398783348501,0.020596835762262344,0.0,0.0,0.34233811497688293,0.09626983106136322,2.6217045160592534e-05,1.2961403131484985,0.0,0.0
257,2.930198907852173,0.9473392367362976,19.5991153717041,9.382408142089844,0.6739435791969299,59.59363555908203,1.1494272947311401,1.1477044820785522,130.59,0.928629994392395,0.01711546629667282,0.07169131934642792,16.110891342163086,0.0,0.0,0.36450856924057007,3.972214108216576e-05,0.002304993337020278,0.5871254801750183,0.0,0.0,1.080507516860962,0.5582283735275269,0.01862751506268978,0.33507949113845825,0.01704251766204834,0.6307262182235718,0.29365748167037964,0.022179575636982918,0.0006905939080752432,0.6558457016944885,0.9912983775138855,0.0,0.8989161849021912,0.1762268841266632,0.0005770938005298376,0.01973285898566246,0.0,0.0,0.341677725315094,0.06437641382217407,6.375541124725714e-05,1.2845252752304077,0.0,0.0
258,2.5134284496307373,0.3839477598667145,27.853923797607422,3.1581132411956787,0.6812798380851746,48.12959289550781,1.1341670751571655,1.133757472038269,31.85,1.041854739189148,0.0465199239552021,0.050491586327552795,6.49130916595459,0.0,0.0,0.3207886219024658,8.156366675393656e-05,0.0032566278241574764,0.8095883131027222,0.0,0.0,1.0168449878692627,0.5886105895042419,0.014087705872952938,0.15283891558647156,0.0086961155757308,0.25263094902038574,0.3009234070777893,0.02726476639509201,0.00041236693505197763,0.7863750457763672,1.0003077983856201,0.0,0.9434626698493958,0.16441749036312103,0.0006292348261922598,0.019930455833673477,0.0,0.0,0.34309813380241394,0.09428178519010544,4.848415483138524e-05,1.2821249961853027,0.0,0.0
259,3.016806125640869,0.23106040060520172,21.033214569091797,1.8650676012039185,0.7377310991287231,41.66886901855469,0.9128584861755371,0.9116021394729614,150.97,0.8418824672698975,0.10067706555128098,0.0393582321703434,4.984067440032959,0.0,0.0,0.33354130387306213,8.452741167275235e-05,0.0032486075069755316,0.8888929486274719,0.0,0.0,0.9326125383377075,0.5428439378738403,0.011228176765143871,0.0954468697309494,0.004934672731906176,0.13330553472042084,0.30451124906539917,0.030750799924135208,0.00023938625236041844,0.9162811040878296,1.002384066581726,0.0,1.015731930732727,0.1490372270345688,0.0006989149260334671,0.020141761749982834,0.0,0.0,0.3427044749259949,0.09520921111106873,2.9425056709442288e-05,1.286179780960083,0.0,0.0
260,5.775737285614014,0.43404653668403625,35.904296875,4.252020835876465,0.6166162490844727,51.53467559814453,1.1939996480941772,1.1969339847564697,205.32,1.432388424873352,0.03221965581178665,0.03211236745119095,6.347384929656982,0.0,0.0,0.2913613021373749,7.750458280497696e-06,0.003199672093614936,0.7927907109260559,0.0,0.0,1.1082905530929565,0.6348168253898621,0.016746969893574715,0.20510844886302948,0.012318611145019531,0.36222898960113525,0.2954097390174866,0.022845102474093437,0.0005618184222839773,0.6653464436531067,1.0018895864486694,0.0,0.8752076029777527,0.1856643557548523,0.000557566701900214,0.019520288333296776,0.0,0.0,0.34400635957717896,0.06588263809680939,0.00012575752043630928,1.2666879892349243,0.0,0.0
261,2.537470817565918,0.2981032133102417,38.603092193603516,2.694159507751465,0.6293946504592896,54.49801254272461,1.1618682146072388,1.1596035957336426,168.08,1.274696946144104,0.06527885049581528,0.038651011884212494,3.7512664794921875,0.0,0.0,0.3309426009654999,0.00011474602069938555,0.0030773766338825226,0.8567149043083191,0.0,0.0,1.0647850036621094,0.625997006893158,0.014846962876617908,0.1546584665775299,0.009096628986299038,0.2536352276802063,0.2970927655696869,0.02522904984652996,0.00041993503691628575,0.733397901058197,1.0038050413131714,0.0,0.9202454686164856,0.15937002003192902,0.00059689482441172,0.019514644518494606,0.0,0.0,0.34393948316574097,0.09289335459470749,7.607656152686104e-05,1.2712706327438354,0.0,0.0
262,4.156503200531006,0.47740858793258667,19.056612014770508,1.9189329147338867,0.7365579605102539,50.833553314208984,0.8499941825866699,0.8550485372543335,695.44,0.8610178232192993,0.024090513586997986,0.04793298617005348,10.736553192138672,0.0,0.0,0.29764044284820557,1.1364432793925516e-05,0.0031928031239658594,0.7690562605857849,0.0,0.0,0.9797816276550293,0.542461633682251,0.011056128889322281,0.0977015346288681,0.004947247914969921,0.13650470972061157,0.30273836851119995,0.029569203034043312,0.00023230104125104845,0.915928840637207,0.9995463490486145,0.0,1.023154616355896,0.14677578210830688,0.0007019163458608091,0.02094353176653385,0.0,0.0,0.34264805912971497,0.09559877216815948,3.340162948006764e-05,1.291412591934204,0.0,0.0
263,3.323194742202759,0.05597366392612457,17.59870147705078,6.92584753036499,0.7366430163383484,47.159446716308594,1.1182496547698975,1.1205216646194458,181.32,0.9225332140922546,0.21920286118984222,0.01690133474767208,1.5767403841018677,0.0,0.0,0.36112180352211,0.00013379489246290177,0.0036437499802559614,0.9925691485404968,0.0,0.0,0.9931470155715942,0.5454950928688049,0.01583927869796753,0.24249053001403809,0.011537866666913033,0.4328988492488861,0.3013951778411865,0.02859364077448845,0.0005229233647696674,0.7783883213996887,0.9857576489448547,0.0,0.9483630657196045,0.17090997099876404,0.0006383564323186874,0.018992731347680092,0.0,0.0,0.34168413281440735,0.09348520636558533,3.27176894643344e-05,1.2870174646377563,0.0,0.0
264,3.333343744277954,0.040639687329530716,18.78569793701172,6.030074119567871,0.6245147585868835,42.2302131652832,1.0858087539672852,1.0897347927093506,331.8,0.9967231154441833,0.20269446074962616,0.013212991878390312,1.4681603908538818,0.0,0.0,0.36278748512268066,0.00015028048073872924,0.004019812680780888,0.9994102120399475,0.0,0.0,1.0910449028015137,0.48439711332321167,0.017949720844626427,0.27619504928588867,0.013883753679692745,0.49691635370254517,0.29118943214416504,0.021939851343631744,0.000608296599239111,0.655660092830658,0.9830780029296875,0.0,0.8558200001716614,0.2111368626356125,0.0005639131413772702,0.01810108684003353,0.0,0.0,0.34401699900627136,0.09297008812427521,5.8127418014919385e-05,1.283030390739441,0.0,0.0
265,4.571958065032959,0.054517712444067,17.026187896728516,3.391436815261841,0.6724292039871216,52.686031341552734,0.9425851702690125,0.9344208836555481,926.95,0.9565191268920898,0.22076842188835144,0.013870801776647568,1.6220932006835938,0.0,0.0,0.3481959402561188,0.00010737092088675126,0.004081022925674915,0.9906561970710754,0.0,0.0,1.0108177661895752,0.5800777077674866,0.014223415404558182,0.16987119615077972,0.008611786179244518,0.2788858115673065,0.29619982838630676,0.025560295209288597,0.0003883195749949664,0.7849117517471313,0.9872811436653137,0.0,0.9318124055862427,0.1796022206544876,0.0006338154780678451,0.01882270723581314,0.0,0.0,0.3435938358306885,0.0942748561501503,3.351692430442199e-05,1.286069393157959,0.0,0.0
266,2.291496753692627,0.33321377635002136,34.08004379272461,2.845095157623291,0.6269672513008118,56.61732864379883,1.1475156545639038,1.1465579271316528,72.79,1.2374593019485474,0.061048489063978195,0.0431591160595417,4.0411858558654785,0.0,0.0,0.33050331473350525,0.00011083676508860663,0.003191655967384577,0.8376848101615906,0.0,0.0,1.091245412826538,0.628132164478302,0.015278403647243977,0.15948495268821716,0.009429214522242546,0.2626078426837921,0.29698556661605835,0.02533123828470707,0.0004390663525555283,0.7244600653648376,1.0011610984802246,0.0,0.9191692471504211,0.14944423735141754,0.0006110353278927505,0.019385775551199913,0.0,0.0,0.34460514783859253,0.09567634761333466,4.258798435330391e-05,1.288751244544983,0.0,0.0
267,4.161578178405762,0.6192613840103149,24.781484603881836,5.4015092849731445,0.6326141357421875,53.47136688232422,1.1387273073196411,1.1433883905410767,357.99,1.1638906002044678,0.009483449161052704,0.044379618018865585,10.111761093139648,0.0,0.0,0.3033905625343323,8.839332394927624e-07,0.003191763535141945,0.7057050466537476,0.0,0.0,1.1371843814849854,0.6057989001274109,0.017061268910765648,0.2443702667951584,0.013419274240732193,0.4372096061706543,0.2937205135822296,0.022342609241604805,0.0005797542980872095,0.6676305532455444,0.9920655488967896,0.0,0.864128589630127,0.1897716075181961,0.0005646890494972467,0.01956261694431305,0.0,0.0,0.3436994254589081,0.0627579540014267,7.083785021677613e-05,1.2885507345199585,0.0,0.0
268,3.5051357746124268,0.9366047978401184,28.59125328063965,3.0275723934173584,0.6979503035545349,41.69732666015625,1.1175352334976196,1.1128253936767578,378.72,1.2749316692352295,0.025429323315620422,0.05193852260708809,6.975973129272461,0.0,0.0,0.35635608434677124,4.120547600905411e-05,0.002071748021990061,0.5838374495506287,0.0,0.0,1.103002905845642,0.5783357620239258,0.014431612566113472,0.14515288174152374,0.008430704474449158,0.2319002002477646,0.30218127369880676,0.029903780668973923,0.0003651679726317525,0.8119019865989685,1.00493586063385,0.0,0.9424310922622681,0.11130937933921814,0.0005784093518741429,0.019324352964758873,0.0,0.0,0.3424029052257538,0.09158109873533249,0.00010095174366142601,1.2657041549682617,0.0,0.0
269,3.848872184753418,0.08137177675962448,14.387210845947266,6.327817440032959,0.5706811547279358,57.90458679199219,0.9404473900794983,0.9404593110084534,1.35,1.1316678524017334,0.16601026058197021,0.011590592563152313,1.740720272064209,0.0,0.0,0.3435712158679962,0.0001332630927208811,0.0037678212393075228,0.9745723009109497,0.0,0.0,1.1771290302276611,0.40737929940223694,0.01873878762125969,0.3252592980861664,0.015499035827815533,0.5793635845184326,0.28236886858940125,0.017688792198896408,0.000615044729784131,0.6057747006416321,0.9737465977668762,0.0,0.8192695379257202,0.24219833314418793,0.0005194513942115009,0.018073566257953644,0.0,0.0,0.3436807096004486,0.06620851904153824,0.00012358759704511613,1.2726329565048218,0.0,0.0
270,5.986732482910156,0.5249642133712769,20.834827423095703,8.403706550598145,0.5313235521316528,40.828285217285156,1.0368350744247437,1.0358718633651733,89.68,1.171019196510315,0.018819522112607956,0.034789733588695526,13.954463958740234,0.0,0.0,0.2912372946739197,1.0197701385550317e-06,0.0031125813256949186,0.7503261566162109,0.0,0.0,1.284143328666687,0.35904237627983093,0.020769605413079262,0.40007859468460083,0.019961168989539146,0.7600796222686768,0.27899378538131714,0.013753985054790974,0.0007878316100686789,0.5224621295928955,0.9823687076568604,0.0,0.7299453616142273,0.3069564700126648,0.00045442290138453245,0.017893273383378983,0.0,0.0,0.3457637131214142,0.033793751150369644,0.00012129406968597323,1.279197096824646,0.0,0.0
271,1.4871457815170288,0.8202050924301147,21.266664505004883,2.0502285957336426,0.6879827976226807,50.748416900634766,0.9660447239875793,0.9620687961578369,427.79,0.711812436580658,0.011567591689527035,0.10701492428779602,15.239683151245117,0.0,0.0,0.34868985414505005,4.578715015668422e-05,0.0027282971423119307,0.6249163746833801,0.0,0.0,0.9811533689498901,0.5789962410926819,0.012438377365469933,0.11590481549501419,0.006458193529397249,0.17017437517642975,0.2996869683265686,0.027486030012369156,0.0002938626566901803,0.8393791913986206,0.9905117750167847,0.0,0.9900487065315247,0.1498834192752838,0.0006769712781533599,0.02089616283774376,0.0,0.0,0.34364354610443115,0.0963437557220459,2.950089401565492e-05,1.2938655614852905,0.0,0.0
272,3.2914068698883057,0.320931077003479,21.325246810913086,4.022387981414795,0.43499159812927246,47.114051818847656,0.9615543484687805,0.9600397348403931,164.07,1.1453685760498047,0.05238940194249153,0.028293754905462265,6.43235969543457,0.0,0.0,0.3156296908855438,4.948032437823713e-05,0.004060918930917978,0.8489207029342651,0.0,0.0,1.2746602296829224,0.4283815920352936,0.018053609877824783,0.2648574411869049,0.014483707025647163,0.4613562822341919,0.27317342162132263,0.012430121190845966,0.000646033207885921,0.5050807595252991,0.9736375212669373,0.0,0.7394659519195557,0.28257036209106445,0.00047976436326280236,0.017640331760048866,0.0,0.0,0.3492119312286377,0.0492616705596447,0.00010175357601838186,1.285729169845581,0.0,0.0
273,3.925912857055664,0.7622405290603638,34.255531311035156,3.1817610263824463,0.5755472779273987,51.37325668334961,1.1255006790161133,1.1241439580917358,107.23,1.192588448524475,0.005360545124858618,0.05042823776602745,11.239456176757812,0.0,0.0,0.32522052526474,1.925441893035895e-06,0.0027981989551335573,0.6527609825134277,0.0,0.0,1.1140637397766113,0.6654113531112671,0.0159683208912611,0.18241183459758759,0.011264503002166748,0.3081722855567932,0.2918265461921692,0.020807035267353058,0.0005158010753802955,0.6503280997276306,0.9961977005004883,0.0,0.8538941740989685,0.1938064694404602,0.0005473571363836527,0.019738374277949333,0.0,0.0,0.34558919072151184,0.052745334804058075,0.0001268845662707463,1.2712475061416626,0.0,0.0
274,2.6638262271881104,0.989078938961029,13.244691848754883,5.895468711853027,0.4399600923061371,54.38889694213867,0.8387577533721924,0.8324255347251892,906.93,0.9207703471183777,0.015375304035842419,0.06254127621650696,19.19457244873047,0.0,0.0,0.38450151681900024,6.464261241490021e-05,0.0028286089655011892,0.5821113586425781,0.0,0.0,1.3244372606277466,0.3375672996044159,0.018747609108686447,0.3661898076534271,0.01778554916381836,0.6536073684692383,0.26529207825660706,0.010070858523249626,0.0006666277186013758,0.49922069907188416,0.9648188352584839,0.0,0.7145387530326843,0.3119547665119171,0.00043334320071153343,0.017661184072494507,0.0,0.0,0.3460371494293213,0.02637624554336071,0.00012990979303140193,1.2760947942733765,0.0,0.0
275,5.255494594573975,0.46636223793029785,27.0403995513916,3.8231635093688965,0.5213210582733154,48.72664260864258,1.0466210842132568,1.047054409980774,39.54,1.251261830329895,0.02863375097513199,0.032275181263685226,8.179569244384766,0.0,0.0,0.2957639694213867,3.0438159228651784e-06,0.003550912020727992,0.7771756052970886,0.0,0.0,1.1943103075027466,0.5918245911598206,0.017343249171972275,0.22618626058101654,0.013037879951298237,0.39315682649612427,0.2844473719596863,0.01709541492164135,0.000587021466344595,0.5811842679977417,0.9860362410545349,0.0,0.8007079362869263,0.22836844623088837,0.0005209256196394563,0.018741128966212273,0.0,0.0,0.34736648201942444,0.05504633113741875,0.00010145556007046252,1.2826083898544312,0.0,0.0
276,1.4183413982391357,0.3127983510494232,22.130754470825195,1.7630641460418701,0.5681278705596924,52.09846115112305,0.9210900068283081,0.9244406223297119,393.5,0.9663943648338318,0.06794947385787964,0.054916784167289734,5.003920555114746,0.0,0.0,0.3487735390663147,0.00014801138604525477,0.0036136822309345007,0.8496421575546265,0.0,0.0,1.0806273221969604,0.6688948273658752,0.014604688622057438,0.13302475214004517,0.008121959865093231,0.19851860404014587,0.2893933653831482,0.021542182192206383,0.0003734863130375743,0.6972881555557251,0.9847018718719482,0.0,0.8752054572105408,0.1832357943058014,0.0005922607961110771,0.01890796422958374,0.0,0.0,0.34644758701324463,0.09630825370550156,3.997740714112297e-05,1.2896575927734375,0.0,0.0
277,1.1520391702651978,0.45208001136779785,24.171804428100586,3.559950113296509,0.732062041759491,40.17672348022461,1.1489100456237793,1.1488943099975586,1.19,0.8022582530975342,0.028911558911204338,0.08575683832168579,9.457867622375488,0.0,0.0,0.3353346884250641,0.00011896227806573734,0.0029892707243561745,0.7724365592002869,0.0,0.0,0.9442095160484314,0.5532214641571045,0.01290306355804205,0.1478966772556305,0.007860137149691582,0.24367794394493103,0.30435311794281006,0.029555553570389748,0.00037929287645965815,0.847075879573822,0.9956350326538086,0.0,0.9763025045394897,0.1695200651884079,0.000651549082249403,0.020523855462670326,0.0,0.0,0.34202122688293457,0.09319330006837845,5.096333188703284e-05,1.2767807245254517,0.0,0.0
278,3.339386224746704,0.9301795959472656,19.237125396728516,3.203378677368164,0.5773298740386963,50.99482345581055,0.9466042518615723,0.9426741600036621,440.43,0.8234285116195679,0.020875442773103714,0.0682528093457222,20.221736907958984,0.0,0.0,0.3616008758544922,3.453696990618482e-05,0.002685775514692068,0.5935946106910706,0.0,0.0,1.1098462343215942,0.5553637742996216,0.015245848335325718,0.1917881965637207,0.010541207157075405,0.31766459345817566,0.2864720821380615,0.019343076273798943,0.00046068697702139616,0.6714307069778442,0.977666437625885,0.0,0.8688138127326965,0.20572414994239807,0.0005707636591978371,0.019680848345160484,0.0,0.0,0.3452826142311096,0.061367619782686234,6.373166979756206e-05,1.2873026132583618,0.0,0.0
279,5.609135627746582,0.1148168072104454,28.327455520629883,6.114218235015869,0.5955234169960022,57.91606140136719,1.1763883829116821,1.1750696897506714,95.4,1.5175203084945679,0.1716812700033188,0.01729116030037403,1.4681305885314941,0.0,0.0,0.3228949308395386,8.986583998193964e-05,0.003962468355894089,0.9544203877449036,0.0,0.0,1.1751142740249634,0.6251038908958435,0.01951797492802143,0.2786189019680023,0.015525998547673225,0.5143794417381287,0.2919004559516907,0.021450597792863846,0.0006881620502099395,0.6030915379524231,0.9995818138122559,0.0,0.8409964442253113,0.16988103091716766,0.0005542307626456022,0.01776800863444805,0.0,0.0,0.3451313376426697,0.09502318501472473,3.784761065617204e-05,1.294605016708374,0.0,0.0
280,5.893598556518555,0.37558960914611816,31.83700942993164,4.946196556091309,0.5391239523887634,57.03163528442383,1.13906729221344,1.1408323049545288,135.82,1.613779902458191,0.05220029130578041,0.027363957837224007,4.3879170417785645,0.0,0.0,0.29393720626831055,1.888172482722439e-05,0.003402526956051588,0.8185921311378479,0.0,0.0,1.2394795417785645,0.6692625284194946,0.019060708582401276,0.25854334235191345,0.015088665299117565,0.4697253406047821,0.28698650002479553,0.018385177478194237,0.0006695217452943325,0.5654242634773254,0.9985519051551819,0.0,0.8181161880493164,0.1820281594991684,0.0005297281895764172,0.01836666651070118,0.0,0.0,0.34677645564079285,0.07315429300069809,7.002714846748859e-05,1.2902687788009644,0.0,0.0
281,2.713191270828247,0.7543363571166992,27.71660041809082,5.321444034576416,0.48218274116516113,56.24922561645508,1.1040971279144287,1.1060410737991333,159.19,1.2218016386032104,0.0056892456486821175,0.0540136881172657,10.047717094421387,0.0,0.0,0.3329344093799591,3.0386568141693715e-06,0.0033772520255297422,0.6569671630859375,0.0,0.0,1.2629268169403076,0.6760648488998413,0.01948651298880577,0.2944462299346924,0.016919858753681183,0.5365632772445679,0.2797420024871826,0.014491308480501175,0.000734630273655057,0.5045729279518127,0.9873225688934326,0.0,0.7669514417648315,0.22015714645385742,0.0004916051402688026,0.018342457711696625,0.0,0.0,0.3477773368358612,0.04482109472155571,8.73091266839765e-05,1.2902265787124634,0.0,0.0
282,4.931122303009033,0.42671114206314087,39.69044876098633,5.611792087554932,0.4913662075996399,58.5066032409668,1.1879407167434692,1.185746431350708,155.78,1.6566414833068848,0.0304154921323061,0.025622237473726273,4.7167205810546875,0.0,0.0,0.29532861709594727,9.882012363959802e-07,0.0033125877380371094,0.7960602641105652,0.0,0.0,1.279091238975525,0.7028639912605286,0.020141320303082466,0.2873876392841339,0.017697719857096672,0.5324770212173462,0.28227269649505615,0.014873741194605827,0.0008027864387258887,0.4935082495212555,0.9986663460731506,0.0,0.7600853443145752,0.22142158448696136,0.00047467713011428714,0.01809648983180523,0.0,0.0,0.3475421965122223,0.04519756883382797,0.00014035833009984344,1.273146629333496,0.0,0.0
283,2.300354480743408,0.6196781992912292,30.783445358276367,7.522326946258545,0.4185613691806793,54.976253509521484,1.140437364578247,1.1402109861373901,17.41,1.358232855796814,0.008971280418336391,0.04641064628958702,7.9894490242004395,0.0,0.0,0.3206650912761688,1.1874572010128759e-06,0.003960662055760622,0.7123063206672668,0.0,0.0,1.3511922359466553,0.5188116431236267,0.022425223141908646,0.3956076502799988,0.02246704325079918,0.7510179281234741,0.2722318172454834,0.009954683482646942,0.000968891428783536,0.40438491106033325,0.9852354526519775,0.0,0.6946045160293579,0.2737042009830475,0.0004334827826824039,0.017374735325574875,0.0,0.0,0.3493170738220215,0.03274393454194069,0.00010368537186877802,1.2848525047302246,0.0,0.0
284,1.080691933631897,0.1950223445892334,28.27318000793457,1.747061848640442,0.5815888047218323,41.931209564208984,0.9933249354362488,0.9959518909454346,265.54,0.9693949818611145,0.08045665919780731,0.05130936577916145,3.317972183227539,0.0,0.0,0.37675219774246216,0.00024019765260163695,0.0035678227432072163,0.909017026424408,0.0,0.0,1.0254813432693481,0.6412308216094971,0.014426362700760365,0.12864676117897034,0.007998509332537651,0.19285239279270172,0.2927619218826294,0.022683212533593178,0.00038473051972687244,0.707888662815094,0.9895636439323425,0.0,0.8566182851791382,0.19719354808330536,0.0005649092490784824,0.0184208694845438,0.0,0.0,0.3464401662349701,0.09152000397443771,6.940332968952134e-05,1.2686197757720947,0.0,0.0
285,3.090270757675171,0.20457245409488678,33.85578536987305,3.4734039306640625,0.6337465047836304,51.1214714050293,1.1829371452331543,1.1847858428955078,131.91,1.2521175146102905,0.10212910175323486,0.027325738221406937,2.7639498710632324,0.0,0.0,0.3367641270160675,0.00012508446525316685,0.003551775123924017,0.9040823578834534,0.0,0.0,1.0552334785461426,0.6240819692611694,0.01571471057832241,0.17614905536174774,0.010450313799083233,0.3000028729438782,0.2974424958229065,0.025020740926265717,0.000495909946039319,0.7110194563865662,1.0018634796142578,0.0,0.9015223383903503,0.1698026955127716,0.0005899196257814765,0.01902487315237522,0.0,0.0,0.34389176964759827,0.09301009029150009,6.672477320535108e-05,1.2735927104949951,0.0,0.0
286,2.937312602996826,0.8293699026107788,23.53470802307129,8.573023796081543,0.45514166355133057,58.9431037902832,1.0937281847000122,1.0968533754348755,260.51,1.189107894897461,0.00745870266109705,0.051383551210165024,11.871712684631348,0.0,0.0,0.34366655349731445,1.211502649312024e-06,0.0033303932286798954,0.6301854252815247,0.0,0.0,1.325505018234253,0.5148403644561768,0.022577384486794472,0.4382100999355316,0.02295285277068615,0.832831084728241,0.27229321002960205,0.010885676369071007,0.0009062453755177557,0.4409748315811157,0.9821180701255798,0.0,0.7268608212471008,0.25260311365127563,0.00045458824024535716,0.01775050349533558,0.0,0.0,0.3469153046607971,0.03576101362705231,8.400614751735702e-05,1.2915300130844116,0.0,0.0
287,4.494010925292969,0.9442070126533508,38.30604934692383,4.763775825500488,0.4776526093482971,47.684574127197266,1.1412545442581177,1.1410560607910156,15.24,1.2190529108047485,0.013044377788901329,0.046292923390865326,14.280357360839844,0.0,0.0,0.3689906895160675,5.9334852267056704e-05,0.0027084497269243,0.5923957228660583,0.0,0.0,1.1435480117797852,0.48464706540107727,0.018620362505316734,0.260161817073822,0.01614663191139698,0.4714404344558716,0.28132909536361694,0.014177903532981873,0.0007578634540550411,0.49931299686431885,0.9882669448852539,0.0,0.7887141704559326,0.2451067417860031,0.0004715042596217245,0.01908789575099945,0.0,0.0,0.34763944149017334,0.031876206398010254,0.0002527710748836398,1.2384679317474365,0.0,0.0
288,3.666842222213745,0.1711025834083557,14.606513977050781,3.184155225753784,0.5234798789024353,47.82167434692383,0.8282235264778137,0.8296289443969727,204.54,1.0396583080291748,0.12499833106994629,0.019836656749248505,3.5606353282928467,0.0,0.0,0.33083903789520264,9.966662764782086e-05,0.0041015553288161755,0.9271474480628967,0.0,0.0,1.1563774347305298,0.45069459080696106,0.015916185453534126,0.21263259649276733,0.01117515005171299,0.35337361693382263,0.27935898303985596,0.01642243191599846,0.0004625092842616141,0.6256200671195984,0.9756061434745789,0.0,0.82494056224823,0.2396373748779297,0.000537596526555717,0.018464526161551476,0.0,0.0,0.3461253046989441,0.07053454220294952,8.22635629447177e-05,1.2807660102844238,0.0,0.0
289,1.5013964176177979,0.21682757139205933,17.101837158203125,5.410513401031494,0.6814029812812805,52.61015701293945,1.0803629159927368,1.080950140953064,50.28,1.3531842231750488,0.10505582392215729,0.032216478139162064,0.9081748723983765,0.0,0.0,0.3568538427352905,0.0001649044279474765,0.0027075670659542084,0.8984445333480835,0.0,0.0,1.259077787399292,0.5714882016181946,0.01788739301264286,0.2320680171251297,0.012071282602846622,0.41045594215393066,0.29598313570022583,0.02846185490489006,0.00045444449642673135,0.7393544316291809,1.005450963973999,0.0,0.972648561000824,0.08304135501384735,0.0005938856047578156,0.019108548760414124,0.0,0.0,0.34250956773757935,0.0936591625213623,6.639990897383541e-05,1.2867681980133057,0.0,0.0
290,5.783356666564941,0.9860659837722778,26.396045684814453,4.382552623748779,0.6977693438529968,66.68453216552734,1.1204864978790283,1.1155550479888916,394.53,1.1643937826156616,0.025289198383688927,0.047470368444919586,10.769776344299316,0.0,0.0,0.3729417026042938,4.5347966079134494e-05,0.001513576484285295,0.5747087597846985,0.0,0.0,1.0996464490890503,0.5718169212341309,0.01492167916148901,0.1876697987318039,0.010148158296942711,0.3218702971935272,0.2999199330806732,0.027970319613814354,0.00044853187864646316,0.7772069573402405,1.001325011253357,0.0,0.9789215922355652,0.11959248781204224,0.0006405566236935556,0.020224740728735924,0.0,0.0,0.3425416648387909,0.09531038999557495,3.1508847314398736e-05,1.295725703239441,0.0,0.0
291,4.058102130889893,0.718272864818573,21.913448333740234,8.492754936218262,0.5639292001724243,44.943153381347656,1.1089296340942383,1.108115315437317,66.27,1.0409049987792969,0.007823759689927101,0.04639170318841934,16.399517059326172,0.0,0.0,0.31572237610816956,1.0308095852451515e-06,0.0032790524419397116,0.666669487953186,0.0,0.0,1.198999285697937,0.42173704504966736,0.02033461257815361,0.37931060791015625,0.01960991509258747,0.7134198546409607,0.28337597846984863,0.01593072898685932,0.0007944147801026702,0.5442335605621338,0.9830385446548462,0.0,0.7749355435371399,0.2673816978931427,0.0004905579844489694,0.018628671765327454,0.0,0.0,0.3445550501346588,0.03844771906733513,0.00011853906471515074,1.280165672302246,0.0,0.0
292,1.5786056518554688,0.023806683719158173,24.641096115112305,6.069860935211182,0.501655101776123,46.074546813964844,1.1271724700927734,1.1257208585739136,114.4,1.0948762893676758,0.13934485614299774,0.020404629409313202,1.169643759727478,0.0,0.0,0.39821717143058777,0.00026179407723248005,0.0050126840360462666,1.0090922117233276,0.0,0.0,1.163507342338562,0.48540106415748596,0.0204016026109457,0.3187308609485626,0.017422525212168694,0.5874236226081848,0.280994713306427,0.015659624710679054,0.0007908355910331011,0.510358989238739,0.9838064312934875,0.0,0.7488311529159546,0.2460182160139084,0.00048696828889660537,0.016516128554940224,0.0,0.0,0.34717580676078796,0.07902093976736069,6.810291233705357e-05,1.2811155319213867,0.0,0.0
293,4.887427806854248,0.5666151642799377,25.25215721130371,2.0828685760498047,0.47695422172546387,56.77277755737305,0.9013762474060059,0.9024515151977539,132.19,1.296120285987854,0.017470374703407288,0.0343802236020565,8.326665878295898,0.0,0.0,0.30481237173080444,1.5079066315593082e-06,0.002997885923832655,0.7354483008384705,0.0,0.0,1.2498888969421387,0.7325496077537537,0.015757746994495392,0.16363343596458435,0.01013590581715107,0.25654110312461853,0.2803862690925598,0.016093416139483452,0.00046192420995794237,0.5893732309341431,0.9838414192199707,0.0,0.8006544709205627,0.20911313593387604,0.0005262475460767746,0.018816353753209114,0.0,0.0,0.3488173484802246,0.057218391448259354,7.643401477253065e-05,1.2911291122436523,0.0,0.0
294,2.4349780082702637,0.8177142143249512,25.810747146606445,7.184915542602539,0.607558012008667,55.21842956542969,1.1957556009292603,1.197611927986145,129.63,1.062258005142212,0.008933184668421745,0.06828625500202179,12.152234077453613,0.0,0.0,0.34047621488571167,2.138395211659372e-05,0.003134956117719412,0.6290626525878906,0.0,0.0,1.1410623788833618,0.6097200512886047,0.019331350922584534,0.3054550588130951,0.01684340089559555,0.5672549605369568,0.29102444648742676,0.020358165726065636,0.0007190207252278924,0.5969265699386597,0.9903228282928467,0.0,0.8578906655311584,0.18398600816726685,0.0005534383817575872,0.01935574598610401,0.0,0.0,0.34381434321403503,0.05908019468188286,6.639623461524025e-05,1.2885513305664062,0.0,0.0
295,5.786187171936035,0.45141544938087463,17.62812614440918,3.50361704826355,0.4305761754512787,53.13691329956055,0.8161787390708923,0.8182998299598694,317.59,1.1580301523208618,0.0341951921582222,0.031028779223561287,10.142005920410156,0.0,0.0,0.2946663796901703,5.991098532831529e-06,0.003298381343483925,0.7868731021881104,0.0,0.0,1.3208661079406738,0.4125768542289734,0.016719453036785126,0.25071921944618225,0.013124878518283367,0.4266609847545624,0.2696564197540283,0.011352349072694778,0.0005437255022116005,0.5293378233909607,0.9702914953231812,0.0,0.7409330606460571,0.29659074544906616,0.0004729896318167448,0.018103772774338722,0.0,0.0,0.34850481152534485,0.039895858615636826,0.00010385947825852782,1.2842707633972168,0.0,0.0
296,5.637813091278076,0.26419463753700256,24.196483612060547,2.6380937099456787,0.6652480959892273,45.90464401245117,1.001526117324829,1.0040229558944702,248.3,1.0646048784255981,0.09844044595956802,0.02876044437289238,5.703073978424072,0.0,0.0,0.3024957776069641,4.2986313928849995e-05,0.0037075162399560213,0.877937912940979,0.0,0.0,1.0287024974822998,0.5967307090759277,0.013793925754725933,0.1415063440799713,0.007938889786601067,0.22710756957530975,0.2987073063850403,0.02575194090604782,0.00037523708306252956,0.786854088306427,0.9981067180633545,0.0,0.9223085641860962,0.17637929320335388,0.0006236761109903455,0.01942117139697075,0.0,0.0,0.344364196062088,0.0951036736369133,4.180457835900597e-05,1.2866647243499756,0.0,0.0
297,3.4135148525238037,0.29379621148109436,16.778425216674805,4.498292446136475,0.5150490403175354,40.19060516357422,0.93181312084198,0.9347293376922607,334.82,1.1637036800384521,0.059813179075717926,0.027150269597768784,5.928684234619141,0.0,0.0,0.31377914547920227,5.9222555137239397e-05,0.003738815663382411,0.8619787693023682,0.0,0.0,1.282578468322754,0.43183839321136475,0.017797481268644333,0.27174052596092224,0.013943800702691078,0.4661499261856079,0.27870821952819824,0.015892770141363144,0.0005753005389124155,0.5796523094177246,0.969368040561676,0.0,0.767782986164093,0.2624503970146179,0.0004876359598711133,0.01800714060664177,0.0,0.0,0.3467337489128113,0.04620577022433281,0.00010826679499587044,1.2836350202560425,0.0,0.0
298,1.823206901550293,0.7561905384063721,25.523422241210938,7.6832685470581055,0.5141445994377136,52.374732971191406,1.1552276611328125,1.1582226753234863,223.84,1.0755044221878052,0.006859011948108673,0.06781071424484253,11.742831230163574,0.0,0.0,0.3384511470794678,2.423571095278021e-05,0.003795233555138111,0.6551075577735901,0.0,0.0,1.212920069694519,0.5250258445739746,0.021165136247873306,0.36673659086227417,0.020189128816127777,0.6961060166358948,0.2809768617153168,0.014595423825085163,0.0008503864519298077,0.49369752407073975,0.9879456162452698,0.0,0.7748274803161621,0.2329382598400116,0.0004932804149575531,0.01835913211107254,0.0,0.0,0.34620967507362366,0.04385346919298172,9.318660158896819e-05,1.2872127294540405,0.0,0.0
299,1.5152809619903564,0.4825056195259094,39.51664352416992,2.5665135383605957,0.6020050644874573,47.34085464477539,1.1466065645217896,1.1464651823043823,10.76,1.1117407083511353,0.01393305417150259,0.06834517419338226,7.5275750160217285,0.0,0.0,0.33059051632881165,0.00010951711738016456,0.0029050514567643404,0.7668278813362122,0.0,0.0,1.0198867321014404,0.5721911787986755,0.014523029327392578,0.15545950829982758,0.009413260035216808,0.2546234726905823,0.2946166396141052,0.022362373769283295,0.00043835723772644997,0.7037258744239807,0.9988676905632019,0.0,0.8921310305595398,0.20390520989894867,0.0005515414522960782,0.020145278424024582,0.0,0.0,0.34424659609794617,0.05085476115345955,0.000190748818567954,1.2394198179244995,0.0,0.0
300,4.341192722320557,0.529110312461853,27.88745880126953,5.9820876121521,0.6392819881439209,43.985496520996094,1.1935192346572876,1.1928929090499878,43.99,1.1027027368545532,0.017684226855635643,0.041303813457489014,11.075331687927246,0.0,0.0,0.2963036894798279,8.523686574335443e-07,0.003385708900168538,0.7442336678504944,0.0,0.0,1.07998788356781,0.5234414935112,0.017385641112923622,0.25249168276786804,0.014142559841275215,0.4600617289543152,0.2953660190105438,0.022214537486433983,0.0006339277606457472,0.6547461748123169,0.9917418360710144,0.0,0.846846878528595,0.227718785405159,0.0005408321158029139,0.019499272108078003,0.0,0.0,0.34306836128234863,0.051300764083862305,0.00014706302317790687,1.2658473253250122,0.0,0.0
301,1.7484965324401855,0.28648340702056885,32.94868087768555,4.937852382659912,0.4731657803058624,45.43663024902344,1.1442129611968994,1.14429771900177,6.47,1.1958030462265015,0.04296204820275307,0.04025561362504959,4.4373297691345215,0.0,0.0,0.3416142165660858,0.00013625271094497293,0.004391674418002367,0.8642634749412537,0.0,0.0,1.1526837348937988,0.4122557044029236,0.019004328176379204,0.27092278003692627,0.016294023022055626,0.4966468811035156,0.2807040214538574,0.014059609733521938,0.0007798171718604863,0.4944785237312317,0.9888461828231812,0.0,0.7485008239746094,0.27833622694015503,0.0004687107284553349,0.017756246030330658,0.0,0.0,0.3483988046646118,0.04402001202106476,0.00018931594968307763,1.2565252780914307,0.0,0.0
302,1.9070419073104858,0.5997326374053955,24.435569763183594,4.097924709320068,0.5405129194259644,57.73960494995117,1.081804633140564,1.079123616218567,229.66,1.0953506231307983,0.009547939524054527,0.06218989938497543,8.998539924621582,0.0,0.0,0.3249433934688568,4.3746626033680514e-05,0.003461644519120455,0.7172889709472656,0.0,0.0,1.1709243059158325,0.6681150794029236,0.01744008995592594,0.23139381408691406,0.013297812081873417,0.4066326916217804,0.28574076294898987,0.018230987712740898,0.0005884272395633161,0.5953679084777832,0.9885751605033875,0.0,0.8355435729026794,0.19626177847385406,0.0005488898605108261,0.019099989905953407,0.0,0.0,0.34629470109939575,0.06105567514896393,5.819527723360807e-05,1.2919085025787354,0.0,0.0
303,4.953404903411865,0.920142650604248,13.852096557617188,6.909158229827881,0.6546108722686768,47.43330001831055,0.8658656477928162,0.8739416003227234,1067.24,0.8814799189567566,0.019234195351600647,0.05090680718421936,22.426044464111328,0.0,0.0,0.35276806354522705,4.2664432839956135e-05,0.002239718334749341,0.5958688855171204,0.0,0.0,1.1661981344223022,0.4529142379760742,0.016428422182798386,0.3036409616470337,0.013830335810780525,0.5395784378051758,0.2874874770641327,0.0203101746737957,0.0005349162383936346,0.6964951753616333,0.9733840823173523,0.0,0.8728316426277161,0.2121727615594864,0.0005505437729880214,0.019829172641038895,0.0,0.0,0.3427601158618927,0.04951368272304535,0.00010202197881881148,1.2858434915542603,0.0,0.0
304,1.2435587644577026,0.3990861177444458,32.13201141357422,3.6426312923431396,0.5566471815109253,59.963890075683594,1.152670979499817,1.1492893695831299,255.26,1.2386879920959473,0.03816215693950653,0.055254384875297546,4.254088401794434,0.0,0.0,0.3398512303829193,0.00013425758515950292,0.0034921220503747463,0.8082637786865234,0.0,0.0,1.1679002046585083,0.6732838153839111,0.017377866432070732,0.20457641780376434,0.012304877862334251,0.35550013184547424,0.28982067108154297,0.020620467141270638,0.0005711580161005259,0.6169161200523376,0.9969497919082642,0.0,0.8502057790756226,0.1634937971830368,0.0005628629005514085,0.01856393925845623,0.0,0.0,0.34668686985969543,0.08689583837985992,3.7607842386933044e-05,1.2963894605636597,0.0,0.0
305,1.8797316551208496,0.24908587336540222,15.329621315002441,9.43248462677002,0.5839457511901855,54.656307220458984,1.0499773025512695,1.0497344732284546,22.03,1.124784231185913,0.07680520415306091,0.03525490686297417,4.274567604064941,0.0,0.0,0.33736932277679443,0.00013138694339431822,0.0037409027572721243,0.8888685703277588,0.0,0.0,1.2010526657104492,0.41590234637260437,0.02113887295126915,0.4136497378349304,0.019840843975543976,0.767612099647522,0.2826332747936249,0.017288265749812126,0.0007608960731886327,0.5697641372680664,0.9775575399398804,0.0,0.7954637408256531,0.23985472321510315,0.000502471171785146,0.017899267375469208,0.0,0.0,0.3431157171726227,0.055598776787519455,0.00010780314187286422,1.2824511528015137,0.0,0.0
306,2.293278932571411,0.14373888075351715,12.756950378417969,6.142589092254639,0.6077417731285095,48.675907135009766,0.9310976266860962,0.9397777915000916,991.99,1.060908317565918,0.12420713901519775,0.025925755500793457,2.3804214000701904,0.0,0.0,0.35296913981437683,0.00016543430683668703,0.0037912726402282715,0.9419943690299988,0.0,0.0,1.1765731573104858,0.45486581325531006,0.018018869683146477,0.3040904700756073,0.014258259907364845,0.5288881063461304,0.2852592170238495,0.020307930186390877,0.0005597220733761787,0.651777982711792,0.9674646258354187,0.0,0.8326113820075989,0.22076837718486786,0.0005295742303133011,0.018298711627721786,0.0,0.0,0.343351811170578,0.06495051085948944,0.00010304817260475829,1.2807804346084595,0.0,0.0
307,4.9045729637146,0.7973748445510864,11.83238410949707,9.70497989654541,0.5744581818580627,44.899505615234375,0.8013975620269775,0.8106546401977539,1424.92,1.099260926246643,0.007924617268145084,0.03983083367347717,17.3444881439209,0.0,0.0,0.32654350996017456,1.4376609215105418e-05,0.0024026427417993546,0.6418522000312805,0.0,0.0,1.3675081729888916,0.38162466883659363,0.020203417167067528,0.45636117458343506,0.019886301830410957,0.8184108138084412,0.2757839560508728,0.014757280237972736,0.0006649888237006962,0.5876938104629517,0.964682936668396,0.0,0.7703267931938171,0.2609266936779022,0.00046649001887999475,0.01857983134686947,0.0,0.0,0.34359344840049744,0.029935739934444427,0.00010059713531518355,1.287097692489624,0.0,0.0
308,1.31803297996521,0.14092722535133362,22.755531311035156,6.340103626251221,0.41723358631134033,43.731204986572266,1.0579320192337036,1.058359980583191,38.22,1.1111745834350586,0.08016237616539001,0.029305361211299896,2.922868013381958,0.0,0.0,0.37019261717796326,0.0002036919177044183,0.005043520592153072,0.9455180168151855,0.0,0.0,1.2697813510894775,0.377603679895401,0.021113883703947067,0.36599963903427124,0.01942206360399723,0.6799057126045227,0.27053630352020264,0.010681834071874619,0.0008620723383501172,0.4384053647518158,0.9760873317718506,0.0,0.6922545433044434,0.3022560477256775,0.00044184227590449154,0.01634690724313259,0.0,0.0,0.3495045006275177,0.05073291435837746,0.00010574496991466731,1.2826271057128906,0.0,0.0
309,4.544775485992432,0.7446016073226929,13.497251510620117,5.259479999542236,0.5424346327781677,41.51523971557617,0.8121395707130432,0.8106518983840942,225.97,1.0087300539016724,0.0076814815402030945,0.04273116961121559,14.268877029418945,0.0,0.0,0.3174048364162445,1.0096174491991405e-06,0.0031025875359773636,0.6614851951599121,0.0,0.0,1.2737246751785278,0.45805269479751587,0.01742529682815075,0.30404388904571533,0.014344321563839912,0.5200727581977844,0.27691295742988586,0.015519285574555397,0.0005270448164083064,0.6056045293807983,0.9619996547698975,0.0,0.7793508172035217,0.2583356201648712,0.0004858710744883865,0.018977001309394836,0.0,0.0,0.34542417526245117,0.03355846554040909,9.794988000066951e-05,1.2867692708969116,0.0,0.0
310,2.7504794597625732,0.2510676681995392,17.023128509521484,9.646127700805664,0.43127456307411194,51.432559967041016,1.0076391696929932,1.003786325454712,380.92,1.2529196739196777,0.07076791673898697,0.021024439483880997,5.3111395835876465,0.0,0.0,0.3202843964099884,5.7583565649110824e-05,0.004060872830450535,0.88673996925354,0.0,0.0,1.3859527111053467,0.3405861258506775,0.023751581087708473,0.5174207091331482,0.024423539638519287,0.972175657749176,0.26561495661735535,0.008966287598013878,0.0009205451933667064,0.4367508292198181,0.971074104309082,0.0,0.7091749906539917,0.29723185300827026,0.0004410851397551596,0.016890494152903557,0.0,0.0,0.34673774242401123,0.04191981256008148,9.153369319392368e-05,1.2898739576339722,0.0,0.0
311,5.201900482177734,0.7834062576293945,21.158428192138672,5.3792643547058105,0.6875622272491455,49.34629440307617,1.0703624486923218,1.0710785388946533,62.46,0.9420093894004822,0.007288381922990084,0.049700088798999786,17.317174911499023,0.0,0.0,0.32078632712364197,2.7686894554790342e-06,0.0028015708085149527,0.6422668099403381,0.0,0.0,1.0670827627182007,0.5703364014625549,0.01518808864057064,0.2245914489030838,0.011504736728966236,0.3950234055519104,0.2967478632926941,0.024419939145445824,0.0005033583147451282,0.7454821467399597,0.9878619909286499,0.0,0.9160290956497192,0.18390494585037231,0.00060361617943272,0.020336439833045006,0.0,0.0,0.34273019433021545,0.06996522098779678,5.8966634242096916e-05,1.2884347438812256,0.0,0.0
312,5.5795674324035645,0.7289456725120544,27.50848388671875,2.265725612640381,0.5011476874351501,41.26008987426758,0.943035900592804,0.9421437978744507,100.41,1.0430828332901,0.0065233828499913216,0.04248680919408798,16.45332145690918,0.0,0.0,0.3213433027267456,1.3719118214794435e-05,0.003028987906873226,0.6719045639038086,0.0,0.0,1.127121090888977,0.5146942734718323,0.015305859036743641,0.16283529996871948,0.010197173804044724,0.264320969581604,0.2832127511501312,0.01630646362900734,0.00048262561904266477,0.6028273105621338,0.9872965812683105,0.0,0.8077882528305054,0.2464998960494995,0.0005204834160394967,0.0192659180611372,0.0,0.0,0.34851235151290894,0.04632239416241646,0.00014771906717214733,1.2678916454315186,0.0,0.0
313,1.9064661264419556,0.7377121448516846,20.648216247558594,7.460453510284424,0.731968104839325,45.0360221862793,1.1982089281082153,1.1993025541305542,76.1,0.8380519151687622,0.010489223524928093,0.08649804443120956,16.30579376220703,0.0,0.0,0.3300464153289795,4.655102748074569e-05,0.0029376749880611897,0.6548798680305481,0.0,0.0,1.0171695947647095,0.5544400215148926,0.01583865098655224,0.24888409674167633,0.012823939323425293,0.4550439715385437,0.30132296681404114,0.02675250545144081,0.0005765873356722295,0.753020167350769,0.9904308319091797,0.0,0.9427048563957214,0.17832507193088531,0.0006193934823386371,0.02050887420773506,0.0,0.0,0.341389924287796,0.07302291691303253,5.4831281886436045e-05,1.2849444150924683,0.0,0.0
314,5.503275394439697,0.01323686819523573,16.924753189086914,5.840228080749512,0.5399048924446106,45.049861907958984,0.9724295139312744,0.9703342318534851,222.06,1.090455412864685,0.23028673231601715,0.012448613531887531,1.450265884399414,0.0,0.0,0.3413853347301483,0.00010817882139235735,0.004211996216326952,1.017624020576477,0.0,0.0,1.1810981035232544,0.445555716753006,0.019184231758117676,0.3162597417831421,0.015186100266873837,0.570554792881012,0.28113383054733276,0.01642029359936714,0.0006221214425750077,0.5800591707229614,0.9752718806266785,0.0,0.8056191802024841,0.23521511256694794,0.0005252303672023118,0.01763867400586605,0.0,0.0,0.34619593620300293,0.08652639389038086,6.246801058296114e-05,1.2882981300354004,0.0,0.0
315,2.875246286392212,0.6042097806930542,44.82932662963867,1.512566328048706,0.5334491729736328,48.48358154296875,0.9988864660263062,1.0086268186569214,966.78,1.337289810180664,0.003186919493600726,0.05281224846839905,8.80742073059082,0.0,0.0,0.31714627146720886,2.8399850634741597e-05,0.0024125308264046907,0.7224209308624268,0.0,0.0,1.0708346366882324,0.5853328704833984,0.013950644992291927,0.13151749968528748,0.008316220715641975,0.19769202172756195,0.2883076071739197,0.018770093098282814,0.00038560014218091965,0.6631252765655518,0.9953838586807251,0.0,0.872684121131897,0.2171729952096939,0.0005145635223016143,0.020784281194210052,0.0,0.0,0.34629490971565247,0.032953567802906036,0.00032843780354596674,1.2165907621383667,0.0,0.0
316,3.1526691913604736,0.013720678165555,14.221272468566895,2.2092249393463135,0.658428430557251,57.58507537841797,0.817945122718811,0.8206910490989685,409.06,0.8758328557014465,0.2508223354816437,0.014146455563604832,1.1229602098464966,0.0,0.0,0.38101351261138916,0.00014969152107369155,0.004007657989859581,1.0123190879821777,0.0,0.0,0.968413233757019,0.5915782451629639,0.013196684420108795,0.13118049502372742,0.0069285049103200436,0.1975238025188446,0.2939622104167938,0.025227222591638565,0.00030499009881168604,0.8058077096939087,0.9862127900123596,0.0,0.9303238391876221,0.18453583121299744,0.0006230766884982586,0.01855481043457985,0.0,0.0,0.3430822193622589,0.0920763611793518,4.920915307593532e-05,1.2696391344070435,0.0,0.0
317,2.4880104064941406,0.5829115509986877,13.87598705291748,8.894303321838379,0.563226580619812,40.27136993408203,0.9702327251434326,0.9737988114356995,377.44,1.1544406414031982,0.01304368395358324,0.04881350323557854,10.971160888671875,0.0,0.0,0.31101614236831665,1.374524799757637e-05,0.003266813699156046,0.726265013217926,0.0,0.0,1.3531208038330078,0.41553032398223877,0.020824752748012543,0.423322468996048,0.019666500389575958,0.7597631216049194,0.27855542302131653,0.015935782343149185,0.0007101109949871898,0.5652257204055786,0.9654282927513123,0.0,0.7589693665504456,0.259232759475708,0.00046681248932145536,0.018253004178404808,0.0,0.0,0.34434986114501953,0.03221103176474571,9.631449211155996e-05,1.2878202199935913,0.0,0.0
318,5.163891315460205,0.1352633237838745,16.601011276245117,3.220602035522461,0.5199583172798157,56.52228927612305,0.8484736084938049,0.8530572056770325,633.27,1.1112297773361206,0.1630604863166809,0.01730441302061081,2.860879898071289,0.0,0.0,0.32363972067832947,8.969225018518046e-05,0.004030636046081781,0.944205105304718,0.0,0.0,1.1655842065811157,0.47365662455558777,0.016176626086235046,0.21413321793079376,0.011265411041676998,0.35674282908439636,0.28024888038635254,0.016465293243527412,0.00047589419409632683,0.6179381012916565,0.9763372540473938,0.0,0.825352668762207,0.23974378407001495,0.0005394337349571288,0.01835588924586773,0.0,0.0,0.34621065855026245,0.07669886201620102,8.470170723740011e-05,1.2783769369125366,0.0,0.0
319,5.257262706756592,0.13768811523914337,33.59516906738281,2.3120598793029785,0.5236406326293945,52.69448471069336,1.0346426963806152,1.0362430810928345,149.27,1.4681906700134277,0.1427641659975052,0.016639575362205505,2.017322301864624,0.0,0.0,0.3277793526649475,0.00010133939940715209,0.0038969176821410656,0.9456107020378113,0.0,0.0,1.1600115299224854,0.7101165652275085,0.016326047480106354,0.16077661514282227,0.010195917449891567,0.25981032848358154,0.2881132662296295,0.019671041518449783,0.0004958247300237417,0.6201608777046204,0.997437596321106,0.0,0.8324319124221802,0.18202051520347595,0.0005498605314642191,0.018118295818567276,0.0,0.0,0.3483121991157532,0.09547252207994461,6.514578853966668e-05,1.282387137413025,0.0,0.0
320,2.6727354526519775,0.5260527729988098,12.298948287963867,9.809974670410156,0.45363304018974304,48.5147590637207,0.8876235485076904,0.8846087455749512,383.95,1.2852144241333008,0.01787872426211834,0.03678028658032417,9.3362398147583,0.0,0.0,0.30614811182022095,1.2016555501759285e-06,0.0033853573258966208,0.755765438079834,0.0,0.0,1.5025473833084106,0.3222953975200653,0.02282181940972805,0.5332845449447632,0.024116825312376022,0.972524881362915,0.2637489140033722,0.009150393307209015,0.0008072066702879965,0.4746757447719574,0.9632349610328674,0.0,0.6711412668228149,0.3363208770751953,0.00040102057391777635,0.016980230808258057,0.0,0.0,0.34540894627571106,0.02265782095491886,0.00010218772513326257,1.2868626117706299,0.0,0.0
321,3.778563976287842,0.4494720995426178,22.334285736083984,2.5734012126922607,0.4044156074523926,41.070945739746094,0.8802222609519958,0.8761523962020874,527.73,1.1379647254943848,0.02302255667746067,0.03320852667093277,10.589638710021973,0.0,0.0,0.3071913421154022,4.717756382888183e-06,0.0036499316338449717,0.7914254069328308,0.0,0.0,1.301859736442566,0.40162405371665955,0.016235092654824257,0.19826389849185944,0.011758361011743546,0.3253571689128876,0.27141889929771423,0.011657403782010078,0.0005444025155156851,0.5126809477806091,0.9728013873100281,0.0,0.7004798650741577,0.3280947506427765,0.00044937783968634903,0.017542116343975067,0.0,0.0,0.35107511281967163,0.035201556980609894,0.00012611343117896467,1.278356671333313,0.0,0.0
322,2.6108527183532715,0.9411706924438477,18.60812759399414,3.026716947555542,0.6045655608177185,57.056636810302734,0.9516429305076599,0.9513113498687744,36.63,0.8063315153121948,0.020350931212306023,0.08066367357969284,18.209228515625,0.0,0.0,0.3662204444408417,3.948488301830366e-05,0.002582359127700329,0.589425802230835,0.0,0.0,1.0664738416671753,0.6054726243019104,0.014590321108698845,0.17540614306926727,0.009815715253353119,0.2889803946018219,0.28928396105766296,0.020877357572317123,0.0004299258580431342,0.7075450420379639,0.984758198261261,0.0,0.8925281763076782,0.19185981154441833,0.0005871877656318247,0.01988590881228447,0.0,0.0,0.34429216384887695,0.06614028662443161,5.941150084254332e-05,1.2836527824401855,0.0,0.0
323,2.2702925205230713,0.6311364769935608,21.15837287902832,2.4374325275421143,0.7596838474273682,46.8939094543457,0.992320716381073,0.9968939423561096,462.3,0.7601287961006165,0.003964785952121019,0.08427081257104874,12.836917877197266,0.0,0.0,0.31761112809181213,3.0242283173720352e-05,0.002877880586311221,0.6957158446311951,0.0,0.0,0.943875253200531,0.5292395353317261,0.010989706963300705,0.10675647854804993,0.005361583549529314,0.15757545828819275,0.3057189881801605,0.03131619468331337,0.00025654977071098983,0.9282738566398621,1.001301884651184,0.0,1.0428097248077393,0.14071449637413025,0.0007161450921557844,0.021491285413503647,0.0,0.0,0.34202808141708374,0.09575595706701279,2.9138667741790414e-05,1.2927321195602417,0.0,0.0
324,4.918102264404297,0.19481566548347473,16.29889488220215,2.3679001331329346,0.673896074295044,49.41714096069336,0.8191485404968262,0.8104438185691833,1311.2,0.9336708188056946,0.1329830288887024,0.024447396397590637,4.694224834442139,0.0,0.0,0.31617775559425354,5.89524679526221e-05,0.003804260166361928,0.9138368368148804,0.0,0.0,1.0187684297561646,0.5803911685943604,0.012829555198550224,0.133597731590271,0.0069152601063251495,0.20280787348747253,0.29588204622268677,0.02532356046140194,0.00030729829450137913,0.820414662361145,0.9858876466751099,0.0,0.9616904258728027,0.17485420405864716,0.000652109447401017,0.019831717014312744,0.0,0.0,0.3438678979873657,0.09462915360927582,3.9042472053552046e-05,1.286576509475708,0.0,0.0
325,5.372872352600098,0.30886274576187134,13.08349895477295,6.6367926597595215,0.6626291275024414,44.610992431640625,0.8465364575386047,0.8574034571647644,1497.2,1.1134780645370483,0.07834358513355255,0.02737082727253437,6.844886779785156,0.0,0.0,0.2926771938800812,2.665087413333822e-05,0.0031463077757507563,0.8569052815437317,0.0,0.0,1.1980682611465454,0.46056029200553894,0.016681287437677383,0.2944859564304352,0.013145668432116508,0.5140110850334167,0.28978705406188965,0.021868033334612846,0.0005093679064884782,0.7123832106590271,0.9701254963874817,0.0,0.8716003894805908,0.21139903366565704,0.0005533479852601886,0.01950589194893837,0.0,0.0,0.3431461453437805,0.059020377695560455,0.00010104534158017486,1.2860865592956543,0.0,0.0
326,3.970031261444092,0.13574998080730438,21.946678161621094,6.230323791503906,0.5215895771980286,43.90226745605469,1.0734102725982666,1.0721262693405151,111.57,1.1351524591445923,0.12061068415641785,0.015580684877932072,3.1044721603393555,0.0,0.0,0.3307780921459198,9.526954090688378e-05,0.004320615436881781,0.944212794303894,0.0,0.0,1.1800228357315063,0.4219498336315155,0.019774626940488815,0.32434386014938354,0.016971908509731293,0.5972277522087097,0.28156599402427673,0.015689482912421227,0.0007421724731102586,0.5363375544548035,0.9827866554260254,0.0,0.7810936570167542,0.2561236619949341,0.0005064243450760841,0.01762322708964348,0.0,0.0,0.3464513421058655,0.06768106669187546,8.786241232883185e-05,1.2813146114349365,0.0,0.0
327,4.840404033660889,0.9506344795227051,22.627059936523438,6.256767272949219,0.5307202339172363,46.738285064697266,1.0455576181411743,1.0468968152999878,122.35,0.9688465595245361,0.01966206543147564,0.04733233526349068,19.27277374267578,0.0,0.0,0.3686343729496002,6.328458403004333e-05,0.0028362269513309,0.5855252146720886,0.0,0.0,1.1820003986358643,0.49383264780044556,0.019017105922102928,0.32126107811927795,0.016864484176039696,0.5929140448570251,0.28076255321502686,0.015383557416498661,0.0007136365748010576,0.5470381379127502,0.9823444485664368,0.0,0.7993955612182617,0.2301015853881836,0.0005101259448565543,0.018562575802206993,0.0,0.0,0.3459906578063965,0.04988156259059906,8.97193604032509e-05,1.2840983867645264,0.0,0.0
328,3.2936763763427734,0.15032188594341278,15.505768775939941,3.6539411544799805,0.7919403314590454,46.66417694091797,0.9361250996589661,0.941921055316925,657.32,0.8614347577095032,0.14623229205608368,0.02902114950120449,3.0935773849487305,0.0,0.0,0.34270402789115906,7.935707253636792e-05,0.0035589758772403,0.935702919960022,0.0,0.0,0.9368759989738464,0.5100805759429932,0.011151560582220554,0.1305427849292755,0.005834711715579033,0.20661774277687073,0.3060767948627472,0.03311778977513313,0.000284455280052498,0.9457151889801025,0.9975234270095825,0.0,1.041236162185669,0.13662388920783997,0.0007163907284848392,0.019844505935907364,0.0,0.0,0.34151431918144226,0.09472525864839554,2.2490834453492425e-05,1.2900218963623047,0.0,0.0
329,4.17711877822876,0.22775046527385712,15.660632133483887,8.399849891662598,0.6864413619041443,58.24923324584961,1.0331237316131592,1.03887140750885,535.52,1.0980364084243774,0.11565811932086945,0.024598699063062668,4.531217098236084,0.0,0.0,0.31290319561958313,6.69444416416809e-05,0.0033770864829421043,0.8972302675247192,0.0,0.0,1.0862115621566772,0.49027976393699646,0.017787955701351166,0.31799766421318054,0.01480549294501543,0.5784497261047363,0.2940446138381958,0.02326217107474804,0.0005985162570141256,0.6973477005958557,0.9797798991203308,0.0,0.908173143863678,0.19607344269752502,0.0005865853163413703,0.019507944583892822,0.0,0.0,0.34172600507736206,0.08180935680866241,8.063654240686446e-05,1.2777042388916016,0.0,0.0
330,3.773981809616089,0.8004025816917419,19.582963943481445,8.856444358825684,0.6982288956642151,51.0751838684082,1.139098048210144,1.1368025541305542,177.27,0.9381133913993835,0.008646016009151936,0.05901570990681648,17.311019897460938,0.0,0.0,0.3271855413913727,8.218032235163264e-06,0.002593935700133443,0.6359492540359497,0.0,0.0,1.0798107385635376,0.5541632771492004,0.017455384135246277,0.3090732991695404,0.015466377139091492,0.572075605392456,0.2961486279964447,0.023569796234369278,0.000642175495158881,0.693612277507782,0.9878988862037659,0.0,0.903588056564331,0.1900731325149536,0.0005866141873411834,0.020123779773712158,0.0,0.0,0.34164124727249146,0.06219862028956413,6.978585588512942e-05,1.2857811450958252,0.0,0.0
331,1.5402809381484985,0.3764827847480774,26.785247802734375,3.7006914615631104,0.717364490032196,54.46953201293945,1.178086280822754,1.1824434995651245,312.79,1.0334763526916504,0.05494927242398262,0.06261029094457626,5.148918151855469,0.0,0.0,0.3360176980495453,0.00012224045349285007,0.0031109179835766554,0.8125523328781128,0.0,0.0,1.025400161743164,0.5647196173667908,0.014013156294822693,0.1567363291978836,0.008621065877377987,0.26372963190078735,0.3037201762199402,0.03004549816250801,0.0004071001603733748,0.8192167282104492,1.003786563873291,0.0,0.9689178466796875,0.13788250088691711,0.0006539984606206417,0.01971336267888546,0.0,0.0,0.34234628081321716,0.09590694308280945,2.4764529371168464e-05,1.294701099395752,0.0,0.0
332,3.0246825218200684,0.07989461719989777,20.44813346862793,4.654704570770264,0.569261372089386,42.57466506958008,1.055618166923523,1.052315354347229,297.32,1.0138218402862549,0.15579986572265625,0.017641706392169,2.071847677230835,0.0,0.0,0.3592374324798584,0.00015685275138821453,0.004151826724410057,0.9754172563552856,0.0,0.0,1.1217620372772217,0.4685317575931549,0.01762125827372074,0.24845963716506958,0.013207809999585152,0.438589483499527,0.2870789170265198,0.019485492259263992,0.0005922248237766325,0.6204318404197693,0.982536792755127,0.0,0.8190373778343201,0.23070859909057617,0.0005393605679273605,0.01783604733645916,0.0,0.0,0.34564676880836487,0.08476029336452484,6.84597616782412e-05,1.2820154428482056,0.0,0.0
333,2.035334587097168,0.6797218322753906,21.48118782043457,4.356909275054932,0.793225884437561,42.59967803955078,1.1377074718475342,1.1381477117538452,34.0,0.7648178935050964,0.008056054823100567,0.09112703800201416,15.164143562316895,0.0,0.0,0.32147216796875,4.0005190385272726e-05,0.002745019970461726,0.6733955144882202,0.0,0.0,0.9352662563323975,0.5187225937843323,0.011619075201451778,0.14406269788742065,0.00709193479269743,0.23915071785449982,0.3082367479801178,0.03224559873342514,0.00035321590257808566,0.9152838587760925,0.9983785152435303,0.0,1.0375574827194214,0.14931106567382812,0.0006995474686846137,0.021597180515527725,0.0,0.0,0.3408690094947815,0.09416884183883667,3.728665251401253e-05,1.2868952751159668,0.0,0.0
334,1.3499505519866943,0.16229619085788727,14.037670135498047,9.969548225402832,0.7264872789382935,44.1446647644043,1.096426010131836,1.0967133045196533,23.89,0.9164038896560669,0.13872991502285004,0.04238017648458481,3.0441997051239014,0.0,0.0,0.3668476343154907,0.00018939717847388238,0.0033489216584712267,0.9387221336364746,0.0,0.0,1.0576685667037964,0.5291039347648621,0.01789817027747631,0.32619526982307434,0.014988338574767113,0.5921581983566284,0.2972433269023895,0.026738228276371956,0.0006041855085641146,0.7264240980148315,0.9787452816963196,0.0,0.8942915797233582,0.18642102181911469,0.0005813600146211684,0.018724996596574783,0.0,0.0,0.34130576252937317,0.09136022627353668,5.640483141178265e-05,1.2860662937164307,0.0,0.0
335,1.0321624279022217,0.32934853434562683,25.42783546447754,2.3479201793670654,0.5773454308509827,55.401885986328125,1.0301291942596436,1.0278171300888062,218.37,1.069623589515686,0.0580763965845108,0.058246973901987076,4.1823649406433105,0.0,0.0,0.3533352017402649,0.00017343014769721776,0.0035103396512567997,0.8407263159751892,0.0,0.0,1.1064339876174927,0.661853015422821,0.01542679127305746,0.15365000069141388,0.009277576580643654,0.245282843708992,0.2911647856235504,0.022326553240418434,0.00042872296762652695,0.6851583123207092,0.9925111532211304,0.0,0.8710842132568359,0.1660640835762024,0.0005859608645550907,0.018641192466020584,0.0,0.0,0.34629395604133606,0.09681730717420578,3.350937913637608e-05,1.293868899345398,0.0,0.0
336,3.630335807800293,0.9167815446853638,17.57478141784668,6.120245456695557,0.7686494588851929,42.30973434448242,1.0622731447219849,1.0613054037094116,85.84,0.7625967264175415,0.031829044222831726,0.072564035654068,22.36505699157715,0.0,0.0,0.34791281819343567,2.9315140636754222e-05,0.002429495332762599,0.5905721187591553,0.0,0.0,0.9785342216491699,0.5302706956863403,0.013214538805186749,0.20168355107307434,0.009629270993173122,0.36236971616744995,0.3026304841041565,0.028019102290272713,0.0004424794460646808,0.8427808880805969,0.9967861771583557,0.0,0.9911900758743286,0.1636589914560318,0.0006547862431034446,0.021038826555013657,0.0,0.0,0.341299444437027,0.08927728235721588,4.325156260165386e-05,1.2882070541381836,0.0,0.0
337,4.020392417907715,0.17949070036411285,13.739272117614746,7.091588020324707,0.5720200538635254,44.455596923828125,0.9157395362854004,0.9246038198471069,1046.93,1.1988781690597534,0.11497458070516586,0.017066065222024918,3.549834966659546,0.0,0.0,0.3192046284675598,7.918698975117877e-05,0.0036078679841011763,0.9232944846153259,0.0,0.0,1.279646396636963,0.43428972363471985,0.019444182515144348,0.35817357897758484,0.016539931297302246,0.634243905544281,0.28112876415252686,0.017426174134016037,0.0006309514283202589,0.5994974970817566,0.967922031879425,0.0,0.8027554750442505,0.23640304803848267,0.0005051731131970882,0.018136626109480858,0.0,0.0,0.3443979322910309,0.054992757737636566,0.00010368185758125037,1.2853131294250488,0.0,0.0
338,5.772960662841797,0.18558168411254883,19.744606018066406,8.036726951599121,0.5507177710533142,46.36698913574219,1.0421581268310547,1.0461339950561523,364.68,1.2406550645828247,0.10928625613451004,0.022192973643541336,4.549636363983154,0.0,0.0,0.30467653274536133,5.094540028949268e-05,0.0036771073937416077,0.9187008738517761,0.0,0.0,1.245532512664795,0.4326935410499573,0.020751936361193657,0.3823762834072113,0.018786996603012085,0.7153605222702026,0.2819749712944031,0.015800217166543007,0.0007598327938467264,0.5476477146148682,0.9818894267082214,0.0,0.7744303941726685,0.25183984637260437,0.0004958202480338514,0.017592385411262512,0.0,0.0,0.3454780876636505,0.061607785522937775,9.325672726845369e-05,1.287294626235962,0.0,0.0
339,3.2371981143951416,0.9211146235466003,16.801464080810547,7.987361431121826,0.6953621506690979,54.84839630126953,1.0661373138427734,1.070044994354248,342.53,0.8275269865989685,0.017791779711842537,0.07224230468273163,20.161380767822266,0.0,0.0,0.35478928685188293,3.0387102015083656e-05,0.002400371478870511,0.5936198234558105,0.0,0.0,1.0622140169143677,0.5266634225845337,0.01676240935921669,0.2960680425167084,0.014231164008378983,0.5403997302055359,0.2944517433643341,0.02321990765631199,0.0005849546869285405,0.7112641334533691,0.9814443588256836,0.0,0.921967089176178,0.18678142130374908,0.0005955260130576789,0.02034011483192444,0.0,0.0,0.34160691499710083,0.06355126202106476,6.854163075331599e-05,1.2842490673065186,0.0,0.0
340,4.781664848327637,0.6162175536155701,26.692848205566406,9.74740219116211,0.5707504153251648,47.72541809082031,1.188024640083313,1.189577579498291,109.88,1.2154895067214966,0.011439726687967777,0.0380232073366642,11.585149765014648,0.0,0.0,0.30070486664772034,9.47472244661185e-07,0.0032283503096550703,0.7085427045822144,0.0,0.0,1.1907864809036255,0.4674679934978485,0.021658729761838913,0.39737963676452637,0.021511320024728775,0.7633548974990845,0.28569260239601135,0.016321895644068718,0.0008771215798333287,0.5226355791091919,0.9912877678871155,0.0,0.7823116183280945,0.2536294162273407,0.0004893551813438535,0.018648715689778328,0.0,0.0,0.34397876262664795,0.03967982903122902,0.00014336714230012149,1.2716400623321533,0.0,0.0
341,1.8139687776565552,0.25955408811569214,11.014142990112305,9.722382545471191,0.6640878319740295,49.2717170715332,0.9447919130325317,0.9463323354721069,172.29,1.091015100479126,0.07834731787443161,0.039227843284606934,4.347399711608887,0.0,0.0,0.33726921677589417,0.00014314759755507112,0.0032743315678089857,0.8863264322280884,0.0,0.0,1.1893484592437744,0.43374425172805786,0.01904674433171749,0.38197723031044006,0.017103930935263634,0.6861464381217957,0.28810107707977295,0.021683532744646072,0.0006239672075025737,0.6692895889282227,0.9715240597724915,0.0,0.8366084694862366,0.21902121603488922,0.0005221080500632524,0.018595945090055466,0.0,0.0,0.34169650077819824,0.05312078073620796,0.00012233355664648116,1.2803245782852173,0.0,0.0
342,5.820979118347168,0.9332891702651978,25.973791122436523,9.745415687561035,0.5684831738471985,54.151634216308594,1.1511253118515015,1.1483666896820068,208.68,1.1546367406845093,0.014601737260818481,0.042248595505952835,13.18656063079834,0.0,0.0,0.3665716052055359,7.105837721610442e-05,0.002184842247515917,0.5901808142662048,0.0,0.0,1.1981403827667236,0.5864039063453674,0.021761108189821243,0.4078316390514374,0.021390490233898163,0.775970458984375,0.2840415835380554,0.016503294929862022,0.0008526350138708949,0.5281724333763123,0.9895517230033875,0.0,0.8363462686538696,0.1900390237569809,0.0005251530674286187,0.018959064036607742,0.0,0.0,0.3441770672798157,0.054525479674339294,9.032901289174333e-05,1.2840064764022827,0.0,0.0
343,4.253786087036133,0.6802188158035278,23.644609451293945,1.8734931945800781,0.4228217601776123,41.03638458251953,0.8413827419281006,0.8477101922035217,887.13,1.0043126344680786,0.005177619401365519,0.04359883442521095,16.760406494140625,0.0,0.0,0.3192470967769623,1.1515317055454943e-06,0.0032239879947155714,0.6937435269355774,0.0,0.0,1.2371141910552979,0.4269406497478485,0.015094363130629063,0.15893632173538208,0.010046243667602539,0.24618595838546753,0.2742137014865875,0.012695002369582653,0.000475977809401229,0.5454879403114319,0.9733258485794067,0.0,0.7326114177703857,0.3110261857509613,0.0004739814321510494,0.01845494844019413,0.0,0.0,0.3508983850479126,0.0343431681394577,0.00013348077482078224,1.276262879371643,0.0,0.0
344,3.331862688064575,0.9139347076416016,18.193647384643555,5.681907653808594,0.7118478417396545,49.64232635498047,1.0633436441421509,1.063786268234253,39.13,0.7997117042541504,0.022969819605350494,0.07370473444461823,20.915191650390625,0.0,0.0,0.3509994447231293,2.654784475453198e-05,0.0025844681076705456,0.5930449962615967,0.0,0.0,1.0359783172607422,0.5553658604621887,0.014743274077773094,0.22237706184387207,0.01100962609052658,0.39215385913848877,0.29782167077064514,0.025516055524349213,0.0004846871888730675,0.7739008665084839,0.985244870185852,0.0,0.9468463063240051,0.17456018924713135,0.0006232554442249238,0.02053355984389782,0.0,0.0,0.3420622646808624,0.07677341252565384,4.9230271542910486e-05,1.2891231775283813,0.0,0.0
345,1.6634403467178345,0.05236339941620827,12.204723358154297,7.6090779304504395,0.43444502353668213,45.37778091430664,0.8926723599433899,0.8970242142677307,543.47,1.2710480690002441,0.12499537318944931,0.014692978002130985,1.7769380807876587,0.0,0.0,0.37840211391448975,0.00022982896189205348,0.004512779414653778,0.9999414086341858,0.0,0.0,1.4379537105560303,0.37739527225494385,0.02208518050611019,0.4557189643383026,0.0209891926497221,0.8078871369361877,0.2646554112434387,0.010518542490899563,0.0007656448287889361,0.47252726554870605,0.9603267908096313,0.0,0.6760855913162231,0.29871866106987,0.00041172682540491223,0.01589556597173214,0.0,0.0,0.3466874063014984,0.039479177445173264,0.00010042986104963347,1.2865359783172607,0.0,0.0
346,4.604891777038574,0.4802491366863251,25.8520450592041,6.1432037353515625,0.5737829208374023,43.24747085571289,1.1324067115783691,1.1309882402420044,110.75,1.1520562171936035,0.02362593077123165,0.03519738093018532,10.845039367675781,0.0,0.0,0.294706791639328,9.067891824088292e-07,0.0034611939918249846,0.767670214176178,0.0,0.0,1.163262128829956,0.45192256569862366,0.01869950070977211,0.289987176656723,0.015895379707217216,0.5352213978767395,0.28799960017204285,0.01810855232179165,0.0006931653479114175,0.582054078578949,0.987175703048706,0.0,0.7878541946411133,0.2619364857673645,0.0005011389148421586,0.018648559227585793,0.0,0.0,0.3449574410915375,0.044328171759843826,0.00014821907097939402,1.2706868648529053,0.0,0.0
347,3.188436985015869,0.8165371417999268,34.50074768066406,7.604613304138184,0.4742244780063629,43.13639831542969,1.184257984161377,1.1826919317245483,111.81,1.1866737604141235,0.006994784809648991,0.05319478362798691,14.811347961425781,0.0,0.0,0.3397722542285919,8.617075764050242e-06,0.0036582935135811567,0.630432665348053,0.0,0.0,1.1706018447875977,0.3371663987636566,0.021252000704407692,0.36186936497688293,0.021473783999681473,0.6904036402702332,0.27893102169036865,0.012074872851371765,0.0009551842813380063,0.4394857883453369,0.985388994216919,0.0,0.7347791194915771,0.31595948338508606,0.00043212567106820643,0.01855522394180298,0.0,0.0,0.3467962145805359,0.02265789359807968,0.0002649996313266456,1.2332751750946045,0.0,0.0
348,5.105605125427246,0.7340295314788818,38.703792572021484,7.391442775726318,0.4579083323478699,44.9964714050293,1.1737748384475708,1.1751844882965088,102.19,1.4707579612731934,0.004821554757654667,0.03601299226284027,11.638116836547852,0.0,0.0,0.3196898400783539,1.237821606991929e-06,0.003324494231492281,0.6631534099578857,0.0,0.0,1.200186014175415,0.35868725180625916,0.02120210975408554,0.3563216030597687,0.021880904212594032,0.6790076494216919,0.2773336172103882,0.01119595393538475,0.0009674757020547986,0.4243294596672058,0.9891033172607422,0.0,0.7246384024620056,0.322235643863678,0.0004126245912630111,0.01869724877178669,0.0,0.0,0.3469136655330658,0.01849774457514286,0.00031244734418578446,1.2182214260101318,0.0,0.0
349,1.0593950748443604,0.14563725888729095,22.672950744628906,8.391971588134766,0.5816165804862976,59.445804595947266,1.1856788396835327,1.1859891414642334,22.07,1.3029512166976929,0.11239384859800339,0.033692311495542526,1.4364291429519653,0.0,0.0,0.37562915682792664,0.0002311808057129383,0.004401898942887783,0.9428148865699768,0.0,0.0,1.1843849420547485,0.6032297611236572,0.021846948191523552,0.3607886731624603,0.01922195591032505,0.6782088875770569,0.2873132824897766,0.019473526626825333,0.0008002317044883966,0.5527760982513428,0.9906297326087952,0.0,0.8053039908409119,0.17792868614196777,0.0005193095421418548,0.017032667994499207,0.0,0.0,0.34411221742630005,0.09333474934101105,4.318151331972331e-05,1.291841745376587,0.0,0.0
350,2.6511123180389404,0.17703601717948914,11.040040969848633,5.055146217346191,0.5316870808601379,55.18490982055664,0.8062155842781067,0.8044573664665222,271.09,1.150573492050171,0.09221076965332031,0.022447554394602776,2.785353422164917,0.0,0.0,0.33983907103538513,0.000149844418046996,0.0037397905252873898,0.9236007332801819,0.0,0.0,1.2308729887008667,0.36152327060699463,0.017644675448536873,0.2998148500919342,0.014367206953465939,0.5138064026832581,0.2762551009654999,0.01564098335802555,0.0005424716509878635,0.5998775362968445,0.9650366902351379,0.0,0.7831389904022217,0.2731209993362427,0.0004798075824510306,0.018085937947034836,0.0,0.0,0.3437863886356354,0.04168493673205376,0.00017294235294684768,1.26311457157135,0.0,0.0
351,2.7489404678344727,0.4693729281425476,23.6629638671875,5.625579357147217,0.4730488061904907,41.5019416809082,1.0626537799835205,1.062007188796997,57.29,1.1061228513717651,0.02000131830573082,0.04272792860865593,10.346446990966797,0.0,0.0,0.3116404414176941,2.0434128600754775e-05,0.004009662661701441,0.774779736995697,0.0,0.0,1.2361327409744263,0.37435153126716614,0.019311916083097458,0.3140656352043152,0.0172224473208189,0.5769776105880737,0.2771061360836029,0.013133353553712368,0.0007579552475363016,0.4970821440219879,0.9806939363479614,0.0,0.7336570620536804,0.302125483751297,0.0004654653603211045,0.01789381355047226,0.0,0.0,0.3479660749435425,0.03792601078748703,0.00013638597738463432,1.2748832702636719,0.0,0.0
352,3.152606725692749,0.9712553024291992,13.538201332092285,5.044530868530273,0.7131061553955078,44.29584503173828,0.9001660943031311,0.9001947641372681,3.54,0.7139573097229004,0.040316514670848846,0.08079882711172104,22.887266159057617,0.0,0.0,0.364956796169281,4.0451639506500214e-05,0.0026164983864873648,0.5749273896217346,0.0,0.0,1.0176825523376465,0.5448549389839172,0.013561875559389591,0.2093038111925125,0.00978213082998991,0.36300602555274963,0.29496824741363525,0.02454366348683834,0.00041141858673654497,0.803791344165802,0.9832690358161926,0.0,0.974458634853363,0.16979090869426727,0.0006394586525857449,0.02091044932603836,0.0,0.0,0.3423265516757965,0.08174409717321396,4.6124936488922685e-05,1.2893784046173096,0.0,0.0
353,4.941709518432617,0.7009799480438232,39.453102111816406,3.760160446166992,0.503950297832489,41.43998718261719,1.0949656963348389,1.0917630195617676,267.91,1.521547794342041,0.003861332079395652,0.03820629045367241,10.45877456665039,0.0,0.0,0.3149726688861847,1.2062777159371763e-06,0.0029990540351718664,0.6795623302459717,0.0,0.0,1.1234210729599,0.46971872448921204,0.016996445134282112,0.2142929583787918,0.014030278660356998,0.37649187445640564,0.2847903072834015,0.015697481110692024,0.0006504678749479353,0.5490788817405701,0.9947798252105713,0.0,0.7891072034835815,0.2690945863723755,0.00044955930206924677,0.01982957497239113,0.0,0.0,0.34643468260765076,0.02156551368534565,0.00035465924884192646,1.206876516342163,0.0,0.0
354,4.0096964836120605,0.2930346727371216,31.96465492248535,8.441194534301758,0.44693008065223694,55.65444564819336,1.1697803735733032,1.1708178520202637,75.75,1.571746826171875,0.060570091009140015,0.019229626283049583,3.71975040435791,0.0,0.0,0.30578282475471497,2.6529771275818348e-05,0.00400583166629076,0.8594825267791748,0.0,0.0,1.3179707527160645,0.51990807056427,0.0234414990991354,0.414177805185318,0.023351427167654037,0.7999510765075684,0.2750450074672699,0.011065992526710033,0.0010130441514775157,0.413072794675827,0.9926396608352661,0.0,0.7305612564086914,0.24924801290035248,0.0004583646368701011,0.017288530245423317,0.0,0.0,0.34810903668403625,0.04819658771157265,0.00011018018267350271,1.282438039779663,0.0,0.0
355,4.88425350189209,0.1499972641468048,39.37334060668945,3.7342286109924316,0.5073155760765076,54.4726676940918,1.1456607580184937,1.144669771194458,75.57,1.5640276670455933,0.10910157114267349,0.015066181309521198,1.9321590662002563,0.0,0.0,0.32550349831581116,9.895879338728264e-05,0.0038611916825175285,0.9384892582893372,0.0,0.0,1.1727830171585083,0.7013715505599976,0.01797308400273323,0.21611672639846802,0.01349183265119791,0.38019952178001404,0.2855404019355774,0.017374306917190552,0.0006528356461785734,0.5573455095291138,0.9993714094161987,0.0,0.8039847016334534,0.20491082966327667,0.0005131924990564585,0.01798195391893387,0.0,0.0,0.3478477895259857,0.07197222113609314,0.00012078305007889867,1.267163872718811,0.0,0.0
356,3.158992290496826,0.8315261006355286,13.20181655883789,4.697333335876465,0.6189528703689575,46.44509506225586,0.859495997428894,0.8509173393249512,1172.97,0.8759987354278564,0.010224024765193462,0.06496235728263855,19.008865356445312,0.0,0.0,0.3361954689025879,1.4355122402776033e-05,0.0028916997835040092,0.6259479522705078,0.0,0.0,1.1615387201309204,0.4620344638824463,0.015469172038137913,0.2446792721748352,0.011881270445883274,0.41469237208366394,0.2856700122356415,0.019769249483942986,0.0004670011403504759,0.6967986822128296,0.9690434336662292,0.0,0.8577885627746582,0.22318370640277863,0.0005460342508740723,0.019875777885317802,0.0,0.0,0.34363117814064026,0.04503338783979416,0.00010536043555475771,1.2843834161758423,0.0,0.0
357,4.206325054168701,0.9173086285591125,34.37809371948242,1.5673987865447998,0.5834344029426575,50.96622085571289,0.974431037902832,0.9817610383033752,766.21,1.0812920331954956,0.019472479820251465,0.05531904846429825,12.826613426208496,0.0,0.0,0.35756027698516846,3.2886939152376726e-05,0.0019675400108098984,0.6016422510147095,0.0,0.0,1.0721557140350342,0.666965126991272,0.014188925735652447,0.12294583022594452,0.007808800786733627,0.1804981380701065,0.2934900224208832,0.022777097299695015,0.00036646623630076647,0.7139009237289429,0.9931831955909729,0.0,0.9152496457099915,0.16170063614845276,0.0005943740252405405,0.020201638340950012,0.0,0.0,0.3460211753845215,0.07308868318796158,8.567936311010271e-05,1.273258090019226,0.0,0.0
358,1.1380480527877808,0.6119125485420227,10.340590476989746,7.529576301574707,0.6319805383682251,57.21084976196289,0.8937674760818481,0.8921281695365906,205.59,1.0140197277069092,0.008000597357749939,0.07542844861745834,9.58117961883545,0.0,0.0,0.3287545442581177,7.890225242590532e-05,0.0030542935710400343,0.7161408066749573,0.0,0.0,1.186357855796814,0.3813566267490387,0.0176495760679245,0.339289128780365,0.015894213691353798,0.597322404384613,0.284591406583786,0.01957026869058609,0.0005745724774897099,0.6606721878051758,0.968532919883728,0.0,0.8171901106834412,0.2509494125843048,0.000494590203743428,0.01931178756058216,0.0,0.0,0.3414863049983978,0.030342720448970795,0.00017213386308867484,1.2641605138778687,0.0,0.0
359,3.8231945037841797,0.5502222776412964,24.277616500854492,6.567719459533691,0.5707713961601257,55.963008880615234,1.1290301084518433,1.1286582946777344,29.18,1.236844778060913,0.017532171681523323,0.03987229987978935,8.64616870880127,0.0,0.0,0.30170246958732605,9.271051908399386e-07,0.0034117037430405617,0.7359656691551208,0.0,0.0,1.2043958902359009,0.6233288645744324,0.01936502568423748,0.3101942539215088,0.01677781529724598,0.5718197822570801,0.28677400946617126,0.018183209002017975,0.0007027660612948239,0.5744513869285583,0.9886807203292847,0.0,0.8069859743118286,0.21520750224590302,0.0005218384903855622,0.01867581158876419,0.0,0.0,0.344758540391922,0.05456198751926422,8.29023338155821e-05,1.2892605066299438,0.0,0.0
360,3.4545459747314453,0.13392868638038635,13.228097915649414,6.7091240882873535,0.732886791229248,48.23594284057617,0.9604278206825256,0.9592257142066956,130.48,0.9658913612365723,0.17133492231369019,0.02167816087603569,2.709672689437866,0.0,0.0,0.3392750918865204,0.00011101928976131603,0.003437213134020567,0.949012279510498,0.0,0.0,1.0492454767227173,0.5301352739334106,0.015256866812705994,0.25028279423713684,0.011158094741404057,0.43448394536972046,0.2980952858924866,0.027408890426158905,0.00047098001232370734,0.791839063167572,0.9753435254096985,0.0,0.9516221284866333,0.176114022731781,0.0006236377521418035,0.019704686477780342,0.0,0.0,0.34163957834243774,0.09258158504962921,5.70350639463868e-05,1.2835947275161743,0.0,0.0
361,2.92891001701355,0.03215564042329788,31.484926223754883,1.6556594371795654,0.6578185558319092,47.873619079589844,1.009920597076416,1.0120322704315186,206.61,1.1635745763778687,0.2193593829870224,0.017248213291168213,1.0105493068695068,0.0,0.0,0.38372549414634705,0.0002008265146287158,0.003457799553871155,1.0010954141616821,0.0,0.0,1.0079879760742188,0.6065289378166199,0.013543845154345036,0.11187733709812164,0.006573180668056011,0.1612575650215149,0.3005344867706299,0.028736064210534096,0.00031321123242378235,0.8055379390716553,1.0013151168823242,0.0,0.9304322600364685,0.14711639285087585,0.0006236536428332329,0.018432756885886192,0.0,0.0,0.344155877828598,0.09449191391468048,3.964186180382967e-05,1.2766165733337402,0.0,0.0
362,2.372577667236328,0.5699658393859863,31.47616195678711,2.4016106128692627,0.5308579802513123,46.76814270019531,1.048101544380188,1.0448920726776123,293.06,1.0595896244049072,0.008302218280732632,0.058920640498399734,10.070027351379395,0.0,0.0,0.3213968873023987,4.118447031942196e-05,0.0033809521701186895,0.7305105328559875,0.0,0.0,1.0976145267486572,0.578926146030426,0.01551318634301424,0.1625986248254776,0.010267944075167179,0.2630533277988434,0.28799688816070557,0.018705470487475395,0.0004925192915834486,0.6257113814353943,0.9887204766273499,0.0,0.8395209908485413,0.21901513636112213,0.0005448427400551736,0.01957145892083645,0.0,0.0,0.3475414216518402,0.05286858603358269,0.00012203265214338899,1.268892765045166,0.0,0.0
363,1.1597458124160767,0.49802839756011963,23.00889778137207,5.732889652252197,0.5427993535995483,48.940345764160156,1.1205443143844604,1.1205946207046509,4.01,0.9724584817886353,0.01882014237344265,0.06891149282455444,8.743368148803711,0.0,0.0,0.33233240246772766,9.035935363499448e-05,0.004137954208999872,0.7610591650009155,0.0,0.0,1.1504677534103394,0.488251656293869,0.018907474353909492,0.2921549677848816,0.01597769558429718,0.5328314304351807,0.2844848334789276,0.01719069294631481,0.0007030144915916026,0.5613446831703186,0.9824317097663879,0.0,0.8056700229644775,0.2311386913061142,0.0005264158826321363,0.018568648025393486,0.0,0.0,0.34602871537208557,0.0562015026807785,7.064826058922336e-05,1.28752863407135,0.0,0.0
364,3.735485553741455,0.35933175683021545,20.261394500732422,5.007650375366211,0.6313417553901672,44.90700912475586,1.06488037109375,1.0623393058776855,224.62,1.0230783224105835,0.05513477697968483,0.03517313301563263,8.145750999450684,0.0,0.0,0.3049668073654175,4.051309952046722e-05,0.0035093382466584444,0.8251382112503052,0.0,0.0,1.0991268157958984,0.4993200898170471,0.016454150900244713,0.23655597865581512,0.012388433329761028,0.4202938973903656,0.2923229932785034,0.021805739030241966,0.0005467941518872976,0.6839814782142639,0.9867109060287476,0.0,0.8718358278274536,0.21279393136501312,0.0005735167651437223,0.01932573691010475,0.0,0.0,0.3439823389053345,0.07297150045633316,7.069928687997162e-05,1.2846076488494873,0.0,0.0
365,5.333001613616943,0.5178016424179077,29.683473587036133,7.622146129608154,0.41516420245170593,62.89704513549805,1.0990759134292603,1.100042700767517,79.96,1.6510664224624634,0.022983575239777565,0.026215000078082085,5.574207305908203,0.0,0.0,0.29606661200523376,1.0575256510492181e-06,0.0031921362970024347,0.7504285573959351,0.0,0.0,1.4466848373413086,0.6766591668128967,0.022948263213038445,0.4116513133049011,0.02246667817234993,0.7816641926765442,0.2707770764827728,0.009948299266397953,0.0009260103106498718,0.41009029746055603,0.9886665344238281,0.0,0.7148829698562622,0.23000122606754303,0.0004484452656470239,0.017383132129907608,0.0,0.0,0.3491809368133545,0.04201545938849449,6.448919884860516e-05,1.2977044582366943,0.0,0.0
366,4.5014472007751465,0.5623791813850403,21.26571273803711,5.207803726196289,0.7302226424217224,46.05767822265625,1.1057623624801636,1.1036098003387451,176.39,1.3982621431350708,0.014167028479278088,0.038618724793195724,7.441107749938965,0.0,0.0,0.2948463559150696,7.609036174471839e-07,0.002718610456213355,0.7304936051368713,0.0,0.0,1.1040104627609253,0.5528994202613831,0.01498179417103529,0.1989416629076004,0.010127582587301731,0.34484389424324036,0.30173259973526,0.02858830988407135,0.00043294019997119904,0.8036022782325745,0.9949631690979004,0.0,0.9478557705879211,0.13760727643966675,0.000610504939686507,0.02008174918591976,0.0,0.0,0.3419421911239624,0.09373261034488678,6.385058077285066e-05,1.2863298654556274,0.0,0.0
367,5.338996887207031,0.3181011974811554,30.219066619873047,5.0884575843811035,0.4288964867591858,42.23127746582031,1.065675139427185,1.0640816688537598,140.52,1.3170394897460938,0.04351670667529106,0.024387609213590622,6.855617523193359,0.0,0.0,0.2988763451576233,1.6451303963549435e-05,0.003917802590876818,0.8495539426803589,0.0,0.0,1.251656174659729,0.3454747498035431,0.01939425989985466,0.2959941625595093,0.017030183225870132,0.5453753471374512,0.2751404941082001,0.011475256644189358,0.0007927202386781573,0.4582090377807617,0.982984721660614,0.0,0.7135748267173767,0.32617494463920593,0.0004432670248206705,0.017728352919220924,0.0,0.0,0.3498336970806122,0.03382498025894165,0.00018714995530899614,1.2587757110595703,0.0,0.0
368,2.0818352699279785,0.704192578792572,25.72636604309082,7.214386940002441,0.4893472492694855,45.179588317871094,1.1335514783859253,1.1359277963638306,184.55,1.0369564294815063,0.0066400510258972645,0.06311070919036865,13.691549301147461,0.0,0.0,0.33001530170440674,1.530430199636612e-05,0.00396679388359189,0.6739461421966553,0.0,0.0,1.2167208194732666,0.39803746342658997,0.020807573571801186,0.3623450994491577,0.019876020029187202,0.6809971332550049,0.2786060571670532,0.013288783840835094,0.0008536851964890957,0.4777807593345642,0.9811893701553345,0.0,0.7427118420600891,0.2836727499961853,0.00046815667883493006,0.018196552991867065,0.0,0.0,0.34710386395454407,0.03486993908882141,0.000131163775222376,1.2761168479919434,0.0,0.0
369,4.840404033660889,0.9506344795227051,22.627059936523438,6.256767272949219,0.5307202339172363,46.738285064697266,1.0455576181411743,1.0468968152999878,122.35,0.9688465595245361,0.01966206543147564,0.04733233526349068,19.27277374267578,0.0,0.0,0.3686343729496002,6.328458403004333e-05,0.0028362269513309,0.5855252146720886,0.0,0.0,1.1820003986358643,0.49383264780044556,0.019017105922102928,0.32126107811927795,0.016864484176039696,0.5929140448570251,0.28076255321502686,0.015383557416498661,0.0007136365748010576,0.5470381379127502,0.9823444485664368,0.0,0.7993955612182617,0.2301015853881836,0.0005101259448565543,0.018562575802206993,0.0,0.0,0.3459906578063965,0.04988156259059906,8.97193604032509e-05,1.2840983867645264,0.0,0.0
370,3.976094961166382,0.12815551459789276,25.074819564819336,5.314903736114502,0.490127831697464,42.65463638305664,1.0796982049942017,1.0793192386627197,32.52,1.184442400932312,0.11223475635051727,0.014992013573646545,3.0666348934173584,0.0,0.0,0.33398932218551636,0.00010214905341854319,0.004235079977661371,0.9484875798225403,0.0,0.0,1.1988608837127686,0.41158559918403625,0.019404267892241478,0.2953735589981079,0.01619655266404152,0.5368378758430481,0.28028982877731323,0.014862512238323689,0.0007378082955256104,0.516437828540802,0.9824145436286926,0.0,0.7530102729797363,0.27473947405815125,0.0004842406779062003,0.017309527844190598,0.0,0.0,0.347741961479187,0.059717219322919846,0.0001246052997885272,1.2739289999008179,0.0,0.0
371,3.6458523273468018,0.8345378041267395,29.764081954956055,2.756612539291382,0.5884156823158264,49.435367584228516,1.070373773574829,1.0695794820785522,69.38,1.0633920431137085,0.010396195575594902,0.05779237300157547,13.297999382019043,0.0,0.0,0.3393350839614868,1.5305238775908947e-05,0.0027269942220300436,0.6253387928009033,0.0,0.0,1.0876717567443848,0.6550455689430237,0.015266123227775097,0.16487260162830353,0.010050809942185879,0.271187961101532,0.29250675439834595,0.021665059030056,0.000464040000224486,0.6813965439796448,0.994203507900238,0.0,0.8809875249862671,0.18115916848182678,0.0005750883719883859,0.019831672310829163,0.0,0.0,0.34561100602149963,0.06517834961414337,8.059349784161896e-05,1.2791498899459839,0.0,0.0
372,3.6269829273223877,0.6467306017875671,38.68246078491211,7.918809413909912,0.4007214605808258,42.656803131103516,1.1450306177139282,1.1475740671157837,193.56,1.5331472158432007,0.0049696508795022964,0.03603861480951309,9.944572448730469,0.0,0.0,0.31245800852775574,1.3433711956167826e-06,0.0038507129065692425,0.6986152529716492,0.0,0.0,1.2549974918365479,0.2979230582714081,0.022029604762792587,0.3935764729976654,0.02437075413763523,0.7608749866485596,0.27099189162254333,0.007965316995978355,0.001084295567125082,0.3681078851222992,0.9884973764419556,0.0,0.671305775642395,0.3805147409439087,0.000371072645066306,0.01802760362625122,0.0,0.0,0.34882310032844543,0.013730106875300407,0.0003448489005677402,1.207985281944275,0.0,0.0
373,2.5266737937927246,0.30559393763542175,20.501903533935547,2.5008652210235596,0.733491837978363,54.9240608215332,0.990147054195404,0.9896485209465027,50.88,1.4640597105026245,0.07924435287714005,0.02486574649810791,1.3810731172561646,0.0,0.0,0.3296043574810028,0.00010117765486938879,0.0020813546143472195,0.8488522171974182,0.0,0.0,1.3159610033035278,0.5482683777809143,0.014361943118274212,0.11963091790676117,0.006545542739331722,0.1786123514175415,0.30352583527565,0.036432020366191864,0.00025162060046568513,0.8878558874130249,1.0229321718215942,0.0,1.0336999893188477,0.051531486213207245,0.0006302100955508649,0.018830642104148865,0.0,0.0,0.34239450097084045,0.09582614153623581,4.433675348991528e-05,1.2924158573150635,0.0,0.0
374,3.9255003929138184,0.20098498463630676,24.737638473510742,3.9816718101501465,0.7683462500572205,44.3740348815918,1.146626591682434,1.1486529111862183,153.85,0.982288658618927,0.12202927470207214,0.02755083702504635,3.991603374481201,0.0,0.0,0.3248618245124817,8.166694169631228e-05,0.0033950137440115213,0.9067717790603638,0.0,0.0,0.952908992767334,0.5344889163970947,0.012634106911718845,0.14472049474716187,0.007438916712999344,0.239350825548172,0.30789393186569214,0.032450079917907715,0.00037622288800776005,0.8849618434906006,1.0010795593261719,0.0,0.9974185824394226,0.15149590373039246,0.0006739696254953742,0.01994289830327034,0.0,0.0,0.3412344455718994,0.0936937928199768,3.6057561374036595e-05,1.2818574905395508,0.0,0.0
375,5.4094414710998535,0.5433399081230164,43.81059646606445,2.468226194381714,0.6578720211982727,56.03602981567383,1.1550648212432861,1.1525259017944336,190.72,1.4162269830703735,0.010486594401299953,0.036443427205085754,7.478011131286621,0.0,0.0,0.29308807849884033,8.428150408690271e-07,0.002460063900798559,0.7478047013282776,0.0,0.0,1.0783904790878296,0.6012707948684692,0.013890725560486317,0.1450023353099823,0.008230849169194698,0.2298148274421692,0.29899123311042786,0.02665860578417778,0.000348853413015604,0.780290961265564,1.001516580581665,0.0,0.9408008456230164,0.16193729639053345,0.0005909103201702237,0.020770510658621788,0.0,0.0,0.342193067073822,0.06374018639326096,0.00015690011787228286,1.257232666015625,0.0,0.0
376,1.9459598064422607,0.7284027338027954,27.79467010498047,2.7893075942993164,0.4569319486618042,59.25288009643555,1.0073920488357544,1.0065340995788574,84.61,1.1697273254394531,0.003946106415241957,0.0619373545050621,9.002910614013672,0.0,0.0,0.33971133828163147,3.08116250380408e-05,0.003078813897445798,0.6721599698066711,0.0,0.0,1.2454543113708496,0.7449033856391907,0.016899434849619865,0.19531258940696716,0.01216990128159523,0.32508164644241333,0.27943751215934753,0.015147728845477104,0.0005634727422147989,0.5437713265419006,0.9865503311157227,0.0,0.7955031991004944,0.19710782170295715,0.0005205624620430171,0.018755286931991577,0.0,0.0,0.3495301604270935,0.05334760248661041,6.443395250244066e-05,1.2940798997879028,0.0,0.0
377,4.067843914031982,0.6845993399620056,21.585519790649414,2.6813931465148926,0.6946571469306946,47.40961456298828,0.9838776588439941,0.9859248399734497,211.04,0.8639225959777832,0.00407556165009737,0.05719821900129318,14.975698471069336,0.0,0.0,0.3088310658931732,7.424931709465454e-07,0.003100595436990261,0.6793263554573059,0.0,0.0,1.0191731452941895,0.5735102295875549,0.012622088193893433,0.13542072474956512,0.007396114524453878,0.21283724904060364,0.2994701564311981,0.026389865204691887,0.0003369449404999614,0.8281325101852417,0.9961661100387573,0.0,0.9367256760597229,0.17886477708816528,0.0006318026571534574,0.020590033382177353,0.0,0.0,0.34322965145111084,0.08095227181911469,5.081964991404675e-05,1.2893248796463013,0.0,0.0
378,5.481000900268555,0.8986036777496338,27.938642501831055,4.40081262588501,0.6874530911445618,54.826759338378906,1.1483384370803833,1.153114676475525,360.7,1.132980227470398,0.017356377094984055,0.04749280959367752,12.318490982055664,0.0,0.0,0.34725621342658997,2.397766729700379e-05,0.0022593848407268524,0.6022776961326599,0.0,0.0,1.0811976194381714,0.5815123319625854,0.015169450081884861,0.19061174988746643,0.010513781569898129,0.32812145352363586,0.2997409403324127,0.02701994776725769,0.0004730363143607974,0.7594776749610901,0.9978082776069641,0.0,0.9549891948699951,0.13958759605884552,0.0006255615153349936,0.02028435282409191,0.0,0.0,0.3427410125732422,0.09196916222572327,4.430828630574979e-05,1.2904691696166992,0.0,0.0
379,3.555922746658325,0.6791635155677795,25.87016487121582,7.585909843444824,0.4159778356552124,53.186214447021484,1.0789018869400024,1.0813391208648682,208.91,1.2852696180343628,0.007824679836630821,0.039421673864126205,10.404465675354004,0.0,0.0,0.317059725522995,1.150796720139624e-06,0.0037039725575596094,0.6857684254646301,0.0,0.0,1.3612744808197021,0.4655180275440216,0.022025739774107933,0.4143209457397461,0.022198444232344627,0.7827784419059753,0.2696138620376587,0.009499029256403446,0.0009165155934169888,0.41644904017448425,0.9807896614074707,0.0,0.7025579810142517,0.28285467624664307,0.0004406739317346364,0.01757478527724743,0.0,0.0,0.3488217890262604,0.03299456834793091,9.29132365854457e-05,1.2885743379592896,0.0,0.0
380,4.15372896194458,0.8444232940673828,29.387035369873047,5.929252624511719,0.4800552725791931,56.31975555419922,1.1133302450180054,1.111712098121643,130.74,1.2911678552627563,0.008792394772171974,0.04352004453539848,10.907252311706543,0.0,0.0,0.3435095548629761,9.161104571830947e-06,0.0029369257390499115,0.6231144666671753,0.0,0.0,1.272964596748352,0.683203399181366,0.020220255479216576,0.3181849420070648,0.018064063042402267,0.5861354470252991,0.2790590524673462,0.014086407609283924,0.0007787704817019403,0.489337295293808,0.9876142144203186,0.0,0.7780795097351074,0.2092084139585495,0.0004935318138450384,0.018438909202814102,0.0,0.0,0.3476240932941437,0.04630101099610329,9.488237992627546e-05,1.2878469228744507,0.0,0.0
381,1.589745283126831,0.5444625616073608,15.130159378051758,5.883418083190918,0.6922681927680969,40.98265838623047,1.0375605821609497,1.0337588787078857,354.44,0.8825626373291016,0.01572072133421898,0.07450342178344727,11.285420417785645,0.0,0.0,0.32211756706237793,7.583747355965897e-05,0.003258778713643551,0.7366234064102173,0.0,0.0,1.0823333263397217,0.5046782493591309,0.015411348082125187,0.2420957237482071,0.011895786970853806,0.42728182673454285,0.29507359862327576,0.02461843192577362,0.0005007056170143187,0.7496487498283386,0.9831258654594421,0.0,0.897972047328949,0.19719406962394714,0.0005837093922309577,0.019941121339797974,0.0,0.0,0.3426492512226105,0.06230992078781128,7.089853897923604e-05,1.2884153127670288,0.0,0.0
382,4.2711663246154785,0.6077796220779419,27.418500900268555,4.038788795471191,0.6495772004127502,49.55210494995117,1.1348202228546143,1.132686734199524,165.98,1.1153740882873535,0.009220588952302933,0.04540267959237099,10.646673202514648,0.0,0.0,0.3021860122680664,8.607014478911879e-07,0.003179271472617984,0.7107481956481934,0.0,0.0,1.0876777172088623,0.60683673620224,0.01546425186097622,0.19233596324920654,0.010945938527584076,0.3299843668937683,0.29699695110321045,0.02423752285540104,0.0004942515515722334,0.7195414304733276,0.9938995242118835,0.0,0.8877097964286804,0.1872880458831787,0.0005827858694829047,0.0199746023863554,0.0,0.0,0.3436378538608551,0.06562646478414536,7.825841748854145e-05,1.2827849388122559,0.0,0.0
383,2.237185478210449,0.8357839584350586,32.47964859008789,2.8250222206115723,0.6991692781448364,53.57378387451172,1.1555453538894653,1.1523997783660889,236.22,0.9913057684898376,0.011695677414536476,0.08277323842048645,11.508443832397461,0.0,0.0,0.3426073491573334,3.26992740156129e-05,0.00235903263092041,0.6197091341018677,0.0,0.0,1.027048110961914,0.5747601985931396,0.013488570228219032,0.13881932199001312,0.007848679088056087,0.22240866720676422,0.3033292591571808,0.029215717688202858,0.0003588355320971459,0.8208389282226562,1.001928687095642,0.0,0.9854229092597961,0.13599565625190735,0.000650283764116466,0.020787309855222702,0.0,0.0,0.3425334692001343,0.09375808387994766,4.608797826222144e-05,1.2858320474624634,0.0,0.0
384,3.859844446182251,0.3222515285015106,14.070150375366211,4.210893154144287,0.5301912426948547,50.652061462402344,0.8408291339874268,0.8395014405250549,188.09,1.1150320768356323,0.060987066477537155,0.027342654764652252,6.459909915924072,0.0,0.0,0.30647799372673035,4.494680615607649e-05,0.0035401792265474796,0.8469374775886536,0.0,0.0,1.2320622205734253,0.41468074917793274,0.016847098246216774,0.25875839591026306,0.012910216115415096,0.4403441548347473,0.2783583104610443,0.015929797664284706,0.0005123442388139665,0.6100463271141052,0.9694523215293884,0.0,0.8061036467552185,0.2550964951515198,0.0005113694933243096,0.018735818564891815,0.0,0.0,0.3452662229537964,0.04821199178695679,0.00012394081568345428,1.278422236442566,0.0,0.0
385,2.7087438106536865,0.1327134370803833,25.650726318359375,2.1526591777801514,0.6743561029434204,47.70911407470703,1.0245405435562134,1.0275087356567383,281.95,1.0379847288131714,0.15948300063610077,0.028303075581789017,2.3206231594085693,0.0,0.0,0.3595897853374481,0.00015356553194578737,0.0035627915058285,0.9422523975372314,0.0,0.0,1.0039126873016357,0.5922821760177612,0.013478652574121952,0.12255283445119858,0.007034651469439268,0.1874297559261322,0.3005281388759613,0.028243524953722954,0.00033603026531636715,0.8126600980758667,1.002970576286316,0.0,0.9319846034049988,0.15378603339195251,0.00063424336258322,0.01870233751833439,0.0,0.0,0.3438761830329895,0.09558039158582687,3.0283816158771515e-05,1.2866657972335815,0.0,0.0
386,2.3559153079986572,0.005818657111376524,14.396631240844727,9.234682083129883,0.5051626563072205,40.98100280761719,1.0033785104751587,1.0026187896728516,75.52,1.2178891897201538,0.17306330800056458,0.0082801952958107,2.1025304794311523,0.0,0.0,0.37852975726127625,0.00020387626136653125,0.004371121060103178,1.0265103578567505,0.0,0.0,1.3440806865692139,0.40146198868751526,0.022879119962453842,0.47053062915802,0.021909845992922783,0.8554567694664001,0.27353453636169434,0.013807381503283978,0.000816993648186326,0.5057653188705444,0.9703434705734253,0.0,0.7243981957435608,0.2632269263267517,0.00044913942110724747,0.01639639586210251,0.0,0.0,0.34555456042289734,0.052519746124744415,9.711523307487369e-05,1.287458896636963,0.0,0.0
387,3.384312868118286,0.28369325399398804,16.720003128051758,9.42603874206543,0.525164783000946,52.17436599731445,1.0250967741012573,1.0256140232086182,49.2,1.1998950242996216,0.07146765291690826,0.024052860215306282,5.7158589363098145,0.0,0.0,0.31054675579071045,4.700020144809969e-05,0.003694963175803423,0.8678786754608154,0.0,0.0,1.2745219469070435,0.3923163414001465,0.022270455956459045,0.45318323373794556,0.02138749696314335,0.8427369594573975,0.2764274775981903,0.013768105767667294,0.0008105526794679463,0.5149309635162354,0.9730936884880066,0.0,0.7810125946998596,0.2525915801525116,0.0004920264473184943,0.01801084168255329,0.0,0.0,0.34461110830307007,0.050789400935173035,0.000103202743048314,1.2861063480377197,0.0,0.0
388,2.1225295066833496,0.2563974857330322,16.169164657592773,9.040793418884277,0.6121930480003357,52.260623931884766,1.0741904973983765,1.0769377946853638,237.48,1.0915865898132324,0.07987544685602188,0.03551732003688812,4.523236274719238,0.0,0.0,0.33345991373062134,0.00011870454181917012,0.0036911549977958202,0.8833723068237305,0.0,0.0,1.163347601890564,0.4482172429561615,0.020287640392780304,0.3803417682647705,0.018420489504933357,0.7050020694732666,0.2864331603050232,0.019153323024511337,0.000727516773622483,0.6001377701759338,0.97991544008255,0.0,0.8232567310333252,0.22426998615264893,0.0005270976107567549,0.018264049664139748,0.0,0.0,0.3429316282272339,0.06378858536481857,8.456546493107453e-05,1.2847625017166138,0.0,0.0
389,4.361735820770264,0.5051357746124268,16.72574234008789,9.238574028015137,0.5614356994628906,56.9239387512207,1.0053049325942993,1.0045708417892456,72.69,1.1337963342666626,0.024169402197003365,0.03516612574458122,10.443981170654297,0.0,0.0,0.2943304181098938,9.409314998265472e-07,0.0032028835266828537,0.758971095085144,0.0,0.0,1.228340744972229,0.39033079147338867,0.020726781338453293,0.4226727783679962,0.02013581246137619,0.7897242903709412,0.27976715564727783,0.014855295419692993,0.00074904749635607,0.5532373189926147,0.9775835871696472,0.0,0.7905848622322083,0.2638263404369354,0.0004968678113073111,0.018779588863253593,0.0,0.0,0.34360310435295105,0.0408291332423687,0.00011786737013608217,1.2817682027816772,0.0,0.0
390,1.5348252058029175,0.3355126976966858,32.58706283569336,2.7363107204437256,0.6912844181060791,55.931861877441406,1.15776789188385,1.1568397283554077,69.3,1.1109832525253296,0.06635899841785431,0.05720105394721031,4.019604682922363,0.0,0.0,0.3424444794654846,0.00014033289335202426,0.0029232893139123917,0.8340601325035095,0.0,0.0,1.0419557094573975,0.5797281265258789,0.013853647746145725,0.13899609446525574,0.007774060592055321,0.22370848059654236,0.3026077151298523,0.029698388651013374,0.00035927112912759185,0.8136613965034485,1.0058873891830444,0.0,0.9700738191604614,0.13113991916179657,0.0006515010027214885,0.01964779756963253,0.0,0.0,0.34297746419906616,0.09604761004447937,2.808705721690785e-05,1.2924119234085083,0.0,0.0
391,4.7652177810668945,0.5046420693397522,19.83411407470703,4.633435249328613,0.773577094078064,41.02003860473633,1.0546382665634155,1.0570907592773438,219.98,0.8806990385055542,0.02046339027583599,0.04460905119776726,13.73982048034668,0.0,0.0,0.29017266631126404,1.5607363366143545e-06,0.0029335033614188433,0.7577028870582581,0.0,0.0,0.9918164610862732,0.5280848145484924,0.012239135801792145,0.16222985088825226,0.007822368294000626,0.27483391761779785,0.30536001920700073,0.02959258481860161,0.00037664399133063853,0.8829602003097534,0.9940621852874756,0.0,0.9876548051834106,0.1771853119134903,0.0006582135101780295,0.021230146288871765,0.0,0.0,0.34149089455604553,0.0889100730419159,5.669630263582803e-05,1.2848865985870361,0.0,0.0
392,2.4534058570861816,0.3358565866947174,29.609272003173828,7.752325057983398,0.5014683604240417,47.566612243652344,1.1856107711791992,1.188836932182312,228.89,1.2617604732513428,0.043287284672260284,0.034795161336660385,5.210344314575195,0.0,0.0,0.32050028443336487,6.618012412218377e-05,0.004261083900928497,0.8380817174911499,0.0,0.0,1.1959272623062134,0.42804694175720215,0.0216903667896986,0.3657183349132538,0.02067595161497593,0.698464572429657,0.2810536324977875,0.014067810028791428,0.0009160267654806376,0.47076570987701416,0.9897352457046509,0.0,0.7571573853492737,0.264287531375885,0.0004749593499582261,0.017811788246035576,0.0,0.0,0.34644773602485657,0.04585768282413483,0.000153265762492083,1.2686129808425903,0.0,0.0
393,3.885545253753662,0.12328217923641205,31.091611862182617,2.5928335189819336,0.41271620988845825,59.117794036865234,0.9841092824935913,0.9871925711631775,317.37,1.5072661638259888,0.14153315126895905,0.011983313597738743,1.6033008098602295,0.0,0.0,0.3440256416797638,0.00013813551049679518,0.004100596997886896,0.9529250860214233,0.0,0.0,1.2849602699279785,0.7845849394798279,0.01751619391143322,0.19231224060058594,0.012035817839205265,0.3185904920101166,0.27621763944625854,0.013840357773005962,0.0006019123829901218,0.5068601965904236,0.9896421432495117,0.0,0.7633687257766724,0.19866052269935608,0.0005076458910480142,0.017133085057139397,0.0,0.0,0.35167962312698364,0.08759787678718567,4.5385742851067334e-05,1.296369194984436,0.0,0.0
394,4.095633506774902,0.36990371346473694,29.836111068725586,2.4185256958007812,0.4743579626083374,50.62543869018555,0.9902627468109131,0.9892930388450623,98.98,1.3345376253128052,0.04607011005282402,0.02823396772146225,5.556265830993652,0.0,0.0,0.3086272180080414,3.764157008845359e-05,0.0036361520178616047,0.824864387512207,0.0,0.0,1.2036819458007812,0.6766141057014465,0.016423406079411507,0.17455779016017914,0.01100897416472435,0.2851302921772003,0.28199902176856995,0.016149865463376045,0.0005307316896505654,0.5690369009971619,0.9894881844520569,0.0,0.8026949763298035,0.21414731442928314,0.0005255667492747307,0.018568843603134155,0.0,0.0,0.34941452741622925,0.06330700218677521,9.268129360862076e-05,1.2819162607192993,0.0,0.0
395,1.4020739793777466,0.9998986124992371,15.409379959106445,7.618022918701172,0.5477034449577332,54.6126594543457,1.0109472274780273,1.0096604824066162,126.06,0.8401790261268616,0.019604207947850227,0.08704064041376114,16.845260620117188,0.0,0.0,0.3916725814342499,9.448637865716591e-05,0.0030125146731734276,0.5744225382804871,0.0,0.0,1.2256007194519043,0.43845251202583313,0.019973300397396088,0.3769766688346863,0.018417173996567726,0.6831674575805664,0.2788243889808655,0.01571420580148697,0.0007075191824696958,0.5565720200538635,0.9685312509536743,0.0,0.7702751755714417,0.24390798807144165,0.0004802076146006584,0.018055759370326996,0.0,0.0,0.3443048298358917,0.03814474493265152,0.00010336685227230191,1.285051941871643,0.0,0.0
396,2.150845766067505,0.886295735836029,36.31942367553711,2.968705892562866,0.5962909460067749,59.06221008300781,1.153826117515564,1.1502811908721924,267.09,1.1235023736953735,0.011990660801529884,0.0745750442147255,9.933194160461426,0.0,0.0,0.3571087419986725,3.909761653630994e-05,0.0022817549761384726,0.6096457242965698,0.0,0.0,1.1187303066253662,0.6496768593788147,0.015789419412612915,0.17072172462940216,0.010425243526697159,0.28533732891082764,0.29439055919647217,0.023109158501029015,0.00047402139171026647,0.6832146644592285,1.000333547592163,0.0,0.9005260467529297,0.14763422310352325,0.0005868130829185247,0.019735803827643394,0.0,0.0,0.34543466567993164,0.07616225630044937,5.5283384426729754e-05,1.2882522344589233,0.0,0.0
397,3.5382447242736816,0.21704818308353424,44.91613006591797,1.707128882408142,0.7129354476928711,51.80337142944336,1.0774270296096802,1.0760668516159058,117.32,1.5327937602996826,0.08908068388700485,0.020147494971752167,1.259165644645691,0.0,0.0,0.3289840817451477,0.00011373373126843944,0.002165304496884346,0.9024438858032227,0.0,0.0,1.117964744567871,0.5465996861457825,0.012787342071533203,0.11787663400173187,0.00554311741143465,0.16616758704185486,0.3032033443450928,0.03458702564239502,0.0001923446834553033,0.8907468914985657,1.0040333271026611,0.0,1.0046706199645996,0.09687536954879761,0.0005950777558609843,0.019362781196832657,0.0,0.0,0.3398127555847168,0.08701551705598831,0.00014668806397821754,1.237422227859497,0.0,0.0
398,1.4888862371444702,0.260108083486557,35.963260650634766,6.079592227935791,0.4473353922367096,43.72694778442383,1.166504144668579,1.161299228668213,384.22,1.303131341934204,0.037690985947847366,0.0382864810526371,3.7899668216705322,0.0,0.0,0.34748733043670654,0.00015712055028416216,0.0046585905365645885,0.8789282441139221,0.0,0.0,1.16510009765625,0.34723272919654846,0.020340658724308014,0.3159758150577545,0.01919698342680931,0.5928683280944824,0.2774152457714081,0.011812161654233932,0.0009149649413302541,0.44153231382369995,0.9873510599136353,0.0,0.7167245149612427,0.31401824951171875,0.0004282488371245563,0.0174736138433218,0.0,0.0,0.3485797047615051,0.03214220702648163,0.0002622288011480123,1.234527826309204,0.0,0.0
399,5.789458274841309,0.5342044234275818,20.154373168945312,6.919633865356445,0.4882829487323761,42.59377670288086,0.9840924739837646,0.9872062802314758,320.51,1.2151269912719727,0.017781713977456093,0.03288857266306877,13.569212913513184,0.0,0.0,0.2934610843658447,1.0581212563920417e-06,0.0030971565283834934,0.7465667128562927,0.0,0.0,1.356183648109436,0.3817921280860901,0.020143870264291763,0.37279561161994934,0.01867537386715412,0.6922299265861511,0.27474796772003174,0.012391178868710995,0.0007423061178997159,0.5059359669685364,0.9771434664726257,0.0,0.7040625810623169,0.3167850077152252,0.00043947857921011746,0.01746136136353016,0.0,0.0,0.34710511565208435,0.032440245151519775,0.00010531017323955894,1.2844548225402832,0.0,0.0
400,2.538825511932373,0.6183479428291321,13.102508544921875,3.776320219039917,0.46509280800819397,40.952213287353516,0.8032394051551819,0.802357017993927,136.91,1.0193320512771606,0.007383843883872032,0.051713019609451294,10.868409156799316,0.0,0.0,0.3171473741531372,1.0201899840467377e-06,0.0036497400142252445,0.7157330513000488,0.0,0.0,1.310309648513794,0.4913921654224396,0.017136843875050545,0.2641336917877197,0.013224530033767223,0.43338650465011597,0.2705971598625183,0.013219570741057396,0.000488809950184077,0.5599161982536316,0.9569006562232971,0.0,0.7408604025840759,0.27299579977989197,0.00046125263907015324,0.018470125272870064,0.0,0.0,0.3474682867527008,0.03075985796749592,0.00010279459092998877,1.2849457263946533,0.0,0.0
401,5.071469306945801,0.9168174266815186,20.481060028076172,2.197448968887329,0.658005952835083,53.97434997558594,0.8811304569244385,0.8776799440383911,446.18,0.8305251002311707,0.026525715366005898,0.05644942447543144,18.759658813476562,0.0,0.0,0.35254180431365967,2.4116803615470417e-05,0.0022739553824067116,0.5986953973770142,0.0,0.0,1.0358846187591553,0.5955966114997864,0.012819071300327778,0.13052819669246674,0.007196845021098852,0.1975640505552292,0.2948770225048065,0.02438717521727085,0.0003255440969951451,0.798911452293396,0.988753080368042,0.0,0.9594838619232178,0.16362038254737854,0.0006432403461076319,0.020557893440127373,0.0,0.0,0.3439212739467621,0.09304080158472061,4.100390287931077e-05,1.2898881435394287,0.0,0.0
402,2.284492254257202,0.8104860186576843,25.567354202270508,1.8536771535873413,0.6343878507614136,49.076011657714844,0.9762997031211853,0.9782075881958008,199.77,0.8617941737174988,0.00922788493335247,0.08257146924734116,14.095259666442871,0.0,0.0,0.3419526517391205,3.2916086638579145e-05,0.002696245675906539,0.6312288045883179,0.0,0.0,1.0407131910324097,0.6218624711036682,0.013436511158943176,0.12218263745307922,0.007374092936515808,0.1809547245502472,0.29644638299942017,0.02480734884738922,0.0003408973861951381,0.7711808085441589,0.991089403629303,0.0,0.9366544485092163,0.16429252922534943,0.0006288639269769192,0.020465705543756485,0.0,0.0,0.3449232280254364,0.08247558027505875,4.6453187678707764e-05,1.2884076833724976,0.0,0.0
403,3.382132053375244,0.8446898460388184,29.686086654663086,2.945640802383423,0.4955558478832245,47.912322998046875,1.0368777513504028,1.039832592010498,274.06,1.0772360563278198,0.00943660642951727,0.05622290074825287,13.674280166625977,0.0,0.0,0.34721121191978455,2.157212293241173e-05,0.003005803097039461,0.625659167766571,0.0,0.0,1.1572877168655396,0.6273664832115173,0.0164774339646101,0.19212689995765686,0.011936339549720287,0.32361629605293274,0.2833642363548279,0.016454143449664116,0.000560735643375665,0.5740969181060791,0.9876238703727722,0.0,0.8089419007301331,0.21798177063465118,0.000520860543474555,0.019109273329377174,0.0,0.0,0.34839800000190735,0.04836691543459892,0.0001186183508252725,1.2752941846847534,0.0,0.0
404,1.5698572397232056,0.6444230675697327,27.419158935546875,8.842023849487305,0.4620514214038849,57.2900390625,1.1647568941116333,1.1627482175827026,148.32,1.2359135150909424,0.009019835852086544,0.058423206210136414,8.518671035766602,0.0,0.0,0.32864949107170105,1.6643578419461846e-05,0.00399087555706501,0.7031885385513306,0.0,0.0,1.2979812622070312,0.5275624394416809,0.023235881701111794,0.4278406798839569,0.02359565906226635,0.8255422711372375,0.2752875089645386,0.011516737751662731,0.0009797433158382773,0.428295761346817,0.9885948896408081,0.0,0.7315768599510193,0.24567213654518127,0.00046165534877218306,0.017588431015610695,0.0,0.0,0.3474080264568329,0.04128609597682953,8.175341645255685e-05,1.2916823625564575,0.0,0.0
405,4.7717461585998535,0.336489200592041,14.586099624633789,9.53007698059082,0.6812713146209717,57.8109130859375,0.9812685251235962,0.9782379865646362,315.71,1.0892448425292969,0.068902388215065,0.030709881335496902,7.54955530166626,0.0,0.0,0.29524073004722595,2.616038364067208e-05,0.0030581888277083635,0.84300297498703,0.0,0.0,1.094541072845459,0.432476669549942,0.01794842816889286,0.3512302041053772,0.01620507799088955,0.6568294763565063,0.29180455207824707,0.02120189182460308,0.000619929691310972,0.6839147210121155,0.9873673319816589,0.0,0.8936567306518555,0.21463629603385925,0.0005710707046091557,0.019727233797311783,0.0,0.0,0.34163153171539307,0.06658706814050674,0.00010203673446085304,1.2757426500320435,0.0,0.0
406,5.002945899963379,0.9494953751564026,25.90348243713379,2.071739673614502,0.6914854049682617,72.87367248535156,0.9696030616760254,0.9715766310691833,209.5,1.1336678266525269,0.020472142845392227,0.05280330777168274,10.579652786254883,0.0,0.0,0.3595314919948578,1.61787338583963e-05,0.001351659302599728,0.5871538519859314,0.0,0.0,1.0732660293579102,0.577189028263092,0.01282508671283722,0.11696512997150421,0.006575797218829393,0.17261271178722382,0.3006608188152313,0.028958503156900406,0.0002972522343043238,0.8404848575592041,1.0025829076766968,0.0,1.0058082342147827,0.11547084897756577,0.0006646611145697534,0.020706823095679283,0.0,0.0,0.34293532371520996,0.0955725684762001,3.760139225050807e-05,1.2902908325195312,0.0,0.0
407,5.494844436645508,0.19342204928398132,21.906723022460938,5.501163959503174,0.7543424963951111,51.71206283569336,1.1269522905349731,1.13285231590271,462.14,1.1189889907836914,0.13456833362579346,0.02486949972808361,3.5382800102233887,0.0,0.0,0.31025370955467224,5.676507134921849e-05,0.0035729315131902695,0.9154576063156128,0.0,0.0,1.024762749671936,0.543274998664856,0.014311963692307472,0.19304218888282776,0.009661548770964146,0.33574342727661133,0.3051376938819885,0.03057093545794487,0.0004591390606947243,0.8281694054603577,0.9953371286392212,0.0,0.9669321775436401,0.15146294236183167,0.000652673130389303,0.019544528797268867,0.0,0.0,0.3419703245162964,0.09476616978645325,2.9154067306080833e-05,1.29232919216156,0.0,0.0
408,4.586360931396484,0.35009413957595825,22.41680908203125,9.1848726272583,0.5730741024017334,57.65809631347656,1.131840467453003,1.129773497581482,161.64,1.31082284450531,0.06124578416347504,0.0266259778290987,5.865447044372559,0.0,0.0,0.2962743043899536,1.6939377019298263e-05,0.003501487895846367,0.8311630487442017,0.0,0.0,1.211057186126709,0.5475232005119324,0.021519813686609268,0.39504364132881165,0.020265862345695496,0.75010085105896,0.28497591614723206,0.017024293541908264,0.0008144163293763995,0.5438819527626038,0.9896875619888306,0.0,0.8094123005867004,0.2173193097114563,0.0005205653142184019,0.01825188659131527,0.0,0.0,0.3441333770751953,0.06403997540473938,7.780455780448392e-05,1.288704752922058,0.0,0.0
409,2.621554136276245,0.2974527180194855,22.284772872924805,3.6411123275756836,0.6560186147689819,42.186248779296875,1.081845998764038,1.0783506631851196,299.61,0.9342924952507019,0.0706806629896164,0.043278422206640244,6.629008769989014,0.0,0.0,0.3270535469055176,9.810632764128968e-05,0.003546983003616333,0.8540127873420715,0.0,0.0,1.021095633506775,0.530185878276825,0.014773246832191944,0.17814496159553528,0.009787393733859062,0.303175151348114,0.2966715097427368,0.024458495900034904,0.00045671541010960937,0.7451964616775513,0.9921237230300903,0.0,0.9036835432052612,0.19820480048656464,0.0006024502799846232,0.01946580782532692,0.0,0.0,0.3438046872615814,0.09025087207555771,5.6856639275792986e-05,1.2805880308151245,0.0,0.0
410,4.0197978019714355,0.4230227470397949,25.004261016845703,4.780407905578613,0.5117307305335999,58.262855529785156,1.0659005641937256,1.063889980316162,177.3,1.3642337322235107,0.03951359540224075,0.030101189389824867,5.876196384429932,0.0,0.0,0.30213913321495056,1.85110948223155e-05,0.0035226878244429827,0.7947251796722412,0.0,0.0,1.2436039447784424,0.6738471984863281,0.01877737231552601,0.26973018050193787,0.014980937354266644,0.4824731647968292,0.2822580933570862,0.01639249362051487,0.0006509149679914117,0.551032543182373,0.986748218536377,0.0,0.8092294931411743,0.20351232588291168,0.0005261467304080725,0.01852835714817047,0.0,0.0,0.34684622287750244,0.06303202360868454,6.921905151102692e-05,1.2916547060012817,0.0,0.0
411,5.220810890197754,0.6715344190597534,14.019596099853516,6.208017826080322,0.7344293594360352,56.270381927490234,0.8762950301170349,0.8806952238082886,570.16,0.8494717478752136,0.001897880807518959,0.05078186094760895,17.053369522094727,0.0,0.0,0.3012062609195709,7.696648367527814e-07,0.0026980179827660322,0.687874972820282,0.0,0.0,1.0438185930252075,0.477592408657074,0.013603405095636845,0.2350166290998459,0.010610902681946754,0.4080562889575958,0.2967335283756256,0.02458476461470127,0.0004314769757911563,0.8070357441902161,0.9791748523712158,0.0,0.9614081382751465,0.20148865878582,0.0006212838925421238,0.021818559616804123,0.0,0.0,0.34132036566734314,0.055209290236234665,0.00011215791164431721,1.2766276597976685,0.0,0.0
412,1.4355162382125854,0.02475135773420334,14.830610275268555,9.342272758483887,0.5713289380073547,51.62263488769531,1.0509825944900513,1.0514596700668335,43.17,1.008723258972168,0.17053461074829102,0.02087361365556717,1.78230619430542,0.0,0.0,0.39532724022865295,0.0002437452058074996,0.004302774090319872,1.0159939527511597,0.0,0.0,1.179192066192627,0.43236467242240906,0.021924488246440887,0.4222230613231659,0.019714634865522385,0.7793629765510559,0.28148117661476135,0.01736854575574398,0.0007610234315507114,0.5587968826293945,0.9726810455322266,0.0,0.793032705783844,0.2298068106174469,0.0005055377841927111,0.01719432696700096,0.0,0.0,0.3436046838760376,0.07408428192138672,7.596797513542697e-05,1.2849071025848389,0.0,0.0
413,5.9820733070373535,0.6288129091262817,24.97858238220215,5.866019248962402,0.7866623401641846,43.54337692260742,1.1761318445205688,1.1773321628570557,86.68,0.9472793340682983,0.005822692532092333,0.04690515249967575,15.2160005569458,0.0,0.0,0.2944212555885315,7.213794788185623e-07,0.0027654662262648344,0.7061527967453003,0.0,0.0,0.9798105955123901,0.5332263708114624,0.013017043471336365,0.1811058074235916,0.009215443395078182,0.31579312682151794,0.30792123079299927,0.030670035630464554,0.00044659635750576854,0.8599225282669067,0.9964771270751953,0.0,0.9788643717765808,0.17226995527744293,0.0006430339417420328,0.02122514136135578,0.0,0.0,0.3405119776725769,0.07806261628866196,7.406478107441217e-05,1.2767411470413208,0.0,0.0
414,2.0604100227355957,0.13311313092708588,26.922693252563477,6.973685264587402,0.462613046169281,42.80997848510742,1.133955717086792,1.134752869606018,61.95,1.1427823305130005,0.08491864800453186,0.023499684408307076,2.908783435821533,0.0,0.0,0.35844242572784424,0.0001674884551903233,0.00487825833261013,0.9465034604072571,0.0,0.0,1.1936508417129517,0.3556641638278961,0.02129041962325573,0.36162564158439636,0.0199764184653759,0.6834704875946045,0.27679502964019775,0.01252385601401329,0.0009085836354643106,0.4542210102081299,0.984169065952301,0.0,0.7185303568840027,0.30230310559272766,0.0004542098322417587,0.016828766092658043,0.0,0.0,0.34799858927726746,0.049849655479192734,0.00014435457705985755,1.2679352760314941,0.0,0.0
415,1.7414332628250122,0.04893513768911362,17.540061950683594,5.6179022789001465,0.42142754793167114,45.22532272338867,0.9701474905014038,0.9720761179924011,204.51,1.0783894062042236,0.12657511234283447,0.01774795725941658,1.7927666902542114,0.0,0.0,0.38397708535194397,0.00022781691222917289,0.005041036289185286,0.9984974265098572,0.0,0.0,1.282367467880249,0.3880457282066345,0.020130835473537445,0.34854504466056824,0.01763843558728695,0.6292904019355774,0.2687869668006897,0.011131915263831615,0.000746740959584713,0.47014766931533813,0.9712428450584412,0.0,0.7107841968536377,0.2892390191555023,0.0004560244851745665,0.016401300206780434,0.0,0.0,0.34871068596839905,0.05779348686337471,8.444051491096616e-05,1.2874900102615356,0.0,0.0
416,5.461952209472656,0.8618699312210083,22.9053955078125,3.928861618041992,0.7072060108184814,74.61051940917969,1.0538520812988281,1.0557547807693481,171.01,1.1391249895095825,0.0020972965285182,0.0502474270761013,11.294720649719238,0.0,0.0,0.3372790813446045,1.846835061769525e-06,0.0018216910539194942,0.6139571666717529,0.0,0.0,1.0766900777816772,0.5651872158050537,0.013731064274907112,0.17195425927639008,0.009141923859715462,0.2840360105037689,0.29999059438705444,0.02743147499859333,0.00039903854485601187,0.8060534596443176,0.9950134754180908,0.0,0.9701963067054749,0.14456747472286224,0.0006237541092559695,0.02117965742945671,0.0,0.0,0.3418665826320648,0.07014720886945724,8.73764292919077e-05,1.2763426303863525,0.0,0.0
417,4.127532482147217,0.690413236618042,36.208160400390625,6.537667274475098,0.425790011882782,49.031288146972656,1.14420747756958,1.144115924835205,6.99,1.3793561458587646,0.005406591575592756,0.037850331515073776,10.682629585266113,0.0,0.0,0.31668582558631897,1.2055022580170771e-06,0.003573806956410408,0.6816990375518799,0.0,0.0,1.2691388130187988,0.4152359962463379,0.020899679511785507,0.34529635310173035,0.02063506841659546,0.6471746563911438,0.27446234226226807,0.010416054166853428,0.0009295913623645902,0.41739019751548767,0.984721302986145,0.0,0.710236132144928,0.30639737844467163,0.0004271763900760561,0.01821899227797985,0.0,0.0,0.3490816354751587,0.024185234680771828,0.0002103697624988854,1.2512294054031372,0.0,0.0
418,4.5246262550354,0.709635853767395,13.514999389648438,8.451732635498047,0.5626165270805359,50.6201057434082,0.8774686455726624,0.8757105469703674,228.8,0.9724354147911072,0.007583694066852331,0.044359199702739716,16.023767471313477,0.0,0.0,0.3115535080432892,9.061607215699041e-07,0.002896923804655671,0.6734994649887085,0.0,0.0,1.222116470336914,0.3889843225479126,0.0196470245718956,0.4092768728733063,0.018426183611154556,0.7516601085662842,0.27713921666145325,0.014406971633434296,0.0006492998800240457,0.5774222016334534,0.9700004458427429,0.0,0.8163998126983643,0.25500309467315674,0.0005095495143905282,0.019506795331835747,0.0,0.0,0.3436518609523773,0.03895453363656998,0.00011458786320872605,1.282502293586731,0.0,0.0
419,3.54732084274292,0.21325625479221344,31.605356216430664,6.0317702293396,0.5567759871482849,54.78886032104492,1.1990798711776733,1.198049783706665,71.71,1.5673919916152954,0.08917555958032608,0.01739352010190487,1.4972161054611206,0.0,0.0,0.32492464780807495,9.604200022295117e-05,0.0037247517611831427,0.9000580906867981,0.0,0.0,1.2558529376983643,0.6535642743110657,0.020720895379781723,0.2879508137702942,0.01699860207736492,0.5288410186767578,0.28843966126441956,0.01975865848362446,0.0007382307085208595,0.5554108023643494,1.0017216205596924,0.0,0.8086267113685608,0.15736974775791168,0.0005112374201416969,0.017318733036518097,0.0,0.0,0.34556716680526733,0.09326090663671494,7.700826972723007e-05,1.2828634977340698,0.0,0.0
420,4.7739763259887695,0.19895341992378235,30.798938751220703,2.6317055225372314,0.6558658480644226,48.55126953125,1.0940197706222534,1.0915417671203613,207.51,1.2479329109191895,0.12922662496566772,0.022118544206023216,3.2096259593963623,0.0,0.0,0.3191336393356323,7.704370364081115e-05,0.003566914005205035,0.9099133014678955,0.0,0.0,1.0419862270355225,0.6090654730796814,0.014439895749092102,0.14337503910064697,0.008422888815402985,0.23078785836696625,0.2997916638851166,0.02672599069774151,0.00040154921589419246,0.7677152752876282,1.0027745962142944,0.0,0.9266992211341858,0.16244031488895416,0.0006156066083349288,0.01928473263978958,0.0,0.0,0.34401267766952515,0.09407365322113037,5.476854130392894e-05,1.2781760692596436,0.0,0.0
421,4.651584148406982,0.49622347950935364,20.50146484375,7.9049296379089355,0.5109479427337646,40.80611038208008,1.042719841003418,1.0446512699127197,177.31,1.167663812637329,0.021706867963075638,0.031985703855752945,12.463982582092285,0.0,0.0,0.29341909289360046,1.0293364312019548e-06,0.003394731553271413,0.7622069716453552,0.0,0.0,1.2924250364303589,0.3542741537094116,0.020789649337530136,0.39311373233795166,0.01985267736017704,0.742300808429718,0.2773401141166687,0.013181082904338837,0.0007940520299598575,0.5075682997703552,0.9806416034698486,0.0,0.722349226474762,0.3137199878692627,0.00045072330976836383,0.017772957682609558,0.0,0.0,0.34614965319633484,0.033396389335393906,0.00012187488027848303,1.2792160511016846,0.0,0.0
422,2.9880104064941406,0.967248260974884,20.10584831237793,7.663815498352051,0.7199497222900391,52.49409866333008,1.1569924354553223,1.1573357582092285,25.64,0.827796459197998,0.0275515615940094,0.07758151739835739,19.1074275970459,0.0,0.0,0.3668624758720398,4.619869650923647e-05,0.00239570252597332,0.5761159658432007,0.0,0.0,1.034448266029358,0.5544911026954651,0.01624235138297081,0.2638304531574249,0.013386276550590992,0.483781635761261,0.2991444766521454,0.025835571810603142,0.0005863094702363014,0.7372252941131592,0.9903008937835693,0.0,0.9351951479911804,0.167080819606781,0.0006129699759185314,0.020060855895280838,0.0,0.0,0.3414802849292755,0.07874173671007156,4.493269443628378e-05,1.288620948791504,0.0,0.0
423,5.0861687660217285,0.6879487037658691,28.012039184570312,4.978722095489502,0.40091562271118164,50.93406677246094,1.017875075340271,1.0197391510009766,179.59,1.3378283977508545,0.00775913754478097,0.03406306728720665,10.363187789916992,0.0,0.0,0.3171176016330719,1.1357374205545057e-06,0.0033858090173453093,0.6844004988670349,0.0,0.0,1.349955677986145,0.5426775813102722,0.01937752403318882,0.3086119592189789,0.017406713217496872,0.5572928190231323,0.27056804299354553,0.01038921158760786,0.0007657232927158475,0.44559556245803833,0.9800281524658203,0.0,0.7142618298530579,0.26962271332740784,0.0004516507324296981,0.017902527004480362,0.0,0.0,0.3505086600780487,0.03472510725259781,0.00010575978376436979,1.2846148014068604,0.0,0.0
424,5.160719394683838,0.8134970664978027,38.720664978027344,4.023187637329102,0.4531468451023102,49.4885139465332,1.1040018796920776,1.1030691862106323,76.59,1.3706775903701782,0.006170934997498989,0.03889686241745949,11.759772300720215,0.0,0.0,0.3385290801525116,2.1249044948490337e-05,0.00278844079002738,0.6398386359214783,0.0,0.0,1.1959458589553833,0.554988443851471,0.01802835986018181,0.23939970135688782,0.01513140369206667,0.42407089471817017,0.27927690744400024,0.013499924913048744,0.0007163223926909268,0.49630802869796753,0.9898123145103455,0.0,0.7732128500938416,0.24602010846138,0.0004690559580922127,0.018972568213939667,0.0,0.0,0.3490111529827118,0.03256501257419586,0.00022770751093048602,1.2468159198760986,0.0,0.0
425,3.3385841846466064,0.11262854933738708,26.49164581298828,8.307209968566895,0.4063226580619812,43.17811965942383,1.1089129447937012,1.108799934387207,9.19,1.2731306552886963,0.09728362411260605,0.01083752978593111,3.703566312789917,0.0,0.0,0.33884280920028687,9.91899796645157e-05,0.004669845104217529,0.9582842588424683,0.0,0.0,1.3000950813293457,0.3126329481601715,0.02306433394551277,0.4429848790168762,0.02354307658970356,0.8432826995849609,0.26920634508132935,0.008996354416012764,0.0010340758599340916,0.39539361000061035,0.9798753261566162,0.0,0.6799386739730835,0.3386323153972626,0.0004237047105561942,0.016380658373236656,0.0,0.0,0.3492937684059143,0.04208768904209137,0.0001474600430810824,1.2707345485687256,0.0,0.0
426,5.5810017585754395,0.27131742238998413,22.39761734008789,8.68570613861084,0.4333367347717285,53.042999267578125,1.0432478189468384,1.041258692741394,183.11,1.3735384941101074,0.07441837340593338,0.021415024995803833,5.317948341369629,0.0,0.0,0.29581165313720703,1.6989071809803136e-05,0.003878497751429677,0.8695917129516602,0.0,0.0,1.36378014087677,0.40090131759643555,0.022910194471478462,0.4627324044704437,0.02312573604285717,0.8831612467765808,0.26929357647895813,0.009600633755326271,0.0009230835712514818,0.43283116817474365,0.9814589023590088,0.0,0.709204375743866,0.28737926483154297,0.0004487093538045883,0.016974637284874916,0.0,0.0,0.3480228781700134,0.04609689861536026,8.064720896072686e-05,1.292614221572876,0.0,0.0
427,2.604832887649536,0.24813960492610931,21.341703414916992,8.72057056427002,0.48890092968940735,56.34663772583008,1.1002094745635986,1.0990606546401978,95.01,1.2160961627960205,0.08007407188415527,0.02563801221549511,4.137566089630127,0.0,0.0,0.32638123631477356,8.324058580910787e-05,0.004289658274501562,0.8853546977043152,0.0,0.0,1.2537004947662354,0.43806836009025574,0.022598763927817345,0.43028202652931213,0.0219477079808712,0.8185553550720215,0.2758480906486511,0.012807591818273067,0.0008957540849223733,0.4707786738872528,0.9836079478263855,0.0,0.7576033473014832,0.25110241770744324,0.00048546306788921356,0.017372313886880875,0.0,0.0,0.34599101543426514,0.05810270830988884,7.776811980875209e-05,1.2899994850158691,0.0,0.0
428,5.4853835105896,0.04368506744503975,41.03268051147461,2.753016233444214,0.7692216634750366,51.419334411621094,1.190505027770996,1.1855368614196777,352.01,1.3478922843933105,0.2083587497472763,0.013568618334829807,0.988531231880188,0.0,0.0,0.3439488410949707,0.00010949694114970043,0.0032174738589674234,1.0036165714263916,0.0,0.0,0.9609564542770386,0.5200410485267639,0.011989666149020195,0.11992249637842178,0.0059478916227817535,0.18378764390945435,0.30941125750541687,0.03592495247721672,0.0002694384311325848,0.9250699877738953,1.0077687501907349,0.0,1.0399821996688843,0.12766237556934357,0.0006691540475003421,0.019916605204343796,0.0,0.0,0.33917000889778137,0.08951296657323837,6.369686161633581e-05,1.2558770179748535,0.0,0.0
429,5.698784828186035,0.5123717784881592,32.54301452636719,6.387556076049805,0.5562311410903931,70.032958984375,1.1856743097305298,1.1861004829406738,30.3,1.6495305299758911,0.024455849081277847,0.029955947771668434,4.687467098236084,0.0,0.0,0.2933782935142517,9.090051094062801e-07,0.0027563506737351418,0.7526906728744507,0.0,0.0,1.3121285438537598,0.6447259187698364,0.020544007420539856,0.3011893033981323,0.017369110137224197,0.5604403018951416,0.2877417504787445,0.018917713314294815,0.0007306390907615423,0.5513523817062378,1.0019237995147705,0.0,0.8136770129203796,0.1601281464099884,0.000525828858371824,0.01823577657341957,0.0,0.0,0.34581607580184937,0.07256129384040833,4.063780579599552e-05,1.3035504817962646,0.0,0.0
430,3.651580572128296,0.06705392152070999,15.332110404968262,2.2142136096954346,0.7431601881980896,46.457855224609375,0.8190915584564209,0.8075785040855408,1740.5,0.8543105721473694,0.19417710602283478,0.018796933814883232,1.9838062524795532,0.0,0.0,0.35865518450737,9.211616270476952e-05,0.0038806162774562836,0.9836719632148743,0.0,0.0,0.9335287809371948,0.5351319313049316,0.011201328597962856,0.10532867163419724,0.0051693967543542385,0.15143373608589172,0.30231887102127075,0.030684445053339005,0.00024239328922703862,0.9209673404693604,1.001083254814148,0.0,0.9973577260971069,0.14786867797374725,0.0006909780786372721,0.018914541229605675,0.0,0.0,0.3426761329174042,0.09505587071180344,2.1907124391873367e-05,1.2884008884429932,0.0,0.0
431,3.047759532928467,0.31460073590278625,13.456558227539062,6.1941752433776855,0.7336631417274475,50.836090087890625,0.959752082824707,0.9552347660064697,492.73,0.9306526780128479,0.08303883671760559,0.04048850014805794,6.574739456176758,0.0,0.0,0.31534093618392944,7.0082453021314e-05,0.0032780643086880445,0.8498281836509705,0.0,0.0,1.033747911453247,0.5049511194229126,0.014440164901316166,0.2326706200838089,0.010686533525586128,0.40681755542755127,0.2980269193649292,0.026524439454078674,0.0004549684817902744,0.8021906018257141,0.9815183281898499,0.0,0.9619662761688232,0.181942880153656,0.0006304192938841879,0.020432479679584503,0.0,0.0,0.3414119482040405,0.08802422136068344,6.314298661891371e-05,1.281767725944519,0.0,0.0
432,4.039640426635742,0.023613939061760902,27.831615447998047,4.139597415924072,0.4338081181049347,42.76007080078125,1.0481960773468018,1.0461392402648926,187.57,1.1715306043624878,0.15463094413280487,0.008174576796591282,1.7420825958251953,0.0,0.0,0.3594408333301544,0.0001460653293179348,0.004832146223634481,1.0101150274276733,0.0,0.0,1.1846572160720825,0.4131609797477722,0.018679263070225716,0.2584190368652344,0.014916418120265007,0.4598793685436249,0.2764510214328766,0.013035956770181656,0.0007229908951558173,0.48660820722579956,0.9835345149040222,0.0,0.733474850654602,0.2861323058605194,0.0004746800987049937,0.016860689967870712,0.0,0.0,0.3501427173614502,0.06516295671463013,0.00011969810293521732,1.2691371440887451,0.0,0.0
433,1.588701605796814,0.8652240633964539,17.957183837890625,6.83058500289917,0.6083784103393555,46.60523986816406,1.083223819732666,1.0842900276184082,90.78,0.8343578577041626,0.012875871732831001,0.08780449628829956,18.030120849609375,0.0,0.0,0.35639822483062744,6.204283999977633e-05,0.0032474035397171974,0.6120817065238953,0.0,0.0,1.1413915157318115,0.47258466482162476,0.018186910077929497,0.307330459356308,0.01576385833323002,0.5658771395683289,0.28757280111312866,0.019249428063631058,0.0006534514832310379,0.6234996318817139,0.9821906685829163,0.0,0.8252415060997009,0.22441443800926208,0.0005316214519552886,0.018938299268484116,0.0,0.0,0.3440464735031128,0.05008699744939804,7.437829481204972e-05,1.2895057201385498,0.0,0.0
434,5.2713117599487305,0.581777811050415,28.71103858947754,2.7183897495269775,0.7227174639701843,40.44002914428711,1.0777961015701294,1.0801301002502441,200.49,0.9680983424186707,0.009765071794390678,0.04576380178332329,13.841912269592285,0.0,0.0,0.29389482736587524,7.341754439949e-07,0.003047890728339553,0.7245996594429016,0.0,0.0,0.9671629667282104,0.5615307092666626,0.01234227791428566,0.1264410763978958,0.006971846334636211,0.19856366515159607,0.3045991063117981,0.028678612783551216,0.00033495647949166596,0.8564130067825317,0.999951958656311,0.0,0.9496854543685913,0.18707768619060516,0.000619735976215452,0.020813435316085815,0.0,0.0,0.3419213593006134,0.07286474853754044,0.00010601927351672202,1.2630988359451294,0.0,0.0
435,1.0251436233520508,0.3892728388309479,40.51414108276367,2.530014991760254,0.514379620552063,45.807823181152344,1.100526213645935,1.0948591232299805,470.33,1.2029342651367188,0.0198033656924963,0.06148746237158775,5.477296352386475,0.0,0.0,0.3467015326023102,0.00017157323600258678,0.0033767165150493383,0.8150503635406494,0.0,0.0,1.0714211463928223,0.4921404719352722,0.015493853017687798,0.16895484924316406,0.010780612006783485,0.27958032488822937,0.28638580441474915,0.017376422882080078,0.0005263083730824292,0.6041924357414246,0.9942817687988281,0.0,0.8160201907157898,0.23844148218631744,0.0004913571756333113,0.01922139711678028,0.0,0.0,0.34742680191993713,0.038543254137039185,0.00028934417059645057,1.2278265953063965,0.0,0.0
436,5.11282205581665,0.8996831774711609,25.32490348815918,8.506242752075195,0.5686848759651184,59.89452362060547,1.1413801908493042,1.1389597654342651,186.19,1.2102885246276855,0.01115251611918211,0.043410394340753555,12.011497497558594,0.0,0.0,0.3535754382610321,3.296976865385659e-05,0.00231831893324852,0.6012820601463318,0.0,0.0,1.2133328914642334,0.6001685857772827,0.02099989354610443,0.37350934743881226,0.019734276458621025,0.7022635340690613,0.2848314046859741,0.017251715064048767,0.0007920529460534453,0.5429236888885498,0.9895542860031128,0.0,0.8402906656265259,0.1813330054283142,0.000532379955984652,0.019019821658730507,0.0,0.0,0.3442675769329071,0.057281743735075,7.515912147937343e-05,1.2895665168762207,0.0,0.0
437,4.939266681671143,0.3747079074382782,25.808578491210938,4.2066545486450195,0.5262936353683472,42.44780731201172,1.0551550388336182,1.0549432039260864,19.03,1.1707935333251953,0.0420411042869091,0.029444672167301178,8.667792320251465,0.0,0.0,0.29727253317832947,1.5885107131907716e-05,0.0036159849260002375,0.8204135894775391,0.0,0.0,1.1725614070892334,0.44707682728767395,0.017553651705384254,0.23859378695487976,0.01348006259649992,0.42384347319602966,0.2845233678817749,0.016754422336816788,0.0006124658975750208,0.5770687460899353,0.9851946234703064,0.0,0.7913348078727722,0.25814130902290344,0.0005088270991109312,0.01857028156518936,0.0,0.0,0.3470595180988312,0.05076000466942787,0.00014182899030856788,1.2726269960403442,0.0,0.0
438,4.1903557777404785,0.8913078904151917,20.301372528076172,4.332075595855713,0.5679715871810913,43.95457077026367,0.9909647703170776,0.9937829375267029,286.17,0.9090566039085388,0.01642146147787571,0.05450746789574623,21.93094825744629,0.0,0.0,0.3499516546726227,3.0963616154622287e-05,0.0027638578321784735,0.6055449843406677,0.0,0.0,1.163888931274414,0.4833724796772003,0.016543559730052948,0.2375812828540802,0.012673811987042427,0.4162692427635193,0.28507331013679504,0.01806792803108692,0.0005475220386870205,0.6304292678833008,0.9799079298973083,0.0,0.8211618065834045,0.23270538449287415,0.0005295740556903183,0.019061509519815445,0.0,0.0,0.3456062972545624,0.05009321868419647,9.731496538734064e-05,1.2848823070526123,0.0,0.0
439,2.0356245040893555,0.8979943990707397,21.032384872436523,4.5320000648498535,0.5026517510414124,59.94855880737305,1.0236859321594238,1.027231216430664,337.14,0.9412310719490051,0.010951973497867584,0.074794240295887,14.779037475585938,0.0,0.0,0.3640480637550354,3.997756357421167e-05,0.0030354897025972605,0.6078858971595764,0.0,0.0,1.1822937726974487,0.559034526348114,0.017891963943839073,0.2645580470561981,0.014621551148593426,0.47015929222106934,0.2796083092689514,0.015317958779633045,0.0006251728627830744,0.5540114045143127,0.9808580279350281,0.0,0.8072510957717896,0.2178158164024353,0.0005196722922846675,0.018893437460064888,0.0,0.0,0.3464263379573822,0.047935862094163895,7.831792026991025e-05,1.2864302396774292,0.0,0.0
440,1.0387667417526245,0.25689980387687683,16.83852767944336,3.117767572402954,0.49711155891418457,46.900474548339844,0.9215804934501648,0.9230241179466248,169.71,0.9523895382881165,0.0630558654665947,0.04997198283672333,4.30697774887085,0.0,0.0,0.3594496548175812,0.00019330033683218062,0.0041794609278440475,0.8824607729911804,0.0,0.0,1.1758699417114258,0.4673992097377777,0.016530310735106468,0.21242189407348633,0.011693984270095825,0.351272851228714,0.27847975492477417,0.016194883733987808,0.0005038641975261271,0.591736912727356,0.971419632434845,0.0,0.7815420031547546,0.24744130671024323,0.00051090307533741,0.01786547340452671,0.0,0.0,0.3473108112812042,0.059969715774059296,7.664736040169373e-05,1.285218596458435,0.0,0.0
441,3.7680017948150635,0.09625333547592163,22.728384017944336,3.655508041381836,0.4993840456008911,59.32362365722656,1.0073273181915283,1.0102276802062988,285.01,1.3134592771530151,0.1657354235649109,0.012328538112342358,1.454654335975647,0.0,0.0,0.3476783037185669,0.0001451135758543387,0.004190563689917326,0.9641137719154358,0.0,0.0,1.203392744064331,0.6766680479049683,0.01793738454580307,0.23028795421123505,0.012870452366769314,0.39544206857681274,0.28158363699913025,0.016962194815278053,0.0005798766505904496,0.5694381594657898,0.9841442108154297,0.0,0.81070476770401,0.19924230873584747,0.0005359966307878494,0.01764879934489727,0.0,0.0,0.34740304946899414,0.09398873895406723,4.95559252158273e-05,1.2898736000061035,0.0,0.0
442,1.4466928243637085,0.21637144684791565,21.096088409423828,9.853924751281738,0.5494878888130188,48.86152648925781,1.1563106775283813,1.1515040397644043,361.0,1.0853850841522217,0.08256779611110687,0.03728025034070015,4.106937885284424,0.0,0.0,0.35037916898727417,0.0001522599923191592,0.004338366445153952,0.9054974317550659,0.0,0.0,1.186053991317749,0.4332639276981354,0.022761940956115723,0.42736417055130005,0.021726094186306,0.8130072951316833,0.28210973739624023,0.015880037099123,0.0008922251290641725,0.5111689567565918,0.9815415740013123,0.0,0.7806510329246521,0.2387738674879074,0.0005012281471863389,0.017491664737462997,0.0,0.0,0.34462952613830566,0.06421218067407608,7.447639654856175e-05,1.2863291501998901,0.0,0.0
443,1.84629225730896,0.7199063301086426,24.148372650146484,2.1138224601745605,0.7549176812171936,43.06079864501953,1.0067176818847656,1.0031307935714722,355.18,0.7318671941757202,0.005362886004149914,0.09958910197019577,14.493088722229004,0.0,0.0,0.32942160964012146,4.129614899284206e-05,0.0026026165578514338,0.6575663089752197,0.0,0.0,0.9262124300003052,0.5317054390907288,0.010910708457231522,0.098942331969738,0.005068862810730934,0.14246556162834167,0.30664122104644775,0.031420089304447174,0.00024415538064204156,0.9298086166381836,1.004030704498291,0.0,1.0326777696609497,0.14398247003555298,0.0007025010418146849,0.021383069455623627,0.0,0.0,0.3420570194721222,0.09495427459478378,3.692507743835449e-05,1.2858456373214722,0.0,0.0
444,4.393322944641113,0.7215248346328735,33.977569580078125,7.36344051361084,0.40973469614982605,59.682613372802734,1.1343846321105957,1.1373993158340454,233.65,1.5089460611343384,0.005836875177919865,0.033479198813438416,8.06393814086914,0.0,0.0,0.32057759165763855,1.184318307423382e-06,0.003169008996337652,0.669597864151001,0.0,0.0,1.3986268043518066,0.64882493019104,0.02251005358994007,0.391909122467041,0.022562023252248764,0.7401067018508911,0.2715173661708832,0.009717090986669064,0.000968477048445493,0.39825040102005005,0.9878370761871338,0.0,0.7085667252540588,0.24314941465854645,0.00044010416604578495,0.01763817109167576,0.0,0.0,0.34963729977607727,0.03426283225417137,9.557539306115359e-05,1.287563681602478,0.0,0.0
445,4.931780815124512,0.7903275489807129,20.41379737854004,5.04714822769165,0.6136741638183594,52.4736442565918,1.019730806350708,1.016442060470581,317.29,0.9782322645187378,0.007555999327450991,0.04823344200849533,16.834932327270508,0.0,0.0,0.3252900540828705,3.852912414004095e-06,0.0028740176931023598,0.6403259634971619,0.0,0.0,1.1286264657974243,0.585754930973053,0.01638731174170971,0.24806435406208038,0.01296043861657381,0.4381566345691681,0.2892056703567505,0.02017754316329956,0.0005481498083099723,0.6656979918479919,0.984284520149231,0.0,0.8625190258026123,0.20629027485847473,0.0005634381668642163,0.019698696210980415,0.0,0.0,0.344100683927536,0.05809762328863144,7.168855518102646e-05,1.2881802320480347,0.0,0.0
446,5.241629600524902,0.9815557599067688,26.48409652709961,2.6155006885528564,0.6192101240158081,53.30424118041992,1.008705735206604,1.0026845932006836,595.32,1.022778868675232,0.03290773183107376,0.04948049411177635,13.833017349243164,0.0,0.0,0.3742362856864929,5.7519278925610706e-05,0.001985133858397603,0.578682005405426,0.0,0.0,1.0922343730926514,0.6278033256530762,0.014650518074631691,0.15510079264640808,0.009020702913403511,0.24774442613124847,0.29368776082992554,0.023678526282310486,0.00041145598515868187,0.7282310724258423,0.9918881058692932,0.0,0.9250196814537048,0.14925530552864075,0.0006101895705796778,0.01984482631087303,0.0,0.0,0.34493738412857056,0.09070637077093124,4.205260120215826e-05,1.2907490730285645,0.0,0.0
447,5.466625690460205,0.05028308182954788,39.631832122802734,1.7030164003372192,0.631409764289856,45.3748779296875,1.0366013050079346,1.0407836437225342,387.66,1.392630934715271,0.16580896079540253,0.014504900202155113,1.3603888750076294,0.0,0.0,0.3443671464920044,0.00012910347140859812,0.0035363505594432354,0.9992136359214783,0.0,0.0,1.0033007860183716,0.630706250667572,0.01386235374957323,0.1204281598329544,0.007256257813423872,0.17831553518772125,0.29861974716186523,0.02627536654472351,0.0003411949728615582,0.7671294212341309,0.9997321963310242,0.0,0.9225755929946899,0.17613889276981354,0.0005775527097284794,0.01927485316991806,0.0,0.0,0.3437232971191406,0.08820866048336029,0.00013840828614775091,1.236588716506958,0.0,0.0
448,5.745732307434082,0.9254042506217957,22.151037216186523,2.6554908752441406,0.6803240180015564,58.10879135131836,0.9454365372657776,0.942434549331665,336.92,0.9745233654975891,0.024146433919668198,0.0502544566988945,14.828032493591309,0.0,0.0,0.3556954860687256,3.184112938470207e-05,0.0020354182925075293,0.5959261059761047,0.0,0.0,1.0614246129989624,0.5803847312927246,0.013112643733620644,0.1405133754014969,0.0075907460413873196,0.2206743359565735,0.29730454087257385,0.026228025555610657,0.00034283584682270885,0.8117830157279968,0.9954379796981812,0.0,0.9645612835884094,0.14372754096984863,0.000641557271592319,0.02027931436896324,0.0,0.0,0.34341299533843994,0.09526079148054123,3.608787665143609e-05,1.2920564413070679,0.0,0.0
449,4.836272239685059,0.06595205515623093,19.10314178466797,3.516660213470459,0.6105962991714478,41.305728912353516,0.9742406606674194,0.9742196798324585,2.21,1.0193144083023071,0.2073005884885788,0.014373651705682278,2.048447608947754,0.0,0.0,0.3403114080429077,0.0001102999085560441,0.00398138165473938,0.986769437789917,0.0,0.0,1.087282419204712,0.5136480927467346,0.015638217329978943,0.1938251256942749,0.010302738286554813,0.32646724581718445,0.29123932123184204,0.02195545844733715,0.00046401406871154904,0.701407790184021,0.9851043820381165,0.0,0.8582599759101868,0.21298082172870636,0.0005706165684387088,0.018308011814951897,0.0,0.0,0.3453347086906433,0.09422894567251205,5.696397056453861e-05,1.2843751907348633,0.0,0.0
450,2.009897232055664,0.06316245347261429,38.00544738769531,8.99293327331543,0.4007524251937866,45.69862365722656,1.1975650787353516,1.19804048538208,33.14,1.412638783454895,0.07182863354682922,0.013235639780759811,2.4144537448883057,0.0,0.0,0.370757132768631,0.00019935789168812335,0.005214317701756954,0.989414632320404,0.0,0.0,1.2114410400390625,0.272858589887619,0.023551104590296745,0.4295588731765747,0.02592296153306961,0.8438698053359985,0.27024850249290466,0.0076811485923826694,0.0012146601220592856,0.3538006842136383,0.9914669990539551,0.0,0.6683903336524963,0.3683219850063324,0.00038798226159997284,0.016429472714662552,0.0,0.0,0.34898820519447327,0.028816668316721916,0.0002820893132593483,1.226613163948059,0.0,0.0
451,3.8788321018218994,0.7930130958557129,13.14887809753418,6.496058464050293,0.7238828539848328,43.50350570678711,0.8988512754440308,0.8978852033615112,119.7,0.859056293964386,0.009683504700660706,0.05914478749036789,19.546220779418945,0.0,0.0,0.32206490635871887,6.65812967781676e-06,0.002618220867589116,0.6385440826416016,0.0,0.0,1.094028115272522,0.4929627478122711,0.014367155730724335,0.24942341446876526,0.011306236498057842,0.43731212615966797,0.2951534390449524,0.024585755541920662,0.0004585439746733755,0.7883247137069702,0.9789894223213196,0.0,0.9181056618690491,0.19806413352489471,0.0005900515825487673,0.02062409371137619,0.0,0.0,0.3419160544872284,0.055629316717386246,8.725585212232545e-05,1.2878968715667725,0.0,0.0
452,3.5340957641601562,0.08415064960718155,14.020543098449707,6.896580219268799,0.5585581660270691,49.025794982910156,0.9417915940284729,0.942551851272583,85.64,1.1473138332366943,0.16173775494098663,0.0117890490218997,2.0056545734405518,0.0,0.0,0.34504666924476624,0.00013101717922836542,0.0038884254172444344,0.9757165908813477,0.0,0.0,1.2326316833496094,0.4271203577518463,0.019603388383984566,0.35474997758865356,0.01666182279586792,0.6342304348945618,0.28040558099746704,0.01700647361576557,0.0006484233890660107,0.586007833480835,0.9719293713569641,0.0,0.7972112894058228,0.2402544915676117,0.0005062433192506433,0.017676284536719322,0.0,0.0,0.34439489245414734,0.06511282920837402,0.00010689655755413696,1.282895803451538,0.0,0.0
453,1.1838027238845825,0.785420835018158,25.35589027404785,3.3849573135375977,0.6511541604995728,58.56086349487305,1.1265430450439453,1.1234972476959229,240.65,0.8894060850143433,0.005952675826847553,0.09580433368682861,11.239158630371094,0.0,0.0,0.3480265736579895,6.243088137125596e-05,0.0028689515311270952,0.6402757167816162,0.0,0.0,1.061345100402832,0.6062405109405518,0.014961796812713146,0.1701524406671524,0.009784732945263386,0.28521111607551575,0.2974388897418976,0.02542395517230034,0.0004416736774146557,0.7423719763755798,0.9954654574394226,0.0,0.9364706873893738,0.14873477816581726,0.0006277369684539735,0.020191268995404243,0.0,0.0,0.34404268860816956,0.08656439185142517,3.0463639632216655e-05,1.296765923500061,0.0,0.0
454,3.410775661468506,0.9980552792549133,40.32093048095703,3.042966842651367,0.4012511372566223,54.043941497802734,1.0460041761398315,1.0455820560455322,38.6,1.1586946249008179,0.015571871772408485,0.05131528899073601,11.497028350830078,0.0,0.0,0.3912806510925293,7.798123988322914e-05,0.0021481069270521402,0.5860206484794617,0.0,0.0,1.23006272315979,0.6581414937973022,0.01726507395505905,0.20643959939479828,0.013511682860553265,0.35213589668273926,0.2752969563007355,0.011894924566149712,0.0006817828980274498,0.4784620702266693,0.987478494644165,0.0,0.7510199546813965,0.22698280215263367,0.00046229586587287486,0.01829725131392479,0.0,0.0,0.3519071340560913,0.037181559950113297,0.00018938966968562454,1.2594630718231201,0.0,0.0
455,1.4561433792114258,0.36356058716773987,21.194988250732422,2.667665958404541,0.4576130509376526,41.930633544921875,0.9381265640258789,0.9338762164115906,485.15,0.9884442090988159,0.03282943367958069,0.052430275827646255,7.037878513336182,0.0,0.0,0.3399543762207031,0.00012323414557613432,0.004128449130803347,0.829426109790802,0.0,0.0,1.2016199827194214,0.4367424249649048,0.016309019178152084,0.19472578167915344,0.011469974182546139,0.3173268139362335,0.277052104473114,0.014600634574890137,0.0005275115836411715,0.5570477247238159,0.972592830657959,0.0,0.7555831670761108,0.27267178893089294,0.0004926599212922156,0.017961889505386353,0.0,0.0,0.349467396736145,0.048279888927936554,0.00010972948075504974,1.2815909385681152,0.0,0.0
456,4.11927604675293,0.419961154460907,17.566679000854492,7.060629844665527,0.6005391478538513,42.13389587402344,1.0241013765335083,1.03304922580719,845.77,1.119780421257019,0.03768942505121231,0.03300771862268448,9.854766845703125,0.0,0.0,0.2958293557167053,1.1265793546044733e-05,0.003194086253643036,0.7977377772331238,0.0,0.0,1.2288851737976074,0.434162437915802,0.018726814538240433,0.3264611065387726,0.01600406877696514,0.594894289970398,0.2861980199813843,0.01865207776427269,0.0006448549102060497,0.6164314150810242,0.9783642292022705,0.0,0.806789219379425,0.24666501581668854,0.0005126030300743878,0.01869511604309082,0.0,0.0,0.3441445827484131,0.04876130074262619,0.0001072055529220961,1.2839550971984863,0.0,0.0
457,5.292128086090088,0.20379504561424255,28.3546199798584,4.5716552734375,0.602537214756012,51.713199615478516,1.1401026248931885,1.1409183740615845,62.71,1.3555282354354858,0.12162632495164871,0.021321147680282593,2.927370071411133,0.0,0.0,0.3116208612918854,6.385933374986053e-05,0.003851728281006217,0.9064661860466003,0.0,0.0,1.1277343034744263,0.6333004236221313,0.01755685545504093,0.2257203608751297,0.012800401076674461,0.4007924497127533,0.2931976020336151,0.02222464047372341,0.000584115507081151,0.6471860408782959,0.995965301990509,0.0,0.8641040325164795,0.1796625852584839,0.0005698551540262997,0.01857244409620762,0.0,0.0,0.34513014554977417,0.09440924227237701,5.4687567171640694e-05,1.2862558364868164,0.0,0.0
458,2.335902690887451,0.3502243757247925,16.067676544189453,6.4100661277771,0.47004446387290955,52.99306869506836,0.959392249584198,0.9625747203826904,344.61,1.1758688688278198,0.044504597783088684,0.035025496035814285,5.98473596572876,0.0,0.0,0.319831520318985,6.532845873152837e-05,0.003835204988718033,0.8343130350112915,0.0,0.0,1.315116047859192,0.386808842420578,0.020172620192170143,0.3702477216720581,0.01821986585855484,0.6656715869903564,0.2719068229198456,0.012369594536721706,0.0007189263124018908,0.5029562711715698,0.9680079221725464,0.0,0.7411340475082397,0.28231489658355713,0.00046506410581059754,0.01765419915318489,0.0,0.0,0.34618303179740906,0.04056721180677414,0.00010989154543494806,1.2833362817764282,0.0,0.0
459,3.3188939094543457,0.3189603388309479,14.313884735107422,6.723377704620361,0.5594886541366577,43.406776428222656,0.9363503456115723,0.9326758980751038,420.75,1.1893870830535889,0.058899521827697754,0.02827974036335945,5.8906660079956055,0.0,0.0,0.30913662910461426,4.993776383344084e-05,0.003530268557369709,0.8489347100257874,0.0,0.0,1.2963225841522217,0.43166300654411316,0.019242454320192337,0.34819331765174866,0.016508923843503,0.6158872246742249,0.2801472842693329,0.01684332825243473,0.0006329027819447219,0.5892258286476135,0.968186616897583,0.0,0.786980390548706,0.24671854078769684,0.0004933415912091732,0.018257707357406616,0.0,0.0,0.3446942865848541,0.045179467648267746,0.00010269796621287242,1.2856131792068481,0.0,0.0
460,4.779512882232666,0.5372359156608582,21.75282859802246,2.1407763957977295,0.640561044216156,49.36174011230469,0.9154486656188965,0.9215424656867981,722.34,0.9732927083969116,0.018521692603826523,0.042621295899152756,11.73410415649414,0.0,0.0,0.2971493601799011,1.0392777767265216e-06,0.003246199805289507,0.7446095943450928,0.0,0.0,1.0689791440963745,0.6114238500595093,0.013337244279682636,0.13231739401817322,0.007569983135908842,0.20156218111515045,0.2949223816394806,0.023786097764968872,0.0003422651789151132,0.7751414775848389,0.9905329346656799,0.0,0.8989627361297607,0.19193696975708008,0.0006063018226996064,0.019900761544704437,0.0,0.0,0.34464412927627563,0.0817556083202362,5.2743267588084564e-05,1.2895127534866333,0.0,0.0
461,5.78774356842041,0.7980484962463379,31.841947555541992,5.377988815307617,0.4424138069152832,46.754051208496094,1.0798592567443848,1.0819658041000366,180.3,1.2623136043548584,0.007241200655698776,0.037698280066251755,13.167667388916016,0.0,0.0,0.3366227447986603,3.300621756352484e-05,0.0030868626199662685,0.6418777108192444,0.0,0.0,1.2415639162063599,0.4842148721218109,0.0195000059902668,0.3043286204338074,0.01768481731414795,0.5609658360481262,0.2757427394390106,0.012021712027490139,0.0007972941966727376,0.46330633759498596,0.9861932396888733,0.0,0.7526994943618774,0.26070737838745117,0.0004653572104871273,0.018491655588150024,0.0,0.0,0.3491220772266388,0.03440365195274353,0.00016958302876446396,1.2644327878952026,0.0,0.0
462,2.921647071838379,0.19407768547534943,16.46917152404785,2.7273523807525635,0.6776779890060425,41.445091247558594,0.9107319712638855,0.9079417586326599,337.43,0.8752108216285706,0.12442309409379959,0.03341120481491089,4.332945823669434,0.0,0.0,0.3389500081539154,0.00010488136467756703,0.0036551705561578274,0.9110993146896362,0.0,0.0,0.9993645548820496,0.5780774354934692,0.013148510828614235,0.144493967294693,0.007560600992292166,0.22755414247512817,0.29639732837677,0.025783920660614967,0.0003386175085324794,0.8120760917663574,0.9888119101524353,0.0,0.9432392120361328,0.17942260205745697,0.0006368662579916418,0.019523000344634056,0.0,0.0,0.34369125962257385,0.0946877971291542,3.896684938808903e-05,1.2863490581512451,0.0,0.0
463,2.7607622146606445,0.9221251606941223,41.506099700927734,4.661959648132324,0.4714808762073517,49.573089599609375,1.1629412174224854,1.1642037630081177,93.25,1.2292500734329224,0.009570158086717129,0.06040923669934273,12.723894119262695,0.0,0.0,0.36620500683784485,4.468642873689532e-05,0.002912661526352167,0.6012631058692932,0.0,0.0,1.1499193906784058,0.49207842350006104,0.01844640076160431,0.2532957196235657,0.01624879613518715,0.4613628685474396,0.2811320722103119,0.013658342882990837,0.0007700873538851738,0.4950370192527771,0.9926629066467285,0.0,0.7651299834251404,0.25625091791152954,0.0004491206200327724,0.018773039802908897,0.0,0.0,0.34790167212486267,0.02765391580760479,0.0002778857306111604,1.2305190563201904,0.0,0.0
464,3.831829309463501,0.9769359230995178,35.93269729614258,4.901951313018799,0.540802001953125,58.523258209228516,1.1798303127288818,1.1831722259521484,239.4,1.2317619323730469,0.019257333129644394,0.05130106583237648,10.528400421142578,0.0,0.0,0.37462562322616577,4.563173934002407e-05,0.0022753893863409758,0.5804879665374756,0.0,0.0,1.1844868659973145,0.6752002239227295,0.0187440887093544,0.25078335404396057,0.01524463202804327,0.4545823931694031,0.2875257730484009,0.018499789759516716,0.000686985207721591,0.5635911226272583,0.9981544017791748,0.0,0.8374396562576294,0.16778682172298431,0.0005304136429913342,0.01887296512722969,0.0,0.0,0.3461679518222809,0.06056547909975052,8.882001566234976e-05,1.2815861701965332,0.0,0.0
465,3.3798680305480957,0.04200003296136856,20.215118408203125,9.424623489379883,0.6319300532341003,41.734642028808594,1.1665422916412354,1.165668249130249,64.28,1.065323829650879,0.18625850975513458,0.011468636803328991,2.499528408050537,0.0,0.0,0.35791122913360596,0.00014256972644943744,0.003822142956778407,1.0026746988296509,0.0,0.0,1.1168392896652222,0.44388559460639954,0.020569661632180214,0.3653808832168579,0.018253609538078308,0.6869454383850098,0.29117485880851746,0.020951470360159874,0.0007706439355388284,0.6044406294822693,0.9864124655723572,0.0,0.8375218510627747,0.22207111120224,0.0005398489884100854,0.01793484017252922,0.0,0.0,0.3430343568325043,0.0841800644993782,8.619054278824478e-05,1.2766854763031006,0.0,0.0
466,3.3851916790008545,0.045810043811798096,30.998619079589844,2.823625326156616,0.40165629982948303,48.81230926513672,0.9983915090560913,0.9988986253738403,50.85,1.3086133003234863,0.1429368257522583,0.009826257824897766,1.481315016746521,0.0,0.0,0.3671916127204895,0.0001790558162610978,0.0047433641739189625,0.9988023042678833,0.0,0.0,1.2195769548416138,0.5594700574874878,0.017440833151340485,0.2025301456451416,0.012652933597564697,0.34037595987319946,0.2749406397342682,0.01273547112941742,0.0006479086587205529,0.489252507686615,0.9860085844993591,0.0,0.7359839081764221,0.24926134943962097,0.000481418683193624,0.01687563955783844,0.0,0.0,0.35200709104537964,0.07148527354001999,9.321214020019397e-05,1.2769129276275635,0.0,0.0
467,2.524242639541626,0.5021722316741943,25.707626342773438,5.885653495788574,0.49493086338043213,47.327205657958984,1.1087925434112549,1.1087298393249512,5.1,1.1396807432174683,0.018426476046442986,0.04674239084124565,9.01308822631836,0.0,0.0,0.3140873908996582,2.492965359124355e-05,0.0039832801558077335,0.7590980529785156,0.0,0.0,1.2084484100341797,0.45414799451828003,0.019660353660583496,0.3123058080673218,0.0173785462975502,0.5780826210975647,0.2801614999771118,0.014414411969482899,0.0007651009364053607,0.5072234869003296,0.9848216772079468,0.0,0.7642425894737244,0.2603818476200104,0.0004898631013929844,0.01821647398173809,0.0,0.0,0.34725406765937805,0.045219358056783676,0.00011900695972144604,1.2802246809005737,0.0,0.0
468,3.9284162521362305,0.6993504762649536,19.978103637695312,2.757087230682373,0.6072923541069031,41.9390983581543,0.9383608102798462,0.9410284757614136,302.11,0.865824818611145,0.005377286113798618,0.05511947721242905,17.87639617919922,0.0,0.0,0.31378287076950073,9.48470699313475e-07,0.0031483599450439215,0.6760085225105286,0.0,0.0,1.089202880859375,0.4960654079914093,0.014136704616248608,0.16430848836898804,0.009248519316315651,0.26627716422080994,0.2903355062007904,0.020634902641177177,0.00040759608964435756,0.7173224091529846,0.98395836353302,0.0,0.8598847985267639,0.2320927083492279,0.0005667699733749032,0.02007414400577545,0.0,0.0,0.345211923122406,0.052502699196338654,9.219478670274839e-05,1.2839335203170776,0.0,0.0
469,1.9323736429214478,0.7396782040596008,13.745144844055176,9.439184188842773,0.48060378432273865,46.047298431396484,0.9513445496559143,0.9570015072822571,621.34,1.0888563394546509,0.0068434737622737885,0.059291888028383255,13.472153663635254,0.0,0.0,0.3329429626464844,9.004344065033365e-06,0.0034769850317388773,0.6663694977760315,0.0,0.0,1.4104633331298828,0.3592912256717682,0.02225935272872448,0.49212369322776794,0.022913405671715736,0.9017477035522461,0.2684810161590576,0.010927504859864712,0.0008059500833041966,0.4883805513381958,0.9648813605308533,0.0,0.7068813443183899,0.2977489233016968,0.00043116885353811085,0.01753896102309227,0.0,0.0,0.3455953598022461,0.026668483391404152,8.80655788932927e-05,1.2907010316848755,0.0,0.0
470,3.086805582046509,0.4563539922237396,14.38224983215332,9.096513748168945,0.43893930315971375,44.477725982666016,0.9269896745681763,0.9237887859344482,373.79,1.3120185136795044,0.0264838058501482,0.03031674586236477,8.605522155761719,0.0,0.0,0.30209964513778687,1.143080794463458e-06,0.003548008855432272,0.7854219079017639,0.0,0.0,1.5171891450881958,0.34171047806739807,0.02279016375541687,0.507527768611908,0.023355022072792053,0.9236748814582825,0.26428845524787903,0.009100677445530891,0.0008225355995818973,0.4593689739704132,0.9622569680213928,0.0,0.6696451306343079,0.33106377720832825,0.00040513608837500215,0.016882648691534996,0.0,0.0,0.3466698229312897,0.025157662108540535,9.03613181435503e-05,1.2900320291519165,0.0,0.0
471,4.89553689956665,0.7559111714363098,38.851131439208984,2.040452480316162,0.5754571557044983,50.850303649902344,1.0592440366744995,1.0578584671020508,123.65,1.249420404434204,0.004326809663325548,0.044663093984127045,11.02228832244873,0.0,0.0,0.32217922806739807,2.6833804440684617e-06,0.002368586603552103,0.6601779460906982,0.0,0.0,1.0898131132125854,0.6728597283363342,0.01463281735777855,0.14275909960269928,0.009019601158797741,0.22285997867584229,0.29258430004119873,0.02155190333724022,0.00041445650276727974,0.6873989701271057,0.996655285358429,0.0,0.881560742855072,0.18925993144512177,0.0005554414237849414,0.020332569256424904,0.0,0.0,0.3455653190612793,0.05059286952018738,0.0001783144980436191,1.2563021183013916,0.0,0.0
472,4.33337926864624,0.05433065816760063,13.545516967773438,8.683931350708008,0.47882261872291565,47.18071365356445,0.9108616709709167,0.9092904925346375,189.7,1.243996500968933,0.17651554942131042,0.0063636414706707,2.6925899982452393,0.0,0.0,0.33644765615463257,0.00010178917727898806,0.004060046747326851,0.9945858120918274,0.0,0.0,1.3462611436843872,0.3647536337375641,0.022288033738732338,0.47316426038742065,0.021191414445638657,0.8609965443611145,0.26962944865226746,0.011545034125447273,0.0007711625657975674,0.49869009852409363,0.9669053554534912,0.0,0.7602606415748596,0.26215729117393494,0.0004727306659333408,0.01735823042690754,0.0,0.0,0.3458311855792999,0.05378495529294014,9.939208393916488e-05,1.28709077835083,0.0,0.0
473,2.448328733444214,0.4374004304409027,21.505779266357422,4.800045490264893,0.4199123680591583,46.22445297241211,0.9888147115707397,0.9902986288070679,151.54,1.1167832612991333,0.024816351011395454,0.04099399968981743,8.42359447479248,0.0,0.0,0.31726887822151184,3.1968527764547616e-05,0.004234087187796831,0.7933142781257629,0.0,0.0,1.2912993431091309,0.4027906358242035,0.018874382600188255,0.30302464962005615,0.016402592882514,0.5413264036178589,0.27091407775878906,0.011131164617836475,0.0007213063654489815,0.47438135743141174,0.9731603860855103,0.0,0.7219890356063843,0.29687589406967163,0.0004640285624191165,0.017638664692640305,0.0,0.0,0.34947341680526733,0.04090185835957527,0.00010181964898947626,1.2857762575149536,0.0,0.0
474,3.4706192016601562,0.936222493648529,18.92761993408203,8.869698524475098,0.4949529767036438,57.702911376953125,1.0295010805130005,1.0302313566207886,68.85,0.9910242557525635,0.013225707225501537,0.05488995090126991,17.614376068115234,0.0,0.0,0.36590588092803955,3.343422577017918e-05,0.002783991629257798,0.5926879644393921,0.0,0.0,1.2755684852600098,0.42547500133514404,0.021771429106593132,0.44480419158935547,0.021691426634788513,0.8293446898460388,0.27339980006217957,0.012129444628953934,0.0008307031821459532,0.48816928267478943,0.9721431732177734,0.0,0.7731785178184509,0.24803303182125092,0.00048170919762924314,0.01836075820028782,0.0,0.0,0.3451697826385498,0.038744498044252396,0.0001018290058709681,1.286202073097229,0.0,0.0
475,2.239650249481201,0.9966529011726379,18.749706268310547,8.849519729614258,0.4690592288970947,46.92179870605469,1.0396308898925781,1.039380431175232,23.18,0.8876129984855652,0.018935589119791985,0.06898567825555801,19.511436462402344,0.0,0.0,0.3893011510372162,8.10837373137474e-05,0.003449789946898818,0.57470703125,0.0,0.0,1.296575903892517,0.3800680637359619,0.022122427821159363,0.4536835253238678,0.02240733429789543,0.8551467657089233,0.2709372043609619,0.010974478907883167,0.0008801611256785691,0.4643230438232422,0.9722517728805542,0.0,0.7277215123176575,0.27400922775268555,0.0004541580565273762,0.017493795603513718,0.0,0.0,0.3467704653739929,0.03606719151139259,8.498110400978476e-05,1.2909244298934937,0.0,0.0
476,5.203125953674316,0.3378715515136719,19.82515525817871,9.219552993774414,0.4344853162765503,45.01176071166992,1.0085524320602417,1.0087084770202637,15.34,1.3330227136611938,0.052015796303749084,0.0222012996673584,7.885889530181885,0.0,0.0,0.2914049029350281,9.71730059973197e-07,0.003527575172483921,0.8384087681770325,0.0,0.0,1.441676378250122,0.34447017312049866,0.02323065511882305,0.49359390139579773,0.023641085252165794,0.926605761051178,0.2673112452030182,0.009086492471396923,0.0009001721628010273,0.43794023990631104,0.9708548784255981,0.0,0.675931453704834,0.3311023712158203,0.00041822498315013945,0.016768844798207283,0.0,0.0,0.3477492928504944,0.03343977406620979,9.473536192672327e-05,1.2880908250808716,0.0,0.0
477,1.8978002071380615,0.5132734179496765,39.074928283691406,3.208735227584839,0.5279840230941772,59.89827346801758,1.148544192314148,1.141255259513855,556.08,1.3457525968551636,0.015153473243117332,0.05284527316689491,5.6965155601501465,0.0,0.0,0.32473695278167725,6.82294339640066e-05,0.003095912281423807,0.758906900882721,0.0,0.0,1.1842637062072754,0.7002075910568237,0.016922397539019585,0.19394974410533905,0.012079078704118729,0.333001047372818,0.2875078320503235,0.018694933503866196,0.0005675214342772961,0.5980360507965088,0.9995994567871094,0.0,0.8382905721664429,0.17553076148033142,0.0005426416173577309,0.018985841423273087,0.0,0.0,0.34756481647491455,0.06576131284236908,7.930910214781761e-05,1.2845109701156616,0.0,0.0
478,2.6954493522644043,0.41181981563568115,16.606693267822266,4.4144206047058105,0.6212571859359741,41.015262603759766,0.9830954074859619,0.9853160977363586,229.25,0.9844139218330383,0.03556564822793007,0.04671425744891167,9.121119499206543,0.0,0.0,0.31260403990745544,5.774231249233708e-05,0.0034857713617384434,0.7998338341712952,0.0,0.0,1.1297088861465454,0.4672548174858093,0.015801142901182175,0.22534509003162384,0.011636126786470413,0.38917309045791626,0.2895978093147278,0.021177181974053383,0.0004943741369061172,0.6947861313819885,0.9814057350158691,0.0,0.8538169264793396,0.2225721925497055,0.0005546589964069426,0.019289856776595116,0.0,0.0,0.3442990481853485,0.05998287349939346,8.778287883615121e-05,1.285114049911499,0.0,0.0
479,2.3329994678497314,0.9186348915100098,37.88188171386719,6.84580659866333,0.431924432516098,56.696353912353516,1.1778324842453003,1.1794170141220093,114.06,1.2128942012786865,0.009534896351397038,0.058275528252124786,10.554494857788086,0.0,0.0,0.3684544861316681,3.02561074931873e-05,0.003275402123108506,0.6037339568138123,0.0,0.0,1.2849631309509277,0.5953056216239929,0.021682562306523323,0.34986239671707153,0.02129422128200531,0.6636921167373657,0.2755071520805359,0.010922834277153015,0.0009649581625126302,0.4152805805206299,0.9908151626586914,0.0,0.7247582077980042,0.2389269471168518,0.00044190059998072684,0.0177716463804245,0.0,0.0,0.34929171204566956,0.033364247530698776,0.00014915314386598766,1.2701596021652222,0.0,0.0
480,2.1148931980133057,0.8712942600250244,22.150463104248047,5.6974639892578125,0.5186153054237366,55.153480529785156,1.076137900352478,1.0753692388534546,66.42,0.9586413502693176,0.01033326517790556,0.07256723195314407,14.83679485321045,0.0,0.0,0.35677370429039,3.3898490073625e-05,0.0033497405238449574,0.6142749786376953,0.0,0.0,1.1920270919799805,0.5478848218917847,0.019007768481969833,0.30329516530036926,0.01643804833292961,0.552836000919342,0.28101950883865356,0.015616390854120255,0.0006983475177548826,0.542083740234375,0.9813236594200134,0.0,0.7994146943092346,0.22080543637275696,0.0005157145205885172,0.018688278272747993,0.0,0.0,0.34621328115463257,0.048750877380371094,7.151364115998149e-05,1.2901932001113892,0.0,0.0
481,3.335556983947754,0.35837438702583313,21.3934383392334,3.679450511932373,0.4861776828765869,59.90420913696289,0.976736843585968,0.9749232530593872,190.45,1.2094327211380005,0.053656551986932755,0.030938319861888885,5.711090087890625,0.0,0.0,0.31297770142555237,5.4243810154730454e-05,0.0037082151975482702,0.8272896409034729,0.0,0.0,1.2140027284622192,0.5532428026199341,0.017512882128357887,0.2358216941356659,0.013070966117084026,0.4060558080673218,0.2789594531059265,0.015323738567531109,0.0005745701491832733,0.5589213371276855,0.9795287847518921,0.0,0.8065165281295776,0.22500962018966675,0.0005262726917862892,0.018550697714090347,0.0,0.0,0.3471491038799286,0.06088922545313835,7.943953096400946e-05,1.2854362726211548,0.0,0.0
482,1.724672555923462,0.11070014536380768,10.633346557617188,7.244968414306641,0.741242527961731,42.4483757019043,0.924191415309906,0.9285099506378174,503.25,0.9330233931541443,0.17151981592178345,0.03379451856017113,1.9066202640533447,0.0,0.0,0.3726595938205719,0.0002000503009185195,0.003344211494550109,0.9635933041572571,0.0,0.0,1.0704313516616821,0.5251714587211609,0.015371869318187237,0.2648695707321167,0.011499488726258278,0.4547256827354431,0.2971358001232147,0.028554240241646767,0.0004643274296540767,0.7990480065345764,0.9710158109664917,0.0,0.9270114302635193,0.16987210512161255,0.000596525555010885,0.019208889454603195,0.0,0.0,0.34147101640701294,0.09200003743171692,6.281150854192674e-05,1.2858119010925293,0.0,0.0
483,2.587693929672241,0.06439612060785294,15.445508003234863,3.0817439556121826,0.6294932961463928,59.391319274902344,0.9156613349914551,0.9131250977516174,303.34,0.9143903255462646,0.2139759063720703,0.021433411166071892,1.588254690170288,0.0,0.0,0.37472474575042725,0.00017525783914607018,0.004062231630086899,0.9821640849113464,0.0,0.0,1.0099844932556152,0.5323231816291809,0.014577573165297508,0.1725708246231079,0.009146656841039658,0.2820729613304138,0.2913547456264496,0.02302413061261177,0.00040234896005131304,0.7399733662605286,0.9849898219108582,0.0,0.8895930051803589,0.20418104529380798,0.0005907340673729777,0.01844944804906845,0.0,0.0,0.3433155119419098,0.09195440262556076,5.827355198562145e-05,1.2710379362106323,0.0,0.0
484,1.648689866065979,0.15044373273849487,21.7283878326416,1.8355990648269653,0.5586405992507935,54.86802673339844,0.921594500541687,0.9201430082321167,171.17,1.0649151802062988,0.14027182757854462,0.035339172929525375,2.2465453147888184,0.0,0.0,0.374077171087265,0.00020370852143969387,0.0038895902689546347,0.9352592825889587,0.0,0.0,1.0978471040725708,0.6749489307403564,0.015033533796668053,0.13779842853546143,0.008439960889518261,0.2084948718547821,0.2884349226951599,0.02148347906768322,0.00038846771349199116,0.6843584179878235,0.9888229966163635,0.0,0.855333685874939,0.1761559098958969,0.0005775973550044,0.01800348423421383,0.0,0.0,0.34651073813438416,0.09618984907865524,3.608953920775093e-05,1.2891511917114258,0.0,0.0
485,5.890041828155518,0.7304105162620544,28.885942459106445,6.221797943115234,0.6311475038528442,58.865779876708984,1.1791905164718628,1.17905592918396,9.68,1.3686882257461548,0.003283500438556075,0.03988899290561676,8.778651237487793,0.0,0.0,0.3150169849395752,9.09169330043369e-07,0.002626512898132205,0.6630057096481323,0.0,0.0,1.18120539188385,0.6058610081672668,0.018121028319001198,0.2669302523136139,0.015029645524919033,0.4871574938297272,0.29395899176597595,0.022486703470349312,0.0006319377571344376,0.6430266499519348,0.9999248385429382,0.0,0.8677312135696411,0.16417692601680756,0.0005597309209406376,0.019503453746438026,0.0,0.0,0.34367045760154724,0.0647682324051857,6.744839629391208e-05,1.291719675064087,0.0,0.0
486,1.620646595954895,0.7918506264686584,30.869747161865234,9.605742454528809,0.4277477562427521,45.41042709350586,1.1816680431365967,1.1831845045089722,108.46,1.1101360321044922,0.006608188152313232,0.06608903408050537,13.877982139587402,0.0,0.0,0.347614586353302,2.018075429077726e-05,0.004237635526806116,0.6440114378929138,0.0,0.0,1.2649387121200562,0.30945491790771484,0.023656684905290604,0.4572725296020508,0.025866562500596046,0.892553448677063,0.2719567120075226,0.008966601453721523,0.0011086250888183713,0.38390541076660156,0.9829416871070862,0.0,0.6874502897262573,0.33605995774269104,0.0004127677239011973,0.01756959781050682,0.0,0.0,0.34840431809425354,0.02327842451632023,0.0001832987618399784,1.258809208869934,0.0,0.0
487,3.31419038772583,0.5975761413574219,22.973857879638672,7.787540912628174,0.6360917687416077,44.575172424316406,1.1720050573349,1.1711167097091675,64.72,1.0273817777633667,0.012632506899535656,0.05128498375415802,13.504659652709961,0.0,0.0,0.3058134615421295,6.058158760424703e-06,0.0032934448681771755,0.7144169211387634,0.0,0.0,1.1187427043914795,0.48322781920433044,0.018720371648669243,0.3128229081630707,0.016482936218380928,0.5800473093986511,0.2924359440803528,0.02090619131922722,0.0007039353949949145,0.6253612637519836,0.9856656193733215,0.0,0.844251811504364,0.2268354743719101,0.0005421197274699807,0.019408714026212692,0.0,0.0,0.34300702810287476,0.051393743604421616,0.00011550942144822329,1.277278184890747,0.0,0.0
488,4.51308012008667,0.5647823214530945,17.239852905273438,4.195457458496094,0.47886064648628235,59.69439697265625,0.8798118829727173,0.8759982585906982,494.82,1.2095028162002563,0.01719602569937706,0.035664357244968414,10.313410758972168,0.0,0.0,0.3012567460536957,1.001197233563289e-06,0.003016428789123893,0.7328884601593018,0.0,0.0,1.2634150981903076,0.4887472987174988,0.01753968559205532,0.27012285590171814,0.013872219249606133,0.4659169018268585,0.27425888180732727,0.013331353664398193,0.0005501979030668736,0.5537954568862915,0.96979820728302,0.0,0.7912627458572388,0.25290000438690186,0.0004961185622960329,0.019085196778178215,0.0,0.0,0.34612077474594116,0.04034565016627312,0.0001349521044176072,1.2748029232025146,0.0,0.0
489,1.8907759189605713,0.10180595517158508,25.927513122558594,4.680816650390625,0.5324155688285828,48.58736038208008,1.1201611757278442,1.1213823556900024,97.22,1.1609185934066772,0.12192951142787933,0.025541486218571663,1.567393183708191,0.0,0.0,0.3750081956386566,0.00021554442355409265,0.004558601416647434,0.9621994495391846,0.0,0.0,1.1395052671432495,0.6050543785095215,0.01863246038556099,0.25458475947380066,0.014468873851001263,0.45413511991500854,0.2855120301246643,0.018286975100636482,0.0006681866361759603,0.5690113306045532,0.9876775145530701,0.0,0.7883079051971436,0.2153778076171875,0.0005182347958907485,0.01717192493379116,0.0,0.0,0.3467542231082916,0.08802852779626846,5.759979103459045e-05,1.283469796180725,0.0,0.0
490,5.353663444519043,0.3281882405281067,25.407299041748047,3.4582221508026123,0.6903604865074158,46.02334976196289,1.0849945545196533,1.0838470458984375,97.58,1.0893000364303589,0.07250574976205826,0.03118468075990677,6.740158557891846,0.0,0.0,0.2967072129249573,2.8945034500793554e-05,0.003494886914268136,0.8434227108955383,0.0,0.0,1.0287379026412964,0.5808530449867249,0.014127006754279137,0.16043972969055176,0.008774751797318459,0.26706868410110474,0.3009168803691864,0.02710752747952938,0.0004149407031945884,0.7922144532203674,0.9966397881507874,0.0,0.9383911490440369,0.17130546271800995,0.0006274231127463281,0.01987265981733799,0.0,0.0,0.3432926833629608,0.09422263503074646,5.057047019363381e-05,1.2835685014724731,0.0,0.0
491,4.080902099609375,0.01722707785665989,25.793527603149414,9.585766792297363,0.4468229115009308,53.721160888671875,1.1461673974990845,1.1433680057525635,213.61,1.3507884740829468,0.19381996989250183,0.0038202942814677954,2.3599154949188232,0.0,0.0,0.35035616159439087,0.00011900280514964834,0.0047078812494874,1.0122368335723877,0.0,0.0,1.2788090705871582,0.45635664463043213,0.024467311799526215,0.4736817479133606,0.024663059040904045,0.9140782952308655,0.27286335825920105,0.010802006348967552,0.0010376751888543367,0.4175017476081848,0.9895180463790894,0.0,0.7405461668968201,0.24677538871765137,0.0004749132494907826,0.01660272665321827,0.0,0.0,0.3477284908294678,0.07349410653114319,6.955701246624812e-05,1.289982557296753,0.0,0.0
492,5.387659549713135,0.7484056353569031,19.281410217285156,3.1894381046295166,0.7386095523834229,55.891517639160156,0.9376096129417419,0.9411287903785706,398.81,0.8293696045875549,0.001022587763145566,0.05375708267092705,16.337800979614258,0.0,0.0,0.3126870095729828,6.822002092121693e-07,0.002838331274688244,0.6568397283554077,0.0,0.0,1.008228063583374,0.5416131019592285,0.011691934429109097,0.13897649943828583,0.006924052722752094,0.21779143810272217,0.30147114396095276,0.028044357895851135,0.00031555359601043165,0.8784888386726379,0.9917225241661072,0.0,0.9888408184051514,0.16523079574108124,0.0006662295199930668,0.02150244079530239,0.0,0.0,0.3422207236289978,0.0848715677857399,4.8712961870478466e-05,1.2899702787399292,0.0,0.0
493,3.5086169242858887,0.40616896748542786,21.62224578857422,9.903515815734863,0.5438665151596069,55.13442611694336,1.1278424263000488,1.1292853355407715,113.29,1.2418947219848633,0.04288860037922859,0.031720325350761414,7.285632610321045,0.0,0.0,0.301395446062088,1.322265416092705e-05,0.0036152333486825228,0.805565357208252,0.0,0.0,1.2363495826721191,0.46891966462135315,0.022467244416475296,0.435099720954895,0.022140922024846077,0.8310205936431885,0.281000554561615,0.014925953932106495,0.0008745401282794774,0.509504497051239,0.9863091707229614,0.0,0.7838358283042908,0.2394258975982666,0.0004996396019123495,0.018090857192873955,0.0,0.0,0.3444750905036926,0.05308927595615387,9.375071385875344e-05,1.287800908088684,0.0,0.0
494,5.892464637756348,0.5538265109062195,34.145084381103516,3.8361129760742188,0.5878428816795349,74.07215118408203,1.1470980644226074,1.148773431777954,127.14,1.6219943761825562,0.018612122163176537,0.031966306269168854,4.841521263122559,0.0,0.0,0.2968328595161438,8.50232140692242e-07,0.0024043212179094553,0.7363942265510559,0.0,0.0,1.2776172161102295,0.6473494172096252,0.017543140798807144,0.20585986971855164,0.012204442173242569,0.3588249385356903,0.29255378246307373,0.022969184443354607,0.0005279081524349749,0.6488756537437439,1.0062992572784424,0.0,0.8628086447715759,0.13149231672286987,0.0005712333368137479,0.01858830824494362,0.0,0.0,0.3459526002407074,0.09855716675519943,1.4715124962094706e-05,1.3110463619232178,0.0,0.0
495,2.9530856609344482,0.6852790117263794,26.352853775024414,2.9814565181732178,0.7807800769805908,47.652687072753906,1.1053051948547363,1.10599946975708,56.79,0.858745276927948,0.0037248735316097736,0.07417590171098709,13.045778274536133,0.0,0.0,0.3136495053768158,1.4029308658791706e-05,0.0027377994265407324,0.6736207008361816,0.0,0.0,0.9522114992141724,0.5195667147636414,0.01114106085151434,0.11494773626327515,0.0058032451197505,0.17750726640224457,0.3090266287326813,0.033155929297208786,0.0002866252325475216,0.9358530640602112,1.005730152130127,0.0,1.0348037481307983,0.13849855959415436,0.0007000119076110423,0.021406257525086403,0.0,0.0,0.34096577763557434,0.09464684873819351,3.738326267921366e-05,1.287413239479065,0.0,0.0
496,4.604137897491455,0.8433991074562073,15.024543762207031,7.838220596313477,0.5826178193092346,44.84016036987305,0.9209122657775879,0.9210669994354248,18.24,1.012073278427124,0.011200103908777237,0.045675128698349,20.488618850708008,0.0,0.0,0.3366178572177887,2.1276058760122396e-05,0.002507697092369199,0.6223252415657043,0.0,0.0,1.2842892408370972,0.42137861251831055,0.019009992480278015,0.3712742030620575,0.01738363690674305,0.6782593131065369,0.28057798743247986,0.016363149508833885,0.000650307978503406,0.5987672805786133,0.9745423197746277,0.0,0.7855793237686157,0.2518915832042694,0.0004885641974397004,0.01859067752957344,0.0,0.0,0.34404247999191284,0.038109514862298965,9.748254524311051e-05,1.2873246669769287,0.0,0.0
497,2.0986099243164062,0.9967642426490784,18.664581298828125,2.6093075275421143,0.7371111512184143,40.149898529052734,0.9619789719581604,0.9586125612258911,365.06,0.6302351355552673,0.058063142001628876,0.10789956897497177,21.275545120239258,0.0,0.0,0.3767186403274536,6.011093137203716e-05,0.0023989654146134853,0.5614979267120361,0.0,0.0,0.9446818232536316,0.5426908135414124,0.011528292670845985,0.11848199367523193,0.006018189713358879,0.1808668076992035,0.30221182107925415,0.02887849137187004,0.0002851475728675723,0.8932380080223083,0.9919875264167786,0.0,1.0198739767074585,0.14784319698810577,0.0006875702529214323,0.021133769303560257,0.0,0.0,0.34282568097114563,0.09539974480867386,3.0354505724972114e-05,1.2909836769104004,0.0,0.0
498,4.986881256103516,0.8262742161750793,20.360591888427734,3.7122933864593506,0.7312909364700317,48.52349090576172,1.0038700103759766,0.9969781637191772,688.61,0.8313992023468018,0.01167804840952158,0.056406836956739426,19.234392166137695,0.0,0.0,0.3269203007221222,3.3202879876625957e-06,0.0026831200812011957,0.6265667676925659,0.0,0.0,1.0054961442947388,0.5481137037277222,0.012564134784042835,0.15625005960464478,0.007860026322305202,0.2565632164478302,0.3011559844017029,0.02758195996284485,0.0003641487273853272,0.8498961329460144,0.9910929203033447,0.0,0.979049801826477,0.16480359435081482,0.00065664789872244,0.02101357840001583,0.0,0.0,0.3423396348953247,0.09043706953525543,4.101765080122277e-05,1.2909976243972778,0.0,0.0
499,1.3998620510101318,0.49745339155197144,14.368701934814453,7.460438251495361,0.41193094849586487,57.639495849609375,0.9293888807296753,0.9240397214889526,622.87,1.2056777477264404,0.017788512632250786,0.049352604895830154,7.76910400390625,0.0,0.0,0.32412707805633545,4.165070640738122e-05,0.003708767471835017,0.7704746127128601,0.0,0.0,1.4193902015686035,0.3203997313976288,0.02148839458823204,0.4481058418750763,0.021384332329034805,0.8047590255737305,0.26310041546821594,0.0088411346077919,0.0007920228526927531,0.44788140058517456,0.9593226313591003,0.0,0.6824780702590942,0.3363131880760193,0.00041107842116616666,0.017143800854682922,0.0,0.0,0.3463744521141052,0.024477941915392876,0.00013016583397984505,1.2771375179290771,0.0,0.0
500,3.7649736404418945,0.5397404432296753,17.19436264038086,3.3685662746429443,0.7986738085746765,54.22801971435547,0.93752521276474,0.9336803555488586,439.24,0.824084460735321,0.011457402259111404,0.05763696879148483,12.117412567138672,0.0,0.0,0.29835814237594604,7.00887130733463e-06,0.0030758255161345005,0.7393801808357239,0.0,0.0,0.9542104601860046,0.5069139003753662,0.010410008952021599,0.1187230572104454,0.005335570313036442,0.1841069757938385,0.30665338039398193,0.03213074430823326,0.0002632254036143422,0.9618727564811707,0.9995439052581787,0.0,1.0593502521514893,0.14160753786563873,0.0007219642284326255,0.021575195714831352,0.0,0.0,0.3411155045032501,0.09446902573108673,3.6068493500351906e-05,1.2890394926071167,0.0,0.0
501,4.364865303039551,0.2931389808654785,20.19950294494629,2.516575574874878,0.4137040078639984,50.28511047363281,0.8462569117546082,0.8488785028457642,364.94,1.135542392730713,0.06990596652030945,0.023178817704319954,6.121195316314697,0.0,0.0,0.3104812800884247,4.6013356040930375e-05,0.0038971486501395702,0.865157425403595,0.0,0.0,1.2687267065048218,0.44692322611808777,0.01620168425142765,0.1989511400461197,0.011368496343493462,0.32240310311317444,0.2714175283908844,0.012181916274130344,0.0005177843268029392,0.528418242931366,0.9710657596588135,0.0,0.7554839253425598,0.27746567130088806,0.0004954467294737697,0.017956634983420372,0.0,0.0,0.3500121235847473,0.05351787805557251,9.317041258327663e-05,1.2861404418945312,0.0,0.0
502,5.173508644104004,0.7644158601760864,16.50337028503418,9.441893577575684,0.41144412755966187,55.357948303222656,0.9081788659095764,0.9107674956321716,312.96,1.1129332780838013,0.006986706983298063,0.0358843095600605,16.07042121887207,0.0,0.0,0.3258305490016937,1.213047994497174e-06,0.0028564699459820986,0.6523003578186035,0.0,0.0,1.4216127395629883,0.30443432927131653,0.02224159799516201,0.5291143655776978,0.02450784109532833,0.991554856300354,0.2604755461215973,0.006925282068550587,0.0008696573204360902,0.43839332461357117,0.968715488910675,0.0,0.6962276697158813,0.3347824215888977,0.0004231766506563872,0.017707472667098045,0.0,0.0,0.34668609499931335,0.02496189810335636,9.940843301592395e-05,1.2874761819839478,0.0,0.0
503,5.027842998504639,0.6039211750030518,16.41230010986328,7.172930717468262,0.4488290548324585,42.973331451416016,0.8997223377227783,0.8986543416976929,132.09,1.2562625408172607,0.01182166114449501,0.031370844691991806,14.047112464904785,0.0,0.0,0.3000357747077942,1.158153736469103e-06,0.003019442316144705,0.7176913022994995,0.0,0.0,1.4885411262512207,0.368887335062027,0.02066401205956936,0.41710612177848816,0.019821705296635628,0.7547500729560852,0.26739293336868286,0.010180128738284111,0.0007352771935984492,0.48261758685112,0.9656532406806946,0.0,0.6741800904273987,0.3339488208293915,0.00041197738028131425,0.017115402966737747,0.0,0.0,0.34741413593292236,0.025652533397078514,9.252405288862064e-05,1.2886825799942017,0.0,0.0
504,5.528265476226807,0.24571268260478973,35.10981750488281,1.5281630754470825,0.5825851559638977,47.01289749145508,0.9687744975090027,0.9754685163497925,708.36,1.2906453609466553,0.08917370438575745,0.025236422196030617,4.310257434844971,0.0,0.0,0.3093620836734772,6.0549977206392214e-05,0.0034712760243564844,0.890129566192627,0.0,0.0,1.0613508224487305,0.6711425185203552,0.014336943626403809,0.12020006030797958,0.007669469341635704,0.17717623710632324,0.2941810190677643,0.022810043767094612,0.0003708784352056682,0.7123730182647705,0.9966084361076355,0.0,0.8893202543258667,0.18788579106330872,0.0005783597589470446,0.01939997635781765,0.0,0.0,0.34624049067497253,0.08373625576496124,0.0001047889090841636,1.2623101472854614,0.0,0.0
505,5.495285987854004,0.5564163327217102,36.56352996826172,3.380086660385132,0.4084131419658661,46.44887161254883,1.0318257808685303,1.0307401418685913,102.08,1.4453251361846924,0.01066054217517376,0.03172646835446358,8.862850189208984,0.0,0.0,0.3036923110485077,1.1389826113372692e-06,0.003430671524256468,0.7431930303573608,0.0,0.0,1.2476528882980347,0.4750176668167114,0.017476864159107208,0.22233794629573822,0.014154748059809208,0.3845354914665222,0.27525943517684937,0.011671104468405247,0.000689710199367255,0.47469156980514526,0.9848320484161377,0.0,0.7208524346351624,0.2971077859401703,0.00044143287232145667,0.01835913211107254,0.0,0.0,0.35119402408599854,0.02844555303454399,0.00022168492432683706,1.2489728927612305,0.0,0.0
506,5.136659622192383,0.858723521232605,13.956231117248535,5.128940105438232,0.7053905725479126,52.606407165527344,0.8357122540473938,0.8393730521202087,521.87,0.8085983991622925,0.012392543256282806,0.05558719485998154,21.96290397644043,0.0,0.0,0.33473724126815796,1.1153484592796303e-05,0.002387068932875991,0.616860032081604,0.0,0.0,1.0576530694961548,0.4942356050014496,0.01364929135888815,0.2195988893508911,0.00998465996235609,0.3744600713253021,0.2936689853668213,0.023571668192744255,0.00040921522304415703,0.7941950559616089,0.975337028503418,0.0,0.9648475050926208,0.18830201029777527,0.0006232543964870274,0.021363254636526108,0.0,0.0,0.34200558066368103,0.06423122435808182,8.491554035572335e-05,1.2810331583023071,0.0,0.0
507,3.3139114379882812,0.7810726761817932,15.72012710571289,2.8620238304138184,0.7865183353424072,45.514617919921875,0.8655887842178345,0.8737344741821289,1077.05,0.7218719124794006,0.006196291651576757,0.07940586656332016,17.608625411987305,0.0,0.0,0.32090187072753906,3.783147803915199e-06,0.002763742348179221,0.6392675042152405,0.0,0.0,0.9519805908203125,0.5086379647254944,0.010094129480421543,0.11073565483093262,0.004933484829962254,0.16382744908332825,0.3044576644897461,0.03103041835129261,0.0002358423953410238,0.9635510444641113,0.9928726553916931,0.0,1.0751620531082153,0.1382542997598648,0.0007301763980649412,0.022141845896840096,0.0,0.0,0.34165143966674805,0.09503818303346634,3.2583720894763246e-05,1.2923333644866943,0.0,0.0
508,4.126319885253906,0.539530873298645,15.812418937683105,4.9180121421813965,0.4403671324253082,45.661773681640625,0.8600093722343445,0.866720974445343,900.42,1.1809020042419434,0.015907377004623413,0.03335214778780937,11.791460990905762,0.0,0.0,0.30047255754470825,1.1433140798544628e-06,0.0033871151972562075,0.7472453713417053,0.0,0.0,1.4103540182113647,0.38855528831481934,0.018366925418376923,0.3201073706150055,0.01593950390815735,0.5553452968597412,0.26847395300865173,0.011106494814157486,0.0006209073471836746,0.5099917054176331,0.9633904695510864,0.0,0.7019532918930054,0.32079100608825684,0.00043713327613659203,0.01766234077513218,0.0,0.0,0.3478201925754547,0.02873089164495468,0.00010043857764685526,1.2858641147613525,0.0,0.0
509,5.583611011505127,0.5822243094444275,30.8595027923584,6.55694580078125,0.595259964466095,58.758811950683594,1.195785403251648,1.191625714302063,291.92,1.5192906856536865,0.01266004890203476,0.03445272520184517,6.879861354827881,0.0,0.0,0.29688549041748047,8.961328035184124e-07,0.0029362051282078028,0.7229512333869934,0.0,0.0,1.2217679023742676,0.624873161315918,0.019477447494864464,0.28927868604660034,0.016558324918150902,0.5372825264930725,0.2911067306995392,0.020394332706928253,0.0007011723937466741,0.5906994938850403,1.0004280805587769,0.0,0.8347165584564209,0.17668113112449646,0.0005352034932002425,0.01893680728971958,0.0,0.0,0.34444114565849304,0.06206163391470909,8.098461694316939e-05,1.289670705795288,0.0,0.0
510,1.5337419509887695,0.9147719144821167,39.333282470703125,5.255380630493164,0.46093568205833435,45.90412139892578,1.1668466329574585,1.1669187545776367,5.3,1.1108283996582031,0.008677249774336815,0.07768241316080093,13.573517799377441,0.0,0.0,0.3738142251968384,7.787921640556306e-05,0.003565284190699458,0.602138876914978,0.0,0.0,1.1276638507843018,0.3945097327232361,0.019017504528164864,0.2764260768890381,0.017577286809682846,0.5133712887763977,0.28003033995628357,0.012640680186450481,0.0008346774848178029,0.4700518250465393,0.9901221394538879,0.0,0.7441702485084534,0.2846740484237671,0.0004341831663623452,0.018578825518488884,0.0,0.0,0.3484124541282654,0.024002503603696823,0.00028897871379740536,1.226650595664978,0.0,0.0
511,3.077218770980835,0.7102872729301453,18.023332595825195,7.133336067199707,0.5103168487548828,47.635528564453125,1.0088908672332764,1.0113898515701294,244.91,1.0390838384628296,0.00678406422957778,0.0518701933324337,15.595443725585938,0.0,0.0,0.320677250623703,1.122850790125085e-06,0.003344895550981164,0.6724410057067871,0.0,0.0,1.2993916273117065,0.41083645820617676,0.01997578702867031,0.37386876344680786,0.01870572380721569,0.6840105652809143,0.2762894332408905,0.013577554374933243,0.0007336532580666244,0.5234845876693726,0.9726354479789734,0.0,0.739258885383606,0.28691813349723816,0.00046595887397415936,0.018128102645277977,0.0,0.0,0.34579339623451233,0.03357502818107605,9.644389501772821e-05,1.2875185012817383,0.0,0.0
512,1.5774362087249756,0.8026502132415771,20.807418823242188,9.988815307617188,0.5272316336631775,53.29814910888672,1.132849931716919,1.1338553428649902,78.27,0.962774932384491,0.008514700457453728,0.07522514462471008,14.604043006896973,0.0,0.0,0.3470521569252014,3.27232810377609e-05,0.0035912124440073967,0.6410521864891052,0.0,0.0,1.2277882099151611,0.4340919852256775,0.022486327216029167,0.44572535157203674,0.022881310433149338,0.8540886044502258,0.27873730659484863,0.013838708400726318,0.0009003274026326835,0.49317556619644165,0.9826666712760925,0.0,0.7698975801467896,0.24772250652313232,0.0004879562766291201,0.01819799281656742,0.0,0.0,0.34501269459724426,0.04180756211280823,8.724431972950697e-05,1.2903156280517578,0.0,0.0
513,3.4674363136291504,0.03870964050292969,28.504985809326172,2.6113202571868896,0.6945280432701111,55.513187408447266,1.1024360656738281,1.1030389070510864,49.57,1.3656522035598755,0.22451703250408173,0.01325161848217249,0.7292309403419495,0.0,0.0,0.37193062901496887,0.00016592591418884695,0.003552473848685622,0.9966764450073242,0.0,0.0,1.0569390058517456,0.5794569849967957,0.014187977649271488,0.1330702006816864,0.007521162740886211,0.20883488655090332,0.3030256927013397,0.031330406665802,0.00035559505340643227,0.8219784498214722,1.007861852645874,0.0,0.9552527070045471,0.11759866029024124,0.0006489696679636836,0.01825733110308647,0.0,0.0,0.3434300422668457,0.09687768667936325,1.7708689483697526e-05,1.2963671684265137,0.0,0.0
514,1.6846747398376465,0.8591371178627014,26.655210494995117,6.322518825531006,0.5938796997070312,57.66492462158203,1.1942856311798096,1.1945010423660278,15.1,1.050736427307129,0.010438917204737663,0.07892819494009018,11.122802734375,0.0,0.0,0.35513052344322205,4.579122469294816e-05,0.0031355980318039656,0.6158502101898193,0.0,0.0,1.1473606824874878,0.6245355010032654,0.018995458260178566,0.28284773230552673,0.01605728268623352,0.5258486866950989,0.29065337777137756,0.02027052268385887,0.0006944618653506041,0.5965890884399414,0.9957596659660339,0.0,0.8535783290863037,0.17274411022663116,0.000552178593352437,0.019083138555288315,0.0,0.0,0.344526082277298,0.06335480511188507,5.2289964514784515e-05,1.2924606800079346,0.0,0.0
515,4.713784694671631,0.024686815217137337,23.443870544433594,7.245005130767822,0.5908117294311523,47.705970764160156,1.1550205945968628,1.1519194841384888,233.08,1.163938283920288,0.2123224288225174,0.009898998774588108,1.4607274532318115,0.0,0.0,0.34767577052116394,0.00011746121890610084,0.004348060581833124,1.0086407661437988,0.0,0.0,1.1160237789154053,0.5309340357780457,0.020006677135825157,0.32324883341789246,0.016920432448387146,0.6014646887779236,0.28935497999191284,0.01977899670600891,0.0007469192496500909,0.5846922397613525,0.9899826645851135,0.0,0.8162416219711304,0.21726307272911072,0.0005379547947086394,0.017376163974404335,0.0,0.0,0.3446897864341736,0.09275908768177032,5.592604793491773e-05,1.283699870109558,0.0,0.0
516,1.065658450126648,0.2963925004005432,20.545198440551758,4.000205039978027,0.5878638029098511,51.216922760009766,1.066401720046997,1.0663801431655884,1.9,0.9952419996261597,0.06504297256469727,0.05642281845211983,4.457717418670654,0.0,0.0,0.35329753160476685,0.00017036979261320084,0.004020093474537134,0.8570241928100586,0.0,0.0,1.0922963619232178,0.6270570755004883,0.016714518889784813,0.21628348529338837,0.011907022446393967,0.37460577487945557,0.28919482231140137,0.02102665789425373,0.0005280104232951999,0.6556475758552551,0.9858956336975098,0.0,0.8446804881095886,0.19635017216205597,0.0005626518395729363,0.018297070637345314,0.0,0.0,0.34516072273254395,0.09010779112577438,4.258847184246406e-05,1.2895680665969849,0.0,0.0
517,4.0822367668151855,0.7030412554740906,35.164466857910156,5.789278030395508,0.5021157264709473,42.25048065185547,1.1630527973175049,1.164223313331604,86.45,1.2275549173355103,0.005133247468620539,0.044227033853530884,13.802968978881836,0.0,0.0,0.3163805603981018,1.1917699112018454e-06,0.003467677626758814,0.673698902130127,0.0,0.0,1.1289726495742798,0.3570828437805176,0.019033126533031464,0.2894744873046875,0.01767883636057377,0.5377781391143799,0.2830575704574585,0.014258839190006256,0.0008056914084590971,0.4992985129356384,0.9887498021125793,0.0,0.7564126253128052,0.3114519417285919,0.00044895350583828986,0.019094377756118774,0.0,0.0,0.34631583094596863,0.02325887233018875,0.0002782699011731893,1.2298029661178589,0.0,0.0
518,5.18310546875,0.44820448756217957,42.32917404174805,3.594479560852051,0.49055904150009155,44.210140228271484,1.1017643213272095,1.0986888408660889,254.07,1.6456542015075684,0.015205217525362968,0.028370363637804985,6.427739143371582,0.0,0.0,0.2961076498031616,2.5838928650046e-06,0.0032112060580402613,0.7901250123977661,0.0,0.0,1.1451444625854492,0.4649028480052948,0.017078209668397903,0.20999875664710999,0.013842830434441566,0.36844950914382935,0.2835101783275604,0.015144504606723785,0.0006542213959619403,0.5405454039573669,0.9969542026519775,0.0,0.7789788842201233,0.2734311819076538,0.00044279475696384907,0.0193735733628273,0.0,0.0,0.3468899726867676,0.02371911145746708,0.0003620214993134141,1.2044227123260498,0.0,0.0
519,3.191587209701538,0.4432247579097748,19.743793487548828,8.351040840148926,0.6091374158859253,58.975433349609375,1.1151727437973022,1.1158232688903809,52.28,1.165197491645813,0.035882044583559036,0.0400555320084095,7.744279861450195,0.0,0.0,0.3042224049568176,2.5260995244025253e-05,0.00346551020629704,0.7866961359977722,0.0,0.0,1.1515097618103027,0.5354193449020386,0.01986023224890232,0.3524888753890991,0.01789715513586998,0.660642147064209,0.2880042493343353,0.01905660703778267,0.0007240647682920098,0.5960378646850586,0.9873715043067932,0.0,0.8467739820480347,0.20839516818523407,0.0005459077656269073,0.018989017233252525,0.0,0.0,0.3430647850036621,0.06309153884649277,7.866874511819333e-05,1.2849186658859253,0.0,0.0
520,3.5157134532928467,0.24223069846630096,32.784610748291016,6.578089714050293,0.46637412905693054,53.618717193603516,1.1619898080825806,1.164113998413086,157.03,1.5881627798080444,0.06688977777957916,0.01754576712846756,2.147969961166382,0.0,0.0,0.31960898637771606,7.34924033167772e-05,0.0040157330222427845,0.8859845399856567,0.0,0.0,1.3118337392807007,0.6927818059921265,0.02192847616970539,0.3396146297454834,0.01996004581451416,0.6365368962287903,0.2787788212299347,0.013583521358668804,0.0008838188368827105,0.4556659162044525,0.9954693913459778,0.0,0.7435711622238159,0.2107495367527008,0.0004643348220270127,0.017041975632309914,0.0,0.0,0.3481259047985077,0.06061696633696556,0.00012494764814618975,1.277899146080017,0.0,0.0
521,2.9519033432006836,0.8270648717880249,25.916399002075195,4.21254825592041,0.7495762705802917,48.318790435791016,1.1747101545333862,1.17559814453125,64.3,0.9012916684150696,0.014156203716993332,0.07638053596019745,14.87209415435791,0.0,0.0,0.33341464400291443,1.7854625184554607e-05,0.0026723442133516073,0.6199609637260437,0.0,0.0,0.9898350238800049,0.5460861325263977,0.013133672066032887,0.1581864207983017,0.008472990244626999,0.26658743619918823,0.3057120144367218,0.030468419194221497,0.000405476544983685,0.8500047922134399,0.9997164011001587,0.0,0.98681640625,0.14825890958309174,0.0006555800209753215,0.020810598507523537,0.0,0.0,0.3413407504558563,0.09357193857431412,4.363819971331395e-05,1.2858599424362183,0.0,0.0
522,2.73523211479187,0.088348388671875,21.22776985168457,2.2246005535125732,0.7578407526016235,45.69764709472656,0.9726659059524536,0.9721766114234924,51.74,0.8582810759544373,0.17795175313949585,0.02814566344022751,2.0404508113861084,0.0,0.0,0.36985263228416443,0.0001282762677874416,0.003362030489370227,0.9672819375991821,0.0,0.0,0.9247763156890869,0.5301156640052795,0.011324473656713963,0.10018568485975266,0.005037892609834671,0.1455220878124237,0.30647921562194824,0.03309448063373566,0.00024993051192723215,0.9325357675552368,1.008366346359253,0.0,1.0011167526245117,0.13667821884155273,0.0006967441877350211,0.018962997943162918,0.0,0.0,0.34225955605506897,0.09581994265317917,1.872205211839173e-05,1.2909761667251587,0.0,0.0
523,2.5526349544525146,0.355832576751709,18.01858901977539,8.741074562072754,0.5415658354759216,46.81779479980469,1.067899227142334,1.0655879974365234,203.11,1.1382869482040405,0.0469060018658638,0.03607040271162987,7.16929817199707,0.0,0.0,0.31492292881011963,5.51091470697429e-05,0.0037249906454235315,0.830759584903717,0.0,0.0,1.2524538040161133,0.4041624367237091,0.021396523341536522,0.410277783870697,0.020246654748916626,0.770862877368927,0.27961501479148865,0.015047458000481129,0.0008007563301362097,0.5291343331336975,0.9794646501541138,0.0,0.7712934017181396,0.2581758499145508,0.0004892535507678986,0.017872724682092667,0.0,0.0,0.3448055684566498,0.04951198771595955,9.968503582058474e-05,1.286582112312317,0.0,0.0
524,3.83905029296875,0.5771158337593079,16.045866012573242,3.2927744388580322,0.5563845634460449,48.90135192871094,0.8631234169006348,0.8560962677001953,951.01,0.9664779901504517,0.012624852359294891,0.045479465276002884,13.718130111694336,0.0,0.0,0.3037972152233124,9.70163569036231e-07,0.0032758472952991724,0.728184163570404,0.0,0.0,1.1821441650390625,0.45417171716690063,0.015307399444282055,0.206759974360466,0.010960067622363567,0.3409614861011505,0.2825671136379242,0.01745026186108589,0.0004495722532738,0.6541756987571716,0.9727877378463745,0.0,0.8152777552604675,0.25586971640586853,0.0005276905721984804,0.01936744898557663,0.0,0.0,0.34539148211479187,0.04481591284275055,0.00010919354826910421,1.2830942869186401,0.0,0.0
525,4.876086235046387,0.6911430954933167,27.357765197753906,3.0173211097717285,0.7429255843162537,53.71821212768555,1.0923123359680176,1.0930083990097046,58.3,1.046983242034912,0.0008304364746436477,0.048896342515945435,10.874383926391602,0.0,0.0,0.30532118678092957,7.40851646696683e-07,0.0028410356026142836,0.677546501159668,0.0,0.0,1.0316932201385498,0.5453343391418457,0.012283139862120152,0.13024234771728516,0.007019117008894682,0.20506687462329865,0.3056531846523285,0.03090875968337059,0.0003259051882196218,0.8784483671188354,1.0049982070922852,0.0,0.9831939339637756,0.14180004596710205,0.0006612116703763604,0.020999779924750328,0.0,0.0,0.34196001291275024,0.09541463851928711,3.9300361095229164e-05,1.2935631275177002,0.0,0.0
526,1.4960272312164307,0.17041192948818207,18.837757110595703,7.675394058227539,0.45858049392700195,48.76362228393555,1.0472103357315063,1.0495903491973877,216.53,1.129945158958435,0.08744826912879944,0.029262123629450798,3.0727107524871826,0.0,0.0,0.35802847146987915,0.0001698558626230806,0.004658314399421215,0.9296360015869141,0.0,0.0,1.2843255996704102,0.3993792235851288,0.022115129977464676,0.4157430827617645,0.02070661634206772,0.772506594657898,0.2719859182834625,0.011864382773637772,0.0008484103018417954,0.4641715884208679,0.9730263948440552,0.0,0.7249082326889038,0.2728860080242157,0.00046179656055755913,0.01676144078373909,0.0,0.0,0.3471486568450928,0.054152537137269974,8.640706801088527e-05,1.289505958557129,0.0,0.0
527,4.63971471786499,0.5364408493041992,25.457401275634766,7.564973831176758,0.48010018467903137,43.055641174316406,1.0977373123168945,1.0927157402038574,418.63,1.2348147630691528,0.015859760344028473,0.032856691628694534,12.3593168258667,0.0,0.0,0.2970046103000641,1.0493040463188663e-06,0.0034794837702065706,0.7432039976119995,0.0,0.0,1.2944142818450928,0.3671976327896118,0.02120773121714592,0.3834671080112457,0.02048318274319172,0.7246485352516174,0.27666592597961426,0.01232769526541233,0.000857585750054568,0.46917977929115295,0.9816847443580627,0.0,0.7084027528762817,0.3212461471557617,0.0004394285788293928,0.017675058916211128,0.0,0.0,0.34711769223213196,0.030647654086351395,0.00014606201148126274,1.2714201211929321,0.0,0.0
528,3.7167470455169678,0.5141387581825256,18.317678451538086,6.809545040130615,0.7649151086807251,45.695430755615234,1.1073377132415771,1.110041618347168,219.97,0.9121517539024353,0.024177875369787216,0.04974133148789406,12.960765838623047,0.0,0.0,0.29761791229248047,1.4504576938634273e-05,0.002866419730708003,0.7525004148483276,0.0,0.0,1.0119141340255737,0.535575807094574,0.014109425246715546,0.21986590325832367,0.010664035566151142,0.3961710035800934,0.3033016622066498,0.02821381762623787,0.00048534604138694704,0.8191812038421631,0.9940876960754395,0.0,0.9680615663528442,0.17833955585956573,0.0006412966176867485,0.02079680934548378,0.0,0.0,0.34109172224998474,0.08549574762582779,5.3747236961498857e-05,1.286807656288147,0.0,0.0
529,1.7699939012527466,0.9771098494529724,17.211505889892578,3.354065179824829,0.6253886818885803,44.923091888427734,0.9688020944595337,0.968207061290741,63.44,0.6971626877784729,0.030355120077729225,0.09855575114488602,20.773836135864258,0.0,0.0,0.37983226776123047,7.717461267020553e-05,0.0029066267888993025,0.5745635032653809,0.0,0.0,1.0530712604522705,0.5343787670135498,0.014502431266009808,0.18147045373916626,0.009822485037147999,0.3039252758026123,0.2906164526939392,0.021656746044754982,0.0004279941495042294,0.7256200313568115,0.9829553365707397,0.0,0.8830188512802124,0.19779857993125916,0.0005829004803672433,0.01961125060915947,0.0,0.0,0.34464171528816223,0.06741076707839966,4.942064333590679e-05,1.290357232093811,0.0,0.0
530,2.867831230163574,0.197612926363945,24.613683700561523,4.82129430770874,0.6819501519203186,55.83332824707031,1.1717188358306885,1.1739156246185303,159.71,1.1962244510650635,0.13384829461574554,0.02877860516309738,2.533966302871704,0.0,0.0,0.3394818603992462,0.00012416363460943103,0.0036356784403324127,0.9069531559944153,0.0,0.0,1.0676583051681519,0.584873378276825,0.01607762835919857,0.20367850363254547,0.011149199679493904,0.3600235879421234,0.29962339997291565,0.027181250974535942,0.0005134725361131132,0.7411343455314636,1.000809907913208,0.0,0.9241117238998413,0.14977049827575684,0.0006189611740410328,0.01887890137732029,0.0,0.0,0.3428976237773895,0.09520000964403152,2.971102367155254e-05,1.2928581237792969,0.0,0.0
531,4.961115837097168,0.33557868003845215,25.7740421295166,4.8357415199279785,0.5139108300209045,45.25411605834961,1.0672706365585327,1.0670229196548462,21.75,1.2192697525024414,0.05336558818817139,0.026572318747639656,6.68395471572876,0.0,0.0,0.2989130914211273,2.263067835883703e-05,0.003813366638496518,0.8389484882354736,0.0,0.0,1.1927852630615234,0.47070351243019104,0.018478920683264732,0.2681884765625,0.014892082661390305,0.4836059808731079,0.28283384442329407,0.01596899703145027,0.0006683407700620592,0.5502074360847473,0.9846627712249756,0.0,0.7870079874992371,0.2498796284198761,0.0005080326227471232,0.018357018008828163,0.0,0.0,0.34722384810447693,0.054757263511419296,0.0001155068603111431,1.2779061794281006,0.0,0.0
532,4.027188777923584,0.2804326117038727,18.737560272216797,6.192724704742432,0.5348624587059021,40.51649856567383,1.012851595878601,1.012277603149414,55.98,1.1360057592391968,0.06695850938558578,0.024265743792057037,6.141541957855225,0.0,0.0,0.3071030080318451,4.4038883061148226e-05,0.00386481499299407,0.8675232529640198,0.0,0.0,1.2224377393722534,0.39269399642944336,0.019125603139400482,0.3241821229457855,0.016457438468933105,0.5930094122886658,0.28082168102264404,0.015663638710975647,0.0006851234356872737,0.5599426627159119,0.9799322485923767,0.0,0.7812989354133606,0.2646772861480713,0.0004980258527211845,0.018169954419136047,0.0,0.0,0.345976322889328,0.05049706995487213,0.00011350242129992694,1.281899094581604,0.0,0.0
533,1.5533688068389893,0.627254843711853,26.016742706298828,2.7089903354644775,0.45327040553092957,41.16554641723633,0.9892875552177429,0.9913267493247986,207.93,0.9382944107055664,0.00350635452196002,0.07051895558834076,13.469555854797363,0.0,0.0,0.3351849913597107,5.33713900949806e-05,0.00382907479070127,0.7100435495376587,0.0,0.0,1.161808967590332,0.4197896718978882,0.016124343499541283,0.18973408639431,0.01183156669139862,0.3185771405696869,0.27862027287483215,0.014030183665454388,0.0005641885218210518,0.5431617498397827,0.9825387597084045,0.0,0.7510665059089661,0.2893819808959961,0.000485417025629431,0.01847146265208721,0.0,0.0,0.35008731484413147,0.0381215438246727,0.00014929825556464493,1.2715893983840942,0.0,0.0
534,2.995944023132324,0.35298246145248413,11.328601837158203,8.247258186340332,0.6262555122375488,55.674461364746094,0.8809341192245483,0.8825551271438599,208.5,1.1416207551956177,0.04951510578393936,0.03451595455408096,6.389150142669678,0.0,0.0,0.309235543012619,5.9704627346945927e-05,0.0031315151136368513,0.8337333798408508,0.0,0.0,1.1992734670639038,0.36966899037361145,0.018469244241714478,0.36570680141448975,0.016655826941132545,0.656611979007721,0.28428709506988525,0.018822606652975082,0.0006070882664062083,0.6456542611122131,0.9719772338867188,0.0,0.8280972242355347,0.24788694083690643,0.0005083857104182243,0.019055282697081566,0.0,0.0,0.34182265400886536,0.041144758462905884,0.00015946030907798558,1.2687281370162964,0.0,0.0
535,3.7836101055145264,0.7845169305801392,24.35870933532715,5.638299465179443,0.6277850866317749,54.58050537109375,1.1393052339553833,1.1338427066802979,422.86,1.0814462900161743,0.006969848647713661,0.054127488285303116,12.618376731872559,0.0,0.0,0.3263629674911499,9.606313824406243e-07,0.0029715208802372217,0.6404148936271667,0.0,0.0,1.1337659358978271,0.6058610677719116,0.0172396432608366,0.25384455919265747,0.013933650217950344,0.4569089412689209,0.29280033707618713,0.02180606871843338,0.0005973168299533427,0.6571728587150574,0.9915136694908142,0.0,0.8578218221664429,0.18952949345111847,0.000558779516723007,0.019487233832478523,0.0,0.0,0.34366822242736816,0.05935848131775856,6.857387052150443e-05,1.2891671657562256,0.0,0.0
536,3.4810938835144043,0.9861375689506531,22.82784080505371,7.577785968780518,0.7297395467758179,54.64033889770508,1.1998274326324463,1.1971310377120972,187.73,0.9108077883720398,0.030796825885772705,0.06981584429740906,15.65734577178955,0.0,0.0,0.3699797987937927,4.300276850699447e-05,0.002178970957174897,0.5701697468757629,0.0,0.0,1.0431771278381348,0.5566967129707336,0.01633562333881855,0.25308293104171753,0.013090219348669052,0.45913127064704895,0.3012867867946625,0.027529090642929077,0.000579937594011426,0.7454230189323425,0.9905528426170349,0.0,0.962847888469696,0.14618559181690216,0.0006286383140832186,0.020340560004115105,0.0,0.0,0.34119731187820435,0.08609454333782196,4.2668860260164365e-05,1.2888109683990479,0.0,0.0
537,3.6453776359558105,0.8383862972259521,16.977977752685547,7.975614070892334,0.7332683205604553,47.112667083740234,1.0744354724884033,1.0733973979949951,90.01,0.8508374691009521,0.013383506797254086,0.06456614285707474,20.605775833129883,0.0,0.0,0.33311405777931213,1.727241397020407e-05,0.0023871574085205793,0.6210649013519287,0.0,0.0,1.0530474185943604,0.5296034812927246,0.015556481666862965,0.26950791478157043,0.012946981936693192,0.4947451949119568,0.29836544394493103,0.02522115409374237,0.0005491420743055642,0.7595431208610535,0.989105224609375,0.0,0.9283608198165894,0.18887831270694733,0.0006033660029061139,0.02046751044690609,0.0,0.0,0.34138986468315125,0.06563778221607208,6.599452171940356e-05,1.2870464324951172,0.0,0.0
538,5.748066425323486,0.8418759703636169,23.155841827392578,9.601961135864258,0.47256070375442505,43.58554458618164,1.0603532791137695,1.0609989166259766,57.39,1.1355441808700562,0.009630904532968998,0.037853725254535675,19.99826431274414,0.0,0.0,0.3443055748939514,4.984643965144642e-05,0.0027094727847725153,0.621863067150116,0.0,0.0,1.3312674760818481,0.36271020770072937,0.022681741043925285,0.4702078402042389,0.023569297045469284,0.900293231010437,0.27196991443634033,0.010684585198760033,0.0009238316561095417,0.45370662212371826,0.9792655110359192,0.0,0.7194817066192627,0.29378995299339294,0.0004407780070323497,0.017625661566853523,0.0,0.0,0.3467770516872406,0.031986843794584274,0.00012416561366990209,1.278337001800537,0.0,0.0
539,2.9699318408966064,0.8793396949768066,17.62129020690918,6.695868015289307,0.5263511538505554,42.668880462646484,0.9992935657501221,1.0034140348434448,410.94,0.9351252317428589,0.012979160062968731,0.06126868724822998,20.0091552734375,0.0,0.0,0.35180389881134033,3.1755436793901026e-05,0.0032460044603794813,0.6094847321510315,0.0,0.0,1.245922565460205,0.4065346121788025,0.01922532357275486,0.34715044498443604,0.017541179433465004,0.6414061784744263,0.2778956890106201,0.014450585469603539,0.0007039183983579278,0.5463125705718994,0.978348970413208,0.0,0.7633450627326965,0.2658478021621704,0.00048095337115228176,0.018284834921360016,0.0,0.0,0.3458595275878906,0.038080401718616486,9.751132893143222e-05,1.286970853805542,0.0,0.0
540,1.8675711154937744,0.0013451901031658053,37.9122200012207,4.526601314544678,0.4840273857116699,51.52657699584961,1.1734917163848877,1.1741925477981567,50.86,1.2840086221694946,0.12685230374336243,0.014506218954920769,0.49462807178497314,0.0,0.0,0.40355339646339417,0.000293716904707253,0.004604215733706951,1.0232255458831787,0.0,0.0,1.1692622900009155,0.6791846752166748,0.019180845469236374,0.2503857910633087,0.015575013123452663,0.4511040449142456,0.2822968661785126,0.015832966193556786,0.00076156051363796,0.5124467015266418,0.9977384209632874,0.0,0.739945113658905,0.22375716269016266,0.00046520729665644467,0.01629631035029888,0.0,0.0,0.34831058979034424,0.07655616104602814,0.00012072014942532405,1.2602742910385132,0.0,0.0
541,4.969515800476074,0.06763210892677307,19.076641082763672,4.4712934494018555,0.7005393505096436,48.90516662597656,1.0391745567321777,1.0391809940338135,0.6,0.9975000619888306,0.20861241221427917,0.015673119574785233,1.7783663272857666,0.0,0.0,0.3394889831542969,9.496998245595023e-05,0.003960416652262211,0.9848066568374634,0.0,0.0,1.014514446258545,0.5649288892745972,0.014797691255807877,0.19230186939239502,0.009585963562130928,0.3299522399902344,0.2994977533817291,0.02715211734175682,0.0004415741714183241,0.7875310182571411,0.9902045130729675,0.0,0.9337539076805115,0.17270039021968842,0.0006353271892294288,0.018800653517246246,0.0,0.0,0.34318605065345764,0.09468504786491394,2.9138376703485847e-05,1.2901991605758667,0.0,0.0
542,5.79300594329834,0.9592241048812866,21.062679290771484,7.9869256019592285,0.5564696788787842,52.67019271850586,1.035102128982544,1.0368456840515137,162.46,0.9997388124465942,0.01859608292579651,0.04404683783650398,17.75664520263672,0.0,0.0,0.37391623854637146,8.490272739436477e-05,0.0022591515444219112,0.5824136734008789,0.0,0.0,1.2039594650268555,0.5289891362190247,0.01997673138976097,0.376581609249115,0.018733937293291092,0.7011057734489441,0.2809429466724396,0.015733782202005386,0.00074631383176893,0.5531747341156006,0.9812417030334473,0.0,0.8219752311706543,0.21001161634922028,0.0005214586853981018,0.018761400133371353,0.0,0.0,0.344732403755188,0.05356390029191971,7.810103124938905e-05,1.2883641719818115,0.0,0.0
543,1.7996726036071777,0.5940976142883301,12.174992561340332,8.461838722229004,0.6031316518783569,54.76948928833008,0.9447111487388611,0.9507858753204346,676.31,1.0413691997528076,0.010654709301888943,0.06296326220035553,10.829938888549805,0.0,0.0,0.3194097578525543,4.1560000681784004e-05,0.003137619234621525,0.7233741283416748,0.0,0.0,1.2132772207260132,0.3776956796646118,0.019018858671188354,0.38094714283943176,0.01800215058028698,0.6931596994400024,0.2822079360485077,0.017453353852033615,0.0006563831120729446,0.6128824353218079,0.9746026396751404,0.0,0.8005716800689697,0.25836578011512756,0.0004935616161674261,0.018909962847828865,0.0,0.0,0.34234824776649475,0.034820470958948135,0.00013859923637937754,1.274998426437378,0.0,0.0
544,4.721680641174316,0.7442080974578857,27.888431549072266,6.38532829284668,0.5666287541389465,49.662445068359375,1.1514045000076294,1.1516484022140503,18.39,1.1648106575012207,0.006833928171545267,0.043503545224666595,12.544669151306152,0.0,0.0,0.3190513253211975,9.931849263011827e-07,0.0031414174009114504,0.6565858721733093,0.0,0.0,1.1729648113250732,0.5846232175827026,0.019077608361840248,0.30000996589660645,0.016779301688075066,0.5530648231506348,0.28731921315193176,0.017903495579957962,0.0007192693883553147,0.5669845938682556,0.9891331195831299,0.0,0.8102615475654602,0.22354115545749664,0.0005157741252332926,0.01911756955087185,0.0,0.0,0.34500032663345337,0.04516439884901047,0.00012507010251283646,1.2780550718307495,0.0,0.0
545,5.511533260345459,0.5759153366088867,17.72515296936035,4.095309257507324,0.7957668900489807,52.10764694213867,0.9411174058914185,0.9409200549125671,22.29,0.8551015853881836,0.005853100214153528,0.04786284640431404,13.813164710998535,0.0,0.0,0.2906402051448822,5.912904157412413e-07,0.003060158807784319,0.7283165454864502,0.0,0.0,0.9832861423492432,0.510421633720398,0.010851848870515823,0.14085114002227783,0.006346518639475107,0.22724881768226624,0.30593276023864746,0.030790649354457855,0.0003068223886657506,0.9369826316833496,0.9938958287239075,0.0,1.0196384191513062,0.15860828757286072,0.0006898524588905275,0.021563692018389702,0.0,0.0,0.34145888686180115,0.09454094618558884,3.985299917985685e-05,1.291603922843933,0.0,0.0
546,3.8399269580841064,0.022168975323438644,19.249799728393555,5.64968729019165,0.47800374031066895,49.58246994018555,1.0103867053985596,1.0130499601364136,260.19,1.1339759826660156,0.1953149139881134,0.0066644055768847466,1.434026837348938,0.0,0.0,0.35824447870254517,0.00014239428855944425,0.004516302142292261,1.0094226598739624,0.0,0.0,1.228929042816162,0.4512530565261841,0.01988382078707218,0.32809850573539734,0.016660071909427643,0.5918177366256714,0.2760510742664337,0.014019443653523922,0.0007146832067519426,0.5148423314094543,0.9775004386901855,0.0,0.7659860253334045,0.2515290677547455,0.000500555441249162,0.016974495723843575,0.0,0.0,0.3473416864871979,0.08002076297998428,6.617586768697947e-05,1.2879629135131836,0.0,0.0
547,4.92647647857666,0.5315665602684021,37.14580535888672,3.0385751724243164,0.5874329805374146,49.06809616088867,1.1361421346664429,1.134161353111267,153.72,1.310025691986084,0.013720611110329628,0.03677317872643471,8.658699989318848,0.0,0.0,0.29746323823928833,9.22337562769826e-07,0.0030537229031324387,0.7487072944641113,0.0,0.0,1.092086911201477,0.6554330587387085,0.015622234903275967,0.1737152636051178,0.010749507695436478,0.2916526794433594,0.29327693581581116,0.02139422483742237,0.0004962723469361663,0.6669028401374817,0.9975903034210205,0.0,0.8543089032173157,0.21090050041675568,0.0005380890797823668,0.01978398486971855,0.0,0.0,0.34488606452941895,0.04938877001404762,0.00019081795471720397,1.2549000978469849,0.0,0.0
548,3.728684186935425,0.7014017105102539,14.912565231323242,8.517707824707031,0.637018084526062,58.72571563720703,0.9840797781944275,0.9828333854675293,128.87,0.9668801426887512,0.004786161705851555,0.05303249508142471,15.827692985534668,0.0,0.0,0.31236374378204346,1.0055834991362644e-06,0.0027579558081924915,0.6759665608406067,0.0,0.0,1.1359304189682007,0.40342244505882263,0.0180851761251688,0.3542795777320862,0.01685992069542408,0.6513596773147583,0.286948561668396,0.018706144765019417,0.0006355391233228147,0.6432113647460938,0.9790956377983093,0.0,0.8408116698265076,0.24686798453330994,0.0005284514627419412,0.01983964815735817,0.0,0.0,0.34191596508026123,0.03901796415448189,0.00014101523265708238,1.2743556499481201,0.0,0.0
549,4.376575469970703,0.35724878311157227,28.794424057006836,3.4500138759613037,0.637977123260498,51.698734283447266,1.1221307516098022,1.1214137077331543,56.98,1.2695070505142212,0.059803709387779236,0.030576445162296295,5.417826175689697,0.0,0.0,0.302802175283432,3.7884488847339526e-05,0.0033764266408979893,0.8262561559677124,0.0,0.0,1.095296859741211,0.6175611019134521,0.015542038716375828,0.17633336782455444,0.010207912884652615,0.29821276664733887,0.29698848724365234,0.024752939119935036,0.00047281646402552724,0.7207700610160828,0.9987235069274902,0.0,0.913696825504303,0.16455622017383575,0.0006046216585673392,0.01963694393634796,0.0,0.0,0.34425806999206543,0.09353816509246826,5.4705178627045825e-05,1.2859312295913696,0.0,0.0
550,3.636981964111328,0.7038808465003967,14.976322174072266,4.179660320281982,0.7483935356140137,43.15807342529297,0.9179421663284302,0.918488621711731,64.81,0.7822752594947815,0.004246601369231939,0.06468311697244644,17.529767990112305,0.0,0.0,0.3094547390937805,7.353382329711167e-07,0.0029526741709560156,0.670767068862915,0.0,0.0,1.005462884902954,0.5319057106971741,0.011981532908976078,0.1656312495470047,0.007836428470909595,0.27557772397994995,0.3000580072402954,0.027043495327234268,0.00034572251024656,0.8704410195350647,0.989833652973175,0.0,0.9730942249298096,0.181240051984787,0.0006471489323303103,0.021355926990509033,0.0,0.0,0.34201446175575256,0.0760607123374939,5.4999363783281296e-05,1.289647102355957,0.0,0.0
551,5.440449237823486,0.9555418491363525,31.730690002441406,4.937556743621826,0.6455719470977783,53.22039031982422,1.189569115638733,1.1945574283599854,351.04,1.166329026222229,0.023466739803552628,0.04655303806066513,12.399691581726074,0.0,0.0,0.36495712399482727,4.860055196331814e-05,0.002164000179618597,0.5839096307754517,0.0,0.0,1.088913917541504,0.6090846657752991,0.016741063445806503,0.21940338611602783,0.012600557878613472,0.3893439769744873,0.2965168058872223,0.024365296587347984,0.0005642326432280242,0.6864681243896484,0.9980366230010986,0.0,0.9231855273246765,0.14998352527618408,0.000591637974139303,0.01993953250348568,0.0,0.0,0.3432079255580902,0.07744345813989639,7.117223140085116e-05,1.2795588970184326,0.0,0.0
552,1.6739603281021118,0.8173947930335999,16.703275680541992,9.80115032196045,0.5396612286567688,46.58378219604492,1.0603352785110474,1.0617127418518066,122.36,0.9376496076583862,0.0093314778059721,0.07381375879049301,16.385704040527344,0.0,0.0,0.34807780385017395,4.2784369725268334e-05,0.00355499773286283,0.634635329246521,0.0,0.0,1.2355669736862183,0.38607680797576904,0.021580839529633522,0.44579941034317017,0.02197973057627678,0.8472644686698914,0.2775065302848816,0.013947204686701298,0.000834780978038907,0.5219560265541077,0.9803205132484436,0.0,0.7623504996299744,0.26166537404060364,0.0004788979422301054,0.018137754872441292,0.0,0.0,0.34474465250968933,0.03794853016734123,8.851053280523047e-05,1.2901173830032349,0.0,0.0
553,2.511094331741333,0.7373425364494324,35.47324752807617,1.6055465936660767,0.7365069389343262,43.435855865478516,1.0151060819625854,1.0155798196792603,45.95,1.3675709962844849,0.004842414986342192,0.04368438571691513,4.283475399017334,0.0,0.0,0.3244326710700989,3.4756663808366284e-05,0.0014192165108397603,0.6536062359809875,0.0,0.0,1.2133177518844604,0.5391162633895874,0.012965859845280647,0.10006578266620636,0.005226809997111559,0.13329726457595825,0.30702680349349976,0.037771452218294144,0.00018700443615671247,0.9194812178611755,1.0171362161636353,0.0,1.0086402893066406,0.06454528123140335,0.0005761224892921746,0.019440433010458946,0.0,0.0,0.34064751863479614,0.08912917971611023,0.0001836634037317708,1.2481608390808105,0.0,0.0
554,4.190165996551514,0.6216790676116943,23.9352970123291,5.594814300537109,0.5110891461372375,58.35110855102539,1.0642770528793335,1.0641201734542847,13.85,1.2830630540847778,0.010765228420495987,0.03846406191587448,9.292573928833008,0.0,0.0,0.3065515458583832,1.0171141866521793e-06,0.0032392803113907576,0.7067278623580933,0.0,0.0,1.2642483711242676,0.6368456482887268,0.01926458068192005,0.304210901260376,0.01648670621216297,0.5499544739723206,0.2806822955608368,0.015417162328958511,0.0006864743190817535,0.5361149311065674,0.9830410480499268,0.0,0.785488486289978,0.221901074051857,0.0005043788114562631,0.018612070009112358,0.0,0.0,0.34636837244033813,0.04764684662222862,8.757024625083432e-05,1.2902673482894897,0.0,0.0
555,2.0435690879821777,0.750519871711731,13.125639915466309,3.432237386703491,0.6687349677085876,43.14248275756836,0.863900899887085,0.8606231808662415,440.85,0.772269070148468,0.0056739808060228825,0.08568130433559418,16.8032169342041,0.0,0.0,0.33057206869125366,3.220030339434743e-05,0.0031750518828630447,0.6530947685241699,0.0,0.0,1.052620768547058,0.5438287854194641,0.013290160335600376,0.1761423945426941,0.008876179344952106,0.284811407327652,0.29200538992881775,0.02335210144519806,0.0003644383104983717,0.7874707579612732,0.977923572063446,0.0,0.9309054017066956,0.19028382003307343,0.0006104953354224563,0.020782917737960815,0.0,0.0,0.3433798551559448,0.06337089091539383,6.547333032358438e-05,1.28789484500885,0.0,0.0
556,2.2295241355895996,0.3170531392097473,23.190336227416992,3.3961334228515625,0.45987895131111145,47.19071960449219,0.992059051990509,0.9876081347465515,454.28,1.0733641386032104,0.05021156743168831,0.038651883602142334,5.801941871643066,0.0,0.0,0.33179551362991333,9.671850421000272e-05,0.004269104450941086,0.850630521774292,0.0,0.0,1.1990187168121338,0.4726359248161316,0.017332319170236588,0.2258799821138382,0.01298095565289259,0.3859263062477112,0.2775577902793884,0.014374767430126667,0.0006009283824823797,0.5365625023841858,0.9773211479187012,0.0,0.76521897315979,0.25767168402671814,0.0005031905020587146,0.017882833257317543,0.0,0.0,0.3490351736545563,0.05765179544687271,8.220819290727377e-05,1.2846791744232178,0.0,0.0
557,3.09279727935791,0.8697963953018188,16.903488159179688,4.208853721618652,0.49213993549346924,50.83414840698242,0.9067373871803284,0.9087718725204468,246.9,0.9148538708686829,0.010645674541592598,0.06092774495482445,19.194658279418945,0.0,0.0,0.35110193490982056,2.085972846543882e-05,0.002961645368486643,0.617233395576477,0.0,0.0,1.2413547039031982,0.43176978826522827,0.017057370394468307,0.26368382573127747,0.013853364624083042,0.4559524655342102,0.2754495441913605,0.013984613120555878,0.0005698528839275241,0.5644087791442871,0.9706450700759888,0.0,0.7742742300033569,0.26634490489959717,0.0004927599220536649,0.018641823902726173,0.0,0.0,0.34654685854911804,0.03826408460736275,0.00010422535706311464,1.2844172716140747,0.0,0.0
558,1.323329210281372,0.391226202249527,11.617680549621582,6.637732982635498,0.7416733503341675,51.75123596191406,0.958696722984314,0.9584775567054749,23.85,0.8732764720916748,0.05801013112068176,0.07173585891723633,6.636557579040527,0.0,0.0,0.3329589366912842,9.681626397650689e-05,0.0032862171065062284,0.8122493624687195,0.0,0.0,1.0266532897949219,0.5317491888999939,0.014551055617630482,0.2424931675195694,0.010937725193798542,0.42263880372047424,0.29757943749427795,0.027333378791809082,0.0004449387779459357,0.8060352206230164,0.978535532951355,0.0,0.9662672281265259,0.17065702378749847,0.0006284640985541046,0.02033848501741886,0.0,0.0,0.34097424149513245,0.08966784924268723,6.808082980569452e-05,1.2789496183395386,0.0,0.0
559,5.923466205596924,0.46313270926475525,24.068349838256836,6.419195652008057,0.6358425617218018,57.621822357177734,1.1233426332473755,1.126579999923706,255.81,1.3364794254302979,0.03443644940853119,0.03457345813512802,6.959317684173584,0.0,0.0,0.28984978795051575,2.797025899781147e-06,0.003165808040648699,0.7763680815696716,0.0,0.0,1.17086660861969,0.5937123894691467,0.018033891916275024,0.27684906125068665,0.014671089127659798,0.5066924691200256,0.29320284724235535,0.02208344265818596,0.0006173019646666944,0.6533526182174683,0.9945682883262634,0.0,0.8606208562850952,0.1812974214553833,0.0005611439701169729,0.019088055938482285,0.0,0.0,0.3437578082084656,0.07414224743843079,5.933735519647598e-05,1.292115569114685,0.0,0.0
560,3.14713978767395,0.8141172528266907,14.05392837524414,2.738967180252075,0.752850353717804,54.67989730834961,0.8098752498626709,0.8143569827079773,679.54,0.7304840683937073,0.007055151741951704,0.0832124650478363,18.4329891204834,0.0,0.0,0.32876595854759216,3.772586524064536e-06,0.0027808251325041056,0.6289293169975281,0.0,0.0,0.9630210995674133,0.5284403562545776,0.01067366823554039,0.1194729432463646,0.005639230366796255,0.1786443591117859,0.30036497116088867,0.028368912637233734,0.00025134690804407,0.92013019323349,0.9900988936424255,0.0,1.0408272743225098,0.1529175341129303,0.0006932091200724244,0.021888336166739464,0.0,0.0,0.34147143363952637,0.09287786483764648,5.898399467696436e-05,1.2792214155197144,0.0,0.0
561,1.4917751550674438,0.07589061558246613,18.454858779907227,9.57919692993164,0.4017381966114044,45.960205078125,1.0428571701049805,1.0438543558120728,91.6,1.1946154832839966,0.1127798780798912,0.016996098682284355,3.239370107650757,0.0,0.0,0.37382322549819946,0.00019166336278431118,0.004947283770889044,0.9864331483840942,0.0,0.0,1.3885160684585571,0.34255048632621765,0.02447604015469551,0.5232527256011963,0.02526257187128067,0.9884771108627319,0.26369842886924744,0.008210420608520508,0.0009932640241459012,0.4070141017436981,0.9719893336296082,0.0,0.672404408454895,0.30742916464805603,0.000419492251239717,0.015829654410481453,0.0,0.0,0.3483025133609772,0.04690408334136009,8.417529170401394e-05,1.2916189432144165,0.0,0.0
562,5.330305099487305,0.47503799200057983,19.273324966430664,5.680592060089111,0.7382902503013611,49.70516586303711,1.055870771408081,1.0587226152420044,255.11,0.9755172729492188,0.029973136261105537,0.040094535797834396,11.375824928283691,0.0,0.0,0.28875479102134705,8.842145007292856e-07,0.0031242903787642717,0.7727267146110535,0.0,0.0,1.0465294122695923,0.5446025729179382,0.01419660821557045,0.20962107181549072,0.010165680199861526,0.3666732907295227,0.3013352155685425,0.02730659395456314,0.00045471094199456275,0.808699369430542,0.9883174300193787,0.0,0.9417250752449036,0.18161123991012573,0.000626949651632458,0.020423410460352898,0.0,0.0,0.34199124574661255,0.08614682406187057,5.255451469565742e-05,1.2896009683609009,0.0,0.0
563,2.6917219161987305,0.3755129873752594,16.77456283569336,9.304702758789062,0.41994407773017883,50.15203857421875,0.98982173204422,0.9917539358139038,196.83,1.249240756034851,0.03957056999206543,0.029103538021445274,7.582447052001953,0.0,0.0,0.3095991015434265,1.4539380572387017e-05,0.0038509108126163483,0.8239221572875977,0.0,0.0,1.425114631652832,0.33191999793052673,0.02331274375319481,0.5107840895652771,0.02420871891081333,0.9591114521026611,0.26404404640197754,0.008343211375176907,0.000905025692190975,0.4323766231536865,0.9700736403465271,0.0,0.688309371471405,0.3187527358531952,0.0004254023660905659,0.016860902309417725,0.0,0.0,0.3470909297466278,0.03432837873697281,9.003653394756839e-05,1.2902392148971558,0.0,0.0
564,3.451300859451294,0.4715072512626648,26.997175216674805,6.391228675842285,0.5726290345191956,50.79255676269531,1.1677707433700562,1.172478199005127,343.81,1.2217025756835938,0.02720658667385578,0.03896920010447502,7.6927385330200195,0.0,0.0,0.30342480540275574,1.5234544662234839e-05,0.0036452191416174173,0.7709422707557678,0.0,0.0,1.162453532218933,0.5795482993125916,0.019352542236447334,0.29717832803726196,0.016519270837306976,0.5496359467506409,0.288338303565979,0.01868111453950405,0.0007221329724416137,0.5726057291030884,0.9903779625892639,0.0,0.825516402721405,0.2137303203344345,0.0005326774553395808,0.018853137269616127,0.0,0.0,0.34488311409950256,0.05869120731949806,9.369373583467677e-05,1.281840443611145,0.0,0.0
565,4.073570728302002,0.5383827090263367,35.84318923950195,3.23233699798584,0.547868549823761,46.99565887451172,1.1237986087799072,1.1231136322021484,54.27,1.2627302408218384,0.012096305377781391,0.03994842618703842,9.235014915466309,0.0,0.0,0.30324530601501465,4.074286607647082e-06,0.0032665373291820288,0.7445597648620605,0.0,0.0,1.1034106016159058,0.5626050233840942,0.016261499375104904,0.18889714777469635,0.011823074892163277,0.32268357276916504,0.2894347906112671,0.01889113150537014,0.0005559689016081393,0.615409791469574,0.9945905208587646,0.0,0.8282178044319153,0.2315823882818222,0.0005187842762097716,0.019539497792720795,0.0,0.0,0.34612226486206055,0.04371136054396629,0.00021248406847007573,1.2515406608581543,0.0,0.0
566,5.642611503601074,0.3483062982559204,23.083520889282227,3.138000965118408,0.7470862865447998,46.17407989501953,1.0276950597763062,1.0252922773361206,228.04,0.9967166781425476,0.06064046174287796,0.03437671810388565,7.754011631011963,0.0,0.0,0.2928759455680847,2.023889283009339e-05,0.0034453982952982187,0.8349760174751282,0.0,0.0,0.9877803325653076,0.541959285736084,0.012212241068482399,0.1311226338148117,0.0067162904888391495,0.20986495912075043,0.30525389313697815,0.03019975870847702,0.00032874144380912185,0.8847416043281555,1.001683235168457,0.0,0.9859310388565063,0.15583893656730652,0.0006704504485242069,0.02025318332016468,0.0,0.0,0.34247684478759766,0.09505071491003036,3.3809843444032595e-05,1.2896738052368164,0.0,0.0
567,1.4933007955551147,0.6803158521652222,17.647342681884766,6.517711162567139,0.5578055381774902,54.29356002807617,1.0508946180343628,1.0499836206436157,82.56,0.943864643573761,0.006481337361037731,0.07502084970474243,12.881556510925293,0.0,0.0,0.3318244218826294,4.207679012324661e-05,0.00356678431853652,0.6850776672363281,0.0,0.0,1.1839475631713867,0.45956265926361084,0.019022859632968903,0.326584130525589,0.016621895134449005,0.5892295241355896,0.2824077010154724,0.01687834970653057,0.0006717818323522806,0.5758486390113831,0.973396360874176,0.0,0.8091709017753601,0.2366955429315567,0.0005183893954381347,0.018972165882587433,0.0,0.0,0.3445609211921692,0.04444758966565132,9.818443504627794e-05,1.2864201068878174,0.0,0.0
568,5.198232173919678,0.9374556541442871,20.13617515563965,3.7685916423797607,0.6301048398017883,57.13679122924805,0.965842604637146,0.9681026339530945,241.71,0.9351058006286621,0.02183344215154648,0.05160794407129288,17.035913467407227,0.0,0.0,0.3600004315376282,3.8226600736379623e-05,0.002230991842225194,0.5907055735588074,0.0,0.0,1.0909128189086914,0.6038459539413452,0.01492445170879364,0.1974092721939087,0.010447232984006405,0.33344441652297974,0.29097095131874084,0.021963370963931084,0.0004526475095190108,0.718641996383667,0.9858968257904053,0.0,0.9185785055160522,0.1723509430885315,0.0006010727374814451,0.02013370208442211,0.0,0.0,0.3438357412815094,0.07439831644296646,5.483476707013324e-05,1.2869712114334106,0.0,0.0
569,3.363571882247925,0.05828225612640381,12.15363883972168,3.7647764682769775,0.5589982867240906,48.31267166137695,0.8067178726196289,0.8062185645103455,76.77,1.069294810295105,0.18924765288829803,0.012175630778074265,1.3521708250045776,0.0,0.0,0.358062207698822,0.00015369094035122544,0.003981390967965126,0.9905588030815125,0.0,0.0,1.1796890497207642,0.4796859920024872,0.016498222947120667,0.23530980944633484,0.011415853165090084,0.3821558952331543,0.28123077750205994,0.01882469840347767,0.0004486690158955753,0.654364287853241,0.9620287418365479,0.0,0.8356918096542358,0.2208823710680008,0.0005326250684447587,0.018270976841449738,0.0,0.0,0.3447696566581726,0.07130298018455505,0.00011084304424002767,1.2764596939086914,0.0,0.0
570,1.7819242477416992,0.726414144039154,24.263317108154297,7.638476848602295,0.5670996904373169,51.27820587158203,1.1728407144546509,1.1724846363067627,25.89,0.9966893792152405,0.007397920358926058,0.07266808301210403,12.648900032043457,0.0,0.0,0.3337116837501526,3.213757008779794e-05,0.0036875163204967976,0.6645285487174988,0.0,0.0,1.1555960178375244,0.523339033126831,0.020154478028416634,0.3409753441810608,0.018598007038235664,0.6421972513198853,0.28618350625038147,0.017401091754436493,0.0007890373235568404,0.5485708713531494,0.9880834817886353,0.0,0.8103306293487549,0.22298933565616608,0.0005221739411354065,0.01880459487438202,0.0,0.0,0.3447990417480469,0.04994664341211319,8.079408871708438e-05,1.286698341369629,0.0,0.0
571,1.6645017862319946,0.7053414583206177,16.97003746032715,3.903453826904297,0.4847974181175232,50.24681091308594,0.9319549798965454,0.9301621913909912,206.81,0.9164159893989563,0.0041458080522716045,0.07189380377531052,14.377305030822754,0.0,0.0,0.335775762796402,3.465242843958549e-05,0.0035980353131890297,0.6787293553352356,0.0,0.0,1.216469168663025,0.42623934149742126,0.016847534105181694,0.249930739402771,0.013631957583129406,0.43017953634262085,0.27588433027267456,0.014096197672188282,0.0005688940291292965,0.5613113045692444,0.9736894965171814,0.0,0.7669203877449036,0.2738117575645447,0.0004934843746013939,0.01859550178050995,0.0,0.0,0.3470469117164612,0.03795609623193741,0.00010132898023584858,1.285377860069275,0.0,0.0
572,4.055197238922119,0.08563337475061417,28.987401962280273,3.482137441635132,0.6807209253311157,52.396419525146484,1.1551377773284912,1.154584527015686,41.48,1.2680022716522217,0.19620977342128754,0.015092744491994381,1.3163214921951294,0.0,0.0,0.3491775095462799,0.0001331513631157577,0.0037319031544029713,0.9706740379333496,0.0,0.0,1.0467554330825806,0.5903615355491638,0.015051456168293953,0.16333617269992828,0.00928088091313839,0.272745281457901,0.30149075388908386,0.028675025328993797,0.00044371531112119555,0.7740144729614258,1.002976655960083,0.0,0.9348897933959961,0.1442982256412506,0.0006292885518632829,0.018692603334784508,0.0,0.0,0.3433590531349182,0.09531288594007492,3.0235518352128565e-05,1.2889255285263062,0.0,0.0
573,4.171187400817871,0.9815495014190674,40.41353225708008,3.156182050704956,0.5847774744033813,49.61727523803711,1.1600466966629028,1.1593718528747559,50.18,1.1430929899215698,0.020970093086361885,0.05567021667957306,13.926322937011719,0.0,0.0,0.37279513478279114,5.578402488026768e-05,0.0020140071865171194,0.5796698331832886,0.0,0.0,1.043891429901123,0.6618365049362183,0.015697341412305832,0.17774680256843567,0.011048869229853153,0.3009662330150604,0.2928076982498169,0.02127561904489994,0.0005120240966789424,0.6605606079101562,0.9971157908439636,0.0,0.8910315036773682,0.18632405996322632,0.0005416245548985898,0.020151272416114807,0.0,0.0,0.3442942798137665,0.047736067324876785,0.00020449969451874495,1.2396923303604126,0.0,0.0
574,2.3515732288360596,0.600735068321228,18.976781845092773,5.28249454498291,0.5722078680992126,41.992820739746094,1.0405640602111816,1.044281244277954,342.08,0.9841629266738892,0.00911668874323368,0.06004178151488304,13.317584037780762,0.0,0.0,0.3167114853858948,2.7030382625525817e-05,0.003460015868768096,0.7144044637680054,0.0,0.0,1.1928459405899048,0.44795405864715576,0.017589030787348747,0.27326419949531555,0.014353479258716106,0.4840286672115326,0.2852990925312042,0.018286360427737236,0.0006036271806806326,0.6131135821342468,0.9772286415100098,0.0,0.8052290081977844,0.2470495104789734,0.000516164000146091,0.018993588164448738,0.0,0.0,0.3452581763267517,0.0435577929019928,0.0001068360434146598,1.2841259241104126,0.0,0.0
575,5.731736660003662,0.16074419021606445,22.78389549255371,4.403151035308838,0.5259562730789185,40.453704833984375,1.0146849155426025,1.0176469087600708,286.85,1.1762890815734863,0.11232366412878036,0.02156377024948597,4.202361583709717,0.0,0.0,0.31309273838996887,6.932157702976838e-05,0.0038153701461851597,0.9338036179542542,0.0,0.0,1.1963118314743042,0.42204734683036804,0.01780887320637703,0.2508403956890106,0.013632348738610744,0.4473072588443756,0.28354665637016296,0.016596298664808273,0.0006106714135967195,0.5792186260223389,0.9841176867485046,0.0,0.7692216038703918,0.26900002360343933,0.0004960336955264211,0.017661314457654953,0.0,0.0,0.3473501205444336,0.05948833376169205,0.00012125386274419725,1.2778465747833252,0.0,0.0
576,4.297530651092529,0.0026158166583627462,17.555997848510742,6.5856194496154785,0.7755762934684753,47.0354118347168,1.125697374343872,1.1243194341659546,108.87,0.8942198157310486,0.24995017051696777,0.010750031098723412,0.8631049394607544,0.0,0.0,0.36306145787239075,0.00011211998207727447,0.0036426507867872715,1.0267294645309448,0.0,0.0,0.9460098147392273,0.5306543707847595,0.014390019699931145,0.21034835278987885,0.009730258025228977,0.37423884868621826,0.30541926622390747,0.031192194670438766,0.0004608974268194288,0.8401078581809998,0.9927010536193848,0.0,0.9860743880271912,0.15819063782691956,0.0006742985569871962,0.019018597900867462,0.0,0.0,0.34145447611808777,0.09394290298223495,2.3216678528115153e-05,1.2886171340942383,0.0,0.0
577,2.7758371829986572,0.5606198906898499,12.082605361938477,9.986348152160645,0.4462747275829315,47.68125534057617,0.8748904466629028,0.8807030320167542,754.37,1.2917710542678833,0.014692957513034344,0.03697695583105087,10.031983375549316,0.0,0.0,0.3064291775226593,1.2225038972246693e-06,0.003331526415422559,0.7407809495925903,0.0,0.0,1.528566598892212,0.3194534182548523,0.023010743781924248,0.5471270084381104,0.024549076333642006,0.9960381388664246,0.2623765766620636,0.008650148287415504,0.0008111826609820127,0.47046664357185364,0.9619203209877014,0.0,0.6670482754707336,0.33791401982307434,0.00039700805791653693,0.016965501010417938,0.0,0.0,0.3455680012702942,0.021626470610499382,9.865986794466153e-05,1.28800368309021,0.0,0.0
578,1.5725926160812378,0.22777557373046875,20.133731842041016,9.555341720581055,0.6273440718650818,44.673561096191406,1.1789146661758423,1.1821098327636719,229.27,1.0115073919296265,0.0817309319972992,0.04170277714729309,4.577559947967529,0.0,0.0,0.3481071889400482,0.00015770566824357957,0.003897294867783785,0.8978609442710876,0.0,0.0,1.1143690347671509,0.4430512487888336,0.020505759865045547,0.3670668601989746,0.01882154867053032,0.6976561546325684,0.2902858853340149,0.020240794867277145,0.000791743048466742,0.5954453945159912,0.9880961179733276,0.0,0.8222619891166687,0.2269117534160614,0.0005308276158757508,0.018064331263303757,0.0,0.0,0.34298938512802124,0.06963902711868286,7.489004929084331e-05,1.2818197011947632,0.0,0.0
579,4.836272239685059,0.06595205515623093,19.10314178466797,3.516660213470459,0.6105962991714478,41.305728912353516,0.9742406606674194,0.9742196798324585,2.21,1.0193144083023071,0.2073005884885788,0.014373651705682278,2.048447608947754,0.0,0.0,0.3403114080429077,0.0001102999085560441,0.00398138165473938,0.986769437789917,0.0,0.0,1.087282419204712,0.5136480927467346,0.015638217329978943,0.1938251256942749,0.010302738286554813,0.32646724581718445,0.29123932123184204,0.02195545844733715,0.00046401406871154904,0.701407790184021,0.9851043820381165,0.0,0.8582599759101868,0.21298082172870636,0.0005706165684387088,0.018308011814951897,0.0,0.0,0.3453347086906433,0.09422894567251205,5.696397056453861e-05,1.2843751907348633,0.0,0.0
580,3.294008493423462,0.48692527413368225,16.87598991394043,3.2870779037475586,0.5032370686531067,48.9653205871582,0.8790695071220398,0.8839864730834961,632.74,1.0322691202163696,0.02253839559853077,0.04164881259202957,10.76286792755127,0.0,0.0,0.30703669786453247,1.5561512554995716e-05,0.0034792176447808743,0.7691875100135803,0.0,0.0,1.22261381149292,0.4385008215904236,0.016203679144382477,0.2202017605304718,0.011856814846396446,0.36636507511138916,0.2780010998249054,0.015334171243011951,0.0004969069268554449,0.596601128578186,0.9711201786994934,0.0,0.7947262525558472,0.2616861164569855,0.0005134844686836004,0.018874064087867737,0.0,0.0,0.34671279788017273,0.045616548508405685,0.00010826766083482653,1.2833610773086548,0.0,0.0
581,4.081209182739258,0.7301893830299377,23.612276077270508,6.445410251617432,0.5080248117446899,40.94183349609375,1.074406385421753,1.075404405593872,86.38,1.0485775470733643,0.006937770638614893,0.045729219913482666,18.26950454711914,0.0,0.0,0.3196341097354889,1.112829977500951e-06,0.003390172030776739,0.6628143191337585,0.0,0.0,1.2318862676620483,0.3826805651187897,0.0194870475679636,0.3335031270980835,0.01787145622074604,0.6175525784492493,0.27948155999183655,0.01402291189879179,0.0007569562294520438,0.5162085890769958,0.9797912836074829,0.0,0.7368276715278625,0.3038085699081421,0.00046208041021600366,0.01825057715177536,0.0,0.0,0.34664446115493774,0.03178156912326813,0.0001418979954905808,1.2729480266571045,0.0,0.0
582,5.948347091674805,0.46852436661720276,16.258974075317383,4.208819389343262,0.7118034362792969,49.25233840942383,0.8845007419586182,0.8813561797142029,403.38,0.9232350587844849,0.031144462525844574,0.04109644517302513,12.325448989868164,0.0,0.0,0.28729870915412903,1.3981187976241927e-06,0.0031832021195441484,0.7780801057815552,0.0,0.0,1.0591037273406982,0.5491887331008911,0.013224214315414429,0.18382999300956726,0.008714577183127403,0.30941033363342285,0.2973652184009552,0.025145243853330612,0.0003769141621887684,0.8196611404418945,0.9846400022506714,0.0,0.9443027377128601,0.19083677232265472,0.0006266667624004185,0.020668894052505493,0.0,0.0,0.3428996205329895,0.08224067091941833,5.888789746677503e-05,1.2888072729110718,0.0,0.0
583,5.4754767417907715,0.46725326776504517,29.63404655456543,3.176417112350464,0.5337040424346924,47.56011199951172,1.0509237051010132,1.0526928901672363,159.92,1.3027698993682861,0.02755274996161461,0.03263845294713974,7.87700080871582,0.0,0.0,0.2957364320755005,5.773450084234355e-06,0.003459105035290122,0.778130292892456,0.0,0.0,1.1660913228988647,0.6538228988647461,0.016614658758044243,0.19461791217327118,0.011720715090632439,0.3305443227291107,0.28699764609336853,0.018380532041192055,0.0005400223308242857,0.607811689376831,0.991329550743103,0.0,0.8185611367225647,0.21631017327308655,0.0005301680648699403,0.01896035671234131,0.0,0.0,0.34728044271469116,0.05814770236611366,0.00011608222121139988,1.2760355472564697,0.0,0.0
584,3.6035561561584473,0.8395338654518127,21.826154708862305,5.811989784240723,0.7152804732322693,40.84576416015625,1.1419357061386108,1.1440486907958984,161.74,0.8489331603050232,0.016213426366448402,0.06645169109106064,21.495119094848633,0.0,0.0,0.3333074748516083,1.969093136722222e-05,0.0027722043450921774,0.6166148781776428,0.0,0.0,1.0039961338043213,0.5331575870513916,0.014853134751319885,0.21640241146087646,0.011306379921734333,0.3930676579475403,0.30015331506729126,0.025610605254769325,0.0005171268712729216,0.7663378715515137,0.9965611100196838,0.0,0.9305729269981384,0.1895410716533661,0.0006061717285774648,0.020498886704444885,0.0,0.0,0.3419289290904999,0.06833100318908691,7.366257341345772e-05,1.2781935930252075,0.0,0.0
585,5.4972710609436035,0.13471993803977966,26.348106384277344,3.894113779067993,0.42387130856513977,43.07860565185547,0.9938035607337952,0.9937481880187988,5.61,1.2706977128982544,0.10827239602804184,0.017533214762806892,3.4262542724609375,0.0,0.0,0.32118549942970276,7.984148396644741e-05,0.0042755138128995895,0.948280930519104,0.0,0.0,1.2615172863006592,0.4178440570831299,0.018322985619306564,0.2533852458000183,0.014401886612176895,0.44675227999687195,0.2747328281402588,0.012360714375972748,0.0006785412551835179,0.48909804224967957,0.979698657989502,0.0,0.7231122255325317,0.29125580191612244,0.00046546311932615936,0.017135748639702797,0.0,0.0,0.35064709186553955,0.05300167202949524,0.0001324191689491272,1.2759623527526855,0.0,0.0
586,2.248525381088257,0.7653771042823792,25.711009979248047,1.808447003364563,0.6503108143806458,51.8736686706543,0.9748483896255493,0.9729192852973938,203.4,0.8801740407943726,0.0055688112042844296,0.08152298629283905,12.516573905944824,0.0,0.0,0.334987998008728,2.9719625672441907e-05,0.0026809442788362503,0.647507905960083,0.0,0.0,1.042764663696289,0.609832227230072,0.013192432932555676,0.11726022511720657,0.006980517413467169,0.17194177210330963,0.29799020290374756,0.02599397301673889,0.0003193927404936403,0.793338418006897,0.9942798018455505,0.0,0.9595800638198853,0.1510448306798935,0.0006479212315753102,0.020694592967629433,0.0,0.0,0.3445069193840027,0.09033909440040588,3.903422475559637e-05,1.2918916940689087,0.0,0.0
587,4.701624870300293,0.26548710465431213,34.260379791259766,4.675002098083496,0.5120844841003418,40.00022888183594,1.1318577527999878,1.1346242427825928,215.42,1.3300648927688599,0.04795059189200401,0.023216262459754944,5.1775312423706055,0.0,0.0,0.30728858709335327,4.8574649554211646e-05,0.003960194531828165,0.8751040101051331,0.0,0.0,1.0908178091049194,0.35727962851524353,0.01808280125260353,0.24743914604187012,0.015207002870738506,0.4523468613624573,0.28520667552948,0.015799619257450104,0.0007267386536113918,0.5358600616455078,0.9941375851631165,0.0,0.785772979259491,0.2879032790660858,0.0004755465779453516,0.01877121441066265,0.0,0.0,0.34659937024116516,0.03654583543539047,0.00027841629344038665,1.2298452854156494,0.0,0.0
588,5.718051910400391,0.4853350520133972,35.53858947753906,2.725451946258545,0.6682883501052856,52.399681091308594,1.1296801567077637,1.1283668279647827,103.03,1.37234365940094,0.024691583588719368,0.035070743411779404,6.94605016708374,0.0,0.0,0.29184815287590027,3.2393784294981742e-06,0.0029103157576173544,0.7702474594116211,0.0,0.0,1.0784666538238525,0.5995760560035706,0.0142244016751647,0.14494824409484863,0.008479018695652485,0.23396256566047668,0.30076807737350464,0.027295760810375214,0.0003842352598439902,0.7802884578704834,1.0047369003295898,0.0,0.9342571496963501,0.15563468635082245,0.0006072915275581181,0.020161136984825134,0.0,0.0,0.3431718051433563,0.08541746437549591,8.480237011099234e-05,1.2753435373306274,0.0,0.0
589,1.671942114830017,0.0868615061044693,18.48054313659668,5.1520280838012695,0.5252025127410889,44.31227111816406,1.0309996604919434,1.0326037406921387,150.67,1.003322720527649,0.12578395009040833,0.0267660990357399,1.8818962574005127,0.0,0.0,0.37958675622940063,0.00022581688244827092,0.004526587203145027,0.9730404019355774,0.0,0.0,1.1694402694702148,0.44898495078086853,0.018685301765799522,0.28656667470932007,0.015003182925283909,0.5129814743995667,0.2811143398284912,0.016825590282678604,0.0006494671106338501,0.5674627423286438,0.9793688654899597,0.0,0.7691078186035156,0.24922862648963928,0.0005016742506995797,0.01709875278174877,0.0,0.0,0.34637266397476196,0.07174372673034668,6.905197369633242e-05,1.2856420278549194,0.0,0.0
590,5.311657428741455,0.7362051010131836,24.191787719726562,3.3436498641967773,0.6653848886489868,58.39920425415039,1.042301058769226,1.0425164699554443,19.82,1.1150472164154053,0.003300295677036047,0.04539013281464577,11.263072967529297,0.0,0.0,0.3145839273929596,8.469933163723908e-07,0.00268393917940557,0.6612428426742554,0.0,0.0,1.1111470460891724,0.5923506617546082,0.014309907332062721,0.1681213527917862,0.009308029897511005,0.2760865390300751,0.29712024331092834,0.02540472522377968,0.0004092970339115709,0.7667414546012878,0.9943609833717346,0.0,0.9205567240715027,0.15991325676441193,0.000610437651630491,0.02032356895506382,0.0,0.0,0.3436087965965271,0.0765194222331047,4.8961705033434555e-05,1.293605089187622,0.0,0.0
591,2.9079525470733643,0.4996723234653473,17.916854858398438,9.303942680358887,0.7017266154289246,57.746482849121094,1.1355910301208496,1.136734127998352,88.55,1.0249968767166138,0.02609628438949585,0.051597580313682556,10.096877098083496,0.0,0.0,0.30592381954193115,2.845203380275052e-05,0.0030402049887925386,0.7631756663322449,0.0,0.0,1.0657713413238525,0.539996325969696,0.017887694761157036,0.31851258873939514,0.0156966932117939,0.5921673774719238,0.2963206171989441,0.02383565902709961,0.0006445240578614175,0.6933360695838928,0.9878801107406616,0.0,0.9083042144775391,0.19148528575897217,0.0005904619465582073,0.019893096759915352,0.0,0.0,0.3412574827671051,0.07088402658700943,7.04145641066134e-05,1.2827388048171997,0.0,0.0
592,5.604639530181885,0.634509801864624,29.21984100341797,8.001219749450684,0.48679521679878235,43.280792236328125,1.1356569528579712,1.1375887393951416,149.53,1.25665283203125,0.008565900847315788,0.0355411171913147,13.920101165771484,0.0,0.0,0.3041136860847473,1.0932833447441226e-06,0.00328594702295959,0.7010851502418518,0.0,0.0,1.2546700239181519,0.35777124762535095,0.02143300138413906,0.38524988293647766,0.021318258717656136,0.7389765977859497,0.27817121148109436,0.012374727986752987,0.0009020700235851109,0.4602521061897278,0.986373782157898,0.0,0.7197917103767395,0.3193104863166809,0.0004381807812023908,0.018108725547790527,0.0,0.0,0.34672802686691284,0.026859072968363762,0.0001852209825301543,1.258639931678772,0.0,0.0
593,3.1961982250213623,0.21723170578479767,20.72736930847168,6.554689407348633,0.7046425342559814,53.8182258605957,1.1567951440811157,1.1561226844787598,50.28,1.1092629432678223,0.12952196598052979,0.028894687071442604,3.4155282974243164,0.0,0.0,0.32876673340797424,9.597516327630728e-05,0.003670650999993086,0.8988937735557556,0.0,0.0,1.047361135482788,0.5649023652076721,0.016600577160716057,0.2455354630947113,0.012577936984598637,0.4438462257385254,0.2995494604110718,0.026780089363455772,0.0005632331594824791,0.7361814975738525,0.9931084513664246,0.0,0.9170081615447998,0.1687627136707306,0.0006124292849563062,0.018893640488386154,0.0,0.0,0.34203946590423584,0.09383524954319,3.661311711766757e-05,1.2889492511749268,0.0,0.0
594,4.3990254402160645,0.5877659916877747,28.66419219970703,2.805708408355713,0.5055295825004578,53.447853088378906,1.0161985158920288,1.0151859521865845,98.15,1.3096524477005005,0.01199016161262989,0.03718247637152672,8.377954483032227,0.0,0.0,0.3064381778240204,9.892318075799267e-07,0.0031503031495958567,0.7245765924453735,0.0,0.0,1.224200963973999,0.7103921175003052,0.01651054061949253,0.18722645938396454,0.011479340493679047,0.3107350468635559,0.28409725427627563,0.017283987253904343,0.0005235031712800264,0.5908950567245483,0.9893602132797241,0.0,0.8058885335922241,0.20550169050693512,0.0005257789744064212,0.01895531639456749,0.0,0.0,0.34810081124305725,0.05443233624100685,9.17674187803641e-05,1.2875101566314697,0.0,0.0
595,4.043938159942627,0.9848235249519348,28.15610122680664,2.8731560707092285,0.7388458251953125,47.09672164916992,1.0980528593063354,1.0969784259796143,89.2,0.8888081908226013,0.04492386430501938,0.0674353614449501,16.297584533691406,0.0,0.0,0.3657337427139282,3.495979399303906e-05,0.0021886597387492657,0.5698423385620117,0.0,0.0,0.9700208902359009,0.5480267405509949,0.012330872006714344,0.12623099982738495,0.006789935287088156,0.19896313548088074,0.3054753541946411,0.030766136944293976,0.00032793715945445,0.8761451840400696,1.0022000074386597,0.0,0.9997584223747253,0.1376991868019104,0.0006612712750211358,0.02058383636176586,0.0,0.0,0.3417205512523651,0.09377763420343399,4.366693610791117e-05,1.2814135551452637,0.0,0.0
596,5.399118423461914,0.829085648059845,15.385063171386719,5.926512241363525,0.4061751067638397,49.532081604003906,0.8086917996406555,0.8100982904434204,214.69,1.1105595827102661,0.009309682995080948,0.03656091168522835,18.601360321044922,0.0,0.0,0.3414083421230316,3.1981537176761776e-05,0.00260662822984159,0.6327434182167053,0.0,0.0,1.45938241481781,0.36141037940979004,0.01917002536356449,0.38460877537727356,0.018155159428715706,0.6817634701728821,0.26170867681503296,0.008471984416246414,0.0006796121597290039,0.4738178253173828,0.9610501527786255,0.0,0.6997292041778564,0.31587761640548706,0.0004266604082658887,0.01758509874343872,0.0,0.0,0.34792542457580566,0.02690952643752098,9.682536619948223e-05,1.28677237033844,0.0,0.0
597,2.395892381668091,0.768203854560852,15.689840316772461,7.983946323394775,0.46278971433639526,50.80263137817383,0.9633781909942627,0.9675255417823792,444.95,1.0337071418762207,0.006341652944684029,0.05750734359025955,15.091185569763184,0.0,0.0,0.3345039188861847,1.2665682334045414e-06,0.003504242980852723,0.6541799306869507,0.0,0.0,1.3477026224136353,0.3573252260684967,0.02104661613702774,0.4375339150428772,0.021162869408726692,0.8044349551200867,0.26875513792037964,0.01053686998784542,0.0007880247430875897,0.47965356707572937,0.9677260518074036,0.0,0.709873378276825,0.31125885248184204,0.00043910546810366213,0.017787059769034386,0.0,0.0,0.3461168706417084,0.02730935625731945,9.683397365733981e-05,1.2875908613204956,0.0,0.0
598,3.4759161472320557,0.8619967699050903,25.170177459716797,3.626575231552124,0.6899715065956116,59.32879638671875,1.1111809015274048,1.110525131225586,53.14,1.0332120656967163,0.012159481644630432,0.06422165036201477,12.270500183105469,0.0,0.0,0.3401966691017151,8.476149560010526e-06,0.002437049290165305,0.6122283339500427,0.0,0.0,1.076512336730957,0.5795016288757324,0.01433680672198534,0.16630993783473969,0.009195470251142979,0.27724355459213257,0.3000931441783905,0.02745487540960312,0.00041442320798523724,0.7871150970458984,0.9967494010925293,0.0,0.957819938659668,0.14017996191978455,0.0006358499522320926,0.02043367549777031,0.0,0.0,0.34281936287879944,0.0905335545539856,3.632592415669933e-05,1.2946925163269043,0.0,0.0
599,5.9474945068359375,0.5508090853691101,24.343111038208008,9.707493782043457,0.5318493247032166,45.53208923339844,1.1169886589050293,1.1135748624801636,274.45,1.2575730085372925,0.016177264973521233,0.034955840557813644,12.409200668334961,0.0,0.0,0.29384487867355347,9.790967396838823e-07,0.003103290917351842,0.7376188635826111,0.0,0.0,1.2767053842544556,0.4067375063896179,0.022187750786542892,0.4324895739555359,0.02225935272872448,0.8259031176567078,0.2801232635974884,0.013904704712331295,0.0008814924512989819,0.4975074529647827,0.9840608835220337,0.0,0.7378972172737122,0.28517472743988037,0.00045898728421889246,0.017939986661076546,0.0,0.0,0.3453158736228943,0.035665206611156464,0.00012910860823467374,1.2765125036239624,0.0,0.0
600,3.0304203033447266,0.447529673576355,21.072921752929688,3.151280164718628,0.46846073865890503,41.9107780456543,0.9419296979904175,0.942341685295105,46.41,1.0797619819641113,0.023598801344633102,0.04023430123925209,10.208818435668945,0.0,0.0,0.3118942081928253,2.7783778932644054e-05,0.0036530878860503435,0.7881171107292175,0.0,0.0,1.2448697090148926,0.4219493269920349,0.016664473339915276,0.21531517803668976,0.01230400986969471,0.3623708188533783,0.27724528312683105,0.014330226927995682,0.0005507430760189891,0.5558712482452393,0.9755938649177551,0.0,0.7472746968269348,0.2872360050678253,0.00048182939644902945,0.01807161048054695,0.0,0.0,0.348758727312088,0.04201304912567139,0.00011803620145656168,1.2808531522750854,0.0,0.0
601,5.6784539222717285,0.5923873782157898,39.408565521240234,6.84977912902832,0.42978402972221375,48.945194244384766,1.1590986251831055,1.1555702686309814,263.42,1.540274977684021,0.008035528473556042,0.03141045197844505,9.12820816040039,0.0,0.0,0.3013351857662201,1.2033841585434857e-06,0.0034227650612592697,0.7220984101295471,0.0,0.0,1.2549059391021729,0.37990015745162964,0.021098632365465164,0.3497643768787384,0.021335486322641373,0.6623952388763428,0.2747211456298828,0.010200811550021172,0.0009634359739720821,0.4115724265575409,0.98826664686203,0.0,0.7095229029655457,0.32145291566848755,0.00041590299224480987,0.01831033267080784,0.0,0.0,0.3485759198665619,0.0214921236038208,0.0002576044644229114,1.2358938455581665,0.0,0.0
602,4.332357883453369,0.6623584032058716,14.248748779296875,3.672461748123169,0.7342532277107239,52.0528564453125,0.8378666043281555,0.8369064331054688,136.93,0.8024061918258667,0.002653902629390359,0.05696003511548042,16.450469970703125,0.0,0.0,0.3023633658885956,6.536951104862965e-07,0.0030601394828408957,0.6897230744361877,0.0,0.0,1.0134646892547607,0.5379686951637268,0.011832866817712784,0.15892933309078217,0.007429951801896095,0.2534768283367157,0.2982424795627594,0.02639416977763176,0.00031793795642443,0.8672787547111511,0.9807376861572266,0.0,0.99225252866745,0.18065477907657623,0.000657024618703872,0.021852392703294754,0.0,0.0,0.3418709635734558,0.07348611205816269,7.402090704999864e-05,1.2821662425994873,0.0,0.0
603,3.306180953979492,0.6388165950775146,18.20447540283203,4.72260046005249,0.6205793023109436,53.39091491699219,1.0105825662612915,1.0076895952224731,284.08,0.9312360286712646,0.007922734133899212,0.05627044662833214,14.339680671691895,0.0,0.0,0.31008023023605347,2.4254495656350628e-06,0.003266129409894347,0.6984272003173828,0.0,0.0,1.1107532978057861,0.5158841609954834,0.015962323173880577,0.23507627844810486,0.012204427272081375,0.40923529863357544,0.2897206246852875,0.020611191168427467,0.0005140880821272731,0.6832108497619629,0.9805029630661011,0.0,0.8672915697097778,0.21918432414531708,0.0005683840136043727,0.019926659762859344,0.0,0.0,0.34369713068008423,0.055617790669202805,8.176559640560299e-05,1.2854429483413696,0.0,0.0
604,1.22199285030365,0.7936025261878967,11.417576789855957,7.8096699714660645,0.6479824781417847,56.2958869934082,0.9403373599052429,0.9410886764526367,84.9,0.9134019017219543,0.005935588851571083,0.08774050325155258,13.129154205322266,0.0,0.0,0.34530261158943176,6.354154902510345e-05,0.0028565123211592436,0.6432577967643738,0.0,0.0,1.1602394580841064,0.4142736494541168,0.01748533733189106,0.33410513401031494,0.01575891673564911,0.5940588116645813,0.28676313161849976,0.02037438191473484,0.0005815110635012388,0.6713382005691528,0.9714912176132202,0.0,0.8322494626045227,0.23563413321971893,0.0005118479602970183,0.019472932443022728,0.0,0.0,0.34162911772727966,0.03410334512591362,0.00014840024232398719,1.2714601755142212,0.0,0.0
605,3.962284564971924,0.43896645307540894,16.30891227722168,8.087834358215332,0.5845943093299866,59.6723518371582,1.002334713935852,0.9976519346237183,468.29,1.1258224248886108,0.03478706255555153,0.034625858068466187,8.885763168334961,0.0,0.0,0.29688405990600586,9.398483598488383e-06,0.0032692637760192156,0.7885644435882568,0.0,0.0,1.1816519498825073,0.4005383849143982,0.019509313628077507,0.3714815080165863,0.017889173701405525,0.6855109930038452,0.2830697298049927,0.016766715794801712,0.0006897901766933501,0.5880628824234009,0.9780724048614502,0.0,0.8207041025161743,0.24811555445194244,0.0005174114485271275,0.019054552540183067,0.0,0.0,0.34308356046676636,0.04648558422923088,0.00013377246796153486,1.276563048362732,0.0,0.0
606,4.290579319000244,0.0993199273943901,28.838211059570312,1.7454047203063965,0.5793733596801758,50.03700256347656,0.9673752188682556,0.9718672037124634,477.79,1.2422480583190918,0.18398897349834442,0.015351920388638973,1.854659914970398,0.0,0.0,0.3456946909427643,0.00012960458116140217,0.0038813308347016573,0.9652462005615234,0.0,0.0,1.089200735092163,0.667898952960968,0.014879532158374786,0.1290045976638794,0.008097784593701363,0.1930377185344696,0.2930236756801605,0.023151254281401634,0.00039193645352497697,0.7043304443359375,0.9949666261672974,0.0,0.8807847499847412,0.1698838770389557,0.000593903474509716,0.01843973435461521,0.0,0.0,0.34671080112457275,0.096033476293087,4.2751606088131666e-05,1.2855172157287598,0.0,0.0
607,5.393117427825928,0.8869501948356628,42.60639953613281,5.007179260253906,0.40174585580825806,72.84380340576172,1.1171034574508667,1.1122028827667236,394.43,1.3590492010116577,0.006500748917460442,0.03155267611145973,6.317650318145752,0.0,0.0,0.35720711946487427,3.403707887628116e-05,0.0014815619215369225,0.6180841326713562,0.0,0.0,1.4387236833572388,0.7597789168357849,0.020525407046079636,0.2947278916835785,0.018186291679739952,0.5361427068710327,0.27293822169303894,0.011282285675406456,0.0008359000203199685,0.4332784116268158,0.9970834255218506,0.0,0.7623136043548584,0.1597478836774826,0.00048404227709397674,0.01781855896115303,0.0,0.0,0.35154590010643005,0.05748193711042404,3.6592671676771715e-05,1.3067160844802856,0.0,0.0
608,4.418366432189941,0.6107948422431946,27.225271224975586,5.011949062347412,0.6966736912727356,59.00298309326172,1.1854352951049805,1.1877437829971313,163.96,1.2500667572021484,0.007790206000208855,0.043333131819963455,8.378456115722656,0.0,0.0,0.30016571283340454,8.297533895529341e-07,0.0028862489853054285,0.7092794179916382,0.0,0.0,1.1124765872955322,0.5774624943733215,0.015589830465614796,0.20306506752967834,0.011257633566856384,0.35591331124305725,0.300902783870697,0.0272703617811203,0.0004989934386685491,0.7538608908653259,0.9999736547470093,0.0,0.92535400390625,0.1516050398349762,0.0006103983032517135,0.02012794464826584,0.0,0.0,0.3423987925052643,0.0816812589764595,4.645146691473201e-05,1.2942047119140625,0.0,0.0
609,2.155080795288086,0.39038923382759094,15.506718635559082,2.8667685985565186,0.7172829508781433,49.97254943847656,0.9146664142608643,0.912696361541748,235.99,0.852999210357666,0.04905625805258751,0.0620713010430336,7.728675842285156,0.0,0.0,0.32347577810287476,6.468067294918001e-05,0.00341451121494174,0.8077998161315918,0.0,0.0,0.9874519109725952,0.5530306100845337,0.012300757691264153,0.1363687962293625,0.006846282631158829,0.2123832106590271,0.299119234085083,0.02796141244471073,0.0003028736973647028,0.8618519306182861,0.9905148148536682,0.0,0.9962409734725952,0.1564263105392456,0.0006743317353539169,0.020395711064338684,0.0,0.0,0.34243327379226685,0.09437122195959091,3.856922558043152e-05,1.2861855030059814,0.0,0.0
610,5.005773544311523,0.4060719311237335,23.285398483276367,9.932633399963379,0.4053885042667389,54.5295524597168,1.0636144876480103,1.0637452602386475,11.56,1.4013116359710693,0.04113297909498215,0.02331216260790825,7.347728729248047,0.0,0.0,0.2912258207798004,9.895163657347439e-07,0.0036944483872503042,0.8031513690948486,0.0,0.0,1.42643141746521,0.38085246086120605,0.02427583374083042,0.522700846195221,0.02599761076271534,1.0038093328475952,0.2651805281639099,0.00766525324434042,0.0010050314012914896,0.40046072006225586,0.978696882724762,0.0,0.6819495558738708,0.3081558346748352,0.000425232807174325,0.016900474205613136,0.0,0.0,0.3482728898525238,0.035479836165905,8.038423402467743e-05,1.2930251359939575,0.0,0.0
611,3.8155267238616943,0.9425837993621826,17.92082977294922,1.8340866565704346,0.7404345273971558,49.12507247924805,0.8070041537284851,0.8039131760597229,476.44,0.7134678959846497,0.033792369067668915,0.07669303566217422,19.379261016845703,0.0,0.0,0.35425713658332825,1.5368057574960403e-05,0.0023764425422996283,0.5855403542518616,0.0,0.0,0.9573249220848083,0.5375213027000427,0.010604355484247208,0.09273307025432587,0.004656594712287188,0.12795642018318176,0.30163630843162537,0.029005274176597595,0.00021835062943864614,0.9267428517341614,1.0018690824508667,0.0,1.0328389406204224,0.13720637559890747,0.0007023420766927302,0.020987005904316902,0.0,0.0,0.3425285518169403,0.09545601159334183,2.9231598091428168e-05,1.2919435501098633,0.0,0.0
612,1.6068668365478516,0.941708505153656,14.545916557312012,9.414300918579102,0.7374398112297058,50.872283935546875,1.0867984294891357,1.0910414457321167,357.84,0.7258025407791138,0.024558452889323235,0.10131460428237915,19.04880142211914,0.0,0.0,0.36977043747901917,7.678997644688934e-05,0.0023731233086436987,0.5883561968803406,0.0,0.0,1.011223554611206,0.5247929096221924,0.016140829771757126,0.2982936203479767,0.014256034046411514,0.5587565302848816,0.29759010672569275,0.024928467348217964,0.0005820362130180001,0.7470147013664246,0.9915340542793274,0.0,0.9276440143585205,0.18207424879074097,0.0006036756676621735,0.020102323964238167,0.0,0.0,0.3411387503147125,0.07014898955821991,5.135848550708033e-05,1.2874999046325684,0.0,0.0
613,3.847921848297119,0.10085613280534744,24.134376525878906,2.125033378601074,0.5965886116027832,46.12440490722656,0.9700034260749817,0.9671246409416199,306.87,1.039735198020935,0.18375076353549957,0.017689727246761322,2.359332799911499,0.0,0.0,0.34881559014320374,0.00013042180216871202,0.004046520683914423,0.9637255668640137,0.0,0.0,1.0484651327133179,0.6477633118629456,0.014681525528430939,0.1405961960554123,0.008386697620153427,0.21772316098213196,0.29296934604644775,0.022983523085713387,0.00040072909905575216,0.7165890336036682,0.9906613230705261,0.0,0.8799307346343994,0.18926087021827698,0.0005970284109935164,0.018490873277187347,0.0,0.0,0.3459680676460266,0.09538037329912186,4.1277871787315235e-05,1.2844651937484741,0.0,0.0
614,5.999790668487549,0.7773569226264954,42.86514663696289,2.3635473251342773,0.7248340249061584,55.527462005615234,1.1464937925338745,1.1419531106948853,346.82,1.243769645690918,0.0009582652128301561,0.0454147607088089,9.982439994812012,0.0,0.0,0.316564679145813,8.222117457989953e-07,0.001972219906747341,0.653903603553772,0.0,0.0,1.0251421928405762,0.5467958450317383,0.012213700450956821,0.12680113315582275,0.006615132093429565,0.19257153570652008,0.304705947637558,0.031216183677315712,0.00026641887961886823,0.876963198184967,1.003833293914795,0.0,1.0229418277740479,0.13626445829868317,0.0006453440291807055,0.02201785519719124,0.0,0.0,0.3401453495025635,0.07117840647697449,0.00012596213491633534,1.2602436542510986,0.0,0.0
615,5.921336650848389,0.8526467084884644,25.119258880615234,2.3941900730133057,0.484562486410141,43.869300842285156,0.9060640931129456,0.9066376090049744,69.82,0.9913995265960693,0.013245170935988426,0.04339783266186714,18.492969512939453,0.0,0.0,0.3489963114261627,5.553644223255105e-05,0.002570349955931306,0.6280257701873779,0.0,0.0,1.1673542261123657,0.5350862741470337,0.01554109901189804,0.17471782863140106,0.010483249090611935,0.2841622829437256,0.2799215018749237,0.015359289012849331,0.0004877274332102388,0.5879156589508057,0.9804596900939941,0.0,0.8108335733413696,0.2322363406419754,0.0005260541802272201,0.01907031610608101,0.0,0.0,0.3489093780517578,0.05157307907938957,0.00010177568765357137,1.2796612977981567,0.0,0.0
616,5.802737236022949,0.7173377275466919,23.226348876953125,1.804115891456604,0.42456871271133423,57.61258316040039,0.8022347688674927,0.802074134349823,24.96,1.2152575254440308,0.010380344465374947,0.03699924051761627,11.040851593017578,0.0,0.0,0.3244412839412689,2.3910646632430144e-05,0.0023956801742315292,0.6781378388404846,0.0,0.0,1.2763755321502686,0.7034614682197571,0.015244417823851109,0.16040846705436707,0.00989439245313406,0.24371337890625,0.27345505356788635,0.01332325953990221,0.000452961161499843,0.5546736121177673,0.9767062664031982,0.0,0.8009635806083679,0.21504883468151093,0.0005211528623476624,0.019035818055272102,0.0,0.0,0.3499823808670044,0.051854997873306274,8.226164209190756e-05,1.2890217304229736,0.0,0.0
617,5.446532726287842,0.6306151747703552,22.57396697998047,2.440720796585083,0.7952840924263,46.63789367675781,0.9414273500442505,0.9406940340995789,82.8,0.8166935443878174,0.0007298935088329017,0.05094994232058525,13.749369621276855,0.0,0.0,0.29509231448173523,5.440151085167599e-07,0.0031242186669260263,0.7047145962715149,0.0,0.0,0.9555873870849609,0.5056149959564209,0.009919391945004463,0.09514595568180084,0.004391603637486696,0.135355144739151,0.30872297286987305,0.03286619484424591,0.00022365371114574373,0.9814612865447998,1.0055466890335083,0.0,1.0438146591186523,0.14174997806549072,0.0007155228522606194,0.021750852465629578,0.0,0.0,0.3416004478931427,0.09547174721956253,3.466889393166639e-05,1.2931044101715088,0.0,0.0
618,3.413165807723999,0.6878823637962341,24.889684677124023,5.29167366027832,0.4672852158546448,42.923336029052734,1.0547655820846558,1.0564851760864258,154.31,1.0629879236221313,0.006087127607315779,0.04834568873047829,15.108162879943848,0.0,0.0,0.3191913366317749,1.1271508810750674e-06,0.003733961144462228,0.6815341711044312,0.0,0.0,1.2454572916030884,0.40395256876945496,0.018917271867394447,0.302230566740036,0.016780635342001915,0.547637939453125,0.2768431007862091,0.012961248867213726,0.0007343680481426418,0.49704140424728394,0.9776930212974548,0.0,0.7225022912025452,0.308083176612854,0.000457656366052106,0.01807660050690174,0.0,0.0,0.3482438921928406,0.03215479478240013,0.00013650507025886327,1.2749085426330566,0.0,0.0
619,3.6844100952148438,0.1080833375453949,38.05087661743164,6.840540409088135,0.4237971007823944,56.18826675415039,1.173903226852417,1.1733959913253784,36.82,1.5625009536743164,0.10625442862510681,0.009457636624574661,1.4930404424667358,0.0,0.0,0.33963868021965027,0.00011949595500482246,0.004407399799674749,0.960453450679779,0.0,0.0,1.284123420715332,0.5340449213981628,0.022152073681354523,0.3537566363811493,0.02122310921549797,0.674213171005249,0.27457594871520996,0.010726500302553177,0.0010041157947853208,0.40794041752815247,0.9960491061210632,0.0,0.7206344604492188,0.25139904022216797,0.0004508183046709746,0.016779126599431038,0.0,0.0,0.3496517539024353,0.05501085892319679,0.00014339217159431428,1.2717031240463257,0.0,0.0
620,2.2357699871063232,0.7316449880599976,26.550771713256836,3.885263204574585,0.6218072772026062,57.36532211303711,1.1345938444137573,1.1350107192993164,32.37,1.0620373487472534,0.0045208316296339035,0.0698353573679924,10.217252731323242,0.0,0.0,0.3302604556083679,2.678000419109594e-05,0.002982634585350752,0.6609631776809692,0.0,0.0,1.1121106147766113,0.6237009167671204,0.016029763966798782,0.1961151510477066,0.011383052915334702,0.33887743949890137,0.29451173543930054,0.02324022725224495,0.0005068829050287604,0.690246045589447,0.9966939091682434,0.0,0.9068052768707275,0.15910394489765167,0.0005989279597997665,0.020055167376995087,0.0,0.0,0.3444459140300751,0.07294578105211258,4.544607509160414e-05,1.2936663627624512,0.0,0.0
621,1.0453829765319824,0.46406593918800354,15.906609535217285,2.5496156215667725,0.5272061824798584,49.27668762207031,0.8793522119522095,0.8766215443611145,354.24,0.8957400321960449,0.021584229543805122,0.07092535495758057,8.648768424987793,0.0,0.0,0.337963730096817,0.00011250183888478205,0.003673737635836005,0.7802658677101135,0.0,0.0,1.1442508697509766,0.4879557490348816,0.015256780199706554,0.17990393936634064,0.010166949592530727,0.2863341271877289,0.28118473291397095,0.017462272197008133,0.00043024178012274206,0.639572262763977,0.9725115299224854,0.0,0.8243420720100403,0.23401346802711487,0.0005400703521445394,0.01897704042494297,0.0,0.0,0.34638866782188416,0.05608450248837471,8.310515841003507e-05,1.2832505702972412,0.0,0.0
622,2.2029507160186768,0.5049175024032593,21.329383850097656,3.486811637878418,0.6153596639633179,51.50835418701172,1.0464050769805908,1.0455451011657715,78.6,0.9420897364616394,0.020796842873096466,0.06133858487010002,10.005704879760742,0.0,0.0,0.31864413619041443,5.4815707699162886e-05,0.003506898880004883,0.755409836769104,0.0,0.0,1.073843002319336,0.6001580357551575,0.015333248302340508,0.1882200390100479,0.010496404021978378,0.31724682450294495,0.2921629548072815,0.022140756249427795,0.00047185897710733116,0.7013673186302185,0.9869121313095093,0.0,0.8880437612533569,0.19512885808944702,0.000594604411162436,0.019649703055620193,0.0,0.0,0.34458523988723755,0.07683029770851135,4.933321542921476e-05,1.2892488241195679,0.0,0.0
623,2.1378962993621826,0.09620913118124008,20.905241012573242,7.154331684112549,0.713514506816864,44.96169662475586,1.1982868909835815,1.1972301006317139,73.66,0.9312990307807922,0.17373120784759521,0.029518062248826027,1.970670223236084,0.0,0.0,0.3707455098628998,0.0001784876803867519,0.0038399365730583668,0.9667497277259827,0.0,0.0,0.9808940291404724,0.5621044039726257,0.016815314069390297,0.25280436873435974,0.012921061366796494,0.4628116488456726,0.30057576298713684,0.027191394940018654,0.0005949524347670376,0.7333299517631531,0.9918466806411743,0.0,0.9119106531143188,0.180045947432518,0.000609984272159636,0.018515249714255333,0.0,0.0,0.3417513966560364,0.0929281935095787,3.552237103576772e-05,1.2830177545547485,0.0,0.0
624,3.3666107654571533,0.4745893180370331,16.209854125976562,2.9580743312835693,0.7609137296676636,57.946407318115234,0.8992703557014465,0.8996313810348511,44.63,0.8594897985458374,0.026671381667256355,0.05608551576733589,10.456439018249512,0.0,0.0,0.30340614914894104,2.1696429030271247e-05,0.003190073184669018,0.7684352397918701,0.0,0.0,0.9691001772880554,0.5280934572219849,0.01115860603749752,0.12270825356245041,0.005822086241096258,0.18659086525440216,0.30310341715812683,0.030112892389297485,0.00027281418442726135,0.9194983839988708,0.9915318489074707,0.0,1.045649766921997,0.14953744411468506,0.0007049413397908211,0.021416129544377327,0.0,0.0,0.341414213180542,0.09332168847322464,4.9177022447111085e-05,1.2805521488189697,0.0,0.0
625,1.7289960384368896,0.47685056924819946,22.38517189025879,8.218700408935547,0.580905556678772,59.19609451293945,1.166077733039856,1.167511224746704,105.29,1.1290886402130127,0.02708810567855835,0.05599003657698631,7.128215312957764,0.0,0.0,0.32151347398757935,6.33046220173128e-05,0.0037640631198883057,0.772652268409729,0.0,0.0,1.1640368700027466,0.5673661828041077,0.020664257928729057,0.35508355498313904,0.018897511065006256,0.673464834690094,0.2867312729358673,0.018125176429748535,0.0007858690805733204,0.5576452016830444,0.9907873868942261,0.0,0.8268402814865112,0.20487502217292786,0.0005349749117158353,0.018586019054055214,0.0,0.0,0.34397053718566895,0.06270197778940201,6.262016540858895e-05,1.289947748184204,0.0,0.0
626,2.3282017707824707,0.6664127111434937,12.011855125427246,7.336386680603027,0.7652732133865356,42.36015319824219,0.9452089667320251,0.9434224367141724,200.34,0.8462086915969849,0.008901888504624367,0.07446770370006561,14.24146842956543,0.0,0.0,0.3161318600177765,3.429487333050929e-05,0.002659044461324811,0.6871761083602905,0.0,0.0,1.0665284395217896,0.5207670331001282,0.014027057215571404,0.24749977886676788,0.010828913189470768,0.4278208911418915,0.29910150170326233,0.02793501503765583,0.00044413001160137355,0.8271685242652893,0.9738309383392334,0.0,0.974057137966156,0.171065092086792,0.0006288183503784239,0.02135889232158661,0.0,0.0,0.3412378132343292,0.06363211572170258,7.380059105344117e-05,1.2890340089797974,0.0,0.0
627,1.3716802597045898,0.7034532427787781,29.373035430908203,3.468614339828491,0.7456265091896057,42.38364791870117,1.1944847106933594,1.1901865005493164,302.34,0.7774065732955933,0.008100825361907482,0.10490793734788895,14.386040687561035,0.0,0.0,0.33353757858276367,7.100036600604653e-05,0.002685474930331111,0.6622990369796753,0.0,0.0,0.9258963465690613,0.5460659861564636,0.012467422522604465,0.13997751474380493,0.007543821819126606,0.2277921885251999,0.3068062663078308,0.030543018132448196,0.0003661176888272166,0.8650939464569092,0.9969536066055298,0.0,1.0039832592010498,0.16501547396183014,0.000657364260405302,0.021450186148285866,0.0,0.0,0.34106937050819397,0.07896638661623001,7.275198731804267e-05,1.2666712999343872,0.0,0.0
628,1.517300009727478,0.9239616990089417,17.344284057617188,7.4930901527404785,0.47450870275497437,47.6108283996582,1.014600157737732,1.013816475868225,76.19,0.8969478011131287,0.014991486445069313,0.07883621007204056,15.051397323608398,0.0,0.0,0.3741154968738556,5.7677745644468814e-05,0.0035783376079052687,0.5993688106536865,0.0,0.0,1.276698350906372,0.4550062417984009,0.0212169848382473,0.4034235179424286,0.019954530522227287,0.7501179575920105,0.27206143736839294,0.012021774426102638,0.0007714649545960128,0.48658671975135803,0.9723151922225952,0.0,0.7599958777427673,0.2438146024942398,0.0004754557739943266,0.0181818176060915,0.0,0.0,0.34681716561317444,0.039540112018585205,8.268701640190557e-05,1.2915456295013428,0.0,0.0
629,1.1394749879837036,0.4109064042568207,13.374667167663574,9.026744842529297,0.6981698870658875,47.842979431152344,1.0532554388046265,1.0440279245376587,839.15,0.9657320976257324,0.040640316903591156,0.06549269706010818,6.789283275604248,0.0,0.0,0.33323705196380615,0.00012838946713600308,0.003162532579153776,0.8063440918922424,0.0,0.0,1.124474048614502,0.48953449726104736,0.017806094139814377,0.32847660779953003,0.015315650030970573,0.5917809009552002,0.29365453124046326,0.024333469569683075,0.000601127278059721,0.7057926058769226,0.9758972525596619,0.0,0.8740332126617432,0.20010197162628174,0.0005588816711679101,0.019258391112089157,0.0,0.0,0.3416542708873749,0.06010296940803528,8.675685967318714e-05,1.2862809896469116,0.0,0.0
630,3.5139317512512207,0.7528514266014099,19.899625778198242,7.072751998901367,0.6440572738647461,43.665740966796875,1.1026538610458374,1.103183627128601,43.55,1.022796392440796,0.009378478862345219,0.05581983923912048,14.283740997314453,0.0,0.0,0.32097095251083374,5.886855888093123e-06,0.0028619710355997086,0.6515682935714722,0.0,0.0,1.116683840751648,0.5803642868995667,0.018143776804208755,0.2953193187713623,0.014883728697896004,0.5438699722290039,0.2916523218154907,0.021147921681404114,0.0006062943139113486,0.6566886305809021,0.9849737882614136,0.0,0.8901363611221313,0.18772965669631958,0.0005684370989911258,0.020070115104317665,0.0,0.0,0.34315356612205505,0.06036172807216644,9.143230272457004e-05,1.2829816341400146,0.0,0.0
631,5.0733561515808105,0.5976710915565491,16.53230857849121,7.4994215965271,0.7765495777130127,44.76627731323242,1.0238893032073975,1.025989294052124,199.9,0.8842258453369141,0.009790108539164066,0.04690032824873924,15.885990142822266,0.0,0.0,0.2930559813976288,7.084310027494212e-07,0.002641837578266859,0.7198599576950073,0.0,0.0,1.0269243717193604,0.5257880091667175,0.01374307181686163,0.23376989364624023,0.010696484707295895,0.42059725522994995,0.3025665581226349,0.027556663379073143,0.00046553308493457735,0.8297337889671326,0.9900729060173035,0.0,0.9675741195678711,0.18412747979164124,0.0006374026415869594,0.021209053695201874,0.0,0.0,0.34116509556770325,0.07567443698644638,6.356490484904498e-05,1.2872623205184937,0.0,0.0
632,2.5018200874328613,0.20687511563301086,10.107303619384766,7.903624057769775,0.5644293427467346,58.49166488647461,0.8323346376419067,0.8321478962898254,26.96,1.1315456628799438,0.1009058728814125,0.02580769918859005,3.39088773727417,0.0,0.0,0.33333396911621094,0.00010555673361523077,0.0035426283720880747,0.909915030002594,0.0,0.0,1.2081568241119385,0.394743949174881,0.020180676132440567,0.40217599272727966,0.01756163500249386,0.7069499492645264,0.2771826982498169,0.016301842406392097,0.0006047197384759784,0.5892590284347534,0.9592193365097046,0.0,0.8180251121520996,0.24116522073745728,0.00048831757158041,0.018619708716869354,0.0,0.0,0.3421459496021271,0.042309634387493134,0.00019540931680239737,1.2574307918548584,0.0,0.0
633,3.1020455360412598,0.5155730843544006,27.165285110473633,2.1826601028442383,0.6226072311401367,50.068023681640625,1.0193597078323364,1.0170141458511353,226.25,1.066599726676941,0.01857813261449337,0.05081808567047119,8.884873390197754,0.0,0.0,0.31035876274108887,3.161745917168446e-05,0.0031504202634096146,0.7512944340705872,0.0,0.0,1.0719366073608398,0.6309854984283447,0.014176756143569946,0.13712140917778015,0.00822226982563734,0.21259044110774994,0.29570284485816956,0.024162523448467255,0.0003825045714620501,0.7436766028404236,0.9938632249832153,0.0,0.9186990261077881,0.17149606347084045,0.0006144613143987954,0.020099155604839325,0.0,0.0,0.34500640630722046,0.08450443297624588,5.4105334129417315e-05,1.2863082885742188,0.0,0.0
634,5.782264709472656,0.780175507068634,28.638681411743164,2.6976568698883057,0.49395787715911865,50.8858757019043,0.980592668056488,0.9801548719406128,45.55,1.242451548576355,0.00831615086644888,0.03933225944638252,11.421219825744629,0.0,0.0,0.33215275406837463,2.673940070962999e-05,0.0026595937088131905,0.6516087055206299,0.0,0.0,1.2048280239105225,0.7177186012268066,0.01626312918961048,0.1855802834033966,0.011390065774321556,0.30687350034713745,0.2822941839694977,0.016556940972805023,0.0005234781419858336,0.5838104486465454,0.9894634485244751,0.0,0.8237650990486145,0.19646188616752625,0.0005343803204596043,0.01915256679058075,0.0,0.0,0.34856727719306946,0.057277288287878036,8.862613321980461e-05,1.284666657447815,0.0,0.0
635,1.5774362087249756,0.8026502132415771,20.807418823242188,9.988815307617188,0.5272316336631775,53.29814910888672,1.132849931716919,1.1338553428649902,78.27,0.962774932384491,0.008514700457453728,0.07522514462471008,14.604042053222656,0.0,0.0,0.3470521569252014,3.27232810377609e-05,0.0035912124440073967,0.6410521864891052,0.0,0.0,1.2277882099151611,0.4340920150279999,0.022486327216029167,0.44572535157203674,0.022881310433149338,0.8540886044502258,0.27873730659484863,0.013838708400726318,0.0009003274026326835,0.49317556619644165,0.9826666712760925,0.0,0.7698975801467896,0.24772249162197113,0.0004879562766291201,0.01819799281656742,0.0,0.0,0.34501269459724426,0.04180756211280823,8.724431972950697e-05,1.2903156280517578,0.0,0.0
636,3.2113587856292725,0.26554280519485474,36.125362396240234,6.544544219970703,0.46243929862976074,55.40312957763672,1.1820354461669922,1.1823958158493042,25.78,1.536891222000122,0.06033937633037567,0.02181951142847538,3.0125882625579834,0.0,0.0,0.32009926438331604,7.15048736310564e-05,0.004067195579409599,0.8750201463699341,0.0,0.0,1.2570492029190063,0.5616048574447632,0.021400662139058113,0.3317646086215973,0.01981699839234352,0.6273194551467896,0.2787150740623474,0.012871578335762024,0.0009166988893412054,0.44811081886291504,0.9949353933334351,0.0,0.7496286630630493,0.23766379058361053,0.00047069269930943847,0.01753556728363037,0.0,0.0,0.3482602834701538,0.05132024735212326,0.0001384339266223833,1.2734816074371338,0.0,0.0
637,2.1378800868988037,0.5783772468566895,32.969451904296875,3.1088578701019287,0.7971312403678894,50.25653076171875,1.1877355575561523,1.1868891716003418,60.04,0.9584073424339294,0.010156611911952496,0.07826128602027893,9.096080780029297,0.0,0.0,0.3161014914512634,4.924644963466562e-05,0.002407338470220566,0.7172417044639587,0.0,0.0,0.9495154023170471,0.5053383111953735,0.011017453856766224,0.11538403481245041,0.005602907855063677,0.17842593789100647,0.3114117681980133,0.035558901727199554,0.00026992085622623563,0.9552300572395325,1.0066267251968384,0.0,1.0797717571258545,0.12471290677785873,0.0007151523022912443,0.021801380440592766,0.0,0.0,0.3395543694496155,0.09299791604280472,4.413175702211447e-05,1.2786716222763062,0.0,0.0
638,5.082917213439941,0.051145464181900024,23.516860961914062,1.9487552642822266,0.49662110209465027,44.57218933105469,0.8935345411300659,0.8971959948539734,456.73,1.0758761167526245,0.20079293847084045,0.013735863380134106,2.064194679260254,0.0,0.0,0.3455476760864258,0.00012230286665726453,0.004519980400800705,0.9966593384742737,0.0,0.0,1.1208388805389404,0.5434675216674805,0.015559549443423748,0.15255753695964813,0.009364623576402664,0.2374521642923355,0.28312745690345764,0.01731082797050476,0.00045123015297576785,0.6136938333511353,0.984077513217926,0.0,0.8091609477996826,0.23109306395053864,0.0005449571763165295,0.017774300649762154,0.0,0.0,0.34901803731918335,0.09544140845537186,5.500038241734728e-05,1.2836246490478516,0.0,0.0
639,1.2867954969406128,0.3796710669994354,18.547883987426758,7.291567802429199,0.664634644985199,53.41659927368164,1.142615795135498,1.140594482421875,155.1,0.9888423085212708,0.049303486943244934,0.06201479956507683,6.203289985656738,0.0,0.0,0.33526578545570374,0.00011961904965573922,0.003670550649985671,0.8170135021209717,0.0,0.0,1.0728720426559448,0.5735878348350525,0.01796523854136467,0.2900097668170929,0.014727470465004444,0.530596911907196,0.29412397742271423,0.023409700021147728,0.0006262551760300994,0.6753813028335571,0.9852825999259949,0.0,0.87739497423172,0.1895523965358734,0.0005774777964688838,0.018875911831855774,0.0,0.0,0.34248054027557373,0.08548878133296967,4.8743422667030245e-05,1.2882447242736816,0.0,0.0
640,2.2226574420928955,0.15820984542369843,18.005970001220703,5.2237420082092285,0.5926381945610046,41.6799430847168,1.0446100234985352,1.0470017194747925,218.68,1.0029274225234985,0.11007263511419296,0.03013906627893448,3.0263285636901855,0.0,0.0,0.35341718792915344,0.00016392391989938915,0.0040295482613146305,0.9313331246376038,0.0,0.0,1.1324689388275146,0.4650142788887024,0.01761418767273426,0.2643018066883087,0.013593665324151516,0.4666162431240082,0.2876804769039154,0.020281342789530754,0.0005869248998351395,0.6383245587348938,0.9788586497306824,0.0,0.8253180384635925,0.22556400299072266,0.0005379258072935045,0.01815095916390419,0.0,0.0,0.34479162096977234,0.0729958713054657,7.399854803225026e-05,1.2838388681411743,0.0,0.0
641,2.3484060764312744,0.6220993399620056,25.295974731445312,7.775607109069824,0.5569056272506714,41.100704193115234,1.1730951070785522,1.1747939586639404,123.27,1.0361262559890747,0.009626413695514202,0.0594797320663929,14.451800346374512,0.0,0.0,0.3177066743373871,2.0857294657616876e-05,0.003598989685997367,0.7040503025054932,0.0,0.0,1.165034532546997,0.37921053171157837,0.02028304524719715,0.34796860814094543,0.019024014472961426,0.6553152203559875,0.2853800058364868,0.01650799997150898,0.0008182258461602032,0.5331532955169678,0.9843419194221497,0.0,0.7727802991867065,0.279493510723114,0.0004830077232327312,0.0185686144977808,0.0,0.0,0.3449118733406067,0.03617265820503235,0.00016237051750067621,1.265872597694397,0.0,0.0
642,3.5544888973236084,0.480611652135849,20.02347183227539,3.339061975479126,0.7621597647666931,52.015953063964844,1.0216201543807983,1.0195512771606445,198.63,0.9046139121055603,0.024811100214719772,0.051698967814445496,10.139480590820312,0.0,0.0,0.3014705777168274,2.096641037496738e-05,0.0031371561344712973,0.7652723789215088,0.0,0.0,0.9808692336082458,0.531039297580719,0.011769005097448826,0.13182005286216736,0.006545597687363625,0.21080151200294495,0.3050777316093445,0.030821925029158592,0.000314873963361606,0.9035218954086304,1.000931739807129,0.0,1.008583664894104,0.14837713539600372,0.0006882637972012162,0.020692236721515656,0.0,0.0,0.34174370765686035,0.09524035453796387,3.07790505758021e-05,1.292331337928772,0.0,0.0
643,1.1281237602233887,0.3424684703350067,20.560283660888672,2.682342529296875,0.4028795063495636,49.55891418457031,0.9052646160125732,0.9062482714653015,119.9,1.005932331085205,0.03874078392982483,0.05083520710468292,5.855318546295166,0.0,0.0,0.3480670154094696,0.0001450462732464075,0.004388756584376097,0.8438003063201904,0.0,0.0,1.2333357334136963,0.45108094811439514,0.016531124711036682,0.20530270040035248,0.012082009576261044,0.3391759693622589,0.27092885971069336,0.011974258348345757,0.0005607645725831389,0.510062575340271,0.9734746813774109,0.0,0.7344961762428284,0.2769428491592407,0.00048225311911664903,0.017533941194415092,0.0,0.0,0.35057395696640015,0.05091804638504982,7.93367435107939e-05,1.2872223854064941,0.0,0.0
644,1.020975112915039,0.48282724618911743,19.153284072875977,8.080434799194336,0.6488574147224426,56.524681091308594,1.1612576246261597,1.1613601446151733,7.6,0.9587904214859009,0.026596689596772194,0.07359142601490021,8.151089668273926,0.0,0.0,0.33234840631484985,0.00010427273082314059,0.0036275184247642756,0.7700654864311218,0.0,0.0,1.0862195491790771,0.5435426831245422,0.018861763179302216,0.31806960701942444,0.016342882066965103,0.5908908247947693,0.2924801707267761,0.02193482220172882,0.0006856092368252575,0.6411816477775574,0.9858314394950867,0.0,0.8651168346405029,0.1979598104953766,0.0005655543063767254,0.0190349780023098,0.0,0.0,0.34256765246391296,0.07075411826372147,5.606883132713847e-05,1.2882530689239502,0.0,0.0
645,5.465811729431152,0.46440738439559937,26.38703727722168,9.774701118469238,0.42659974098205566,57.50160598754883,1.1035679578781128,1.106278896331787,222.05,1.5358073711395264,0.030981481075286865,0.026321018114686012,6.675131320953369,0.0,0.0,0.2912108898162842,9.970406154025113e-07,0.0034585564862936735,0.7745384573936462,0.0,0.0,1.4135926961898804,0.48615479469299316,0.024338677525520325,0.49426203966140747,0.025588424876332283,0.9534613490104675,0.2691594362258911,0.009020731784403324,0.0010023259092122316,0.4062595069408417,0.9850583672523499,0.0,0.70262211561203,0.2685880661010742,0.00043812868534587324,0.017195221036672592,0.0,0.0,0.34802767634391785,0.038570694625377655,7.940439536469057e-05,1.293092131614685,0.0,0.0
646,2.4029839038848877,0.5934668183326721,11.284249305725098,6.078026294708252,0.7890660762786865,48.82592010498047,0.8818258047103882,0.8852143883705139,434.1,0.8070082664489746,0.00999995693564415,0.07590688019990921,13.153226852416992,0.0,0.0,0.3108830153942108,2.89940999209648e-05,0.0028559358324855566,0.7177731394767761,0.0,0.0,1.007275938987732,0.5115673542022705,0.01221250370144844,0.20222239196300507,0.008626120164990425,0.3394395411014557,0.3013216555118561,0.029476875439286232,0.00036832765908911824,0.887602686882019,0.9762729406356812,0.0,1.0331287384033203,0.15957078337669373,0.0006760291289538145,0.022012528032064438,0.0,0.0,0.3407084047794342,0.08323750644922256,6.576038140337914e-05,1.2828800678253174,0.0,0.0
647,1.3066271543502808,0.7154933214187622,39.899017333984375,1.6427029371261597,0.4782453179359436,59.175132751464844,0.9986258149147034,1.000387191772461,176.31,1.1272687911987305,0.000788508856203407,0.0729278177022934,7.833547115325928,0.0,0.0,0.345984548330307,6.849451892776415e-05,0.0025130410213023424,0.6818323731422424,0.0,0.0,1.1753125190734863,0.7531812191009521,0.015098168514668941,0.1416703462600708,0.009361572563648224,0.21492968499660492,0.2841266393661499,0.016950182616710663,0.00045649250387214124,0.5988653302192688,0.9926202893257141,0.0,0.8323048949241638,0.18189266324043274,0.0005424925475381315,0.019593333825469017,0.0,0.0,0.3503023087978363,0.053665466606616974,9.14171541808173e-05,1.2834538221359253,0.0,0.0
648,1.8212666511535645,0.009100386872887611,21.686553955078125,1.6666457653045654,0.6658502221107483,49.591976165771484,0.9309915900230408,0.9318015575408936,93.37,1.0373164415359497,0.2365962415933609,0.024731405079364777,0.7587140202522278,0.0,0.0,0.41102632880210876,0.0002334369346499443,0.0034796029794961214,1.0133780241012573,0.0,0.0,1.0107367038726807,0.5960747003555298,0.013382737524807453,0.10762355476617813,0.006259475369006395,0.15398789942264557,0.2988102436065674,0.028745165094733238,0.0002874241035897285,0.8222376704216003,1.0029226541519165,0.0,0.9179580807685852,0.1379811018705368,0.0006288155564107001,0.017613984644412994,0.0,0.0,0.3443140983581543,0.09651914983987808,2.0294322894187644e-05,1.2912858724594116,0.0,0.0
649,4.227871417999268,0.5894534587860107,30.994979858398438,3.8693225383758545,0.4922027885913849,44.64887619018555,1.0809059143066406,1.0802433490753174,56.74,1.1743696928024292,0.009005479514598846,0.040010493248701096,11.523303985595703,0.0,0.0,0.30617454648017883,1.064066736944369e-06,0.0035017342306673527,0.7228434085845947,0.0,0.0,1.1712197065353394,0.45730775594711304,0.017435533925890923,0.22901701927185059,0.013813583180308342,0.4024561643600464,0.28268179297447205,0.015275871381163597,0.0006417401600629091,0.5430164337158203,0.9852020144462585,0.0,0.7686634063720703,0.27526944875717163,0.00048522898578085005,0.018888182938098907,0.0,0.0,0.34800735116004944,0.03570786118507385,0.00017941028636414558,1.2618136405944824,0.0,0.0
650,2.761751174926758,0.14318741858005524,22.353879928588867,4.604761123657227,0.7778635621070862,48.20701599121094,1.1582789421081543,1.1564828157424927,134.09,0.9379448890686035,0.15598691999912262,0.030958082526922226,2.5350780487060547,0.0,0.0,0.35317444801330566,0.00013170023157726973,0.0034292873460799456,0.9371599555015564,0.0,0.0,0.9500554800033569,0.5302377939224243,0.012893718667328358,0.15683668851852417,0.007921278476715088,0.2645493149757385,0.30782797932624817,0.03319762274622917,0.00039833210757933557,0.8830122947692871,1.0006237030029297,0.0,0.9861716032028198,0.14588631689548492,0.0006749741150997579,0.019256016239523888,0.0,0.0,0.34112945199012756,0.09475383907556534,2.2468037059297785e-05,1.2899941205978394,0.0,0.0
651,1.7050271034240723,0.41255006194114685,27.05011558532715,9.824851036071777,0.4732664227485657,55.089412689208984,1.180424690246582,1.1785303354263306,136.17,1.2971240282058716,0.03404856100678444,0.042851272970438004,5.643952369689941,0.0,0.0,0.32282161712646484,5.531825445359573e-05,0.004245322663336992,0.8057792782783508,0.0,0.0,1.2814626693725586,0.47093966603279114,0.024088483303785324,0.45380914211273193,0.024688631296157837,0.8844025135040283,0.2758287787437439,0.011690909042954445,0.0010258057154715061,0.42803245782852173,0.9899876117706299,0.0,0.7353620529174805,0.25142902135849,0.0004640285624191165,0.01731189712882042,0.0,0.0,0.34677642583847046,0.047394026070833206,9.208072879118845e-05,1.2883063554763794,0.0,0.0
652,1.279577374458313,0.03567419946193695,14.149710655212402,8.27670669555664,0.6974572539329529,53.530086517333984,1.078005075454712,1.0779057741165161,8.55,0.861971378326416,0.2253136783838272,0.03176888823509216,1.3177131414413452,0.0,0.0,0.4024043381214142,0.00021711396402679384,0.003898960305377841,1.0080410242080688,0.0,0.0,1.018459439277649,0.5477943420410156,0.018146373331546783,0.3063003122806549,0.014092647470533848,0.5582284331321716,0.2951246201992035,0.02573375590145588,0.0005733808502554893,0.7105839848518372,0.9795364141464233,0.0,0.9013029932975769,0.17687207460403442,0.0005896705552004278,0.018313990905880928,0.0,0.0,0.341542512178421,0.09187626093626022,4.825785799766891e-05,1.2816529273986816,0.0,0.0
653,2.4749226570129395,0.5486992001533508,13.067282676696777,3.1465582847595215,0.713355541229248,48.57075881958008,0.8381536602973938,0.8409380912780762,395.05,0.8086827993392944,0.013524241745471954,0.07095630466938019,12.349349975585938,0.0,0.0,0.3115232288837433,2.9454702598741278e-05,0.003249094123020768,0.7357920408248901,0.0,0.0,1.013753890991211,0.5502384305000305,0.012208097614347935,0.1505310982465744,0.007231821306049824,0.23309768736362457,0.2965755760669708,0.026534544304013252,0.000305547087918967,0.8541578054428101,0.9768323302268982,0.0,1.0070072412490845,0.16676892340183258,0.000668793567456305,0.021513357758522034,0.0,0.0,0.3422662615776062,0.0902605727314949,5.8744826674228534e-05,1.2829385995864868,0.0,0.0
654,2.1946511268615723,0.5835451483726501,16.391986846923828,2.672586679458618,0.6811203956604004,53.60695266723633,0.9146113395690918,0.9123169779777527,274.97,0.8198366761207581,0.010423250496387482,0.07575579732656479,12.593304634094238,0.0,0.0,0.31780222058296204,3.5246415791334584e-05,0.0032144247088581324,0.7202610373497009,0.0,0.0,1.0109063386917114,0.5775970816612244,0.012741230428218842,0.14111381769180298,0.007487732917070389,0.21955415606498718,0.296066015958786,0.02532327175140381,0.0003261567326262593,0.8171910047531128,0.9868144989013672,0.0,0.9683288931846619,0.1759321242570877,0.0006501227035187185,0.020853394642472267,0.0,0.0,0.34290555119514465,0.08882059901952744,5.354942913982086e-05,1.2837131023406982,0.0,0.0
655,1.958980679512024,0.9269228577613831,26.930341720581055,6.077615261077881,0.4322216212749481,59.04703140258789,1.0900050401687622,1.0908544063568115,71.43,1.1249423027038574,0.011819876730442047,0.06524835526943207,11.359074592590332,0.0,0.0,0.3741990029811859,4.188417733530514e-05,0.003312308806926012,0.6010861396789551,0.0,0.0,1.3040980100631714,0.645415723323822,0.020851951092481613,0.34248587489128113,0.01917501725256443,0.6354086399078369,0.273708313703537,0.011718694120645523,0.0008275468135252595,0.4474353790283203,0.983251690864563,0.0,0.741652250289917,0.21947890520095825,0.00047049313434399664,0.01768895983695984,0.0,0.0,0.349017471075058,0.04434037208557129,7.35367793822661e-05,1.2942990064620972,0.0,0.0
656,4.2135443687438965,0.5536453723907471,24.092042922973633,5.412923812866211,0.6919533014297485,52.489479064941406,1.1556594371795654,1.154732584953308,69.45,1.1095597743988037,0.016058964654803276,0.043980374932289124,9.728921890258789,0.0,0.0,0.29761993885040283,8.060706022661179e-07,0.003172156400978565,0.7335219383239746,0.0,0.0,1.0880391597747803,0.5760749578475952,0.01571817882359028,0.21862277388572693,0.011723204515874386,0.38616764545440674,0.29933497309684753,0.025933587923645973,0.0005218599690124393,0.7417851090431213,0.9932185411453247,0.0,0.9075097441673279,0.17645485699176788,0.0005990533391013741,0.020001409575343132,0.0,0.0,0.3424580991268158,0.07439322024583817,5.80012310820166e-05,1.2888926267623901,0.0,0.0
657,1.1320356130599976,0.521188497543335,23.66802406311035,4.547722816467285,0.629910945892334,45.55110549926758,1.1466314792633057,1.1459091901779175,54.97,0.8933296203613281,0.015941936522722244,0.07992099970579147,9.760637283325195,0.0,0.0,0.3329567015171051,0.00010196142102358863,0.003678621258586645,0.7459443807601929,0.0,0.0,1.0493741035461426,0.5631812214851379,0.01618110202252865,0.21602076292037964,0.01207469217479229,0.3804416060447693,0.29421526193618774,0.022711511701345444,0.0005507555906660855,0.6849222779273987,0.989548921585083,0.0,0.8753772377967834,0.2003781497478485,0.0005798112251795828,0.01941395178437233,0.0,0.0,0.3442625105381012,0.0712018683552742,5.738641993957572e-05,1.2840831279754639,0.0,0.0
658,2.4454360008239746,0.6369832754135132,16.38802719116211,8.551651954650879,0.728101909160614,53.00331115722656,1.1073240041732788,1.1001675128936768,587.44,0.9002033472061157,0.009649675339460373,0.06904494762420654,13.665870666503906,0.0,0.0,0.31481993198394775,2.69719948846614e-05,0.002814596053212881,0.7013834714889526,0.0,0.0,1.0511820316314697,0.5277330875396729,0.016355356201529503,0.28718337416648865,0.013809621334075928,0.5229477882385254,0.2981649935245514,0.025377698242664337,0.0005733886500820518,0.7416183948516846,0.9836033582687378,0.0,0.933977484703064,0.18804386258125305,0.0006090106326155365,0.020581891760230064,0.0,0.0,0.3411064147949219,0.06613301485776901,6.951081013539806e-05,1.2850924730300903,0.0,0.0
659,4.261786460876465,0.16182772815227509,17.702354431152344,9.003029823303223,0.711327075958252,51.82915496826172,1.1126688718795776,1.1097925901412964,232.93,1.0815645456314087,0.16363246738910675,0.020466886460781097,3.537632465362549,0.0,0.0,0.32300424575805664,8.011794852791354e-05,0.0035296690184623003,0.9353426098823547,0.0,0.0,1.0522804260253906,0.5465519428253174,0.01775546371936798,0.30848318338394165,0.014755257405340672,0.5700620412826538,0.2979006767272949,0.025226345285773277,0.0006213505985215306,0.7122708559036255,0.9883654117584229,0.0,0.9187370538711548,0.18248067796230316,0.0006065813358873129,0.0191346388310194,0.0,0.0,0.3417440354824066,0.09260110557079315,4.7673704102635384e-05,1.2855100631713867,0.0,0.0
660,5.267034530639648,0.4817277491092682,15.214138984680176,9.373370170593262,0.7800031304359436,51.25290298461914,1.0013710260391235,1.0012048482894897,16.58,0.9582082629203796,0.029483389109373093,0.04138646647334099,11.985451698303223,0.0,0.0,0.288448691368103,1.6493562497998937e-06,0.002432221081107855,0.7760042548179626,0.0,0.0,1.0466530323028564,0.5227795839309692,0.014784833416342735,0.2735692858695984,0.012085474096238613,0.49566352367401123,0.3019486963748932,0.02736632712185383,0.0004986822605133057,0.8085395097732544,0.9845990538597107,0.0,0.9627495408058167,0.18480272591114044,0.0006283666007220745,0.020998219028115273,0.0,0.0,0.34089919924736023,0.07493952661752701,7.548765279352665e-05,1.2841007709503174,0.0,0.0
661,3.3299970626831055,0.7753047943115234,16.352073669433594,6.356247901916504,0.6757200956344604,58.70560073852539,1.0197710990905762,1.0188491344451904,88.74,0.874128520488739,0.0047174799256026745,0.06558067351579666,17.551794052124023,0.0,0.0,0.32442909479141235,1.145133296631684e-06,0.0027960906736552715,0.6448974609375,0.0,0.0,1.073790192604065,0.48959168791770935,0.015827767550945282,0.2640211582183838,0.012999115511775017,0.47029709815979004,0.2930349111557007,0.02231154404580593,0.0005313224974088371,0.7175354957580566,0.9808037281036377,0.0,0.890245258808136,0.21537701785564423,0.0005739896441809833,0.020418673753738403,0.0,0.0,0.34183409810066223,0.050316520035266876,0.00010664206638466567,1.2780958414077759,0.0,0.0
662,2.3139071464538574,0.9239326119422913,13.873597145080566,4.073880195617676,0.6033005118370056,58.22951889038086,0.8866651058197021,0.8901953101158142,447.25,0.7891510725021362,0.014757020398974419,0.08445820212364197,19.85049819946289,0.0,0.0,0.3624313175678253,3.8594887882936746e-05,0.0026218993589282036,0.5958456993103027,0.0,0.0,1.0927072763442993,0.42791619896888733,0.015124575234949589,0.2219611555337906,0.011343277990818024,0.37574437260627747,0.28535351157188416,0.019126329571008682,0.00045905864681117237,0.6886060237884521,0.9726030230522156,0.0,0.873306155204773,0.22727902233600616,0.0005531854112632573,0.020100999623537064,0.0,0.0,0.3430432081222534,0.04492710158228874,0.00013274048978928477,1.2690221071243286,0.0,0.0
663,3.963102340698242,0.21153317391872406,19.35646629333496,1.9742343425750732,0.6681166887283325,40.16880798339844,0.8794628381729126,0.8751318454742432,562.73,0.9071707725524902,0.1143408715724945,0.028139250352978706,5.102724075317383,0.0,0.0,0.3234536349773407,7.348230428760871e-05,0.003594496985897422,0.9036141633987427,0.0,0.0,0.9948384761810303,0.5908797979354858,0.012715770862996578,0.11856749653816223,0.006587765645235777,0.17514076828956604,0.29740050435066223,0.025724947452545166,0.00030510869692079723,0.8187353610992432,0.9917816519737244,0.0,0.9525468349456787,0.18001417815685272,0.0006457263953052461,0.019826842471957207,0.0,0.0,0.34430089592933655,0.09488780051469803,4.2822972318390384e-05,1.2840520143508911,0.0,0.0
664,3.1769728660583496,0.3065847158432007,19.64479637145996,2.9338438510894775,0.6761240363121033,54.49223709106445,0.9891636371612549,0.9855937361717224,366.18,0.9892591238021851,0.08433417230844498,0.038389261811971664,5.7917160987854,0.0,0.0,0.31967777013778687,6.955634307814762e-05,0.0035649617202579975,0.8500867486000061,0.0,0.0,1.0282807350158691,0.5845203995704651,0.01369523350149393,0.15063494443893433,0.008111318573355675,0.24165397882461548,0.2976129353046417,0.026317300274968147,0.00036985179758630693,0.7969913482666016,0.9927550554275513,0.0,0.943844199180603,0.16689783334732056,0.0006400224519893527,0.019632257521152496,0.0,0.0,0.34331610798835754,0.09499749541282654,3.755033321795054e-05,1.2885138988494873,0.0,0.0
665,3.1017346382141113,0.2836167514324188,14.880498886108398,2.571599006652832,0.7842294573783875,47.2485466003418,0.8324836492538452,0.8347871899604797,331.47,0.8377677202224731,0.0807875543832779,0.04392942786216736,5.90952205657959,0.0,0.0,0.3220446705818176,5.345423051039688e-05,0.003343933029100299,0.8626540303230286,0.0,0.0,0.9392796754837036,0.5091664791107178,0.010240521281957626,0.10270164161920547,0.004583633970469236,0.1482749581336975,0.3049912452697754,0.032387327402830124,0.0002217862056568265,0.9702174663543701,0.9992703795433044,0.0,1.0640641450881958,0.1330849826335907,0.0007307578343898058,0.020570887252688408,0.0,0.0,0.34172168374061584,0.09484636038541794,2.5903233108692802e-05,1.289249300956726,0.0,0.0
666,3.639864921569824,0.009861396625638008,20.820131301879883,2.3889265060424805,0.6056986451148987,48.74895095825195,0.968044638633728,0.964072585105896,425.61,0.9846788048744202,0.2471701204776764,0.01119119394570589,1.0502253770828247,0.0,0.0,0.37435677647590637,0.00016090519784484059,0.004258887842297554,1.0159790515899658,0.0,0.0,1.030198574066162,0.6346995234489441,0.014836807735264301,0.1499699056148529,0.008561436086893082,0.23690712451934814,0.29249221086502075,0.02327733114361763,0.0004004238289780915,0.7239401340484619,0.9904080629348755,0.0,0.8811373710632324,0.1866152137517929,0.0006044514011591673,0.01794048398733139,0.0,0.0,0.3455202579498291,0.09560459107160568,2.8855478376499377e-05,1.2883528470993042,0.0,0.0
667,1.9732171297073364,0.2809005379676819,12.283855438232422,6.882441520690918,0.44323453307151794,48.782588958740234,0.8702436089515686,0.8680025935173035,296.68,1.2916386127471924,0.05506901815533638,0.029474887996912003,4.079517841339111,0.0,0.0,0.3298223316669464,0.00010000602924264967,0.0039046737365424633,0.8729001879692078,0.0,0.0,1.4324800968170166,0.36182206869125366,0.020850490778684616,0.417865127325058,0.01950758323073387,0.7371198534965515,0.2657129764556885,0.010697748512029648,0.0007090306608006358,0.4883778989315033,0.9594672322273254,0.0,0.6953164935112,0.3060203194618225,0.0004214012296870351,0.016883082687854767,0.0,0.0,0.3462010324001312,0.031072454527020454,0.00011464648559922352,1.2819418907165527,0.0,0.0
668,5.503696441650391,0.1605762094259262,13.57131576538086,5.753918170928955,0.7978944778442383,52.56069564819336,0.8637987375259399,0.8615107536315918,307.45,0.9726824760437012,0.1493590772151947,0.024847986176609993,3.7430782318115234,0.0,0.0,0.31426963210105896,4.6981778723420575e-05,0.003264583880081773,0.9374936819076538,0.0,0.0,0.9774648547172546,0.5099128484725952,0.012810774147510529,0.1857176423072815,0.00750564644113183,0.31936144828796387,0.3045985996723175,0.031488168984651566,0.00033143829205073416,0.9050852656364441,0.9847412109375,0.0,1.0531301498413086,0.13594193756580353,0.000697893148753792,0.02062268927693367,0.0,0.0,0.341467946767807,0.0929333046078682,4.082571103936061e-05,1.283644676208496,0.0,0.0
669,5.108966827392578,0.8703469634056091,22.8089656829834,8.871114730834961,0.5097900629043579,44.38609313964844,1.0751628875732422,1.0780082941055298,245.5,1.0747950077056885,0.011906061321496964,0.041690289974212646,19.877756118774414,0.0,0.0,0.3481194078922272,4.087560228072107e-05,0.00278833438642323,0.6113492846488953,0.0,0.0,1.2738211154937744,0.4049237072467804,0.02169431932270527,0.4245496690273285,0.021461693570017815,0.8013752698898315,0.2768232822418213,0.01306819450110197,0.0008579345885664225,0.49023452401161194,0.9782560467720032,0.0,0.7534802556037903,0.26729682087898254,0.00046772684436291456,0.01808827742934227,0.0,0.0,0.34588733315467834,0.03699331358075142,0.00012151142436778173,1.2792068719863892,0.0,0.0
670,1.8509725332260132,0.7373887896537781,19.24985694885254,8.812271118164062,0.4830160439014435,53.52470016479492,1.0679200887680054,1.0696662664413452,152.86,1.0022902488708496,0.006689944304525852,0.06577490270137787,14.379801750183105,0.0,0.0,0.3348313271999359,1.1116021596535575e-05,0.0037331311032176018,0.6656323075294495,0.0,0.0,1.2851159572601318,0.3929177224636078,0.021952174603939056,0.44177550077438354,0.02231614664196968,0.8340457081794739,0.27337706089019775,0.011731867678463459,0.0008738840115256608,0.4721669852733612,0.9768787026405334,0.0,0.7371925115585327,0.2803974151611328,0.00046498049050569534,0.017919572070240974,0.0,0.0,0.3459921181201935,0.03550645709037781,8.858517685439438e-05,1.290157437324524,0.0,0.0
671,2.4117190837860107,0.24757538735866547,20.859861373901367,4.062251567840576,0.7215496301651001,41.795005798339844,1.1028062105178833,1.1040802001953125,104.63,0.8891017436981201,0.10212068259716034,0.04420243948698044,5.113526344299316,0.0,0.0,0.33716657757759094,0.00010984273831127211,0.003459136700257659,0.8791503310203552,0.0,0.0,0.9684805274009705,0.5576508641242981,0.013734431937336922,0.16806340217590332,0.008669523522257805,0.28420454263687134,0.302104115486145,0.028588419780135155,0.00040985108353197575,0.8217369318008423,0.9937123656272888,0.0,0.9647714495658875,0.16858777403831482,0.0006503289332613349,0.01980336755514145,0.0,0.0,0.3423320949077606,0.09393700212240219,3.8538812077604234e-05,1.283382534980774,0.0,0.0
672,4.711623191833496,0.17366839945316315,25.985963821411133,2.2240147590637207,0.5800117254257202,40.21794128417969,0.9809198379516602,0.9810711145401001,15.72,1.0407474040985107,0.12093957513570786,0.021946225315332413,4.450118064880371,0.0,0.0,0.32343459129333496,8.315602462971583e-05,0.0037949462421238422,0.9258803129196167,0.0,0.0,1.0525026321411133,0.49629202485084534,0.014820617623627186,0.14601413905620575,0.008815468288958073,0.23215503990650177,0.2918681800365448,0.021197311580181122,0.000425213947892189,0.6909772753715515,0.9901866912841797,0.0,0.8616552352905273,0.22318515181541443,0.0005699729663319886,0.01892119273543358,0.0,0.0,0.3463729918003082,0.08345646411180496,8.650282688904554e-05,1.2700128555297852,0.0,0.0
673,4.721940517425537,0.3988599479198456,20.892271041870117,2.0211026668548584,0.460304856300354,43.295249938964844,0.8321548104286194,0.8314011096954346,108.94,1.068866491317749,0.04029848426580429,0.03056401014328003,10.010442733764648,0.0,0.0,0.3010142743587494,1.5137928130570799e-05,0.003576477523893118,0.8144756555557251,0.0,0.0,1.217856764793396,0.44283440709114075,0.01525835134088993,0.16434717178344727,0.009853724390268326,0.2575843036174774,0.2769535779953003,0.014304458163678646,0.00045194022823125124,0.581634521484375,0.9756652116775513,0.0,0.7724385857582092,0.2763548493385315,0.0005066387238912284,0.01844376139342785,0.0,0.0,0.34941238164901733,0.05045601725578308,0.00010996680794050917,1.2829837799072266,0.0,0.0
674,5.717195510864258,0.9799667596817017,31.9002628326416,4.123135089874268,0.46676725149154663,50.37434768676758,1.0582274198532104,1.0579570531845093,24.15,1.1686450242996216,0.02032311260700226,0.040537379682064056,13.126350402832031,0.0,0.0,0.38563722372055054,0.00010883415234275162,0.002256701234728098,0.5828942060470581,0.0,0.0,1.2072880268096924,0.6627746820449829,0.018193358555436134,0.248480886220932,0.014753698371350765,0.43942564725875854,0.27911025285720825,0.014445473439991474,0.0006803612341172993,0.5147581696510315,0.9861695170402527,0.0,0.7995933294296265,0.20512671768665314,0.0005040396936237812,0.01868279092013836,0.0,0.0,0.3488369584083557,0.049475736916065216,0.00012079090083716437,1.2748302221298218,0.0,0.0
675,2.5525708198547363,0.18912841379642487,15.628447532653809,6.2369065284729,0.6425471305847168,41.797760009765625,1.024570107460022,1.0229517221450806,154.41,0.9784449338912964,0.11193849891424179,0.03073883429169655,3.7346575260162354,0.0,0.0,0.34036189317703247,0.00012914565741084516,0.00388886034488678,0.9155236482620239,0.0,0.0,1.0913867950439453,0.46651655435562134,0.01715189591050148,0.27801066637039185,0.013667222112417221,0.5026375651359558,0.29070448875427246,0.021809466183185577,0.0005742034409195185,0.6809977889060974,0.9843491315841675,0.0,0.8698093891143799,0.20889844000339508,0.0005681953043676913,0.018809324130415916,0.0,0.0,0.3434004783630371,0.08136485517024994,6.087746805860661e-05,1.2852915525436401,0.0,0.0
676,4.673191070556641,0.392555832862854,26.63493537902832,7.5527520179748535,0.592970609664917,75.28384399414062,1.1798436641693115,1.1793617010116577,34.64,1.6546308994293213,0.04978359490633011,0.02731587365269661,3.990841865539551,0.0,0.0,0.2951715886592865,1.7828155250754207e-05,0.0029051927849650383,0.8070935606956482,0.0,0.0,1.2377623319625854,0.6103155016899109,0.020610062405467033,0.3265637159347534,0.017894919961690903,0.6114711165428162,0.28982964158058167,0.02005884423851967,0.0007373691187240183,0.5750952363014221,0.9985386729240417,0.0,0.8515447378158569,0.16441433131694794,0.0005438358639366925,0.01874658651649952,0.0,0.0,0.34391915798187256,0.07431050390005112,7.244453445309773e-05,1.2899541854858398,0.0,0.0
677,4.892566680908203,0.055331163108348846,21.820791244506836,2.644587993621826,0.4095461666584015,58.67166519165039,0.8837169408798218,0.8854324221611023,219.24,1.3005397319793701,0.18723970651626587,0.00951825175434351,1.4594885110855103,0.0,0.0,0.3452308177947998,0.00014200134319253266,0.004369690082967281,0.9895651340484619,0.0,0.0,1.2687352895736694,0.5793944001197815,0.017085982486605644,0.20576444268226624,0.011708131060004234,0.33502933382987976,0.2724331021308899,0.01288991142064333,0.0005429499433375895,0.5184520483016968,0.9739400744438171,0.0,0.7679157853126526,0.23312926292419434,0.000506674638018012,0.017323480919003487,0.0,0.0,0.35019949078559875,0.07944228500127792,6.134761497378349e-05,1.288646936416626,0.0,0.0
678,3.5540382862091064,0.5271192193031311,24.98069953918457,4.47706413269043,0.5172379612922668,42.98328399658203,1.0630038976669312,1.0611621141433716,163.28,1.3279306888580322,0.0151639049872756,0.03847716376185417,8.318971633911133,0.0,0.0,0.3053388297557831,3.651544830063358e-06,0.0035486463457345963,0.7478591203689575,0.0,0.0,1.2047265768051147,0.6202855110168457,0.018287336453795433,0.25364410877227783,0.01439044252038002,0.4507169723510742,0.282993882894516,0.016320573166012764,0.0006238475325517356,0.5618323087692261,0.9851073026657104,0.0,0.7874038219451904,0.22767263650894165,0.00049834098899737,0.018532680347561836,0.0,0.0,0.3470572233200073,0.049583498388528824,0.0001377608859911561,1.2745931148529053,0.0,0.0
679,4.887918472290039,0.6932640671730042,14.348837852478027,5.581024646759033,0.4873749911785126,49.11056900024414,0.822568953037262,0.8115192651748657,1655.31,1.0955982208251953,0.007499155588448048,0.03801995515823364,15.880476951599121,0.0,0.0,0.31118282675743103,1.1580003729250166e-06,0.00296066259033978,0.6815823316574097,0.0,0.0,1.356361746788025,0.3811948001384735,0.018115617334842682,0.33658620715141296,0.016219843178987503,0.5912642478942871,0.27121788263320923,0.0122663090005517,0.0006041114684194326,0.5460811853408813,0.9665176272392273,0.0,0.7316197752952576,0.3056246042251587,0.0004521538794506341,0.01824912615120411,0.0,0.0,0.34597063064575195,0.02825729176402092,0.00010881241905735806,1.283294916152954,0.0,0.0
680,1.8539937734603882,0.9047569632530212,24.003644943237305,4.791491985321045,0.7286887764930725,45.8498420715332,1.185273289680481,1.1851840019226074,6.36,0.7681856751441956,0.024694368243217468,0.09995316714048386,17.829620361328125,0.0,0.0,0.35803091526031494,5.745573798776604e-05,0.0027864393778145313,0.5911130905151367,0.0,0.0,0.9818334579467773,0.558364748954773,0.01407537329941988,0.18202555179595947,0.009784924797713757,0.3155905604362488,0.3032757043838501,0.02854134328663349,0.00046387920156121254,0.8057829737663269,0.9939994215965271,0.0,0.953340470790863,0.16307193040847778,0.0006332580815069377,0.020284706726670265,0.0,0.0,0.341940701007843,0.08644251525402069,4.256969623384066e-05,1.2857345342636108,0.0,0.0
681,3.8488409519195557,0.3531724214553833,16.533470153808594,6.099050045013428,0.6545425057411194,58.672096252441406,1.009964942932129,1.0116149187088013,161.49,1.066746473312378,0.06392744183540344,0.03401549533009529,7.146568298339844,0.0,0.0,0.303500771522522,4.015565355075523e-05,0.0034609693102538586,0.8285825252532959,0.0,0.0,1.083418846130371,0.5008894801139832,0.01655040681362152,0.2670682370662689,0.013205516152083874,0.4805774986743927,0.2919509708881378,0.02191019244492054,0.0005500527331605554,0.6965055465698242,0.9863219857215881,0.0,0.8903964757919312,0.208520770072937,0.0005791574367322028,0.019514963030815125,0.0,0.0,0.3424442708492279,0.07458984851837158,8.131154027068987e-05,1.2780061960220337,0.0,0.0
682,4.769245147705078,0.16944439709186554,14.12562084197998,6.739794731140137,0.4270532429218292,41.15373229980469,0.8521313667297363,0.8474350571632385,650.34,1.4079043865203857,0.10057766735553741,0.012714101001620293,3.706566333770752,0.0,0.0,0.311240017414093,5.127524127601646e-05,0.0037634712643921375,0.9302032589912415,0.0,0.0,1.510820984840393,0.37637749314308167,0.02098863199353218,0.42020758986473083,0.019344059750437737,0.7385181784629822,0.2649814188480377,0.009942429140210152,0.0007155105122365057,0.4784899353981018,0.9590862989425659,0.0,0.6878431439399719,0.3046690821647644,0.00041991364560090005,0.016648804768919945,0.0,0.0,0.3479934632778168,0.035002175718545914,9.135896834777668e-05,1.288862943649292,0.0,0.0
683,2.7361702919006348,0.32829633355140686,17.81052589416504,1.8808813095092773,0.7145002484321594,54.99977493286133,0.8580486178398132,0.8549486994743347,422.57,0.8909734487533569,0.07064238935709,0.04889668896794319,6.283149719238281,0.0,0.0,0.3238178491592407,6.111833499744534e-05,0.0033557983115315437,0.8384801149368286,0.0,0.0,0.9780526161193848,0.5583260655403137,0.011698744259774685,0.1018366739153862,0.005413603037595749,0.1457223892211914,0.30069926381111145,0.0288986973464489,0.00024679541820660233,0.8860670328140259,1.004757046699524,0.0,0.9960668087005615,0.14476576447486877,0.0006813058280386031,0.019900819286704063,0.0,0.0,0.342693954706192,0.09496982395648956,3.539332465152256e-05,1.2862025499343872,0.0,0.0
684,4.020524501800537,0.7180827260017395,39.32728576660156,6.153374195098877,0.4351550042629242,54.85107421875,1.1625622510910034,1.1652880907058716,201.21,1.4847973585128784,0.004494089633226395,0.03807671740651131,9.24738883972168,0.0,0.0,0.3205162584781647,1.208268258778844e-06,0.0032731767278164625,0.6728909611701965,0.0,0.0,1.2874420881271362,0.5437808036804199,0.02065400220453739,0.32427316904067993,0.019964534789323807,0.6043285727500916,0.27595242857933044,0.011187393218278885,0.0009065799531526864,0.4304729402065277,0.9899059534072876,0.0,0.7205120325088501,0.26907259225845337,0.00043710763566195965,0.018179863691329956,0.0,0.0,0.34900999069213867,0.027995595708489418,0.00018477601406630129,1.2593493461608887,0.0,0.0
685,4.7567524909973145,0.26224473118782043,22.063735961914062,8.140389442443848,0.4053965210914612,40.68189239501953,1.0290403366088867,1.0310554504394531,189.93,1.3726025819778442,0.06202492117881775,0.017463069409132004,6.589488983154297,0.0,0.0,0.30060312151908875,1.0237207789032254e-05,0.0037293238565325737,0.8773230314254761,0.0,0.0,1.435208797454834,0.31397098302841187,0.022671127691864967,0.45394808053970337,0.022762155160307884,0.8569648861885071,0.26650258898735046,0.0085289990529418,0.0009228833368979394,0.41525065898895264,0.9746574759483337,0.0,0.6542983055114746,0.3610282242298126,0.000401600991608575,0.016374263912439346,0.0,0.0,0.34918785095214844,0.030956247821450233,0.00012183729995740578,1.2791389226913452,0.0,0.0
686,5.755425930023193,0.4595598578453064,23.25033187866211,8.304545402526855,0.5709128379821777,58.213623046875,1.1094930171966553,1.1093370914459229,12.67,1.3634724617004395,0.034458424896001816,0.03257175534963608,7.079770088195801,0.0,0.0,0.2899271547794342,8.579894483773387e-07,0.0032226310577243567,0.7774283289909363,0.0,0.0,1.2423542737960815,0.5954294204711914,0.020749950781464577,0.3707432150840759,0.019182562828063965,0.6983274221420288,0.28503164649009705,0.017078664153814316,0.0007629991741850972,0.5537658929824829,0.9901341199874878,0.0,0.793635368347168,0.21829400956630707,0.0005085939192213118,0.018296798691153526,0.0,0.0,0.3445824086666107,0.05612868815660477,8.569355850340798e-05,1.2905086278915405,0.0,0.0
687,5.700589179992676,0.6744058728218079,32.30198287963867,6.148305416107178,0.5096022486686707,43.35654067993164,1.1456996202468872,1.1448085308074951,67.94,1.2162991762161255,0.006348432041704655,0.038448963314294815,14.187914848327637,0.0,0.0,0.3097395896911621,1.1061911209253594e-06,0.0032208324410021305,0.6862208843231201,0.0,0.0,1.1750212907791138,0.38627150654792786,0.019421735778450966,0.3055364787578583,0.017843089997768402,0.5721412897109985,0.2827419638633728,0.014492473565042019,0.000793758372310549,0.5054974555969238,0.988525927066803,0.0,0.7567006945610046,0.2977094352245331,0.0004609915486071259,0.018845312297344208,0.0,0.0,0.3464260995388031,0.028079643845558167,0.00021760474191978574,1.2487646341323853,0.0,0.0
688,1.615179181098938,0.8681840896606445,26.042421340942383,3.087400197982788,0.5853349566459656,50.061492919921875,1.0808439254760742,1.077269196510315,307.01,0.8902360200881958,0.012258907780051231,0.08838251233100891,13.757227897644043,0.0,0.0,0.35986408591270447,6.0181897424627095e-05,0.0030127204954624176,0.6121777892112732,0.0,0.0,1.087368369102478,0.6517120599746704,0.015624260529875755,0.17784206569194794,0.010637607425451279,0.29901546239852905,0.2914792597293854,0.02127908729016781,0.00048789812717586756,0.6708351969718933,0.9916340708732605,0.0,0.8682016134262085,0.18294395506381989,0.0005734069272875786,0.019438933581113815,0.0,0.0,0.3459210693836212,0.06773337721824646,5.3537223720923066e-05,1.288104772567749,0.0,0.0
689,5.084930419921875,0.11638457328081131,23.042367935180664,2.0082545280456543,0.7495959401130676,55.800418853759766,0.9334186911582947,0.9334844946861267,7.55,1.0746512413024902,0.1714581400156021,0.019156290218234062,2.299654245376587,0.0,0.0,0.3330385386943817,7.829817332094535e-05,0.003795887343585491,0.9555413126945496,0.0,0.0,0.9908195734024048,0.5371049046516418,0.011636573821306229,0.09619063884019852,0.004954280331730843,0.13599959015846252,0.3065972328186035,0.033112142235040665,0.0002476829686202109,0.9262382388114929,1.0092519521713257,0.0,0.9974040985107422,0.12579254806041718,0.0006952153635211289,0.01896064355969429,0.0,0.0,0.342921644449234,0.0970786064863205,1.4843079043203034e-05,1.298582673072815,0.0,0.0
690,4.686223983764648,0.8026251792907715,30.070585250854492,8.041543960571289,0.559192419052124,53.15060043334961,1.196112036705017,1.1929078102111816,224.57,1.263641119003296,0.007595018018037081,0.04288475587964058,11.449676513671875,0.0,0.0,0.33005082607269287,2.8970844141440466e-06,0.002915192861109972,0.6348217725753784,0.0,0.0,1.199077844619751,0.6260941028594971,0.020948361605405807,0.3504408001899719,0.019741497933864594,0.6624336242675781,0.2862211763858795,0.017009185627102852,0.0008276730659417808,0.5256453156471252,0.9923455119132996,0.0,0.8097103834152222,0.21020302176475525,0.0005079775582998991,0.018967490643262863,0.0,0.0,0.34462910890579224,0.045113641768693924,0.00012683900422416627,1.2770899534225464,0.0,0.0
691,2.9578144550323486,0.40127018094062805,34.849571228027344,2.110813617706299,0.4293896555900574,45.34550094604492,0.9829649329185486,0.9812026619911194,182.72,1.2569904327392578,0.024652456864714622,0.03682979568839073,6.7696967124938965,0.0,0.0,0.31980785727500916,5.4929914767853916e-05,0.0037724252324551344,0.8130495548248291,0.0,0.0,1.1597718000411987,0.4766373634338379,0.015823259949684143,0.16248926520347595,0.010861112736165524,0.26106053590774536,0.2787223160266876,0.013638677075505257,0.0005609301151707768,0.5308286547660828,0.9870869517326355,0.0,0.7647265195846558,0.26797884702682495,0.0004826048680115491,0.01857800967991352,0.0,0.0,0.3511192202568054,0.041077274829149246,0.00021054342505522072,1.2530769109725952,0.0,0.0
692,3.884117364883423,0.6646028161048889,42.53245162963867,5.962727069854736,0.43821877241134644,51.60591125488281,1.1738039255142212,1.1757371425628662,140.08,1.524839997291565,0.0043746172450482845,0.037643566727638245,9.336139678955078,0.0,0.0,0.31319519877433777,1.2527000308182323e-06,0.003349542384967208,0.6947964429855347,0.0,0.0,1.24006986618042,0.4380374550819397,0.020054180175065994,0.3094772398471832,0.01967708207666874,0.5775181651115417,0.27630898356437683,0.010900236666202545,0.0009091590181924403,0.43336862325668335,0.9912137389183044,0.0,0.7151892781257629,0.30585113167762756,0.00041638108086772263,0.018400218337774277,0.0,0.0,0.3484266400337219,0.021164191886782646,0.00027383791166357696,1.2311623096466064,0.0,0.0
693,5.013949871063232,0.4357724189758301,17.768489837646484,8.119032859802246,0.706885576248169,54.699256896972656,1.0642242431640625,1.063346266746521,77.58,1.0614750385284424,0.042400579899549484,0.036727648228406906,9.534177780151367,0.0,0.0,0.29033270478248596,6.462712008215021e-06,0.003030684543773532,0.7920262217521667,0.0,0.0,1.0871690511703491,0.5477868914604187,0.01688060350716114,0.29317328333854675,0.013926679268479347,0.5343363285064697,0.2967129349708557,0.024312442168593407,0.0005746481474488974,0.7228631973266602,0.9842029213905334,0.0,0.917650580406189,0.18966011703014374,0.0005987451295368373,0.020087778568267822,0.0,0.0,0.341825008392334,0.07546364516019821,7.044528319966048e-05,1.285096287727356,0.0,0.0
694,5.029729843139648,0.7586032748222351,39.26734161376953,3.1354129314422607,0.616611123085022,44.41874313354492,1.1547154188156128,1.155329942703247,46.06,1.2604990005493164,0.005187934264540672,0.04555189609527588,12.696369171142578,0.0,0.0,0.31884533166885376,2.0223483261361253e-06,0.0025869300588965416,0.6554661989212036,0.0,0.0,1.020544409751892,0.5703338980674744,0.014895055443048477,0.16852524876594543,0.010511037893593311,0.28341150283813477,0.2957262694835663,0.022436557337641716,0.00047971386811695993,0.6974452137947083,0.9996918439865112,0.0,0.8871488571166992,0.2151603400707245,0.0005297224270179868,0.02072119154036045,0.0,0.0,0.34290874004364014,0.03630944341421127,0.0003003290621563792,1.2238068580627441,0.0,0.0
695,5.302299499511719,0.7666212320327759,23.831382751464844,2.395034074783325,0.5512093305587769,52.23796463012695,0.9299441576004028,0.933364987373352,394.12,1.083255648612976,0.00790803786367178,0.04360581934452057,13.167699813842773,0.0,0.0,0.32546842098236084,1.012672328215558e-05,0.0027215159498155117,0.6542268395423889,0.0,0.0,1.1548793315887451,0.6729141473770142,0.015070379711687565,0.16426366567611694,0.009718119166791439,0.26030996441841125,0.28641754388809204,0.01920303888618946,0.00043444178299978375,0.659637451171875,0.9842631816864014,0.0,0.8648691177368164,0.18998868763446808,0.000570397824048996,0.01975148543715477,0.0,0.0,0.3466777801513672,0.06434102356433868,6.36148324701935e-05,1.2894947528839111,0.0,0.0
696,2.397691249847412,0.7150445580482483,14.747501373291016,2.3312501907348633,0.5342457890510559,43.985652923583984,0.8004112243652344,0.798359751701355,321.04,0.8406709432601929,0.003728385316208005,0.07028453797101974,16.125041961669922,0.0,0.0,0.32831108570098877,1.6700823834980838e-05,0.0034493140410631895,0.674064040184021,0.0,0.0,1.134590744972229,0.4926336407661438,0.014328665100038052,0.1700761467218399,0.0095895417034626,0.265348345041275,0.2803906202316284,0.01683764159679413,0.0003916582791134715,0.6581677198410034,0.9725208282470703,0.0,0.8467215299606323,0.23380716145038605,0.0005529969348572195,0.019928358495235443,0.0,0.0,0.34638333320617676,0.04892886057496071,9.183483780361712e-05,1.2841956615447998,0.0,0.0
697,4.935570240020752,0.38153335452079773,19.484609603881836,4.765561580657959,0.4735930263996124,55.61580276489258,0.9421377182006836,0.9383681416511536,426.39,1.1883585453033447,0.04911438375711441,0.027245305478572845,7.473859786987305,0.0,0.0,0.29658594727516174,1.396459720126586e-05,0.003635364817455411,0.8158532381057739,0.0,0.0,1.2654842138290405,0.44709017872810364,0.01828930526971817,0.29234814643859863,0.01518526952713728,0.5188682675361633,0.27509981393814087,0.013231795281171799,0.0006360627594403923,0.5311957001686096,0.9758753776550293,0.0,0.7679756879806519,0.26642003655433655,0.0004950492875650525,0.018181486055254936,0.0,0.0,0.3471935987472534,0.04925212636590004,9.985794895328581e-05,1.2861661911010742,0.0,0.0
698,2.192207098007202,0.5225159525871277,15.618830680847168,7.526411533355713,0.4019032120704651,43.05589294433594,0.9372857213020325,0.9426820278167725,610.74,1.2343671321868896,0.015052557922899723,0.04177031293511391,9.642722129821777,0.0,0.0,0.31431886553764343,1.24842438253836e-06,0.0038608014583587646,0.7568368315696716,0.0,0.0,1.512902021408081,0.34764277935028076,0.021713057532906532,0.45311078429222107,0.0216491911560297,0.8180872201919556,0.2623847723007202,0.008333198726177216,0.000806736177764833,0.43865686655044556,0.9598953127861023,0.0,0.6506837606430054,0.3486003279685974,0.0003971969708800316,0.0167011059820652,0.0,0.0,0.34837380051612854,0.02378937229514122,8.745965169509873e-05,1.2904529571533203,0.0,0.0
699,5.508011341094971,0.6883702278137207,39.33720397949219,3.5557820796966553,0.6294534802436829,57.25929260253906,1.1927268505096436,1.1895045042037964,227.13,1.5605521202087402,0.0021419550757855177,0.033332709223032,5.149806976318359,0.0,0.0,0.3075520992279053,9.610589586372953e-07,0.002368588699027896,0.6841331720352173,0.0,0.0,1.2082692384719849,0.6257663369178772,0.016299739480018616,0.18372318148612976,0.011323943734169006,0.30827969312667847,0.296545147895813,0.02544119581580162,0.0004765610792674124,0.7036834955215454,1.006964921951294,0.0,0.8797060251235962,0.1359865516424179,0.0005494516808539629,0.019333254545927048,0.0,0.0,0.34357428550720215,0.0724334716796875,0.00012617107131518424,1.274107575416565,0.0,0.0
700,4.944036483764648,0.34326818585395813,20.386398315429688,8.64211368560791,0.4677124321460724,55.33320999145508,1.0324093103408813,1.0329313278198242,48.95,1.2905051708221436,0.057524483650922775,0.023571375757455826,6.565333366394043,0.0,0.0,0.2939732074737549,4.872153567703208e-06,0.0037019168958067894,0.833647608757019,0.0,0.0,1.3302639722824097,0.4062163829803467,0.022308528423309326,0.4494248628616333,0.0221443772315979,0.8462693095207214,0.2720983326435089,0.011106455698609352,0.0008651559473946691,0.4651094675064087,0.9784207344055176,0.0,0.7290078997612,0.2823694944381714,0.00046150735579431057,0.017400551587343216,0.0,0.0,0.3465578258037567,0.0447269082069397,8.955584053182974e-05,1.2901486158370972,0.0,0.0
701,2.927866220474243,0.4992516040802002,32.646114349365234,3.545801877975464,0.6355425119400024,59.92435073852539,1.1752705574035645,1.1773686408996582,151.63,1.3128972053527832,0.022939322516322136,0.04622551426291466,5.996004104614258,0.0,0.0,0.3104358911514282,3.704651680891402e-05,0.0029896656051278114,0.7586629390716553,0.0,0.0,1.125512719154358,0.6203569769859314,0.0158667154610157,0.17920465767383575,0.010599146597087383,0.30676981806755066,0.2972722053527832,0.025190073996782303,0.0004823117342311889,0.7127551436424255,1.0046335458755493,0.0,0.9231322407722473,0.143348827958107,0.0006118395831435919,0.019743163138628006,0.0,0.0,0.344185471534729,0.09542705863714218,3.859930075122975e-05,1.295004963874817,0.0,0.0
702,1.0680660009384155,0.5135226845741272,17.430091857910156,5.993175506591797,0.7817956805229187,44.28999710083008,1.1394938230514526,1.1363927125930786,239.48,0.7739067673683167,0.025902826339006424,0.09308546781539917,10.36241626739502,0.0,0.0,0.331175833940506,9.563499042997137e-05,0.002928886329755187,0.7480186820030212,0.0,0.0,0.969481348991394,0.5274925231933594,0.013211474753916264,0.19163267314434052,0.00923510454595089,0.3344125747680664,0.30520129203796387,0.030905025079846382,0.0004316721751820296,0.8608373403549194,0.991247832775116,0.0,1.0018864870071411,0.15666131675243378,0.0006735437200404704,0.020763294771313667,0.0,0.0,0.3410784900188446,0.09437888115644455,3.271700188633986e-05,1.2911354303359985,0.0,0.0
703,3.7840943336486816,0.20895318686962128,34.4444465637207,5.350610256195068,0.4463018476963043,43.46535873413086,1.1282131671905518,1.1320925951004028,303.73,1.3416469097137451,0.05922488123178482,0.019016601145267487,3.868649959564209,0.0,0.0,0.32300058007240295,7.906268729129806e-05,0.004368605557829142,0.9048370718955994,0.0,0.0,1.163776159286499,0.3438895046710968,0.01955115795135498,0.2924962341785431,0.01764722727239132,0.5443294048309326,0.2779048979282379,0.012239539995789528,0.0008495601359754801,0.45864352583885193,0.9899926781654358,0.0,0.733098030090332,0.31278666853904724,0.0004485858080442995,0.017746301367878914,0.0,0.0,0.34886014461517334,0.03711030259728432,0.00023895999765954912,1.242260456085205,0.0,0.0
704,5.722501277923584,0.1529468148946762,15.040155410766602,5.529365062713623,0.5026423335075378,53.9921760559082,0.856955885887146,0.8548082113265991,293.18,1.2113858461380005,0.12359718978404999,0.019454430788755417,3.2076332569122314,0.0,0.0,0.3117305040359497,7.565248233731836e-05,0.0037571692373603582,0.934813916683197,0.0,0.0,1.2778172492980957,0.3947702646255493,0.018636178225278854,0.3259934186935425,0.015575200319290161,0.5787776708602905,0.27522656321525574,0.013837550766766071,0.0006094420095905662,0.5583621859550476,0.9712371826171875,0.0,0.7793269157409668,0.2643432021141052,0.0004923997912555933,0.01796494796872139,0.0,0.0,0.34599438309669495,0.05344735085964203,0.00011561440624063835,1.281153917312622,0.0,0.0
705,5.827654838562012,0.03324627876281738,24.350696563720703,6.4631242752075195,0.5562928318977356,43.80302810668945,1.1203961372375488,1.1165544986724854,307.09,1.2163844108581543,0.1743728667497635,0.016207491979002953,1.815794825553894,0.0,0.0,0.3353287875652313,0.0001081601731129922,0.004228025209158659,1.004836082458496,0.0,0.0,1.158992052078247,0.4612681567668915,0.019755298271775246,0.3122767508029938,0.016589215025305748,0.5816141366958618,0.28653284907341003,0.01772090047597885,0.0007366733625531197,0.5622907280921936,0.9890443682670593,0.0,0.7787449955940247,0.24646276235580444,0.000504795927554369,0.017208825796842575,0.0,0.0,0.3460420072078705,0.07770663499832153,8.537503163097426e-05,1.278822898864746,0.0,0.0
706,1.1402777433395386,0.3077980875968933,20.458507537841797,6.5770463943481445,0.5719780325889587,45.629249572753906,1.1196695566177368,1.116766095161438,232.2,0.9835765957832336,0.053773898631334305,0.054198846220970154,5.224491596221924,0.0,0.0,0.34603995084762573,0.00015456872642971575,0.004166971892118454,0.8524858355522156,0.0,0.0,1.139917254447937,0.46073538064956665,0.01930244080722332,0.3132292330265045,0.016432223841547966,0.5757890939712524,0.2859644293785095,0.018441827967762947,0.0007086052210070193,0.5805113315582275,0.9818584322929382,0.0,0.8054953217506409,0.23187120258808136,0.0005238708108663559,0.018105080351233482,0.0,0.0,0.34498143196105957,0.06383974850177765,7.071669824654236e-05,1.2859431505203247,0.0,0.0
707,4.079897403717041,0.16130584478378296,15.676095008850098,2.2701704502105713,0.6996829509735107,45.08984375,0.8185023665428162,0.8288310766220093,1522.51,0.8941110968589783,0.14284203946590424,0.02385283075273037,3.882603645324707,0.0,0.0,0.3304199278354645,7.516620098613203e-05,0.0037562947254627943,0.9313710927963257,0.0,0.0,0.9864851832389832,0.5633781552314758,0.012206320650875568,0.12204339355230331,0.006231535691767931,0.18095049262046814,0.2981809973716736,0.027232181280851364,0.0002804469258990139,0.8583728671073914,0.989452064037323,0.0,0.9787571430206299,0.16515149176120758,0.0006679637590423226,0.01967250183224678,0.0,0.0,0.34343767166137695,0.09487462788820267,3.1968480470823124e-05,1.2875151634216309,0.0,0.0
708,4.104506969451904,0.82526695728302,20.964797973632812,4.03367280960083,0.4998142421245575,56.410526275634766,0.9636808037757874,0.9637174606323242,3.95,1.0455408096313477,0.008900272659957409,0.04899248108267784,14.838099479675293,0.0,0.0,0.3387996554374695,8.085017725534271e-06,0.0028533388394862413,0.6313005089759827,0.0,0.0,1.2132381200790405,0.564982533454895,0.017175110056996346,0.24898557364940643,0.01361331157386303,0.4310103952884674,0.2786961793899536,0.015102372504770756,0.000577532104216516,0.5669910907745361,0.977790355682373,0.0,0.8060862421989441,0.22654205560684204,0.0005197983700782061,0.019071146845817566,0.0,0.0,0.3466927409172058,0.04696345329284668,9.048230276675895e-05,1.2864675521850586,0.0,0.0
709,3.92269229888916,0.5601306557655334,17.16269302368164,4.891639709472656,0.560481071472168,40.10639190673828,0.949120819568634,0.9476499557495117,163.53,1.0837392807006836,0.012853086926043034,0.040592607110738754,13.46233081817627,0.0,0.0,0.3004687428474426,1.0632726343828836e-06,0.0032425180543214083,0.7343383431434631,0.0,0.0,1.2654143571853638,0.4344989061355591,0.01716996729373932,0.26882404088974,0.013795623555779457,0.46898508071899414,0.2827036678791046,0.01725042052567005,0.0005594704416580498,0.6170519590377808,0.9746604561805725,0.0,0.7625638246536255,0.2763144075870514,0.00048262401833198965,0.018451131880283356,0.0,0.0,0.34557202458381653,0.036540452390909195,0.00010737121920101345,1.283988356590271,0.0,0.0
710,2.6477620601654053,0.7944828271865845,21.237836837768555,9.66666030883789,0.6107238531112671,56.12653350830078,1.1613311767578125,1.158685326576233,196.63,1.004845142364502,0.007809299975633621,0.06505265831947327,14.519425392150879,0.0,0.0,0.3347187340259552,1.3255087651486974e-05,0.0030110119841992855,0.6405799984931946,0.0,0.0,1.1511836051940918,0.535667896270752,0.020521197468042374,0.38145527243614197,0.019823262467980385,0.7245200276374817,0.28799644112586975,0.01853898912668228,0.0007929039420560002,0.5770102143287659,0.98887699842453,0.0,0.8336279988288879,0.21162216365337372,0.0005342894583009183,0.019099613651633263,0.0,0.0,0.343005508184433,0.051236480474472046,8.050252654356882e-05,1.2873508930206299,0.0,0.0
711,4.5828657150268555,0.9236558079719543,20.896209716796875,2.740507125854492,0.6083298921585083,72.59593963623047,0.935602068901062,0.9304792881011963,588.45,1.0796669721603394,0.01305390801280737,0.053683407604694366,13.39866828918457,0.0,0.0,0.35652032494544983,2.196850437030662e-05,0.001567287021316588,0.5954229831695557,0.0,0.0,1.0953222513198853,0.6279889941215515,0.014377767220139503,0.16387704014778137,0.009354018606245518,0.2632216215133667,0.2903774678707123,0.02171139232814312,0.000405227328883484,0.7179594039916992,0.9905959963798523,0.0,0.9222109317779541,0.16897763311862946,0.0005840499652549624,0.020480666309595108,0.0,0.0,0.3433744013309479,0.060330189764499664,0.00011354782327543944,1.2657248973846436,0.0,0.0
712,1.3574734926223755,0.8920183777809143,37.73604965209961,2.001300811767578,0.7405574917793274,58.79189682006836,1.1075679063796997,1.1087325811386108,94.84,0.9241030216217041,0.020486095920205116,0.10573095083236694,9.790165901184082,0.0,0.0,0.3582989275455475,5.450876778922975e-05,0.0015861219726502895,0.6015242338180542,0.0,0.0,1.010305643081665,0.530577540397644,0.011809222400188446,0.11101444810628891,0.005329333245754242,0.16184450685977936,0.3072560131549835,0.03384505212306976,0.00021695716714020818,0.9156714677810669,1.0022947788238525,0.0,1.073178768157959,0.10354385524988174,0.0007120099617168307,0.02143431268632412,0.0,0.0,0.34146565198898315,0.09572605788707733,2.6873965907725506e-05,1.292605996131897,0.0,0.0
713,1.1058014631271362,0.11458885669708252,15.35915756225586,6.795830726623535,0.6021268963813782,50.6845817565918,1.0449081659317017,1.047181487083435,207.76,0.944833517074585,0.1328974962234497,0.03747597709298134,1.9603080749511719,0.0,0.0,0.38307130336761475,0.0002286150847794488,0.0042043388821184635,0.9589372873306274,0.0,0.0,1.119423508644104,0.4959428906440735,0.019039716571569443,0.3185887634754181,0.015535159036517143,0.5753930807113647,0.2863878309726715,0.020264383405447006,0.0006339719402603805,0.6224607825279236,0.9766489863395691,0.0,0.820658802986145,0.21561799943447113,0.000532326812390238,0.017680544406175613,0.0,0.0,0.3436119854450226,0.0808977261185646,6.181113712955266e-05,1.2851579189300537,0.0,0.0
714,2.4395360946655273,0.4432283341884613,16.915767669677734,9.501114845275879,0.7529720067977905,46.14052963256836,1.1471740007400513,1.1495355367660522,179.08,0.9358245134353638,0.04067397490143776,0.055521901696920395,9.546326637268066,0.0,0.0,0.3125011622905731,6.0800244682468474e-05,0.0028307836037129164,0.7895190715789795,0.0,0.0,1.033383846282959,0.527666449546814,0.016379989683628082,0.28694742918014526,0.01374483946710825,0.5261716842651367,0.3011314868927002,0.027188990265130997,0.0005872849724255502,0.7579467296600342,0.9861777424812317,0.0,0.9468736052513123,0.1820412278175354,0.0006203793454915285,0.020322706550359726,0.0,0.0,0.34082677960395813,0.08007305860519409,5.938556932960637e-05,1.2850090265274048,0.0,0.0
715,1.6595600843429565,0.561021625995636,18.197673797607422,4.271183967590332,0.6926583051681519,44.81203842163086,1.0618016719818115,1.064939260482788,277.48,0.813923180103302,0.013160244561731815,0.08041167259216309,12.678607940673828,0.0,0.0,0.3231338858604431,6.629387644352391e-05,0.0032616392709314823,0.7276530861854553,0.0,0.0,1.016698956489563,0.5523800849914551,0.014082221314311028,0.18760308623313904,0.009790342301130295,0.3224034011363983,0.2976326048374176,0.025375260040163994,0.00043793226359412074,0.7821524143218994,0.9905661940574646,0.0,0.9360575675964355,0.1863686889410019,0.000625728745944798,0.02037750743329525,0.0,0.0,0.3429170548915863,0.08028417080640793,4.6236280468292534e-05,1.2892142534255981,0.0,0.0
716,3.958249092102051,0.6375918388366699,14.744661331176758,3.0069093704223633,0.7061474323272705,48.8448600769043,0.8320742845535278,0.831535816192627,77.82,0.8248423337936401,0.004802378825843334,0.05762937292456627,15.253395080566406,0.0,0.0,0.302977591753006,6.271359893617046e-07,0.0032409338746219873,0.6997439861297607,0.0,0.0,1.015882968902588,0.5557632446289062,0.01203945092856884,0.14614538848400116,0.007270554080605507,0.23127877712249756,0.29644182324409485,0.025257252156734467,0.00030753648024983704,0.8468095064163208,0.9898452758789062,0.0,0.966257631778717,0.18048036098480225,0.0006449968786910176,0.021102065220475197,0.0,0.0,0.34261780977249146,0.08194830268621445,6.149501132313162e-05,1.2851301431655884,0.0,0.0
717,3.6303694248199463,0.9496397376060486,18.625869750976562,8.908442497253418,0.5149704813957214,54.313934326171875,1.0297876596450806,1.031989336013794,207.17,0.9634451270103455,0.015592865645885468,0.054596494883298874,18.748804092407227,0.0,0.0,0.36875009536743164,4.376831202534959e-05,0.0027746642008423805,0.5873338580131531,0.0,0.0,1.2484805583953857,0.4278166592121124,0.021319590508937836,0.4330994188785553,0.021245647221803665,0.8147296905517578,0.27533531188964844,0.01297215186059475,0.000817943480797112,0.5065657496452332,0.9771122336387634,0.0,0.7740399241447449,0.2479199469089508,0.0004856920277234167,0.01821436919271946,0.0,0.0,0.344938725233078,0.04186924174427986,9.747948934091255e-05,1.2874624729156494,0.0,0.0
718,3.766266345977783,0.8762291669845581,13.115154266357422,8.249492645263672,0.6887561678886414,58.20313262939453,0.9207391142845154,0.9176851511001587,361.44,0.8533234000205994,0.008815547451376915,0.0634065791964531,20.458751678466797,0.0,0.0,0.34206491708755493,1.5366493244073354e-05,0.0022122524678707123,0.6112157106399536,0.0,0.0,1.0724338293075562,0.39639344811439514,0.016186732798814774,0.31563544273376465,0.014581773430109024,0.5783310532569885,0.29074394702911377,0.021059967577457428,0.00055865099420771,0.7134145498275757,0.9821022152900696,0.0,0.8964928984642029,0.22339081764221191,0.0005623300094157457,0.02049766294658184,0.0,0.0,0.3410423994064331,0.04460364952683449,0.00014070860925130546,1.2706208229064941,0.0,0.0
719,1.9256147146224976,0.39376693964004517,20.750900268554688,2.8849661350250244,0.652158260345459,56.34088897705078,1.0230895280838013,1.0267068147659302,344.37,0.9646550416946411,0.05055423453450203,0.05813806504011154,6.7691802978515625,0.0,0.0,0.3287073075771332,9.454836981603876e-05,0.0034194067120552063,0.8064624071121216,0.0,0.0,1.0436726808547974,0.6023415327072144,0.014231497421860695,0.15533141791820526,0.008670897223055363,0.25128355622291565,0.2959566116333008,0.025148022919893265,0.00039405786083079875,0.7648600935935974,0.9919058084487915,0.0,0.9222928285598755,0.17005999386310577,0.00062298693228513,0.019547540694475174,0.0,0.0,0.34376949071884155,0.09534721821546555,3.7747442547697574e-05,1.28964364528656,0.0,0.0
720,4.635166645050049,0.7778319716453552,23.638246536254883,8.836847305297852,0.40245696902275085,79.95439147949219,1.0464701652526855,1.0461859703063965,25.96,1.4746898412704468,0.004029233939945698,0.03469854220747948,8.843135833740234,0.0,0.0,0.32841062545776367,1.3276915069582174e-06,0.002047391142696142,0.6452127695083618,0.0,0.0,1.414689064025879,0.5061962604522705,0.023105382919311523,0.4839925169944763,0.024899743497371674,0.911639928817749,0.26544174551963806,0.008191672153770924,0.0009278747602365911,0.40487897396087646,0.9808230400085449,0.0,0.7256559133529663,0.25516828894615173,0.0004275928367860615,0.018209578469395638,0.0,0.0,0.3464398980140686,0.025596875697374344,0.0001544263504911214,1.2706518173217773,0.0,0.0
721,5.986557483673096,0.34715524315834045,34.43890380859375,4.004448413848877,0.605625569820404,55.454097747802734,1.1667779684066772,1.1672873497009277,37.4,1.5388723611831665,0.06176743283867836,0.028385791927576065,4.34202241897583,0.0,0.0,0.29465875029563904,2.659296296769753e-05,0.003328286111354828,0.8345774412155151,0.0,0.0,1.1499484777450562,0.640337347984314,0.017039211466908455,0.20258472859859467,0.012068331241607666,0.35538214445114136,0.29455631971359253,0.02299126423895359,0.0005494917859323323,0.6613174676895142,1.0031944513320923,0.0,0.8762019276618958,0.1641237437725067,0.0005709892720915377,0.019033104181289673,0.0,0.0,0.34503650665283203,0.08792604506015778,6.804346048738807e-05,1.284211277961731,0.0,0.0
722,4.526583671569824,0.7037825584411621,23.710546493530273,6.356865882873535,0.40344536304473877,47.6407585144043,1.0081722736358643,1.0105791091918945,236.23,1.2836891412734985,0.007334032095968723,0.03526567667722702,11.888379096984863,0.0,0.0,0.3181137144565582,1.1645258837233996e-06,0.0035231029614806175,0.6767585873603821,0.0,0.0,1.3747929334640503,0.46542736887931824,0.020703069865703583,0.3775537312030792,0.019844722002744675,0.6934632658958435,0.26770415902137756,0.00933420192450285,0.0008189895888790488,0.43270182609558105,0.9735763669013977,0.0,0.699073314666748,0.2898225486278534,0.0004371191607788205,0.017617588862776756,0.0,0.0,0.3495384156703949,0.03227240592241287,0.00010192929767072201,1.28567636013031,0.0,0.0
723,4.067989826202393,0.8228460550308228,28.453847885131836,3.697277069091797,0.4807609021663666,40.88494110107422,1.0408506393432617,1.0418779850006104,94.74,1.0223335027694702,0.008289292454719543,0.050209976732730865,19.69619369506836,0.0,0.0,0.34017622470855713,1.7709551684674807e-05,0.00306842103600502,0.6324296593666077,0.0,0.0,1.1696369647979736,0.405202716588974,0.017136642709374428,0.22526833415031433,0.013432705774903297,0.3974664807319641,0.28069180250167847,0.014515279792249203,0.0006264679250307381,0.5395421981811523,0.9834054708480835,0.0,0.7629647254943848,0.28529250621795654,0.00047891782014630735,0.018722370266914368,0.0,0.0,0.34846749901771545,0.03402915596961975,0.00018268224084749818,1.260872483253479,0.0,0.0
724,1.4975767135620117,0.9290478825569153,14.178080558776855,5.697633266448975,0.5849394202232361,46.731258392333984,0.9609485864639282,0.9647262096405029,407.49,0.849598228931427,0.017466053366661072,0.08729252219200134,16.27552604675293,0.0,0.0,0.371026873588562,7.53038766561076e-05,0.0030963164754211903,0.5930800437927246,0.0,0.0,1.2037153244018555,0.4874529242515564,0.017572680488228798,0.2928115129470825,0.01444821897894144,0.5114939212799072,0.28307121992111206,0.01856968365609646,0.000565557973459363,0.6313420534133911,0.9683840274810791,0.0,0.8059293031692505,0.2252655178308487,0.0005095272208563983,0.018705183640122414,0.0,0.0,0.34441882371902466,0.04266611114144325,9.160753688775003e-05,1.2885512113571167,0.0,0.0
725,1.9224663972854614,0.6603907942771912,16.787532806396484,9.088506698608398,0.4354860186576843,52.43511962890625,1.0024547576904297,1.0083454847335815,582.77,1.0910075902938843,0.007989972829818726,0.05561424046754837,12.668580055236816,0.0,0.0,0.3247814476490021,1.227119128088816e-06,0.003749229246750474,0.6983572244644165,0.0,0.0,1.3955960273742676,0.34406578540802,0.022641299292445183,0.4913678765296936,0.023719295859336853,0.9160659313201904,0.26591354608535767,0.009051255881786346,0.0008808058337308466,0.44304633140563965,0.9679148197174072,0.0,0.6846847534179688,0.3262552320957184,0.00042280551861040294,0.0172335896641016,0.0,0.0,0.34665119647979736,0.027228642255067825,9.074753324966878e-05,1.2898309230804443,0.0,0.0
726,3.2505664825439453,0.9141702055931091,17.768823623657227,3.190788984298706,0.5444274544715881,42.26127243041992,0.902535080909729,0.9006731510162354,229.05,0.8557286858558655,0.01807122491300106,0.06464342772960663,21.287992477416992,0.0,0.0,0.35898905992507935,4.071483635925688e-05,0.002844896400347352,0.6001725792884827,0.0,0.0,1.1818054914474487,0.4708692133426666,0.01557046826928854,0.20252329111099243,0.01102484855800867,0.3340510129928589,0.282260924577713,0.01742592640221119,0.0004713230882771313,0.6390401124954224,0.9717428088188171,0.0,0.8127912878990173,0.23803022503852844,0.0005235368735156953,0.01906008832156658,0.0,0.0,0.3464433550834656,0.04617802053689957,9.998901805374771e-05,1.286136269569397,0.0,0.0
727,3.107222080230713,0.9614414572715759,26.50088882446289,4.3818254470825195,0.6847249269485474,43.30553436279297,1.1639007329940796,1.1655133962631226,118.88,0.8485026955604553,0.030221108347177505,0.07649771869182587,18.559539794921875,0.0,0.0,0.36517807841300964,5.013729241909459e-05,0.002734328852966428,0.5747645497322083,0.0,0.0,0.9957370162010193,0.585487425327301,0.014804732985794544,0.18750719726085663,0.010494901798665524,0.32621002197265625,0.29985225200653076,0.02587306872010231,0.0004928947892040014,0.7548932433128357,0.994562566280365,0.0,0.9237567782402039,0.17709189653396606,0.0005998854758217931,0.020087961107492447,0.0,0.0,0.34263813495635986,0.07200725376605988,7.169927266659215e-05,1.2735258340835571,0.0,0.0
728,5.208215236663818,0.2879060208797455,31.125593185424805,3.3473258018493652,0.6945252418518066,57.28768539428711,1.152861475944519,1.152772068977356,6.73,1.394755482673645,0.09128433465957642,0.02589225582778454,3.7015204429626465,0.0,0.0,0.3029758632183075,4.506132972892374e-05,0.0032884737011045218,0.8626726865768433,0.0,0.0,1.085465908050537,0.5808649063110352,0.014610505662858486,0.15546464920043945,0.008772674947977066,0.257674902677536,0.30280235409736633,0.029455753043293953,0.00040857295971363783,0.7965172529220581,1.0056320428848267,0.0,0.9625605344772339,0.13142290711402893,0.000646185886580497,0.019604282453656197,0.0,0.0,0.34313538670539856,0.09622640162706375,2.8397485948516987e-05,1.2956794500350952,0.0,0.0
729,4.063601016998291,0.2529943585395813,38.967315673828125,5.166694164276123,0.40433692932128906,50.899906158447266,1.1217262744903564,1.1219110488891602,14.68,1.5740013122558594,0.052724484354257584,0.017998196184635162,3.46233868598938,0.0,0.0,0.3148754835128784,5.446547220344655e-05,0.004136824514716864,0.8838291168212891,0.0,0.0,1.2612266540527344,0.4447609484195709,0.01989527978003025,0.2940710484981537,0.018155334517359734,0.5436345934867859,0.2737346887588501,0.010373454540967941,0.0008854466723278165,0.4249832332134247,0.9909142255783081,0.0,0.7143387794494629,0.28905943036079407,0.00043677579378709197,0.017482198774814606,0.0,0.0,0.3506998121738434,0.037028830498456955,0.00020908124861307442,1.2519294023513794,0.0,0.0
730,2.7225375175476074,0.3105379045009613,33.75196838378906,2.852134943008423,0.6610179543495178,46.95395278930664,1.1541872024536133,1.1540793180465698,8.1,1.1169116497039795,0.05962995067238808,0.04195632413029671,5.0643110275268555,0.0,0.0,0.3262271285057068,0.00010113004100276157,0.003196601988747716,0.8473830819129944,0.0,0.0,1.0064040422439575,0.6049627661705017,0.01421645749360323,0.14919927716255188,0.00871722586452961,0.24432285130023956,0.30008819699287415,0.026408163830637932,0.00041418333421461284,0.7665968537330627,1.0013319253921509,0.0,0.9336805939674377,0.17629723250865936,0.0006053665420040488,0.01990225724875927,0.0,0.0,0.3430050015449524,0.086055226624012,8.766138489590958e-05,1.2625786066055298,0.0,0.0
731,2.407973289489746,0.825864315032959,34.905948638916016,2.96875262260437,0.5589425563812256,57.59782791137695,1.123947024345398,1.1239720582962036,1.98,1.1636689901351929,0.00684840464964509,0.06650952994823456,9.885407447814941,0.0,0.0,0.34566858410835266,2.7423751816968434e-05,0.0025712549686431885,0.6313989758491516,0.0,0.0,1.146321415901184,0.6775514483451843,0.016243543475866318,0.17917954921722412,0.011134456843137741,0.3002871870994568,0.290754109621048,0.020691094920039177,0.000512501341290772,0.6391836404800415,0.9968680143356323,0.0,0.8689982891082764,0.1643841713666916,0.0005655789864249527,0.019594719633460045,0.0,0.0,0.34658774733543396,0.06525734066963196,6.884090544190258e-05,1.2867430448532104,0.0,0.0
732,3.006727933883667,0.694987416267395,17.418434143066406,9.302778244018555,0.7217374444007874,46.14594650268555,1.123439073562622,1.1172399520874023,493.89,0.9050129055976868,0.009185084141790867,0.06327580660581589,16.420166015625,0.0,0.0,0.31521525979042053,1.677663385635242e-05,0.0026186152826994658,0.6771364212036133,0.0,0.0,1.0702468156814575,0.4946989119052887,0.016907062381505966,0.30510157346725464,0.014880407601594925,0.5661304593086243,0.29763102531433105,0.024463091045618057,0.0006159693002700806,0.7214871048927307,0.9880307912826538,0.0,0.9093913435935974,0.1999773532152176,0.0005884343408979475,0.02033304236829281,0.0,0.0,0.3413296639919281,0.0586831234395504,8.027419244172052e-05,1.2850944995880127,0.0,0.0
733,4.517200469970703,0.4568038880825043,14.865439414978027,3.5125253200531006,0.589824914932251,41.58632278442383,0.8307470083236694,0.8362815976142883,796.64,0.8898875117301941,0.03701159358024597,0.03848015516996384,12.746363639831543,0.0,0.0,0.2943044602870941,2.8787362680304796e-06,0.0032799886539578438,0.7831810712814331,0.0,0.0,1.1172633171081543,0.48780274391174316,0.015509063377976418,0.207316055893898,0.010128239169716835,0.34656235575675964,0.28511732816696167,0.01894206739962101,0.0004053583543282002,0.6895679235458374,0.9698313474655151,0.0,0.8954741358757019,0.211687833070755,0.0005848634173162282,0.020396633073687553,0.0,0.0,0.3451385796070099,0.0674019306898117,8.195666305255145e-05,1.285394549369812,0.0,0.0
734,2.5258710384368896,0.1957816332578659,14.248766899108887,4.25405740737915,0.6081116795539856,45.2786865234375,0.919944167137146,0.9070180058479309,1549.15,0.98726487159729,0.10639161616563797,0.030986297875642776,3.661064863204956,0.0,0.0,0.34148073196411133,0.0001369836536468938,0.0038403901271522045,0.9116936922073364,0.0,0.0,1.1229097843170166,0.4749388098716736,0.01602298766374588,0.22908452153205872,0.011481973342597485,0.3892183303833008,0.2872943580150604,0.020882530137896538,0.00047675950918346643,0.6892729997634888,0.9756078124046326,0.0,0.857918381690979,0.21420393884181976,0.0005584768950939178,0.01880471594631672,0.0,0.0,0.34419822692871094,0.073277547955513,7.37299706088379e-05,1.2839480638504028,0.0,0.0
735,2.0784101486206055,0.43588918447494507,32.60926818847656,9.653528213500977,0.4171282649040222,40.13207244873047,1.1791731119155884,1.180668830871582,107.43,1.2685787677764893,0.01709328591823578,0.040567368268966675,8.974626541137695,0.0,0.0,0.31671348214149475,2.2287546016741544e-05,0.004523804876953363,0.7915953993797302,0.0,0.0,1.226874828338623,0.21607722342014313,0.023449555039405823,0.4558480381965637,0.026351263746619225,0.8990495800971985,0.2710430324077606,0.00810819212347269,0.0011597330449149013,0.3697735667228699,0.9858221411705017,0.0,0.6727405786514282,0.4113234281539917,0.00038966696592979133,0.017544787377119064,0.0,0.0,0.3482047915458679,0.01831929013133049,0.00027158987359143794,1.2305423021316528,0.0,0.0
736,1.2127220630645752,0.49734777212142944,14.143279075622559,9.76501750946045,0.48362109065055847,57.12531661987305,0.9885268807411194,0.9866156578063965,195.96,1.1728242635726929,0.019890492781996727,0.0545022189617157,7.98254919052124,0.0,0.0,0.3252151906490326,5.7622841268312186e-05,0.0036177346482872963,0.7712624669075012,0.0,0.0,1.3512165546417236,0.3391045928001404,0.022873379290103912,0.4980718493461609,0.02341860719025135,0.9165499806404114,0.26974067091941833,0.011320478282868862,0.0008376288460567594,0.4824548661708832,0.966228723526001,0.0,0.7188188433647156,0.2963225543498993,0.0004362915351521224,0.01744968071579933,0.0,0.0,0.34450480341911316,0.03008180484175682,0.0001230998313985765,1.2802830934524536,0.0,0.0
737,3.6263153553009033,0.16316278278827667,32.558406829833984,1.9011567831039429,0.7597650289535522,55.05038070678711,1.041719913482666,1.0415219068527222,18.25,1.1870527267456055,0.13987043499946594,0.024330221116542816,2.264411449432373,0.0,0.0,0.34047093987464905,0.00010587098950054497,0.0030511762015521526,0.9267680644989014,0.0,0.0,0.9949915409088135,0.5250406265258789,0.011553113348782063,0.096701979637146,0.004709857050329447,0.1357959806919098,0.3090778589248657,0.03584622964262962,0.00022044328215997666,0.9420874714851379,1.0099843740463257,0.0,1.047196626663208,0.10915515571832657,0.0007167624426074326,0.0197751447558403,0.0,0.0,0.34159183502197266,0.09645000845193863,1.7851049051387236e-05,1.294644832611084,0.0,0.0
738,5.890512943267822,0.20962168276309967,20.280874252319336,5.250235080718994,0.6799633502960205,57.62510299682617,1.0508383512496948,1.0457576513290405,462.33,1.1772286891937256,0.1370595097541809,0.026732968166470528,3.7139570713043213,0.0,0.0,0.30586549639701843,5.6580403906991705e-05,0.0037288956809788942,0.9043368101119995,0.0,0.0,1.0820808410644531,0.5734724998474121,0.01586773619055748,0.22499749064445496,0.011405162513256073,0.3977873921394348,0.2972104847431183,0.02508368343114853,0.00050443469081074,0.7404314279556274,0.9918873310089111,0.0,0.9105525016784668,0.17342479526996613,0.0006075669662095606,0.019106727093458176,0.0,0.0,0.34333711862564087,0.09433232992887497,3.954680505557917e-05,1.29059636592865,0.0,0.0
739,5.424245834350586,0.5950868725776672,33.15472412109375,7.829636096954346,0.5129343867301941,52.6080207824707,1.1890349388122559,1.1909834146499634,137.59,1.4596936702728271,0.011369177140295506,0.033483587205410004,8.406026840209961,0.0,0.0,0.2993203103542328,9.90139142231783e-07,0.0032762272749096155,0.7176325917243958,0.0,0.0,1.2494837045669556,0.5648543834686279,0.02166973240673542,0.3619055151939392,0.02080008201301098,0.6862409710884094,0.28229618072509766,0.014569059014320374,0.0008837941568344831,0.47849369049072266,0.9916030764579773,0.0,0.7659338116645813,0.2415163666009903,0.0004745647602248937,0.01848280243575573,0.0,0.0,0.3460232615470886,0.03817225247621536,0.0001488996931584552,1.270015001296997,0.0,0.0
740,3.695382833480835,0.9943642616271973,21.990976333618164,3.9270005226135254,0.4175572395324707,47.24162673950195,0.9356169700622559,0.934015154838562,183.3,0.935681939125061,0.02121926099061966,0.05319676548242569,19.27016830444336,0.0,0.0,0.3881664574146271,7.789691153448075e-05,0.0028444246854633093,0.5804550647735596,0.0,0.0,1.2741048336029053,0.4715002179145813,0.017703084275126457,0.2626490294933319,0.01448914036154747,0.45951467752456665,0.27049142122268677,0.011398655362427235,0.0006429393542930484,0.4928455352783203,0.9723471403121948,0.0,0.735032856464386,0.26508328318595886,0.00046957636368460953,0.01774517260491848,0.0,0.0,0.3497926592826843,0.04130784422159195,9.749227319844067e-05,1.2867499589920044,0.0,0.0
741,2.4767282009124756,0.4510684907436371,31.806711196899414,1.8407820463180542,0.7019084692001343,43.00864028930664,1.0398457050323486,1.039111852645874,67.92,0.9382772445678711,0.026217635720968246,0.06238622963428497,8.974370956420898,0.0,0.0,0.31760796904563904,6.866912735858932e-05,0.0027394944336265326,0.7767239809036255,0.0,0.0,0.9524836540222168,0.5714493989944458,0.01212998852133751,0.10863107442855835,0.005956736858934164,0.1571396142244339,0.3039187490940094,0.029150372371077538,0.0002806179691106081,0.8591211438179016,0.9956825971603394,0.0,0.9999591112136841,0.1661406308412552,0.000653718423563987,0.021223029121756554,0.0,0.0,0.34227582812309265,0.08718687295913696,8.442101534456015e-05,1.260664939880371,0.0,0.0
742,4.237800121307373,0.9426873922348022,27.172813415527344,2.049184799194336,0.5325097441673279,62.19609832763672,0.9504271149635315,0.9504600167274475,3.64,1.166542410850525,0.02032097615301609,0.05002986639738083,10.690983772277832,0.0,0.0,0.36734822392463684,4.0108530811266974e-05,0.0017073936760425568,0.5943148732185364,0.0,0.0,1.186295986175537,0.6950533986091614,0.015449358150362968,0.15155842900276184,0.0094736497849226,0.23557588458061218,0.2864571809768677,0.019677085801959038,0.0004315358819440007,0.6451227068901062,0.9905388355255127,0.0,0.8834037184715271,0.151258647441864,0.000579657731577754,0.019535381346940994,0.0,0.0,0.3471401035785675,0.07717253267765045,4.628071837942116e-05,1.293885588645935,0.0,0.0
743,4.59498929977417,0.5598324537277222,12.064628601074219,7.497873306274414,0.59835284948349,43.463314056396484,0.817452609539032,0.8084601759910583,1360.68,1.1531718969345093,0.015078490599989891,0.03509034216403961,12.190465927124023,0.0,0.0,0.2935357689857483,1.0432706858409801e-06,0.002913902048021555,0.7366737127304077,0.0,0.0,1.3283095359802246,0.4119345545768738,0.01835837960243225,0.3635668158531189,0.016405679285526276,0.640701949596405,0.2809140086174011,0.017264913767576218,0.0005832432652823627,0.6305657029151917,0.9666379690170288,0.0,0.7728844285011292,0.2653462886810303,0.00047551229363307357,0.0186535082757473,0.0,0.0,0.3436555564403534,0.032013844698667526,0.00010309902427252382,1.2857606410980225,0.0,0.0
744,4.494932174682617,0.08863639831542969,23.93186378479004,6.045018196105957,0.6388997435569763,43.588531494140625,1.1577967405319214,1.1604081392288208,194.37,1.0964267253875732,0.1742563545703888,0.015015635639429092,2.1693525314331055,0.0,0.0,0.3369714617729187,0.0001021669595502317,0.003974526189267635,0.9712965488433838,0.0,0.0,1.0634478330612183,0.530009925365448,0.017889022827148438,0.26106584072113037,0.013824707828462124,0.4733501970767975,0.2949313521385193,0.023085808381438255,0.0006320705288089812,0.6602736115455627,0.9889435172080994,0.0,0.8630275726318359,0.20587514340877533,0.0005681486218236387,0.018300380557775497,0.0,0.0,0.3437116742134094,0.09234239906072617,6.553403363795951e-05,1.2769700288772583,0.0,0.0
745,3.6926982402801514,0.9539062976837158,32.41072463989258,6.9951171875,0.5295761823654175,53.22788619995117,1.1916029453277588,1.1907581090927124,59.54,1.1828333139419556,0.01676834560930729,0.05255550891160965,12.576308250427246,0.0,0.0,0.36916401982307434,4.316677950555459e-05,0.0028353342786431313,0.5843236446380615,0.0,0.0,1.1863003969192505,0.6464610695838928,0.02066970430314541,0.3260330557823181,0.018956439569592476,0.6150184273719788,0.2845567762851715,0.016164083033800125,0.0008288011304102838,0.5085279941558838,0.992856502532959,0.0,0.8059256076812744,0.20248501002788544,0.0005027633742429316,0.018668627366423607,0.0,0.0,0.34574878215789795,0.04738252982497215,0.00012932407844346017,1.2737103700637817,0.0,0.0
746,2.5002689361572266,0.7585039138793945,16.622859954833984,9.519388198852539,0.5648122429847717,54.0490608215332,1.0475062131881714,1.0483521223068237,77.03,1.0267696380615234,0.007493105251342058,0.062116727232933044,13.184341430664062,0.0,0.0,0.3301750719547272,7.654371074750088e-06,0.003027943894267082,0.6558766961097717,0.0,0.0,1.2146964073181152,0.46861502528190613,0.021365467458963394,0.42529577016830444,0.020369095727801323,0.7988149523735046,0.2801528573036194,0.0153631791472435,0.0007494420860894024,0.5494838356971741,0.9766034483909607,0.0,0.8274759650230408,0.2206500768661499,0.0005175305996090174,0.01938295178115368,0.0,0.0,0.34360501170158386,0.0439954549074173,0.00010516132169868797,1.2853400707244873,0.0,0.0
747,3.587728261947632,0.6914722323417664,29.137161254882812,6.598124027252197,0.5827227830886841,59.947086334228516,1.1941500902175903,1.1947075128555298,39.07,1.3254870176315308,0.005823614075779915,0.04626747965812683,8.54059886932373,0.0,0.0,0.31455954909324646,9.950981620931998e-07,0.0030470138881355524,0.6774699091911316,0.0,0.0,1.2090554237365723,0.6294618248939514,0.019533909857273102,0.2966276705265045,0.016986381262540817,0.5500555038452148,0.2896448075771332,0.019470909610390663,0.000720435578841716,0.5765572190284729,0.9966594576835632,0.0,0.8264008164405823,0.18536162376403809,0.0005317562608979642,0.01897653564810753,0.0,0.0,0.3445335328578949,0.055917881429195404,7.611398177687079e-05,1.291240930557251,0.0,0.0
748,5.463180065155029,0.5066495537757874,21.916391372680664,8.005125999450684,0.7287113666534424,59.59649658203125,1.159615159034729,1.1595816612243652,2.49,1.2104769945144653,0.023300915956497192,0.03898680955171585,8.27331829071045,0.0,0.0,0.2899150848388672,7.532564723078394e-07,0.002816515974700451,0.7586397528648376,0.0,0.0,1.1068702936172485,0.5526594519615173,0.01663847826421261,0.267945796251297,0.013522923924028873,0.4872737526893616,0.3009357154369354,0.02685350365936756,0.0005742478533647954,0.740919291973114,0.9919278621673584,0.0,0.9194130301475525,0.1670958548784256,0.0006010946235619485,0.020020967349410057,0.0,0.0,0.3415205180644989,0.07802440971136093,6.0487356677185744e-05,1.2888679504394531,0.0,0.0
749,5.439626216888428,0.5072256922721863,23.310626983642578,3.8382503986358643,0.699228823184967,40.177371978759766,1.064910650253296,1.0636045932769775,115.31,0.9477905035018921,0.021804962307214737,0.041421763598918915,14.101042747497559,0.0,0.0,0.2898215055465698,7.609010594933352e-07,0.0030997549183666706,0.7581734657287598,0.0,0.0,1.0324645042419434,0.5234055519104004,0.013752827420830727,0.16958627104759216,0.008978092111647129,0.28589704632759094,0.3003043532371521,0.025831498205661774,0.0004179362440481782,0.7958208918571472,0.9902953505516052,0.0,0.9181972146034241,0.20641840994358063,0.0006036203703843057,0.02052006497979164,0.0,0.0,0.3429386019706726,0.06807443499565125,9.25791755435057e-05,1.2766854763031006,0.0,0.0
750,2.645580530166626,0.27905240654945374,15.615741729736328,5.129791259765625,0.6011014580726624,43.824581146240234,0.9754536747932434,0.9751904010772705,27.68,0.9888274669647217,0.07397881150245667,0.03634607791900635,5.660128116607666,0.0,0.0,0.3252688944339752,9.327226143795997e-05,0.003875969909131527,0.8672834038734436,0.0,0.0,1.119937539100647,0.4521571099758148,0.016843687742948532,0.2600996494293213,0.01312172133475542,0.46305736899375916,0.2867659628391266,0.019599126651883125,0.0005471814656630158,0.6574390530586243,0.9826831817626953,0.0,0.8518732190132141,0.22194188833236694,0.0005556400283239782,0.018923429772257805,0.0,0.0,0.3443346619606018,0.0697304755449295,6.964617205085233e-05,1.2854526042938232,0.0,0.0
751,2.1856658458709717,0.5609971880912781,13.271957397460938,4.1015143394470215,0.5862289071083069,46.403846740722656,0.875015139579773,0.8687485456466675,824.37,0.9628319144248962,0.011399634182453156,0.06063605844974518,11.251055717468262,0.0,0.0,0.31627923250198364,3.763583299587481e-05,0.003394798608496785,0.7340514063835144,0.0,0.0,1.1767162084579468,0.46154823899269104,0.01579074189066887,0.23345471918582916,0.011794369667768478,0.3916734457015991,0.28369423747062683,0.018937375396490097,0.00046569452388212085,0.67131108045578,0.9705299139022827,0.0,0.8413372039794922,0.2300432175397873,0.0005371206789277494,0.01958473213016987,0.0,0.0,0.3443645238876343,0.04536741226911545,0.00011006028216797858,1.282889485359192,0.0,0.0
752,4.445432186126709,0.4328468441963196,24.520963668823242,2.6097676753997803,0.5375800132751465,50.85136413574219,0.9724175930023193,0.9742796421051025,196.54,1.2001169919967651,0.03814012557268143,0.032847609370946884,7.477922439575195,0.0,0.0,0.301039457321167,1.8185699445893988e-05,0.0034803245216608047,0.7927520275115967,0.0,0.0,1.1697521209716797,0.679072916507721,0.015829959884285927,0.17460466921329498,0.010353900492191315,0.284076064825058,0.2861887514591217,0.018823280930519104,0.00047194099170155823,0.6354937553405762,0.9865725636482239,0.0,0.8447105884552002,0.20129944384098053,0.0005588181084021926,0.01917225308716297,0.0,0.0,0.3471188247203827,0.06962910294532776,6.797164678573608e-05,1.2878857851028442,0.0,0.0
753,3.9442622661590576,0.143371120095253,17.704862594604492,2.9262919425964355,0.49740737676620483,40.09725570678711,0.8771147727966309,0.8787865042686462,216.88,1.113403558731079,0.12006907165050507,0.016988852992653847,3.397200345993042,0.0,0.0,0.33328306674957275,0.00010884981020353734,0.004052532371133566,0.9441673755645752,0.0,0.0,1.225371241569519,0.450935423374176,0.016346687451004982,0.20487992465496063,0.01123489998281002,0.3331592381000519,0.2790239751338959,0.016168177127838135,0.0004890353884547949,0.5982911586761475,0.9715055227279663,0.0,0.7760754823684692,0.2575645446777344,0.0005028708837926388,0.01775684952735901,0.0,0.0,0.3479107618331909,0.060306012630462646,0.00010778893920360133,1.282529592514038,0.0,0.0
754,3.4241740703582764,0.4054320156574249,17.4555606842041,8.370893478393555,0.495648056268692,44.47954177856445,1.0097334384918213,1.0044721364974976,518.74,1.2219860553741455,0.03660673648118973,0.030158819630742073,8.37224292755127,0.0,0.0,0.30165815353393555,7.976784218044486e-06,0.0035558934323489666,0.8062363266944885,0.0,0.0,1.3600224256515503,0.3796280324459076,0.021732456982135773,0.4318316876888275,0.020819054916501045,0.7963899374008179,0.2738815248012543,0.012598216533660889,0.0007976701017469168,0.4972386062145233,0.9708167314529419,0.0,0.7317324280738831,0.28721171617507935,0.00045593202230520546,0.01765025034546852,0.0,0.0,0.34597906470298767,0.03698137402534485,9.946523641701788e-05,1.286729335784912,0.0,0.0
755,2.619474172592163,0.4326755106449127,18.916351318359375,5.689530372619629,0.4761480689048767,41.76218795776367,0.9982609152793884,0.9991698861122131,91.13,1.1569092273712158,0.026343272998929024,0.03953748941421509,9.10619068145752,0.0,0.0,0.3126322627067566,3.092543192906305e-05,0.003711875295266509,0.7932940721511841,0.0,0.0,1.320979356765747,0.39516210556030273,0.019418727606534958,0.327939510345459,0.017015261575579643,0.5927720665931702,0.2748369872570038,0.013171038590371609,0.0007039628108032048,0.5120053291320801,0.9744071364402771,0.0,0.7212895154953003,0.2963539659976959,0.0004547169082798064,0.017500558868050575,0.0,0.0,0.34749364852905273,0.03740254044532776,0.00010788889630930498,1.2838544845581055,0.0,0.0
756,4.545947551727295,0.7076966762542725,13.106886863708496,9.048389434814453,0.6425051689147949,45.19369888305664,0.8919242024421692,0.8807756304740906,1419.14,1.0325907468795776,0.006675673648715019,0.043420564383268356,16.703508377075195,0.0,0.0,0.3092782199382782,1.0421381375635974e-06,0.002557277912274003,0.6748738288879395,0.0,0.0,1.2505367994308472,0.4163256585597992,0.018291400745511055,0.3774017095565796,0.017069341614842415,0.6827390193939209,0.28541100025177,0.018892066553235054,0.0006135515286587179,0.6543243527412415,0.9740350246429443,0.0,0.8029420375823975,0.25217729806900024,0.000499369518365711,0.01911889761686325,0.0,0.0,0.34267354011535645,0.03545987233519554,0.00010348689102102071,1.2858755588531494,0.0,0.0
757,4.673191070556641,0.392555832862854,26.63493537902832,7.5527520179748535,0.592970609664917,75.28384399414062,1.1798436641693115,1.1793617010116577,34.64,1.6546308994293213,0.04978359490633011,0.02731587365269661,3.990841865539551,0.0,0.0,0.2951715886592865,1.7828155250754207e-05,0.0029051927849650383,0.8070935606956482,0.0,0.0,1.2377623319625854,0.6103155016899109,0.020610062405467033,0.3265637159347534,0.017894919961690903,0.6114711165428162,0.28982964158058167,0.02005884423851967,0.0007373691187240183,0.5750952363014221,0.9985386729240417,0.0,0.8515447378158569,0.16441433131694794,0.0005438358639366925,0.01874658651649952,0.0,0.0,0.34391915798187256,0.07431050390005112,7.244453445309773e-05,1.2899541854858398,0.0,0.0
758,4.824495792388916,0.38644611835479736,36.674076080322266,7.2468109130859375,0.4833081066608429,48.098838806152344,1.1947438716888428,1.196791172027588,143.18,1.486938238143921,0.03042936883866787,0.025725746527314186,5.993691921234131,0.0,0.0,0.29485899209976196,1.0176993328059325e-06,0.003789932234212756,0.8132615685462952,0.0,0.0,1.2076709270477295,0.399870902299881,0.021262899041175842,0.34493786096572876,0.020674072206020355,0.6576440334320068,0.28040236234664917,0.01290256716310978,0.0009272700408473611,0.45222508907318115,0.991942822933197,0.0,0.7323480844497681,0.30182701349258423,0.0004402492777444422,0.018091876059770584,0.0,0.0,0.3466967046260834,0.029949722811579704,0.0002317817125003785,1.2435424327850342,0.0,0.0
759,3.345566987991333,0.5989300608634949,30.403650283813477,7.744139194488525,0.5231642127037048,40.23441696166992,1.188590407371521,1.185706615447998,204.62,1.1333647966384888,0.009232742711901665,0.04599367827177048,14.04884147644043,0.0,0.0,0.30769553780555725,1.1180405863342457e-06,0.0035875162575393915,0.7138412594795227,0.0,0.0,1.1589733362197876,0.3043692708015442,0.020672263577580452,0.3513871729373932,0.020109156146645546,0.6694679260253906,0.2833113968372345,0.014343207702040672,0.0008824547403492033,0.4891493618488312,0.9849935173988342,0.0,0.7397686839103699,0.3366956412792206,0.00044565179268829525,0.018606852740049362,0.0,0.0,0.3453465402126312,0.02430509403347969,0.00023778491595294327,1.2417794466018677,0.0,0.0
760,4.627636909484863,0.6264994740486145,23.436790466308594,6.785430431365967,0.5776034593582153,53.99301528930664,1.1082957983016968,1.1078780889511108,34.02,1.175634503364563,0.010253451764583588,0.04012308269739151,10.958861351013184,0.0,0.0,0.30283302068710327,9.256610269403609e-07,0.003250697162002325,0.7035737037658691,0.0,0.0,1.1935118436813354,0.595820426940918,0.019092295318841934,0.3167177438735962,0.016878196969628334,0.5846664309501648,0.28658372163772583,0.018028683960437775,0.0006986591615714133,0.5814907550811768,0.988368570804596,0.0,0.8095899820327759,0.22152772545814514,0.0005227195797488093,0.01886935532093048,0.0,0.0,0.3445799946784973,0.05151670426130295,8.937547681853175e-05,1.2881603240966797,0.0,0.0
761,2.8448092937469482,0.2141139954328537,39.643898010253906,7.431560039520264,0.40397733449935913,52.73625183105469,1.1822330951690674,1.1816811561584473,39.51,1.5485241413116455,0.05531002953648567,0.018294302746653557,2.7712302207946777,0.0,0.0,0.32973918318748474,9.116613364312798e-05,0.004436802119016647,0.9046240448951721,0.0,0.0,1.2782355546951294,0.3946400284767151,0.022336218506097794,0.37586817145347595,0.02291882410645485,0.7248745560646057,0.2717602252960205,0.008743304759263992,0.0010844073258340359,0.3790263831615448,0.9932668805122375,0.0,0.6921070218086243,0.306407630443573,0.0004159945819992572,0.01695384457707405,0.0,0.0,0.34978151321411133,0.03416764363646507,0.0002085989690385759,1.250898003578186,0.0,0.0
762,3.5474178791046143,0.0489211268723011,11.941643714904785,6.234724998474121,0.615946352481842,44.59555435180664,0.8807774782180786,0.8817036151885986,119.26,1.112043023109436,0.19910657405853271,0.010581223294138908,1.326088547706604,0.0,0.0,0.35451817512512207,0.00014875702618155628,0.0038274123799055815,0.9977846741676331,0.0,0.0,1.1933943033218384,0.4736119210720062,0.017920728772878647,0.3079633414745331,0.0140525558963418,0.5326765179634094,0.2855435907840729,0.02078855223953724,0.0005432697362266481,0.6650733351707458,0.9685251712799072,0.0,0.8371841907501221,0.21311113238334656,0.0005316485185176134,0.018105225637555122,0.0,0.0,0.34358206391334534,0.07306890934705734,0.00010095469042425975,1.2829649448394775,0.0,0.0
763,3.6530356407165527,0.94936203956604,25.44106674194336,8.362738609313965,0.4458233714103699,59.37564468383789,1.0951132774353027,1.0916553735733032,289.25,1.1891597509384155,0.01385005097836256,0.04734346643090248,12.485170364379883,0.0,0.0,0.37181219458580017,3.641755392891355e-05,0.002862524939700961,0.5888810157775879,0.0,0.0,1.321608543395996,0.5681578516960144,0.022685499861836433,0.4317977726459503,0.022815952077507973,0.8226158618927002,0.27188706398010254,0.01077002938836813,0.0009213187149725854,0.4325622618198395,0.983769416809082,0.0,0.7485325336456299,0.22454124689102173,0.0004675939562730491,0.01778739131987095,0.0,0.0,0.347412645816803,0.042587436735630035,8.166431507561356e-05,1.2921119928359985,0.0,0.0
764,2.89709210395813,0.7968754172325134,21.41619300842285,8.71237850189209,0.5908825993537903,40.54872512817383,1.1379342079162598,1.1371676921844482,59.24,0.9935365319252014,0.010408381931483746,0.06087883934378624,19.341903686523438,0.0,0.0,0.333756685256958,2.2497280951938592e-05,0.003015998750925064,0.6352779269218445,0.0,0.0,1.1912304162979126,0.40263956785202026,0.020176563411951065,0.3670555651187897,0.01902288757264614,0.6935734748840332,0.28630051016807556,0.017568223178386688,0.0007788678631186485,0.5671194195747375,0.9839305281639099,0.0,0.7830281257629395,0.261425644159317,0.0004890091950073838,0.018581978976726532,0.0,0.0,0.3439829647541046,0.03747769445180893,0.00013380864402279258,1.275010347366333,0.0,0.0
765,5.399145126342773,0.6344903707504272,32.41840744018555,6.284590244293213,0.4095543622970581,48.50251770019531,1.092856526374817,1.0940523147583008,100.01,1.3892418146133423,0.00825686939060688,0.03250165656208992,10.135580062866211,0.0,0.0,0.30809512734413147,1.1634690508799395e-06,0.0035188051406294107,0.704006016254425,0.0,0.0,1.3179904222488403,0.42964550852775574,0.020772777497768402,0.351397305727005,0.0201133880764246,0.6539720892906189,0.2719027101993561,0.009913581423461437,0.0008920603431761265,0.41770318150520325,0.9815877676010132,0.0,0.7039154171943665,0.30231380462646484,0.0004326474154368043,0.017977749928832054,0.0,0.0,0.3499431908130646,0.027701815590262413,0.00016123804380185902,1.2669042348861694,0.0,0.0
766,4.207403182983398,0.8895183801651001,23.019807815551758,3.73561954498291,0.6914052367210388,40.981624603271484,1.0683845281600952,1.065858244895935,221.85,0.8238497376441956,0.022839469835162163,0.06293223053216934,22.154991149902344,0.0,0.0,0.34329161047935486,2.3336979211308062e-05,0.002731641521677375,0.6016897559165955,0.0,0.0,0.9955988526344299,0.5712779760360718,0.013727961108088493,0.1685243546962738,0.009060446172952652,0.28515738248825073,0.29902413487434387,0.025454528629779816,0.0004241004353389144,0.7885366678237915,0.9923338890075684,0.0,0.9422014951705933,0.1834881752729416,0.000619875849224627,0.020586645230650902,0.0,0.0,0.3429557681083679,0.07527467608451843,6.481946911662817e-05,1.278803825378418,0.0,0.0
767,4.373542308807373,0.5096365213394165,23.20975685119629,5.0571184158325195,0.7303857803344727,40.39268112182617,1.1413764953613281,1.1449047327041626,270.0,0.9432414174079895,0.021943775936961174,0.04493650794029236,13.696470260620117,0.0,0.0,0.29362502694129944,5.662475359713426e-06,0.0030015266966074705,0.7531925439834595,0.0,0.0,1.0078321695327759,0.5265495777130127,0.014081173576414585,0.190217062830925,0.009895563125610352,0.33218836784362793,0.30286893248558044,0.027446338906884193,0.0004662550345528871,0.8029400110244751,0.9923953413963318,0.0,0.947288990020752,0.19356177747249603,0.0006202614167705178,0.02077786810696125,0.0,0.0,0.34170159697532654,0.0729297623038292,8.71385054779239e-05,1.274576187133789,0.0,0.0
768,2.110348701477051,0.02247650735080242,13.298588752746582,4.076560974121094,0.5672643184661865,49.17300796508789,0.8993416428565979,0.9001710414886475,102.45,0.9604029655456543,0.20099906623363495,0.01827608421444893,0.9591429829597473,0.0,0.0,0.39008644223213196,0.00021204023505561054,0.004299838561564684,1.0106768608093262,0.0,0.0,1.1169229745864868,0.5146273970603943,0.01685667410492897,0.24024541676044464,0.011943245306611061,0.40305328369140625,0.2830343544483185,0.01957041770219803,0.0004842790076509118,0.6496491432189941,0.970818042755127,0.0,0.8257956504821777,0.21694155037403107,0.0005350541323423386,0.017671087756752968,0.0,0.0,0.3446318805217743,0.08718602359294891,7.42597840144299e-05,1.2787877321243286,0.0,0.0
769,3.5537002086639404,0.42490828037261963,41.65907287597656,5.911901473999023,0.422225683927536,53.99197006225586,1.1649852991104126,1.163498044013977,109.72,1.5981316566467285,0.02083059772849083,0.02576940320432186,4.368090629577637,0.0,0.0,0.30500003695487976,5.39248048880836e-06,0.0036281337961554527,0.7994587421417236,0.0,0.0,1.3208156824111938,0.5655355453491211,0.02081647329032421,0.31535735726356506,0.019852854311466217,0.5870600938796997,0.27474501729011536,0.010582789778709412,0.0009222812950611115,0.42200273275375366,0.9929388761520386,0.0,0.7015743851661682,0.27291637659072876,0.0004167105071246624,0.017466478049755096,0.0,0.0,0.3495241403579712,0.030364608392119408,0.00021941879822406918,1.248305320739746,0.0,0.0
770,1.2852003574371338,0.18809299170970917,28.8710880279541,3.566666841506958,0.5913789868354797,56.454566955566406,1.144561529159546,1.1462996006011963,132.47,1.2959282398223877,0.10318632423877716,0.03799032047390938,1.6460645198822021,0.0,0.0,0.3709101974964142,0.00022549192362930626,0.0037797437980771065,0.9133598804473877,0.0,0.0,1.1444673538208008,0.6480939984321594,0.017112836241722107,0.19431793689727783,0.011530723422765732,0.3325434625148773,0.292705774307251,0.023464113473892212,0.0005280198529362679,0.6604862213134766,0.9991975426673889,0.0,0.8485625386238098,0.14965051412582397,0.0005618389695882797,0.017629975453019142,0.0,0.0,0.3456447124481201,0.0962936133146286,3.1647261494072154e-05,1.2942087650299072,0.0,0.0
771,1.5702850818634033,0.9650907516479492,12.468132019042969,6.992137908935547,0.5315806269645691,53.647640228271484,0.9071476459503174,0.904430091381073,331.23,0.8786425590515137,0.014872746542096138,0.08159703016281128,16.963993072509766,0.0,0.0,0.38055258989334106,7.86979726399295e-05,0.0030205794610083103,0.5865995287895203,0.0,0.0,1.2492212057113647,0.37837088108062744,0.018984470516443253,0.3688710033893585,0.017863869667053223,0.6676998138427734,0.2749566435813904,0.01422913558781147,0.0006605099770240486,0.5614631175994873,0.9711471796035767,0.0,0.7495247721672058,0.2746226191520691,0.0004591649048961699,0.01796605996787548,0.0,0.0,0.3441111743450165,0.031063655391335487,0.00012431519280653447,1.2784168720245361,0.0,0.0
772,5.737516403198242,0.5411549210548401,16.447744369506836,7.453990459442139,0.6062568426132202,40.3531379699707,0.9479076862335205,0.9465463161468506,151.73,1.1616955995559692,0.017600543797016144,0.03495953604578972,14.006064414978027,0.0,0.0,0.29024186730384827,9.905306797008961e-07,0.002778417896479368,0.7447355389595032,0.0,0.0,1.2956196069717407,0.4289681613445282,0.018487483263015747,0.34149786829948425,0.01630537398159504,0.6238203644752502,0.28492358326911926,0.01798831671476364,0.0006255462067201734,0.6249836683273315,0.9792623519897461,0.0,0.7589970827102661,0.2735293507575989,0.0004737112030852586,0.018162963911890984,0.0,0.0,0.34425264596939087,0.03737054020166397,0.00010220528929494321,1.285508394241333,0.0,0.0
773,5.657217502593994,0.4645397961139679,21.309350967407227,7.37171745300293,0.451558381319046,42.60040283203125,1.0030977725982666,1.0035377740859985,43.71,1.2782701253890991,0.025784144178032875,0.02920215204358101,11.480948448181152,0.0,0.0,0.2907058596611023,1.0701656947276206e-06,0.0032799262553453445,0.7777007222175598,0.0,0.0,1.3914977312088013,0.3553535044193268,0.0211030226200819,0.4035913348197937,0.020339887589216232,0.7585925459861755,0.2712046205997467,0.010577785782516003,0.0008142952574416995,0.4645671248435974,0.9774819612503052,0.0,0.6773850917816162,0.3403726816177368,0.0004205586446914822,0.017005300149321556,0.0,0.0,0.34803006052970886,0.030532514676451683,0.0001092690508812666,1.2831783294677734,0.0,0.0
774,5.831714153289795,0.0520128570497036,35.01199722290039,6.76002311706543,0.4529712498188019,40.50516891479492,1.144500494003296,1.142747402191162,134.04,1.5154860019683838,0.09206849336624146,0.015013345517218113,2.138242721557617,0.0,0.0,0.32994747161865234,0.00010363259207224473,0.004714961163699627,0.9932902455329895,0.0,0.0,1.1534481048583984,0.32337138056755066,0.021049823611974716,0.3408905565738678,0.02043200097978115,0.6527944207191467,0.27813079953193665,0.011891528032720089,0.0009558226447552443,0.435118705034256,0.994217038154602,0.0,0.7215978503227234,0.32135432958602905,0.00042782636592164636,0.01738126575946808,0.0,0.0,0.34813404083251953,0.03496606647968292,0.0002826617856044322,1.2271206378936768,0.0,0.0
775,2.61303448677063,0.8773937821388245,22.973268508911133,4.7285332679748535,0.7876553535461426,53.905521392822266,1.1648200750350952,1.1670341491699219,162.87,0.8521128296852112,0.020246274769306183,0.08611996471881866,14.61196517944336,0.0,0.0,0.34381216764450073,2.250202487630304e-05,0.002441389486193657,0.602508008480072,0.0,0.0,0.9855182766914368,0.525166928768158,0.012420626357197762,0.15457089245319366,0.007858304306864738,0.2617700397968292,0.30795231461524963,0.03273067623376846,0.00038297800347208977,0.8939087390899658,1.0018683671951294,0.0,1.0148940086364746,0.13143940269947052,0.0006822288269177079,0.020774226635694504,0.0,0.0,0.3408135175704956,0.09518308937549591,2.5932413336704485e-05,1.2948330640792847,0.0,0.0
776,4.420597076416016,0.5132005214691162,23.789810180664062,4.908509254455566,0.4272105395793915,46.072261810302734,0.9966727495193481,0.995760977268219,91.87,1.2093294858932495,0.018960019573569298,0.032249223440885544,10.529221534729004,0.0,0.0,0.3005494475364685,1.0478338481334504e-06,0.0037176746409386396,0.7570410966873169,0.0,0.0,1.3269964456558228,0.42439180612564087,0.01902456395328045,0.3046686351299286,0.016481369733810425,0.5430809855461121,0.27216821908950806,0.011380065232515335,0.000716399576049298,0.4755607843399048,0.9724871516227722,0.0,0.7085551023483276,0.30558153986930847,0.0004514727334026247,0.01768799126148224,0.0,0.0,0.3494463860988617,0.03540788218379021,0.00011032402835553512,1.283107042312622,0.0,0.0
777,3.286120891571045,0.5952444076538086,40.443180084228516,2.270658254623413,0.7518823742866516,58.41872024536133,1.1437339782714844,1.1440112590789795,21.19,1.1600314378738403,0.0035784707870334387,0.05702264606952667,7.775657653808594,0.0,0.0,0.3045380711555481,1.1744010407710448e-05,0.0022381008602678776,0.7179500460624695,0.0,0.0,1.0188961029052734,0.5228871703147888,0.011561647988855839,0.11704062670469284,0.005572114139795303,0.17430931329727173,0.3073539733886719,0.03381834924221039,0.0002250343095511198,0.9220899343490601,1.0050334930419922,0.0,1.0738898515701294,0.11715160310268402,0.0007050585118122399,0.022035252302885056,0.0,0.0,0.34014785289764404,0.09356728941202164,5.196141864871606e-05,1.2815842628479004,0.0,0.0
778,1.0691503286361694,0.4163823127746582,33.83125686645508,4.699715614318848,0.5056362748146057,41.21959686279297,1.1616960763931274,1.1623518466949463,48.56,1.0872868299484253,0.018258754163980484,0.06324955075979233,7.20389461517334,0.0,0.0,0.34007927775382996,0.00013741845032200217,0.004217883106321096,0.7982192635536194,0.0,0.0,1.084332823753357,0.3591330647468567,0.01804460398852825,0.250110000371933,0.01534038595855236,0.45509806275367737,0.2843290865421295,0.015506601892411709,0.0007338590221479535,0.5301223993301392,0.9891955852508545,0.0,0.7720960974693298,0.287016361951828,0.0004715206741821021,0.018588420003652573,0.0,0.0,0.34721270203590393,0.03456400707364082,0.00025353877572342753,1.2379159927368164,0.0,0.0
779,1.7468124628067017,0.16928629577159882,39.72576904296875,2.6178715229034424,0.6882753968238831,47.553470611572266,1.1821680068969727,1.1818387508392334,23.57,1.133505940437317,0.09390681236982346,0.04181136563420296,2.354764699935913,0.0,0.0,0.36739930510520935,0.00021347911388147622,0.002812242368236184,0.9219481945037842,0.0,0.0,0.9661678671836853,0.5784172415733337,0.013266701251268387,0.13916011154651642,0.007606806233525276,0.221672922372818,0.30181750655174255,0.028857603669166565,0.00034583499655127525,0.8156494498252869,1.002658486366272,0.0,0.9555239081382751,0.16540050506591797,0.0005977971595712006,0.019684655591845512,0.0,0.0,0.3411687910556793,0.08782269805669785,0.00011100909614469856,1.2411847114562988,0.0,0.0
780,2.7834343910217285,0.14547856152057648,21.200666427612305,3.9798102378845215,0.5051957368850708,47.680877685546875,1.0104252099990845,1.0103278160095215,9.54,1.0560153722763062,0.11658285558223724,0.022355008870363235,2.9334263801574707,0.0,0.0,0.3492392897605896,0.00014283873315434903,0.004395551048219204,0.9390425086021423,0.0,0.0,1.1610404253005981,0.481537401676178,0.01771078258752823,0.24226604402065277,0.013299085199832916,0.42178645730018616,0.28112131357192993,0.016363903880119324,0.0006023633177392185,0.5692446231842041,0.9798666834831238,0.0,0.7878224849700928,0.24260030686855316,0.0005214569391682744,0.01761559769511223,0.0,0.0,0.34734785556793213,0.07641816139221191,6.23421001364477e-05,1.2860157489776611,0.0,0.0
781,1.9130244255065918,0.36854228377342224,23.116653442382812,2.0785646438598633,0.6714980006217957,46.28139114379883,0.9908619523048401,0.9895180463790894,137.07,0.8688430190086365,0.05407547205686569,0.061287567019462585,7.143982410430908,0.0,0.0,0.33231016993522644,9.981557377614081e-05,0.0032828818075358868,0.8172919750213623,0.0,0.0,0.9934277534484863,0.5922703146934509,0.013016373850405216,0.12125790864229202,0.006878652609884739,0.1826038807630539,0.29916542768478394,0.026899168267846107,0.0003220027429051697,0.8141467571258545,0.9947909712791443,0.0,0.947174608707428,0.16722352802753448,0.0006462344317696989,0.01983402483165264,0.0,0.0,0.3439619839191437,0.09563382714986801,3.599394403863698e-05,1.2877223491668701,0.0,0.0
782,4.308773517608643,0.7463505864143372,14.089325904846191,8.775625228881836,0.4153645634651184,57.35640335083008,0.8609520196914673,0.8595018982887268,195.97,1.1594167947769165,0.006462847348302603,0.03721361979842186,15.447941780090332,0.0,0.0,0.3216654360294342,1.2666342854572576e-06,0.002787269651889801,0.6610187888145447,0.0,0.0,1.451503872871399,0.29201748967170715,0.021713027730584145,0.5107182264328003,0.02313305251300335,0.930892825126648,0.2600473463535309,0.007302603218704462,0.0007975328480824828,0.45188185572624207,0.95975661277771,0.0,0.6929935812950134,0.3461928367614746,0.0004120336670894176,0.017800085246562958,0.0,0.0,0.3457644581794739,0.020861469209194183,0.00013023419887758791,1.2777132987976074,0.0,0.0
783,5.220785140991211,0.00634336331859231,27.563386917114258,3.308624029159546,0.5618422031402588,50.936832427978516,1.0840314626693726,1.0793781280517578,397.69,1.378530502319336,0.23574066162109375,0.010407062247395515,0.7164300084114075,0.0,0.0,0.35477134585380554,0.0001429172116331756,0.004332376644015312,1.0189094543457031,0.0,0.0,1.1351664066314697,0.6668657064437866,0.017079705372452736,0.1936328262090683,0.011427044868469238,0.32976287603378296,0.2902897000312805,0.021213268861174583,0.0005379196372814476,0.636619508266449,0.9973846673965454,0.0,0.834273099899292,0.17873476445674896,0.0005573824746534228,0.01745566353201866,0.0,0.0,0.34691333770751953,0.09559802711009979,4.001105116913095e-05,1.2886806726455688,0.0,0.0
784,1.313880443572998,0.868630588054657,14.876999855041504,8.624425888061523,0.6442465782165527,47.105491638183594,1.0591654777526855,1.0605967044830322,127.41,0.8594135046005249,0.014398053288459778,0.08999626338481903,15.537124633789062,0.0,0.0,0.3586543798446655,7.495234603993595e-05,0.0029746871441602707,0.6130243539810181,0.0,0.0,1.1633667945861816,0.48806408047676086,0.018786411732435226,0.35105156898498535,0.01685439608991146,0.6378281712532043,0.28851911425590515,0.020790575072169304,0.0006526840152218938,0.6450311541557312,0.9742056131362915,0.0,0.835475742816925,0.2119070589542389,0.0005303593934513628,0.01904156617820263,0.0,0.0,0.34286656975746155,0.047408461570739746,8.848145807860419e-05,1.2898582220077515,0.0,0.0
785,4.1077141761779785,0.8519049882888794,29.87326431274414,3.4181511402130127,0.45127108693122864,65.36604309082031,1.0257598161697388,1.0273139476776123,147.48,1.3580864667892456,0.00865101721137762,0.04183889552950859,8.637825012207031,0.0,0.0,0.34817227721214294,1.4504199498333037e-05,0.0021748465951532125,0.6256349682807922,0.0,0.0,1.3088527917861938,0.7379099130630493,0.01794854737818241,0.22556549310684204,0.013639365322887897,0.38711410760879517,0.2782231569290161,0.01471505593508482,0.0006147327367216349,0.521720826625824,0.9895058274269104,0.0,0.7974968552589417,0.1753954291343689,0.0005147566553205252,0.01854899525642395,0.0,0.0,0.3492448925971985,0.05740168318152428,5.969269841443747e-05,1.2971258163452148,0.0,0.0
786,5.8180365562438965,0.5048449039459229,34.92249298095703,8.82571029663086,0.46803760528564453,43.5836067199707,1.1823265552520752,1.1772688627243042,363.36,1.4499752521514893,0.014477042481303215,0.031244440004229546,9.44791030883789,0.0,0.0,0.2919335663318634,1.1182339676452102e-06,0.0035661719739437103,0.7574792504310608,0.0,0.0,1.223555326461792,0.3102840781211853,0.022479567676782608,0.40626147389411926,0.02373780682682991,0.7871838808059692,0.2772403061389923,0.011049134656786919,0.0010264921002089977,0.4189028739929199,0.9885299801826477,0.0,0.7125585675239563,0.346070259809494,0.0004155741189606488,0.018231619149446487,0.0,0.0,0.34656625986099243,0.021343205124139786,0.0002682007907424122,1.2315250635147095,0.0,0.0
787,2.8183586597442627,0.9313820004463196,21.295486450195312,2.5853614807128906,0.557124137878418,43.5477180480957,0.950728178024292,0.9524050354957581,185.19,0.8051419854164124,0.02061728946864605,0.07427077740430832,21.057003021240234,0.0,0.0,0.36579883098602295,5.001564204576425e-05,0.002856303472071886,0.5933959484100342,0.0,0.0,1.0941998958587646,0.5159725546836853,0.014920896850526333,0.16745862364768982,0.009863019920885563,0.2744285762310028,0.28638702630996704,0.018720751628279686,0.0004488247795961797,0.6614289879798889,0.9842512011528015,0.0,0.8357451558113098,0.22354848682880402,0.0005502344574779272,0.019173169508576393,0.0,0.0,0.3466188311576843,0.05810536816716194,7.012602145550773e-05,1.284729242324829,0.0,0.0
788,5.8900532722473145,0.15667478740215302,29.14988136291504,3.353564977645874,0.6931203007698059,47.3093376159668,1.1283305883407593,1.1261231899261475,173.72,1.2252106666564941,0.15067283809185028,0.02344914712011814,2.783083915710449,0.0,0.0,0.31620049476623535,7.097153138602152e-05,0.0037531801499426365,0.9360349178314209,0.0,0.0,1.0234036445617676,0.5829137563705444,0.014403416775166988,0.15447065234184265,0.008700476959347725,0.2571941018104553,0.30275341868400574,0.028501933440566063,0.000418212846852839,0.794594943523407,1.0028514862060547,0.0,0.9342005848884583,0.15980614721775055,0.0006226366967894137,0.019173186272382736,0.0,0.0,0.34325361251831055,0.09395553916692734,4.6591787395300344e-05,1.2803746461868286,0.0,0.0
789,4.184105396270752,0.4918232560157776,21.70708465576172,2.3779187202453613,0.6962257027626038,53.57973861694336,0.9605406522750854,0.9604374766349792,11.18,0.992608368396759,0.024772239848971367,0.044395215809345245,9.686678886413574,0.0,0.0,0.29856008291244507,1.1559101039892994e-05,0.0031950538977980614,0.7620856761932373,0.0,0.0,1.035861611366272,0.5731182098388672,0.012694330886006355,0.12522099912166595,0.006811622995883226,0.19114959239959717,0.3001694679260254,0.027705485001206398,0.00031394275720231235,0.8398575186729431,0.9976988434791565,0.0,0.9616124033927917,0.1573643982410431,0.0006536077708005905,0.020228315144777298,0.0,0.0,0.3432481288909912,0.09573765099048615,3.7592242733808234e-05,1.2920678853988647,0.0,0.0
790,4.419824123382568,0.8410252332687378,16.674715042114258,2.693821668624878,0.6085404753684998,53.357154846191406,0.835347056388855,0.8402436971664429,697.63,0.8275092840194702,0.012419132515788078,0.05768255144357681,20.152435302734375,0.0,0.0,0.33611905574798584,8.507725397066679e-06,0.0025999327190220356,0.6247764229774475,0.0,0.0,1.089145302772522,0.5337736010551453,0.013828372582793236,0.16612081229686737,0.008828459307551384,0.2621005177497864,0.28783559799194336,0.02035519853234291,0.00037346474709920585,0.7291374802589417,0.9744223952293396,0.0,0.9144869446754456,0.20284965634346008,0.000599224935285747,0.020703179761767387,0.0,0.0,0.3442516326904297,0.0608612559735775,8.002994582056999e-05,1.281884789466858,0.0,0.0
791,4.425840854644775,0.22172701358795166,13.597325325012207,6.478056907653809,0.46058374643325806,59.45199966430664,0.8474137783050537,0.8472991585731506,15.96,1.2503141164779663,0.08659151196479797,0.016598310321569443,4.001204967498779,0.0,0.0,0.30913013219833374,5.937698369962163e-05,0.0035782402846962214,0.8966473340988159,0.0,0.0,1.311273455619812,0.3175535500049591,0.01977175660431385,0.3878003656864166,0.018087543547153473,0.6952804923057556,0.26863425970077515,0.01100027933716774,0.0006752004846930504,0.5082250237464905,0.9658991098403931,0.0,0.7573368549346924,0.3016153872013092,0.00046187546104192734,0.018043505027890205,0.0,0.0,0.3452235758304596,0.0373726561665535,0.0001612102350918576,1.2673181295394897,0.0,0.0
792,3.010624408721924,0.5285876989364624,14.922490119934082,7.865298748016357,0.4032861292362213,42.86726760864258,0.9080613851547241,0.9114207029342651,405.9,1.2996536493301392,0.0158596932888031,0.03388287499547005,10.27126407623291,0.0,0.0,0.30525922775268555,1.2327153626756626e-06,0.0035871088039129972,0.7531476020812988,0.0,0.0,1.5543879270553589,0.3411511480808258,0.02191898226737976,0.4731115996837616,0.02212093025445938,0.8519213795661926,0.26131436228752136,0.008006188087165356,0.0008012838079594076,0.4416689872741699,0.9589597582817078,0.0,0.6494088768959045,0.3504982590675354,0.00039267807733267546,0.016719792038202286,0.0,0.0,0.348046213388443,0.022475503385066986,8.790702850092202e-05,1.2903958559036255,0.0,0.0
793,3.2665328979492188,0.5735360980033875,14.457453727722168,9.82993221282959,0.6458243727684021,59.72172546386719,1.0067919492721558,1.0085922479629517,177.29,1.0580432415008545,0.013143112882971764,0.04861266911029816,11.842053413391113,0.0,0.0,0.30372148752212524,2.7974153908871813e-06,0.0027628696989268064,0.7317769527435303,0.0,0.0,1.1548619270324707,0.3954477608203888,0.019007299095392227,0.3852788209915161,0.018120422959327698,0.7105547189712524,0.28753507137298584,0.01915806159377098,0.0006692867027595639,0.6379724144935608,0.9782539010047913,0.0,0.8363030552864075,0.24528026580810547,0.0005214595003053546,0.019543247297406197,0.0,0.0,0.341504842042923,0.03983522951602936,0.0001492671581218019,1.2722753286361694,0.0,0.0
794,2.590200901031494,0.3844238221645355,17.296707153320312,3.9621500968933105,0.4942024052143097,59.23307418823242,0.9317136406898499,0.9237459301948547,925.76,1.0658408403396606,0.04056135192513466,0.039693232625722885,7.420083999633789,0.0,0.0,0.3180699050426483,6.759483221685514e-05,0.003679444082081318,0.8158490061759949,0.0,0.0,1.1866340637207031,0.4080536365509033,0.017082426697015762,0.25003722310066223,0.013428887352347374,0.43299391865730286,0.2772681713104248,0.014662189409136772,0.0005694166175089777,0.5680813789367676,0.9763034582138062,0.0,0.786295473575592,0.26906856894493103,0.0005046213045716286,0.01844741776585579,0.0,0.0,0.3459344208240509,0.0477302260696888,0.00012334913481026888,1.2755059003829956,0.0,0.0
795,1.6895992755889893,0.4618213176727295,32.59269714355469,4.920141696929932,0.5571756958961487,58.76340103149414,1.194056749343872,1.196317195892334,158.24,1.2975326776504517,0.02563798800110817,0.052897680550813675,5.17476224899292,0.0,0.0,0.3266068696975708,8.415312186116353e-05,0.0035389128606766462,0.7780671119689941,0.0,0.0,1.1799890995025635,0.6640957593917847,0.018591074272990227,0.24675434827804565,0.014773418195545673,0.44959956407546997,0.28913167119026184,0.019432775676250458,0.0006739291711710393,0.5815680623054504,1.0000958442687988,0.0,0.8375259637832642,0.17581917345523834,0.0005452525219880044,0.01866154745221138,0.0,0.0,0.3460559844970703,0.07171954959630966,5.640819654217921e-05,1.2912317514419556,0.0,0.0
796,2.4923269748687744,0.11304119229316711,28.737409591674805,4.316040515899658,0.42801907658576965,54.97526168823242,1.0636032819747925,1.0651860237121582,139.7,1.385575771331787,0.11745068430900574,0.016632413491606712,1.4854674339294434,0.0,0.0,0.3614673912525177,0.00018042701412923634,0.004568769130855799,0.9581680297851562,0.0,0.0,1.268496036529541,0.6498881578445435,0.019446954131126404,0.26819273829460144,0.015594949014484882,0.4784351885318756,0.275705486536026,0.01317316759377718,0.0007371744140982628,0.4764557480812073,0.9865272045135498,0.0,0.7429133653640747,0.22128915786743164,0.0004851980193052441,0.01681983284652233,0.0,0.0,0.3502035439014435,0.07473210245370865,6.079074228182435e-05,1.2907848358154297,0.0,0.0
797,2.711622476577759,0.3473379611968994,14.420506477355957,8.106154441833496,0.5894365906715393,50.95976638793945,0.9879976511001587,0.9859607815742493,209.1,1.1135423183441162,0.05253854766488075,0.0359199196100235,6.458174705505371,0.0,0.0,0.3137618899345398,6.291011231951416e-05,0.003476174082607031,0.8352999687194824,0.0,0.0,1.2156025171279907,0.4057919681072235,0.019586892798542976,0.37320834398269653,0.017792008817195892,0.6845133900642395,0.28281334042549133,0.017477774992585182,0.0006817053072154522,0.5967727303504944,0.9773343801498413,0.0,0.8073949813842773,0.24529853463172913,0.0005097473040223122,0.01848440431058407,0.0,0.0,0.3433198034763336,0.04972654953598976,0.00011322607315378264,1.2827197313308716,0.0,0.0
798,1.4151182174682617,0.5640115141868591,16.630489349365234,6.250333786010742,0.4187001883983612,41.37120819091797,0.9576545357704163,0.9571595191955566,54.0,1.1006619930267334,0.009613084606826305,0.05715949088335037,10.00700855255127,0.0,0.0,0.3272258937358856,3.1976647733245045e-05,0.004240531008690596,0.7387214303016663,0.0,0.0,1.388991117477417,0.3729310929775238,0.020253155380487442,0.3813716769218445,0.019169040024280548,0.6863513588905334,0.2665287256240845,0.010008462704718113,0.0007581426179967821,0.4613182544708252,0.9656784534454346,0.0,0.6921064853668213,0.3123280704021454,0.0004307891067583114,0.01735963672399521,0.0,0.0,0.34876859188079834,0.02922925353050232,9.123371273744851e-05,1.2890428304672241,0.0,0.0
799,1.6479060649871826,0.19627179205417633,30.264780044555664,6.762600421905518,0.5069546699523926,50.6141471862793,1.187244176864624,1.18740713596344,11.56,1.2447699308395386,0.07672876864671707,0.032502397894859314,2.486452579498291,0.0,0.0,0.3549748361110687,0.00017232207756023854,0.004571296740323305,0.911483645439148,0.0,0.0,1.1815341711044312,0.5182804465293884,0.021023165434598923,0.3293134272098541,0.01892947591841221,0.6206656098365784,0.2825466990470886,0.015379546210169792,0.000863529508933425,0.4911401867866516,0.9915560483932495,0.0,0.7592639923095703,0.2383323311805725,0.00048537456314079463,0.017207711935043335,0.0,0.0,0.34682324528694153,0.06244639307260513,9.681934170657769e-05,1.2768633365631104,0.0,0.0
800,4.2158684730529785,0.6037207245826721,17.631174087524414,9.236480712890625,0.6843971610069275,47.210182189941406,1.081566333770752,1.0840179920196533,209.11,1.0006150007247925,0.012364123947918415,0.045712921768426895,14.385727882385254,0.0,0.0,0.299262672662735,8.568514999751642e-07,0.0027429056353867054,0.7161153554916382,0.0,0.0,1.133324384689331,0.48862749338150024,0.01803136058151722,0.3351353406906128,0.016049372032284737,0.6164376139640808,0.29364025592803955,0.022213105112314224,0.0006384602747857571,0.6794111728668213,0.9808983206748962,0.0,0.8686224818229675,0.21728515625,0.0005584071041084826,0.019848143681883812,0.0,0.0,0.3419901430606842,0.052862342447042465,0.00010187294537900016,1.284644603729248,0.0,0.0
801,4.769317626953125,0.06986761838197708,26.916513442993164,9.72463607788086,0.4017263948917389,51.645057678222656,1.1240628957748413,1.1262664794921875,174.06,1.4272375106811523,0.14311476051807404,0.007557828910648823,3.240954637527466,0.0,0.0,0.32928788661956787,7.938351336633787e-05,0.004649179056286812,0.9804856777191162,0.0,0.0,1.3452543020248413,0.3868110179901123,0.024776902049779892,0.5007545948028564,0.02605750784277916,0.9724742770195007,0.26768726110458374,0.00820770114660263,0.001093272352591157,0.383011132478714,0.9865628480911255,0.0,0.6999162435531616,0.285615473985672,0.0004416959418449551,0.016432244330644608,0.0,0.0,0.3491728603839874,0.05372082442045212,9.453662642044947e-05,1.2876007556915283,0.0,0.0
802,4.459063529968262,0.1768743395805359,25.29756736755371,3.430527448654175,0.7368338704109192,50.03668975830078,1.112051248550415,1.1082080602645874,311.85,1.1024842262268066,0.13806705176830292,0.022557847201824188,3.0704078674316406,0.0,0.0,0.3246041536331177,8.08623808552511e-05,0.0035477420315146446,0.9206936359405518,0.0,0.0,1.00345778465271,0.5517199635505676,0.013274135999381542,0.1430334448814392,0.007575655821710825,0.2324102371931076,0.3055015802383423,0.03135322406888008,0.0003712695906870067,0.8566743731498718,1.0008693933486938,0.0,0.9836077094078064,0.14196959137916565,0.0006688308203592896,0.019596243277192116,0.0,0.0,0.34231260418891907,0.09534949064254761,2.6917041395790875e-05,1.2907735109329224,0.0,0.0
803,5.134428024291992,0.469888299703598,18.036815643310547,1.9987711906433105,0.6555408239364624,44.47318649291992,0.8116992712020874,0.813532829284668,277.67,0.8938916325569153,0.02948611229658127,0.040292929857969284,12.215889930725098,0.0,0.0,0.29252609610557556,4.3899549382331315e-06,0.0033063977025449276,0.7773844003677368,0.0,0.0,1.0468086004257202,0.5822792649269104,0.012604198418557644,0.1245814710855484,0.006748317740857601,0.1835423856973648,0.2944811284542084,0.023747805505990982,0.00029906051349826157,0.8057398200035095,0.9831343293190002,0.0,0.9478923082351685,0.18912753462791443,0.0006376280216500163,0.02074899524450302,0.0,0.0,0.34448516368865967,0.08750481903553009,5.310893902787939e-05,1.288197636604309,0.0,0.0
804,1.215181827545166,0.0787511095404625,12.51926040649414,5.838884353637695,0.7581292986869812,56.90665054321289,0.9930816888809204,0.994147777557373,107.98,0.8319997191429138,0.20739337801933289,0.04266572743654251,1.5194900035858154,0.0,0.0,0.3962401747703552,0.00018273589375894517,0.003507872810587287,0.9782407283782959,0.0,0.0,0.9536241292953491,0.5310854315757751,0.014333742670714855,0.20779217779636383,0.009275912307202816,0.360280841588974,0.30080312490463257,0.03052397072315216,0.0003958613087888807,0.8404828310012817,0.9825113415718079,0.0,0.9832280874252319,0.15002256631851196,0.0006431565270759165,0.019336868077516556,0.0,0.0,0.34070324897766113,0.09125322848558426,5.058155147708021e-05,1.272813320159912,0.0,0.0
805,2.058898448944092,0.9579470753669739,14.650373458862305,3.321274518966675,0.4040035605430603,44.78605270385742,0.8079341650009155,0.8083124756813049,57.93,0.868746817111969,0.015099185518920422,0.07079292088747025,18.192607879638672,0.0,0.0,0.3826720714569092,6.514931010315195e-05,0.0033253817819058895,0.5969391465187073,0.0,0.0,1.3088942766189575,0.41413190960884094,0.016442803665995598,0.24751800298690796,0.01328504178673029,0.41473153233528137,0.26527491211891174,0.010459478944540024,0.0005414768820628524,0.512985348701477,0.9646177887916565,0.0,0.7155483365058899,0.29335424304008484,0.00045014184433966875,0.017684463411569595,0.0,0.0,0.349300742149353,0.0324295274913311,9.595134906703606e-05,1.286350131034851,0.0,0.0
806,2.9149348735809326,0.1828409880399704,19.016748428344727,8.159658432006836,0.6799525022506714,52.135128021240234,1.1465723514556885,1.1445167064666748,156.65,1.0412449836730957,0.1322306990623474,0.027237625792622566,3.3969578742980957,0.0,0.0,0.3366493284702301,0.00011457912478363141,0.003790541086345911,0.920337975025177,0.0,0.0,1.0572084188461304,0.551886260509491,0.018275778740644455,0.3041391372680664,0.015137637965381145,0.5619728565216064,0.29574424028396606,0.024045325815677643,0.0006513302796520293,0.6796737313270569,0.987406313419342,0.0,0.8947218656539917,0.18819694221019745,0.00059150205925107,0.018823670223355293,0.0,0.0,0.34215089678764343,0.09287014603614807,4.557036663754843e-05,1.286571979522705,0.0,0.0
807,4.799086093902588,0.8627423644065857,20.429094314575195,7.040166854858398,0.5090047121047974,55.944175720214844,1.0138068199157715,1.0112793445587158,246.52,1.0531384944915771,0.010075888596475124,0.04444563761353493,16.443479537963867,0.0,0.0,0.345503032207489,2.2408785298466682e-05,0.0027578892186284065,0.6152820587158203,0.0,0.0,1.2420036792755127,0.483519047498703,0.019827071577310562,0.3675727844238281,0.018647801131010056,0.6796318292617798,0.2766658365726471,0.013611163012683392,0.0007446078816428781,0.5210511088371277,0.9795882701873779,0.0,0.7875478267669678,0.23884503543376923,0.0004993979819118977,0.018610257655382156,0.0,0.0,0.3456403315067291,0.04396624118089676,9.615773888071999e-05,1.2876430749893188,0.0,0.0
808,5.706332683563232,0.7711321115493774,20.595746994018555,9.87812614440918,0.6636725664138794,57.277679443359375,1.108491063117981,1.1060017347335815,203.05,1.1081290245056152,0.0027004017028957605,0.04486704617738724,13.25863265991211,0.0,0.0,0.32202914357185364,9.81563061941415e-06,0.0022893843706697226,0.6493971347808838,0.0,0.0,1.1271796226501465,0.5516660213470459,0.01883123070001602,0.3591609597206116,0.01811218075454235,0.6748863458633423,0.291986346244812,0.02097475342452526,0.0007045718375593424,0.6431303024291992,0.9944553375244141,0.0,0.8828252553939819,0.1870809644460678,0.0005652971449308097,0.01989670656621456,0.0,0.0,0.3421900272369385,0.0580185130238533,8.017782238312066e-05,1.2857283353805542,0.0,0.0
809,3.5764760971069336,0.9896628260612488,24.53163719177246,6.619192123413086,0.4200332462787628,47.90787124633789,1.0425795316696167,1.0422782897949219,27.72,1.0106415748596191,0.01866726763546467,0.05136715620756149,16.884902954101562,0.0,0.0,0.3859925866127014,7.033118163235486e-05,0.0033267263788729906,0.5771999359130859,0.0,0.0,1.2883549928665161,0.44377899169921875,0.02076997049152851,0.37493062019348145,0.0199898649007082,0.7030935287475586,0.2698822021484375,0.010134270414710045,0.0008534597582183778,0.43707501888275146,0.9781802892684937,0.0,0.7237237691879272,0.26599621772766113,0.0004543281393125653,0.01756855472922325,0.0,0.0,0.3491082787513733,0.03801519051194191,0.00010430244583403692,1.2847272157669067,0.0,0.0
810,4.413693904876709,0.2806648313999176,38.81550979614258,5.834892749786377,0.4585886597633362,42.025917053222656,1.1389822959899902,1.1440210342407227,386.7,1.6423486471176147,0.035761941224336624,0.020474623888731003,4.183664321899414,0.0,0.0,0.30645233392715454,3.699394073919393e-05,0.003972381353378296,0.8675994277000427,0.0,0.0,1.1620925664901733,0.35764357447624207,0.019917462021112442,0.2998138964176178,0.018838820978999138,0.5633963346481323,0.27903085947036743,0.012296131812036037,0.0008836174383759499,0.45297563076019287,0.9943006634712219,0.0,0.7460716366767883,0.3044169247150421,0.0004263518494553864,0.01847444660961628,0.0,0.0,0.34748217463493347,0.02530052326619625,0.00034108039108105004,1.2095823287963867,0.0,0.0
811,4.560449123382568,0.0027123745530843735,26.642478942871094,7.221975803375244,0.49300289154052734,46.37277603149414,1.149375557899475,1.147265076637268,160.05,1.252670407295227,0.1876455396413803,0.0064438884146511555,1.5367614030838013,0.0,0.0,0.3532085418701172,0.00012865955068264157,0.0047933743335306644,1.020407795906067,0.0,0.0,1.1796727180480957,0.4483146071434021,0.021523265168070793,0.362270712852478,0.019658174365758896,0.6858122944831848,0.2801484763622284,0.014310299418866634,0.0008791922009550035,0.4808380603790283,0.9909388422966003,0.0,0.7555294036865234,0.2561509907245636,0.00048766974941827357,0.016814488917589188,0.0,0.0,0.3472374975681305,0.07640228420495987,8.86682901182212e-05,1.2769854068756104,0.0,0.0
812,2.2499446868896484,0.21829114854335785,26.382118225097656,1.7289412021636963,0.6527032256126404,44.39365005493164,0.976931095123291,0.97795170545578,106.83,0.9371357560157776,0.1092878207564354,0.04222763702273369,4.152472496032715,0.0,0.0,0.34980183839797974,0.00014435601769946516,0.003374433144927025,0.895243763923645,0.0,0.0,0.9923837780952454,0.6090934872627258,0.013240344822406769,0.11371898651123047,0.0066810837015509605,0.1655573844909668,0.2988622784614563,0.02666546404361725,0.00031941512133926153,0.7983938455581665,0.9945570230484009,0.0,0.9307793378829956,0.1709916740655899,0.0006299333763308823,0.019319994375109673,0.0,0.0,0.344441294670105,0.09480183571577072,4.4099891965743154e-05,1.279525637626648,0.0,0.0
813,1.5631637573242188,0.9874811768531799,18.13681411743164,6.974591255187988,0.7172141075134277,40.31522750854492,1.1390726566314697,1.1391925811767578,9.24,0.7117577195167542,0.03633007034659386,0.10318204760551453,21.42413330078125,0.0,0.0,0.3809656500816345,0.00010617499356158078,0.002609468763694167,0.5648022294044495,0.0,0.0,1.0405603647232056,0.5218893885612488,0.01573123410344124,0.24914485216140747,0.01253469754010439,0.4558282196521759,0.29864686727523804,0.02571156620979309,0.0005535240634344518,0.750316858291626,0.9889139533042908,0.0,0.8946229815483093,0.19009770452976227,0.0005796264158561826,0.019581859931349754,0.0,0.0,0.34223583340644836,0.06487911194562912,6.058272629161365e-05,1.2874151468276978,0.0,0.0
814,4.387053966522217,0.43798285722732544,15.789908409118652,9.446039199829102,0.43158039450645447,53.62206268310547,0.933404803276062,0.9331127405166626,33.53,1.273745059967041,0.033339232206344604,0.025483403354883194,9.177284240722656,0.0,0.0,0.2926066219806671,1.025738129101228e-06,0.0033196525182574987,0.7908079624176025,0.0,0.0,1.4479466676712036,0.3239743113517761,0.02303270623087883,0.5224626660346985,0.023742105811834335,0.9619253277778625,0.2637782096862793,0.008346498012542725,0.0008443458355031908,0.4502300024032593,0.9624816179275513,0.0,0.7019107341766357,0.32025957107543945,0.00042847543954849243,0.017467837780714035,0.0,0.0,0.3463006615638733,0.029666626825928688,0.00010196349467150867,1.2868306636810303,0.0,0.0
815,1.893478274345398,0.5871281027793884,19.328657150268555,3.4502437114715576,0.7087243795394897,53.078269958496094,1.044926643371582,1.0409191846847534,368.44,0.8223469257354736,0.010621704161167145,0.08054707199335098,12.007814407348633,0.0,0.0,0.3212369978427887,4.837854066863656e-05,0.0031881520990282297,0.7167365550994873,0.0,0.0,0.9946331977844238,0.5635740756988525,0.013127656653523445,0.15539151430130005,0.008208812214434147,0.255023717880249,0.3000258207321167,0.027279604226350784,0.00037415168480947614,0.8247248530387878,0.993269145488739,0.0,0.9696922898292542,0.16632838547229767,0.0006576976156793535,0.02062072977423668,0.0,0.0,0.34254708886146545,0.09507114440202713,3.605374877224676e-05,1.2907733917236328,0.0,0.0
816,3.0914230346679688,0.7012499570846558,30.895587921142578,3.5725910663604736,0.5933389663696289,48.95257568359375,1.138352394104004,1.1406595706939697,177.68,1.1041057109832764,0.0050142379477620125,0.05795687064528465,11.445924758911133,0.0,0.0,0.3206089735031128,1.0236616617476102e-05,0.0031313805375248194,0.6731383204460144,0.0,0.0,1.0935637950897217,0.6489982008934021,0.016006097197532654,0.19139660894870758,0.011569931171834469,0.3294375538825989,0.29294294118881226,0.021358592435717583,0.0005306365201249719,0.6607315540313721,0.9964098334312439,0.0,0.8686800003051758,0.1952793151140213,0.0005614958354271948,0.019894404336810112,0.0,0.0,0.3450920283794403,0.05599334463477135,0.00010653634672053158,1.2740858793258667,0.0,0.0
817,3.915334463119507,0.09872881323099136,38.91615295410156,5.711548805236816,0.42737677693367004,52.26741409301758,1.155845046043396,1.1583524942398071,187.28,1.5551711320877075,0.10101620852947235,0.009813308715820312,1.576280951499939,0.0,0.0,0.34110724925994873,0.00012410018825903535,0.004445666912943125,0.9663093090057373,0.0,0.0,1.2328128814697266,0.48093530535697937,0.02063990943133831,0.3089342713356018,0.01890380308032036,0.5772022008895874,0.2758721709251404,0.01144515909254551,0.0009189352276735008,0.4317675232887268,0.994361400604248,0.0,0.7251271605491638,0.26787275075912476,0.0004489879938773811,0.01700834557414055,0.0,0.0,0.34974542260169983,0.05022291839122772,0.00019190651073586196,1.2567205429077148,0.0,0.0
818,2.189910650253296,0.5318671464920044,23.367403030395508,4.11251974105835,0.5110527873039246,57.133663177490234,1.0487289428710938,1.045746088027954,271.98,1.1306536197662354,0.016642479225993156,0.05297262594103813,8.320030212402344,0.0,0.0,0.31999799609184265,4.186381556792185e-05,0.003616605419665575,0.7472624778747559,0.0,0.0,1.196495771408081,0.6090220212936401,0.0177746694535017,0.24277673661708832,0.013744407333433628,0.42654669284820557,0.2822127044200897,0.01652703247964382,0.0006058283033780754,0.5671105980873108,0.9844617247581482,0.0,0.8133869767189026,0.21215732395648956,0.0005324830999597907,0.018789775669574738,0.0,0.0,0.3469003438949585,0.05798545107245445,6.685014523100108e-05,1.2902711629867554,0.0,0.0
819,3.200272560119629,0.7141408920288086,32.01021957397461,4.061045169830322,0.4834498465061188,45.23773956298828,1.0995633602142334,1.0996935367584229,10.77,1.1262588500976562,0.004729277454316616,0.052601005882024765,12.860818862915039,0.0,0.0,0.32516810297966003,2.1302216737240087e-06,0.003512766445055604,0.671968936920166,0.0,0.0,1.1650787591934204,0.4701533913612366,0.017691195011138916,0.23710456490516663,0.01445846352726221,0.4198426306247711,0.2819947302341461,0.014795644208788872,0.00067182257771492,0.5278597474098206,0.9855772852897644,0.0,0.7648859024047852,0.2710283398628235,0.00047925434773787856,0.01888379082083702,0.0,0.0,0.34824246168136597,0.033444397151470184,0.00018679737695492804,1.2595045566558838,0.0,0.0
820,5.105239391326904,0.8529581427574158,27.755970001220703,4.760601997375488,0.5542790293693542,44.8689079284668,1.0977057218551636,1.0961586236953735,128.58,1.0555018186569214,0.012020185589790344,0.04596441611647606,16.611103057861328,0.0,0.0,0.3420872092247009,2.8823904358432628e-05,0.0029380873311311007,0.6189126968383789,0.0,0.0,1.1279821395874023,0.5499656200408936,0.01760672591626644,0.24909363687038422,0.01415349543094635,0.4468947947025299,0.2867514193058014,0.017974605783820152,0.0006342926062643528,0.590212345123291,0.9876322746276855,0.0,0.8310511112213135,0.21875399351119995,0.0005291121196933091,0.019299469888210297,0.0,0.0,0.3458727300167084,0.04977274313569069,0.00012624172086361796,1.271427035331726,0.0,0.0
821,3.465714454650879,0.264530211687088,36.47869873046875,3.229238271713257,0.47690001130104065,41.59122085571289,1.0778659582138062,1.0752458572387695,226.07,1.3450915813446045,0.04397088289260864,0.026104766875505447,4.575035095214844,0.0,0.0,0.3229564428329468,8.542755676899105e-05,0.004009919241070747,0.8771899938583374,0.0,0.0,1.0984532833099365,0.4005981981754303,0.016862522810697556,0.2008495330810547,0.012887618504464626,0.3469747006893158,0.28278911113739014,0.015088966116309166,0.0006405497551895678,0.5395059585571289,0.9910966157913208,0.0,0.7808672189712524,0.27745959162712097,0.00047315642586909235,0.018699759617447853,0.0,0.0,0.3483751714229584,0.03731721267104149,0.00028782879235222936,1.2279869318008423,0.0,0.0
822,2.470804452896118,0.4160188138484955,20.913692474365234,2.631448984146118,0.6550164222717285,51.258907318115234,0.9971123337745667,0.9989811182022095,187.61,0.9248731136322021,0.044815387576818466,0.05475006252527237,8.164704322814941,0.0,0.0,0.3191554546356201,6.468763604061678e-05,0.0033999462611973286,0.7958519458770752,0.0,0.0,1.0338854789733887,0.6005974411964417,0.013823851011693478,0.14619724452495575,0.008121781051158905,0.2306816130876541,0.2962977886199951,0.025245297700166702,0.000370916590327397,0.7770435214042664,0.9887225031852722,0.0,0.9361306428909302,0.17348851263523102,0.0006350770127028227,0.0199581291526556,0.0,0.0,0.3439624309539795,0.09549511224031448,3.8946691347518936e-05,1.2899127006530762,0.0,0.0
823,5.866014003753662,0.5885293483734131,32.15800857543945,5.915189266204834,0.579240620136261,44.40297317504883,1.1813287734985352,1.1829659938812256,117.16,1.2185187339782715,0.009943686425685883,0.038522735238075256,11.883578300476074,0.0,0.0,0.2972511649131775,9.824989319895394e-07,0.0032003968954086304,0.7216206192970276,0.0,0.0,1.1192188262939453,0.4583275616168976,0.01834827847778797,0.2712298631668091,0.015845123678445816,0.5010432600975037,0.29015591740608215,0.01853463053703308,0.000708423089236021,0.582149863243103,0.9924534559249878,0.0,0.8109656572341919,0.2549129128456116,0.0005021666875109076,0.019415048882365227,0.0,0.0,0.3444569408893585,0.03691856563091278,0.00020422883972059935,1.2527248859405518,0.0,0.0
824,3.8601176738739014,0.01663539744913578,24.15177345275879,9.687596321105957,0.45129406452178955,45.71721267700195,1.132697343826294,1.133833646774292,88.48,1.2042367458343506,0.17062373459339142,0.00398055836558342,3.453477144241333,0.0,0.0,0.35241541266441345,0.00011982642172370106,0.004667184315621853,1.0144068002700806,0.0,0.0,1.2561546564102173,0.34877556562423706,0.02400359883904457,0.47895434498786926,0.024568498134613037,0.9183161854743958,0.27261897921562195,0.010702446103096008,0.0010375609854236245,0.4244329631328583,0.9843181371688843,0.0,0.7234588265419006,0.2908869683742523,0.000459889299236238,0.01654254086315632,0.0,0.0,0.34750670194625854,0.06106998398900032,0.00011063593410653993,1.2800471782684326,0.0,0.0
825,2.553380250930786,0.08325590938329697,21.160194396972656,5.550178050994873,0.7862523198127747,45.877681732177734,1.1824363470077515,1.1850214004516602,184.49,0.8882989883422852,0.1923525035381317,0.027635948732495308,1.7177814245224,0.0,0.0,0.37030208110809326,0.00015539595915470272,0.00345136527903378,0.9727165102958679,0.0,0.0,0.9291338920593262,0.5294744968414307,0.013341877609491348,0.1749315708875656,0.008697952143847942,0.30391162633895874,0.30802440643310547,0.033145297318696976,0.00043733001803047955,0.8706582188606262,0.9990391135215759,0.0,0.9854503273963928,0.15087583661079407,0.0006735671195201576,0.01910088211297989,0.0,0.0,0.3408263027667999,0.09410110861063004,2.2695192456012592e-05,1.287371039390564,0.0,0.0
826,2.136389970779419,0.17944516241550446,17.871671676635742,3.93096661567688,0.5273633599281311,56.97520446777344,0.9722060561180115,0.9786577224731445,678.08,1.056402325630188,0.10537154227495193,0.029876187443733215,2.9807581901550293,0.0,0.0,0.35283762216567993,0.00016713640070520341,0.004079424310475588,0.920001208782196,0.0,0.0,1.151502013206482,0.48785150051116943,0.017280230298638344,0.2382154017686844,0.012740016914904118,0.40878990292549133,0.2816719710826874,0.01727982982993126,0.000552504207007587,0.5987755656242371,0.9764205813407898,0.0,0.8058632016181946,0.23448176681995392,0.000527288590092212,0.017915762960910797,0.0,0.0,0.345689058303833,0.0726981833577156,7.478640327462927e-05,1.2807934284210205,0.0,0.0
827,1.7984893321990967,0.016289832070469856,27.494056701660156,3.4178059101104736,0.628924548625946,42.87663269042969,1.1444741487503052,1.142616868019104,142.03,1.0609756708145142,0.17267915606498718,0.02461315132677555,0.8165132403373718,0.0,0.0,0.40507644414901733,0.00026690223603509367,0.003979849629104137,1.0091450214385986,0.0,0.0,1.0115522146224976,0.6234546303749084,0.01580752804875374,0.17703591287136078,0.010287951678037643,0.298976331949234,0.29625409841537476,0.025035366415977478,0.0004915330209769309,0.7106373310089111,0.9966062307357788,0.0,0.8566163182258606,0.18432925641536713,0.0005640741437673569,0.017533140257000923,0.0,0.0,0.3444020748138428,0.09275666624307632,5.269312168820761e-05,1.2706782817840576,0.0,0.0
828,3.5026960372924805,0.33208325505256653,29.946998596191406,7.369805335998535,0.45665255188941956,44.05061721801758,1.1451005935668945,1.1438084840774536,98.65,1.4377883672714233,0.038998182862997055,0.02494926005601883,5.29832649230957,0.0,0.0,0.3083847165107727,2.846322786353994e-05,0.004045572131872177,0.839749276638031,0.0,0.0,1.2555183172225952,0.3970227837562561,0.021865759044885635,0.37442606687545776,0.021103018894791603,0.7099475264549255,0.2764321565628052,0.011770556680858135,0.0009301999234594405,0.43785205483436584,0.9850094318389893,0.0,0.7267618775367737,0.2901863753795624,0.00044521683594211936,0.01763058267533779,0.0,0.0,0.3478732407093048,0.036889225244522095,0.00018358869419898838,1.2593019008636475,0.0,0.0
829,4.578641891479492,0.09948281943798065,14.989548683166504,8.0335054397583,0.6970583200454712,48.06103515625,1.0098679065704346,1.0049679279327393,482.81,1.034198522567749,0.1983933001756668,0.015730712562799454,2.631049394607544,0.0,0.0,0.3312265872955322,9.553193376632407e-05,0.0034911958500742912,0.970622718334198,0.0,0.0,1.087287425994873,0.49051016569137573,0.017254449427127838,0.3035803735256195,0.013927394524216652,0.5507296919822693,0.2951945662498474,0.024345990270376205,0.0005731810233555734,0.719646692276001,0.9822043776512146,0.0,0.9073315262794495,0.19288671016693115,0.000593540898989886,0.019077785313129425,0.0,0.0,0.34230121970176697,0.09254620224237442,5.865556886419654e-05,1.285439372062683,0.0,0.0
830,3.6940011978149414,0.701111376285553,20.137510299682617,1.5476043224334717,0.7276511788368225,43.91069412231445,0.8227062821388245,0.8238846659660339,173.85,0.7552287578582764,0.0019969686400145292,0.06728027760982513,15.71500015258789,0.0,0.0,0.3115095794200897,1.3084606962365797e-06,0.0029594257939606905,0.6721713542938232,0.0,0.0,0.9586072564125061,0.5484101176261902,0.010658579878509045,0.08758720755577087,0.004664421547204256,0.11597045511007309,0.30234184861183167,0.028469590470194817,0.0002163025492336601,0.9148327708244324,1.0026785135269165,0.0,1.005656123161316,0.1578543782234192,0.0006880678120069206,0.02137727104127407,0.0,0.0,0.34298253059387207,0.09561318159103394,4.063854430569336e-05,1.2899677753448486,0.0,0.0
831,1.8162767887115479,0.922615110874176,19.313106536865234,6.780500411987305,0.4831041693687439,52.327606201171875,1.0373822450637817,1.0360572338104248,123.28,0.8894768357276917,0.012793860398232937,0.07671109586954117,17.800251007080078,0.0,0.0,0.3714011311531067,5.2421572036109865e-05,0.003479571081697941,0.5992245674133301,0.0,0.0,1.2489063739776611,0.4318697452545166,0.02012854628264904,0.36546093225479126,0.018912067636847496,0.6759499907493591,0.2747710049152374,0.012781107798218727,0.0007759733707644045,0.4978857636451721,0.9753889441490173,0.0,0.7493690252304077,0.2624688744544983,0.00047642469871789217,0.01791203022003174,0.0,0.0,0.34665295481681824,0.03985007479786873,8.668955706525594e-05,1.290208101272583,0.0,0.0
832,3.5954792499542236,0.2302708774805069,31.52421760559082,8.407044410705566,0.4598348140716553,54.31563186645508,1.178619384765625,1.1791030168533325,34.8,1.5199986696243286,0.07588161528110504,0.017417101189494133,3.030529499053955,0.0,0.0,0.31732723116874695,5.994713501422666e-05,0.004182789940387011,0.8925181031227112,0.0,0.0,1.2848317623138428,0.5109966397285461,0.02326127327978611,0.40593793988227844,0.022979609668254852,0.7859076857566833,0.27654147148132324,0.011800038628280163,0.001006582984700799,0.4236615002155304,0.9946932792663574,0.0,0.7394587397575378,0.2459438443183899,0.00046483048936352134,0.017246920615434647,0.0,0.0,0.347697377204895,0.0523763932287693,0.00011665517376968637,1.280239224433899,0.0,0.0
833,1.3651553392410278,0.49075230956077576,19.438718795776367,4.867823123931885,0.4282599091529846,55.34590530395508,0.9832318425178528,0.9840906858444214,88.76,1.056922197341919,0.01852332428097725,0.05632598325610161,8.407523155212402,0.0,0.0,0.3301866352558136,6.85092163621448e-05,0.004111827816814184,0.7709962129592896,0.0,0.0,1.273863434791565,0.4143853187561035,0.01889090985059738,0.3066295385360718,0.01641797460615635,0.5470076203346252,0.27085036039352417,0.01149287074804306,0.0007015754235908389,0.48347896337509155,0.972747266292572,0.0,0.7308794856071472,0.2843100130558014,0.00046861713053658605,0.017711186781525612,0.0,0.0,0.3483251929283142,0.04028656333684921,9.621973731555045e-05,1.2871876955032349,0.0,0.0
834,3.309561252593994,0.6981257796287537,20.95602798461914,2.247049331665039,0.5174511671066284,49.22334671020508,0.8966331481933594,0.8961223363876343,63.57,0.9273292422294617,0.0052627031691372395,0.05612611770629883,15.162988662719727,0.0,0.0,0.3218595087528229,3.465673216851428e-06,0.0032257470302283764,0.6801797151565552,0.0,0.0,1.1527245044708252,0.5428411960601807,0.014965695329010487,0.16483107209205627,0.009848043322563171,0.25891736149787903,0.2824946939945221,0.017008233815431595,0.0004402326012495905,0.6302660703659058,0.9770298600196838,0.0,0.8219854831695557,0.23754321038722992,0.0005443020490929484,0.01947437785565853,0.0,0.0,0.3473305106163025,0.05067402124404907,8.269161480711773e-05,1.286352276802063,0.0,0.0
835,2.2485833168029785,0.37227171659469604,19.677656173706055,6.89227819442749,0.702734649181366,56.69846725463867,1.1565271615982056,1.1571165323257446,44.04,1.0535547733306885,0.058434370905160904,0.050203368067741394,6.1159186363220215,0.0,0.0,0.3214370906352997,8.140986756188795e-05,0.0034647693391889334,0.8192834258079529,0.0,0.0,1.0479705333709717,0.5639318227767944,0.01669502630829811,0.2558351159095764,0.013089580461382866,0.46466103196144104,0.2985524535179138,0.02599406987428665,0.000573908444494009,0.7279564738273621,0.9911732077598572,0.0,0.9145751595497131,0.17332161962985992,0.0006068687653169036,0.019275637343525887,0.0,0.0,0.3417786955833435,0.09344178438186646,4.331324089434929e-05,1.28776216506958,0.0,0.0
836,5.694817066192627,0.15669310092926025,36.25767135620117,5.104377746582031,0.4912734925746918,48.18641662597656,1.1544225215911865,1.1560137271881104,119.23,1.4972931146621704,0.08977855741977692,0.01886771246790886,2.496105909347534,0.0,0.0,0.31539127230644226,7.639445539098233e-05,0.0041498783975839615,0.9340741038322449,0.0,0.0,1.165712833404541,0.4877243936061859,0.01937021128833294,0.27031680941581726,0.016414489597082138,0.49843350052833557,0.2831340730190277,0.015145812183618546,0.0007779847946949303,0.5053711533546448,0.9955184459686279,0.0,0.7698501944541931,0.25289246439933777,0.00047969931620173156,0.01784968189895153,0.0,0.0,0.34777337312698364,0.05220454931259155,0.00019126574625261128,1.2542359828948975,0.0,0.0
837,4.5345458984375,0.9093832969665527,25.44125747680664,4.2099528312683105,0.6409460306167603,77.71408081054688,1.1012989282608032,1.0976238250732422,304.03,1.3384016752243042,0.006723531987518072,0.039176665246486664,4.959625244140625,0.0,0.0,0.35058173537254333,7.224204637168441e-06,0.0014530448243021965,0.5985561609268188,0.0,0.0,1.2508429288864136,0.6064801216125488,0.016980357468128204,0.20732755959033966,0.011966248974204063,0.3479415774345398,0.2950283885002136,0.02606302686035633,0.0004752984968945384,0.7078217267990112,1.0015459060668945,0.0,0.8923398852348328,0.10833285003900528,0.0005500596598722041,0.018713267520070076,0.0,0.0,0.3429597318172455,0.09301715344190598,9.326275903731585e-05,1.2793463468551636,0.0,0.0
838,5.043040752410889,0.9928795695304871,30.844676971435547,7.676663875579834,0.48650291562080383,54.34989547729492,1.145925521850586,1.1454963684082031,32.69,1.2244006395339966,0.01921742409467697,0.041257936507463455,12.250455856323242,0.0,0.0,0.38506120443344116,8.46020775497891e-05,0.002491614082828164,0.5727406740188599,0.0,0.0,1.251961588859558,0.6410152316093445,0.021861424669623375,0.3761926591396332,0.020945856347680092,0.7108064889907837,0.2784624397754669,0.013500340282917023,0.0008887419244274497,0.4632611870765686,0.9876358509063721,0.0,0.7878708243370056,0.2025521844625473,0.0004893926670774817,0.01834815740585327,0.0,0.0,0.34686416387557983,0.04695412889122963,0.00011812625598395243,1.279963731765747,0.0,0.0
839,3.0104639530181885,0.3346160352230072,28.35724639892578,3.07074236869812,0.569987416267395,41.21332931518555,1.081827998161316,1.0800026655197144,156.23,1.0412393808364868,0.045646220445632935,0.039275161921978,7.310441970825195,0.0,0.0,0.3195139765739441,7.455117884092033e-05,0.0036467434838414192,0.8373262882232666,0.0,0.0,1.057017207145691,0.46088501811027527,0.01578722894191742,0.1792953610420227,0.010721386410295963,0.304143488407135,0.29077357053756714,0.020084626972675323,0.0005120800342410803,0.6499853134155273,0.9904478192329407,0.0,0.8442704081535339,0.23519526422023773,0.0005470107425935566,0.019154982641339302,0.0,0.0,0.345975786447525,0.06119844317436218,0.00012179874465800822,1.262498378753662,0.0,0.0
840,3.4234540462493896,0.6963150501251221,22.259700775146484,3.1276934146881104,0.6724636554718018,49.86681365966797,1.0362187623977661,1.0335057973861694,253.33,0.8901079297065735,0.004754633642733097,0.06228270381689072,14.548138618469238,0.0,0.0,0.31474411487579346,4.193322638457175e-06,0.0030695595778524876,0.6736120581626892,0.0,0.0,1.0439841747283936,0.5885365605354309,0.013694718480110168,0.15784811973571777,0.008704185485839844,0.2550917863845825,0.2976788282394409,0.025408465415239334,0.00039484808803536,0.7830280661582947,0.9891798496246338,0.0,0.9321264624595642,0.1788756400346756,0.0006256506312638521,0.0206073597073555,0.0,0.0,0.34347760677337646,0.07605737447738647,5.0748203648254275e-05,1.28972327709198,0.0,0.0
841,5.782209396362305,0.10985059291124344,15.00195598602295,4.872278213500977,0.6664824485778809,44.03330993652344,0.890383243560791,0.8906047344207764,27.93,1.0400208234786987,0.18365494906902313,0.020709006115794182,2.682955265045166,0.0,0.0,0.3200862407684326,8.031749894144014e-05,0.0037686696741729975,0.9647374749183655,0.0,0.0,1.1040743589401245,0.5042024850845337,0.015377006493508816,0.22765278816223145,0.010784635320305824,0.3927306532859802,0.29324084520339966,0.023445306345820427,0.0004557849606499076,0.7471725344657898,0.980666995048523,0.0,0.8888520002365112,0.1996961385011673,0.0005834390758536756,0.018945157527923584,0.0,0.0,0.343923956155777,0.09381534159183502,5.671616236213595e-05,1.2884923219680786,0.0,0.0
842,2.2692484855651855,0.10212109982967377,18.39057731628418,6.770435810089111,0.5638922452926636,44.387779235839844,1.071991205215454,1.0738987922668457,165.7,1.044540286064148,0.13333116471767426,0.02231765352189541,2.2072932720184326,0.0,0.0,0.3625629246234894,0.00017418584320694208,0.004250461235642433,0.9642665982246399,0.0,0.0,1.1666603088378906,0.4444950819015503,0.019715098664164543,0.3308348059654236,0.016674838960170746,0.6055567264556885,0.28407520055770874,0.0180027037858963,0.0007034079753793776,0.5759689807891846,0.9798523783683777,0.0,0.7960365414619446,0.2371526062488556,0.0005161595763638616,0.017535120248794556,0.0,0.0,0.3449775278568268,0.07318520545959473,7.363358599832281e-05,1.2851275205612183,0.0,0.0
843,3.4058115482330322,0.9669526219367981,22.756439208984375,5.927379608154297,0.6786630749702454,46.381996154785156,1.1465762853622437,1.149788737297058,243.68,0.8408274054527283,0.029622593894600868,0.07075215876102448,20.075559616088867,0.0,0.0,0.3663162589073181,4.71269158879295e-05,0.002684630686417222,0.5745677947998047,0.0,0.0,1.042723298072815,0.5790444016456604,0.01620585285127163,0.23932260274887085,0.01258552074432373,0.42957305908203125,0.29690998792648315,0.024397611618041992,0.0005650273524224758,0.7148366570472717,0.9867845773696899,0.0,0.9131824970245361,0.17882828414440155,0.000596619735006243,0.01992080733180046,0.0,0.0,0.3426430821418762,0.07256312668323517,5.768414484919049e-05,1.2840759754180908,0.0,0.0
844,2.6697475910186768,0.4726411700248718,38.27667999267578,3.195871591567993,0.6490293145179749,51.59531021118164,1.198874831199646,1.2012864351272583,167.45,1.2052216529846191,0.020885536447167397,0.05163254216313362,7.064340114593506,0.0,0.0,0.31318941712379456,5.531214992515743e-05,0.002902260283008218,0.7707382440567017,0.0,0.0,1.0363390445709229,0.6123471856117249,0.014724534004926682,0.16392186284065247,0.009681060910224915,0.27543532848358154,0.2986634373664856,0.025334393605589867,0.0004454617446754128,0.7404013872146606,1.0031375885009766,0.0,0.9290012717247009,0.17371439933776855,0.0005913277855142951,0.02027476392686367,0.0,0.0,0.3427775502204895,0.06962711364030838,0.00011588705820031464,1.2597291469573975,0.0,0.0
845,1.2607663869857788,0.6392176747322083,12.757994651794434,7.558941841125488,0.4402164816856384,58.9344482421875,0.9031628370285034,0.9131885170936584,1215.59,1.1348434686660767,0.007148469798266888,0.06190343201160431,10.406886100769043,0.0,0.0,0.33017203211784363,2.6201425498584285e-05,0.0034209066070616245,0.7100183963775635,0.0,0.0,1.392918586730957,0.3112456798553467,0.02096562087535858,0.4433721899986267,0.02100905030965805,0.7905596494674683,0.2649048864841461,0.009781311266124249,0.000750886625610292,0.47358933091163635,0.9582199454307556,0.0,0.6940860748291016,0.33776339888572693,0.00041181774577125907,0.01758713088929653,0.0,0.0,0.34508901834487915,0.02076396346092224,0.00015425877063535154,1.2695095539093018,0.0,0.0
846,2.1794590950012207,0.9535039067268372,34.83479690551758,3.8864166736602783,0.4274795651435852,41.85057830810547,1.0735325813293457,1.0668351650238037,584.78,1.0163286924362183,0.01188230887055397,0.07112228870391846,15.877267837524414,0.0,0.0,0.38236215710639954,7.988311699591577e-05,0.003480690298601985,0.5913640260696411,0.0,0.0,1.1415462493896484,0.38884422183036804,0.017772693186998367,0.2372477799654007,0.014967144466936588,0.421049565076828,0.27729329466819763,0.012177631258964539,0.000733516295440495,0.476771742105484,0.9821006655693054,0.0,0.737748920917511,0.2914586067199707,0.00044344522757455707,0.018479349091649055,0.0,0.0,0.3504500389099121,0.026863908395171165,0.0002572876401245594,1.2376786470413208,0.0,0.0
847,2.9216063022613525,0.8877594470977783,15.139779090881348,3.3753647804260254,0.6522225141525269,55.51353454589844,0.8889203667640686,0.8794823884963989,1207.23,0.7631270885467529,0.015449794009327888,0.0796685740351677,20.625064849853516,0.0,0.0,0.3488493263721466,2.0017487258883193e-05,0.002667809370905161,0.6054965257644653,0.0,0.0,1.0388660430908203,0.5060184597969055,0.013576184399425983,0.17670130729675293,0.009152027778327465,0.2899700999259949,0.2913132905960083,0.022155778482556343,0.00038697116542607546,0.7633683085441589,0.9801900386810303,0.0,0.9286735653877258,0.19938339293003082,0.000606125860940665,0.020734000951051712,0.0,0.0,0.342865526676178,0.061950016766786575,8.054506906773895e-05,1.2777881622314453,0.0,0.0
848,4.998556137084961,0.017234131693840027,23.303184509277344,5.175299644470215,0.44468921422958374,41.240726470947266,1.0293954610824585,1.0283174514770508,101.84,1.2135859727859497,0.1662028282880783,0.009120851755142212,2.0265870094299316,0.0,0.0,0.34629330039024353,0.00012294946645852178,0.0043804822489619255,1.0142815113067627,0.0,0.0,1.2656607627868652,0.3899809420108795,0.019665056839585304,0.309748113155365,0.016578665003180504,0.5614253878593445,0.2749395966529846,0.012637365609407425,0.0007466116803698242,0.4849834740161896,0.9796779155731201,0.0,0.7114587426185608,0.30113092064857483,0.00045659366878680885,0.016459086909890175,0.0,0.0,0.34934893250465393,0.05954441800713539,0.00012468794011510909,1.2780441045761108,0.0,0.0
849,3.0863115787506104,0.49215129017829895,15.233189582824707,2.4705581665039062,0.6340746879577637,46.557735443115234,0.8342551589012146,0.8303999304771423,556.5,0.8705447912216187,0.02540847845375538,0.053725097328424454,11.766767501831055,0.0,0.0,0.3071556091308594,2.5952655050787143e-05,0.003388826036825776,0.7635605335235596,0.0,0.0,1.0574407577514648,0.541123628616333,0.01332401018589735,0.14991551637649536,0.007994560524821281,0.23188619315624237,0.29080069065093994,0.02226153202354908,0.0003382405557204038,0.7675151824951172,0.9790443181991577,0.0,0.934450089931488,0.19491931796073914,0.0006213918677531183,0.020585792139172554,0.0,0.0,0.34413257241249084,0.07806406170129776,6.306781142484397e-05,1.2844651937484741,0.0,0.0
850,2.5510337352752686,0.9721212983131409,10.877532005310059,4.982645034790039,0.6967920660972595,45.45993423461914,0.806153416633606,0.8086066842079163,376.35,0.728534996509552,0.032673247158527374,0.08618445694446564,21.028438568115234,0.0,0.0,0.3681509792804718,5.266636435408145e-05,0.0026963611599057913,0.5760527849197388,0.0,0.0,1.0532866716384888,0.5008226037025452,0.013663800433278084,0.21943464875221252,0.010152486152946949,0.3755841553211212,0.2915551960468292,0.02332640439271927,0.0004056348989252001,0.7911627292633057,0.9779032468795776,0.0,0.9256254434585571,0.18825763463974,0.000594217621255666,0.020367855206131935,0.0,0.0,0.34229493141174316,0.061645232141017914,7.079558417899534e-05,1.2856590747833252,0.0,0.0
851,1.3921540975570679,0.4152313470840454,13.010963439941406,9.617408752441406,0.7133812308311462,51.377262115478516,1.0453004837036133,1.0443323850631714,88.68,0.9728816747665405,0.04132620245218277,0.06296751648187637,7.077136039733887,0.0,0.0,0.32870984077453613,0.00011170328070875257,0.002960728947073221,0.806303083896637,0.0,0.0,1.1097238063812256,0.4791510999202728,0.017632920295000076,0.33214667439460754,0.015263880603015423,0.5985813736915588,0.29475677013397217,0.02480040118098259,0.0005935695371590555,0.7182302474975586,0.9752690196037292,0.0,0.8913580775260925,0.19846414029598236,0.0005688102683052421,0.019584817811846733,0.0,0.0,0.34113267064094543,0.06058259680867195,9.56491130637005e-05,1.2824777364730835,0.0,0.0
852,3.3648645877838135,0.11981577426195145,23.960153579711914,4.822098255157471,0.6535367965698242,51.844669342041016,1.1469628810882568,1.1483817100524902,107.72,1.163971185684204,0.1709168255329132,0.01949359104037285,1.802816390991211,0.0,0.0,0.3475520610809326,0.00013466423843055964,0.003964605741202831,0.950673520565033,0.0,0.0,1.0687923431396484,0.598726749420166,0.016684310510754585,0.21750152111053467,0.011806354857981205,0.3821025490760803,0.29682761430740356,0.02526894211769104,0.0005437519284896553,0.7066572308540344,0.9931273460388184,0.0,0.8964717388153076,0.16852648556232452,0.0006005176692269742,0.01847461797297001,0.0,0.0,0.34361568093299866,0.09468655288219452,3.456375634414144e-05,1.2894389629364014,0.0,0.0
853,1.2834293842315674,0.872240424156189,24.521183013916016,6.705450534820557,0.4292457401752472,49.45952606201172,1.0862820148468018,1.0869160890579224,53.7,0.963400661945343,0.00892162136733532,0.077308289706707,14.120591163635254,0.0,0.0,0.3676334023475647,5.171482916921377e-05,0.004160803277045488,0.6182401776313782,0.0,0.0,1.2712759971618652,0.44492554664611816,0.021046120673418045,0.3716486096382141,0.02019614726305008,0.6946688294410706,0.27204933762550354,0.010820779949426651,0.0008688209345564246,0.43834784626960754,0.9771998524665833,0.0,0.7192745208740234,0.2684442400932312,0.00045579636935144663,0.01761566661298275,0.0,0.0,0.34919098019599915,0.03670934587717056,9.09575101104565e-05,1.2888237237930298,0.0,0.0
854,2.779552698135376,0.30223047733306885,13.502013206481934,7.565907001495361,0.6972355246543884,49.17775344848633,0.9887797236442566,0.993072509765625,437.18,0.9630663394927979,0.08149217069149017,0.03927953541278839,6.12073278427124,0.0,0.0,0.3190370798110962,7.915424794191495e-05,0.0034749589394778013,0.8578844666481018,0.0,0.0,1.0569113492965698,0.47070780396461487,0.01637451723217964,0.28957483172416687,0.013568843714892864,0.529585599899292,0.29398345947265625,0.02345586009323597,0.0005511387134902179,0.7290473580360413,0.9866500496864319,0.0,0.9182668328285217,0.1969102919101715,0.0005983526934869587,0.01977536641061306,0.0,0.0,0.3417673408985138,0.08053730428218842,6.434576789615676e-05,1.2829409837722778,0.0,0.0
855,2.969292640686035,0.181959331035614,15.030915260314941,5.029155254364014,0.6943737268447876,40.95610427856445,0.9836845397949219,0.9854030013084412,177.28,0.954166054725647,0.13470499217510223,0.0288606658577919,3.589325189590454,0.0,0.0,0.3371155858039856,0.000118963849672582,0.0035626781173050404,0.9189663529396057,0.0,0.0,1.0589076280593872,0.5204200744628906,0.01498742587864399,0.21759861707687378,0.010451577603816986,0.37316060066223145,0.29605358839035034,0.025790708139538765,0.0004526517877820879,0.7736544013023376,0.9802786111831665,0.0,0.9235662221908569,0.18494625389575958,0.0006069751689210534,0.01952693983912468,0.0,0.0,0.3427954316139221,0.09304649382829666,5.588146814261563e-05,1.2861323356628418,0.0,0.0
856,5.861750602722168,0.02017122134566307,30.395755767822266,9.768434524536133,0.4340243637561798,51.21506881713867,1.1706520318984985,1.1655064821243286,377.13,1.5342344045639038,0.14808310568332672,0.01280708983540535,2.6816775798797607,0.0,0.0,0.3323323130607605,0.0001001738928607665,0.004683004226535559,1.0090975761413574,0.0,0.0,1.3019732236862183,0.42274150252342224,0.024668479338288307,0.4710584878921509,0.02566612884402275,0.9241270422935486,0.2728314697742462,0.009863046929240227,0.0010969936847686768,0.396070271730423,0.9931811094284058,0.0,0.7073646187782288,0.27446112036705017,0.0004425521183293313,0.016496052965521812,0.0,0.0,0.34858304262161255,0.05385903641581535,0.00011850889131892473,1.279141902923584,0.0,0.0
857,2.2037203311920166,0.6654505729675293,29.3007869720459,3.4168076515197754,0.4580119550228119,41.34004211425781,1.0480784177780151,1.0500859022140503,182.4,1.002063274383545,0.0037169724237173796,0.06297455728054047,14.39837646484375,0.0,0.0,0.3296952545642853,2.490939550625626e-05,0.0037637059576809406,0.6927089095115662,0.0,0.0,1.15492582321167,0.38961294293403625,0.01696634106338024,0.2170521765947342,0.013340611942112446,0.3781002461910248,0.27947741746902466,0.013775487430393696,0.0006360372062772512,0.5233162641525269,0.9829486608505249,0.0,0.7509749531745911,0.2989223003387451,0.00047476086183451116,0.018699679523706436,0.0,0.0,0.3495548963546753,0.03264304995536804,0.0001859174226410687,1.2600809335708618,0.0,0.0
858,1.4302881956100464,0.2545132040977478,31.206212997436523,1.8823527097702026,0.4757916331291199,45.89451217651367,0.9809510707855225,0.9808940291404724,5.93,1.125961184501648,0.05516514554619789,0.044065188616514206,3.803640604019165,0.0,0.0,0.35877910256385803,0.00019189194426871836,0.0040092868730425835,0.8833557963371277,0.0,0.0,1.1259729862213135,0.5850297212600708,0.015626052394509315,0.14943751692771912,0.009789468720555305,0.23209019005298615,0.2830807864665985,0.016745667904615402,0.0004934906610287726,0.585578203201294,0.9860458374023438,0.0,0.7873574495315552,0.22950740158557892,0.0005131237558089197,0.018034853041172028,0.0,0.0,0.349837064743042,0.0643988698720932,0.00010409487731521949,1.2690210342407227,0.0,0.0
859,4.364599227905273,0.5203615427017212,22.92459487915039,4.700164318084717,0.5895600914955139,76.66802978515625,1.0676828622817993,1.068034291267395,30.82,1.4268845319747925,0.021130593493580818,0.036192893981933594,6.90302848815918,0.0,0.0,0.2983062267303467,5.093848812975921e-06,0.0026636195834726095,0.7468336224555969,0.0,0.0,1.18010675907135,0.6295969486236572,0.017338162288069725,0.241598978638649,0.013237886130809784,0.4240916669368744,0.2893338203430176,0.020378438755869865,0.0005563051672652364,0.6374778747558594,0.9891539812088013,0.0,0.8714999556541443,0.18324215710163116,0.0005492920754477382,0.019784290343523026,0.0,0.0,0.3436640202999115,0.055411938577890396,0.00013956354814581573,1.2701884508132935,0.0,0.0
860,4.315026760101318,0.6116921305656433,26.123804092407227,3.6777796745300293,0.6386985778808594,73.51725769042969,1.0965486764907837,1.0962520837783813,24.67,1.3688427209854126,0.007875733077526093,0.0417046919465065,7.380854606628418,0.0,0.0,0.3031843900680542,8.992789730655204e-07,0.0025264958385378122,0.7089027762413025,0.0,0.0,1.1604647636413574,0.6122922897338867,0.015673929825425148,0.1863279789686203,0.010621578432619572,0.31413766741752625,0.2958284914493561,0.024576324969530106,0.000461109186289832,0.7183780074119568,0.9971780776977539,0.0,0.9069182872772217,0.1512327492237091,0.0005925050936639309,0.02003965713083744,0.0,0.0,0.3436596989631653,0.07371304929256439,6.514878623420373e-05,1.2893654108047485,0.0,0.0
861,4.417433261871338,0.8456158638000488,21.98663902282715,5.529188632965088,0.648017406463623,42.958900451660156,1.0913981199264526,1.0927003622055054,109.2,0.8986334800720215,0.013827999122440815,0.055003780871629715,20.94497299194336,0.0,0.0,0.33527934551239014,1.7367492546327412e-05,0.0028845341876149178,0.6178407073020935,0.0,0.0,1.0691114664077759,0.5090304017066956,0.01621198281645775,0.24357496201992035,0.012829862534999847,0.43830248713493347,0.2934350073337555,0.02190312370657921,0.0005663965712301433,0.6892368197441101,0.9876435995101929,0.0,0.8848456144332886,0.20717450976371765,0.000573997269384563,0.019993538036942482,0.0,0.0,0.3434546887874603,0.05926145985722542,8.282018097816035e-05,1.2806122303009033,0.0,0.0
862,2.30023455619812,0.514434278011322,22.61396026611328,4.072570323944092,0.7190229892730713,55.80288314819336,1.1307926177978516,1.1286745071411133,165.96,1.0025004148483276,0.022643521428108215,0.06383851915597916,8.430066108703613,0.0,0.0,0.3155291676521301,4.848250318900682e-05,0.0031293584033846855,0.7486400604248047,0.0,0.0,1.0346835851669312,0.5616500377655029,0.014000090770423412,0.16888657212257385,0.008993015624582767,0.28500261902809143,0.3022322356700897,0.029023803770542145,0.00041410239646211267,0.8148998618125916,0.9970319867134094,0.0,0.9729828238487244,0.1454363614320755,0.0006551057449541986,0.02030096761882305,0.0,0.0,0.34220170974731445,0.09536236524581909,3.237829150748439e-05,1.2933505773544312,0.0,0.0
863,1.680324673652649,0.4855683445930481,18.874380111694336,9.241894721984863,0.4475235641002655,48.933448791503906,1.0556401014328003,1.056411862373352,69.2,1.1359894275665283,0.021369127556681633,0.048938389867544174,9.304220199584961,0.0,0.0,0.3201960027217865,3.016229675267823e-05,0.004045585170388222,0.7726843357086182,0.0,0.0,1.3573514223098755,0.35929569602012634,0.023100504651665688,0.4797767996788025,0.023739393800497055,0.9088010787963867,0.2690156400203705,0.00999392382800579,0.0009249388822354376,0.4411419630050659,0.974432647228241,0.0,0.707101583480835,0.29946181178092957,0.0004428966494742781,0.017194826155900955,0.0,0.0,0.3469965159893036,0.036555759608745575,8.683389751240611e-05,1.2908244132995605,0.0,0.0
864,5.147958755493164,0.09727165848016739,12.66064167022705,8.917926788330078,0.7632995247840881,46.605735778808594,0.9172967672348022,0.9168511033058167,52.99,0.973763108253479,0.19434107840061188,0.018628159537911415,3.098832368850708,0.0,0.0,0.32626160979270935,7.63207208365202e-05,0.0033435302320867777,0.9783630967140198,0.0,0.0,1.0161771774291992,0.5183141231536865,0.015266657806932926,0.28302815556526184,0.012126268818974495,0.5154581665992737,0.30007508397102356,0.027123432606458664,0.0004945495747961104,0.8008041977882385,0.9870991110801697,0.0,0.9722803831100464,0.17175514996051788,0.0006407718174159527,0.019848253577947617,0.0,0.0,0.3415871560573578,0.09253475069999695,4.651580820791423e-05,1.2849661111831665,0.0,0.0
865,1.197348713874817,0.3053935170173645,21.44731330871582,4.453677654266357,0.6748956441879272,57.322940826416016,1.133092999458313,1.1307705640792847,181.26,1.0327136516571045,0.07679945230484009,0.05822363123297691,4.088869571685791,0.0,0.0,0.3497871458530426,0.0001577971561346203,0.0036292821168899536,0.8504522442817688,0.0,0.0,1.0480273962020874,0.5860307216644287,0.015692362561821938,0.1982782930135727,0.01066641602665186,0.3433191478252411,0.29785552620887756,0.026499446481466293,0.00048133180825971067,0.7460549473762512,0.9924659132957458,0.0,0.9101857542991638,0.16018915176391602,0.0006108845700509846,0.018838169053196907,0.0,0.0,0.34300121665000916,0.09510807693004608,3.060002563870512e-05,1.292022943496704,0.0,0.0
866,2.1802761554718018,0.678265392780304,26.898700714111328,4.319785118103027,0.6099017262458801,54.39555740356445,1.1496224403381348,1.1495994329452515,1.74,1.0660252571105957,0.0054987771436572075,0.06739285588264465,10.107101440429688,0.0,0.0,0.32536080479621887,3.0989962397143245e-05,0.0032299449667334557,0.6815798282623291,0.0,0.0,1.1156785488128662,0.6294541954994202,0.01664983481168747,0.214507058262825,0.012383273802697659,0.3758258819580078,0.2932649850845337,0.022194460034370422,0.0005539937410503626,0.6632758975028992,0.9932758808135986,0.0,0.8862906694412231,0.17418397963047028,0.0005829032743349671,0.019832972437143326,0.0,0.0,0.3446422815322876,0.06732956320047379,5.543301813304424e-05,1.2903313636779785,0.0,0.0
867,4.233986854553223,0.09321273118257523,21.08757781982422,6.461388111114502,0.5947567820549011,49.93519592285156,1.1019607782363892,1.103724718093872,145.03,1.1176785230636597,0.179961159825325,0.01389426738023758,2.078625202178955,0.0,0.0,0.3378562033176422,0.00010546582780079916,0.00420674541965127,0.9678422212600708,0.0,0.0,1.1215221881866455,0.5342375636100769,0.019113650545477867,0.30213791131973267,0.015429750084877014,0.5507633686065674,0.28887805342674255,0.020075805485248566,0.0006718388758599758,0.6092500686645508,0.984066367149353,0.0,0.8391392230987549,0.2093769758939743,0.0005554110393859446,0.017941394820809364,0.0,0.0,0.3445731997489929,0.09342648088932037,5.014203270548023e-05,1.2875802516937256,0.0,0.0
868,1.662902593612671,0.3985775411128998,28.67530632019043,6.036749362945557,0.473019003868103,55.26649475097656,1.1377836465835571,1.1390501260757446,97.72,1.2900605201721191,0.0340818427503109,0.04477919638156891,4.856771469116211,0.0,0.0,0.32937541604042053,8.626050112070516e-05,0.004158311523497105,0.8098223805427551,0.0,0.0,1.2535356283187866,0.592376708984375,0.020657001063227654,0.3213508725166321,0.018358316272497177,0.5989366769790649,0.27894866466522217,0.013888317160308361,0.0008208721410483122,0.4778410792350769,0.9894627928733826,0.0,0.7582467198371887,0.22614841163158417,0.0004878247273154557,0.017635883763432503,0.0,0.0,0.3480876684188843,0.0554659441113472,7.9015051596798e-05,1.2894808053970337,0.0,0.0
869,1.799107551574707,0.5413962602615356,13.421024322509766,6.946765422821045,0.6278439164161682,51.75532531738281,0.9758458733558655,0.9752900004386902,58.41,0.9856138825416565,0.015366130508482456,0.06370407342910767,10.29375171661377,0.0,0.0,0.3189041316509247,5.745847738580778e-05,0.0033078109845519066,0.7429623007774353,0.0,0.0,1.156815528869629,0.42473870515823364,0.017518702894449234,0.3134501576423645,0.015227271243929863,0.5647164583206177,0.2867144048213959,0.019770506769418716,0.000592642230913043,0.6568465232849121,0.9784257411956787,0.0,0.8347146511077881,0.23486120998859406,0.000528886856045574,0.019219255074858665,0.0,0.0,0.34267085790634155,0.045586079359054565,0.00011784867820097134,1.2809357643127441,0.0,0.0
870,2.0908052921295166,0.12949100136756897,18.38355255126953,2.985076427459717,0.5933735370635986,53.44107437133789,0.9716423749923706,0.9704247117042542,129.14,0.940812885761261,0.15380296111106873,0.03105013258755207,2.4851508140563965,0.0,0.0,0.36740198731422424,0.00017899088561534882,0.004092864226549864,0.9460397362709045,0.0,0.0,1.0575926303863525,0.578784704208374,0.015409419313073158,0.1784846931695938,0.009818324819207191,0.2923913300037384,0.28942015767097473,0.021730706095695496,0.0004395928408484906,0.6946303844451904,0.9827895164489746,0.0,0.8622297644615173,0.20194143056869507,0.0005806118715554476,0.01823398843407631,0.0,0.0,0.3449160158634186,0.09451048076152802,4.230078775435686e-05,1.2851234674453735,0.0,0.0
871,3.2160379886627197,0.5929053425788879,22.085397720336914,7.352846145629883,0.6414363980293274,49.794071197509766,1.1558167934417725,1.156864881515503,78.38,1.0344462394714355,0.012824186123907566,0.052154913544654846,12.200145721435547,0.0,0.0,0.30653780698776245,7.3000151132873725e-06,0.003355262568220496,0.7169137001037598,0.0,0.0,1.116281270980835,0.552152156829834,0.018265966325998306,0.300265371799469,0.015765145421028137,0.5527656078338623,0.2927756905555725,0.02148224040865898,0.000672077527269721,0.6415751576423645,0.9869204759597778,0.0,0.8607572913169861,0.20827895402908325,0.0005607629427686334,0.01947478950023651,0.0,0.0,0.34299924969673157,0.05972037464380264,7.721351721556857e-05,1.2853357791900635,0.0,0.0
872,2.000835657119751,0.3404025733470917,25.55196189880371,8.276026725769043,0.4454420208930969,55.318382263183594,1.1270391941070557,1.1258223056793213,95.91,1.3257832527160645,0.047336842864751816,0.034285835921764374,4.518043041229248,0.0,0.0,0.32514315843582153,6.975873111514375e-05,0.0043640160001814365,0.8392939567565918,0.0,0.0,1.3052171468734741,0.4813156723976135,0.02306080050766468,0.4230358600616455,0.02266763523221016,0.8122003078460693,0.2731529772281647,0.011036467738449574,0.0009556487202644348,0.42681339383125305,0.986443281173706,0.0,0.7292332053184509,0.25151327252388,0.0004631835035979748,0.0171648059040308,0.0,0.0,0.3478561341762543,0.05011196807026863,8.362626249436289e-05,1.2913806438446045,0.0,0.0
873,4.181136608123779,0.2697857916355133,17.02219009399414,2.7843680381774902,0.43287402391433716,45.20661544799805,0.8148356676101685,0.8128570318222046,298.73,1.1591664552688599,0.07101481407880783,0.021922767162322998,5.757372856140137,0.0,0.0,0.3120180368423462,5.172999226488173e-05,0.0038364394567906857,0.8780517578125,0.0,0.0,1.3113800287246704,0.42574942111968994,0.016380757093429565,0.21461175382137299,0.011662435717880726,0.3464631140232086,0.271278440952301,0.012694579549133778,0.0004986156709492207,0.5455834865570068,0.9650431275367737,0.0,0.7484805583953857,0.2822777032852173,0.00048068357864394784,0.017854703590273857,0.0,0.0,0.3491017520427704,0.04625469073653221,0.00010529597057029605,1.2840715646743774,0.0,0.0
874,5.408660888671875,0.7857163548469543,26.811166763305664,7.140100955963135,0.6428015232086182,45.754981994628906,1.1816641092300415,1.1828405857086182,84.17,1.0686861276626587,0.008401063270866871,0.045497674494981766,15.642121315002441,0.0,0.0,0.32346659898757935,1.1279105819994584e-05,0.0028425564523786306,0.6406549215316772,0.0,0.0,1.0885090827941895,0.5710951089859009,0.01807129569351673,0.28676503896713257,0.015626955777406693,0.5304145216941833,0.29407551884651184,0.021661825478076935,0.000679887889418751,0.6391545534133911,0.9915723204612732,0.0,0.8740931749343872,0.20245365798473358,0.000555872218683362,0.01988198049366474,0.0,0.0,0.3428839445114136,0.053866300731897354,0.00011950196494581178,1.2713987827301025,0.0,0.0
875,4.4643144607543945,0.017042655497789383,20.27000617980957,7.327496528625488,0.6912041902542114,46.09754180908203,1.15815269947052,1.1584497690200806,22.14,1.0210996866226196,0.24994923174381256,0.010525409132242203,1.2489269971847534,0.0,0.0,0.3542044162750244,0.00011904948769370094,0.003909535706043243,1.016188383102417,0.0,0.0,1.0276483297348022,0.5650063157081604,0.017575178295373917,0.2746955454349518,0.013690072111785412,0.5045048594474792,0.29825639724731445,0.02560007944703102,0.000613402109593153,0.7065746784210205,0.991515040397644,0.0,0.8973522782325745,0.18731114268302917,0.0005999337881803513,0.018263600766658783,0.0,0.0,0.3425804674625397,0.09309671074151993,3.988518437836319e-05,1.2848773002624512,0.0,0.0
876,2.3890552520751953,0.4519428014755249,18.430896759033203,6.102402210235596,0.5402088761329651,45.961517333984375,1.0336520671844482,1.0298020839691162,361.69,1.0680012702941895,0.026596270501613617,0.04681115224957466,8.93531322479248,0.0,0.0,0.3142710328102112,4.398729288368486e-05,0.0037255689967423677,0.7824588418006897,0.0,0.0,1.2275360822677612,0.43402379751205444,0.01902962662279606,0.3193076252937317,0.016326365992426872,0.5750671625137329,0.2812507748603821,0.01629038155078888,0.0006742944824509323,0.5652180314064026,0.9749095439910889,0.0,0.7883520722389221,0.2518112361431122,0.0005051050684414804,0.018452418968081474,0.0,0.0,0.3455391228199005,0.04717215150594711,9.990055696107447e-05,1.2863357067108154,0.0,0.0
877,4.400296688079834,0.07661503553390503,31.994417190551758,3.6051900386810303,0.606734037399292,57.3149299621582,1.1553610563278198,1.155557632446289,14.72,1.465415120124817,0.20357418060302734,0.012181365862488747,1.0099469423294067,0.0,0.0,0.3468343913555145,0.00013457739260047674,0.003884625621140003,0.9759988784790039,0.0,0.0,1.1266052722930908,0.6403787136077881,0.0169531162828207,0.19017067551612854,0.011252782307565212,0.32579055428504944,0.2950793206691742,0.02439546398818493,0.0005287517560645938,0.6751654148101807,1.0024302005767822,0.0,0.8821591734886169,0.1481020152568817,0.0005905146826989949,0.018046699464321136,0.0,0.0,0.3453654944896698,0.0961647629737854,3.101335096289404e-05,1.2933526039123535,0.0,0.0
878,4.59554386138916,0.4422641396522522,38.33219528198242,3.621340751647949,0.5222904682159424,48.35597610473633,1.1381175518035889,1.1368074417114258,101.26,1.4029829502105713,0.02258712239563465,0.031212136149406433,7.093148231506348,0.0,0.0,0.29899367690086365,1.0811178981384728e-05,0.0033890267368406057,0.7896798849105835,0.0,0.0,1.1246737241744995,0.528615415096283,0.017035651952028275,0.20748336613178253,0.013076599687337875,0.36320430040359497,0.28680452704429626,0.017250141128897667,0.0006204824894666672,0.5751720070838928,0.9958765506744385,0.0,0.8114457726478577,0.239969864487648,0.0005009107990190387,0.019211359322071075,0.0,0.0,0.34668970108032227,0.041785553097724915,0.00023130587942432612,1.245391607284546,0.0,0.0
879,5.3233642578125,0.6743194460868835,23.756610870361328,2.7524304389953613,0.4334545135498047,50.457157135009766,0.8970128893852234,0.9003683924674988,415.47,1.1587064266204834,0.008973449468612671,0.03715835139155388,12.1397066116333,0.0,0.0,0.3154694736003876,1.6302725498462678e-06,0.0030992974061518908,0.6931461691856384,0.0,0.0,1.2762565612792969,0.566676914691925,0.016356563195586205,0.204435333609581,0.011939899064600468,0.33567675948143005,0.27410417795181274,0.012948738411068916,0.0005365544348023832,0.5335728526115417,0.9747040271759033,0.0,0.761387050151825,0.2522715628147125,0.0004944941611029208,0.01860933005809784,0.0,0.0,0.34987664222717285,0.04296531528234482,9.460209548706189e-05,1.2879056930541992,0.0,0.0
880,1.3373991250991821,0.3783362805843353,22.541624069213867,8.217602729797363,0.6152816414833069,40.128761291503906,1.1940667629241943,1.1934648752212524,42.24,0.9788464307785034,0.03702924773097038,0.0597958043217659,7.532605171203613,0.0,0.0,0.3334144353866577,0.0001224367442773655,0.0038752907421439886,0.8158220648765564,0.0,0.0,1.0952922105789185,0.4105662703514099,0.019674425944685936,0.3326508104801178,0.017691150307655334,0.6274261474609375,0.290578156709671,0.019839966669678688,0.0007693850202485919,0.5928642153739929,0.9865763187408447,0.0,0.826949954032898,0.2379705309867859,0.0005270235706120729,0.018722133710980415,0.0,0.0,0.34350690245628357,0.0550047904253006,0.00011178671411471441,1.2717258930206299,0.0,0.0
881,1.848537564277649,0.9617738723754883,21.485044479370117,6.707934379577637,0.6732357740402222,51.862545013427734,1.1705881357192993,1.1705799102783203,0.6,0.7925992608070374,0.025138819590210915,0.0936972051858902,18.05510902404785,0.0,0.0,0.37382587790489197,6.815691449446604e-05,0.0028862350154668093,0.5775098204612732,0.0,0.0,1.0523695945739746,0.5781735181808472,0.016997555270791054,0.2624892592430115,0.013913738541305065,0.48149344325065613,0.2961190640926361,0.02383827418088913,0.0006133410497568548,0.6918864250183105,0.9897844195365906,0.0,0.8954535126686096,0.17810624837875366,0.0005883458652533591,0.019508283585309982,0.0,0.0,0.34268254041671753,0.07265029847621918,4.343222826719284e-05,1.2905900478363037,0.0,0.0
882,2.5818190574645996,0.03659658133983612,28.598337173461914,3.579078197479248,0.46652960777282715,56.43044662475586,1.0644670724868774,1.0659754276275635,132.93,1.3801510334014893,0.1692027598619461,0.012145914137363434,0.7782061100006104,0.0,0.0,0.38157376646995544,0.00022291135974228382,0.004503798671066761,1.0006160736083984,0.0,0.0,1.220847487449646,0.728795051574707,0.018520522862672806,0.22727486491203308,0.013559428974986076,0.3954639136791229,0.2804471552371979,0.016031628474593163,0.0006468332139775157,0.5294217467308044,0.992387056350708,0.0,0.771974503993988,0.19302141666412354,0.0005115771782584488,0.016726020723581314,0.0,0.0,0.34929704666137695,0.09623058885335922,4.10292086598929e-05,1.2931452989578247,0.0,0.0
883,2.4326934814453125,0.349518746137619,29.257122039794922,9.545056343078613,0.4211532175540924,50.44767761230469,1.1623153686523438,1.1616767644882202,47.3,1.35433030128479,0.04028058797121048,0.029914863407611847,5.475770950317383,0.0,0.0,0.31676238775253296,3.484335320536047e-05,0.004468325525522232,0.834594190120697,0.0,0.0,1.3130509853363037,0.36950579285621643,0.02423735149204731,0.46854162216186523,0.025666717439889908,0.9128538370132446,0.2706650197505951,0.008965584449470043,0.001095783431082964,0.38554638624191284,0.9861136674880981,0.0,0.697550356388092,0.30137935280799866,0.00043278257362544537,0.017036784440279007,0.0,0.0,0.3484657108783722,0.03722834959626198,0.00012675224570557475,1.2771855592727661,0.0,0.0
884,1.761111855506897,0.4055284559726715,13.93760871887207,4.057492256164551,0.699560284614563,49.86532211303711,0.9431749582290649,0.9440780282020569,101.42,0.8368142247200012,0.04709785059094429,0.06686832010746002,8.431281089782715,0.0,0.0,0.32662320137023926,8.789365529082716e-05,0.003422491019591689,0.8016160130500793,0.0,0.0,1.0172505378723145,0.5467627048492432,0.013563822023570538,0.1835993081331253,0.00903456099331379,0.30590564012527466,0.29595479369163513,0.02561209164559841,0.00038835633313283324,0.8062448501586914,0.9825379252433777,0.0,0.9585941433906555,0.1802191287279129,0.0006363089778460562,0.020443124696612358,0.0,0.0,0.34230753779411316,0.09020113199949265,5.2474533731583506e-05,1.2835193872451782,0.0,0.0
885,4.384487152099609,0.9663107395172119,37.97499465942383,7.805237770080566,0.4087117612361908,51.96479034423828,1.1629163026809692,1.1628797054290771,2.71,1.2629426717758179,0.012167295441031456,0.04086504876613617,12.713104248046875,0.0,0.0,0.3782182037830353,6.139064498711377e-05,0.002976097632199526,0.5847218632698059,0.0,0.0,1.2827068567276,0.45360466837882996,0.022534769028425217,0.3952570855617523,0.02344975806772709,0.7566632032394409,0.2715963125228882,0.009086918085813522,0.0010472018038854003,0.3819817304611206,0.9862044453620911,0.0,0.7172895669937134,0.2700696885585785,0.00042376903002150357,0.017886588349938393,0.0,0.0,0.34919166564941406,0.02691306360065937,0.0002093958610203117,1.2510502338409424,0.0,0.0
886,4.556638717651367,0.40840965509414673,16.15726089477539,5.536754131317139,0.5284900069236755,45.758426666259766,0.9148048758506775,0.9173181653022766,299.5,1.0697484016418457,0.04436679556965828,0.030401812866330147,8.843047142028809,0.0,0.0,0.29460322856903076,4.181606072961586e-06,0.0034600147046148777,0.8045712113380432,0.0,0.0,1.2354403734207153,0.4225756525993347,0.01849740371108055,0.3110145926475525,0.0150210652500391,0.553678572177887,0.2782818377017975,0.015085650607943535,0.0005901266704313457,0.5763437747955322,0.9698794484138489,0.0,0.796777069568634,0.2571282386779785,0.0005088976467959583,0.018783127889037132,0.0,0.0,0.3457895815372467,0.04869883507490158,0.0001008907420327887,1.2859753370285034,0.0,0.0
887,5.863839149475098,0.4688858687877655,24.06324005126953,3.4840359687805176,0.6457842588424683,50.00783157348633,1.0370100736618042,1.0345155000686646,232.53,1.152432918548584,0.032659586519002914,0.036430489271879196,8.89124584197998,0.0,0.0,0.2911261022090912,5.322617198544322e-06,0.0033275920432060957,0.7762095332145691,0.0,0.0,1.0992189645767212,0.6048818826675415,0.014933723025023937,0.17831102013587952,0.009839721024036407,0.29992154240608215,0.2956899106502533,0.02392345294356346,0.0004435030568856746,0.7375169396400452,0.9934238195419312,0.0,0.8977046608924866,0.17970159649848938,0.000597005186136812,0.01970612071454525,0.0,0.0,0.3444207012653351,0.08395452052354813,5.170786243979819e-05,1.2900081872940063,0.0,0.0
888,2.8413774967193604,0.7959928512573242,16.226285934448242,5.831806182861328,0.44743213057518005,45.79286193847656,0.9200388789176941,0.9147354960441589,630.16,1.0509376525878906,0.006695012096315622,0.05375268682837486,16.585905075073242,0.0,0.0,0.33780744671821594,1.2959233117726399e-06,0.0033220916520804167,0.6440192461013794,0.0,0.0,1.3969038724899292,0.39513933658599854,0.019289866089820862,0.35492122173309326,0.01770617999136448,0.630343496799469,0.2688659727573395,0.011096210218966007,0.000685586710460484,0.49563318490982056,0.9645640850067139,0.0,0.6907042264938354,0.31780117750167847,0.00042861426481977105,0.01745341718196869,0.0,0.0,0.347515732049942,0.02656729146838188,9.3770184321329e-05,1.2880346775054932,0.0,0.0
889,5.706332683563232,0.7711321115493774,20.595746994018555,9.87812614440918,0.6636725664138794,57.277679443359375,1.108491063117981,1.1060017347335815,203.05,1.1081290245056152,0.0027004017028957605,0.04486704617738724,13.25863265991211,0.0,0.0,0.32202914357185364,9.81563061941415e-06,0.0022893843706697226,0.6493971347808838,0.0,0.0,1.1271796226501465,0.5516660213470459,0.01883123070001602,0.3591609597206116,0.01811218075454235,0.6748863458633423,0.291986346244812,0.02097475342452526,0.0007045718375593424,0.6431303024291992,0.9944553375244141,0.0,0.8828252553939819,0.1870809644460678,0.0005652971449308097,0.01989670656621456,0.0,0.0,0.3421900272369385,0.0580185130238533,8.017782238312066e-05,1.2857283353805542,0.0,0.0
890,1.631195068359375,0.04237854480743408,15.450509071350098,8.481339454650879,0.41933712363243103,49.91170120239258,0.981075644493103,0.9795551300048828,158.22,1.1886907815933228,0.1318829357624054,0.01387850008904934,2.179241895675659,0.0,0.0,0.3813241720199585,0.00022095389431342483,0.004736663773655891,1.0049141645431519,0.0,0.0,1.3837999105453491,0.35562199354171753,0.02315228059887886,0.48385554552078247,0.02285080961883068,0.8902584910392761,0.26471853256225586,0.009450411424040794,0.0008782612276263535,0.4390755593776703,0.9675676822662354,0.0,0.6866422891616821,0.2998470067977905,0.0004269478959031403,0.015983054414391518,0.0,0.0,0.3472065031528473,0.04754669964313507,9.281451639253646e-05,1.289106845855713,0.0,0.0
891,4.014571666717529,0.39201101660728455,20.494792938232422,2.6280338764190674,0.5886846780776978,45.33793640136719,0.9386297464370728,0.9328209161758423,663.43,0.9710380434989929,0.04851045832037926,0.03670697286725044,9.498420715332031,0.0,0.0,0.3035155236721039,3.03855340462178e-05,0.0035408101975917816,0.8114666938781738,0.0,0.0,1.0911823511123657,0.515887439250946,0.014699505642056465,0.16432668268680573,0.009301254525780678,0.26575419306755066,0.2894960343837738,0.020513005554676056,0.00041978724766522646,0.6981992721557617,0.9846822023391724,0.0,0.876140296459198,0.21571123600006104,0.0005846602143719792,0.019604774191975594,0.0,0.0,0.34567952156066895,0.07503706961870193,6.481928721768782e-05,1.2854706048965454,0.0,0.0
892,1.0203547477722168,0.15237627923488617,16.844484329223633,6.7319488525390625,0.7763542532920837,45.79526901245117,1.1488621234893799,1.1494381427764893,43.62,0.7656717896461487,0.15839406847953796,0.056012365967035294,2.7801365852355957,0.0,0.0,0.38114193081855774,0.00019069640256930143,0.0033063399605453014,0.9350342750549316,0.0,0.0,0.9455286264419556,0.5314283967018127,0.014433587901294231,0.21250420808792114,0.009980181232094765,0.3754686415195465,0.30469411611557007,0.03156508132815361,0.00046465275227092206,0.8363102078437805,0.9858483076095581,0.0,0.9744780659675598,0.15768134593963623,0.0006597311003133655,0.019301636144518852,0.0,0.0,0.3409872353076935,0.09403783828020096,2.449175553920213e-05,1.2897377014160156,0.0,0.0
893,2.9479448795318604,0.7251641750335693,23.70414924621582,7.157529830932617,0.5133072137832642,54.563594818115234,1.1089109182357788,1.1086945533752441,17.6,1.142147183418274,0.006572128273546696,0.05260026827454567,11.561365127563477,0.0,0.0,0.3245457410812378,1.1059335065510822e-06,0.0035185269080102444,0.6659322381019592,0.0,0.0,1.2445639371871948,0.5441499948501587,0.020529747009277344,0.3568866550922394,0.019202854484319687,0.6670507788658142,0.2800043523311615,0.01451902836561203,0.0007895278977230191,0.5080778002738953,0.9848618507385254,0.0,0.7669754028320312,0.2397642433643341,0.0004890997661277652,0.018406426534056664,0.0,0.0,0.34599947929382324,0.041353389620780945,9.097906149690971e-05,1.2890743017196655,0.0,0.0
894,1.8655742406845093,0.20178915560245514,19.13382339477539,6.683721542358398,0.6678934693336487,51.88901138305664,1.1378620862960815,1.140968918800354,239.31,0.9802129864692688,0.11227218806743622,0.03969715163111687,3.332932710647583,0.0,0.0,0.3516105115413666,0.0001585899299243465,0.003895928617566824,0.9075919985771179,0.0,0.0,1.0490410327911377,0.5654550790786743,0.01747012324631214,0.2703649401664734,0.013786022551357746,0.49179381132125854,0.29519540071487427,0.024122867733240128,0.0006067939684726298,0.6900205612182617,0.9870882630348206,0.0,0.8823712468147278,0.19004082679748535,0.0005867910222150385,0.01858402229845524,0.0,0.0,0.34262675046920776,0.09353524446487427,4.031749995192513e-05,1.2881686687469482,0.0,0.0
895,4.115447998046875,0.7130423784255981,18.591506958007812,3.012310028076172,0.7756787538528442,44.29443359375,0.9400281310081482,0.937912106513977,240.0,0.7583989500999451,0.0024773625191301107,0.0637860968708992,16.517623901367188,0.0,0.0,0.30794769525527954,5.971257337478164e-07,0.0029884502291679382,0.6669567823410034,0.0,0.0,0.9558992385864258,0.5187650918960571,0.010630525648593903,0.11819566786289215,0.005590707529336214,0.18166090548038483,0.3050347864627838,0.030274949967861176,0.0002675507275853306,0.9375895261764526,0.9985387921333313,0.0,1.0253348350524902,0.15548467636108398,0.0006973029230721295,0.021705197170376778,0.0,0.0,0.34179970622062683,0.09500806778669357,3.871676744893193e-05,1.2914618253707886,0.0,0.0
896,3.2798357009887695,0.6743497252464294,32.50529479980469,6.788501739501953,0.4665243625640869,42.73320770263672,1.1559762954711914,1.1546519994735718,99.22,1.1946803331375122,0.005951668601483107,0.04723690450191498,13.025768280029297,0.0,0.0,0.31751373410224915,1.182836285806843e-06,0.00383737008087337,0.6851261258125305,0.0,0.0,1.199401617050171,0.3418952524662018,0.02055501937866211,0.34227949380874634,0.020049523562192917,0.6444025635719299,0.278306245803833,0.012123887427151203,0.0008947831811383367,0.4504980146884918,0.9834015369415283,0.0,0.7192284464836121,0.33172881603240967,0.00043282200931571424,0.018362801522016525,0.0,0.0,0.347539484500885,0.023539146408438683,0.0002321395731996745,1.2441637516021729,0.0,0.0
897,1.467552661895752,0.3186585009098053,16.065433502197266,5.445859432220459,0.46749433875083923,42.32011032104492,0.9565252065658569,0.9593368768692017,306.41,1.1472618579864502,0.043799806386232376,0.04236484318971634,4.943175792694092,0.0,0.0,0.3375997841358185,0.0001235187373822555,0.0041811647824943066,0.85150545835495,0.0,0.0,1.3299118280410767,0.4153566062450409,0.01940121315419674,0.32965630292892456,0.016700144857168198,0.5796197652816772,0.2726750075817108,0.013256462290883064,0.0006717444048263133,0.5158945322036743,0.9667948484420776,0.0,0.7203289270401001,0.28104862570762634,0.0004530046135187149,0.01721557229757309,0.0,0.0,0.3474884331226349,0.039597272872924805,9.819161641644314e-05,1.2868432998657227,0.0,0.0
898,5.739192008972168,0.5329418182373047,33.57676315307617,3.0109691619873047,0.48471859097480774,47.553138732910156,1.0453546047210693,1.0427377223968506,240.07,1.3702714443206787,0.015358863398432732,0.03359925001859665,8.583754539489746,0.0,0.0,0.2996060252189636,2.0430229596968275e-06,0.003315605456009507,0.7512366771697998,0.0,0.0,1.192628264427185,0.6077213883399963,0.016811532899737358,0.1955234408378601,0.012282109819352627,0.33238381147384644,0.282964825630188,0.0158368106931448,0.0005795042379759252,0.5582205653190613,0.9913368225097656,0.0,0.7791697382926941,0.2420617938041687,0.000494035251904279,0.01874038204550743,0.0,0.0,0.3487998843193054,0.04371529072523117,0.00017049546295311302,1.264843463897705,0.0,0.0
899,4.941709518432617,0.7009799480438232,39.453102111816406,3.760160446166992,0.503950297832489,41.43998718261719,1.0949656963348389,1.0917630195617676,267.91,1.521547794342041,0.003861332079395652,0.03820629045367241,10.45877456665039,0.0,0.0,0.3149726688861847,1.2062777159371763e-06,0.0029990540351718664,0.6795623302459717,0.0,0.0,1.1234210729599,0.46971872448921204,0.016996445134282112,0.2142929583787918,0.014030278660356998,0.37649187445640564,0.2847903072834015,0.015697481110692024,0.0006504678749479353,0.5490788817405701,0.9947798252105713,0.0,0.7891072034835815,0.2690945863723755,0.00044955930206924677,0.01982957497239113,0.0,0.0,0.34643468260765076,0.02156551368534565,0.00035465924884192646,1.206876516342163,0.0,0.0
900,2.9119913578033447,0.808247447013855,15.909730911254883,2.01686954498291,0.7032651305198669,56.67481231689453,0.8126726150512695,0.8163955807685852,561.14,0.7396978735923767,0.007193685509264469,0.08363576233386993,17.739124298095703,0.0,0.0,0.33206772804260254,7.980680493346881e-06,0.0027163925115019083,0.6321252584457397,0.0,0.0,0.9755248427391052,0.563136100769043,0.011410262435674667,0.11025664210319519,0.005836670286953449,0.15885622799396515,0.2975476086139679,0.02624315395951271,0.00025608763098716736,0.8696733713150024,0.9924301505088806,0.0,1.003775715827942,0.16171559691429138,0.000671159359626472,0.02138899452984333,0.0,0.0,0.34238535165786743,0.09160448610782623,5.984220842947252e-05,1.279138445854187,0.0,0.0
901,3.1420013904571533,0.8362544178962708,26.24408721923828,4.833285808563232,0.5303985476493835,43.890892028808594,1.0989710092544556,1.1004465818405151,122.01,0.9746018052101135,0.00994344986975193,0.06109325587749481,17.781936645507812,0.0,0.0,0.3433135449886322,2.077748104056809e-05,0.003320682793855667,0.6234245300292969,0.0,0.0,1.1474884748458862,0.46951818466186523,0.017935236915946007,0.259162038564682,0.014743359759449959,0.4674016833305359,0.2844102680683136,0.016617603600025177,0.0006613071891479194,0.5640484094619751,0.9839779138565063,0.0,0.7918676733970642,0.24938145279884338,0.0005057371454313397,0.01882031559944153,0.0,0.0,0.3466022312641144,0.04292372614145279,0.00013756442058365792,1.2734447717666626,0.0,0.0
902,5.679449081420898,0.8812144994735718,24.65230369567871,3.082874298095703,0.6421822905540466,64.35548400878906,1.0151052474975586,1.0158801078796387,75.14,1.1873588562011719,0.012232041917741299,0.04542334005236626,11.072059631347656,0.0,0.0,0.34638646245002747,2.3952259653015062e-05,0.0019343321910127997,0.6100550889968872,0.0,0.0,1.1275286674499512,0.6067922711372375,0.014670387841761112,0.16689439117908478,0.009361045435070992,0.2729789912700653,0.2948344349861145,0.02462855726480484,0.00040956196608021855,0.7457109093666077,0.9964842200279236,0.0,0.9408076405525208,0.13903044164180756,0.0006168612162582576,0.020168039947748184,0.0,0.0,0.3439931273460388,0.08964971452951431,4.3957763409707695e-05,1.2925209999084473,0.0,0.0
903,4.693229675292969,0.8568592667579651,27.156574249267578,3.7564635276794434,0.6806607842445374,42.52851867675781,1.1199970245361328,1.1197322607040405,21.11,0.9129312634468079,0.016330033540725708,0.05600154772400856,19.66765785217285,0.0,0.0,0.33606210350990295,1.6942436559475027e-05,0.0026539883110672235,0.6142764687538147,0.0,0.0,1.0008000135421753,0.5885639786720276,0.014240890741348267,0.17086970806121826,0.009543501771986485,0.2916521430015564,0.29954662919044495,0.025376470759510994,0.0004482361546251923,0.7676694989204407,0.9946830868721008,0.0,0.9323161244392395,0.18561090528964996,0.0006053100223653018,0.0205097459256649,0.0,0.0,0.34280961751937866,0.06875058263540268,8.830946899252012e-05,1.2702761888504028,0.0,0.0
904,3.433405876159668,0.8637653589248657,21.42987060546875,3.2391841411590576,0.43057534098625183,42.19336700439453,0.915823757648468,0.9153327345848083,58.57,0.971904993057251,0.010094527155160904,0.05377071723341942,19.76439666748047,0.0,0.0,0.3529447615146637,2.5271843696828e-05,0.0030790159944444895,0.6227374076843262,0.0,0.0,1.2827776670455933,0.4242158532142639,0.016745777800679207,0.22744722664356232,0.012947709299623966,0.3842664361000061,0.2725445330142975,0.012290575541555882,0.0005789520218968391,0.5199573040008545,0.9708318710327148,0.0,0.7244177460670471,0.2946763038635254,0.00046181949437595904,0.017948497086763382,0.0,0.0,0.3498706519603729,0.03449994698166847,0.0001131913231802173,1.282151699066162,0.0,0.0
905,5.7935709953308105,0.24630066752433777,37.56149673461914,5.0804362297058105,0.4455697238445282,49.76316452026367,1.1278800964355469,1.1308097839355469,229.7,1.628758192062378,0.06113813817501068,0.021461214870214462,3.438828468322754,0.0,0.0,0.3035014569759369,4.370788155938499e-05,0.0039707934483885765,0.8866101503372192,0.0,0.0,1.237538456916809,0.5081959366798401,0.0197430532425642,0.2823014557361603,0.017291618511080742,0.5211717486381531,0.2782651484012604,0.012722203508019447,0.000818538130261004,0.4635246992111206,0.9941585659980774,0.0,0.7387388348579407,0.26447317004203796,0.0004553714534267783,0.017678653821349144,0.0,0.0,0.3493669629096985,0.04316188767552376,0.00019797107961494476,1.255128264427185,0.0,0.0
906,2.2075119018554688,0.04537450149655342,16.211597442626953,6.303885459899902,0.7376379370689392,53.05717086791992,1.095138430595398,1.0901203155517578,420.34,0.8670843839645386,0.2291371077299118,0.025345122441649437,1.2212111949920654,0.0,0.0,0.38472768664360046,0.00017508577730040997,0.0037489235401153564,0.9971056580543518,0.0,0.0,0.9739179611206055,0.544497013092041,0.015376189723610878,0.22667986154556274,0.010722109116613865,0.4016585946083069,0.3009715676307678,0.028999576345086098,0.0004827480297535658,0.7943499684333801,0.985621452331543,0.0,0.9474499821662903,0.16679707169532776,0.0006387818139046431,0.018750011920928955,0.0,0.0,0.34147894382476807,0.09332593530416489,3.0350884117069654e-05,1.2856109142303467,0.0,0.0
907,4.01047945022583,0.6925734877586365,18.240262985229492,3.7897727489471436,0.6545917391777039,40.56675720214844,0.9692119359970093,0.9689093232154846,32.22,0.8776350617408752,0.005929734092205763,0.05409133806824684,17.77788734436035,0.0,0.0,0.30970385670661926,9.2815048446937e-07,0.00308642303571105,0.6768563985824585,0.0,0.0,1.0872762203216553,0.49418529868125916,0.01419381145387888,0.18896858394145966,0.009918231517076492,0.3178800344467163,0.29330170154571533,0.022472595795989037,0.0004288563795853406,0.7493098378181458,0.9842232465744019,0.0,0.8709399700164795,0.22535701096057892,0.0005688767414540052,0.020131440833210945,0.0,0.0,0.3438877761363983,0.05244676023721695,9.677816706243902e-05,1.2849689722061157,0.0,0.0
908,3.1434309482574463,0.714199960231781,34.88096237182617,3.205533742904663,0.6203442215919495,56.99368667602539,1.1625640392303467,1.1645475625991821,146.51,1.2245501279830933,0.003306946950033307,0.05608469620347023,8.94570541381836,0.0,0.0,0.3206217586994171,6.729972028551856e-06,0.0026940091047436,0.6697134375572205,0.0,0.0,1.1139377355575562,0.6322043538093567,0.015467952936887741,0.17252087593078613,0.010465211234986782,0.2902069389820099,0.2961515188217163,0.023960856720805168,0.00047088926658034325,0.7040807008743286,1.0029218196868896,0.0,0.9081096649169922,0.15672805905342102,0.0005923148128204048,0.02020193822681904,0.0,0.0,0.3444363474845886,0.06956339627504349,7.050544081721455e-05,1.285249948501587,0.0,0.0
909,5.5886616706848145,0.07460596412420273,43.71835708618164,1.6572551727294922,0.560268223285675,56.64948654174805,1.0333763360977173,1.0351197719573975,162.99,1.561895728111267,0.17652736604213715,0.014069068245589733,1.315126657485962,0.0,0.0,0.33889633417129517,0.0001258552074432373,0.003510334063321352,0.9861642122268677,0.0,0.0,1.1183111667633057,0.6855041980743408,0.015049219131469727,0.13376036286354065,0.008203987032175064,0.20277048647403717,0.2914521396160126,0.02248981036245823,0.0003861049481201917,0.6868848204612732,1.0007959604263306,0.0,0.8735209107398987,0.16393661499023438,0.0005660111783072352,0.018460283055901527,0.0,0.0,0.34683531522750854,0.09331940859556198,8.697363955434412e-05,1.2673513889312744,0.0,0.0
910,4.7965922355651855,0.9408127069473267,16.283193588256836,3.070659875869751,0.5791261196136475,51.577606201171875,0.8223634958267212,0.8154687285423279,1028.13,0.8185563683509827,0.02357238158583641,0.05459572374820709,22.484375,0.0,0.0,0.3621108829975128,4.3082334741484374e-05,0.0023276580031961203,0.5925957560539246,0.0,0.0,1.1175180673599243,0.49266675114631653,0.014485892839729786,0.18997691571712494,0.01000912580639124,0.3123186230659485,0.2838972508907318,0.01829252392053604,0.0004189849423710257,0.6869694590568542,0.9770097732543945,0.0,0.8753750920295715,0.2158879041671753,0.0005668308003805578,0.019894739612936974,0.0,0.0,0.3448244631290436,0.05747301131486893,8.227260696003214e-05,1.2828904390335083,0.0,0.0
911,5.641736030578613,0.8544148802757263,27.831148147583008,3.268230438232422,0.4411892592906952,49.31303405761719,0.9726848006248474,0.9714435338973999,131.36,1.1703096628189087,0.011344200931489468,0.03949051350355148,13.342098236083984,0.0,0.0,0.35108673572540283,5.2276216592872515e-05,0.002646304201334715,0.6260159611701965,0.0,0.0,1.2391523122787476,0.6194812059402466,0.01713222824037075,0.22169747948646545,0.013143555261194706,0.37929192185401917,0.2759236693382263,0.013350472785532475,0.0006061049643903971,0.5195565819740295,0.9825040698051453,0.0,0.7850788831710815,0.2226455807685852,0.0005037207156419754,0.018699999898672104,0.0,0.0,0.3499039113521576,0.04781918600201607,0.00010416581062600017,1.2828783988952637,0.0,0.0
912,3.8662142753601074,0.003562253201380372,23.612340927124023,2.3773751258850098,0.7802674770355225,50.68486785888672,1.0227612257003784,1.0233341455459595,54.74,1.091583251953125,0.23617535829544067,0.011520570144057274,0.67360919713974,0.0,0.0,0.3765638768672943,0.0001235723029822111,0.0035616070963442326,1.0193630456924438,0.0,0.0,0.957958459854126,0.51718670129776,0.011327751912176609,0.09682977199554443,0.004819462075829506,0.14181818068027496,0.3095163106918335,0.03611878305673599,0.00024753238540142775,0.9578589200973511,1.020483374595642,0.0,1.0054092407226562,0.11366244405508041,0.0006998147000558674,0.018185876309871674,0.0,0.0,0.3419704735279083,0.0965828001499176,1.2510958185885102e-05,1.2961854934692383,0.0,0.0
913,4.431127071380615,0.34841153025627136,25.743247985839844,4.978390693664551,0.546814501285553,58.817134857177734,1.096600890159607,1.0957974195480347,66.86,1.4242302179336548,0.061321455985307693,0.02578989788889885,4.489932060241699,0.0,0.0,0.30215656757354736,3.397935506654903e-05,0.0035155992954969406,0.8298928141593933,0.0,0.0,1.2233226299285889,0.6543436646461487,0.018730003386735916,0.26391032338142395,0.014661733992397785,0.4746721386909485,0.286167174577713,0.01844904012978077,0.000639778736513108,0.5806363224983215,0.9913626313209534,0.0,0.8364008665084839,0.1843404918909073,0.0005459468229673803,0.018651818856596947,0.0,0.0,0.3460497260093689,0.07491091638803482,5.749176852987148e-05,1.2929335832595825,0.0,0.0
914,1.9570791721343994,0.9103047847747803,26.02566146850586,3.2094926834106445,0.7338787317276001,40.44648361206055,1.1324373483657837,1.133103609085083,51.92,0.7325440049171448,0.029087873175740242,0.1037476658821106,19.284198760986328,0.0,0.0,0.3579320013523102,5.802942905575037e-05,0.0025641387328505516,0.587192714214325,0.0,0.0,0.9332791566848755,0.5526334643363953,0.012519466690719128,0.13604384660720825,0.007340200711041689,0.22076207399368286,0.3050157129764557,0.029459811747074127,0.0003570280969142914,0.8587249517440796,0.9972295165061951,0.0,0.9753443598747253,0.1647626757621765,0.0006434691604226828,0.020656518638134003,0.0,0.0,0.34195655584335327,0.08688275516033173,5.8206274843541905e-05,1.2734822034835815,0.0,0.0
915,4.300776481628418,0.10328327119350433,23.09818458557129,6.760567665100098,0.5919498801231384,49.1552734375,1.135567307472229,1.1399785280227661,340.76,1.1765843629837036,0.1672392636537552,0.014297358691692352,2.142087459564209,0.0,0.0,0.3347596228122711,0.00010019665933214128,0.00422790227457881,0.9619976878166199,0.0,0.0,1.1255017518997192,0.5551491975784302,0.01953100971877575,0.30860358476638794,0.01616508513689041,0.5682921409606934,0.28934040665626526,0.019981741905212402,0.000710310589056462,0.5952194333076477,0.9877718091011047,0.0,0.8302506804466248,0.20960457623004913,0.0005473446217365563,0.017820069566369057,0.0,0.0,0.34462425112724304,0.09314979612827301,5.50250661035534e-05,1.285579800605774,0.0,0.0
916,4.18599271774292,0.9838742613792419,38.91527557373047,3.262453079223633,0.5533488392829895,51.19295120239258,1.1423360109329224,1.1414275169372559,69.68,1.1580805778503418,0.0210329070687294,0.05329320207238197,13.190475463867188,0.0,0.0,0.37603476643562317,5.910432810196653e-05,0.0020864359103143215,0.579996645450592,0.0,0.0,1.087580680847168,0.6836358308792114,0.01638813316822052,0.18890435993671417,0.011825921013951302,0.3225533664226532,0.289861798286438,0.0196634940803051,0.0005526659078896046,0.6212548017501831,0.9954339265823364,0.0,0.8656956553459167,0.18562175333499908,0.0005353461019694805,0.019696172326803207,0.0,0.0,0.34575456380844116,0.050687890499830246,0.00016816225252114236,1.2527443170547485,0.0,0.0
917,1.872780203819275,0.4650467038154602,22.140668869018555,7.9569783210754395,0.6105439066886902,41.452796936035156,1.1737502813339233,1.1732614040374756,35.5,1.012858510017395,0.024961385875940323,0.05800372734665871,10.098881721496582,0.0,0.0,0.3197907507419586,6.935372948646545e-05,0.0035560885444283485,0.7739907503128052,0.0,0.0,1.1357531547546387,0.4202969968318939,0.01950032450258732,0.3305337727069855,0.0174900870770216,0.620281457901001,0.2898329198360443,0.019550347700715065,0.0007496400503441691,0.5939226746559143,0.9863069653511047,0.0,0.8142803311347961,0.2444193810224533,0.000518542539793998,0.018697982653975487,0.0,0.0,0.3436640202999115,0.04988541081547737,0.00012773933121934533,1.2751737833023071,0.0,0.0
918,5.585070610046387,0.2402043640613556,23.852664947509766,9.481451034545898,0.6564604640007019,47.40110397338867,1.1906417608261108,1.1932176351547241,181.31,1.2337709665298462,0.09622762352228165,0.025831909850239754,5.211490154266357,0.0,0.0,0.2996251583099365,3.900109732057899e-05,0.00343881594017148,0.8916312456130981,0.0,0.0,1.1097491979599,0.5348807573318481,0.019864261150360107,0.34154874086380005,0.017796732485294342,0.6506795287132263,0.29474249482154846,0.021875102072954178,0.000754815002437681,0.6246265172958374,0.9951587915420532,0.0,0.8518200516700745,0.20782117545604706,0.0005499194958247244,0.01861317828297615,0.0,0.0,0.3426738381385803,0.07667665183544159,8.320631604874507e-05,1.2784583568572998,0.0,0.0
919,4.3505682945251465,0.09247485548257828,19.454755783081055,2.2350575923919678,0.5462126135826111,42.65550994873047,0.881263792514801,0.8821457028388977,113.44,0.9973399043083191,0.18300792574882507,0.01549077220261097,2.6800873279571533,0.0,0.0,0.34187591075897217,0.00011597348930081353,0.00413984339684248,0.9717939496040344,0.0,0.0,1.1047132015228271,0.5022276639938354,0.01514801662415266,0.15933428704738617,0.0091414675116539,0.24913908541202545,0.28577113151550293,0.019213268533349037,0.0004168330051470548,0.6642007231712341,0.9791892170906067,0.0,0.8408968448638916,0.22468401491641998,0.0005623558536171913,0.018342791125178337,0.0,0.0,0.3471065163612366,0.09242075681686401,5.9283640439389274e-05,1.2840360403060913,0.0,0.0
920,3.541135311126709,0.23145821690559387,22.541439056396484,6.297367572784424,0.44346439838409424,49.48492431640625,1.0415215492248535,1.04387366771698,216.34,1.237038254737854,0.08126047998666763,0.019662177190184593,4.104931831359863,0.0,0.0,0.3195720613002777,6.360095721902326e-05,0.004436418414115906,0.8924795985221863,0.0,0.0,1.275041103363037,0.4271072447299957,0.020660193637013435,0.3585734963417053,0.018858110532164574,0.6648685932159424,0.27297723293304443,0.01167216431349516,0.0008133893134072423,0.4646121859550476,0.9808151721954346,0.0,0.7355889678001404,0.27306243777275085,0.0004740321892313659,0.017246348783373833,0.0,0.0,0.3483325242996216,0.05453590303659439,8.93097894731909e-05,1.2877094745635986,0.0,0.0
921,1.9230461120605469,0.804762065410614,21.15353012084961,7.492443561553955,0.6773128509521484,57.7639045715332,1.1804066896438599,1.1822315454483032,130.77,0.9143850207328796,0.008151419460773468,0.08321689814329147,14.048073768615723,0.0,0.0,0.3404903709888458,3.498559817671776e-05,0.002999062417075038,0.634002685546875,0.0,0.0,1.0691184997558594,0.5736169815063477,0.01752902939915657,0.28208592534065247,0.014880916103720665,0.5206388831138611,0.2961271405220032,0.023727957159280777,0.0006360255647450686,0.6817200779914856,0.9910286664962769,0.0,0.9069002866744995,0.1753694862127304,0.0005935842636972666,0.01995195634663105,0.0,0.0,0.34215396642684937,0.06821885704994202,5.115904423291795e-05,1.2894853353500366,0.0,0.0
922,5.836730003356934,0.7045900225639343,14.814157485961914,5.811016082763672,0.7922733426094055,59.35239028930664,0.8721044659614563,0.8733210563659668,159.74,0.7262041568756104,1.6487211951243808e-06,0.055653832852840424,16.892967224121094,0.0,0.0,0.3041951060295105,7.131255870262976e-07,0.0029307445511221886,0.675937831401825,0.0,0.0,0.9584607481956482,0.5123987793922424,0.011116468347609043,0.19040538370609283,0.008561672642827034,0.3204593062400818,0.30271193385124207,0.02766718529164791,0.0003682617098093033,0.8944260478019714,0.9899071455001831,0.0,1.031624436378479,0.18520425260066986,0.0006800965056754649,0.023644231259822845,0.0,0.0,0.3408125936985016,0.05404502525925636,0.00010169256711378694,1.276358723640442,0.0,0.0
923,4.437220096588135,0.9430542588233948,13.578560829162598,6.7969465255737305,0.6374863386154175,57.50123596191406,0.8687885999679565,0.8721904158592224,448.94,0.8276432156562805,0.017173532396554947,0.058679018169641495,22.011825561523438,0.0,0.0,0.35955095291137695,3.391404970898293e-05,0.0022539193741977215,0.5882086753845215,0.0,0.0,1.0927337408065796,0.40443772077560425,0.016375824809074402,0.30621621012687683,0.014238948933780193,0.5531424880027771,0.28578299283981323,0.018740274012088776,0.0005456895451061428,0.6776120066642761,0.9771294593811035,0.0,0.900536835193634,0.21820704638957977,0.0005655527929775417,0.020483311265707016,0.0,0.0,0.3420565724372864,0.04847889766097069,0.0001265382452402264,1.2717665433883667,0.0,0.0
924,1.7894800901412964,0.37383517622947693,33.3091926574707,7.3444976806640625,0.44524189829826355,40.95081329345703,1.1685876846313477,1.168048620223999,39.49,1.2127125263214111,0.023051418364048004,0.04353681206703186,7.019672393798828,0.0,0.0,0.3272712826728821,7.987675780896097e-05,0.004568285308778286,0.8203309178352356,0.0,0.0,1.171629548072815,0.26256096363067627,0.021240560337901115,0.36383721232414246,0.02154311165213585,0.7004035115242004,0.2760407328605652,0.010735186748206615,0.0009960148017853498,0.4193669557571411,0.9869546890258789,0.0,0.7053370475769043,0.3619338274002075,0.00041879931814037263,0.017773110419511795,0.0,0.0,0.3481214940547943,0.02457711659371853,0.00026265985798090696,1.2340768575668335,0.0,0.0
925,4.425975799560547,0.9947517514228821,23.744213104248047,2.5663087368011475,0.4492982029914856,66.43675994873047,0.9015160202980042,0.9056132435798645,501.85,1.1478077173233032,0.02108258567750454,0.04636102169752121,11.467302322387695,0.0,0.0,0.38717666268348694,7.768353680148721e-05,0.0013197700027376413,0.580956220626831,0.0,0.0,1.2476288080215454,0.738926887512207,0.016332052648067474,0.1929609179496765,0.011486022733151913,0.31156104803085327,0.27581945061683655,0.014493513852357864,0.0005128613556735218,0.552664577960968,0.9793630838394165,0.0,0.8346951007843018,0.1795191615819931,0.0005305407103151083,0.019243832677602768,0.0,0.0,0.3481953740119934,0.0541696734726429,8.610719669377431e-05,1.283382773399353,0.0,0.0
926,4.060123920440674,0.30130651593208313,18.5319766998291,2.1146321296691895,0.6043524742126465,59.97470474243164,0.8612333536148071,0.8655813932418823,583.26,1.0436841249465942,0.0957534909248352,0.0304363202303648,5.992353439331055,0.0,0.0,0.3119165003299713,5.6363172916462645e-05,0.0035679545253515244,0.854293704032898,0.0,0.0,1.072947382926941,0.6334963440895081,0.013975624926388264,0.14128370583057404,0.008049309253692627,0.21586471796035767,0.2905198037624359,0.02204993925988674,0.00035750423558056355,0.7352505922317505,0.9871187210083008,0.0,0.9057685136795044,0.19114935398101807,0.0006046243943274021,0.01947631873190403,0.0,0.0,0.3445437252521515,0.0937231257557869,6.44020619802177e-05,1.2787644863128662,0.0,0.0
927,2.7222890853881836,0.6814167499542236,26.40131950378418,4.0130228996276855,0.41516241431236267,40.64078903198242,1.0117504596710205,1.0122926235198975,52.94,1.0624383687973022,0.004079516977071762,0.053035542368888855,15.521336555480957,0.0,0.0,0.3266977071762085,1.2711220733763184e-06,0.003691836027428508,0.6881817579269409,0.0,0.0,1.27481210231781,0.363154798746109,0.0178290493786335,0.2566465735435486,0.01507311500608921,0.4559151828289032,0.2732231616973877,0.011258265003561974,0.000692769477609545,0.4759155809879303,0.9774263501167297,0.0,0.683650016784668,0.3517402112483978,0.00042906025191769004,0.01768091879785061,0.0,0.0,0.3506088852882385,0.02570280060172081,0.00016009506362024695,1.2679107189178467,0.0,0.0
928,1.599214792251587,0.8144428133964539,36.36328125,6.0008087158203125,0.48800551891326904,56.5959587097168,1.1977256536483765,1.1992255449295044,104.42,1.2229739427566528,0.005910916719585657,0.0691327452659607,9.647171020507812,0.0,0.0,0.35088303685188293,3.560787081369199e-05,0.0034429728984832764,0.637505054473877,0.0,0.0,1.2211238145828247,0.6663084030151367,0.020260144025087357,0.30187633633613586,0.018518442288041115,0.5638583302497864,0.2820189297199249,0.014451936818659306,0.0008407183340750635,0.4826677143573761,0.9945473074913025,0.0,0.766720175743103,0.2166469544172287,0.0004793681437149644,0.01829242892563343,0.0,0.0,0.3478156328201294,0.04150357469916344,0.0001295112306252122,1.2763605117797852,0.0,0.0
929,5.702915191650391,0.6786931157112122,16.307647705078125,5.842112064361572,0.6672857999801636,42.03929138183594,0.9263474941253662,0.9191443920135498,845.98,0.9584488272666931,0.006444848608225584,0.04322628676891327,18.2857666015625,0.0,0.0,0.3030218780040741,9.351593917017453e-07,0.002761026145890355,0.6861461997032166,0.0,0.0,1.16024649143219,0.46951016783714294,0.015477808192372322,0.2570021450519562,0.012341971509158611,0.4543057084083557,0.2915993332862854,0.021645547822117805,0.0005014798371121287,0.7241820693016052,0.9812878966331482,0.0,0.8443585634231567,0.23446038365364075,0.0005408112774603069,0.019666830077767372,0.0,0.0,0.3433561623096466,0.046738460659980774,9.587607928551733e-05,1.2875144481658936,0.0,0.0
930,4.221656322479248,0.9295122623443604,24.138784408569336,6.493703842163086,0.705826997756958,57.161380767822266,1.1787289381027222,1.179139494895935,29.54,1.0365127325057983,0.01955413818359375,0.057480908930301666,13.604131698608398,0.0,0.0,0.353785902261734,2.238050365122035e-05,0.0022746575996279716,0.5892346501350403,0.0,0.0,1.0742833614349365,0.5671143531799316,0.01623586006462574,0.24011552333831787,0.012744003906846046,0.4335959553718567,0.29965490102767944,0.026500826701521873,0.0005595041438937187,0.735256552696228,0.9956321716308594,0.0,0.9454665184020996,0.1473383903503418,0.0006168076070025563,0.020181309431791306,0.0,0.0,0.34180837869644165,0.08387180417776108,4.490573701332323e-05,1.2904269695281982,0.0,0.0
931,5.699868202209473,0.5908665060997009,19.06521224975586,5.38291072845459,0.5439180135726929,40.23529815673828,0.9549536108970642,0.9563985466957092,158.21,1.123014211654663,0.011991651728749275,0.03653889149427414,16.052045822143555,0.0,0.0,0.29712584614753723,1.0386081612523412e-06,0.0029677432030439377,0.7231283187866211,0.0,0.0,1.2901042699813843,0.4211443066596985,0.0178501158952713,0.2912883162498474,0.014868604019284248,0.5233689546585083,0.2811563313007355,0.01582132652401924,0.0006038476130925119,0.5877514481544495,0.9786295890808105,0.0,0.7427778244018555,0.29098135232925415,0.0004676879325415939,0.018113169819116592,0.0,0.0,0.3461613655090332,0.035517070442438126,0.00010916031897068024,1.2832531929016113,0.0,0.0
932,5.414940357208252,0.7203115820884705,21.132673263549805,2.3566713333129883,0.43842098116874695,52.170936584472656,0.8296276926994324,0.8299753069877625,50.48,1.0601943731307983,0.008940559811890125,0.03956093266606331,14.631943702697754,0.0,0.0,0.3222765028476715,1.0392793228675146e-05,0.002816813765093684,0.6761139631271362,0.0,0.0,1.2529016733169556,0.5310008525848389,0.015561171807348728,0.18717895448207855,0.010850091464817524,0.29841935634613037,0.273321270942688,0.012993307784199715,0.000482467730762437,0.5547038316726685,0.9718635678291321,0.0,0.7853121757507324,0.24980397522449493,0.0005115832318551838,0.018965644761919975,0.0,0.0,0.3492974638938904,0.045414261519908905,9.474732360104099e-05,1.2873207330703735,0.0,0.0
933,2.123183488845825,0.9211104512214661,20.98794937133789,7.541123867034912,0.64524245262146,48.35944747924805,1.1569844484329224,1.1552679538726807,128.42,0.83116215467453,0.019502291455864906,0.0847155824303627,18.74721336364746,0.0,0.0,0.36314940452575684,5.6450171541655436e-05,0.0030286931432783604,0.5912877321243286,0.0,0.0,1.09195077419281,0.5382978320121765,0.01825469546020031,0.3027936518192291,0.01574532873928547,0.5605970621109009,0.29256218671798706,0.021543007344007492,0.0006743409321643412,0.6444745063781738,0.9844265580177307,0.0,0.8689393401145935,0.19815945625305176,0.000563820474781096,0.019405504688620567,0.0,0.0,0.3430843651294708,0.0603698268532753,6.197692709974945e-05,1.2873791456222534,0.0,0.0
934,2.5263450145721436,0.8098134994506836,39.218040466308594,5.4780497550964355,0.49212297797203064,47.415130615234375,1.188915729522705,1.1914476156234741,178.74,1.2336103916168213,0.00558575289323926,0.06130407750606537,12.52590274810791,0.0,0.0,0.342271089553833,2.024839341174811e-05,0.0033766150008887053,0.6360394954681396,0.0,0.0,1.1318507194519043,0.42942437529563904,0.01901252195239067,0.2768484354019165,0.0174646507948637,0.5136646628379822,0.28269705176353455,0.014094284735620022,0.0008110429625958204,0.4943045675754547,0.9924843311309814,0.0,0.7692720890045166,0.27237486839294434,0.00045393555774353445,0.01902191899716854,0.0,0.0,0.3468479514122009,0.026170529425144196,0.00027441131533123553,1.231028437614441,0.0,0.0
935,2.665458917617798,0.5040493607521057,34.5505485534668,2.215106248855591,0.7970008254051208,44.6313591003418,1.0926283597946167,1.091607928276062,85.55,0.9472389817237854,0.018424153327941895,0.06794002652168274,9.242876052856445,0.0,0.0,0.31012624502182007,4.676279058912769e-05,0.002290188567712903,0.7505263686180115,0.0,0.0,0.9063934683799744,0.49592840671539307,0.01006627082824707,0.09587611258029938,0.004219356458634138,0.13671736419200897,0.3116472363471985,0.03547687456011772,0.0001973739272216335,0.9882869124412537,1.0068837404251099,0.0,1.0975602865219116,0.13529980182647705,0.000710789579898119,0.0221738088876009,0.0,0.0,0.33897238969802856,0.08982912451028824,7.521962834289297e-05,1.2568026781082153,0.0,0.0
936,5.5814290046691895,0.18145334720611572,22.416526794433594,8.78161907196045,0.5780304670333862,43.66861343383789,1.1212184429168701,1.1240993738174438,228.58,1.2304046154022217,0.11376464366912842,0.021581802517175674,4.734682083129883,0.0,0.0,0.30622053146362305,4.9267851863987744e-05,0.003507776651531458,0.9215789437294006,0.0,0.0,1.190712809562683,0.4466400146484375,0.021291842684149742,0.3788117468357086,0.01909097097814083,0.7225303649902344,0.2861314117908478,0.017313815653324127,0.0007880371413193643,0.5544030070304871,0.9870675802230835,0.0,0.795327365398407,0.24158959090709686,0.000506883836351335,0.017875295132398605,0.0,0.0,0.3446638882160187,0.06555067002773285,0.00011390963481971994,1.2783925533294678,0.0,0.0
937,1.652862787246704,0.10330461710691452,20.295276641845703,3.3153226375579834,0.5415250062942505,52.447505950927734,1.0058009624481201,1.0080726146697998,224.05,1.0015709400177002,0.13940197229385376,0.03021734580397606,1.8649173974990845,0.0,0.0,0.38120129704475403,0.00022885693761054426,0.004425916820764542,0.9620220065116882,0.0,0.0,1.1050441265106201,0.5771034359931946,0.01669543795287609,0.20443269610404968,0.011487756855785847,0.3453916609287262,0.2850707173347473,0.019065042957663536,0.0005216136923991144,0.6239680051803589,0.9832691550254822,0.0,0.8122250437736511,0.21435213088989258,0.000544235110282898,0.017490746453404427,0.0,0.0,0.34636837244033813,0.09495045989751816,4.197725502308458e-05,1.2878572940826416,0.0,0.0
938,5.08885383605957,0.6858640909194946,20.5051326751709,8.355753898620605,0.47595977783203125,59.84314727783203,1.016743540763855,1.0193870067596436,255.05,1.2393542528152466,0.007966684177517891,0.03638474643230438,11.72818374633789,0.0,0.0,0.31115564703941345,1.0797828053910052e-06,0.003023831406608224,0.6802566051483154,0.0,0.0,1.3192375898361206,0.4608496427536011,0.02153511345386505,0.43468767404556274,0.02162832021713257,0.8151824474334717,0.2723035216331482,0.011306611821055412,0.0008218525326810777,0.476295530796051,0.9789415001869202,0.0,0.7508323788642883,0.26023513078689575,0.00046906815259717405,0.01830381155014038,0.0,0.0,0.3459327816963196,0.03615783154964447,9.906591003527865e-05,1.2872779369354248,0.0,0.0
939,5.360119342803955,0.822500467300415,40.42131423950195,6.010961532592773,0.490651935338974,48.58531951904297,1.1853221654891968,1.1880232095718384,191.81,1.388138771057129,0.005985727999359369,0.03911013901233673,12.61551284790039,0.0,0.0,0.3368874788284302,2.1391404516180046e-05,0.0028612713795155287,0.6325691342353821,0.0,0.0,1.1520357131958008,0.44736939668655396,0.019668148830533028,0.2976279556751251,0.018535226583480835,0.5541337728500366,0.2816235423088074,0.013823281973600388,0.0008436491480097175,0.4807704985141754,0.9916669726371765,0.0,0.7832426428794861,0.2621046006679535,0.00045743101509287953,0.019275803118944168,0.0,0.0,0.3463134467601776,0.026367828249931335,0.00028451840626075864,1.2276099920272827,0.0,0.0
940,2.9707958698272705,0.18637660145759583,20.97327423095703,2.5624802112579346,0.7127537131309509,55.733943939208984,0.9973159432411194,0.9965514540672302,76.92,0.980426013469696,0.13645130395889282,0.031560055911540985,3.2663726806640625,0.0,0.0,0.3431439995765686,0.00011048303713323548,0.003555063158273697,0.9124519228935242,0.0,0.0,0.9957011342048645,0.5629088282585144,0.012818248942494392,0.12568043172359467,0.006706424988806248,0.1929904967546463,0.30206188559532166,0.02981078438460827,0.00031904008937999606,0.855851948261261,0.9981086254119873,0.0,0.969444751739502,0.14651937782764435,0.0006668717251159251,0.019247770309448242,0.0,0.0,0.34285491704940796,0.09585998207330704,2.430368294881191e-05,1.2920936346054077,0.0,0.0
941,2.323991060256958,0.05470307543873787,35.86651611328125,2.666891574859619,0.44929614663124084,55.21420669555664,1.0552473068237305,1.0522066354751587,273.85,1.3519819974899292,0.13756205141544342,0.015273114666342735,0.9510473012924194,0.0,0.0,0.3841378390789032,0.0002423204859951511,0.004298382438719273,0.9933173060417175,0.0,0.0,1.209457278251648,0.7649913430213928,0.017357634380459785,0.18679608404636383,0.011913513764739037,0.3109237253665924,0.28036999702453613,0.015582717023789883,0.0006054013501852751,0.5339922904968262,0.9936507344245911,0.0,0.760894775390625,0.20080532133579254,0.0004986266139894724,0.016824008896946907,0.0,0.0,0.35071322321891785,0.08925242722034454,6.826433673268184e-05,1.2820872068405151,0.0,0.0
942,3.71806263923645,0.8955507278442383,33.93270492553711,4.562484264373779,0.5819266438484192,47.149898529052734,1.1834418773651123,1.1832571029663086,13.2,1.0969964265823364,0.01404036208987236,0.05774903669953346,14.673700332641602,0.0,0.0,0.35150888562202454,2.9231297958176583e-05,0.0027990825474262238,0.6023279428482056,0.0,0.0,1.0759763717651367,0.5961264967918396,0.017215656116604805,0.22507399320602417,0.013575674965977669,0.4031751751899719,0.2916112542152405,0.020070504397153854,0.0006235610926523805,0.6163554787635803,0.9945448040962219,0.0,0.8574867248535156,0.20399662852287292,0.0005347399855963886,0.019682427868247032,0.0,0.0,0.3446389436721802,0.04787740111351013,0.00016426711226813495,1.2561014890670776,0.0,0.0
943,5.164631366729736,0.634363055229187,24.606666564941406,2.284353494644165,0.5225648283958435,52.697044372558594,0.9259380102157593,0.9268551468849182,106.87,1.1929962635040283,0.010173934511840343,0.03853301331400871,10.294073104858398,0.0,0.0,0.3077545464038849,9.513317422715772e-07,0.003004018682986498,0.7063443660736084,0.0,0.0,1.2035679817199707,0.6961250901222229,0.015404129400849342,0.16472506523132324,0.009989768266677856,0.2611014246940613,0.2843405604362488,0.017948340624570847,0.0004473170847631991,0.6305549144744873,0.9857500791549683,0.0,0.8220363259315491,0.2062520533800125,0.0005409251316450536,0.019182879477739334,0.0,0.0,0.34756553173065186,0.05783122032880783,7.752211968181655e-05,1.2894834280014038,0.0,0.0
944,4.922826766967773,0.5206599831581116,14.57696533203125,7.392125606536865,0.6436683535575867,56.22194290161133,0.923638641834259,0.9319804310798645,969.06,1.0405497550964355,0.021104535087943077,0.03894393518567085,11.929471015930176,0.0,0.0,0.29164987802505493,8.603635137660604e-07,0.0029375371523201466,0.7517151236534119,0.0,0.0,1.1521670818328857,0.4222404360771179,0.017277875915169716,0.3211497366428375,0.014923232607543468,0.5803926587104797,0.28793877363204956,0.019561156630516052,0.0005706266965717077,0.6710720062255859,0.9766150116920471,0.0,0.8566283583641052,0.23647300899028778,0.0005426694406196475,0.01986612007021904,0.0,0.0,0.3423905670642853,0.046886228024959564,0.00013221667904872447,1.2768720388412476,0.0,0.0
945,5.843092918395996,0.16678576171398163,20.21791648864746,5.451062202453613,0.6012658476829529,44.35505294799805,1.0287151336669922,1.0293265581130981,57.74,1.126483678817749,0.1318940669298172,0.023402294144034386,3.9940366744995117,0.0,0.0,0.3101344406604767,6.433304952224717e-05,0.0037399171851575375,0.9299389719963074,0.0,0.0,1.1479411125183105,0.47850802540779114,0.017561476677656174,0.26629582047462463,0.01363665983080864,0.4808479845523834,0.2893013060092926,0.019880659878253937,0.0005925960140302777,0.642616331577301,0.985855758190155,0.0,0.8251840472221375,0.2290375828742981,0.0005404215189628303,0.018207892775535583,0.0,0.0,0.345140278339386,0.07804161310195923,6.968656816752627e-05,1.2864094972610474,0.0,0.0
946,1.126185417175293,0.8642705082893372,16.102062225341797,7.059817790985107,0.709555983543396,54.882266998291016,1.1034345626831055,1.1031832695007324,20.64,0.7641268968582153,0.013482649810612202,0.1059974655508995,16.482067108154297,0.0,0.0,0.3578718304634094,7.072489825077355e-05,0.0028082591015845537,0.6125425100326538,0.0,0.0,1.04158353805542,0.5531890392303467,0.015944307669997215,0.2614358067512512,0.012901003472507,0.46910589933395386,0.2968764007091522,0.025223853066563606,0.0005432959296740592,0.7425222992897034,0.9818620681762695,0.0,0.9153335094451904,0.18296602368354797,0.0005966188618913293,0.020070279017090797,0.0,0.0,0.3416937291622162,0.06559588015079498,5.9430269175209105e-05,1.286824107170105,0.0,0.0
947,3.2185137271881104,0.2866222858428955,14.229681015014648,2.452223300933838,0.6410486698150635,50.961212158203125,0.8050942420959473,0.8065060973167419,217.44,0.901317298412323,0.09227607399225235,0.03710409626364708,6.371553897857666,0.0,0.0,0.32031920552253723,6.96376446285285e-05,0.0036712023429572582,0.8630372881889343,0.0,0.0,1.0390732288360596,0.5421354174613953,0.013326913118362427,0.14812198281288147,0.007734735496342182,0.22637224197387695,0.2912816107273102,0.02305821143090725,0.00032791332341730595,0.7783631086349487,0.9768823385238647,0.0,0.9433711171150208,0.190571591258049,0.000627049885224551,0.020146600902080536,0.0,0.0,0.3436313271522522,0.09318619966506958,6.178146577440202e-05,1.2787261009216309,0.0,0.0
948,1.2900559902191162,0.3060609996318817,27.367698669433594,3.1309244632720947,0.5933049917221069,48.690513610839844,1.1073663234710693,1.1049041748046875,201.23,1.0452547073364258,0.05586092919111252,0.054910678416490555,4.413825035095215,0.0,0.0,0.35030025243759155,0.0001714844984235242,0.0036939349956810474,0.8505417108535767,0.0,0.0,1.0772151947021484,0.6479049921035767,0.01587717980146408,0.1780182272195816,0.010507622733712196,0.29807186126708984,0.29273971915245056,0.022429728880524635,0.0004933209274895489,0.6772629022598267,0.9916366338729858,0.0,0.8647170066833496,0.18537582457065582,0.0005738764884881675,0.018763218075037003,0.0,0.0,0.34563687443733215,0.08721687644720078,5.2370072808116674e-05,1.2837867736816406,0.0,0.0
949,4.780601501464844,0.09575178474187851,22.910900115966797,5.01494836807251,0.5289347767829895,47.0806770324707,1.0568130016326904,1.0622197389602661,481.64,1.1710933446884155,0.15841752290725708,0.013945385813713074,2.250617504119873,0.0,0.0,0.3327648341655731,9.916983253788203e-05,0.004334110766649246,0.9666683077812195,0.0,0.0,1.164868950843811,0.5025506019592285,0.01867748610675335,0.2749152183532715,0.01475456915795803,0.4944889545440674,0.283712774515152,0.0170782171189785,0.0006606230163015425,0.5670201778411865,0.984802782535553,0.0,0.7919511795043945,0.23566851019859314,0.0005224349442869425,0.017493464052677155,0.0,0.0,0.34682172536849976,0.08373451977968216,6.339020910672843e-05,1.285593032836914,0.0,0.0
950,1.8026635646820068,0.8982594013214111,26.84833526611328,2.2106502056121826,0.5729734897613525,48.39664840698242,1.0161854028701782,1.0174663066864014,123.89,0.8649193644523621,0.015534021891653538,0.08778414875268936,14.529655456542969,0.0,0.0,0.36553436517715454,6.154597213026136e-05,0.0027882095891982317,0.6033997535705566,0.0,0.0,1.073341727256775,0.667488157749176,0.014808916486799717,0.14733077585697174,0.009183640591800213,0.23308753967285156,0.2910970151424408,0.021151065826416016,0.0004298803978599608,0.6830858588218689,0.990289568901062,0.0,0.8706551194190979,0.18432331085205078,0.0005765182431787252,0.019501373171806335,0.0,0.0,0.34660395979881287,0.06902692466974258,5.7568704505683854e-05,1.2850834131240845,0.0,0.0
951,5.274914741516113,0.847515881061554,22.528518676757812,7.627560138702393,0.62689208984375,49.7946662902832,1.1109122037887573,1.117275357246399,512.66,1.0346128940582275,0.010925318114459515,0.04634451866149902,16.381803512573242,0.0,0.0,0.33774635195732117,2.3725955543341115e-05,0.002672378672286868,0.6187723278999329,0.0,0.0,1.128854751586914,0.584688663482666,0.018535912036895752,0.3190392851829529,0.016477543860673904,0.5913761854171753,0.29012763500213623,0.020131200551986694,0.0006847935146652162,0.6245051622390747,0.9884170889854431,0.0,0.867263674736023,0.19546033442020416,0.0005574277602136135,0.01956532709300518,0.0,0.0,0.3433743715286255,0.0592450276017189,7.734333485132083e-05,1.2850868701934814,0.0,0.0
952,4.4243903160095215,0.19083279371261597,29.303077697753906,2.1943061351776123,0.7890981435775757,49.65849685668945,1.0367741584777832,1.0356069803237915,108.71,1.0819562673568726,0.12198394536972046,0.02474815398454666,3.2528507709503174,0.0,0.0,0.3241010904312134,7.120057853171602e-05,0.003235306590795517,0.9135052561759949,0.0,0.0,0.9567157030105591,0.5084636807441711,0.01080831978470087,0.09261152148246765,0.004388467874377966,0.1308000236749649,0.3112277686595917,0.03641970083117485,0.00022325277677737176,0.9749953150749207,1.0114320516586304,0.0,1.0559029579162598,0.11794163286685944,0.0007227624300867319,0.020079759880900383,0.0,0.0,0.34107500314712524,0.09532275795936584,2.3141938072512858e-05,1.289068579673767,0.0,0.0
953,3.966397762298584,0.8930974006652832,37.57408905029297,9.067695617675781,0.4142213761806488,50.21635818481445,1.187942385673523,1.1856765747070312,160.87,1.3426793813705444,0.008294503204524517,0.04209426790475845,12.878042221069336,0.0,0.0,0.3565925061702728,1.7801559806684963e-05,0.0033110969234257936,0.6071327328681946,0.0,0.0,1.2812491655349731,0.3798893988132477,0.023522505536675453,0.43441465497016907,0.025698794052004814,0.8436203598976135,0.2713561952114105,0.008483556099236012,0.0011206354247406125,0.3688480257987976,0.9864903688430786,0.0,0.703210711479187,0.30271056294441223,0.00040950908442027867,0.017890257760882378,0.0,0.0,0.3484218716621399,0.022263124585151672,0.0002324639935977757,1.2432039976119995,0.0,0.0
954,1.2321969270706177,0.7988048791885376,15.096431732177734,5.723815441131592,0.572668731212616,43.2854118347168,0.9911804795265198,0.9877194166183472,353.53,0.8996099829673767,0.007815503515303135,0.08504989743232727,14.442888259887695,0.0,0.0,0.34904566407203674,6.479800504166633e-05,0.003448788309469819,0.6379393935203552,0.0,0.0,1.2197145223617554,0.48066696524620056,0.017872991040349007,0.29721662402153015,0.014954342506825924,0.5219502449035645,0.2827037572860718,0.018088962882757187,0.000590877200011164,0.6144477128982544,0.9705994725227356,0.0,0.7938148379325867,0.2344549298286438,0.0005038525559939444,0.01867007650434971,0.0,0.0,0.3450266718864441,0.0406746007502079,8.79467188497074e-05,1.2898650169372559,0.0,0.0
955,4.987637996673584,0.12979993224143982,25.173036575317383,6.12396240234375,0.4534100890159607,45.51263427734375,1.0646324157714844,1.0662955045700073,146.5,1.2816262245178223,0.11434945464134216,0.014429115690290928,3.08258056640625,0.0,0.0,0.3218265473842621,7.68653117120266e-05,0.0043358346447348595,0.9475042223930359,0.0,0.0,1.2629159688949585,0.40931665897369385,0.02059762552380562,0.3429811894893646,0.018359707668423653,0.633983314037323,0.2756142318248749,0.012460721656680107,0.0008166446350514889,0.47034087777137756,0.9812333583831787,0.0,0.728259265422821,0.2832491993904114,0.0004671791975852102,0.017013628035783768,0.0,0.0,0.34869369864463806,0.055877603590488434,0.00011540520790731534,1.2805299758911133,0.0,0.0
956,2.890378952026367,0.28350523114204407,15.727849960327148,6.957739353179932,0.40055468678474426,42.930416107177734,0.9225723743438721,0.9225265383720398,5.39,1.256413221359253,0.05589088052511215,0.022888677194714546,5.362461566925049,0.0,0.0,0.3167625069618225,4.323992470744997e-05,0.004240600857883692,0.8702043294906616,0.0,0.0,1.4264496564865112,0.34336891770362854,0.021161453798413277,0.42590993642807007,0.02048533223569393,0.7785915732383728,0.2630850672721863,0.008598401211202145,0.0007933846209198236,0.44495975971221924,0.9677928686141968,0.0,0.6897158622741699,0.31814154982566833,0.000427321094321087,0.016917752102017403,0.0,0.0,0.3485422134399414,0.03486674278974533,9.271338785765693e-05,1.2887123823165894,0.0,0.0
957,2.1325953006744385,0.6653519868850708,21.34925079345703,5.768990993499756,0.7731372714042664,48.4281005859375,1.1832051277160645,1.1842784881591797,76.6,0.8318115472793579,0.008686085231602192,0.08306341618299484,13.972198486328125,0.0,0.0,0.319850355386734,3.673270475701429e-05,0.002907887101173401,0.6824356317520142,0.0,0.0,0.9752401113510132,0.5361400246620178,0.01342163234949112,0.18724526464939117,0.009546074084937572,0.3269840478897095,0.3059972822666168,0.030562829226255417,0.0004539760702755302,0.8463952541351318,0.9952458143234253,0.0,0.9948686957359314,0.15645435452461243,0.0006684379768557847,0.020947804674506187,0.0,0.0,0.340915709733963,0.09424234181642532,3.61822712875437e-05,1.289964199066162,0.0,0.0
958,1.6132729053497314,0.07639998942613602,16.199073791503906,2.257441282272339,0.4750608503818512,43.438812255859375,0.8420206904411316,0.8395035266876221,356.1,0.9545888304710388,0.13056184351444244,0.02729775756597519,1.94678795337677,0.0,0.0,0.38775283098220825,0.00024915067479014397,0.004554158076643944,0.9826054573059082,0.0,0.0,1.1642791032791138,0.4814319908618927,0.01572444476187229,0.17807698249816895,0.010203544981777668,0.27785131335258484,0.27668946981430054,0.015868373215198517,0.00044534128392115235,0.5958911180496216,0.9704843759536743,0.0,0.7714073061943054,0.2492186427116394,0.0005061313859187067,0.017327161505818367,0.0,0.0,0.3482472002506256,0.06980562955141068,7.301308505702764e-05,1.2830137014389038,0.0,0.0
959,1.8428740501403809,0.556289792060852,24.513076782226562,6.414416790008545,0.46437060832977295,54.07289123535156,1.0967628955841064,1.0964072942733765,29.57,1.185625433921814,0.013587459921836853,0.05339500308036804,8.268162727355957,0.0,0.0,0.32271888852119446,3.088374432991259e-05,0.004043136723339558,0.7381414771080017,0.0,0.0,1.266986608505249,0.5147259831428528,0.02066691219806671,0.34701988101005554,0.019016634672880173,0.6485595107078552,0.2760688066482544,0.012737952172756195,0.000813299382571131,0.47258260846138,0.9847857356071472,0.0,0.751454770565033,0.2450031042098999,0.0004811473481822759,0.017938824370503426,0.0,0.0,0.3477952182292938,0.045214250683784485,8.619047002866864e-05,1.2905652523040771,0.0,0.0
960,3.412470817565918,0.9131239056587219,10.979377746582031,9.745524406433105,0.7491810917854309,43.65097427368164,0.8643768429756165,0.8729381561279297,1134.63,0.8579458594322205,0.022587986662983894,0.06556208431720734,19.132726669311523,0.0,0.0,0.3506968021392822,4.675797754316591e-05,0.0018097381107509136,0.5993951559066772,0.0,0.0,1.133202075958252,0.5057576894760132,0.01571185514330864,0.3213213384151459,0.013404758647084236,0.5627398490905762,0.29490920901298523,0.025647133588790894,0.0004999895463697612,0.7784010767936707,0.9668689966201782,0.0,0.9315491318702698,0.18037544190883636,0.0005858051008544862,0.020638832822442055,0.0,0.0,0.3411999046802521,0.05266203358769417,9.862228762358427e-05,1.287330985069275,0.0,0.0
961,2.6069276332855225,0.7313697338104248,22.717239379882812,6.230172634124756,0.46477049589157104,52.57829666137695,1.0574555397033691,1.0562306642532349,109.67,1.0792944431304932,0.006090168841183186,0.05566839128732681,12.648143768310547,0.0,0.0,0.3297244906425476,1.1779310398196685e-06,0.003771698335185647,0.6658644676208496,0.0,0.0,1.2690045833587646,0.47761332988739014,0.019968248903751373,0.34458470344543457,0.01858839951455593,0.6382094025611877,0.27495142817497253,0.012351428158581257,0.0007762289023958147,0.4824708104133606,0.9810270071029663,0.0,0.735382080078125,0.269198477268219,0.0004695288953371346,0.018062109127640724,0.0,0.0,0.34756430983543396,0.03666834160685539,9.020171273732558e-05,1.2893258333206177,0.0,0.0
962,3.211066961288452,0.1555032581090927,17.40224266052246,6.047115325927734,0.7006968855857849,50.46603775024414,1.0756441354751587,1.0719387531280518,321.36,0.9718316197395325,0.16149945557117462,0.025049617514014244,3.0444653034210205,0.0,0.0,0.33970028162002563,0.00011342843936290592,0.0036716496106237173,0.9332941174507141,0.0,0.0,1.0340313911437988,0.5593572854995728,0.01594839245080948,0.2399512380361557,0.011715192347764969,0.42572057247161865,0.29776379466056824,0.0260719396173954,0.0005185565678402781,0.7509006857872009,0.9852284789085388,0.0,0.9244983196258545,0.1824410855770111,0.0006174257723614573,0.019161343574523926,0.0,0.0,0.3422611951828003,0.09350042790174484,4.1786948713706806e-05,1.2869019508361816,0.0,0.0
963,4.75435733795166,0.6233410239219666,27.160268783569336,2.3041059970855713,0.6625502705574036,54.949913024902344,1.0187807083129883,1.0215320587158203,264.37,1.1531771421432495,0.006787777412682772,0.04362139105796814,9.579365730285645,0.0,0.0,0.30254417657852173,7.926707326078031e-07,0.0028800100553780794,0.7065460681915283,0.0,0.0,1.0942479372024536,0.600254476070404,0.013603121973574162,0.13228406012058258,0.007692999206483364,0.20450781285762787,0.2988680303096771,0.026438407599925995,0.0003478657454252243,0.791812002658844,0.999862551689148,0.0,0.9219385385513306,0.15703730285167694,0.0006183494697324932,0.020066222175955772,0.0,0.0,0.3440491259098053,0.08871778845787048,4.453683504834771e-05,1.2936322689056396,0.0,0.0
964,3.95527720451355,0.23491740226745605,28.559940338134766,4.52894401550293,0.43106985092163086,44.119380950927734,1.0541880130767822,1.0529096126556396,115.17,1.2747128009796143,0.06915849447250366,0.020295357331633568,4.295322895050049,0.0,0.0,0.318615585565567,6.072903488529846e-05,0.004378410521894693,0.8919345140457153,0.0,0.0,1.2279127836227417,0.42160117626190186,0.018980836495757103,0.2748319208621979,0.01585138589143753,0.4967421889305115,0.27560049295425415,0.012310868129134178,0.0007453499129042029,0.47436922788619995,0.9838992953300476,0.0,0.733417272567749,0.28629156947135925,0.0004671929054893553,0.017512695863842964,0.0,0.0,0.34993329644203186,0.04798591881990433,0.00015490596706513315,1.2691576480865479,0.0,0.0
965,1.757112979888916,0.2629605531692505,15.507444381713867,6.993957042694092,0.6349536776542664,47.07155990600586,1.0471478700637817,1.050376534461975,293.54,0.9645845890045166,0.07952988147735596,0.0447365939617157,4.72140645980835,0.0,0.0,0.34053194522857666,0.0001378212618874386,0.0038696934934705496,0.876750648021698,0.0,0.0,1.0976359844207764,0.4588131010532379,0.017918266355991364,0.3045552372932434,0.015003613196313381,0.5584812164306641,0.2894335091114044,0.020942211151123047,0.0006190843996591866,0.6567878127098083,0.9841695427894592,0.0,0.8574877977371216,0.2140817791223526,0.0005589484353549778,0.01874617300927639,0.0,0.0,0.34312087297439575,0.0740639939904213,6.104581552790478e-05,1.2863339185714722,0.0,0.0
966,4.983912944793701,0.4412810802459717,19.43573760986328,9.936514854431152,0.4547569155693054,54.109676361083984,1.0190472602844238,1.019395112991333,33.49,1.267259120941162,0.03433108702301979,0.026941927149891853,9.244598388671875,0.0,0.0,0.29059186577796936,9.830038152358611e-07,0.0034236519131809473,0.7874590754508972,0.0,0.0,1.3784321546554565,0.3589485287666321,0.023232923820614815,0.5080195665359497,0.024450508877635002,0.9631290435791016,0.2686651349067688,0.0095490962266922,0.0009122488554567099,0.4502995014190674,0.9761202335357666,0.0,0.7053726315498352,0.30923399329185486,0.00044020250788889825,0.017305120825767517,0.0,0.0,0.3464365601539612,0.03552884981036186,9.00170998647809e-05,1.2903605699539185,0.0,0.0
967,4.474633693695068,0.6179085373878479,16.553451538085938,4.745143413543701,0.5815180540084839,52.999351501464844,0.9204652905464172,0.9235457181930542,362.36,0.9742104411125183,0.010774992406368256,0.044243257492780685,14.49897575378418,0.0,0.0,0.3020802438259125,8.959411275100138e-07,0.00320891453884542,0.7090742588043213,0.0,0.0,1.161251187324524,0.45601487159729004,0.01631273701786995,0.25601696968078613,0.012925254181027412,0.4467967450618744,0.2841889560222626,0.01773810386657715,0.0005205761408433318,0.6458913087844849,0.9767345786094666,0.0,0.8390775918960571,0.24375031888484955,0.000541974906809628,0.019731545820832253,0.0,0.0,0.3443303108215332,0.04740344360470772,0.0001117838837672025,1.2824972867965698,0.0,0.0
968,4.038997650146484,0.24672821164131165,40.10609817504883,4.030033588409424,0.47949692606925964,41.73696517944336,1.1059144735336304,1.1061763763427734,21.41,1.5962408781051636,0.04171370342373848,0.020725401118397713,3.5238728523254395,0.0,0.0,0.31694090366363525,7.20647512935102e-05,0.003757342929020524,0.8867648243904114,0.0,0.0,1.1255813837051392,0.42669299244880676,0.01781512051820755,0.22823765873908997,0.014784898608922958,0.40864014625549316,0.28241974115371704,0.01461236085742712,0.0007119873189367354,0.5168477892875671,0.9968171715736389,0.0,0.7828025221824646,0.2679191827774048,0.0004477406619116664,0.018892517313361168,0.0,0.0,0.34731823205947876,0.029683295637369156,0.0003593145520426333,1.2048481702804565,0.0,0.0
969,4.074865341186523,0.581825852394104,23.657920837402344,2.016521453857422,0.5181707739830017,50.729591369628906,0.9061836004257202,0.9068661332130432,83.05,1.102915644645691,0.012665333226323128,0.042169295251369476,10.501535415649414,0.0,0.0,0.3074660301208496,1.4685778069178923e-06,0.0032621053978800774,0.7278180122375488,0.0,0.0,1.1774126291275024,0.6743230819702148,0.015061086975038052,0.15313491225242615,0.009469309821724892,0.2375461608171463,0.28409644961357117,0.017787791788578033,0.000430839805630967,0.634015679359436,0.984268307685852,0.0,0.8201377987861633,0.21843115985393524,0.0005429407465271652,0.01918085850775242,0.0,0.0,0.3476777970790863,0.057327114045619965,7.93908693594858e-05,1.2873570919036865,0.0,0.0
970,4.69884729385376,0.03831784054636955,17.576881408691406,8.710458755493164,0.5357790589332581,51.989627838134766,1.0378069877624512,1.0352892875671387,234.33,1.186134696006775,0.19755211472511292,0.008709373883903027,2.2536370754241943,0.0,0.0,0.3399854898452759,0.00010989919246640056,0.004245229531079531,1.0015828609466553,0.0,0.0,1.2100348472595215,0.428183913230896,0.021702392026782036,0.42048633098602295,0.02004179358482361,0.78541100025177,0.2792247533798218,0.014994022436439991,0.0007912493892945349,0.5304083824157715,0.9800686240196228,0.0,0.7957720756530762,0.23718178272247314,0.0005125564057379961,0.0174834243953228,0.0,0.0,0.3450900912284851,0.07818977534770966,6.875657709315419e-05,1.2878841161727905,0.0,0.0
971,4.26784610748291,0.16007138788700104,22.471040725708008,3.7292795181274414,0.5073116421699524,50.9752311706543,0.9990254640579224,0.996724009513855,231.13,1.1540415287017822,0.1327257603406906,0.017323223873972893,3.021576166152954,0.0,0.0,0.3280068635940552,9.289626905228943e-05,0.004264628514647484,0.930510401725769,0.0,0.0,1.1745661497116089,0.5397170782089233,0.017563171684741974,0.2314603477716446,0.0127562852576375,0.3980754315853119,0.2820023000240326,0.016718629747629166,0.0005782349035143852,0.5767716765403748,0.9800199866294861,0.0,0.8062199354171753,0.22665655612945557,0.0005362927331589162,0.017941562458872795,0.0,0.0,0.34751102328300476,0.08201955258846283,5.638287984766066e-05,1.2885380983352661,0.0,0.0
972,2.1470835208892822,0.42512187361717224,27.266265869140625,2.4133241176605225,0.4842230975627899,55.71674346923828,0.9937382340431213,0.9885081052780151,532.43,1.1969752311706543,0.03196930140256882,0.04568111523985863,5.859349250793457,0.0,0.0,0.3268081843852997,8.050884207477793e-05,0.003559515345841646,0.7981160879135132,0.0,0.0,1.2005290985107422,0.7231486439704895,0.016386473551392555,0.17427752912044525,0.010817541740834713,0.2826544940471649,0.2824043333530426,0.01684953086078167,0.0005126503529027104,0.5813424587249756,0.9860889315605164,0.0,0.8163101673126221,0.19799049198627472,0.0005411059246398509,0.018638700246810913,0.0,0.0,0.3488878905773163,0.0683421790599823,5.781523577752523e-05,1.2915068864822388,0.0,0.0
973,5.6716766357421875,0.36606553196907043,31.553964614868164,3.5091075897216797,0.6086443066596985,44.72962951660156,1.123375415802002,1.123949408531189,45.46,1.2560051679611206,0.04697582498192787,0.031279321759939194,6.81879997253418,0.0,0.0,0.29428938031196594,2.1122144971741363e-05,0.0034975488670170307,0.8257741332054138,0.0,0.0,1.070773720741272,0.6053745150566101,0.015906205400824547,0.1842782348394394,0.010973901487886906,0.31735023856163025,0.2947697937488556,0.022310780361294746,0.0005139354034326971,0.6795535683631897,0.9980570077896118,0.0,0.8704632520675659,0.20505200326442719,0.0005588652566075325,0.019450372084975243,0.0,0.0,0.34475216269493103,0.06653877347707748,0.00012491665256675333,1.26280677318573,0.0,0.0
974,2.1796486377716064,0.7605195045471191,13.906519889831543,2.3811209201812744,0.6309624314308167,44.97500228881836,0.8086230754852295,0.8151518106460571,990.48,0.7577569484710693,0.0054182568565011024,0.08488845080137253,17.37166976928711,0.0,0.0,0.3326247036457062,2.5760838980204426e-05,0.0031508111860603094,0.6516773700714111,0.0,0.0,1.0535752773284912,0.5566127300262451,0.01303156279027462,0.14777924120426178,0.007947534322738647,0.2251266986131668,0.2894434630870819,0.021841654554009438,0.000326811452396214,0.7688221335411072,0.9760390520095825,0.0,0.9329087138175964,0.19275860488414764,0.0006164120859466493,0.020896920934319496,0.0,0.0,0.344232976436615,0.06614860147237778,6.530618702527136e-05,1.2856770753860474,0.0,0.0
975,5.519036293029785,0.862224817276001,20.30293846130371,2.2554097175598145,0.6238600015640259,72.05569458007812,0.8664070963859558,0.8624231815338135,533.17,1.0678298473358154,0.008907265961170197,0.04937697947025299,13.770001411437988,0.0,0.0,0.3420683741569519,1.804149360395968e-05,0.0016688719624653459,0.6162844300270081,0.0,0.0,1.077499508857727,0.6183897256851196,0.013397484086453915,0.14162449538707733,0.008086071349680424,0.21858349442481995,0.29151320457458496,0.02240414172410965,0.0003521823091432452,0.7541961669921875,0.9939152598381042,0.0,0.9309740662574768,0.17152582108974457,0.0005942588904872537,0.020547226071357727,0.0,0.0,0.34331339597702026,0.06481683999300003,0.00011172267841175199,1.26480233669281,0.0,0.0
976,2.701002597808838,0.6885777115821838,24.058012008666992,2.9401438236236572,0.5986000895500183,58.60395431518555,1.0385934114456177,1.0356320142745972,275.32,1.0659228563308716,0.004459701012820005,0.061542026698589325,10.428570747375488,0.0,0.0,0.3226228952407837,1.6893300198717043e-05,0.0029548839665949345,0.6792467832565308,0.0,0.0,1.1216926574707031,0.6402804851531982,0.015240662731230259,0.1715974509716034,0.010102112777531147,0.28302764892578125,0.29180407524108887,0.021986830979585648,0.0004492506559472531,0.6938262581825256,0.9931358098983765,0.0,0.8939318060874939,0.17102739214897156,0.0005927655729465187,0.019995007663965225,0.0,0.0,0.3450527489185333,0.07013390958309174,5.127724216436036e-05,1.2917919158935547,0.0,0.0
977,5.559286594390869,0.8428211808204651,14.532868385314941,5.2705841064453125,0.6907213926315308,53.8078727722168,0.8434128165245056,0.8454667329788208,288.04,0.81900954246521,0.01117450650781393,0.05375560373067856,21.766218185424805,0.0,0.0,0.3327052593231201,1.1817535778391175e-05,0.002297330414876342,0.6230654120445251,0.0,0.0,1.0433869361877441,0.5516852736473083,0.014678838662803173,0.23011697828769684,0.010206821374595165,0.4021965563297272,0.29241591691970825,0.022830160334706306,0.0004033108416479081,0.771466851234436,0.9759873747825623,0.0,0.9915813207626343,0.17144732177257538,0.0006395389791578054,0.021608524024486542,0.0,0.0,0.34224116802215576,0.07623165845870972,7.605170685565099e-05,1.2807118892669678,0.0,0.0
978,1.4439551830291748,0.7430634498596191,13.607206344604492,2.460568428039551,0.5469683408737183,42.498069763183594,0.8108471632003784,0.8074339032173157,521.34,0.8122847676277161,0.003251780290156603,0.0867820531129837,14.642790794372559,0.0,0.0,0.34102338552474976,4.61380768683739e-05,0.0035245073959231377,0.662581205368042,0.0,0.0,1.1358250379562378,0.536910355091095,0.014446244575083256,0.1741691678762436,0.00967746414244175,0.27140745520591736,0.28112882375717163,0.01779055781662464,0.00038514460902661085,0.6698501110076904,0.9709034562110901,0.0,0.8519948720932007,0.21864727139472961,0.0005537818651646376,0.019868141040205956,0.0,0.0,0.34617680311203003,0.049694862216711044,8.8645210780669e-05,1.285834550857544,0.0,0.0
979,4.0089216232299805,0.3810884952545166,31.948436737060547,4.281290054321289,0.4268670082092285,45.38790512084961,1.0662260055541992,1.0663973093032837,15.07,1.3124635219573975,0.0319223552942276,0.027787959203124046,6.762711524963379,0.0,0.0,0.3059660494327545,1.802201586542651e-05,0.003992678131908178,0.8188146948814392,0.0,0.0,1.2269657850265503,0.4105292558670044,0.01855374313890934,0.2604462504386902,0.0156038673594594,0.4681486487388611,0.27604204416275024,0.012035014107823372,0.0007452626596204937,0.4713507890701294,0.9845101833343506,0.0,0.7346120476722717,0.29389283061027527,0.0004608816816471517,0.018077146261930466,0.0,0.0,0.35016345977783203,0.0372454859316349,0.00018053250096272677,1.2613695859909058,0.0,0.0
980,1.5919764041900635,0.2584432363510132,24.92593765258789,4.890938758850098,0.4321184456348419,56.48387908935547,1.053661584854126,1.0555368661880493,168.61,1.2470459938049316,0.06553252786397934,0.03477219492197037,3.1752219200134277,0.0,0.0,0.3474031984806061,0.0001490033173467964,0.004450054373592138,0.8813576102256775,0.0,0.0,1.2745696306228638,0.5645774602890015,0.019729074090719223,0.2963760197162628,0.01658271811902523,0.5370643138885498,0.2742442786693573,0.012578962370753288,0.0007491819560527802,0.47317880392074585,0.9829871654510498,0.0,0.7383012175559998,0.237913578748703,0.00048035039799287915,0.017064370214939117,0.0,0.0,0.3492889702320099,0.061624329537153244,6.27322806394659e-05,1.2928154468536377,0.0,0.0
981,3.93595552444458,0.025538718327879906,28.535367965698242,2.4827804565429688,0.7817526459693909,52.19587326049805,1.0846233367919922,1.0829331874847412,143.89,1.2171604633331299,0.22181719541549683,0.012437126599252224,0.7608851194381714,0.0,0.0,0.3695383369922638,0.00013232367928139865,0.003389832330867648,1.006202220916748,0.0,0.0,0.9776870012283325,0.5163357257843018,0.011649605818092823,0.10175111889839172,0.005057981237769127,0.1502009630203247,0.310689240694046,0.03739101067185402,0.00025489702238701284,0.9531571865081787,1.016740322113037,0.0,1.0253996849060059,0.10605251044034958,0.0007044517551548779,0.01868215575814247,0.0,0.0,0.341452956199646,0.0963139533996582,1.4242405995901208e-05,1.2948580980300903,0.0,0.0
982,4.62406587600708,0.7136150598526001,27.62863540649414,2.5267343521118164,0.7446867227554321,50.57268142700195,1.0551806688308716,1.0559747219085693,71.26,1.0134809017181396,0.0018347464501857758,0.05231335386633873,11.731804847717285,0.0,0.0,0.3086734116077423,7.162104225244548e-07,0.002776970388367772,0.6681751608848572,0.0,0.0,1.0126547813415527,0.5422888398170471,0.011790081858634949,0.11531234532594681,0.006176076829433441,0.17533212900161743,0.30608588457107544,0.031199734658002853,0.0002892037737183273,0.8974059820175171,1.0076322555541992,0.0,0.9840331077575684,0.14243343472480774,0.000660819816403091,0.020850716158747673,0.0,0.0,0.34192949533462524,0.09518677741289139,4.4197575334692374e-05,1.2896088361740112,0.0,0.0
983,5.15116024017334,0.0009685406694188714,30.973302841186523,1.7847259044647217,0.47201859951019287,50.00752258300781,0.9572507739067078,0.9510368704795837,682.56,1.3678263425827026,0.21837972104549408,0.009655334055423737,1.0091118812561035,0.0,0.0,0.36027804017066956,0.00015792480553500354,0.00447135278955102,1.0252710580825806,0.0,0.0,1.1662039756774902,0.7536067962646484,0.0161298681050539,0.14579139649868011,0.009600595571100712,0.22421906888484955,0.2833532392978668,0.017421914264559746,0.0004868714604526758,0.5850926041603088,0.9919992685317993,0.0,0.7926031351089478,0.20202286541461945,0.0005294117145240307,0.017221154645085335,0.0,0.0,0.3503362834453583,0.09607034921646118,5.787930786027573e-05,1.2827982902526855,0.0,0.0
984,5.95078706741333,0.2906525731086731,13.805155754089355,9.274943351745605,0.6871196031570435,57.0835075378418,0.9040359258651733,0.9058342576026917,219.6,1.107767105102539,0.08394427597522736,0.032346952706575394,6.7653069496154785,0.0,0.0,0.2926475703716278,3.1249175663106143e-05,0.002932153409346938,0.8674850463867188,0.0,0.0,1.1184134483337402,0.4225750267505646,0.017577432096004486,0.34769269824028015,0.015411626547574997,0.6396194696426392,0.2917945384979248,0.02151019498705864,0.0005799029022455215,0.7007014155387878,0.9806962013244629,0.0,0.8954401612281799,0.21174420416355133,0.0005683171912096441,0.019809620454907417,0.0,0.0,0.34200048446655273,0.06472804397344589,0.00011206227645743638,1.2763131856918335,0.0,0.0
985,1.141399621963501,0.8960270285606384,31.92064094543457,9.167490005493164,0.44655847549438477,46.84515380859375,1.1987022161483765,1.1990731954574585,25.81,1.0078002214431763,0.010019400157034397,0.08014587312936783,14.27072811126709,0.0,0.0,0.3726665675640106,6.542144546983764e-05,0.0042822048999369144,0.6077991724014282,0.0,0.0,1.2192966938018799,0.35474076867103577,0.023280372843146324,0.42917144298553467,0.02463626116514206,0.836093008518219,0.27492278814315796,0.010295377112925053,0.0010736854746937752,0.3995553255081177,0.98470139503479,0.0,0.7057756185531616,0.30179476737976074,0.00042654905701056123,0.01759113185107708,0.0,0.0,0.34813278913497925,0.027379829436540604,0.0001791428221622482,1.2599167823791504,0.0,0.0
986,2.520167827606201,0.9550225734710693,25.439729690551758,5.519534111022949,0.6051059365272522,46.7672119140625,1.1559369564056396,1.159698247909546,280.58,1.185184121131897,0.02042684704065323,0.061863403767347336,9.052124977111816,0.0,0.0,0.3706219792366028,6.338984530884773e-05,0.00272998190484941,0.5799486637115479,0.0,0.0,1.170920968055725,0.6223134398460388,0.018572453409433365,0.25726503133773804,0.01462897565215826,0.46445614099502563,0.2914183437824249,0.021691881120204926,0.0006135139847174287,0.6297280788421631,0.9951459169387817,0.0,0.8485548496246338,0.1492907702922821,0.0005288062966428697,0.018492240458726883,0.0,0.0,0.3444662094116211,0.07220858335494995,8.47409464768134e-05,1.2806928157806396,0.0,0.0
987,1.2818702459335327,0.22031588852405548,11.366649627685547,6.107876777648926,0.761707603931427,40.443504333496094,0.9451586008071899,0.9423132538795471,319.47,0.8754088878631592,0.11737482249736786,0.053369201719760895,3.197913885116577,0.0,0.0,0.3585260212421417,0.0001655573141761124,0.0031590424478054047,0.8988044857978821,0.0,0.0,1.026249885559082,0.521630585193634,0.01386309415102005,0.22003263235092163,0.009645380079746246,0.37062016129493713,0.2998318672180176,0.030418261885643005,0.0004038531333208084,0.8471121191978455,0.9751954078674316,0.0,0.9543502926826477,0.1591292768716812,0.0006212173611856997,0.019662536680698395,0.0,0.0,0.34150129556655884,0.09366205334663391,5.043638157076202e-05,1.288893222808838,0.0,0.0
988,4.8918023109436035,0.8814337253570557,21.652563095092773,5.300551891326904,0.5399129390716553,52.07554244995117,1.0148005485534668,1.0187246799468994,379.58,1.0284546613693237,0.013427982106804848,0.04635022580623627,16.315059661865234,0.0,0.0,0.3492221534252167,3.070376624236815e-05,0.002750690095126629,0.6093451976776123,0.0,0.0,1.1919772624969482,0.5697425007820129,0.018006158992648125,0.28575435280799866,0.015088105574250221,0.5126397013664246,0.28192654252052307,0.01642109826207161,0.0006333714700303972,0.5780335664749146,0.9812850952148438,0.0,0.824447512626648,0.21263933181762695,0.0005308944964781404,0.019050566479563713,0.0,0.0,0.3457581102848053,0.05330318212509155,7.736334373475984e-05,1.2882450819015503,0.0,0.0
989,5.722633361816406,0.7818787097930908,16.246322631835938,7.357605934143066,0.4216651916503906,55.38827133178711,0.858275294303894,0.8490055799484253,1272.12,1.1202586889266968,0.007544074207544327,0.036819931119680405,17.59236717224121,0.0,0.0,0.3307970464229584,2.1614390789181925e-05,0.002554704435169697,0.6461154818534851,0.0,0.0,1.4102445840835571,0.34211835265159607,0.02031335048377514,0.438539057970047,0.020623527467250824,0.8056012988090515,0.26291632652282715,0.008317644707858562,0.0007595202187076211,0.4648498296737671,0.9685573577880859,0.0,0.7120471000671387,0.3148064613342285,0.00043443150934763253,0.017784595489501953,0.0,0.0,0.3468807339668274,0.028348371386528015,0.000106511935882736,1.2844181060791016,0.0,0.0
990,3.9427897930145264,0.13817952573299408,13.657934188842773,4.375082969665527,0.5412424802780151,51.41419219970703,0.8467796444892883,0.8585883378982544,1624.23,1.1148697137832642,0.1353234350681305,0.01546998880803585,2.6659417152404785,0.0,0.0,0.331753671169281,0.0001102313690353185,0.0038229995407164097,0.9439657926559448,0.0,0.0,1.2054258584976196,0.42534539103507996,0.017167719081044197,0.26344946026802063,0.012893031351268291,0.44706159830093384,0.2796999216079712,0.016904860734939575,0.0005149145144969225,0.6183058023452759,0.9679335355758667,0.0,0.8171424865722656,0.24243347346782684,0.000520762347150594,0.018352078273892403,0.0,0.0,0.3450081944465637,0.061076171696186066,0.00011935313523281366,1.2770895957946777,0.0,0.0
991,4.027878761291504,0.552019476890564,23.43090057373047,4.4070868492126465,0.5391415953636169,52.581642150878906,1.0460119247436523,1.0392036437988281,626.33,1.1491193771362305,0.01663571037352085,0.03989284485578537,9.873993873596191,0.0,0.0,0.3027547001838684,9.404832894688298e-07,0.003490056376904249,0.7366414666175842,0.0,0.0,1.1987937688827515,0.5905846953392029,0.01753634214401245,0.24770760536193848,0.01371388603001833,0.435123085975647,0.2844063937664032,0.01739821396768093,0.0005936179659329355,0.5906338095664978,0.9832101464271545,0.0,0.8023679852485657,0.22863581776618958,0.0005242451443336904,0.01882094144821167,0.0,0.0,0.3462190330028534,0.05284258350729942,8.522497955709696e-05,1.2883363962173462,0.0,0.0
992,5.9351677894592285,0.7042577862739563,38.1812858581543,4.131458759307861,0.455081969499588,54.2101936340332,1.1022123098373413,1.101394534111023,67.36,1.5204092264175415,0.0052879867143929005,0.0344618521630764,8.826672554016113,0.0,0.0,0.3188702464103699,1.051868821377866e-05,0.0028050418477505445,0.6805031299591064,0.0,0.0,1.2554435729980469,0.7054829597473145,0.01843993552029133,0.24636292457580566,0.01535006333142519,0.43645116686820984,0.279254287481308,0.013878453522920609,0.0007117441855370998,0.49764588475227356,0.9919255375862122,0.0,0.7734036445617676,0.22166214883327484,0.0004817670560441911,0.018742719665169716,0.0,0.0,0.34931445121765137,0.04007411375641823,0.000161503761773929,1.2674603462219238,0.0,0.0
993,2.8623340129852295,0.26022422313690186,30.61280632019043,3.6473982334136963,0.5157926678657532,49.80921173095703,1.1044597625732422,1.105599045753479,93.3,1.2561416625976562,0.06855101883411407,0.02938493713736534,3.743032932281494,0.0,0.0,0.33067306876182556,0.00010531762382015586,0.003984611015766859,0.8766708374023438,0.0,0.0,1.1510531902313232,0.608589768409729,0.01750551164150238,0.21476076543331146,0.012981410138309002,0.37597915530204773,0.2855996787548065,0.017576120793819427,0.0006178678595460951,0.5732702016830444,0.993625819683075,0.0,0.810209333896637,0.21434654295444489,0.000527599360793829,0.018289439380168915,0.0,0.0,0.34760573506355286,0.06876058131456375,8.835750486468896e-05,1.2773298025131226,0.0,0.0
994,1.818209171295166,0.10429827123880386,19.525028228759766,2.0222764015197754,0.5833703875541687,47.59490966796875,0.9173969030380249,0.9209749698638916,423.49,0.8971576690673828,0.1693744957447052,0.03327202796936035,2.307097911834717,0.0,0.0,0.380598247051239,0.00019845450879074633,0.004120547790080309,0.960917055606842,0.0,0.0,1.0363847017288208,0.6389312744140625,0.014532464556396008,0.14096340537071228,0.008281148970127106,0.2164016216993332,0.2897132933139801,0.021980470046401024,0.0003778367245104164,0.710581362247467,0.9868382811546326,0.0,0.8619984984397888,0.19585159420967102,0.0005870066815987229,0.018024491146206856,0.0,0.0,0.3459133207798004,0.0955507755279541,3.490833114483394e-05,1.2868163585662842,0.0,0.0
995,4.326799392700195,0.24862079322338104,16.12159538269043,4.423274993896484,0.57900470495224,55.33460235595703,0.9177418351173401,0.9219146966934204,493.2,1.086531400680542,0.09921710938215256,0.02379017509520054,4.910666465759277,0.0,0.0,0.3111553192138672,6.27278204774484e-05,0.0036126563791185617,0.8823274374008179,0.0,0.0,1.153035044670105,0.46000346541404724,0.016651801764965057,0.24542179703712463,0.012317663058638573,0.42293184995651245,0.2850079834461212,0.018775226548314095,0.0005113958613947034,0.6500236392021179,0.9755619168281555,0.0,0.8565770983695984,0.2249922901391983,0.0005554803647100925,0.019108165055513382,0.0,0.0,0.3444233238697052,0.06834475696086884,9.338542440673336e-05,1.2791695594787598,0.0,0.0
996,2.143153429031372,0.04604658856987953,26.309492111206055,9.135701179504395,0.42888274788856506,41.18356704711914,1.1444425582885742,1.1454042196273804,73.36,1.1782920360565186,0.10736970603466034,0.01261133886873722,3.3586487770080566,0.0,0.0,0.3724697530269623,0.0001839592441683635,0.00490408344194293,0.9986008405685425,0.0,0.0,1.2609902620315552,0.2969300150871277,0.02367391437292099,0.4577777683734894,0.02450765110552311,0.883945882320404,0.27129167318344116,0.009770948439836502,0.0010725465836003423,0.4010539650917053,0.9831805229187012,0.0,0.6787211894989014,0.34148547053337097,0.0004196081426925957,0.016116615384817123,0.0,0.0,0.34833458065986633,0.0430339053273201,0.0001648740581003949,1.2648292779922485,0.0,0.0
997,5.053112030029297,0.787270188331604,28.094879150390625,7.6690521240234375,0.47395059466362,41.77637481689453,1.1140896081924438,1.1181981563568115,329.8,1.1583070755004883,0.0075385370291769505,0.03959765285253525,18.635547637939453,0.0,0.0,0.3301142156124115,1.2088080438843463e-05,0.0031123969238251448,0.6412382125854492,0.0,0.0,1.258703351020813,0.345298171043396,0.021237151697278023,0.38269704580307007,0.020902559161186218,0.7289510369300842,0.27645018696784973,0.011929859407246113,0.0008901103283278644,0.455978661775589,0.9823671579360962,0.0,0.7234240174293518,0.31485459208488464,0.0004393685085233301,0.01811523549258709,0.0,0.0,0.3471834659576416,0.02688761241734028,0.00018382207781542093,1.2593214511871338,0.0,0.0
998,1.6947201490402222,0.7670280337333679,30.759159088134766,3.388258934020996,0.48150205612182617,50.67540740966797,1.0797972679138184,1.0824923515319824,230.57,1.0683637857437134,0.00430555734783411,0.07159660011529922,11.05435848236084,0.0,0.0,0.34628480672836304,4.359678860055283e-05,0.0034291697666049004,0.6544314622879028,0.0,0.0,1.1778074502944946,0.6398587226867676,0.017175765708088875,0.21143925189971924,0.013192246668040752,0.3669617474079132,0.2823823094367981,0.015628870576620102,0.0006197664770297706,0.5462880730628967,0.9907618761062622,0.0,0.789422869682312,0.21994546055793762,0.0005090805934742093,0.01879264973104,0.0,0.0,0.3490047752857208,0.04643986374139786,0.00010807382932398468,1.2799057960510254,0.0,0.0
999,2.805551290512085,0.08418038487434387,24.5646915435791,5.630050182342529,0.4852324426174164,52.777591705322266,1.0929899215698242,1.0959413051605225,246.39,1.2778648138046265,0.14158150553703308,0.014207705855369568,1.4265085458755493,0.0,0.0,0.36019524931907654,0.00016760878497734666,0.004617911763489246,0.9725760221481323,0.0,0.0,1.2167671918869019,0.5724319815635681,0.020243147388100624,0.3107849955558777,0.016994059085845947,0.5695440173149109,0.279423326253891,0.01501653902232647,0.0007598465890623629,0.5058784484863281,0.9866938591003418,0.0,0.7671400308609009,0.22369197010993958,0.0005015895585529506,0.016976598650217056,0.0,0.0,0.34759339690208435,0.08183803409337997,5.5791660997783765e-05,1.2894432544708252,0.0,0.0
