epoch,region,xs_idx,min,max,mean,std,frac_at_lower_clip,frac_at_upper_clip
1,CR,0,-0.04919,0.00391,-0.01812,0.01009,0.000,0.000
1,CR,1,-0.10130,0.00405,-0.03362,0.02086,0.000,0.000
1,CR,2,-0.00315,0.04402,0.02098,0.01064,0.000,0.000
1,CR,3,-0.01801,0.12617,0.03714,0.02901,0.000,0.000
1,CR,4,0.00000,0.00000,0.00000,0.00000,0.000,0.000
1,CR,5,0.00000,0.00000,0.00000,0.00000,0.000,0.000
1,CR,6,0.00000,0.00000,0.00000,0.00000,0.000,0.000
1,CR,7,0.00801,0.09803,0.03416,0.01777,0.000,0.000
1,CR,8,-0.15315,-0.00035,-0.04874,0.03069,0.000,0.000
1,CR,9,0.00000,0.00000,0.00000,0.00000,0.000,0.000
1,CR,10,0.00000,0.00000,0.00000,0.00000,0.000,0.000
1,CR,11,0.00000,0.00000,0.00000,0.00000,0.000,0.000
1,Core,0,-0.00799,0.05177,0.02198,0.01470,0.000,0.000
1,Core,1,-0.05136,-0.00908,-0.02449,0.00905,0.000,0.000
1,Core,2,0.00436,0.04583,0.01858,0.00857,0.000,0.000
1,Core,3,0.00660,0.03806,0.01877,0.00702,0.000,0.000
1,Core,4,-0.04618,-0.00210,-0.01702,0.00925,0.000,0.000
1,Core,5,-0.03882,-0.00635,-0.01897,0.00730,0.000,0.000
1,Core,6,0.00000,0.00000,0.00000,0.00000,0.000,0.000
1,Core,7,0.00287,0.03839,0.01869,0.00878,0.000,0.000
1,Core,8,-0.05106,-0.00129,-0.01821,0.01030,0.000,0.000
1,Core,9,0.00000,0.00000,0.00000,0.00000,0.000,0.000
1,Core,10,-0.03934,-0.00303,-0.01814,0.00747,0.000,0.000
1,Core,11,0.00000,0.00000,0.00000,0.00000,0.000,0.000
1,Moderator,0,0.00431,0.04272,0.02014,0.00878,0.000,0.000
1,Moderator,1,-0.04666,0.00120,-0.01826,0.01044,0.000,0.000
1,Moderator,2,0.00360,0.03819,0.01837,0.00774,0.000,0.000
1,Moderator,3,0.00698,0.04540,0.02183,0.00821,0.000,0.000
1,Moderator,4,0.00000,0.00000,0.00000,0.00000,0.000,0.000
1,Moderator,5,0.00000,0.00000,0.00000,0.00000,0.000,0.000
1,Moderator,6,0.00000,0.00000,0.00000,0.00000,0.000,0.000
1,Moderator,7,-0.09597,-0.00148,-0.03264,0.01880,0.000,0.000
1,Moderator,8,0.00212,0.16276,0.05156,0.03025,0.000,0.000
1,Moderator,9,0.00000,0.00000,0.00000,0.00000,0.000,0.000
1,Moderator,10,0.00000,0.00000,0.00000,0.00000,0.000,0.000
1,Moderator,11,0.00000,0.00000,0.00000,0.00000,0.000,0.000
2,CR,0,-0.05561,0.00719,-0.01617,0.01188,0.000,0.000
2,CR,1,-0.06581,0.02323,-0.01293,0.01656,0.000,0.000
2,CR,2,-0.01713,0.04706,0.01644,0.01069,0.000,0.000
2,CR,3,-0.07354,0.10373,0.01295,0.04156,0.000,0.000
2,CR,4,0.00000,0.00000,0.00000,0.00000,0.000,0.000
2,CR,5,0.00000,0.00000,0.00000,0.00000,0.000,0.000
2,CR,6,0.00000,0.00000,0.00000,0.00000,0.000,0.000
2,CR,7,-0.00370,0.06933,0.02227,0.01431,0.000,0.000
2,CR,8,-0.13076,0.04118,-0.03398,0.03705,0.000,0.000
2,CR,9,0.00000,0.00000,0.00000,0.00000,0.000,0.000
2,CR,10,0.00000,0.00000,0.00000,0.00000,0.000,0.000
2,CR,11,0.00000,0.00000,0.00000,0.00000,0.000,0.000
2,Core,0,-0.01427,0.05285,0.01429,0.01574,0.000,0.000
2,Core,1,-0.06907,-0.00215,-0.02758,0.01247,0.000,0.000
2,Core,2,-0.00150,0.03655,0.01103,0.00869,0.000,0.000
2,Core,3,-0.00270,0.02575,0.01248,0.00581,0.000,0.000
2,Core,4,-0.03747,0.00628,-0.00940,0.00920,0.000,0.000
2,Core,5,-0.02685,0.00267,-0.01275,0.00599,0.000,0.000
2,Core,6,0.00000,0.00000,0.00000,0.00000,0.000,0.000
2,Core,7,-0.00404,0.02649,0.01127,0.00671,0.000,0.000
2,Core,8,-0.04360,0.00957,-0.01064,0.01146,0.000,0.000
2,Core,9,0.00000,0.00000,0.00000,0.00000,0.000,0.000
2,Core,10,-0.03439,-0.00046,-0.01141,0.00622,0.000,0.000
2,Core,11,0.00000,0.00000,0.00000,0.00000,0.000,0.000
2,Moderator,0,-0.00595,0.05251,0.01927,0.01153,0.000,0.000
2,Moderator,1,-0.05935,0.01601,-0.01997,0.01428,0.000,0.000
2,Moderator,2,-0.00656,0.04696,0.01710,0.01040,0.000,0.000
2,Moderator,3,-0.00310,0.05206,0.02199,0.01114,0.000,0.000
2,Moderator,4,0.00000,0.00000,0.00000,0.00000,0.000,0.000
2,Moderator,5,0.00000,0.00000,0.00000,0.00000,0.000,0.000
2,Moderator,6,0.00000,0.00000,0.00000,0.00000,0.000,0.000
2,Moderator,7,-0.11093,0.00164,-0.03652,0.02003,0.000,0.000
2,Moderator,8,0.01043,0.19598,0.06347,0.03168,0.000,0.000
2,Moderator,9,0.00000,0.00000,0.00000,0.00000,0.000,0.000
2,Moderator,10,0.00000,0.00000,0.00000,0.00000,0.000,0.000
2,Moderator,11,0.00000,0.00000,0.00000,0.00000,0.000,0.000
3,CR,0,-0.09512,0.00401,-0.02756,0.01797,0.000,0.000
3,CR,1,-0.04126,0.03478,-0.00344,0.01583,0.000,0.000
3,CR,2,-0.00550,0.06022,0.02435,0.01155,0.000,0.000
3,CR,3,-0.05343,0.12226,0.02968,0.03932,0.000,0.000
3,CR,4,0.00000,0.00000,0.00000,0.00000,0.000,0.000
3,CR,5,0.00000,0.00000,0.00000,0.00000,0.000,0.000
3,CR,6,0.00000,0.00000,0.00000,0.00000,0.000,0.000
3,CR,7,-0.01104,0.06721,0.02167,0.01476,0.000,0.000
3,CR,8,-0.13778,0.02920,-0.04367,0.03598,0.000,0.000
3,CR,9,0.00000,0.00000,0.00000,0.00000,0.000,0.000
3,CR,10,0.00000,0.00000,0.00000,0.00000,0.000,0.000
3,CR,11,0.00000,0.00000,0.00000,0.00000,0.000,0.000
3,Core,0,-0.00875,0.05396,0.01688,0.01385,0.000,0.000
3,Core,1,-0.10144,0.00453,-0.03797,0.01879,0.000,0.000
3,Core,2,-0.00279,0.04777,0.01453,0.01056,0.000,0.000
3,Core,3,-0.00506,0.04442,0.01806,0.01005,0.000,0.000
3,Core,4,-0.04203,0.00725,-0.01226,0.00970,0.000,0.000
3,Core,5,-0.04548,0.00463,-0.01837,0.01014,0.000,0.000
3,Core,6,0.00000,0.00000,0.00000,0.00000,0.000,0.000
3,Core,7,-0.00769,0.04386,0.01624,0.01147,0.000,0.000
3,Core,8,-0.05555,0.00988,-0.01386,0.01225,0.000,0.000
3,Core,9,0.00000,0.00000,0.00000,0.00000,0.000,0.000
3,Core,10,-0.03879,-0.00572,-0.01622,0.00681,0.000,0.000
3,Core,11,0.00000,0.00000,0.00000,0.00000,0.000,0.000
3,Moderator,0,-0.01072,0.06167,0.02656,0.01392,0.000,0.000
3,Moderator,1,-0.06841,0.02563,-0.02783,0.01699,0.000,0.000
3,Moderator,2,-0.01041,0.05457,0.02425,0.01280,0.000,0.000
3,Moderator,3,-0.00491,0.07720,0.03026,0.01516,0.000,0.000
3,Moderator,4,0.00000,0.00000,0.00000,0.00000,0.000,0.000
3,Moderator,5,0.00000,0.00000,0.00000,0.00000,0.000,0.000
3,Moderator,6,0.00000,0.00000,0.00000,0.00000,0.000,0.000
3,Moderator,7,-0.14768,-0.00458,-0.04919,0.02506,0.000,0.000
3,Moderator,8,0.01441,0.26350,0.08765,0.04261,0.000,0.000
3,Moderator,9,0.00000,0.00000,0.00000,0.00000,0.000,0.000
3,Moderator,10,0.00000,0.00000,0.00000,0.00000,0.000,0.000
3,Moderator,11,0.00000,0.00000,0.00000,0.00000,0.000,0.000
4,CR,0,-0.09332,0.00273,-0.02913,0.01665,0.000,0.000
4,CR,1,-0.04063,0.06032,0.00087,0.01919,0.000,0.000
4,CR,2,-0.01064,0.04723,0.02302,0.01180,0.000,0.000
4,CR,3,-0.05981,0.12976,0.03597,0.03857,0.000,0.000
4,CR,4,0.00000,0.00000,0.00000,0.00000,0.000,0.000
4,CR,5,0.00000,0.00000,0.00000,0.00000,0.000,0.000
4,CR,6,0.00000,0.00000,0.00000,0.00000,0.000,0.000
4,CR,7,-0.00582,0.04742,0.01557,0.01189,0.000,0.000
4,CR,8,-0.12512,0.03961,-0.04483,0.03182,0.000,0.000
4,CR,9,0.00000,0.00000,0.00000,0.00000,0.000,0.000
4,CR,10,0.00000,0.00000,0.00000,0.00000,0.000,0.000
4,CR,11,0.00000,0.00000,0.00000,0.00000,0.000,0.000
4,Core,0,-0.02987,0.05238,0.01167,0.02038,0.000,0.000
4,Core,1,-0.10002,0.00488,-0.03991,0.01930,0.000,0.000
4,Core,2,-0.00361,0.02772,0.01167,0.00582,0.000,0.000
4,Core,3,0.00264,0.02364,0.01436,0.00404,0.000,0.000
4,Core,4,-0.02713,0.00844,-0.00997,0.00639,0.000,0.000
4,Core,5,-0.02432,-0.00323,-0.01465,0.00408,0.000,0.000
4,Core,6,0.00000,0.00000,0.00000,0.00000,0.000,0.000
4,Core,7,-0.00068,0.02611,0.01172,0.00536,0.000,0.000
4,Core,8,-0.03629,0.01062,-0.01242,0.00845,0.000,0.000
4,Core,9,0.00000,0.00000,0.00000,0.00000,0.000,0.000
4,Core,10,-0.02931,0.00040,-0.01296,0.00678,0.000,0.000
4,Core,11,0.00000,0.00000,0.00000,0.00000,0.000,0.000
4,Moderator,0,-0.01325,0.05716,0.02706,0.01401,0.000,0.000
4,Moderator,1,-0.07243,0.02633,-0.03059,0.01737,0.000,0.000
4,Moderator,2,-0.01375,0.05028,0.02456,0.01284,0.000,0.000
4,Moderator,3,-0.00704,0.07309,0.03107,0.01443,0.000,0.000
4,Moderator,4,0.00000,0.00000,0.00000,0.00000,0.000,0.000
4,Moderator,5,0.00000,0.00000,0.00000,0.00000,0.000,0.000
4,Moderator,6,0.00000,0.00000,0.00000,0.00000,0.000,0.000
4,Moderator,7,-0.13877,-0.00432,-0.05034,0.02254,0.000,0.000
4,Moderator,8,0.00150,0.26220,0.09332,0.04742,0.000,0.000
4,Moderator,9,0.00000,0.00000,0.00000,0.00000,0.000,0.000
4,Moderator,10,0.00000,0.00000,0.00000,0.00000,0.000,0.000
4,Moderator,11,0.00000,0.00000,0.00000,0.00000,0.000,0.000
5,CR,0,-0.12961,0.00295,-0.03340,0.02261,0.000,0.000
5,CR,1,-0.04942,0.05812,-0.00052,0.02003,0.000,0.000
5,CR,2,0.00291,0.07199,0.02600,0.01170,0.000,0.000
5,CR,3,-0.05812,0.14871,0.04369,0.03871,0.000,0.000
5,CR,4,0.00000,0.00000,0.00000,0.00000,0.000,0.000
5,CR,5,0.00000,0.00000,0.00000,0.00000,0.000,0.000
5,CR,6,0.00000,0.00000,0.00000,0.00000,0.000,0.000
5,CR,7,-0.00977,0.07305,0.02101,0.01625,0.000,0.000
5,CR,8,-0.13370,0.04200,-0.04858,0.03210,0.000,0.000
5,CR,9,0.00000,0.00000,0.00000,0.00000,0.000,0.000
5,CR,10,0.00000,0.00000,0.00000,0.00000,0.000,0.000
5,CR,11,0.00000,0.00000,0.00000,0.00000,0.000,0.000
5,Core,0,-0.01864,0.04737,0.01319,0.01623,0.000,0.000
5,Core,1,-0.13462,0.00082,-0.04433,0.02274,0.000,0.000
5,Core,2,-0.00926,0.03174,0.01156,0.00834,0.000,0.000
5,Core,3,-0.00051,0.04039,0.01702,0.00795,0.000,0.000
5,Core,4,-0.02324,0.01276,-0.00883,0.00652,0.000,0.000
5,Core,5,-0.04167,-0.00015,-0.01740,0.00800,0.000,0.000
5,Core,6,0.00000,0.00000,0.00000,0.00000,0.000,0.000
5,Core,7,-0.00431,0.04093,0.01415,0.00943,0.000,0.000
5,Core,8,-0.03997,0.01473,-0.01133,0.00894,0.000,0.000
5,Core,9,0.00000,0.00000,0.00000,0.00000,0.000,0.000
5,Core,10,-0.03084,0.00050,-0.01465,0.00573,0.000,0.000
5,Core,11,0.00000,0.00000,0.00000,0.00000,0.000,0.000
5,Moderator,0,-0.00636,0.08997,0.03078,0.01639,0.000,0.000
5,Moderator,1,-0.09934,0.03308,-0.03317,0.02206,0.000,0.000
5,Moderator,2,-0.00648,0.08081,0.02813,0.01502,0.000,0.000
5,Moderator,3,-0.00366,0.10806,0.03534,0.01840,0.000,0.000
5,Moderator,4,0.00000,0.00000,0.00000,0.00000,0.000,0.000
5,Moderator,5,0.00000,0.00000,0.00000,0.00000,0.000,0.000
5,Moderator,6,0.00000,0.00000,0.00000,0.00000,0.000,0.000
5,Moderator,7,-0.17711,-0.00957,-0.05692,0.02749,0.000,0.000
5,Moderator,8,0.00351,0.32447,0.10876,0.05781,0.000,0.000
5,Moderator,9,0.00000,0.00000,0.00000,0.00000,0.000,0.000
5,Moderator,10,0.00000,0.00000,0.00000,0.00000,0.000,0.000
5,Moderator,11,0.00000,0.00000,0.00000,0.00000,0.000,0.000
6,CR,0,-0.13211,0.00269,-0.03584,0.02228,0.000,0.000
6,CR,1,-0.03253,0.08322,0.00563,0.02083,0.000,0.000
6,CR,2,-0.00609,0.06872,0.02749,0.01271,0.000,0.000
6,CR,3,-0.05797,0.16525,0.04890,0.04102,0.000,0.000
6,CR,4,0.00000,0.00000,0.00000,0.00000,0.000,0.000
6,CR,5,0.00000,0.00000,0.00000,0.00000,0.000,0.000
6,CR,6,0.00000,0.00000,0.00000,0.00000,0.000,0.000
6,CR,7,-0.01190,0.06757,0.01653,0.01519,0.000,0.000
6,CR,8,-0.13368,0.04326,-0.04750,0.03232,0.000,0.000
6,CR,9,0.00000,0.00000,0.00000,0.00000,0.000,0.000
6,CR,10,0.00000,0.00000,0.00000,0.00000,0.000,0.000
6,CR,11,0.00000,0.00000,0.00000,0.00000,0.000,0.000
6,Core,0,-0.02026,0.04731,0.01254,0.01728,0.000,0.000
6,Core,1,-0.13687,0.00799,-0.04638,0.02437,0.000,0.000
6,Core,2,-0.00495,0.02621,0.01196,0.00691,0.000,0.000
6,Core,3,0.00306,0.03568,0.01705,0.00509,0.000,0.000
6,Core,4,-0.02015,0.00653,-0.00920,0.00611,0.000,0.000
6,Core,5,-0.03705,-0.00366,-0.01741,0.00521,0.000,0.000
6,Core,6,0.00000,0.00000,0.00000,0.00000,0.000,0.000
6,Core,7,0.00018,0.02919,0.01400,0.00579,0.000,0.000
6,Core,8,-0.03802,0.00790,-0.01221,0.00897,0.000,0.000
6,Core,9,0.00000,0.00000,0.00000,0.00000,0.000,0.000
6,Core,10,-0.02968,-0.00260,-0.01477,0.00602,0.000,0.000
6,Core,11,0.00000,0.00000,0.00000,0.00000,0.000,0.000
6,Moderator,0,-0.00859,0.08879,0.03238,0.01723,0.000,0.000
6,Moderator,1,-0.09741,0.03889,-0.03573,0.02303,0.000,0.000
6,Moderator,2,-0.00927,0.07960,0.02973,0.01592,0.000,0.000
6,Moderator,3,-0.00159,0.10827,0.03726,0.01879,0.000,0.000
6,Moderator,4,0.00000,0.00000,0.00000,0.00000,0.000,0.000
6,Moderator,5,0.00000,0.00000,0.00000,0.00000,0.000,0.000
6,Moderator,6,0.00000,0.00000,0.00000,0.00000,0.000,0.000
6,Moderator,7,-0.18089,-0.00475,-0.05961,0.02824,0.000,0.000
6,Moderator,8,0.00322,0.35390,0.11757,0.06424,0.000,0.000
6,Moderator,9,0.00000,0.00000,0.00000,0.00000,0.000,0.000
6,Moderator,10,0.00000,0.00000,0.00000,0.00000,0.000,0.000
6,Moderator,11,0.00000,0.00000,0.00000,0.00000,0.000,0.000
7,CR,0,-0.12089,0.00097,-0.03289,0.01973,0.000,0.000
7,CR,1,-0.04412,0.06892,0.00132,0.02031,0.000,0.000
7,CR,2,-0.00695,0.05729,0.02551,0.01159,0.000,0.000
7,CR,3,-0.06243,0.16949,0.04993,0.04131,0.000,0.000
7,CR,4,0.00000,0.00000,0.00000,0.00000,0.000,0.000
7,CR,5,0.00000,0.00000,0.00000,0.00000,0.000,0.000
7,CR,6,0.00000,0.00000,0.00000,0.00000,0.000,0.000
7,CR,7,-0.02067,0.08923,0.01790,0.02067,0.000,0.000
7,CR,8,-0.14296,0.04438,-0.04719,0.03469,0.000,0.000
7,CR,9,0.00000,0.00000,0.00000,0.00000,0.000,0.000
7,CR,10,0.00000,0.00000,0.00000,0.00000,0.000,0.000
7,CR,11,0.00000,0.00000,0.00000,0.00000,0.000,0.000
7,Core,0,-0.01622,0.04966,0.01407,0.01685,0.000,0.000
7,Core,1,-0.12533,0.00926,-0.04323,0.02292,0.000,0.000
7,Core,2,-0.00852,0.02777,0.01212,0.00770,0.000,0.000
7,Core,3,0.00644,0.03376,0.01685,0.00528,0.000,0.000
7,Core,4,-0.02005,0.00835,-0.00868,0.00658,0.000,0.000
7,Core,5,-0.03519,-0.00724,-0.01720,0.00535,0.000,0.000
7,Core,6,0.00000,0.00000,0.00000,0.00000,0.000,0.000
7,Core,7,0.00002,0.03448,0.01453,0.00659,0.000,0.000
7,Core,8,-0.03830,0.01295,-0.01182,0.00987,0.000,0.000
7,Core,9,0.00000,0.00000,0.00000,0.00000,0.000,0.000
7,Core,10,-0.02949,0.00267,-0.01446,0.00585,0.000,0.000
7,Core,11,0.00000,0.00000,0.00000,0.00000,0.000,0.000
7,Moderator,0,-0.01464,0.08049,0.03049,0.01798,0.000,0.000
7,Moderator,1,-0.10426,0.04955,-0.03403,0.02523,0.000,0.000
7,Moderator,2,-0.01325,0.07192,0.02791,0.01691,0.000,0.000
7,Moderator,3,-0.00437,0.10110,0.03555,0.01905,0.000,0.000
7,Moderator,4,0.00000,0.00000,0.00000,0.00000,0.000,0.000
7,Moderator,5,0.00000,0.00000,0.00000,0.00000,0.000,0.000
7,Moderator,6,0.00000,0.00000,0.00000,0.00000,0.000,0.000
7,Moderator,7,-0.17847,-0.00805,-0.05916,0.02729,0.000,0.000
7,Moderator,8,0.00838,0.37275,0.12272,0.06777,0.000,0.000
7,Moderator,9,0.00000,0.00000,0.00000,0.00000,0.000,0.000
7,Moderator,10,0.00000,0.00000,0.00000,0.00000,0.000,0.000
7,Moderator,11,0.00000,0.00000,0.00000,0.00000,0.000,0.000
8,CR,0,-0.11942,0.00540,-0.03133,0.02077,0.000,0.000
8,CR,1,-0.04223,0.07039,0.00130,0.02021,0.000,0.000
8,CR,2,-0.00662,0.05637,0.02511,0.01120,0.000,0.000
8,CR,3,-0.06723,0.17858,0.05154,0.04284,0.000,0.000
8,CR,4,0.00000,0.00000,0.00000,0.00000,0.000,0.000
8,CR,5,0.00000,0.00000,0.00000,0.00000,0.000,0.000
8,CR,6,0.00000,0.00000,0.00000,0.00000,0.000,0.000
8,CR,7,-0.02475,0.09184,0.01702,0.02203,0.000,0.000
8,CR,8,-0.14766,0.04871,-0.04692,0.03736,0.000,0.000
8,CR,9,0.00000,0.00000,0.00000,0.00000,0.000,0.000
8,CR,10,0.00000,0.00000,0.00000,0.00000,0.000,0.000
8,CR,11,0.00000,0.00000,0.00000,0.00000,0.000,0.000
8,Core,0,-0.01090,0.04923,0.01539,0.01453,0.000,0.000
8,Core,1,-0.12399,0.01346,-0.04225,0.02410,0.000,0.000
8,Core,2,-0.00976,0.03333,0.01231,0.01071,0.000,0.000
8,Core,3,0.00177,0.03668,0.01702,0.00614,0.000,0.000
8,Core,4,-0.02428,0.01660,-0.00841,0.00970,0.000,0.000
8,Core,5,-0.03797,-0.00243,-0.01736,0.00622,0.000,0.000
8,Core,6,0.00000,0.00000,0.00000,0.00000,0.000,0.000
8,Core,7,-0.00195,0.03642,0.01486,0.00823,0.000,0.000
8,Core,8,-0.04241,0.02264,-0.01146,0.01282,0.000,0.000
8,Core,9,0.00000,0.00000,0.00000,0.00000,0.000,0.000
8,Core,10,-0.02895,-0.00421,-0.01446,0.00505,0.000,0.000
8,Core,11,0.00000,0.00000,0.00000,0.00000,0.000,0.000
8,Moderator,0,-0.01536,0.08369,0.03037,0.01946,0.000,0.000
8,Moderator,1,-0.11715,0.05348,-0.03422,0.02847,0.000,0.000
8,Moderator,2,-0.01480,0.07570,0.02788,0.01854,0.000,0.000
8,Moderator,3,-0.00964,0.10509,0.03566,0.02071,0.000,0.000
8,Moderator,4,0.00000,0.00000,0.00000,0.00000,0.000,0.000
8,Moderator,5,0.00000,0.00000,0.00000,0.00000,0.000,0.000
8,Moderator,6,0.00000,0.00000,0.00000,0.00000,0.000,0.000
8,Moderator,7,-0.18091,-0.00592,-0.05971,0.02800,0.000,0.000
8,Moderator,8,0.00717,0.38411,0.12718,0.07190,0.000,0.000
8,Moderator,9,0.00000,0.00000,0.00000,0.00000,0.000,0.000
8,Moderator,10,0.00000,0.00000,0.00000,0.00000,0.000,0.000
8,Moderator,11,0.00000,0.00000,0.00000,0.00000,0.000,0.000
9,CR,0,-0.11563,0.00241,-0.03023,0.01937,0.000,0.000
9,CR,1,-0.04576,0.08840,0.00523,0.02142,0.000,0.000
9,CR,2,-0.01149,0.05168,0.02404,0.01282,0.000,0.000
9,CR,3,-0.06684,0.18387,0.05312,0.04391,0.000,0.000
9,CR,4,0.00000,0.00000,0.00000,0.00000,0.000,0.000
9,CR,5,0.00000,0.00000,0.00000,0.00000,0.000,0.000
9,CR,6,0.00000,0.00000,0.00000,0.00000,0.000,0.000
9,CR,7,-0.02014,0.07836,0.01499,0.01853,0.000,0.000
9,CR,8,-0.14344,0.05147,-0.04648,0.03639,0.000,0.000
9,CR,9,0.00000,0.00000,0.00000,0.00000,0.000,0.000
9,CR,10,0.00000,0.00000,0.00000,0.00000,0.000,0.000
9,CR,11,0.00000,0.00000,0.00000,0.00000,0.000,0.000
9,Core,0,-0.01543,0.05732,0.01598,0.01764,0.000,0.000
9,Core,1,-0.12013,0.01865,-0.04120,0.02441,0.000,0.000
9,Core,2,-0.00872,0.03293,0.01333,0.00956,0.000,0.000
9,Core,3,0.00477,0.03547,0.01636,0.00541,0.000,0.000
9,Core,4,-0.02919,0.00910,-0.00984,0.00858,0.000,0.000
9,Core,5,-0.03665,-0.00541,-0.01666,0.00547,0.000,0.000
9,Core,6,0.00000,0.00000,0.00000,0.00000,0.000,0.000
9,Core,7,0.00089,0.03493,0.01432,0.00713,0.000,0.000
9,Core,8,-0.04192,0.01333,-0.01330,0.01229,0.000,0.000
9,Core,9,0.00000,0.00000,0.00000,0.00000,0.000,0.000
9,Core,10,-0.03323,0.00112,-0.01439,0.00625,0.000,0.000
9,Core,11,0.00000,0.00000,0.00000,0.00000,0.000,0.000
9,Moderator,0,-0.01410,0.08366,0.03043,0.01969,0.000,0.000
9,Moderator,1,-0.11637,0.05193,-0.03558,0.02845,0.000,0.000
9,Moderator,2,-0.01594,0.07618,0.02806,0.01884,0.000,0.000
9,Moderator,3,-0.00710,0.10519,0.03565,0.02057,0.000,0.000
9,Moderator,4,0.00000,0.00000,0.00000,0.00000,0.000,0.000
9,Moderator,5,0.00000,0.00000,0.00000,0.00000,0.000,0.000
9,Moderator,6,0.00000,0.00000,0.00000,0.00000,0.000,0.000
9,Moderator,7,-0.17569,-0.00283,-0.05824,0.02794,0.000,0.000
9,Moderator,8,0.00693,0.38176,0.12587,0.07319,0.000,0.000
9,Moderator,9,0.00000,0.00000,0.00000,0.00000,0.000,0.000
9,Moderator,10,0.00000,0.00000,0.00000,0.00000,0.000,0.000
9,Moderator,11,0.00000,0.00000,0.00000,0.00000,0.000,0.000
10,CR,0,-0.11718,0.00659,-0.03017,0.02076,0.000,0.000
10,CR,1,-0.04757,0.09636,0.00634,0.02265,0.000,0.000
10,CR,2,-0.01159,0.05253,0.02463,0.01264,0.000,0.000
10,CR,3,-0.06788,0.19670,0.05728,0.04665,0.000,0.000
10,CR,4,0.00000,0.00000,0.00000,0.00000,0.000,0.000
10,CR,5,0.00000,0.00000,0.00000,0.00000,0.000,0.000
10,CR,6,0.00000,0.00000,0.00000,0.00000,0.000,0.000
10,CR,7,-0.01986,0.07400,0.01390,0.01758,0.000,0.000
10,CR,8,-0.15815,0.05436,-0.05032,0.03953,0.000,0.000
10,CR,9,0.00000,0.00000,0.00000,0.00000,0.000,0.000
10,CR,10,0.00000,0.00000,0.00000,0.00000,0.000,0.000
10,CR,11,0.00000,0.00000,0.00000,0.00000,0.000,0.000
10,Core,0,-0.01638,0.05883,0.01686,0.01819,0.000,0.000
10,Core,1,-0.11420,0.02204,-0.03996,0.02512,0.000,0.000
10,Core,2,-0.01266,0.03601,0.01394,0.01106,0.000,0.000
10,Core,3,0.00237,0.03583,0.01687,0.00600,0.000,0.000
10,Core,4,-0.03338,0.01312,-0.01008,0.01006,0.000,0.000
10,Core,5,-0.03669,-0.00313,-0.01711,0.00593,0.000,0.000
10,Core,6,0.00000,0.00000,0.00000,0.00000,0.000,0.000
10,Core,7,-0.00234,0.03962,0.01518,0.00833,0.000,0.000
10,Core,8,-0.04234,0.01424,-0.01384,0.01369,0.000,0.000
10,Core,9,0.00000,0.00000,0.00000,0.00000,0.000,0.000
10,Core,10,-0.03248,0.00224,-0.01477,0.00598,0.000,0.000
10,Core,11,0.00000,0.00000,0.00000,0.00000,0.000,0.000
10,Moderator,0,-0.01517,0.08336,0.02975,0.02053,0.000,0.000
10,Moderator,1,-0.12291,0.05371,-0.03442,0.03096,0.000,0.000
10,Moderator,2,-0.01857,0.07625,0.02743,0.01983,0.000,0.000
10,Moderator,3,-0.00979,0.10486,0.03511,0.02160,0.000,0.000
10,Moderator,4,0.00000,0.00000,0.00000,0.00000,0.000,0.000
10,Moderator,5,0.00000,0.00000,0.00000,0.00000,0.000,0.000
10,Moderator,6,0.00000,0.00000,0.00000,0.00000,0.000,0.000
10,Moderator,7,-0.17324,-0.00354,-0.05957,0.02780,0.000,0.000
10,Moderator,8,0.00698,0.38991,0.13382,0.07818,0.000,0.000
10,Moderator,9,0.00000,0.00000,0.00000,0.00000,0.000,0.000
10,Moderator,10,0.00000,0.00000,0.00000,0.00000,0.000,0.000
10,Moderator,11,0.00000,0.00000,0.00000,0.00000,0.000,0.000
11,CR,0,-0.11822,0.01025,-0.02897,0.02181,0.000,0.000
11,CR,1,-0.05024,0.09097,0.00407,0.02194,0.000,0.000
11,CR,2,-0.00691,0.05113,0.02384,0.01165,0.000,0.000
11,CR,3,-0.07244,0.19137,0.05611,0.04650,0.000,0.000
11,CR,4,0.00000,0.00000,0.00000,0.00000,0.000,0.000
11,CR,5,0.00000,0.00000,0.00000,0.00000,0.000,0.000
11,CR,6,0.00000,0.00000,0.00000,0.00000,0.000,0.000
11,CR,7,-0.01866,0.07230,0.01483,0.01721,0.000,0.000
11,CR,8,-0.17118,0.05832,-0.05211,0.04246,0.000,0.000
11,CR,9,0.00000,0.00000,0.00000,0.00000,0.000,0.000
11,CR,10,0.00000,0.00000,0.00000,0.00000,0.000,0.000
11,CR,11,0.00000,0.00000,0.00000,0.00000,0.000,0.000
11,Core,0,-0.02010,0.06254,0.01735,0.01888,0.000,0.000
11,Core,1,-0.11646,0.02262,-0.03956,0.02574,0.000,0.000
11,Core,2,-0.01231,0.03281,0.01283,0.01131,0.000,0.000
11,Core,3,0.00167,0.03390,0.01659,0.00605,0.000,0.000
11,Core,4,-0.02887,0.01569,-0.00857,0.00992,0.000,0.000
11,Core,5,-0.03344,-0.00256,-0.01683,0.00597,0.000,0.000
11,Core,6,0.00000,0.00000,0.00000,0.00000,0.000,0.000
11,Core,7,-0.00176,0.03742,0.01480,0.00799,0.000,0.000
11,Core,8,-0.04048,0.01952,-0.01206,0.01324,0.000,0.000
11,Core,9,0.00000,0.00000,0.00000,0.00000,0.000,0.000
11,Core,10,-0.03084,0.00130,-0.01410,0.00528,0.000,0.000
11,Core,11,0.00000,0.00000,0.00000,0.00000,0.000,0.000
11,Moderator,0,-0.02338,0.09124,0.02975,0.02289,0.000,0.000
11,Moderator,1,-0.13960,0.05976,-0.03397,0.03708,0.000,0.000
11,Moderator,2,-0.02712,0.08457,0.02752,0.02241,0.000,0.000
11,Moderator,3,-0.01722,0.11184,0.03515,0.02407,0.000,0.000
11,Moderator,4,0.00000,0.00000,0.00000,0.00000,0.000,0.000
11,Moderator,5,0.00000,0.00000,0.00000,0.00000,0.000,0.000
11,Moderator,6,0.00000,0.00000,0.00000,0.00000,0.000,0.000
11,Moderator,7,-0.16382,-0.00273,-0.05876,0.02795,0.000,0.000
11,Moderator,8,-0.00969,0.36394,0.13413,0.08351,0.000,0.000
11,Moderator,9,0.00000,0.00000,0.00000,0.00000,0.000,0.000
11,Moderator,10,0.00000,0.00000,0.00000,0.00000,0.000,0.000
11,Moderator,11,0.00000,0.00000,0.00000,0.00000,0.000,0.000
12,CR,0,-0.11273,0.00366,-0.02830,0.01920,0.000,0.000
12,CR,1,-0.04998,0.07785,0.00188,0.02106,0.000,0.000
12,CR,2,-0.00935,0.05340,0.02395,0.01281,0.000,0.000
12,CR,3,-0.08532,0.15836,0.04609,0.04217,0.000,0.000
12,CR,4,0.00000,0.00000,0.00000,0.00000,0.000,0.000
12,CR,5,0.00000,0.00000,0.00000,0.00000,0.000,0.000
12,CR,6,0.00000,0.00000,0.00000,0.00000,0.000,0.000
12,CR,7,-0.02374,0.08249,0.01642,0.01959,0.000,0.000
12,CR,8,-0.15848,0.07029,-0.04580,0.04189,0.000,0.000
12,CR,9,0.00000,0.00000,0.00000,0.00000,0.000,0.000
12,CR,10,0.00000,0.00000,0.00000,0.00000,0.000,0.000
12,CR,11,0.00000,0.00000,0.00000,0.00000,0.000,0.000
12,Core,0,-0.01866,0.06719,0.01899,0.02009,0.000,0.000
12,Core,1,-0.11131,0.02344,-0.03883,0.02474,0.000,0.000
12,Core,2,-0.01366,0.03589,0.01401,0.01111,0.000,0.000
12,Core,3,0.00592,0.03541,0.01780,0.00572,0.000,0.000
12,Core,4,-0.03148,0.01354,-0.00964,0.00970,0.000,0.000
12,Core,5,-0.03603,-0.00667,-0.01803,0.00571,0.000,0.000
12,Core,6,0.00000,0.00000,0.00000,0.00000,0.000,0.000
12,Core,7,-0.00018,0.03427,0.01624,0.00738,0.000,0.000
12,Core,8,-0.04172,0.01524,-0.01300,0.01317,0.000,0.000
12,Core,9,0.00000,0.00000,0.00000,0.00000,0.000,0.000
12,Core,10,-0.03647,0.00183,-0.01530,0.00674,0.000,0.000
12,Core,11,0.00000,0.00000,0.00000,0.00000,0.000,0.000
12,Moderator,0,-0.02496,0.09722,0.03068,0.02356,0.000,0.000
12,Moderator,1,-0.14254,0.06325,-0.03455,0.03909,0.000,0.000
12,Moderator,2,-0.02887,0.09141,0.02863,0.02322,0.000,0.000
12,Moderator,3,-0.01879,0.11695,0.03592,0.02448,0.000,0.000
12,Moderator,4,0.00000,0.00000,0.00000,0.00000,0.000,0.000
12,Moderator,5,0.00000,0.00000,0.00000,0.00000,0.000,0.000
12,Moderator,6,0.00000,0.00000,0.00000,0.00000,0.000,0.000
12,Moderator,7,-0.15890,-0.00280,-0.05860,0.02817,0.000,0.000
12,Moderator,8,-0.01983,0.36218,0.13352,0.08639,0.000,0.000
12,Moderator,9,0.00000,0.00000,0.00000,0.00000,0.000,0.000
12,Moderator,10,0.00000,0.00000,0.00000,0.00000,0.000,0.000
12,Moderator,11,0.00000,0.00000,0.00000,0.00000,0.000,0.000
13,CR,0,-0.10252,0.00540,-0.02532,0.01749,0.000,0.000
13,CR,1,-0.04736,0.07235,0.00258,0.02113,0.000,0.000
13,CR,2,-0.00799,0.05068,0.02118,0.01172,0.000,0.000
13,CR,3,-0.09277,0.14381,0.04046,0.04078,0.000,0.000
13,CR,4,0.00000,0.00000,0.00000,0.00000,0.000,0.000
13,CR,5,0.00000,0.00000,0.00000,0.00000,0.000,0.000
13,CR,6,0.00000,0.00000,0.00000,0.00000,0.000,0.000
13,CR,7,-0.03029,0.08935,0.01580,0.02207,0.000,0.000
13,CR,8,-0.16051,0.07830,-0.03999,0.04241,0.000,0.000
13,CR,9,0.00000,0.00000,0.00000,0.00000,0.000,0.000
13,CR,10,0.00000,0.00000,0.00000,0.00000,0.000,0.000
13,CR,11,0.00000,0.00000,0.00000,0.00000,0.000,0.000
13,Core,0,-0.01486,0.05942,0.01669,0.01757,0.000,0.000
13,Core,1,-0.09444,0.02645,-0.03407,0.02374,0.000,0.000
13,Core,2,-0.01340,0.03240,0.01173,0.01061,0.000,0.000
13,Core,3,0.00332,0.03335,0.01597,0.00571,0.000,0.000
13,Core,4,-0.02815,0.01692,-0.00732,0.00964,0.000,0.000
13,Core,5,-0.03383,-0.00416,-0.01616,0.00564,0.000,0.000
13,Core,6,0.00000,0.00000,0.00000,0.00000,0.000,0.000
13,Core,7,-0.00104,0.03584,0.01479,0.00763,0.000,0.000
13,Core,8,-0.03747,0.01930,-0.01062,0.01281,0.000,0.000
13,Core,9,0.00000,0.00000,0.00000,0.00000,0.000,0.000
13,Core,10,-0.02979,0.00295,-0.01333,0.00523,0.000,0.000
13,Core,11,0.00000,0.00000,0.00000,0.00000,0.000,0.000
13,Moderator,0,-0.03184,0.09254,0.02814,0.02459,0.000,0.000
13,Moderator,1,-0.14629,0.07041,-0.03196,0.04123,0.000,0.000
13,Moderator,2,-0.03591,0.08757,0.02626,0.02447,0.000,0.000
13,Moderator,3,-0.02577,0.11103,0.03312,0.02514,0.000,0.000
13,Moderator,4,0.00000,0.00000,0.00000,0.00000,0.000,0.000
13,Moderator,5,0.00000,0.00000,0.00000,0.00000,0.000,0.000
13,Moderator,6,0.00000,0.00000,0.00000,0.00000,0.000,0.000
13,Moderator,7,-0.14566,-0.00089,-0.05489,0.02636,0.000,0.000
13,Moderator,8,-0.02717,0.35357,0.12944,0.08632,0.000,0.000
13,Moderator,9,0.00000,0.00000,0.00000,0.00000,0.000,0.000
13,Moderator,10,0.00000,0.00000,0.00000,0.00000,0.000,0.000
13,Moderator,11,0.00000,0.00000,0.00000,0.00000,0.000,0.000
14,CR,0,-0.10139,0.00520,-0.02545,0.01751,0.000,0.000
14,CR,1,-0.04989,0.07691,0.00265,0.02152,0.000,0.000
14,CR,2,-0.00696,0.05197,0.02138,0.01247,0.000,0.000
14,CR,3,-0.09319,0.16128,0.04566,0.04299,0.000,0.000
14,CR,4,0.00000,0.00000,0.00000,0.00000,0.000,0.000
14,CR,5,0.00000,0.00000,0.00000,0.00000,0.000,0.000
14,CR,6,0.00000,0.00000,0.00000,0.00000,0.000,0.000
14,CR,7,-0.02970,0.09117,0.01689,0.02164,0.000,0.000
14,CR,8,-0.16864,0.07989,-0.04472,0.04432,0.000,0.000
14,CR,9,0.00000,0.00000,0.00000,0.00000,0.000,0.000
14,CR,10,0.00000,0.00000,0.00000,0.00000,0.000,0.000
14,CR,11,0.00000,0.00000,0.00000,0.00000,0.000,0.000
14,Core,0,-0.01714,0.06454,0.01700,0.01880,0.000,0.000
14,Core,1,-0.09187,0.02784,-0.03315,0.02396,0.000,0.000
14,Core,2,-0.01569,0.03296,0.01173,0.01099,0.000,0.000
14,Core,3,0.00295,0.03344,0.01580,0.00575,0.000,0.000
14,Core,4,-0.02879,0.01725,-0.00736,0.00975,0.000,0.000
14,Core,5,-0.03296,-0.00384,-0.01595,0.00563,0.000,0.000
14,Core,6,0.00000,0.00000,0.00000,0.00000,0.000,0.000
14,Core,7,-0.00367,0.03829,0.01477,0.00814,0.000,0.000
14,Core,8,-0.03816,0.01884,-0.01074,0.01288,0.000,0.000
14,Core,9,0.00000,0.00000,0.00000,0.00000,0.000,0.000
14,Core,10,-0.02830,0.00553,-0.01318,0.00566,0.000,0.000
14,Core,11,0.00000,0.00000,0.00000,0.00000,0.000,0.000
14,Moderator,0,-0.03248,0.09259,0.02895,0.02513,0.000,0.000
14,Moderator,1,-0.15363,0.07399,-0.03395,0.04278,0.000,0.000
14,Moderator,2,-0.03676,0.08813,0.02716,0.02497,0.000,0.000
14,Moderator,3,-0.02623,0.11061,0.03385,0.02539,0.000,0.000
14,Moderator,4,0.00000,0.00000,0.00000,0.00000,0.000,0.000
14,Moderator,5,0.00000,0.00000,0.00000,0.00000,0.000,0.000
14,Moderator,6,0.00000,0.00000,0.00000,0.00000,0.000,0.000
14,Moderator,7,-0.13729,0.00026,-0.05420,0.02729,0.000,0.000
14,Moderator,8,-0.03480,0.35502,0.12823,0.08913,0.000,0.000
14,Moderator,9,0.00000,0.00000,0.00000,0.00000,0.000,0.000
14,Moderator,10,0.00000,0.00000,0.00000,0.00000,0.000,0.000
14,Moderator,11,0.00000,0.00000,0.00000,0.00000,0.000,0.000
15,CR,0,-0.10658,0.00143,-0.02732,0.01805,0.000,0.000
15,CR,1,-0.05562,0.08702,0.00278,0.02162,0.000,0.000
15,CR,2,-0.00657,0.05580,0.02380,0.01279,0.000,0.000
15,CR,3,-0.09280,0.17729,0.04939,0.04429,0.000,0.000
15,CR,4,0.00000,0.00000,0.00000,0.00000,0.000,0.000
15,CR,5,0.00000,0.00000,0.00000,0.00000,0.000,0.000
15,CR,6,0.00000,0.00000,0.00000,0.00000,0.000,0.000
15,CR,7,-0.02293,0.08112,0.01782,0.01850,0.000,0.000
15,CR,8,-0.15752,0.07330,-0.04637,0.04207,0.000,0.000
15,CR,9,0.00000,0.00000,0.00000,0.00000,0.000,0.000
15,CR,10,0.00000,0.00000,0.00000,0.00000,0.000,0.000
15,CR,11,0.00000,0.00000,0.00000,0.00000,0.000,0.000
15,Core,0,-0.01796,0.06993,0.01990,0.02029,0.000,0.000
15,Core,1,-0.09509,0.02765,-0.03412,0.02469,0.000,0.000
15,Core,2,-0.01318,0.03726,0.01446,0.01101,0.000,0.000
15,Core,3,0.00737,0.03506,0.01827,0.00526,0.000,0.000
15,Core,4,-0.03163,0.01222,-0.00977,0.00928,0.000,0.000
15,Core,5,-0.03503,-0.00827,-0.01835,0.00518,0.000,0.000
15,Core,6,0.00000,0.00000,0.00000,0.00000,0.000,0.000
15,Core,7,0.00007,0.03696,0.01764,0.00774,0.000,0.000
15,Core,8,-0.04101,0.01349,-0.01337,0.01265,0.000,0.000
15,Core,9,0.00000,0.00000,0.00000,0.00000,0.000,0.000
15,Core,10,-0.03394,0.00223,-0.01559,0.00650,0.000,0.000
15,Core,11,0.00000,0.00000,0.00000,0.00000,0.000,0.000
15,Moderator,0,-0.03166,0.09958,0.03125,0.02584,0.000,0.000
15,Moderator,1,-0.16163,0.07330,-0.03701,0.04448,0.000,0.000
15,Moderator,2,-0.03604,0.09555,0.02954,0.02570,0.000,0.000
15,Moderator,3,-0.02501,0.11741,0.03616,0.02604,0.000,0.000
15,Moderator,4,0.00000,0.00000,0.00000,0.00000,0.000,0.000
15,Moderator,5,0.00000,0.00000,0.00000,0.00000,0.000,0.000
15,Moderator,6,0.00000,0.00000,0.00000,0.00000,0.000,0.000
15,Moderator,7,-0.13894,0.00035,-0.05610,0.02835,0.000,0.000
15,Moderator,8,-0.04164,0.36403,0.13133,0.09239,0.000,0.000
15,Moderator,9,0.00000,0.00000,0.00000,0.00000,0.000,0.000
15,Moderator,10,0.00000,0.00000,0.00000,0.00000,0.000,0.000
15,Moderator,11,0.00000,0.00000,0.00000,0.00000,0.000,0.000
16,CR,0,-0.10691,0.00684,-0.02554,0.01863,0.000,0.000
16,CR,1,-0.05533,0.08823,0.00319,0.02153,0.000,0.000
16,CR,2,-0.00418,0.05171,0.02247,0.01176,0.000,0.000
16,CR,3,-0.09245,0.16725,0.04514,0.04103,0.000,0.000
16,CR,4,0.00000,0.00000,0.00000,0.00000,0.000,0.000
16,CR,5,0.00000,0.00000,0.00000,0.00000,0.000,0.000
16,CR,6,0.00000,0.00000,0.00000,0.00000,0.000,0.000
16,CR,7,-0.02571,0.07646,0.01633,0.01793,0.000,0.000
16,CR,8,-0.15551,0.07736,-0.03958,0.04151,0.000,0.000
16,CR,9,0.00000,0.00000,0.00000,0.00000,0.000,0.000
16,CR,10,0.00000,0.00000,0.00000,0.00000,0.000,0.000
16,CR,11,0.00000,0.00000,0.00000,0.00000,0.000,0.000
16,Core,0,-0.01536,0.06808,0.01925,0.01952,0.000,0.000
16,Core,1,-0.09163,0.02769,-0.03192,0.02389,0.000,0.000
16,Core,2,-0.01516,0.03394,0.01314,0.01138,0.000,0.000
16,Core,3,0.00422,0.03833,0.01743,0.00616,0.000,0.000
16,Core,4,-0.02752,0.01443,-0.00843,0.00933,0.000,0.000
16,Core,5,-0.03811,-0.00518,-0.01748,0.00596,0.000,0.000
16,Core,6,0.00000,0.00000,0.00000,0.00000,0.000,0.000
16,Core,7,-0.00068,0.03737,0.01686,0.00838,0.000,0.000
16,Core,8,-0.03756,0.01633,-0.01183,0.01241,0.000,0.000
16,Core,9,0.00000,0.00000,0.00000,0.00000,0.000,0.000
16,Core,10,-0.03294,0.00259,-0.01458,0.00602,0.000,0.000
16,Core,11,0.00000,0.00000,0.00000,0.00000,0.000,0.000
16,Moderator,0,-0.03900,0.10344,0.03036,0.02744,0.000,0.000
16,Moderator,1,-0.16734,0.07656,-0.03625,0.04633,0.000,0.000
16,Moderator,2,-0.04332,0.10004,0.02877,0.02744,0.000,0.000
16,Moderator,3,-0.03224,0.12064,0.03512,0.02755,0.000,0.000
16,Moderator,4,0.00000,0.00000,0.00000,0.00000,0.000,0.000
16,Moderator,5,0.00000,0.00000,0.00000,0.00000,0.000,0.000
16,Moderator,6,0.00000,0.00000,0.00000,0.00000,0.000,0.000
16,Moderator,7,-0.13607,0.00047,-0.05414,0.02725,0.000,0.000
16,Moderator,8,-0.04547,0.36089,0.12768,0.09203,0.000,0.000
16,Moderator,9,0.00000,0.00000,0.00000,0.00000,0.000,0.000
16,Moderator,10,0.00000,0.00000,0.00000,0.00000,0.000,0.000
16,Moderator,11,0.00000,0.00000,0.00000,0.00000,0.000,0.000
17,CR,0,-0.10214,0.00538,-0.02451,0.01768,0.000,0.000
17,CR,1,-0.05500,0.08437,0.00211,0.02106,0.000,0.000
17,CR,2,0.00005,0.05310,0.02155,0.01141,0.000,0.000
17,CR,3,-0.08733,0.17067,0.04643,0.04083,0.000,0.000
17,CR,4,0.00000,0.00000,0.00000,0.00000,0.000,0.000
17,CR,5,0.00000,0.00000,0.00000,0.00000,0.000,0.000
17,CR,6,0.00000,0.00000,0.00000,0.00000,0.000,0.000
17,CR,7,-0.02651,0.07873,0.01667,0.01841,0.000,0.000
17,CR,8,-0.16294,0.07824,-0.03832,0.04314,0.000,0.000
17,CR,9,0.00000,0.00000,0.00000,0.00000,0.000,0.000
17,CR,10,0.00000,0.00000,0.00000,0.00000,0.000,0.000
17,CR,11,0.00000,0.00000,0.00000,0.00000,0.000,0.000
17,Core,0,-0.01769,0.06650,0.01865,0.01986,0.000,0.000
17,Core,1,-0.09174,0.02788,-0.03077,0.02393,0.000,0.000
17,Core,2,-0.01638,0.03194,0.01225,0.01018,0.000,0.000
17,Core,3,0.00536,0.03408,0.01664,0.00539,0.000,0.000
17,Core,4,-0.02517,0.01339,-0.00752,0.00824,0.000,0.000
17,Core,5,-0.03386,-0.00598,-0.01669,0.00525,0.000,0.000
17,Core,6,0.00000,0.00000,0.00000,0.00000,0.000,0.000
17,Core,7,0.00076,0.03460,0.01613,0.00733,0.000,0.000
17,Core,8,-0.03456,0.01728,-0.01097,0.01140,0.000,0.000
17,Core,9,0.00000,0.00000,0.00000,0.00000,0.000,0.000
17,Core,10,-0.03039,0.00323,-0.01375,0.00553,0.000,0.000
17,Core,11,0.00000,0.00000,0.00000,0.00000,0.000,0.000
17,Moderator,0,-0.04310,0.10049,0.02963,0.02777,0.000,0.000
17,Moderator,1,-0.17191,0.07822,-0.03563,0.04750,0.000,0.000
17,Moderator,2,-0.04747,0.09743,0.02809,0.02791,0.000,0.000
17,Moderator,3,-0.03611,0.11722,0.03438,0.02775,0.000,0.000
17,Moderator,4,0.00000,0.00000,0.00000,0.00000,0.000,0.000
17,Moderator,5,0.00000,0.00000,0.00000,0.00000,0.000,0.000
17,Moderator,6,0.00000,0.00000,0.00000,0.00000,0.000,0.000
17,Moderator,7,-0.12721,-0.00031,-0.05304,0.02706,0.000,0.000
17,Moderator,8,-0.04979,0.35629,0.12702,0.09286,0.000,0.000
17,Moderator,9,0.00000,0.00000,0.00000,0.00000,0.000,0.000
17,Moderator,10,0.00000,0.00000,0.00000,0.00000,0.000,0.000
17,Moderator,11,0.00000,0.00000,0.00000,0.00000,0.000,0.000
18,CR,0,-0.10370,0.00591,-0.02493,0.01793,0.000,0.000
18,CR,1,-0.05669,0.09343,0.00379,0.02239,0.000,0.000
18,CR,2,-0.00280,0.05516,0.02225,0.01218,0.000,0.000
18,CR,3,-0.08770,0.17518,0.04675,0.04145,0.000,0.000
18,CR,4,0.00000,0.00000,0.00000,0.00000,0.000,0.000
18,CR,5,0.00000,0.00000,0.00000,0.00000,0.000,0.000
18,CR,6,0.00000,0.00000,0.00000,0.00000,0.000,0.000
18,CR,7,-0.02810,0.07703,0.01652,0.01835,0.000,0.000
18,CR,8,-0.15904,0.07924,-0.03686,0.04293,0.000,0.000
18,CR,9,0.00000,0.00000,0.00000,0.00000,0.000,0.000
18,CR,10,0.00000,0.00000,0.00000,0.00000,0.000,0.000
18,CR,11,0.00000,0.00000,0.00000,0.00000,0.000,0.000
18,Core,0,-0.01627,0.06855,0.01933,0.02061,0.000,0.000
18,Core,1,-0.09366,0.02967,-0.03146,0.02506,0.000,0.000
18,Core,2,-0.01633,0.03683,0.01288,0.01125,0.000,0.000
18,Core,3,0.00554,0.03534,0.01701,0.00541,0.000,0.000
18,Core,4,-0.02993,0.01404,-0.00825,0.00937,0.000,0.000
18,Core,5,-0.03509,-0.00650,-0.01705,0.00526,0.000,0.000
18,Core,6,0.00000,0.00000,0.00000,0.00000,0.000,0.000
18,Core,7,-0.00169,0.03315,0.01636,0.00770,0.000,0.000
18,Core,8,-0.03932,0.01507,-0.01171,0.01250,0.000,0.000
18,Core,9,0.00000,0.00000,0.00000,0.00000,0.000,0.000
18,Core,10,-0.03316,0.00235,-0.01422,0.00666,0.000,0.000
18,Core,11,0.00000,0.00000,0.00000,0.00000,0.000,0.000
18,Moderator,0,-0.04052,0.10515,0.03085,0.02796,0.000,0.000
18,Moderator,1,-0.17414,0.07909,-0.03738,0.04821,0.000,0.000
18,Moderator,2,-0.04507,0.10253,0.02937,0.02810,0.000,0.000
18,Moderator,3,-0.03345,0.12196,0.03563,0.02787,0.000,0.000
18,Moderator,4,0.00000,0.00000,0.00000,0.00000,0.000,0.000
18,Moderator,5,0.00000,0.00000,0.00000,0.00000,0.000,0.000
18,Moderator,6,0.00000,0.00000,0.00000,0.00000,0.000,0.000
18,Moderator,7,-0.12769,0.00118,-0.05355,0.02831,0.000,0.000
18,Moderator,8,-0.05608,0.36322,0.12694,0.09602,0.000,0.000
18,Moderator,9,0.00000,0.00000,0.00000,0.00000,0.000,0.000
18,Moderator,10,0.00000,0.00000,0.00000,0.00000,0.000,0.000
18,Moderator,11,0.00000,0.00000,0.00000,0.00000,0.000,0.000
19,CR,0,-0.10732,0.00300,-0.02602,0.01818,0.000,0.000
19,CR,1,-0.05999,0.09650,0.00351,0.02331,0.000,0.000
19,CR,2,-0.00015,0.05744,0.02334,0.01241,0.000,0.000
19,CR,3,-0.08399,0.18442,0.04950,0.04247,0.000,0.000
19,CR,4,0.00000,0.00000,0.00000,0.00000,0.000,0.000
19,CR,5,0.00000,0.00000,0.00000,0.00000,0.000,0.000
19,CR,6,0.00000,0.00000,0.00000,0.00000,0.000,0.000
19,CR,7,-0.02438,0.07929,0.01845,0.01835,0.000,0.000
19,CR,8,-0.15939,0.07610,-0.03899,0.04285,0.000,0.000
19,CR,9,0.00000,0.00000,0.00000,0.00000,0.000,0.000
19,CR,10,0.00000,0.00000,0.00000,0.00000,0.000,0.000
19,CR,11,0.00000,0.00000,0.00000,0.00000,0.000,0.000
19,Core,0,-0.01499,0.07165,0.02086,0.02046,0.000,0.000
19,Core,1,-0.09516,0.02926,-0.03234,0.02565,0.000,0.000
19,Core,2,-0.01423,0.03510,0.01415,0.01093,0.000,0.000
19,Core,3,0.00655,0.03951,0.01857,0.00616,0.000,0.000
19,Core,4,-0.02861,0.01188,-0.00925,0.00896,0.000,0.000
19,Core,5,-0.03913,-0.00716,-0.01859,0.00603,0.000,0.000
19,Core,6,0.00000,0.00000,0.00000,0.00000,0.000,0.000
19,Core,7,-0.00153,0.03745,0.01807,0.00796,0.000,0.000
19,Core,8,-0.03838,0.01450,-0.01274,0.01211,0.000,0.000
19,Core,9,0.00000,0.00000,0.00000,0.00000,0.000,0.000
19,Core,10,-0.03601,0.00303,-0.01560,0.00646,0.000,0.000
19,Core,11,0.00000,0.00000,0.00000,0.00000,0.000,0.000
19,Moderator,0,-0.04224,0.11123,0.03251,0.02899,0.000,0.000
19,Moderator,1,-0.18250,0.08250,-0.03957,0.05079,0.000,0.000
19,Moderator,2,-0.04693,0.10892,0.03104,0.02922,0.000,0.000
19,Moderator,3,-0.03493,0.12783,0.03733,0.02878,0.000,0.000
19,Moderator,4,0.00000,0.00000,0.00000,0.00000,0.000,0.000
19,Moderator,5,0.00000,0.00000,0.00000,0.00000,0.000,0.000
19,Moderator,6,0.00000,0.00000,0.00000,0.00000,0.000,0.000
19,Moderator,7,-0.12849,0.00173,-0.05470,0.02994,0.000,0.000
19,Moderator,8,-0.06234,0.37422,0.12915,0.10080,0.000,0.000
19,Moderator,9,0.00000,0.00000,0.00000,0.00000,0.000,0.000
19,Moderator,10,0.00000,0.00000,0.00000,0.00000,0.000,0.000
19,Moderator,11,0.00000,0.00000,0.00000,0.00000,0.000,0.000
20,CR,0,-0.09951,0.00851,-0.02462,0.01811,0.000,0.000
20,CR,1,-0.05903,0.10146,0.00519,0.02386,0.000,0.000
20,CR,2,-0.00154,0.05567,0.02190,0.01242,0.000,0.000
20,CR,3,-0.08213,0.18879,0.05067,0.04399,0.000,0.000
20,CR,4,0.00000,0.00000,0.00000,0.00000,0.000,0.000
20,CR,5,0.00000,0.00000,0.00000,0.00000,0.000,0.000
20,CR,6,0.00000,0.00000,0.00000,0.00000,0.000,0.000
20,CR,7,-0.03033,0.07459,0.01549,0.01840,0.000,0.000
20,CR,8,-0.16494,0.08066,-0.03923,0.04484,0.000,0.000
20,CR,9,0.00000,0.00000,0.00000,0.00000,0.000,0.000
20,CR,10,0.00000,0.00000,0.00000,0.00000,0.000,0.000
20,CR,11,0.00000,0.00000,0.00000,0.00000,0.000,0.000
20,Core,0,-0.01732,0.06825,0.01835,0.02036,0.000,0.000
20,Core,1,-0.09669,0.03403,-0.03012,0.02727,0.000,0.000
20,Core,2,-0.01737,0.03626,0.01223,0.01149,0.000,0.000
20,Core,3,0.00491,0.03024,0.01641,0.00508,0.000,0.000
20,Core,4,-0.03009,0.01736,-0.00760,0.01014,0.000,0.000
20,Core,5,-0.02969,-0.00591,-0.01641,0.00487,0.000,0.000
20,Core,6,0.00000,0.00000,0.00000,0.00000,0.000,0.000
20,Core,7,-0.00458,0.03392,0.01580,0.00766,0.000,0.000
20,Core,8,-0.03973,0.01744,-0.01115,0.01276,0.000,0.000
20,Core,9,0.00000,0.00000,0.00000,0.00000,0.000,0.000
20,Core,10,-0.03014,0.00343,-0.01356,0.00622,0.000,0.000
20,Core,11,0.00000,0.00000,0.00000,0.00000,0.000,0.000
20,Moderator,0,-0.04228,0.10404,0.03114,0.02913,0.000,0.000
20,Moderator,1,-0.18172,0.08755,-0.03884,0.05191,0.000,0.000
20,Moderator,2,-0.04723,0.10195,0.02975,0.02937,0.000,0.000
20,Moderator,3,-0.03518,0.12001,0.03589,0.02866,0.000,0.000
20,Moderator,4,0.00000,0.00000,0.00000,0.00000,0.000,0.000
20,Moderator,5,0.00000,0.00000,0.00000,0.00000,0.000,0.000
20,Moderator,6,0.00000,0.00000,0.00000,0.00000,0.000,0.000
20,Moderator,7,-0.12249,0.00399,-0.05246,0.03042,0.000,0.000
20,Moderator,8,-0.07284,0.37062,0.12646,0.10420,0.000,0.000
20,Moderator,9,0.00000,0.00000,0.00000,0.00000,0.000,0.000
20,Moderator,10,0.00000,0.00000,0.00000,0.00000,0.000,0.000
20,Moderator,11,0.00000,0.00000,0.00000,0.00000,0.000,0.000
21,CR,0,-0.09976,0.00515,-0.02353,0.01734,0.000,0.000
21,CR,1,-0.06069,0.10219,0.00553,0.02446,0.000,0.000
21,CR,2,-0.00313,0.05624,0.02133,0.01246,0.000,0.000
21,CR,3,-0.08263,0.18246,0.04900,0.04325,0.000,0.000
21,CR,4,0.00000,0.00000,0.00000,0.00000,0.000,0.000
21,CR,5,0.00000,0.00000,0.00000,0.00000,0.000,0.000
21,CR,6,0.00000,0.00000,0.00000,0.00000,0.000,0.000
21,CR,7,-0.02842,0.07529,0.01602,0.01823,0.000,0.000
21,CR,8,-0.16026,0.07830,-0.03849,0.04343,0.000,0.000
21,CR,9,0.00000,0.00000,0.00000,0.00000,0.000,0.000
21,CR,10,0.00000,0.00000,0.00000,0.00000,0.000,0.000
21,CR,11,0.00000,0.00000,0.00000,0.00000,0.000,0.000
21,Core,0,-0.01700,0.06905,0.01928,0.02067,0.000,0.000
21,Core,1,-0.09485,0.03422,-0.02857,0.02700,0.000,0.000
21,Core,2,-0.01843,0.03373,0.01266,0.01067,0.000,0.000
21,Core,3,0.00458,0.03360,0.01663,0.00554,0.000,0.000
21,Core,4,-0.02726,0.01316,-0.00788,0.00875,0.000,0.000
21,Core,5,-0.03298,-0.00525,-0.01661,0.00533,0.000,0.000
21,Core,6,0.00000,0.00000,0.00000,0.00000,0.000,0.000
21,Core,7,-0.00651,0.03579,0.01632,0.00784,0.000,0.000
21,Core,8,-0.03689,0.01552,-0.01144,0.01169,0.000,0.000
21,Core,9,0.00000,0.00000,0.00000,0.00000,0.000,0.000
21,Core,10,-0.03179,0.00666,-0.01378,0.00617,0.000,0.000
21,Core,11,0.00000,0.00000,0.00000,0.00000,0.000,0.000
21,Moderator,0,-0.04611,0.10796,0.03039,0.03028,0.000,0.000
21,Moderator,1,-0.18568,0.09080,-0.03799,0.05408,0.000,0.000
21,Moderator,2,-0.05109,0.10632,0.02907,0.03068,0.000,0.000
21,Moderator,3,-0.03896,0.12381,0.03509,0.02986,0.000,0.000
21,Moderator,4,0.00000,0.00000,0.00000,0.00000,0.000,0.000
21,Moderator,5,0.00000,0.00000,0.00000,0.00000,0.000,0.000
21,Moderator,6,0.00000,0.00000,0.00000,0.00000,0.000,0.000
21,Moderator,7,-0.11964,0.00345,-0.05136,0.03002,0.000,0.000
21,Moderator,8,-0.07541,0.37234,0.12521,0.10519,0.000,0.000
21,Moderator,9,0.00000,0.00000,0.00000,0.00000,0.000,0.000
21,Moderator,10,0.00000,0.00000,0.00000,0.00000,0.000,0.000
21,Moderator,11,0.00000,0.00000,0.00000,0.00000,0.000,0.000
22,CR,0,-0.10752,0.01070,-0.02443,0.01913,0.000,0.000
22,CR,1,-0.06158,0.10368,0.00628,0.02500,0.000,0.000
22,CR,2,-0.00232,0.05671,0.02251,0.01279,0.000,0.000
22,CR,3,-0.08508,0.17736,0.04743,0.04271,0.000,0.000
22,CR,4,0.00000,0.00000,0.00000,0.00000,0.000,0.000
22,CR,5,0.00000,0.00000,0.00000,0.00000,0.000,0.000
22,CR,6,0.00000,0.00000,0.00000,0.00000,0.000,0.000
22,CR,7,-0.03156,0.07282,0.01548,0.01835,0.000,0.000
22,CR,8,-0.15728,0.08022,-0.03835,0.04315,0.000,0.000
22,CR,9,0.00000,0.00000,0.00000,0.00000,0.000,0.000
22,CR,10,0.00000,0.00000,0.00000,0.00000,0.000,0.000
22,CR,11,0.00000,0.00000,0.00000,0.00000,0.000,0.000
22,Core,0,-0.01420,0.07229,0.02081,0.02090,0.000,0.000
22,Core,1,-0.09829,0.03614,-0.02913,0.02790,0.000,0.000
22,Core,2,-0.01633,0.03753,0.01374,0.01186,0.000,0.000
22,Core,3,0.00482,0.03989,0.01766,0.00605,0.000,0.000
22,Core,4,-0.03070,0.01516,-0.00898,0.00998,0.000,0.000
22,Core,5,-0.03911,-0.00552,-0.01762,0.00578,0.000,0.000
22,Core,6,0.00000,0.00000,0.00000,0.00000,0.000,0.000
22,Core,7,-0.00547,0.03651,0.01732,0.00870,0.000,0.000
22,Core,8,-0.04013,0.01559,-0.01250,0.01285,0.000,0.000
22,Core,9,0.00000,0.00000,0.00000,0.00000,0.000,0.000
22,Core,10,-0.03436,0.00303,-0.01482,0.00671,0.000,0.000
22,Core,11,0.00000,0.00000,0.00000,0.00000,0.000,0.000
22,Moderator,0,-0.04493,0.11873,0.03187,0.03199,0.000,0.000
22,Moderator,1,-0.18780,0.09506,-0.03955,0.05611,0.000,0.000
22,Moderator,2,-0.05013,0.11775,0.03066,0.03245,0.000,0.000
22,Moderator,3,-0.03789,0.13460,0.03656,0.03167,0.000,0.000
22,Moderator,4,0.00000,0.00000,0.00000,0.00000,0.000,0.000
22,Moderator,5,0.00000,0.00000,0.00000,0.00000,0.000,0.000
22,Moderator,6,0.00000,0.00000,0.00000,0.00000,0.000,0.000
22,Moderator,7,-0.12031,0.00307,-0.05219,0.02961,0.000,0.000
22,Moderator,8,-0.07880,0.37763,0.12513,0.10594,0.000,0.000
22,Moderator,9,0.00000,0.00000,0.00000,0.00000,0.000,0.000
22,Moderator,10,0.00000,0.00000,0.00000,0.00000,0.000,0.000
22,Moderator,11,0.00000,0.00000,0.00000,0.00000,0.000,0.000
23,CR,0,-0.10009,0.01056,-0.02247,0.01811,0.000,0.000
23,CR,1,-0.06190,0.09960,0.00503,0.02424,0.000,0.000
23,CR,2,-0.00465,0.05673,0.02096,0.01253,0.000,0.000
23,CR,3,-0.08457,0.17049,0.04602,0.04156,0.000,0.000
23,CR,4,0.00000,0.00000,0.00000,0.00000,0.000,0.000
23,CR,5,0.00000,0.00000,0.00000,0.00000,0.000,0.000
23,CR,6,0.00000,0.00000,0.00000,0.00000,0.000,0.000
23,CR,7,-0.02852,0.07488,0.01559,0.01842,0.000,0.000
23,CR,8,-0.15876,0.07967,-0.03844,0.04307,0.000,0.000
23,CR,9,0.00000,0.00000,0.00000,0.00000,0.000,0.000
23,CR,10,0.00000,0.00000,0.00000,0.00000,0.000,0.000
23,CR,11,0.00000,0.00000,0.00000,0.00000,0.000,0.000
23,Core,0,-0.01886,0.07272,0.02054,0.02175,0.000,0.000
23,Core,1,-0.09788,0.03755,-0.02642,0.02820,0.000,0.000
23,Core,2,-0.01744,0.03432,0.01335,0.01069,0.000,0.000
23,Core,3,0.00407,0.03562,0.01695,0.00575,0.000,0.000
23,Core,4,-0.02776,0.01208,-0.00851,0.00873,0.000,0.000
23,Core,5,-0.03462,-0.00479,-0.01687,0.00546,0.000,0.000
23,Core,6,0.00000,0.00000,0.00000,0.00000,0.000,0.000
23,Core,7,-0.00426,0.03854,0.01697,0.00844,0.000,0.000
23,Core,8,-0.03747,0.01457,-0.01210,0.01180,0.000,0.000
23,Core,9,0.00000,0.00000,0.00000,0.00000,0.000,0.000
23,Core,10,-0.03240,0.00443,-0.01415,0.00587,0.000,0.000
23,Core,11,0.00000,0.00000,0.00000,0.00000,0.000,0.000
23,Moderator,0,-0.04975,0.11366,0.03001,0.03265,0.000,0.000
23,Moderator,1,-0.19067,0.09961,-0.03759,0.05840,0.000,0.000
23,Moderator,2,-0.05520,0.11297,0.02884,0.03334,0.000,0.000
23,Moderator,3,-0.04276,0.12877,0.03453,0.03227,0.000,0.000
23,Moderator,4,0.00000,0.00000,0.00000,0.00000,0.000,0.000
23,Moderator,5,0.00000,0.00000,0.00000,0.00000,0.000,0.000
23,Moderator,6,0.00000,0.00000,0.00000,0.00000,0.000,0.000
23,Moderator,7,-0.11505,0.00485,-0.04967,0.02927,0.000,0.000
23,Moderator,8,-0.08460,0.37229,0.12249,0.10640,0.000,0.000
23,Moderator,9,0.00000,0.00000,0.00000,0.00000,0.000,0.000
23,Moderator,10,0.00000,0.00000,0.00000,0.00000,0.000,0.000
23,Moderator,11,0.00000,0.00000,0.00000,0.00000,0.000,0.000
24,CR,0,-0.10577,0.01308,-0.02293,0.01936,0.000,0.000
24,CR,1,-0.06212,0.09841,0.00476,0.02409,0.000,0.000
24,CR,2,-0.00348,0.05618,0.02152,0.01278,0.000,0.000
24,CR,3,-0.08657,0.16765,0.04531,0.04156,0.000,0.000
24,CR,4,0.00000,0.00000,0.00000,0.00000,0.000,0.000
24,CR,5,0.00000,0.00000,0.00000,0.00000,0.000,0.000
24,CR,6,0.00000,0.00000,0.00000,0.00000,0.000,0.000
24,CR,7,-0.03108,0.07414,0.01565,0.01873,0.000,0.000
24,CR,8,-0.16061,0.08283,-0.03864,0.04391,0.000,0.000
24,CR,9,0.00000,0.00000,0.00000,0.00000,0.000,0.000
24,CR,10,0.00000,0.00000,0.00000,0.00000,0.000,0.000
24,CR,11,0.00000,0.00000,0.00000,0.00000,0.000,0.000
24,Core,0,-0.01833,0.07638,0.02135,0.02265,0.000,0.000
24,Core,1,-0.09700,0.03878,-0.02646,0.02887,0.000,0.000
24,Core,2,-0.01726,0.03706,0.01386,0.01161,0.000,0.000
24,Core,3,0.00465,0.03942,0.01745,0.00605,0.000,0.000
24,Core,4,-0.03027,0.01354,-0.00910,0.00960,0.000,0.000
24,Core,5,-0.03827,-0.00541,-0.01735,0.00571,0.000,0.000
24,Core,6,0.00000,0.00000,0.00000,0.00000,0.000,0.000
24,Core,7,-0.00490,0.03805,0.01744,0.00890,0.000,0.000
24,Core,8,-0.03979,0.01500,-0.01270,0.01269,0.000,0.000
24,Core,9,0.00000,0.00000,0.00000,0.00000,0.000,0.000
24,Core,10,-0.03360,0.00328,-0.01467,0.00655,0.000,0.000
24,Core,11,0.00000,0.00000,0.00000,0.00000,0.000,0.000
24,Moderator,0,-0.04901,0.12148,0.03092,0.03376,0.000,0.000
24,Moderator,1,-0.19443,0.10318,-0.03858,0.06036,0.000,0.000
24,Moderator,2,-0.05466,0.12127,0.02981,0.03449,0.000,0.000
24,Moderator,3,-0.04217,0.13648,0.03537,0.03337,0.000,0.000
24,Moderator,4,0.00000,0.00000,0.00000,0.00000,0.000,0.000
24,Moderator,5,0.00000,0.00000,0.00000,0.00000,0.000,0.000
24,Moderator,6,0.00000,0.00000,0.00000,0.00000,0.000,0.000
24,Moderator,7,-0.11648,0.00536,-0.04990,0.03007,0.000,0.000
24,Moderator,8,-0.09152,0.37897,0.12267,0.10908,0.000,0.000
24,Moderator,9,0.00000,0.00000,0.00000,0.00000,0.000,0.000
24,Moderator,10,0.00000,0.00000,0.00000,0.00000,0.000,0.000
24,Moderator,11,0.00000,0.00000,0.00000,0.00000,0.000,0.000
25,CR,0,-0.10323,0.01150,-0.02256,0.01887,0.000,0.000
25,CR,1,-0.06297,0.09793,0.00392,0.02419,0.000,0.000
25,CR,2,-0.00494,0.05749,0.02146,0.01304,0.000,0.000
25,CR,3,-0.08728,0.16590,0.04498,0.04101,0.000,0.000
25,CR,4,0.00000,0.00000,0.00000,0.00000,0.000,0.000
25,CR,5,0.00000,0.00000,0.00000,0.00000,0.000,0.000
25,CR,6,0.00000,0.00000,0.00000,0.00000,0.000,0.000
25,CR,7,-0.02821,0.07252,0.01605,0.01820,0.000,0.000
25,CR,8,-0.15981,0.08323,-0.03887,0.04354,0.000,0.000
25,CR,9,0.00000,0.00000,0.00000,0.00000,0.000,0.000
25,CR,10,0.00000,0.00000,0.00000,0.00000,0.000,0.000
25,CR,11,0.00000,0.00000,0.00000,0.00000,0.000,0.000
25,Core,0,-0.02035,0.07882,0.02194,0.02375,0.000,0.000
25,Core,1,-0.09608,0.04018,-0.02567,0.03002,0.000,0.000
25,Core,2,-0.01892,0.03568,0.01401,0.01123,0.000,0.000
25,Core,3,0.00517,0.03870,0.01788,0.00584,0.000,0.000
25,Core,4,-0.02878,0.01238,-0.00906,0.00911,0.000,0.000
25,Core,5,-0.03736,-0.00597,-0.01776,0.00551,0.000,0.000
25,Core,6,0.00000,0.00000,0.00000,0.00000,0.000,0.000
25,Core,7,-0.00270,0.03914,0.01805,0.00866,0.000,0.000
25,Core,8,-0.03820,0.01722,-0.01257,0.01222,0.000,0.000
25,Core,9,0.00000,0.00000,0.00000,0.00000,0.000,0.000
25,Core,10,-0.03335,0.00411,-0.01492,0.00634,0.000,0.000
25,Core,11,0.00000,0.00000,0.00000,0.00000,0.000,0.000
25,Moderator,0,-0.05075,0.11997,0.03077,0.03379,0.000,0.000
25,Moderator,1,-0.19751,0.10482,-0.03841,0.06141,0.000,0.000
25,Moderator,2,-0.05647,0.12010,0.02971,0.03464,0.000,0.000
25,Moderator,3,-0.04378,0.13455,0.03518,0.03329,0.000,0.000
25,Moderator,4,0.00000,0.00000,0.00000,0.00000,0.000,0.000
25,Moderator,5,0.00000,0.00000,0.00000,0.00000,0.000,0.000
25,Moderator,6,0.00000,0.00000,0.00000,0.00000,0.000,0.000
25,Moderator,7,-0.11718,0.00876,-0.04939,0.03121,0.000,0.000
25,Moderator,8,-0.10033,0.38188,0.12276,0.11192,0.000,0.000
25,Moderator,9,0.00000,0.00000,0.00000,0.00000,0.000,0.000
25,Moderator,10,0.00000,0.00000,0.00000,0.00000,0.000,0.000
25,Moderator,11,0.00000,0.00000,0.00000,0.00000,0.000,0.000
26,CR,0,-0.10169,0.01406,-0.02124,0.01886,0.000,0.000
26,CR,1,-0.06406,0.10402,0.00505,0.02537,0.000,0.000
26,CR,2,-0.00675,0.05704,0.02021,0.01317,0.000,0.000
26,CR,3,-0.08928,0.16230,0.04368,0.04062,0.000,0.000
26,CR,4,0.00000,0.00000,0.00000,0.00000,0.000,0.000
26,CR,5,0.00000,0.00000,0.00000,0.00000,0.000,0.000
26,CR,6,0.00000,0.00000,0.00000,0.00000,0.000,0.000
26,CR,7,-0.02902,0.06472,0.01406,0.01722,0.000,0.000
26,CR,8,-0.15636,0.08473,-0.03721,0.04311,0.000,0.000
26,CR,9,0.00000,0.00000,0.00000,0.00000,0.000,0.000
26,CR,10,0.00000,0.00000,0.00000,0.00000,0.000,0.000
26,CR,11,0.00000,0.00000,0.00000,0.00000,0.000,0.000
26,Core,0,-0.02366,0.07726,0.02061,0.02483,0.000,0.000
26,Core,1,-0.09649,0.04255,-0.02391,0.03083,0.000,0.000
26,Core,2,-0.02032,0.03496,0.01266,0.01121,0.000,0.000
26,Core,3,0.00464,0.03469,0.01653,0.00533,0.000,0.000
26,Core,4,-0.02797,0.01424,-0.00790,0.00927,0.000,0.000
26,Core,5,-0.03319,-0.00548,-0.01640,0.00499,0.000,0.000
26,Core,6,0.00000,0.00000,0.00000,0.00000,0.000,0.000
26,Core,7,-0.00441,0.03615,0.01663,0.00830,0.000,0.000
26,Core,8,-0.03722,0.01878,-0.01137,0.01206,0.000,0.000
26,Core,9,0.00000,0.00000,0.00000,0.00000,0.000,0.000
26,Core,10,-0.03075,0.00503,-0.01361,0.00622,0.000,0.000
26,Core,11,0.00000,0.00000,0.00000,0.00000,0.000,0.000
26,Moderator,0,-0.05298,0.11886,0.02942,0.03448,0.000,0.000
26,Moderator,1,-0.19920,0.11029,-0.03710,0.06336,0.000,0.000
26,Moderator,2,-0.05886,0.11947,0.02842,0.03542,0.000,0.000
26,Moderator,3,-0.04594,0.13268,0.03371,0.03369,0.000,0.000
26,Moderator,4,0.00000,0.00000,0.00000,0.00000,0.000,0.000
26,Moderator,5,0.00000,0.00000,0.00000,0.00000,0.000,0.000
26,Moderator,6,0.00000,0.00000,0.00000,0.00000,0.000,0.000
26,Moderator,7,-0.11583,0.01400,-0.04730,0.03258,0.000,0.000
26,Moderator,8,-0.11470,0.38256,0.12047,0.11638,0.000,0.000
26,Moderator,9,0.00000,0.00000,0.00000,0.00000,0.000,0.000
26,Moderator,10,0.00000,0.00000,0.00000,0.00000,0.000,0.000
26,Moderator,11,0.00000,0.00000,0.00000,0.00000,0.000,0.000
27,CR,0,-0.10949,0.01296,-0.02286,0.01976,0.000,0.000
27,CR,1,-0.06476,0.10071,0.00385,0.02513,0.000,0.000
27,CR,2,-0.00495,0.05876,0.02185,0.01353,0.000,0.000
27,CR,3,-0.08797,0.16799,0.04606,0.04191,0.000,0.000
27,CR,4,0.00000,0.00000,0.00000,0.00000,0.000,0.000
27,CR,5,0.00000,0.00000,0.00000,0.00000,0.000,0.000
27,CR,6,0.00000,0.00000,0.00000,0.00000,0.000,0.000
27,CR,7,-0.02774,0.06553,0.01488,0.01725,0.000,0.000
27,CR,8,-0.16098,0.08480,-0.03940,0.04392,0.000,0.000
27,CR,9,0.00000,0.00000,0.00000,0.00000,0.000,0.000
27,CR,10,0.00000,0.00000,0.00000,0.00000,0.000,0.000
27,CR,11,0.00000,0.00000,0.00000,0.00000,0.000,0.000
27,Core,0,-0.02127,0.08203,0.02262,0.02544,0.000,0.000
27,Core,1,-0.10071,0.04269,-0.02512,0.03166,0.000,0.000
27,Core,2,-0.02103,0.03739,0.01408,0.01169,0.000,0.000
27,Core,3,0.00549,0.04099,0.01809,0.00596,0.000,0.000
27,Core,4,-0.02983,0.01451,-0.00925,0.00935,0.000,0.000
27,Core,5,-0.03942,-0.00634,-0.01795,0.00559,0.000,0.000
27,Core,6,0.00000,0.00000,0.00000,0.00000,0.000,0.000
27,Core,7,-0.00312,0.03844,0.01813,0.00887,0.000,0.000
27,Core,8,-0.03916,0.01992,-0.01275,0.01251,0.000,0.000
27,Core,9,0.00000,0.00000,0.00000,0.00000,0.000,0.000
27,Core,10,-0.03450,0.00503,-0.01511,0.00689,0.000,0.000
27,Core,11,0.00000,0.00000,0.00000,0.00000,0.000,0.000
27,Moderator,0,-0.05304,0.12740,0.03128,0.03531,0.000,0.000
27,Moderator,1,-0.20505,0.11034,-0.03894,0.06443,0.000,0.000
27,Moderator,2,-0.05918,0.12851,0.03033,0.03635,0.000,0.000
27,Moderator,3,-0.04585,0.14135,0.03562,0.03464,0.000,0.000
27,Moderator,4,0.00000,0.00000,0.00000,0.00000,0.000,0.000
27,Moderator,5,0.00000,0.00000,0.00000,0.00000,0.000,0.000
27,Moderator,6,0.00000,0.00000,0.00000,0.00000,0.000,0.000
27,Moderator,7,-0.11870,0.01214,-0.04890,0.03278,0.000,0.000
27,Moderator,8,-0.11343,0.38594,0.12203,0.11713,0.000,0.000
27,Moderator,9,0.00000,0.00000,0.00000,0.00000,0.000,0.000
27,Moderator,10,0.00000,0.00000,0.00000,0.00000,0.000,0.000
27,Moderator,11,0.00000,0.00000,0.00000,0.00000,0.000,0.000
28,CR,0,-0.10356,0.01450,-0.02211,0.01936,0.000,0.000
28,CR,1,-0.06552,0.10161,0.00386,0.02550,0.000,0.000
28,CR,2,-0.00468,0.05827,0.02127,0.01332,0.000,0.000
28,CR,3,-0.08694,0.17163,0.04676,0.04234,0.000,0.000
28,CR,4,0.00000,0.00000,0.00000,0.00000,0.000,0.000
28,CR,5,0.00000,0.00000,0.00000,0.00000,0.000,0.000
28,CR,6,0.00000,0.00000,0.00000,0.00000,0.000,0.000
28,CR,7,-0.02706,0.06401,0.01450,0.01717,0.000,0.000
28,CR,8,-0.16102,0.08447,-0.03987,0.04395,0.000,0.000
28,CR,9,0.00000,0.00000,0.00000,0.00000,0.000,0.000
28,CR,10,0.00000,0.00000,0.00000,0.00000,0.000,0.000
28,CR,11,0.00000,0.00000,0.00000,0.00000,0.000,0.000
28,Core,0,-0.01984,0.08197,0.02238,0.02465,0.000,0.000
28,Core,1,-0.10265,0.04514,-0.02426,0.03266,0.000,0.000
28,Core,2,-0.02006,0.03684,0.01379,0.01165,0.000,0.000
28,Core,3,0.00535,0.03834,0.01774,0.00593,0.000,0.000
28,Core,4,-0.02960,0.01357,-0.00892,0.00941,0.000,0.000
28,Core,5,-0.03668,-0.00622,-0.01760,0.00551,0.000,0.000
28,Core,6,0.00000,0.00000,0.00000,0.00000,0.000,0.000
28,Core,7,-0.00307,0.04011,0.01784,0.00910,0.000,0.000
28,Core,8,-0.03906,0.01900,-0.01237,0.01234,0.000,0.000
28,Core,9,0.00000,0.00000,0.00000,0.00000,0.000,0.000
28,Core,10,-0.03301,0.00414,-0.01476,0.00632,0.000,0.000
28,Core,11,0.00000,0.00000,0.00000,0.00000,0.000,0.000
28,Moderator,0,-0.05497,0.12228,0.03071,0.03523,0.000,0.000
28,Moderator,1,-0.20704,0.11103,-0.03847,0.06460,0.000,0.000
28,Moderator,2,-0.06123,0.12356,0.02978,0.03632,0.000,0.000
28,Moderator,3,-0.04762,0.13591,0.03503,0.03449,0.000,0.000
28,Moderator,4,0.00000,0.00000,0.00000,0.00000,0.000,0.000
28,Moderator,5,0.00000,0.00000,0.00000,0.00000,0.000,0.000
28,Moderator,6,0.00000,0.00000,0.00000,0.00000,0.000,0.000
28,Moderator,7,-0.11866,0.01334,-0.04790,0.03294,0.000,0.000
28,Moderator,8,-0.11892,0.38384,0.12054,0.11841,0.000,0.000
28,Moderator,9,0.00000,0.00000,0.00000,0.00000,0.000,0.000
28,Moderator,10,0.00000,0.00000,0.00000,0.00000,0.000,0.000
28,Moderator,11,0.00000,0.00000,0.00000,0.00000,0.000,0.000
29,CR,0,-0.09443,0.01551,-0.02025,0.01828,0.000,0.000
29,CR,1,-0.06673,0.10398,0.00441,0.02627,0.000,0.000
29,CR,2,-0.00721,0.05708,0.01965,0.01341,0.000,0.000
29,CR,3,-0.08693,0.16220,0.04415,0.04083,0.000,0.000
29,CR,4,0.00000,0.00000,0.00000,0.00000,0.000,0.000
29,CR,5,0.00000,0.00000,0.00000,0.00000,0.000,0.000
29,CR,6,0.00000,0.00000,0.00000,0.00000,0.000,0.000
29,CR,7,-0.02697,0.06023,0.01350,0.01669,0.000,0.000
29,CR,8,-0.15693,0.08520,-0.03766,0.04311,0.000,0.000
29,CR,9,0.00000,0.00000,0.00000,0.00000,0.000,0.000
29,CR,10,0.00000,0.00000,0.00000,0.00000,0.000,0.000
29,CR,11,0.00000,0.00000,0.00000,0.00000,0.000,0.000
29,Core,0,-0.02196,0.08099,0.02112,0.02500,0.000,0.000
29,Core,1,-0.10249,0.04673,-0.02248,0.03336,0.000,0.000
29,Core,2,-0.02142,0.03507,0.01263,0.01149,0.000,0.000
29,Core,3,0.00457,0.03265,0.01651,0.00539,0.000,0.000
29,Core,4,-0.02775,0.01449,-0.00784,0.00937,0.000,0.000
29,Core,5,-0.03092,-0.00547,-0.01636,0.00499,0.000,0.000
29,Core,6,0.00000,0.00000,0.00000,0.00000,0.000,0.000
29,Core,7,-0.00498,0.03762,0.01668,0.00871,0.000,0.000
29,Core,8,-0.03713,0.01990,-0.01123,0.01200,0.000,0.000
29,Core,9,0.00000,0.00000,0.00000,0.00000,0.000,0.000
29,Core,10,-0.03102,0.00571,-0.01356,0.00617,0.000,0.000
29,Core,11,0.00000,0.00000,0.00000,0.00000,0.000,0.000
29,Moderator,0,-0.05835,0.11499,0.02899,0.03507,0.000,0.000
29,Moderator,1,-0.20606,0.11339,-0.03677,0.06521,0.000,0.000
29,Moderator,2,-0.06457,0.11637,0.02810,0.03620,0.000,0.000
29,Moderator,3,-0.05088,0.12813,0.03322,0.03412,0.000,0.000
29,Moderator,4,0.00000,0.00000,0.00000,0.00000,0.000,0.000
29,Moderator,5,0.00000,0.00000,0.00000,0.00000,0.000,0.000
29,Moderator,6,0.00000,0.00000,0.00000,0.00000,0.000,0.000
29,Moderator,7,-0.11725,0.01707,-0.04565,0.03372,0.000,0.000
29,Moderator,8,-0.12986,0.38047,0.11726,0.12078,0.000,0.000
29,Moderator,9,0.00000,0.00000,0.00000,0.00000,0.000,0.000
29,Moderator,10,0.00000,0.00000,0.00000,0.00000,0.000,0.000
29,Moderator,11,0.00000,0.00000,0.00000,0.00000,0.000,0.000
30,CR,0,-0.09838,0.01354,-0.02143,0.01856,0.000,0.000
30,CR,1,-0.06624,0.09843,0.00269,0.02516,0.000,0.000
30,CR,2,-0.00528,0.05845,0.02103,0.01338,0.000,0.000
30,CR,3,-0.08621,0.15719,0.04365,0.04010,0.000,0.000
30,CR,4,0.00000,0.00000,0.00000,0.00000,0.000,0.000
30,CR,5,0.00000,0.00000,0.00000,0.00000,0.000,0.000
30,CR,6,0.00000,0.00000,0.00000,0.00000,0.000,0.000
30,CR,7,-0.02738,0.06479,0.01497,0.01724,0.000,0.000
30,CR,8,-0.15832,0.08600,-0.03791,0.04334,0.000,0.000
30,CR,9,0.00000,0.00000,0.00000,0.00000,0.000,0.000
30,CR,10,0.00000,0.00000,0.00000,0.00000,0.000,0.000
30,CR,11,0.00000,0.00000,0.00000,0.00000,0.000,0.000
30,Core,0,-0.02004,0.08393,0.02308,0.02531,0.000,0.000
30,Core,1,-0.10421,0.04623,-0.02340,0.03349,0.000,0.000
30,Core,2,-0.02058,0.03778,0.01427,0.01177,0.000,0.000
30,Core,3,0.00662,0.03766,0.01823,0.00563,0.000,0.000
30,Core,4,-0.03011,0.01385,-0.00931,0.00941,0.000,0.000
30,Core,5,-0.03590,-0.00750,-0.01807,0.00520,0.000,0.000
30,Core,6,0.00000,0.00000,0.00000,0.00000,0.000,0.000
30,Core,7,-0.00305,0.03966,0.01853,0.00908,0.000,0.000
30,Core,8,-0.03962,0.01925,-0.01273,0.01230,0.000,0.000
30,Core,9,0.00000,0.00000,0.00000,0.00000,0.000,0.000
30,Core,10,-0.03339,0.00457,-0.01521,0.00654,0.000,0.000
30,Core,11,0.00000,0.00000,0.00000,0.00000,0.000,0.000
30,Moderator,0,-0.05732,0.11970,0.03032,0.03566,0.000,0.000
30,Moderator,1,-0.20892,0.11387,-0.03787,0.06609,0.000,0.000
30,Moderator,2,-0.06369,0.12141,0.02947,0.03682,0.000,0.000
30,Moderator,3,-0.04975,0.13306,0.03461,0.03469,0.000,0.000
30,Moderator,4,0.00000,0.00000,0.00000,0.00000,0.000,0.000
30,Moderator,5,0.00000,0.00000,0.00000,0.00000,0.000,0.000
30,Moderator,6,0.00000,0.00000,0.00000,0.00000,0.000,0.000
30,Moderator,7,-0.11884,0.01568,-0.04737,0.03378,0.000,0.000
30,Moderator,8,-0.12847,0.38578,0.11999,0.12178,0.000,0.000
30,Moderator,9,0.00000,0.00000,0.00000,0.00000,0.000,0.000
30,Moderator,10,0.00000,0.00000,0.00000,0.00000,0.000,0.000
30,Moderator,11,0.00000,0.00000,0.00000,0.00000,0.000,0.000
31,CR,0,-0.09933,0.01451,-0.02039,0.01893,0.000,0.000
31,CR,1,-0.06572,0.09606,0.00226,0.02479,0.000,0.000
31,CR,2,-0.00611,0.05767,0.02016,0.01348,0.000,0.000
31,CR,3,-0.08803,0.15465,0.04235,0.03984,0.000,0.000
31,CR,4,0.00000,0.00000,0.00000,0.00000,0.000,0.000
31,CR,5,0.00000,0.00000,0.00000,0.00000,0.000,0.000
31,CR,6,0.00000,0.00000,0.00000,0.00000,0.000,0.000
31,CR,7,-0.02957,0.06498,0.01462,0.01772,0.000,0.000
31,CR,8,-0.15786,0.08804,-0.03661,0.04368,0.000,0.000
31,CR,9,0.00000,0.00000,0.00000,0.00000,0.000,0.000
31,CR,10,0.00000,0.00000,0.00000,0.00000,0.000,0.000
31,CR,11,0.00000,0.00000,0.00000,0.00000,0.000,0.000
31,Core,0,-0.02008,0.08451,0.02272,0.02547,0.000,0.000
31,Core,1,-0.10246,0.04796,-0.02212,0.03342,0.000,0.000
31,Core,2,-0.02061,0.03689,0.01375,0.01166,0.000,0.000
31,Core,3,0.00561,0.03890,0.01757,0.00576,0.000,0.000
31,Core,4,-0.02902,0.01382,-0.00881,0.00934,0.000,0.000
31,Core,5,-0.03710,-0.00649,-0.01741,0.00536,0.000,0.000
31,Core,6,0.00000,0.00000,0.00000,0.00000,0.000,0.000
31,Core,7,-0.00303,0.03797,0.01795,0.00892,0.000,0.000
31,Core,8,-0.03847,0.01928,-0.01222,0.01224,0.000,0.000
31,Core,9,0.00000,0.00000,0.00000,0.00000,0.000,0.000
31,Core,10,-0.03195,0.00458,-0.01461,0.00656,0.000,0.000
31,Core,11,0.00000,0.00000,0.00000,0.00000,0.000,0.000
31,Moderator,0,-0.05876,0.12150,0.02936,0.03675,0.000,0.000
31,Moderator,1,-0.21210,0.11918,-0.03687,0.06793,0.000,0.000
31,Moderator,2,-0.06527,0.12350,0.02856,0.03794,0.000,0.000
31,Moderator,3,-0.05122,0.13476,0.03360,0.03569,0.000,0.000
31,Moderator,4,0.00000,0.00000,0.00000,0.00000,0.000,0.000
31,Moderator,5,0.00000,0.00000,0.00000,0.00000,0.000,0.000
31,Moderator,6,0.00000,0.00000,0.00000,0.00000,0.000,0.000
31,Moderator,7,-0.11903,0.01712,-0.04617,0.03436,0.000,0.000
31,Moderator,8,-0.13085,0.38859,0.11905,0.12364,0.000,0.000
31,Moderator,9,0.00000,0.00000,0.00000,0.00000,0.000,0.000
31,Moderator,10,0.00000,0.00000,0.00000,0.00000,0.000,0.000
31,Moderator,11,0.00000,0.00000,0.00000,0.00000,0.000,0.000
32,CR,0,-0.09447,0.01558,-0.01955,0.01838,0.000,0.000
32,CR,1,-0.06608,0.09593,0.00192,0.02484,0.000,0.000
32,CR,2,-0.00694,0.05780,0.01961,0.01349,0.000,0.000
32,CR,3,-0.08956,0.15595,0.04201,0.03972,0.000,0.000
32,CR,4,0.00000,0.00000,0.00000,0.00000,0.000,0.000
32,CR,5,0.00000,0.00000,0.00000,0.00000,0.000,0.000
32,CR,6,0.00000,0.00000,0.00000,0.00000,0.000,0.000
32,CR,7,-0.03031,0.06425,0.01440,0.01765,0.000,0.000
32,CR,8,-0.15648,0.08888,-0.03610,0.04355,0.000,0.000
32,CR,9,0.00000,0.00000,0.00000,0.00000,0.000,0.000
32,CR,10,0.00000,0.00000,0.00000,0.00000,0.000,0.000
32,CR,11,0.00000,0.00000,0.00000,0.00000,0.000,0.000
32,Core,0,-0.02086,0.08396,0.02262,0.02560,0.000,0.000
32,Core,1,-0.10306,0.04928,-0.02112,0.03392,0.000,0.000
32,Core,2,-0.02073,0.03636,0.01355,0.01166,0.000,0.000
32,Core,3,0.00490,0.03758,0.01732,0.00577,0.000,0.000
32,Core,4,-0.02870,0.01416,-0.00856,0.00937,0.000,0.000
32,Core,5,-0.03566,-0.00581,-0.01714,0.00529,0.000,0.000
32,Core,6,0.00000,0.00000,0.00000,0.00000,0.000,0.000
32,Core,7,-0.00276,0.03968,0.01781,0.00915,0.000,0.000
32,Core,8,-0.03815,0.01967,-0.01190,0.01214,0.000,0.000
32,Core,9,0.00000,0.00000,0.00000,0.00000,0.000,0.000
32,Core,10,-0.03161,0.00444,-0.01434,0.00613,0.000,0.000
32,Core,11,0.00000,0.00000,0.00000,0.00000,0.000,0.000
32,Moderator,0,-0.05916,0.11694,0.02877,0.03634,0.000,0.000
32,Moderator,1,-0.21190,0.12021,-0.03648,0.06770,0.000,0.000
32,Moderator,2,-0.06555,0.11903,0.02801,0.03752,0.000,0.000
32,Moderator,3,-0.05162,0.12995,0.03297,0.03513,0.000,0.000
32,Moderator,4,0.00000,0.00000,0.00000,0.00000,0.000,0.000
32,Moderator,5,0.00000,0.00000,0.00000,0.00000,0.000,0.000
32,Moderator,6,0.00000,0.00000,0.00000,0.00000,0.000,0.000
32,Moderator,7,-0.11828,0.01938,-0.04540,0.03494,0.000,0.000
32,Moderator,8,-0.13407,0.39093,0.11874,0.12491,0.000,0.000
32,Moderator,9,0.00000,0.00000,0.00000,0.00000,0.000,0.000
32,Moderator,10,0.00000,0.00000,0.00000,0.00000,0.000,0.000
32,Moderator,11,0.00000,0.00000,0.00000,0.00000,0.000,0.000
33,CR,0,-0.09415,0.01452,-0.02015,0.01820,0.000,0.000
33,CR,1,-0.06665,0.09606,0.00148,0.02496,0.000,0.000
33,CR,2,-0.00766,0.05973,0.02030,0.01384,0.000,0.000
33,CR,3,-0.08988,0.16072,0.04304,0.04011,0.000,0.000
33,CR,4,0.00000,0.00000,0.00000,0.00000,0.000,0.000
33,CR,5,0.00000,0.00000,0.00000,0.00000,0.000,0.000
33,CR,6,0.00000,0.00000,0.00000,0.00000,0.000,0.000
33,CR,7,-0.02990,0.06275,0.01471,0.01731,0.000,0.000
33,CR,8,-0.15602,0.08896,-0.03715,0.04345,0.000,0.000
33,CR,9,0.00000,0.00000,0.00000,0.00000,0.000,0.000
33,CR,10,0.00000,0.00000,0.00000,0.00000,0.000,0.000
33,CR,11,0.00000,0.00000,0.00000,0.00000,0.000,0.000
33,Core,0,-0.02183,0.08632,0.02349,0.02647,0.000,0.000
33,Core,1,-0.10647,0.04904,-0.02185,0.03505,0.000,0.000
33,Core,2,-0.02055,0.03816,0.01429,0.01197,0.000,0.000
33,Core,3,0.00593,0.03795,0.01802,0.00567,0.000,0.000
33,Core,4,-0.03050,0.01394,-0.00931,0.00963,0.000,0.000
33,Core,5,-0.03596,-0.00686,-0.01783,0.00521,0.000,0.000
33,Core,6,0.00000,0.00000,0.00000,0.00000,0.000,0.000
33,Core,7,-0.00258,0.03973,0.01848,0.00924,0.000,0.000
33,Core,8,-0.03994,0.01935,-0.01267,0.01249,0.000,0.000
33,Core,9,0.00000,0.00000,0.00000,0.00000,0.000,0.000
33,Core,10,-0.03453,0.00428,-0.01504,0.00663,0.000,0.000
33,Core,11,0.00000,0.00000,0.00000,0.00000,0.000,0.000
33,Moderator,0,-0.05811,0.11739,0.02965,0.03582,0.000,0.000
33,Moderator,1,-0.21236,0.11955,-0.03749,0.06754,0.000,0.000
33,Moderator,2,-0.06437,0.11956,0.02891,0.03700,0.000,0.000
33,Moderator,3,-0.05053,0.13026,0.03386,0.03456,0.000,0.000
33,Moderator,4,0.00000,0.00000,0.00000,0.00000,0.000,0.000
33,Moderator,5,0.00000,0.00000,0.00000,0.00000,0.000,0.000
33,Moderator,6,0.00000,0.00000,0.00000,0.00000,0.000,0.000
33,Moderator,7,-0.12055,0.02080,-0.04609,0.03601,0.000,0.000
33,Moderator,8,-0.13724,0.39601,0.11986,0.12651,0.000,0.000
33,Moderator,9,0.00000,0.00000,0.00000,0.00000,0.000,0.000
33,Moderator,10,0.00000,0.00000,0.00000,0.00000,0.000,0.000
33,Moderator,11,0.00000,0.00000,0.00000,0.00000,0.000,0.000
34,CR,0,-0.09376,0.01460,-0.01926,0.01820,0.000,0.000
34,CR,1,-0.06606,0.09685,0.00189,0.02493,0.000,0.000
34,CR,2,-0.00843,0.05938,0.01933,0.01393,0.000,0.000
34,CR,3,-0.09079,0.16252,0.04298,0.04038,0.000,0.000
34,CR,4,0.00000,0.00000,0.00000,0.00000,0.000,0.000
34,CR,5,0.00000,0.00000,0.00000,0.00000,0.000,0.000
34,CR,6,0.00000,0.00000,0.00000,0.00000,0.000,0.000
34,CR,7,-0.02993,0.06092,0.01384,0.01729,0.000,0.000
34,CR,8,-0.15682,0.08950,-0.03684,0.04383,0.000,0.000
34,CR,9,0.00000,0.00000,0.00000,0.00000,0.000,0.000
34,CR,10,0.00000,0.00000,0.00000,0.00000,0.000,0.000
34,CR,11,0.00000,0.00000,0.00000,0.00000,0.000,0.000
34,Core,0,-0.02172,0.08410,0.02244,0.02604,0.000,0.000
34,Core,1,-0.10644,0.05128,-0.02089,0.03557,0.000,0.000
34,Core,2,-0.02031,0.03583,0.01326,0.01158,0.000,0.000
34,Core,3,0.00538,0.03633,0.01700,0.00549,0.000,0.000
34,Core,4,-0.02816,0.01406,-0.00835,0.00949,0.000,0.000
34,Core,5,-0.03437,-0.00634,-0.01682,0.00508,0.000,0.000
34,Core,6,0.00000,0.00000,0.00000,0.00000,0.000,0.000
34,Core,7,-0.00289,0.03761,0.01740,0.00888,0.000,0.000
34,Core,8,-0.03752,0.01846,-0.01168,0.01216,0.000,0.000
34,Core,9,0.00000,0.00000,0.00000,0.00000,0.000,0.000
34,Core,10,-0.03259,0.00478,-0.01404,0.00636,0.000,0.000
34,Core,11,0.00000,0.00000,0.00000,0.00000,0.000,0.000
34,Moderator,0,-0.06058,0.11807,0.02866,0.03647,0.000,0.000
34,Moderator,1,-0.21351,0.12265,-0.03643,0.06898,0.000,0.000
34,Moderator,2,-0.06671,0.12029,0.02793,0.03770,0.000,0.000
34,Moderator,3,-0.05294,0.13076,0.03282,0.03518,0.000,0.000
34,Moderator,4,0.00000,0.00000,0.00000,0.00000,0.000,0.000
34,Moderator,5,0.00000,0.00000,0.00000,0.00000,0.000,0.000
34,Moderator,6,0.00000,0.00000,0.00000,0.00000,0.000,0.000
34,Moderator,7,-0.11967,0.02289,-0.04468,0.03680,0.000,0.000
34,Moderator,8,-0.14156,0.39482,0.11814,0.12797,0.000,0.000
34,Moderator,9,0.00000,0.00000,0.00000,0.00000,0.000,0.000
34,Moderator,10,0.00000,0.00000,0.00000,0.00000,0.000,0.000
34,Moderator,11,0.00000,0.00000,0.00000,0.00000,0.000,0.000
35,CR,0,-0.09685,0.01433,-0.02010,0.01848,0.000,0.000
35,CR,1,-0.06535,0.09412,0.00110,0.02431,0.000,0.000
35,CR,2,-0.00698,0.05926,0.02009,0.01382,0.000,0.000
35,CR,3,-0.09100,0.16177,0.04314,0.04036,0.000,0.000
35,CR,4,0.00000,0.00000,0.00000,0.00000,0.000,0.000
35,CR,5,0.00000,0.00000,0.00000,0.00000,0.000,0.000
35,CR,6,0.00000,0.00000,0.00000,0.00000,0.000,0.000
35,CR,7,-0.03020,0.06314,0.01449,0.01766,0.000,0.000
35,CR,8,-0.16010,0.09037,-0.03726,0.04448,0.000,0.000
35,CR,9,0.00000,0.00000,0.00000,0.00000,0.000,0.000
35,CR,10,0.00000,0.00000,0.00000,0.00000,0.000,0.000
35,CR,11,0.00000,0.00000,0.00000,0.00000,0.000,0.000
35,Core,0,-0.02069,0.08533,0.02322,0.02619,0.000,0.000
35,Core,1,-0.10780,0.05067,-0.02148,0.03568,0.000,0.000
35,Core,2,-0.02166,0.03646,0.01387,0.01176,0.000,0.000
35,Core,3,0.00566,0.03844,0.01778,0.00580,0.000,0.000
35,Core,4,-0.02871,0.01441,-0.00889,0.00939,0.000,0.000
35,Core,5,-0.03647,-0.00662,-0.01761,0.00532,0.000,0.000
35,Core,6,0.00000,0.00000,0.00000,0.00000,0.000,0.000
35,Core,7,-0.00402,0.04033,0.01817,0.00942,0.000,0.000
35,Core,8,-0.03815,0.01974,-0.01225,0.01212,0.000,0.000
35,Core,9,0.00000,0.00000,0.00000,0.00000,0.000,0.000
35,Core,10,-0.03270,0.00579,-0.01475,0.00651,0.000,0.000
35,Core,11,0.00000,0.00000,0.00000,0.00000,0.000,0.000
35,Moderator,0,-0.06074,0.12126,0.02947,0.03711,0.000,0.000
35,Moderator,1,-0.21620,0.12281,-0.03706,0.06982,0.000,0.000
35,Moderator,2,-0.06694,0.12366,0.02876,0.03839,0.000,0.000
35,Moderator,3,-0.05313,0.13411,0.03368,0.03584,0.000,0.000
35,Moderator,4,0.00000,0.00000,0.00000,0.00000,0.000,0.000
35,Moderator,5,0.00000,0.00000,0.00000,0.00000,0.000,0.000
35,Moderator,6,0.00000,0.00000,0.00000,0.00000,0.000,0.000
35,Moderator,7,-0.11988,0.02119,-0.04573,0.03629,0.000,0.000
35,Moderator,8,-0.13960,0.39622,0.11967,0.12839,0.000,0.000
35,Moderator,9,0.00000,0.00000,0.00000,0.00000,0.000,0.000
35,Moderator,10,0.00000,0.00000,0.00000,0.00000,0.000,0.000
35,Moderator,11,0.00000,0.00000,0.00000,0.00000,0.000,0.000
36,CR,0,-0.09530,0.01509,-0.01972,0.01850,0.000,0.000
36,CR,1,-0.06556,0.09910,0.00208,0.02515,0.000,0.000
36,CR,2,-0.00769,0.05853,0.01982,0.01367,0.000,0.000
36,CR,3,-0.09122,0.15863,0.04206,0.03973,0.000,0.000
36,CR,4,0.00000,0.00000,0.00000,0.00000,0.000,0.000
36,CR,5,0.00000,0.00000,0.00000,0.00000,0.000,0.000
36,CR,6,0.00000,0.00000,0.00000,0.00000,0.000,0.000
36,CR,7,-0.02855,0.05782,0.01360,0.01692,0.000,0.000
36,CR,8,-0.15497,0.08907,-0.03614,0.04334,0.000,0.000
36,CR,9,0.00000,0.00000,0.00000,0.00000,0.000,0.000
36,CR,10,0.00000,0.00000,0.00000,0.00000,0.000,0.000
36,CR,11,0.00000,0.00000,0.00000,0.00000,0.000,0.000
36,Core,0,-0.02151,0.08506,0.02294,0.02645,0.000,0.000
36,Core,1,-0.10788,0.05487,-0.02081,0.03640,0.000,0.000
36,Core,2,-0.02171,0.03691,0.01373,0.01180,0.000,0.000
36,Core,3,0.00610,0.03765,0.01762,0.00556,0.000,0.000
36,Core,4,-0.02921,0.01439,-0.00877,0.00958,0.000,0.000
36,Core,5,-0.03561,-0.00709,-0.01744,0.00507,0.000,0.000
36,Core,6,0.00000,0.00000,0.00000,0.00000,0.000,0.000
36,Core,7,-0.00356,0.03905,0.01807,0.00926,0.000,0.000
36,Core,8,-0.03867,0.01976,-0.01212,0.01229,0.000,0.000
36,Core,9,0.00000,0.00000,0.00000,0.00000,0.000,0.000
36,Core,10,-0.03291,0.00569,-0.01459,0.00645,0.000,0.000
36,Core,11,0.00000,0.00000,0.00000,0.00000,0.000,0.000
36,Moderator,0,-0.06022,0.12030,0.02910,0.03718,0.000,0.000
36,Moderator,1,-0.21471,0.12404,-0.03671,0.07022,0.000,0.000
36,Moderator,2,-0.06660,0.12277,0.02841,0.03851,0.000,0.000
36,Moderator,3,-0.05258,0.13297,0.03326,0.03591,0.000,0.000
36,Moderator,4,0.00000,0.00000,0.00000,0.00000,0.000,0.000
36,Moderator,5,0.00000,0.00000,0.00000,0.00000,0.000,0.000
36,Moderator,6,0.00000,0.00000,0.00000,0.00000,0.000,0.000
36,Moderator,7,-0.11968,0.02169,-0.04508,0.03662,0.000,0.000
36,Moderator,8,-0.14369,0.39646,0.11875,0.12933,0.000,0.000
36,Moderator,9,0.00000,0.00000,0.00000,0.00000,0.000,0.000
36,Moderator,10,0.00000,0.00000,0.00000,0.00000,0.000,0.000
36,Moderator,11,0.00000,0.00000,0.00000,0.00000,0.000,0.000
37,CR,0,-0.09550,0.01538,-0.01943,0.01859,0.000,0.000
37,CR,1,-0.06634,0.10026,0.00216,0.02547,0.000,0.000
37,CR,2,-0.00846,0.05881,0.01961,0.01392,0.000,0.000
37,CR,3,-0.09101,0.15732,0.04169,0.03951,0.000,0.000
37,CR,4,0.00000,0.00000,0.00000,0.00000,0.000,0.000
37,CR,5,0.00000,0.00000,0.00000,0.00000,0.000,0.000
37,CR,6,0.00000,0.00000,0.00000,0.00000,0.000,0.000
37,CR,7,-0.02789,0.05528,0.01334,0.01654,0.000,0.000
37,CR,8,-0.15387,0.08879,-0.03600,0.04303,0.000,0.000
37,CR,9,0.00000,0.00000,0.00000,0.00000,0.000,0.000
37,CR,10,0.00000,0.00000,0.00000,0.00000,0.000,0.000
37,CR,11,0.00000,0.00000,0.00000,0.00000,0.000,0.000
37,Core,0,-0.02282,0.08710,0.02292,0.02718,0.000,0.000
37,Core,1,-0.10860,0.05684,-0.02044,0.03696,0.000,0.000
37,Core,2,-0.02177,0.03679,0.01364,0.01175,0.000,0.000
37,Core,3,0.00581,0.03719,0.01742,0.00554,0.000,0.000
37,Core,4,-0.02911,0.01449,-0.00873,0.00946,0.000,0.000
37,Core,5,-0.03511,-0.00681,-0.01723,0.00510,0.000,0.000
37,Core,6,0.00000,0.00000,0.00000,0.00000,0.000,0.000
37,Core,7,-0.00354,0.03822,0.01786,0.00906,0.000,0.000
37,Core,8,-0.03857,0.01993,-0.01207,0.01219,0.000,0.000
37,Core,9,0.00000,0.00000,0.00000,0.00000,0.000,0.000
37,Core,10,-0.03307,0.00556,-0.01444,0.00665,0.000,0.000
37,Core,11,0.00000,0.00000,0.00000,0.00000,0.000,0.000
37,Moderator,0,-0.06059,0.12141,0.02904,0.03739,0.000,0.000
37,Moderator,1,-0.21605,0.12510,-0.03678,0.07082,0.000,0.000
37,Moderator,2,-0.06709,0.12403,0.02837,0.03876,0.000,0.000
37,Moderator,3,-0.05292,0.13394,0.03317,0.03609,0.000,0.000
37,Moderator,4,0.00000,0.00000,0.00000,0.00000,0.000,0.000
37,Moderator,5,0.00000,0.00000,0.00000,0.00000,0.000,0.000
37,Moderator,6,0.00000,0.00000,0.00000,0.00000,0.000,0.000
37,Moderator,7,-0.12030,0.02334,-0.04453,0.03733,0.000,0.000
37,Moderator,8,-0.14691,0.39680,0.11783,0.13043,0.000,0.000
37,Moderator,9,0.00000,0.00000,0.00000,0.00000,0.000,0.000
37,Moderator,10,0.00000,0.00000,0.00000,0.00000,0.000,0.000
37,Moderator,11,0.00000,0.00000,0.00000,0.00000,0.000,0.000
38,CR,0,-0.09633,0.01614,-0.01936,0.01884,0.000,0.000
38,CR,1,-0.06673,0.09904,0.00161,0.02528,0.000,0.000
38,CR,2,-0.00765,0.05832,0.01968,0.01378,0.000,0.000
38,CR,3,-0.08959,0.15667,0.04189,0.03943,0.000,0.000
38,CR,4,0.00000,0.00000,0.00000,0.00000,0.000,0.000
38,CR,5,0.00000,0.00000,0.00000,0.00000,0.000,0.000
38,CR,6,0.00000,0.00000,0.00000,0.00000,0.000,0.000
38,CR,7,-0.02772,0.05593,0.01364,0.01653,0.000,0.000
38,CR,8,-0.15489,0.08852,-0.03633,0.04316,0.000,0.000
38,CR,9,0.00000,0.00000,0.00000,0.00000,0.000,0.000
38,CR,10,0.00000,0.00000,0.00000,0.00000,0.000,0.000
38,CR,11,0.00000,0.00000,0.00000,0.00000,0.000,0.000
38,Core,0,-0.02241,0.08755,0.02328,0.02705,0.000,0.000
38,Core,1,-0.10865,0.05662,-0.02030,0.03698,0.000,0.000
38,Core,2,-0.02171,0.03638,0.01377,0.01178,0.000,0.000
38,Core,3,0.00559,0.03820,0.01761,0.00578,0.000,0.000
38,Core,4,-0.02872,0.01450,-0.00881,0.00938,0.000,0.000
38,Core,5,-0.03609,-0.00660,-0.01742,0.00528,0.000,0.000
38,Core,6,0.00000,0.00000,0.00000,0.00000,0.000,0.000
38,Core,7,-0.00344,0.04009,0.01808,0.00941,0.000,0.000
38,Core,8,-0.03822,0.02002,-0.01214,0.01205,0.000,0.000
38,Core,9,0.00000,0.00000,0.00000,0.00000,0.000,0.000
38,Core,10,-0.03295,0.00527,-0.01460,0.00644,0.000,0.000
38,Core,11,0.00000,0.00000,0.00000,0.00000,0.000,0.000
38,Moderator,0,-0.06134,0.12262,0.02912,0.03788,0.000,0.000
38,Moderator,1,-0.21832,0.12625,-0.03683,0.07162,0.000,0.000
38,Moderator,2,-0.06789,0.12535,0.02846,0.03929,0.000,0.000
38,Moderator,3,-0.05363,0.13511,0.03326,0.03656,0.000,0.000
38,Moderator,4,0.00000,0.00000,0.00000,0.00000,0.000,0.000
38,Moderator,5,0.00000,0.00000,0.00000,0.00000,0.000,0.000
38,Moderator,6,0.00000,0.00000,0.00000,0.00000,0.000,0.000
38,Moderator,7,-0.12021,0.02334,-0.04461,0.03724,0.000,0.000
38,Moderator,8,-0.14706,0.39789,0.11816,0.13107,0.000,0.000
38,Moderator,9,0.00000,0.00000,0.00000,0.00000,0.000,0.000
38,Moderator,10,0.00000,0.00000,0.00000,0.00000,0.000,0.000
38,Moderator,11,0.00000,0.00000,0.00000,0.00000,0.000,0.000
39,CR,0,-0.09479,0.01601,-0.01931,0.01867,0.000,0.000
39,CR,1,-0.06688,0.10006,0.00168,0.02547,0.000,0.000
39,CR,2,-0.00788,0.05855,0.01973,0.01378,0.000,0.000
39,CR,3,-0.08898,0.15659,0.04203,0.03940,0.000,0.000
39,CR,4,0.00000,0.00000,0.00000,0.00000,0.000,0.000
39,CR,5,0.00000,0.00000,0.00000,0.00000,0.000,0.000
39,CR,6,0.00000,0.00000,0.00000,0.00000,0.000,0.000
39,CR,7,-0.02751,0.05503,0.01350,0.01645,0.000,0.000
39,CR,8,-0.15490,0.08862,-0.03641,0.04312,0.000,0.000
39,CR,9,0.00000,0.00000,0.00000,0.00000,0.000,0.000
39,CR,10,0.00000,0.00000,0.00000,0.00000,0.000,0.000
39,CR,11,0.00000,0.00000,0.00000,0.00000,0.000,0.000
39,Core,0,-0.02298,0.08739,0.02335,0.02738,0.000,0.000
39,Core,1,-0.10910,0.05847,-0.01998,0.03744,0.000,0.000
39,Core,2,-0.02166,0.03703,0.01385,0.01175,0.000,0.000
39,Core,3,0.00606,0.03705,0.01765,0.00549,0.000,0.000
39,Core,4,-0.02917,0.01457,-0.00888,0.00937,0.000,0.000
39,Core,5,-0.03489,-0.00707,-0.01744,0.00501,0.000,0.000
39,Core,6,0.00000,0.00000,0.00000,0.00000,0.000,0.000
39,Core,7,-0.00340,0.03944,0.01817,0.00923,0.000,0.000
39,Core,8,-0.03865,0.02016,-0.01221,0.01207,0.000,0.000
39,Core,9,0.00000,0.00000,0.00000,0.00000,0.000,0.000
39,Core,10,-0.03292,0.00497,-0.01463,0.00649,0.000,0.000
39,Core,11,0.00000,0.00000,0.00000,0.00000,0.000,0.000
39,Moderator,0,-0.06104,0.12144,0.02911,0.03782,0.000,0.000
39,Moderator,1,-0.21868,0.12649,-0.03693,0.07176,0.000,0.000
39,Moderator,2,-0.06766,0.12423,0.02845,0.03925,0.000,0.000
39,Moderator,3,-0.05332,0.13383,0.03323,0.03647,0.000,0.000
39,Moderator,4,0.00000,0.00000,0.00000,0.00000,0.000,0.000
39,Moderator,5,0.00000,0.00000,0.00000,0.00000,0.000,0.000
39,Moderator,6,0.00000,0.00000,0.00000,0.00000,0.000,0.000
39,Moderator,7,-0.12047,0.02409,-0.04445,0.03740,0.000,0.000
39,Moderator,8,-0.14888,0.39715,0.11795,0.13161,0.000,0.000
39,Moderator,9,0.00000,0.00000,0.00000,0.00000,0.000,0.000
39,Moderator,10,0.00000,0.00000,0.00000,0.00000,0.000,0.000
39,Moderator,11,0.00000,0.00000,0.00000,0.00000,0.000,0.000
40,CR,0,-0.09568,0.01641,-0.01931,0.01881,0.000,0.000
40,CR,1,-0.06688,0.09957,0.00153,0.02539,0.000,0.000
40,CR,2,-0.00803,0.05837,0.01975,0.01383,0.000,0.000
40,CR,3,-0.08868,0.15674,0.04211,0.03947,0.000,0.000
40,CR,4,0.00000,0.00000,0.00000,0.00000,0.000,0.000
40,CR,5,0.00000,0.00000,0.00000,0.00000,0.000,0.000
40,CR,6,0.00000,0.00000,0.00000,0.00000,0.000,0.000
40,CR,7,-0.02737,0.05549,0.01358,0.01653,0.000,0.000
40,CR,8,-0.15523,0.08877,-0.03661,0.04325,0.000,0.000
40,CR,9,0.00000,0.00000,0.00000,0.00000,0.000,0.000
40,CR,10,0.00000,0.00000,0.00000,0.00000,0.000,0.000
40,CR,11,0.00000,0.00000,0.00000,0.00000,0.000,0.000
40,Core,0,-0.02287,0.08769,0.02346,0.02737,0.000,0.000
40,Core,1,-0.10919,0.05894,-0.01987,0.03759,0.000,0.000
40,Core,2,-0.02202,0.03697,0.01383,0.01183,0.000,0.000
40,Core,3,0.00563,0.03785,0.01767,0.00569,0.000,0.000
40,Core,4,-0.02897,0.01484,-0.00886,0.00944,0.000,0.000
40,Core,5,-0.03566,-0.00665,-0.01746,0.00517,0.000,0.000
40,Core,6,0.00000,0.00000,0.00000,0.00000,0.000,0.000
40,Core,7,-0.00389,0.03998,0.01818,0.00941,0.000,0.000
40,Core,8,-0.03847,0.02041,-0.01217,0.01212,0.000,0.000
40,Core,9,0.00000,0.00000,0.00000,0.00000,0.000,0.000
40,Core,10,-0.03333,0.00539,-0.01464,0.00652,0.000,0.000
40,Core,11,0.00000,0.00000,0.00000,0.00000,0.000,0.000
40,Moderator,0,-0.06161,0.12303,0.02923,0.03813,0.000,0.000
40,Moderator,1,-0.22017,0.12722,-0.03710,0.07231,0.000,0.000
40,Moderator,2,-0.06824,0.12591,0.02859,0.03959,0.000,0.000
40,Moderator,3,-0.05391,0.13541,0.03334,0.03679,0.000,0.000
40,Moderator,4,0.00000,0.00000,0.00000,0.00000,0.000,0.000
40,Moderator,5,0.00000,0.00000,0.00000,0.00000,0.000,0.000
40,Moderator,6,0.00000,0.00000,0.00000,0.00000,0.000,0.000
40,Moderator,7,-0.12035,0.02402,-0.04438,0.03749,0.000,0.000
40,Moderator,8,-0.14979,0.39817,0.11773,0.13201,0.000,0.000
40,Moderator,9,0.00000,0.00000,0.00000,0.00000,0.000,0.000
40,Moderator,10,0.00000,0.00000,0.00000,0.00000,0.000,0.000
40,Moderator,11,0.00000,0.00000,0.00000,0.00000,0.000,0.000
41,CR,0,-0.09543,0.01606,-0.01921,0.01873,0.000,0.000
41,CR,1,-0.06702,0.09963,0.00156,0.02543,0.000,0.000
41,CR,2,-0.00850,0.05884,0.01968,0.01397,0.000,0.000
41,CR,3,-0.08879,0.15664,0.04204,0.03943,0.000,0.000
41,CR,4,0.00000,0.00000,0.00000,0.00000,0.000,0.000
41,CR,5,0.00000,0.00000,0.00000,0.00000,0.000,0.000
41,CR,6,0.00000,0.00000,0.00000,0.00000,0.000,0.000
41,CR,7,-0.02717,0.05530,0.01358,0.01648,0.000,0.000
41,CR,8,-0.15489,0.08870,-0.03664,0.04318,0.000,0.000
41,CR,9,0.00000,0.00000,0.00000,0.00000,0.000,0.000
41,CR,10,0.00000,0.00000,0.00000,0.00000,0.000,0.000
41,CR,11,0.00000,0.00000,0.00000,0.00000,0.000,0.000
41,Core,0,-0.02315,0.08804,0.02348,0.02751,0.000,0.000
41,Core,1,-0.10994,0.06012,-0.01970,0.03795,0.000,0.000
41,Core,2,-0.02189,0.03680,0.01383,0.01175,0.000,0.000
41,Core,3,0.00562,0.03781,0.01762,0.00567,0.000,0.000
41,Core,4,-0.02891,0.01464,-0.00887,0.00936,0.000,0.000
41,Core,5,-0.03559,-0.00666,-0.01741,0.00518,0.000,0.000
41,Core,6,0.00000,0.00000,0.00000,0.00000,0.000,0.000
41,Core,7,-0.00367,0.03982,0.01814,0.00933,0.000,0.000
41,Core,8,-0.03843,0.02017,-0.01217,0.01208,0.000,0.000
41,Core,9,0.00000,0.00000,0.00000,0.00000,0.000,0.000
41,Core,10,-0.03361,0.00538,-0.01461,0.00657,0.000,0.000
41,Core,11,0.00000,0.00000,0.00000,0.00000,0.000,0.000
41,Moderator,0,-0.06200,0.12321,0.02920,0.03815,0.000,0.000
41,Moderator,1,-0.22073,0.12727,-0.03711,0.07248,0.000,0.000
41,Moderator,2,-0.06863,0.12618,0.02858,0.03964,0.000,0.000
41,Moderator,3,-0.05431,0.13553,0.03330,0.03680,0.000,0.000
41,Moderator,4,0.00000,0.00000,0.00000,0.00000,0.000,0.000
41,Moderator,5,0.00000,0.00000,0.00000,0.00000,0.000,0.000
41,Moderator,6,0.00000,0.00000,0.00000,0.00000,0.000,0.000
41,Moderator,7,-0.12097,0.02462,-0.04414,0.03782,0.000,0.000
41,Moderator,8,-0.15109,0.39842,0.11743,0.13247,0.000,0.000
41,Moderator,9,0.00000,0.00000,0.00000,0.00000,0.000,0.000
41,Moderator,10,0.00000,0.00000,0.00000,0.00000,0.000,0.000
41,Moderator,11,0.00000,0.00000,0.00000,0.00000,0.000,0.000
42,CR,0,-0.09539,0.01654,-0.01920,0.01885,0.000,0.000
42,CR,1,-0.06709,0.09974,0.00159,0.02543,0.000,0.000
42,CR,2,-0.00860,0.05893,0.01969,0.01397,0.000,0.000
42,CR,3,-0.08898,0.15629,0.04190,0.03937,0.000,0.000
42,CR,4,0.00000,0.00000,0.00000,0.00000,0.000,0.000
42,CR,5,0.00000,0.00000,0.00000,0.00000,0.000,0.000
42,CR,6,0.00000,0.00000,0.00000,0.00000,0.000,0.000
42,CR,7,-0.02732,0.05513,0.01351,0.01650,0.000,0.000
42,CR,8,-0.15493,0.08895,-0.03656,0.04321,0.000,0.000
42,CR,9,0.00000,0.00000,0.00000,0.00000,0.000,0.000
42,CR,10,0.00000,0.00000,0.00000,0.00000,0.000,0.000
42,CR,11,0.00000,0.00000,0.00000,0.00000,0.000,0.000
42,Core,0,-0.02311,0.08823,0.02349,0.02749,0.000,0.000
42,Core,1,-0.11036,0.06082,-0.01959,0.03816,0.000,0.000
42,Core,2,-0.02140,0.03667,0.01381,0.01175,0.000,0.000
42,Core,3,0.00567,0.03790,0.01762,0.00568,0.000,0.000
42,Core,4,-0.02900,0.01413,-0.00885,0.00943,0.000,0.000
42,Core,5,-0.03566,-0.00671,-0.01741,0.00517,0.000,0.000
42,Core,6,0.00000,0.00000,0.00000,0.00000,0.000,0.000
42,Core,7,-0.00373,0.03987,0.01813,0.00934,0.000,0.000
42,Core,8,-0.03855,0.01967,-0.01215,0.01211,0.000,0.000
42,Core,9,0.00000,0.00000,0.00000,0.00000,0.000,0.000
42,Core,10,-0.03350,0.00488,-0.01460,0.00651,0.000,0.000
42,Core,11,0.00000,0.00000,0.00000,0.00000,0.000,0.000
42,Moderator,0,-0.06218,0.12344,0.02923,0.03832,0.000,0.000
42,Moderator,1,-0.22117,0.12774,-0.03714,0.07277,0.000,0.000
42,Moderator,2,-0.06883,0.12648,0.02862,0.03982,0.000,0.000
42,Moderator,3,-0.05447,0.13570,0.03332,0.03695,0.000,0.000
42,Moderator,4,0.00000,0.00000,0.00000,0.00000,0.000,0.000
42,Moderator,5,0.00000,0.00000,0.00000,0.00000,0.000,0.000
42,Moderator,6,0.00000,0.00000,0.00000,0.00000,0.000,0.000
42,Moderator,7,-0.12141,0.02478,-0.04406,0.03795,0.000,0.000
42,Moderator,8,-0.15200,0.39866,0.11734,0.13284,0.000,0.000
42,Moderator,9,0.00000,0.00000,0.00000,0.00000,0.000,0.000
42,Moderator,10,0.00000,0.00000,0.00000,0.00000,0.000,0.000
42,Moderator,11,0.00000,0.00000,0.00000,0.00000,0.000,0.000
43,CR,0,-0.09484,0.01666,-0.01903,0.01874,0.000,0.000
43,CR,1,-0.06745,0.09937,0.00136,0.02542,0.000,0.000
43,CR,2,-0.00855,0.05868,0.01956,0.01394,0.000,0.000
43,CR,3,-0.08908,0.15580,0.04179,0.03932,0.000,0.000
43,CR,4,0.00000,0.00000,0.00000,0.00000,0.000,0.000
43,CR,5,0.00000,0.00000,0.00000,0.00000,0.000,0.000
43,CR,6,0.00000,0.00000,0.00000,0.00000,0.000,0.000
43,CR,7,-0.02720,0.05531,0.01372,0.01647,0.000,0.000
43,CR,8,-0.15533,0.08929,-0.03661,0.04327,0.000,0.000
43,CR,9,0.00000,0.00000,0.00000,0.00000,0.000,0.000
43,CR,10,0.00000,0.00000,0.00000,0.00000,0.000,0.000
43,CR,11,0.00000,0.00000,0.00000,0.00000,0.000,0.000
43,Core,0,-0.02336,0.08861,0.02351,0.02765,0.000,0.000
43,Core,1,-0.11044,0.06139,-0.01937,0.03822,0.000,0.000
43,Core,2,-0.02194,0.03679,0.01379,0.01184,0.000,0.000
43,Core,3,0.00552,0.03773,0.01757,0.00571,0.000,0.000
43,Core,4,-0.02912,0.01462,-0.00883,0.00944,0.000,0.000
43,Core,5,-0.03546,-0.00656,-0.01736,0.00520,0.000,0.000
43,Core,6,0.00000,0.00000,0.00000,0.00000,0.000,0.000
43,Core,7,-0.00401,0.04015,0.01810,0.00944,0.000,0.000
43,Core,8,-0.03869,0.02015,-0.01212,0.01213,0.000,0.000
43,Core,9,0.00000,0.00000,0.00000,0.00000,0.000,0.000
43,Core,10,-0.03356,0.00542,-0.01456,0.00657,0.000,0.000
43,Core,11,0.00000,0.00000,0.00000,0.00000,0.000,0.000
43,Moderator,0,-0.06234,0.12305,0.02911,0.03829,0.000,0.000
43,Moderator,1,-0.22186,0.12816,-0.03702,0.07294,0.000,0.000
43,Moderator,2,-0.06902,0.12614,0.02851,0.03981,0.000,0.000
43,Moderator,3,-0.05462,0.13527,0.03320,0.03689,0.000,0.000
43,Moderator,4,0.00000,0.00000,0.00000,0.00000,0.000,0.000
43,Moderator,5,0.00000,0.00000,0.00000,0.00000,0.000,0.000
43,Moderator,6,0.00000,0.00000,0.00000,0.00000,0.000,0.000
43,Moderator,7,-0.12151,0.02524,-0.04392,0.03816,0.000,0.000
43,Moderator,8,-0.15297,0.39943,0.11724,0.13332,0.000,0.000
43,Moderator,9,0.00000,0.00000,0.00000,0.00000,0.000,0.000
43,Moderator,10,0.00000,0.00000,0.00000,0.00000,0.000,0.000
43,Moderator,11,0.00000,0.00000,0.00000,0.00000,0.000,0.000
44,CR,0,-0.09473,0.01669,-0.01905,0.01876,0.000,0.000
44,CR,1,-0.06755,0.09934,0.00131,0.02541,0.000,0.000
44,CR,2,-0.00851,0.05874,0.01962,0.01389,0.000,0.000
44,CR,3,-0.08899,0.15574,0.04183,0.03929,0.000,0.000
44,CR,4,0.00000,0.00000,0.00000,0.00000,0.000,0.000
44,CR,5,0.00000,0.00000,0.00000,0.00000,0.000,0.000
44,CR,6,0.00000,0.00000,0.00000,0.00000,0.000,0.000
44,CR,7,-0.02708,0.05533,0.01376,0.01646,0.000,0.000
44,CR,8,-0.15557,0.08936,-0.03666,0.04330,0.000,0.000
44,CR,9,0.00000,0.00000,0.00000,0.00000,0.000,0.000
44,CR,10,0.00000,0.00000,0.00000,0.00000,0.000,0.000
44,CR,11,0.00000,0.00000,0.00000,0.00000,0.000,0.000
44,Core,0,-0.02343,0.08867,0.02361,0.02772,0.000,0.000
44,Core,1,-0.11074,0.06193,-0.01933,0.03836,0.000,0.000
44,Core,2,-0.02181,0.03699,0.01385,0.01181,0.000,0.000
44,Core,3,0.00576,0.03767,0.01765,0.00565,0.000,0.000
44,Core,4,-0.02929,0.01450,-0.00888,0.00945,0.000,0.000
44,Core,5,-0.03540,-0.00680,-0.01744,0.00513,0.000,0.000
44,Core,6,0.00000,0.00000,0.00000,0.00000,0.000,0.000
44,Core,7,-0.00373,0.04013,0.01818,0.00940,0.000,0.000
44,Core,8,-0.03889,0.02003,-0.01217,0.01214,0.000,0.000
44,Core,9,0.00000,0.00000,0.00000,0.00000,0.000,0.000
44,Core,10,-0.03359,0.00524,-0.01463,0.00653,0.000,0.000
44,Core,11,0.00000,0.00000,0.00000,0.00000,0.000,0.000
44,Moderator,0,-0.06246,0.12297,0.02912,0.03841,0.000,0.000
44,Moderator,1,-0.22254,0.12871,-0.03697,0.07326,0.000,0.000
44,Moderator,2,-0.06917,0.12611,0.02852,0.03995,0.000,0.000
44,Moderator,3,-0.05471,0.13518,0.03320,0.03699,0.000,0.000
44,Moderator,4,0.00000,0.00000,0.00000,0.00000,0.000,0.000
44,Moderator,5,0.00000,0.00000,0.00000,0.00000,0.000,0.000
44,Moderator,6,0.00000,0.00000,0.00000,0.00000,0.000,0.000
44,Moderator,7,-0.12182,0.02530,-0.04397,0.03824,0.000,0.000
44,Moderator,8,-0.15375,0.40020,0.11751,0.13379,0.000,0.000
44,Moderator,9,0.00000,0.00000,0.00000,0.00000,0.000,0.000
44,Moderator,10,0.00000,0.00000,0.00000,0.00000,0.000,0.000
44,Moderator,11,0.00000,0.00000,0.00000,0.00000,0.000,0.000
45,CR,0,-0.09494,0.01681,-0.01898,0.01880,0.000,0.000
45,CR,1,-0.06760,0.09945,0.00134,0.02545,0.000,0.000
45,CR,2,-0.00872,0.05865,0.01956,0.01394,0.000,0.000
45,CR,3,-0.08898,0.15567,0.04180,0.03927,0.000,0.000
45,CR,4,0.00000,0.00000,0.00000,0.00000,0.000,0.000
45,CR,5,0.00000,0.00000,0.00000,0.00000,0.000,0.000
45,CR,6,0.00000,0.00000,0.00000,0.00000,0.000,0.000
45,CR,7,-0.02690,0.05507,0.01369,0.01644,0.000,0.000
45,CR,8,-0.15548,0.08935,-0.03665,0.04327,0.000,0.000
45,CR,9,0.00000,0.00000,0.00000,0.00000,0.000,0.000
45,CR,10,0.00000,0.00000,0.00000,0.00000,0.000,0.000
45,CR,11,0.00000,0.00000,0.00000,0.00000,0.000,0.000
45,Core,0,-0.02367,0.08886,0.02357,0.02780,0.000,0.000
45,Core,1,-0.11084,0.06248,-0.01918,0.03852,0.000,0.000
45,Core,2,-0.02195,0.03686,0.01378,0.01180,0.000,0.000
45,Core,3,0.00564,0.03770,0.01759,0.00565,0.000,0.000
45,Core,4,-0.02917,0.01463,-0.00883,0.00944,0.000,0.000
45,Core,5,-0.03542,-0.00669,-0.01738,0.00514,0.000,0.000
45,Core,6,0.00000,0.00000,0.00000,0.00000,0.000,0.000
45,Core,7,-0.00389,0.04002,0.01811,0.00936,0.000,0.000
45,Core,8,-0.03878,0.02020,-0.01211,0.01213,0.000,0.000
45,Core,9,0.00000,0.00000,0.00000,0.00000,0.000,0.000
45,Core,10,-0.03345,0.00534,-0.01457,0.00655,0.000,0.000
45,Core,11,0.00000,0.00000,0.00000,0.00000,0.000,0.000
45,Moderator,0,-0.06287,0.12334,0.02905,0.03854,0.000,0.000
45,Moderator,1,-0.22300,0.12904,-0.03690,0.07349,0.000,0.000
45,Moderator,2,-0.06959,0.12652,0.02846,0.04009,0.000,0.000
45,Moderator,3,-0.05515,0.13553,0.03313,0.03712,0.000,0.000
45,Moderator,4,0.00000,0.00000,0.00000,0.00000,0.000,0.000
45,Moderator,5,0.00000,0.00000,0.00000,0.00000,0.000,0.000
45,Moderator,6,0.00000,0.00000,0.00000,0.00000,0.000,0.000
45,Moderator,7,-0.12181,0.02553,-0.04382,0.03835,0.000,0.000
45,Moderator,8,-0.15444,0.40032,0.11735,0.13409,0.000,0.000
45,Moderator,9,0.00000,0.00000,0.00000,0.00000,0.000,0.000
45,Moderator,10,0.00000,0.00000,0.00000,0.00000,0.000,0.000
45,Moderator,11,0.00000,0.00000,0.00000,0.00000,0.000,0.000
46,CR,0,-0.09546,0.01693,-0.01896,0.01892,0.000,0.000
46,CR,1,-0.06774,0.09926,0.00126,0.02544,0.000,0.000
46,CR,2,-0.00880,0.05848,0.01959,0.01394,0.000,0.000
46,CR,3,-0.08904,0.15563,0.04177,0.03926,0.000,0.000
46,CR,4,0.00000,0.00000,0.00000,0.00000,0.000,0.000
46,CR,5,0.00000,0.00000,0.00000,0.00000,0.000,0.000
46,CR,6,0.00000,0.00000,0.00000,0.00000,0.000,0.000
46,CR,7,-0.02681,0.05524,0.01376,0.01644,0.000,0.000
46,CR,8,-0.15553,0.08937,-0.03671,0.04328,0.000,0.000
46,CR,9,0.00000,0.00000,0.00000,0.00000,0.000,0.000
46,CR,10,0.00000,0.00000,0.00000,0.00000,0.000,0.000
46,CR,11,0.00000,0.00000,0.00000,0.00000,0.000,0.000
46,Core,0,-0.02367,0.08918,0.02365,0.02785,0.000,0.000
46,Core,1,-0.11074,0.06292,-0.01912,0.03863,0.000,0.000
46,Core,2,-0.02197,0.03679,0.01378,0.01184,0.000,0.000
46,Core,3,0.00566,0.03810,0.01762,0.00570,0.000,0.000
46,Core,4,-0.02907,0.01468,-0.00882,0.00948,0.000,0.000
46,Core,5,-0.03582,-0.00671,-0.01741,0.00518,0.000,0.000
46,Core,6,0.00000,0.00000,0.00000,0.00000,0.000,0.000
46,Core,7,-0.00385,0.04014,0.01814,0.00941,0.000,0.000
46,Core,8,-0.03865,0.02030,-0.01208,0.01215,0.000,0.000
46,Core,9,0.00000,0.00000,0.00000,0.00000,0.000,0.000
46,Core,10,-0.03364,0.00527,-0.01459,0.00654,0.000,0.000
46,Core,11,0.00000,0.00000,0.00000,0.00000,0.000,0.000
46,Moderator,0,-0.06322,0.12411,0.02909,0.03870,0.000,0.000
46,Moderator,1,-0.22355,0.12936,-0.03693,0.07377,0.000,0.000
46,Moderator,2,-0.06990,0.12735,0.02852,0.04026,0.000,0.000
46,Moderator,3,-0.05550,0.13629,0.03317,0.03729,0.000,0.000
46,Moderator,4,0.00000,0.00000,0.00000,0.00000,0.000,0.000
46,Moderator,5,0.00000,0.00000,0.00000,0.00000,0.000,0.000
46,Moderator,6,0.00000,0.00000,0.00000,0.00000,0.000,0.000
46,Moderator,7,-0.12163,0.02560,-0.04378,0.03844,0.000,0.000
46,Moderator,8,-0.15491,0.40104,0.11735,0.13434,0.000,0.000
46,Moderator,9,0.00000,0.00000,0.00000,0.00000,0.000,0.000
46,Moderator,10,0.00000,0.00000,0.00000,0.00000,0.000,0.000
46,Moderator,11,0.00000,0.00000,0.00000,0.00000,0.000,0.000
47,CR,0,-0.09478,0.01676,-0.01886,0.01880,0.000,0.000
47,CR,1,-0.06785,0.09902,0.00115,0.02542,0.000,0.000
47,CR,2,-0.00903,0.05860,0.01951,0.01400,0.000,0.000
47,CR,3,-0.08945,0.15546,0.04162,0.03921,0.000,0.000
47,CR,4,0.00000,0.00000,0.00000,0.00000,0.000,0.000
47,CR,5,0.00000,0.00000,0.00000,0.00000,0.000,0.000
47,CR,6,0.00000,0.00000,0.00000,0.00000,0.000,0.000
47,CR,7,-0.02684,0.05543,0.01381,0.01647,0.000,0.000
47,CR,8,-0.15547,0.08956,-0.03669,0.04327,0.000,0.000
47,CR,9,0.00000,0.00000,0.00000,0.00000,0.000,0.000
47,CR,10,0.00000,0.00000,0.00000,0.00000,0.000,0.000
47,CR,11,0.00000,0.00000,0.00000,0.00000,0.000,0.000
47,Core,0,-0.02393,0.08946,0.02366,0.02801,0.000,0.000
47,Core,1,-0.11103,0.06361,-0.01895,0.03882,0.000,0.000
47,Core,2,-0.02209,0.03673,0.01377,0.01181,0.000,0.000
47,Core,3,0.00560,0.03768,0.01758,0.00567,0.000,0.000
47,Core,4,-0.02898,0.01475,-0.00880,0.00942,0.000,0.000
47,Core,5,-0.03538,-0.00665,-0.01737,0.00516,0.000,0.000
47,Core,6,0.00000,0.00000,0.00000,0.00000,0.000,0.000
47,Core,7,-0.00397,0.04004,0.01812,0.00937,0.000,0.000
47,Core,8,-0.03857,0.02036,-0.01207,0.01210,0.000,0.000
47,Core,9,0.00000,0.00000,0.00000,0.00000,0.000,0.000
47,Core,10,-0.03365,0.00542,-0.01455,0.00659,0.000,0.000
47,Core,11,0.00000,0.00000,0.00000,0.00000,0.000,0.000
47,Moderator,0,-0.06346,0.12374,0.02902,0.03871,0.000,0.000
47,Moderator,1,-0.22386,0.12951,-0.03687,0.07390,0.000,0.000
47,Moderator,2,-0.07015,0.12701,0.02845,0.04028,0.000,0.000
47,Moderator,3,-0.05575,0.13587,0.03308,0.03728,0.000,0.000
47,Moderator,4,0.00000,0.00000,0.00000,0.00000,0.000,0.000
47,Moderator,5,0.00000,0.00000,0.00000,0.00000,0.000,0.000
47,Moderator,6,0.00000,0.00000,0.00000,0.00000,0.000,0.000
47,Moderator,7,-0.12179,0.02602,-0.04361,0.03861,0.000,0.000
47,Moderator,8,-0.15579,0.40113,0.11713,0.13468,0.000,0.000
47,Moderator,9,0.00000,0.00000,0.00000,0.00000,0.000,0.000
47,Moderator,10,0.00000,0.00000,0.00000,0.00000,0.000,0.000
47,Moderator,11,0.00000,0.00000,0.00000,0.00000,0.000,0.000
48,CR,0,-0.09488,0.01703,-0.01890,0.01889,0.000,0.000
48,CR,1,-0.06783,0.09857,0.00103,0.02532,0.000,0.000
48,CR,2,-0.00881,0.05851,0.01958,0.01391,0.000,0.000
48,CR,3,-0.08951,0.15534,0.04160,0.03918,0.000,0.000
48,CR,4,0.00000,0.00000,0.00000,0.00000,0.000,0.000
48,CR,5,0.00000,0.00000,0.00000,0.00000,0.000,0.000
48,CR,6,0.00000,0.00000,0.00000,0.00000,0.000,0.000
48,CR,7,-0.02701,0.05595,0.01390,0.01656,0.000,0.000
48,CR,8,-0.15574,0.08969,-0.03673,0.04335,0.000,0.000
48,CR,9,0.00000,0.00000,0.00000,0.00000,0.000,0.000
48,CR,10,0.00000,0.00000,0.00000,0.00000,0.000,0.000
48,CR,11,0.00000,0.00000,0.00000,0.00000,0.000,0.000
48,Core,0,-0.02359,0.08931,0.02375,0.02791,0.000,0.000
48,Core,1,-0.11122,0.06385,-0.01892,0.03891,0.000,0.000
48,Core,2,-0.02173,0.03691,0.01384,0.01183,0.000,0.000
48,Core,3,0.00572,0.03793,0.01767,0.00568,0.000,0.000
48,Core,4,-0.02915,0.01436,-0.00886,0.00946,0.000,0.000
48,Core,5,-0.03562,-0.00678,-0.01746,0.00516,0.000,0.000
48,Core,6,0.00000,0.00000,0.00000,0.00000,0.000,0.000
48,Core,7,-0.00406,0.04043,0.01821,0.00946,0.000,0.000
48,Core,8,-0.03875,0.01998,-0.01213,0.01211,0.000,0.000
48,Core,9,0.00000,0.00000,0.00000,0.00000,0.000,0.000
48,Core,10,-0.03350,0.00505,-0.01463,0.00652,0.000,0.000
48,Core,11,0.00000,0.00000,0.00000,0.00000,0.000,0.000
48,Moderator,0,-0.06345,0.12396,0.02906,0.03888,0.000,0.000
48,Moderator,1,-0.22438,0.13000,-0.03686,0.07419,0.000,0.000
48,Moderator,2,-0.07016,0.12726,0.02849,0.04046,0.000,0.000
48,Moderator,3,-0.05573,0.13609,0.03313,0.03744,0.000,0.000
48,Moderator,4,0.00000,0.00000,0.00000,0.00000,0.000,0.000
48,Moderator,5,0.00000,0.00000,0.00000,0.00000,0.000,0.000
48,Moderator,6,0.00000,0.00000,0.00000,0.00000,0.000,0.000
48,Moderator,7,-0.12188,0.02582,-0.04368,0.03855,0.000,0.000
48,Moderator,8,-0.15605,0.40162,0.11733,0.13494,0.000,0.000
48,Moderator,9,0.00000,0.00000,0.00000,0.00000,0.000,0.000
48,Moderator,10,0.00000,0.00000,0.00000,0.00000,0.000,0.000
48,Moderator,11,0.00000,0.00000,0.00000,0.00000,0.000,0.000
49,CR,0,-0.09473,0.01687,-0.01889,0.01881,0.000,0.000
49,CR,1,-0.06782,0.09831,0.00096,0.02527,0.000,0.000
49,CR,2,-0.00893,0.05860,0.01959,0.01395,0.000,0.000
49,CR,3,-0.08945,0.15482,0.04150,0.03910,0.000,0.000
49,CR,4,0.00000,0.00000,0.00000,0.00000,0.000,0.000
49,CR,5,0.00000,0.00000,0.00000,0.00000,0.000,0.000
49,CR,6,0.00000,0.00000,0.00000,0.00000,0.000,0.000
49,CR,7,-0.02694,0.05605,0.01395,0.01656,0.000,0.000
49,CR,8,-0.15579,0.08970,-0.03671,0.04336,0.000,0.000
49,CR,9,0.00000,0.00000,0.00000,0.00000,0.000,0.000
49,CR,10,0.00000,0.00000,0.00000,0.00000,0.000,0.000
49,CR,11,0.00000,0.00000,0.00000,0.00000,0.000,0.000
49,Core,0,-0.02371,0.08949,0.02382,0.02798,0.000,0.000
49,Core,1,-0.11145,0.06435,-0.01887,0.03902,0.000,0.000
49,Core,2,-0.02174,0.03699,0.01390,0.01184,0.000,0.000
49,Core,3,0.00572,0.03802,0.01771,0.00568,0.000,0.000
49,Core,4,-0.02924,0.01436,-0.00891,0.00945,0.000,0.000
49,Core,5,-0.03570,-0.00678,-0.01750,0.00516,0.000,0.000
49,Core,6,0.00000,0.00000,0.00000,0.00000,0.000,0.000
49,Core,7,-0.00406,0.04041,0.01827,0.00946,0.000,0.000
49,Core,8,-0.03884,0.01997,-0.01218,0.01212,0.000,0.000
49,Core,9,0.00000,0.00000,0.00000,0.00000,0.000,0.000
49,Core,10,-0.03372,0.00511,-0.01468,0.00657,0.000,0.000
49,Core,11,0.00000,0.00000,0.00000,0.00000,0.000,0.000
49,Moderator,0,-0.06341,0.12400,0.02907,0.03887,0.000,0.000
49,Moderator,1,-0.22445,0.13013,-0.03687,0.07425,0.000,0.000
49,Moderator,2,-0.07014,0.12732,0.02851,0.04045,0.000,0.000
49,Moderator,3,-0.05569,0.13609,0.03313,0.03742,0.000,0.000
49,Moderator,4,0.00000,0.00000,0.00000,0.00000,0.000,0.000
49,Moderator,5,0.00000,0.00000,0.00000,0.00000,0.000,0.000
49,Moderator,6,0.00000,0.00000,0.00000,0.00000,0.000,0.000
49,Moderator,7,-0.12207,0.02595,-0.04367,0.03867,0.000,0.000
49,Moderator,8,-0.15645,0.40209,0.11735,0.13518,0.000,0.000
49,Moderator,9,0.00000,0.00000,0.00000,0.00000,0.000,0.000
49,Moderator,10,0.00000,0.00000,0.00000,0.00000,0.000,0.000
49,Moderator,11,0.00000,0.00000,0.00000,0.00000,0.000,0.000
50,CR,0,-0.09475,0.01684,-0.01884,0.01879,0.000,0.000
50,CR,1,-0.06778,0.09832,0.00097,0.02526,0.000,0.000
50,CR,2,-0.00907,0.05863,0.01954,0.01399,0.000,0.000
50,CR,3,-0.08943,0.15457,0.04145,0.03907,0.000,0.000
50,CR,4,0.00000,0.00000,0.00000,0.00000,0.000,0.000
50,CR,5,0.00000,0.00000,0.00000,0.00000,0.000,0.000
50,CR,6,0.00000,0.00000,0.00000,0.00000,0.000,0.000
50,CR,7,-0.02692,0.05595,0.01391,0.01656,0.000,0.000
50,CR,8,-0.15585,0.08973,-0.03668,0.04337,0.000,0.000
50,CR,9,0.00000,0.00000,0.00000,0.00000,0.000,0.000
50,CR,10,0.00000,0.00000,0.00000,0.00000,0.000,0.000
50,CR,11,0.00000,0.00000,0.00000,0.00000,0.000,0.000
50,Core,0,-0.02399,0.08954,0.02377,0.02804,0.000,0.000
50,Core,1,-0.11162,0.06495,-0.01876,0.03916,0.000,0.000
50,Core,2,-0.02178,0.03686,0.01384,0.01180,0.000,0.000
50,Core,3,0.00570,0.03795,0.01767,0.00567,0.000,0.000
50,Core,4,-0.02913,0.01437,-0.00887,0.00943,0.000,0.000
50,Core,5,-0.03562,-0.00677,-0.01745,0.00515,0.000,0.000
50,Core,6,0.00000,0.00000,0.00000,0.00000,0.000,0.000
50,Core,7,-0.00400,0.04026,0.01822,0.00942,0.000,0.000
50,Core,8,-0.03874,0.01997,-0.01213,0.01209,0.000,0.000
50,Core,9,0.00000,0.00000,0.00000,0.00000,0.000,0.000
50,Core,10,-0.03366,0.00519,-0.01463,0.00657,0.000,0.000
50,Core,11,0.00000,0.00000,0.00000,0.00000,0.000,0.000
50,Moderator,0,-0.06360,0.12423,0.02903,0.03893,0.000,0.000
50,Moderator,1,-0.22470,0.13049,-0.03685,0.07445,0.000,0.000
50,Moderator,2,-0.07034,0.12758,0.02848,0.04053,0.000,0.000
50,Moderator,3,-0.05587,0.13628,0.03309,0.03747,0.000,0.000
50,Moderator,4,0.00000,0.00000,0.00000,0.00000,0.000,0.000
50,Moderator,5,0.00000,0.00000,0.00000,0.00000,0.000,0.000
50,Moderator,6,0.00000,0.00000,0.00000,0.00000,0.000,0.000
50,Moderator,7,-0.12230,0.02638,-0.04356,0.03886,0.000,0.000
50,Moderator,8,-0.15727,0.40229,0.11726,0.13553,0.000,0.000
50,Moderator,9,0.00000,0.00000,0.00000,0.00000,0.000,0.000
50,Moderator,10,0.00000,0.00000,0.00000,0.00000,0.000,0.000
50,Moderator,11,0.00000,0.00000,0.00000,0.00000,0.000,0.000
51,CR,0,-0.09460,0.01684,-0.01874,0.01876,0.000,0.000
51,CR,1,-0.06773,0.09820,0.00096,0.02522,0.000,0.000
51,CR,2,-0.00917,0.05857,0.01946,0.01401,0.000,0.000
51,CR,3,-0.08940,0.15457,0.04144,0.03908,0.000,0.000
51,CR,4,0.00000,0.00000,0.00000,0.00000,0.000,0.000
51,CR,5,0.00000,0.00000,0.00000,0.00000,0.000,0.000
51,CR,6,0.00000,0.00000,0.00000,0.00000,0.000,0.000
51,CR,7,-0.02698,0.05604,0.01389,0.01659,0.000,0.000
51,CR,8,-0.15601,0.08979,-0.03667,0.04342,0.000,0.000
51,CR,9,0.00000,0.00000,0.00000,0.00000,0.000,0.000
51,CR,10,0.00000,0.00000,0.00000,0.00000,0.000,0.000
51,CR,11,0.00000,0.00000,0.00000,0.00000,0.000,0.000
51,Core,0,-0.02413,0.08962,0.02371,0.02808,0.000,0.000
51,Core,1,-0.11166,0.06532,-0.01866,0.03925,0.000,0.000
51,Core,2,-0.02183,0.03673,0.01377,0.01180,0.000,0.000
51,Core,3,0.00562,0.03780,0.01759,0.00567,0.000,0.000
51,Core,4,-0.02900,0.01438,-0.00879,0.00943,0.000,0.000
51,Core,5,-0.03546,-0.00669,-0.01737,0.00515,0.000,0.000
51,Core,6,0.00000,0.00000,0.00000,0.00000,0.000,0.000
51,Core,7,-0.00403,0.04019,0.01814,0.00941,0.000,0.000
51,Core,8,-0.03860,0.01999,-0.01205,0.01207,0.000,0.000
51,Core,9,0.00000,0.00000,0.00000,0.00000,0.000,0.000
51,Core,10,-0.03357,0.00530,-0.01456,0.00657,0.000,0.000
51,Core,11,0.00000,0.00000,0.00000,0.00000,0.000,0.000
51,Moderator,0,-0.06377,0.12425,0.02895,0.03897,0.000,0.000
51,Moderator,1,-0.22490,0.13085,-0.03677,0.07461,0.000,0.000
51,Moderator,2,-0.07052,0.12762,0.02840,0.04057,0.000,0.000
51,Moderator,3,-0.05603,0.13627,0.03300,0.03749,0.000,0.000
51,Moderator,4,0.00000,0.00000,0.00000,0.00000,0.000,0.000
51,Moderator,5,0.00000,0.00000,0.00000,0.00000,0.000,0.000
51,Moderator,6,0.00000,0.00000,0.00000,0.00000,0.000,0.000
51,Moderator,7,-0.12238,0.02681,-0.04343,0.03903,0.000,0.000
51,Moderator,8,-0.15783,0.40250,0.11712,0.13586,0.000,0.000
51,Moderator,9,0.00000,0.00000,0.00000,0.00000,0.000,0.000
51,Moderator,10,0.00000,0.00000,0.00000,0.00000,0.000,0.000
51,Moderator,11,0.00000,0.00000,0.00000,0.00000,0.000,0.000
52,CR,0,-0.09516,0.01707,-0.01888,0.01891,0.000,0.000
52,CR,1,-0.06767,0.09811,0.00094,0.02519,0.000,0.000
52,CR,2,-0.00890,0.05850,0.01960,0.01394,0.000,0.000
52,CR,3,-0.08932,0.15471,0.04152,0.03910,0.000,0.000
52,CR,4,0.00000,0.00000,0.00000,0.00000,0.000,0.000
52,CR,5,0.00000,0.00000,0.00000,0.00000,0.000,0.000
52,CR,6,0.00000,0.00000,0.00000,0.00000,0.000,0.000
52,CR,7,-0.02704,0.05620,0.01393,0.01663,0.000,0.000
52,CR,8,-0.15615,0.08978,-0.03673,0.04345,0.000,0.000
52,CR,9,0.00000,0.00000,0.00000,0.00000,0.000,0.000
52,CR,10,0.00000,0.00000,0.00000,0.00000,0.000,0.000
52,CR,11,0.00000,0.00000,0.00000,0.00000,0.000,0.000
52,Core,0,-0.02380,0.08955,0.02383,0.02795,0.000,0.000
52,Core,1,-0.11172,0.06517,-0.01875,0.03925,0.000,0.000
52,Core,2,-0.02156,0.03680,0.01385,0.01181,0.000,0.000
52,Core,3,0.00574,0.03830,0.01772,0.00571,0.000,0.000
52,Core,4,-0.02908,0.01416,-0.00886,0.00947,0.000,0.000
52,Core,5,-0.03596,-0.00681,-0.01751,0.00518,0.000,0.000
52,Core,6,0.00000,0.00000,0.00000,0.00000,0.000,0.000
52,Core,7,-0.00389,0.04063,0.01827,0.00949,0.000,0.000
52,Core,8,-0.03868,0.01981,-0.01211,0.01209,0.000,0.000
52,Core,9,0.00000,0.00000,0.00000,0.00000,0.000,0.000
52,Core,10,-0.03356,0.00493,-0.01467,0.00648,0.000,0.000
52,Core,11,0.00000,0.00000,0.00000,0.00000,0.000,0.000
52,Moderator,0,-0.06376,0.12476,0.02907,0.03912,0.000,0.000
52,Moderator,1,-0.22531,0.13105,-0.03686,0.07477,0.000,0.000
52,Moderator,2,-0.07051,0.12815,0.02852,0.04073,0.000,0.000
52,Moderator,3,-0.05602,0.13679,0.03314,0.03765,0.000,0.000
52,Moderator,4,0.00000,0.00000,0.00000,0.00000,0.000,0.000
52,Moderator,5,0.00000,0.00000,0.00000,0.00000,0.000,0.000
52,Moderator,6,0.00000,0.00000,0.00000,0.00000,0.000,0.000
52,Moderator,7,-0.12234,0.02643,-0.04360,0.03889,0.000,0.000
52,Moderator,8,-0.15750,0.40284,0.11741,0.13584,0.000,0.000
52,Moderator,9,0.00000,0.00000,0.00000,0.00000,0.000,0.000
52,Moderator,10,0.00000,0.00000,0.00000,0.00000,0.000,0.000
52,Moderator,11,0.00000,0.00000,0.00000,0.00000,0.000,0.000
53,CR,0,-0.09502,0.01697,-0.01887,0.01887,0.000,0.000
53,CR,1,-0.06770,0.09813,0.00094,0.02521,0.000,0.000
53,CR,2,-0.00902,0.05863,0.01959,0.01398,0.000,0.000
53,CR,3,-0.08938,0.15473,0.04152,0.03910,0.000,0.000
53,CR,4,0.00000,0.00000,0.00000,0.00000,0.000,0.000
53,CR,5,0.00000,0.00000,0.00000,0.00000,0.000,0.000
53,CR,6,0.00000,0.00000,0.00000,0.00000,0.000,0.000
53,CR,7,-0.02697,0.05607,0.01391,0.01660,0.000,0.000
53,CR,8,-0.15611,0.08981,-0.03674,0.04344,0.000,0.000
53,CR,9,0.00000,0.00000,0.00000,0.00000,0.000,0.000
53,CR,10,0.00000,0.00000,0.00000,0.00000,0.000,0.000
53,CR,11,0.00000,0.00000,0.00000,0.00000,0.000,0.000
53,Core,0,-0.02406,0.08982,0.02383,0.02809,0.000,0.000
53,Core,1,-0.11193,0.06541,-0.01875,0.03934,0.000,0.000
53,Core,2,-0.02174,0.03682,0.01385,0.01181,0.000,0.000
53,Core,3,0.00572,0.03812,0.01770,0.00569,0.000,0.000
53,Core,4,-0.02909,0.01432,-0.00887,0.00945,0.000,0.000
53,Core,5,-0.03578,-0.00679,-0.01749,0.00517,0.000,0.000
53,Core,6,0.00000,0.00000,0.00000,0.00000,0.000,0.000
53,Core,7,-0.00398,0.04047,0.01824,0.00945,0.000,0.000
53,Core,8,-0.03869,0.01996,-0.01212,0.01209,0.000,0.000
53,Core,9,0.00000,0.00000,0.00000,0.00000,0.000,0.000
53,Core,10,-0.03368,0.00511,-0.01466,0.00655,0.000,0.000
53,Core,11,0.00000,0.00000,0.00000,0.00000,0.000,0.000
53,Moderator,0,-0.06379,0.12469,0.02907,0.03909,0.000,0.000
53,Moderator,1,-0.22531,0.13099,-0.03686,0.07476,0.000,0.000
53,Moderator,2,-0.07055,0.12809,0.02852,0.04070,0.000,0.000
53,Moderator,3,-0.05605,0.13672,0.03314,0.03762,0.000,0.000
53,Moderator,4,0.00000,0.00000,0.00000,0.00000,0.000,0.000
53,Moderator,5,0.00000,0.00000,0.00000,0.00000,0.000,0.000
53,Moderator,6,0.00000,0.00000,0.00000,0.00000,0.000,0.000
53,Moderator,7,-0.12248,0.02660,-0.04358,0.03897,0.000,0.000
53,Moderator,8,-0.15767,0.40290,0.11737,0.13592,0.000,0.000
53,Moderator,9,0.00000,0.00000,0.00000,0.00000,0.000,0.000
53,Moderator,10,0.00000,0.00000,0.00000,0.00000,0.000,0.000
53,Moderator,11,0.00000,0.00000,0.00000,0.00000,0.000,0.000
54,CR,0,-0.09481,0.01692,-0.01887,0.01883,0.000,0.000
54,CR,1,-0.06774,0.09822,0.00096,0.02523,0.000,0.000
54,CR,2,-0.00909,0.05875,0.01959,0.01402,0.000,0.000
54,CR,3,-0.08943,0.15472,0.04150,0.03910,0.000,0.000
54,CR,4,0.00000,0.00000,0.00000,0.00000,0.000,0.000
54,CR,5,0.00000,0.00000,0.00000,0.00000,0.000,0.000
54,CR,6,0.00000,0.00000,0.00000,0.00000,0.000,0.000
54,CR,7,-0.02690,0.05590,0.01390,0.01658,0.000,0.000
54,CR,8,-0.15603,0.08983,-0.03674,0.04342,0.000,0.000
54,CR,9,0.00000,0.00000,0.00000,0.00000,0.000,0.000
54,CR,10,0.00000,0.00000,0.00000,0.00000,0.000,0.000
54,CR,11,0.00000,0.00000,0.00000,0.00000,0.000,0.000
54,Core,0,-0.02425,0.09001,0.02384,0.02820,0.000,0.000
54,Core,1,-0.11215,0.06568,-0.01875,0.03943,0.000,0.000
54,Core,2,-0.02185,0.03690,0.01385,0.01182,0.000,0.000
54,Core,3,0.00573,0.03794,0.01770,0.00567,0.000,0.000
54,Core,4,-0.02917,0.01442,-0.00888,0.00945,0.000,0.000
54,Core,5,-0.03560,-0.00680,-0.01748,0.00515,0.000,0.000
54,Core,6,0.00000,0.00000,0.00000,0.00000,0.000,0.000
54,Core,7,-0.00410,0.04036,0.01823,0.00943,0.000,0.000
54,Core,8,-0.03878,0.02006,-0.01213,0.01210,0.000,0.000
54,Core,9,0.00000,0.00000,0.00000,0.00000,0.000,0.000
54,Core,10,-0.03377,0.00520,-0.01466,0.00660,0.000,0.000
54,Core,11,0.00000,0.00000,0.00000,0.00000,0.000,0.000
54,Moderator,0,-0.06374,0.12452,0.02908,0.03904,0.000,0.000
54,Moderator,1,-0.22524,0.13090,-0.03687,0.07471,0.000,0.000
54,Moderator,2,-0.07050,0.12794,0.02854,0.04065,0.000,0.000
54,Moderator,3,-0.05600,0.13655,0.03315,0.03756,0.000,0.000
54,Moderator,4,0.00000,0.00000,0.00000,0.00000,0.000,0.000
54,Moderator,5,0.00000,0.00000,0.00000,0.00000,0.000,0.000
54,Moderator,6,0.00000,0.00000,0.00000,0.00000,0.000,0.000
54,Moderator,7,-0.12264,0.02672,-0.04357,0.03903,0.000,0.000
54,Moderator,8,-0.15783,0.40297,0.11737,0.13597,0.000,0.000
54,Moderator,9,0.00000,0.00000,0.00000,0.00000,0.000,0.000
54,Moderator,10,0.00000,0.00000,0.00000,0.00000,0.000,0.000
54,Moderator,11,0.00000,0.00000,0.00000,0.00000,0.000,0.000
55,CR,0,-0.09468,0.01691,-0.01885,0.01880,0.000,0.000
55,CR,1,-0.06775,0.09825,0.00096,0.02524,0.000,0.000
55,CR,2,-0.00907,0.05878,0.01957,0.01402,0.000,0.000
55,CR,3,-0.08942,0.15466,0.04149,0.03909,0.000,0.000
55,CR,4,0.00000,0.00000,0.00000,0.00000,0.000,0.000
55,CR,5,0.00000,0.00000,0.00000,0.00000,0.000,0.000
55,CR,6,0.00000,0.00000,0.00000,0.00000,0.000,0.000
55,CR,7,-0.02689,0.05590,0.01389,0.01658,0.000,0.000
55,CR,8,-0.15600,0.08983,-0.03674,0.04341,0.000,0.000
55,CR,9,0.00000,0.00000,0.00000,0.00000,0.000,0.000
55,CR,10,0.00000,0.00000,0.00000,0.00000,0.000,0.000
55,CR,11,0.00000,0.00000,0.00000,0.00000,0.000,0.000
55,Core,0,-0.02432,0.08992,0.02382,0.02821,0.000,0.000
55,Core,1,-0.11230,0.06582,-0.01872,0.03947,0.000,0.000
55,Core,2,-0.02192,0.03684,0.01383,0.01180,0.000,0.000
55,Core,3,0.00570,0.03784,0.01768,0.00566,0.000,0.000
55,Core,4,-0.02911,0.01450,-0.00886,0.00942,0.000,0.000
55,Core,5,-0.03549,-0.00677,-0.01746,0.00514,0.000,0.000
55,Core,6,0.00000,0.00000,0.00000,0.00000,0.000,0.000
55,Core,7,-0.00416,0.04041,0.01821,0.00943,0.000,0.000
55,Core,8,-0.03872,0.02014,-0.01211,0.01207,0.000,0.000
55,Core,9,0.00000,0.00000,0.00000,0.00000,0.000,0.000
55,Core,10,-0.03370,0.00526,-0.01464,0.00659,0.000,0.000
55,Core,11,0.00000,0.00000,0.00000,0.00000,0.000,0.000
55,Moderator,0,-0.06383,0.12439,0.02906,0.03904,0.000,0.000
55,Moderator,1,-0.22530,0.13091,-0.03684,0.07473,0.000,0.000
55,Moderator,2,-0.07060,0.12781,0.02851,0.04066,0.000,0.000
55,Moderator,3,-0.05610,0.13641,0.03312,0.03756,0.000,0.000
55,Moderator,4,0.00000,0.00000,0.00000,0.00000,0.000,0.000
55,Moderator,5,0.00000,0.00000,0.00000,0.00000,0.000,0.000
55,Moderator,6,0.00000,0.00000,0.00000,0.00000,0.000,0.000
55,Moderator,7,-0.12273,0.02680,-0.04355,0.03905,0.000,0.000
55,Moderator,8,-0.15791,0.40292,0.11737,0.13601,0.000,0.000
55,Moderator,9,0.00000,0.00000,0.00000,0.00000,0.000,0.000
55,Moderator,10,0.00000,0.00000,0.00000,0.00000,0.000,0.000
55,Moderator,11,0.00000,0.00000,0.00000,0.00000,0.000,0.000
56,CR,0,-0.09473,0.01698,-0.01883,0.01881,0.000,0.000
56,CR,1,-0.06774,0.09822,0.00096,0.02523,0.000,0.000
56,CR,2,-0.00904,0.05871,0.01954,0.01401,0.000,0.000
56,CR,3,-0.08943,0.15467,0.04149,0.03909,0.000,0.000
56,CR,4,0.00000,0.00000,0.00000,0.00000,0.000,0.000
56,CR,5,0.00000,0.00000,0.00000,0.00000,0.000,0.000
56,CR,6,0.00000,0.00000,0.00000,0.00000,0.000,0.000
56,CR,7,-0.02695,0.05598,0.01388,0.01661,0.000,0.000
56,CR,8,-0.15601,0.08981,-0.03672,0.04342,0.000,0.000
56,CR,9,0.00000,0.00000,0.00000,0.00000,0.000,0.000
56,CR,10,0.00000,0.00000,0.00000,0.00000,0.000,0.000
56,CR,11,0.00000,0.00000,0.00000,0.00000,0.000,0.000
56,Core,0,-0.02425,0.08982,0.02380,0.02817,0.000,0.000
56,Core,1,-0.11227,0.06585,-0.01868,0.03947,0.000,0.000
56,Core,2,-0.02195,0.03678,0.01381,0.01180,0.000,0.000
56,Core,3,0.00566,0.03790,0.01766,0.00568,0.000,0.000
56,Core,4,-0.02906,0.01452,-0.00884,0.00942,0.000,0.000
56,Core,5,-0.03556,-0.00673,-0.01745,0.00515,0.000,0.000
56,Core,6,0.00000,0.00000,0.00000,0.00000,0.000,0.000
56,Core,7,-0.00419,0.04050,0.01820,0.00946,0.000,0.000
56,Core,8,-0.03867,0.02016,-0.01209,0.01207,0.000,0.000
56,Core,9,0.00000,0.00000,0.00000,0.00000,0.000,0.000
56,Core,10,-0.03364,0.00530,-0.01462,0.00657,0.000,0.000
56,Core,11,0.00000,0.00000,0.00000,0.00000,0.000,0.000
56,Moderator,0,-0.06392,0.12448,0.02903,0.03908,0.000,0.000
56,Moderator,1,-0.22546,0.13105,-0.03681,0.07480,0.000,0.000
56,Moderator,2,-0.07069,0.12790,0.02849,0.04070,0.000,0.000
56,Moderator,3,-0.05618,0.13650,0.03310,0.03760,0.000,0.000
56,Moderator,4,0.00000,0.00000,0.00000,0.00000,0.000,0.000
56,Moderator,5,0.00000,0.00000,0.00000,0.00000,0.000,0.000
56,Moderator,6,0.00000,0.00000,0.00000,0.00000,0.000,0.000
56,Moderator,7,-0.12268,0.02680,-0.04352,0.03904,0.000,0.000
56,Moderator,8,-0.15800,0.40297,0.11735,0.13606,0.000,0.000
56,Moderator,9,0.00000,0.00000,0.00000,0.00000,0.000,0.000
56,Moderator,10,0.00000,0.00000,0.00000,0.00000,0.000,0.000
56,Moderator,11,0.00000,0.00000,0.00000,0.00000,0.000,0.000
57,CR,0,-0.09463,0.01700,-0.01878,0.01880,0.000,0.000
57,CR,1,-0.06773,0.09819,0.00095,0.02522,0.000,0.000
57,CR,2,-0.00904,0.05865,0.01951,0.01400,0.000,0.000
57,CR,3,-0.08943,0.15468,0.04148,0.03910,0.000,0.000
57,CR,4,0.00000,0.00000,0.00000,0.00000,0.000,0.000
57,CR,5,0.00000,0.00000,0.00000,0.00000,0.000,0.000
57,CR,6,0.00000,0.00000,0.00000,0.00000,0.000,0.000
57,CR,7,-0.02696,0.05600,0.01387,0.01661,0.000,0.000
57,CR,8,-0.15601,0.08981,-0.03671,0.04342,0.000,0.000
57,CR,9,0.00000,0.00000,0.00000,0.00000,0.000,0.000
57,CR,10,0.00000,0.00000,0.00000,0.00000,0.000,0.000
57,CR,11,0.00000,0.00000,0.00000,0.00000,0.000,0.000
57,Core,0,-0.02422,0.08975,0.02378,0.02815,0.000,0.000
57,Core,1,-0.11222,0.06595,-0.01862,0.03948,0.000,0.000
57,Core,2,-0.02199,0.03677,0.01378,0.01181,0.000,0.000
57,Core,3,0.00563,0.03785,0.01763,0.00568,0.000,0.000
57,Core,4,-0.02905,0.01454,-0.00881,0.00943,0.000,0.000
57,Core,5,-0.03550,-0.00670,-0.01741,0.00515,0.000,0.000
57,Core,6,0.00000,0.00000,0.00000,0.00000,0.000,0.000
57,Core,7,-0.00423,0.04049,0.01817,0.00947,0.000,0.000
57,Core,8,-0.03866,0.02017,-0.01206,0.01207,0.000,0.000
57,Core,9,0.00000,0.00000,0.00000,0.00000,0.000,0.000
57,Core,10,-0.03359,0.00536,-0.01459,0.00656,0.000,0.000
57,Core,11,0.00000,0.00000,0.00000,0.00000,0.000,0.000
57,Moderator,0,-0.06393,0.12442,0.02899,0.03909,0.000,0.000
57,Moderator,1,-0.22550,0.13115,-0.03678,0.07484,0.000,0.000
57,Moderator,2,-0.07071,0.12784,0.02845,0.04071,0.000,0.000
57,Moderator,3,-0.05620,0.13643,0.03305,0.03761,0.000,0.000
57,Moderator,4,0.00000,0.00000,0.00000,0.00000,0.000,0.000
57,Moderator,5,0.00000,0.00000,0.00000,0.00000,0.000,0.000
57,Moderator,6,0.00000,0.00000,0.00000,0.00000,0.000,0.000
57,Moderator,7,-0.12261,0.02685,-0.04346,0.03905,0.000,0.000
57,Moderator,8,-0.15811,0.40293,0.11726,0.13611,0.000,0.000
57,Moderator,9,0.00000,0.00000,0.00000,0.00000,0.000,0.000
57,Moderator,10,0.00000,0.00000,0.00000,0.00000,0.000,0.000
57,Moderator,11,0.00000,0.00000,0.00000,0.00000,0.000,0.000
58,CR,0,-0.09467,0.01696,-0.01879,0.01880,0.000,0.000
58,CR,1,-0.06772,0.09819,0.00095,0.02522,0.000,0.000
58,CR,2,-0.00906,0.05867,0.01953,0.01400,0.000,0.000
58,CR,3,-0.08942,0.15472,0.04150,0.03910,0.000,0.000
58,CR,4,0.00000,0.00000,0.00000,0.00000,0.000,0.000
58,CR,5,0.00000,0.00000,0.00000,0.00000,0.000,0.000
58,CR,6,0.00000,0.00000,0.00000,0.00000,0.000,0.000
58,CR,7,-0.02695,0.05598,0.01387,0.01661,0.000,0.000
58,CR,8,-0.15602,0.08980,-0.03672,0.04343,0.000,0.000
58,CR,9,0.00000,0.00000,0.00000,0.00000,0.000,0.000
58,CR,10,0.00000,0.00000,0.00000,0.00000,0.000,0.000
58,CR,11,0.00000,0.00000,0.00000,0.00000,0.000,0.000
58,Core,0,-0.02420,0.08979,0.02380,0.02816,0.000,0.000
58,Core,1,-0.11226,0.06604,-0.01862,0.03950,0.000,0.000
58,Core,2,-0.02196,0.03686,0.01380,0.01182,0.000,0.000
58,Core,3,0.00568,0.03788,0.01764,0.00567,0.000,0.000
58,Core,4,-0.02913,0.01451,-0.00884,0.00944,0.000,0.000
58,Core,5,-0.03553,-0.00675,-0.01743,0.00515,0.000,0.000
58,Core,6,0.00000,0.00000,0.00000,0.00000,0.000,0.000
58,Core,7,-0.00420,0.04044,0.01818,0.00946,0.000,0.000
58,Core,8,-0.03874,0.02013,-0.01208,0.01209,0.000,0.000
58,Core,9,0.00000,0.00000,0.00000,0.00000,0.000,0.000
58,Core,10,-0.03366,0.00534,-0.01461,0.00658,0.000,0.000
58,Core,11,0.00000,0.00000,0.00000,0.00000,0.000,0.000
58,Moderator,0,-0.06386,0.12448,0.02901,0.03908,0.000,0.000
58,Moderator,1,-0.22552,0.13117,-0.03680,0.07485,0.000,0.000
58,Moderator,2,-0.07064,0.12791,0.02847,0.04071,0.000,0.000
58,Moderator,3,-0.05612,0.13649,0.03307,0.03760,0.000,0.000
58,Moderator,4,0.00000,0.00000,0.00000,0.00000,0.000,0.000
58,Moderator,5,0.00000,0.00000,0.00000,0.00000,0.000,0.000
58,Moderator,6,0.00000,0.00000,0.00000,0.00000,0.000,0.000
58,Moderator,7,-0.12265,0.02688,-0.04346,0.03908,0.000,0.000
58,Moderator,8,-0.15817,0.40303,0.11727,0.13616,0.000,0.000
58,Moderator,9,0.00000,0.00000,0.00000,0.00000,0.000,0.000
58,Moderator,10,0.00000,0.00000,0.00000,0.00000,0.000,0.000
58,Moderator,11,0.00000,0.00000,0.00000,0.00000,0.000,0.000
59,CR,0,-0.09469,0.01695,-0.01880,0.01880,0.000,0.000
59,CR,1,-0.06772,0.09818,0.00095,0.02522,0.000,0.000
59,CR,2,-0.00907,0.05868,0.01954,0.01400,0.000,0.000
59,CR,3,-0.08941,0.15475,0.04151,0.03911,0.000,0.000
59,CR,4,0.00000,0.00000,0.00000,0.00000,0.000,0.000
59,CR,5,0.00000,0.00000,0.00000,0.00000,0.000,0.000
59,CR,6,0.00000,0.00000,0.00000,0.00000,0.000,0.000
59,CR,7,-0.02694,0.05598,0.01388,0.01661,0.000,0.000
59,CR,8,-0.15603,0.08979,-0.03673,0.04343,0.000,0.000
59,CR,9,0.00000,0.00000,0.00000,0.00000,0.000,0.000
59,CR,10,0.00000,0.00000,0.00000,0.00000,0.000,0.000
59,CR,11,0.00000,0.00000,0.00000,0.00000,0.000,0.000
59,Core,0,-0.02419,0.08984,0.02381,0.02816,0.000,0.000
59,Core,1,-0.11227,0.06609,-0.01863,0.03952,0.000,0.000
59,Core,2,-0.02194,0.03690,0.01382,0.01183,0.000,0.000
59,Core,3,0.00571,0.03791,0.01766,0.00567,0.000,0.000
59,Core,4,-0.02917,0.01448,-0.00885,0.00945,0.000,0.000
59,Core,5,-0.03557,-0.00678,-0.01744,0.00515,0.000,0.000
59,Core,6,0.00000,0.00000,0.00000,0.00000,0.000,0.000
59,Core,7,-0.00418,0.04044,0.01820,0.00946,0.000,0.000
59,Core,8,-0.03878,0.02011,-0.01210,0.01210,0.000,0.000
59,Core,9,0.00000,0.00000,0.00000,0.00000,0.000,0.000
59,Core,10,-0.03370,0.00532,-0.01462,0.00659,0.000,0.000
59,Core,11,0.00000,0.00000,0.00000,0.00000,0.000,0.000
59,Moderator,0,-0.06382,0.12453,0.02903,0.03909,0.000,0.000
59,Moderator,1,-0.22557,0.13120,-0.03682,0.07487,0.000,0.000
59,Moderator,2,-0.07060,0.12797,0.02849,0.04071,0.000,0.000
59,Moderator,3,-0.05609,0.13654,0.03309,0.03761,0.000,0.000
59,Moderator,4,0.00000,0.00000,0.00000,0.00000,0.000,0.000
59,Moderator,5,0.00000,0.00000,0.00000,0.00000,0.000,0.000
59,Moderator,6,0.00000,0.00000,0.00000,0.00000,0.000,0.000
59,Moderator,7,-0.12266,0.02688,-0.04347,0.03909,0.000,0.000
59,Moderator,8,-0.15822,0.40311,0.11728,0.13619,0.000,0.000
59,Moderator,9,0.00000,0.00000,0.00000,0.00000,0.000,0.000
59,Moderator,10,0.00000,0.00000,0.00000,0.00000,0.000,0.000
59,Moderator,11,0.00000,0.00000,0.00000,0.00000,0.000,0.000
60,CR,0,-0.09474,0.01695,-0.01882,0.01881,0.000,0.000
60,CR,1,-0.06772,0.09818,0.00095,0.02522,0.000,0.000
60,CR,2,-0.00907,0.05869,0.01956,0.01400,0.000,0.000
60,CR,3,-0.08939,0.15478,0.04152,0.03911,0.000,0.000
60,CR,4,0.00000,0.00000,0.00000,0.00000,0.000,0.000
60,CR,5,0.00000,0.00000,0.00000,0.00000,0.000,0.000
60,CR,6,0.00000,0.00000,0.00000,0.00000,0.000,0.000
60,CR,7,-0.02693,0.05599,0.01389,0.01661,0.000,0.000
60,CR,8,-0.15603,0.08977,-0.03674,0.04343,0.000,0.000
60,CR,9,0.00000,0.00000,0.00000,0.00000,0.000,0.000
60,CR,10,0.00000,0.00000,0.00000,0.00000,0.000,0.000
60,CR,11,0.00000,0.00000,0.00000,0.00000,0.000,0.000
60,Core,0,-0.02417,0.08989,0.02383,0.02817,0.000,0.000
60,Core,1,-0.11229,0.06611,-0.01864,0.03953,0.000,0.000
60,Core,2,-0.02192,0.03693,0.01383,0.01183,0.000,0.000
60,Core,3,0.00573,0.03797,0.01767,0.00568,0.000,0.000
60,Core,4,-0.02919,0.01446,-0.00886,0.00946,0.000,0.000
60,Core,5,-0.03562,-0.00680,-0.01746,0.00515,0.000,0.000
60,Core,6,0.00000,0.00000,0.00000,0.00000,0.000,0.000
60,Core,7,-0.00416,0.04044,0.01822,0.00947,0.000,0.000
60,Core,8,-0.03880,0.02009,-0.01211,0.01210,0.000,0.000
60,Core,9,0.00000,0.00000,0.00000,0.00000,0.000,0.000
60,Core,10,-0.03374,0.00530,-0.01463,0.00659,0.000,0.000
60,Core,11,0.00000,0.00000,0.00000,0.00000,0.000,0.000
60,Moderator,0,-0.06380,0.12461,0.02905,0.03910,0.000,0.000
60,Moderator,1,-0.22561,0.13122,-0.03685,0.07488,0.000,0.000
60,Moderator,2,-0.07058,0.12805,0.02851,0.04072,0.000,0.000
60,Moderator,3,-0.05607,0.13661,0.03311,0.03761,0.000,0.000
60,Moderator,4,0.00000,0.00000,0.00000,0.00000,0.000,0.000
60,Moderator,5,0.00000,0.00000,0.00000,0.00000,0.000,0.000
60,Moderator,6,0.00000,0.00000,0.00000,0.00000,0.000,0.000
60,Moderator,7,-0.12267,0.02688,-0.04348,0.03911,0.000,0.000
60,Moderator,8,-0.15825,0.40319,0.11729,0.13622,0.000,0.000
60,Moderator,9,0.00000,0.00000,0.00000,0.00000,0.000,0.000
60,Moderator,10,0.00000,0.00000,0.00000,0.00000,0.000,0.000
60,Moderator,11,0.00000,0.00000,0.00000,0.00000,0.000,0.000
61,CR,0,-0.09478,0.01697,-0.01882,0.01882,0.000,0.000
61,CR,1,-0.06772,0.09818,0.00095,0.02522,0.000,0.000
61,CR,2,-0.00907,0.05867,0.01957,0.01399,0.000,0.000
61,CR,3,-0.08938,0.15479,0.04152,0.03911,0.000,0.000
61,CR,4,0.00000,0.00000,0.00000,0.00000,0.000,0.000
61,CR,5,0.00000,0.00000,0.00000,0.00000,0.000,0.000
61,CR,6,0.00000,0.00000,0.00000,0.00000,0.000,0.000
61,CR,7,-0.02693,0.05600,0.01390,0.01661,0.000,0.000
61,CR,8,-0.15603,0.08977,-0.03674,0.04343,0.000,0.000
61,CR,9,0.00000,0.00000,0.00000,0.00000,0.000,0.000
61,CR,10,0.00000,0.00000,0.00000,0.00000,0.000,0.000
61,CR,11,0.00000,0.00000,0.00000,0.00000,0.000,0.000
61,Core,0,-0.02414,0.08990,0.02384,0.02816,0.000,0.000
61,Core,1,-0.11226,0.06611,-0.01863,0.03953,0.000,0.000
61,Core,2,-0.02190,0.03694,0.01384,0.01184,0.000,0.000
61,Core,3,0.00573,0.03801,0.01768,0.00568,0.000,0.000
61,Core,4,-0.02921,0.01445,-0.00887,0.00947,0.000,0.000
61,Core,5,-0.03566,-0.00681,-0.01746,0.00516,0.000,0.000
61,Core,6,0.00000,0.00000,0.00000,0.00000,0.000,0.000
61,Core,7,-0.00415,0.04046,0.01822,0.00947,0.000,0.000
61,Core,8,-0.03882,0.02008,-0.01211,0.01211,0.000,0.000
61,Core,9,0.00000,0.00000,0.00000,0.00000,0.000,0.000
61,Core,10,-0.03376,0.00529,-0.01464,0.00659,0.000,0.000
61,Core,11,0.00000,0.00000,0.00000,0.00000,0.000,0.000
61,Moderator,0,-0.06380,0.12466,0.02906,0.03911,0.000,0.000
61,Moderator,1,-0.22566,0.13126,-0.03685,0.07490,0.000,0.000
61,Moderator,2,-0.07058,0.12810,0.02851,0.04074,0.000,0.000
61,Moderator,3,-0.05606,0.13666,0.03311,0.03763,0.000,0.000
61,Moderator,4,0.00000,0.00000,0.00000,0.00000,0.000,0.000
61,Moderator,5,0.00000,0.00000,0.00000,0.00000,0.000,0.000
61,Moderator,6,0.00000,0.00000,0.00000,0.00000,0.000,0.000
61,Moderator,7,-0.12265,0.02685,-0.04349,0.03910,0.000,0.000
61,Moderator,8,-0.15826,0.40325,0.11730,0.13623,0.000,0.000
61,Moderator,9,0.00000,0.00000,0.00000,0.00000,0.000,0.000
61,Moderator,10,0.00000,0.00000,0.00000,0.00000,0.000,0.000
61,Moderator,11,0.00000,0.00000,0.00000,0.00000,0.000,0.000
62,CR,0,-0.09480,0.01698,-0.01882,0.01882,0.000,0.000
62,CR,1,-0.06772,0.09818,0.00094,0.02522,0.000,0.000
62,CR,2,-0.00906,0.05865,0.01957,0.01399,0.000,0.000
62,CR,3,-0.08936,0.15479,0.04152,0.03911,0.000,0.000
62,CR,4,0.00000,0.00000,0.00000,0.00000,0.000,0.000
62,CR,5,0.00000,0.00000,0.00000,0.00000,0.000,0.000
62,CR,6,0.00000,0.00000,0.00000,0.00000,0.000,0.000
62,CR,7,-0.02694,0.05602,0.01390,0.01662,0.000,0.000
62,CR,8,-0.15604,0.08977,-0.03674,0.04344,0.000,0.000
62,CR,9,0.00000,0.00000,0.00000,0.00000,0.000,0.000
62,CR,10,0.00000,0.00000,0.00000,0.00000,0.000,0.000
62,CR,11,0.00000,0.00000,0.00000,0.00000,0.000,0.000
62,Core,0,-0.02411,0.08990,0.02385,0.02815,0.000,0.000
62,Core,1,-0.11226,0.06612,-0.01863,0.03953,0.000,0.000
62,Core,2,-0.02190,0.03694,0.01384,0.01184,0.000,0.000
62,Core,3,0.00573,0.03804,0.01768,0.00569,0.000,0.000
62,Core,4,-0.02921,0.01444,-0.00887,0.00948,0.000,0.000
62,Core,5,-0.03569,-0.00680,-0.01747,0.00516,0.000,0.000
62,Core,6,0.00000,0.00000,0.00000,0.00000,0.000,0.000
62,Core,7,-0.00416,0.04048,0.01823,0.00948,0.000,0.000
62,Core,8,-0.03882,0.02007,-0.01211,0.01211,0.000,0.000
62,Core,9,0.00000,0.00000,0.00000,0.00000,0.000,0.000
62,Core,10,-0.03376,0.00529,-0.01464,0.00659,0.000,0.000
62,Core,11,0.00000,0.00000,0.00000,0.00000,0.000,0.000
62,Moderator,0,-0.06381,0.12469,0.02906,0.03912,0.000,0.000
62,Moderator,1,-0.22570,0.13130,-0.03686,0.07492,0.000,0.000
62,Moderator,2,-0.07058,0.12813,0.02852,0.04075,0.000,0.000
62,Moderator,3,-0.05607,0.13670,0.03312,0.03763,0.000,0.000
62,Moderator,4,0.00000,0.00000,0.00000,0.00000,0.000,0.000
62,Moderator,5,0.00000,0.00000,0.00000,0.00000,0.000,0.000
62,Moderator,6,0.00000,0.00000,0.00000,0.00000,0.000,0.000
62,Moderator,7,-0.12264,0.02683,-0.04349,0.03910,0.000,0.000
62,Moderator,8,-0.15827,0.40331,0.11730,0.13624,0.000,0.000
62,Moderator,9,0.00000,0.00000,0.00000,0.00000,0.000,0.000
62,Moderator,10,0.00000,0.00000,0.00000,0.00000,0.000,0.000
62,Moderator,11,0.00000,0.00000,0.00000,0.00000,0.000,0.000
63,CR,0,-0.09486,0.01699,-0.01882,0.01883,0.000,0.000
63,CR,1,-0.06772,0.09821,0.00095,0.02522,0.000,0.000
63,CR,2,-0.00906,0.05865,0.01958,0.01399,0.000,0.000
63,CR,3,-0.08935,0.15480,0.04153,0.03911,0.000,0.000
63,CR,4,0.00000,0.00000,0.00000,0.00000,0.000,0.000
63,CR,5,0.00000,0.00000,0.00000,0.00000,0.000,0.000
63,CR,6,0.00000,0.00000,0.00000,0.00000,0.000,0.000
63,CR,7,-0.02693,0.05601,0.01390,0.01662,0.000,0.000
63,CR,8,-0.15605,0.08976,-0.03675,0.04344,0.000,0.000
63,CR,9,0.00000,0.00000,0.00000,0.00000,0.000,0.000
63,CR,10,0.00000,0.00000,0.00000,0.00000,0.000,0.000
63,CR,11,0.00000,0.00000,0.00000,0.00000,0.000,0.000
63,Core,0,-0.02409,0.08992,0.02386,0.02814,0.000,0.000
63,Core,1,-0.11227,0.06615,-0.01863,0.03953,0.000,0.000
63,Core,2,-0.02189,0.03694,0.01385,0.01185,0.000,0.000
63,Core,3,0.00573,0.03809,0.01769,0.00570,0.000,0.000
63,Core,4,-0.02921,0.01443,-0.00887,0.00948,0.000,0.000
63,Core,5,-0.03574,-0.00680,-0.01747,0.00517,0.000,0.000
63,Core,6,0.00000,0.00000,0.00000,0.00000,0.000,0.000
63,Core,7,-0.00415,0.04049,0.01823,0.00949,0.000,0.000
63,Core,8,-0.03882,0.02006,-0.01212,0.01212,0.000,0.000
63,Core,9,0.00000,0.00000,0.00000,0.00000,0.000,0.000
63,Core,10,-0.03379,0.00528,-0.01465,0.00659,0.000,0.000
63,Core,11,0.00000,0.00000,0.00000,0.00000,0.000,0.000
63,Moderator,0,-0.06381,0.12478,0.02907,0.03913,0.000,0.000
63,Moderator,1,-0.22574,0.13133,-0.03687,0.07494,0.000,0.000
63,Moderator,2,-0.07059,0.12823,0.02853,0.04076,0.000,0.000
63,Moderator,3,-0.05607,0.13678,0.03313,0.03765,0.000,0.000
63,Moderator,4,0.00000,0.00000,0.00000,0.00000,0.000,0.000
63,Moderator,5,0.00000,0.00000,0.00000,0.00000,0.000,0.000
63,Moderator,6,0.00000,0.00000,0.00000,0.00000,0.000,0.000
63,Moderator,7,-0.12265,0.02684,-0.04349,0.03911,0.000,0.000
63,Moderator,8,-0.15830,0.40338,0.11730,0.13627,0.000,0.000
63,Moderator,9,0.00000,0.00000,0.00000,0.00000,0.000,0.000
63,Moderator,10,0.00000,0.00000,0.00000,0.00000,0.000,0.000
63,Moderator,11,0.00000,0.00000,0.00000,0.00000,0.000,0.000
64,CR,0,-0.09487,0.01700,-0.01881,0.01883,0.000,0.000
64,CR,1,-0.06773,0.09823,0.00095,0.02522,0.000,0.000
64,CR,2,-0.00907,0.05863,0.01956,0.01399,0.000,0.000
64,CR,3,-0.08934,0.15479,0.04153,0.03911,0.000,0.000
64,CR,4,0.00000,0.00000,0.00000,0.00000,0.000,0.000
64,CR,5,0.00000,0.00000,0.00000,0.00000,0.000,0.000
64,CR,6,0.00000,0.00000,0.00000,0.00000,0.000,0.000
64,CR,7,-0.02692,0.05599,0.01389,0.01662,0.000,0.000
64,CR,8,-0.15605,0.08976,-0.03674,0.04344,0.000,0.000
64,CR,9,0.00000,0.00000,0.00000,0.00000,0.000,0.000
64,CR,10,0.00000,0.00000,0.00000,0.00000,0.000,0.000
64,CR,11,0.00000,0.00000,0.00000,0.00000,0.000,0.000
64,Core,0,-0.02410,0.08992,0.02385,0.02815,0.000,0.000
64,Core,1,-0.11226,0.06619,-0.01861,0.03954,0.000,0.000
64,Core,2,-0.02191,0.03693,0.01384,0.01185,0.000,0.000
64,Core,3,0.00571,0.03810,0.01768,0.00570,0.000,0.000
64,Core,4,-0.02920,0.01445,-0.00886,0.00948,0.000,0.000
64,Core,5,-0.03574,-0.00679,-0.01746,0.00517,0.000,0.000
64,Core,6,0.00000,0.00000,0.00000,0.00000,0.000,0.000
64,Core,7,-0.00417,0.04048,0.01822,0.00949,0.000,0.000
64,Core,8,-0.03881,0.02008,-0.01211,0.01211,0.000,0.000
64,Core,9,0.00000,0.00000,0.00000,0.00000,0.000,0.000
64,Core,10,-0.03378,0.00530,-0.01464,0.00659,0.000,0.000
64,Core,11,0.00000,0.00000,0.00000,0.00000,0.000,0.000
64,Moderator,0,-0.06384,0.12481,0.02906,0.03914,0.000,0.000
64,Moderator,1,-0.22577,0.13138,-0.03686,0.07497,0.000,0.000
64,Moderator,2,-0.07061,0.12826,0.02852,0.04077,0.000,0.000
64,Moderator,3,-0.05610,0.13681,0.03312,0.03766,0.000,0.000
64,Moderator,4,0.00000,0.00000,0.00000,0.00000,0.000,0.000
64,Moderator,5,0.00000,0.00000,0.00000,0.00000,0.000,0.000
64,Moderator,6,0.00000,0.00000,0.00000,0.00000,0.000,0.000
64,Moderator,7,-0.12264,0.02685,-0.04347,0.03912,0.000,0.000
64,Moderator,8,-0.15835,0.40341,0.11728,0.13629,0.000,0.000
64,Moderator,9,0.00000,0.00000,0.00000,0.00000,0.000,0.000
64,Moderator,10,0.00000,0.00000,0.00000,0.00000,0.000,0.000
64,Moderator,11,0.00000,0.00000,0.00000,0.00000,0.000,0.000
65,CR,0,-0.09484,0.01700,-0.01880,0.01883,0.000,0.000
65,CR,1,-0.06773,0.09824,0.00095,0.02523,0.000,0.000
65,CR,2,-0.00907,0.05862,0.01956,0.01399,0.000,0.000
65,CR,3,-0.08933,0.15478,0.04153,0.03911,0.000,0.000
65,CR,4,0.00000,0.00000,0.00000,0.00000,0.000,0.000
65,CR,5,0.00000,0.00000,0.00000,0.00000,0.000,0.000
65,CR,6,0.00000,0.00000,0.00000,0.00000,0.000,0.000
65,CR,7,-0.02690,0.05598,0.01389,0.01662,0.000,0.000
65,CR,8,-0.15604,0.08975,-0.03674,0.04344,0.000,0.000
65,CR,9,0.00000,0.00000,0.00000,0.00000,0.000,0.000
65,CR,10,0.00000,0.00000,0.00000,0.00000,0.000,0.000
65,CR,11,0.00000,0.00000,0.00000,0.00000,0.000,0.000
65,Core,0,-0.02411,0.08992,0.02385,0.02815,0.000,0.000
65,Core,1,-0.11226,0.06623,-0.01860,0.03955,0.000,0.000
65,Core,2,-0.02191,0.03693,0.01384,0.01185,0.000,0.000
65,Core,3,0.00571,0.03808,0.01767,0.00570,0.000,0.000
65,Core,4,-0.02920,0.01445,-0.00886,0.00948,0.000,0.000
65,Core,5,-0.03573,-0.00679,-0.01746,0.00517,0.000,0.000
65,Core,6,0.00000,0.00000,0.00000,0.00000,0.000,0.000
65,Core,7,-0.00416,0.04048,0.01822,0.00949,0.000,0.000
65,Core,8,-0.03881,0.02008,-0.01211,0.01211,0.000,0.000
65,Core,9,0.00000,0.00000,0.00000,0.00000,0.000,0.000
65,Core,10,-0.03377,0.00531,-0.01464,0.00659,0.000,0.000
65,Core,11,0.00000,0.00000,0.00000,0.00000,0.000,0.000
65,Moderator,0,-0.06384,0.12479,0.02905,0.03914,0.000,0.000
65,Moderator,1,-0.22578,0.13140,-0.03686,0.07498,0.000,0.000
65,Moderator,2,-0.07062,0.12825,0.02851,0.04077,0.000,0.000
65,Moderator,3,-0.05610,0.13679,0.03311,0.03766,0.000,0.000
65,Moderator,4,0.00000,0.00000,0.00000,0.00000,0.000,0.000
65,Moderator,5,0.00000,0.00000,0.00000,0.00000,0.000,0.000
65,Moderator,6,0.00000,0.00000,0.00000,0.00000,0.000,0.000
65,Moderator,7,-0.12263,0.02687,-0.04346,0.03913,0.000,0.000
65,Moderator,8,-0.15839,0.40342,0.11727,0.13631,0.000,0.000
65,Moderator,9,0.00000,0.00000,0.00000,0.00000,0.000,0.000
65,Moderator,10,0.00000,0.00000,0.00000,0.00000,0.000,0.000
65,Moderator,11,0.00000,0.00000,0.00000,0.00000,0.000,0.000
66,CR,0,-0.09483,0.01700,-0.01880,0.01882,0.000,0.000
66,CR,1,-0.06774,0.09826,0.00096,0.02523,0.000,0.000
66,CR,2,-0.00908,0.05863,0.01956,0.01399,0.000,0.000
66,CR,3,-0.08931,0.15478,0.04153,0.03911,0.000,0.000
66,CR,4,0.00000,0.00000,0.00000,0.00000,0.000,0.000
66,CR,5,0.00000,0.00000,0.00000,0.00000,0.000,0.000
66,CR,6,0.00000,0.00000,0.00000,0.00000,0.000,0.000
66,CR,7,-0.02688,0.05596,0.01389,0.01662,0.000,0.000
66,CR,8,-0.15604,0.08974,-0.03674,0.04344,0.000,0.000
66,CR,9,0.00000,0.00000,0.00000,0.00000,0.000,0.000
66,CR,10,0.00000,0.00000,0.00000,0.00000,0.000,0.000
66,CR,11,0.00000,0.00000,0.00000,0.00000,0.000,0.000
66,Core,0,-0.02411,0.08995,0.02386,0.02815,0.000,0.000
66,Core,1,-0.11228,0.06627,-0.01860,0.03956,0.000,0.000
66,Core,2,-0.02190,0.03695,0.01384,0.01185,0.000,0.000
66,Core,3,0.00572,0.03808,0.01768,0.00570,0.000,0.000
66,Core,4,-0.02922,0.01444,-0.00887,0.00948,0.000,0.000
66,Core,5,-0.03573,-0.00680,-0.01746,0.00517,0.000,0.000
66,Core,6,0.00000,0.00000,0.00000,0.00000,0.000,0.000
66,Core,7,-0.00415,0.04047,0.01822,0.00949,0.000,0.000
66,Core,8,-0.03883,0.02007,-0.01211,0.01212,0.000,0.000
66,Core,9,0.00000,0.00000,0.00000,0.00000,0.000,0.000
66,Core,10,-0.03379,0.00529,-0.01464,0.00659,0.000,0.000
66,Core,11,0.00000,0.00000,0.00000,0.00000,0.000,0.000
66,Moderator,0,-0.06383,0.12480,0.02906,0.03915,0.000,0.000
66,Moderator,1,-0.22582,0.13144,-0.03686,0.07500,0.000,0.000
66,Moderator,2,-0.07061,0.12826,0.02852,0.04078,0.000,0.000
66,Moderator,3,-0.05609,0.13680,0.03311,0.03766,0.000,0.000
66,Moderator,4,0.00000,0.00000,0.00000,0.00000,0.000,0.000
66,Moderator,5,0.00000,0.00000,0.00000,0.00000,0.000,0.000
66,Moderator,6,0.00000,0.00000,0.00000,0.00000,0.000,0.000
66,Moderator,7,-0.12265,0.02688,-0.04346,0.03914,0.000,0.000
66,Moderator,8,-0.15843,0.40349,0.11728,0.13633,0.000,0.000
66,Moderator,9,0.00000,0.00000,0.00000,0.00000,0.000,0.000
66,Moderator,10,0.00000,0.00000,0.00000,0.00000,0.000,0.000
66,Moderator,11,0.00000,0.00000,0.00000,0.00000,0.000,0.000
67,CR,0,-0.09477,0.01698,-0.01879,0.01881,0.000,0.000
67,CR,1,-0.06775,0.09828,0.00096,0.02523,0.000,0.000
67,CR,2,-0.00909,0.05864,0.01956,0.01399,0.000,0.000
67,CR,3,-0.08930,0.15476,0.04153,0.03910,0.000,0.000
67,CR,4,0.00000,0.00000,0.00000,0.00000,0.000,0.000
67,CR,5,0.00000,0.00000,0.00000,0.00000,0.000,0.000
67,CR,6,0.00000,0.00000,0.00000,0.00000,0.000,0.000
67,CR,7,-0.02686,0.05595,0.01389,0.01662,0.000,0.000
67,CR,8,-0.15604,0.08973,-0.03674,0.04343,0.000,0.000
67,CR,9,0.00000,0.00000,0.00000,0.00000,0.000,0.000
67,CR,10,0.00000,0.00000,0.00000,0.00000,0.000,0.000
67,CR,11,0.00000,0.00000,0.00000,0.00000,0.000,0.000
67,Core,0,-0.02414,0.08995,0.02385,0.02816,0.000,0.000
67,Core,1,-0.11229,0.06632,-0.01859,0.03957,0.000,0.000
67,Core,2,-0.02191,0.03694,0.01384,0.01184,0.000,0.000
67,Core,3,0.00572,0.03804,0.01767,0.00569,0.000,0.000
67,Core,4,-0.02921,0.01445,-0.00887,0.00947,0.000,0.000
67,Core,5,-0.03568,-0.00680,-0.01746,0.00516,0.000,0.000
67,Core,6,0.00000,0.00000,0.00000,0.00000,0.000,0.000
67,Core,7,-0.00414,0.04045,0.01822,0.00948,0.000,0.000
67,Core,8,-0.03883,0.02008,-0.01211,0.01211,0.000,0.000
67,Core,9,0.00000,0.00000,0.00000,0.00000,0.000,0.000
67,Core,10,-0.03378,0.00531,-0.01463,0.00659,0.000,0.000
67,Core,11,0.00000,0.00000,0.00000,0.00000,0.000,0.000
67,Moderator,0,-0.06385,0.12475,0.02905,0.03915,0.000,0.000
67,Moderator,1,-0.22583,0.13146,-0.03685,0.07501,0.000,0.000
67,Moderator,2,-0.07062,0.12821,0.02851,0.04078,0.000,0.000
67,Moderator,3,-0.05611,0.13675,0.03310,0.03766,0.000,0.000
67,Moderator,4,0.00000,0.00000,0.00000,0.00000,0.000,0.000
67,Moderator,5,0.00000,0.00000,0.00000,0.00000,0.000,0.000
67,Moderator,6,0.00000,0.00000,0.00000,0.00000,0.000,0.000
67,Moderator,7,-0.12267,0.02692,-0.04345,0.03915,0.000,0.000
67,Moderator,8,-0.15850,0.40349,0.11727,0.13636,0.000,0.000
67,Moderator,9,0.00000,0.00000,0.00000,0.00000,0.000,0.000
67,Moderator,10,0.00000,0.00000,0.00000,0.00000,0.000,0.000
67,Moderator,11,0.00000,0.00000,0.00000,0.00000,0.000,0.000
68,CR,0,-0.09470,0.01696,-0.01879,0.01880,0.000,0.000
68,CR,1,-0.06775,0.09829,0.00096,0.02523,0.000,0.000
68,CR,2,-0.00910,0.05866,0.01955,0.01400,0.000,0.000
68,CR,3,-0.08928,0.15476,0.04153,0.03910,0.000,0.000
68,CR,4,0.00000,0.00000,0.00000,0.00000,0.000,0.000
68,CR,5,0.00000,0.00000,0.00000,0.00000,0.000,0.000
68,CR,6,0.00000,0.00000,0.00000,0.00000,0.000,0.000
68,CR,7,-0.02684,0.05593,0.01389,0.01661,0.000,0.000
68,CR,8,-0.15603,0.08971,-0.03674,0.04343,0.000,0.000
68,CR,9,0.00000,0.00000,0.00000,0.00000,0.000,0.000
68,CR,10,0.00000,0.00000,0.00000,0.00000,0.000,0.000
68,CR,11,0.00000,0.00000,0.00000,0.00000,0.000,0.000
68,Core,0,-0.02417,0.08997,0.02386,0.02818,0.000,0.000
68,Core,1,-0.11233,0.06638,-0.01858,0.03959,0.000,0.000
68,Core,2,-0.02192,0.03694,0.01384,0.01184,0.000,0.000
68,Core,3,0.00573,0.03800,0.01767,0.00568,0.000,0.000
68,Core,4,-0.02921,0.01445,-0.00887,0.00946,0.000,0.000
68,Core,5,-0.03564,-0.00680,-0.01746,0.00516,0.000,0.000
68,Core,6,0.00000,0.00000,0.00000,0.00000,0.000,0.000
68,Core,7,-0.00412,0.04045,0.01822,0.00947,0.000,0.000
68,Core,8,-0.03883,0.02008,-0.01211,0.01210,0.000,0.000
68,Core,9,0.00000,0.00000,0.00000,0.00000,0.000,0.000
68,Core,10,-0.03378,0.00531,-0.01463,0.00659,0.000,0.000
68,Core,11,0.00000,0.00000,0.00000,0.00000,0.000,0.000
68,Moderator,0,-0.06386,0.12469,0.02904,0.03914,0.000,0.000
68,Moderator,1,-0.22585,0.13147,-0.03685,0.07501,0.000,0.000
68,Moderator,2,-0.07063,0.12816,0.02851,0.04077,0.000,0.000
68,Moderator,3,-0.05612,0.13669,0.03310,0.03765,0.000,0.000
68,Moderator,4,0.00000,0.00000,0.00000,0.00000,0.000,0.000
68,Moderator,5,0.00000,0.00000,0.00000,0.00000,0.000,0.000
68,Moderator,6,0.00000,0.00000,0.00000,0.00000,0.000,0.000
68,Moderator,7,-0.12270,0.02695,-0.04344,0.03916,0.000,0.000
68,Moderator,8,-0.15855,0.40350,0.11727,0.13639,0.000,0.000
68,Moderator,9,0.00000,0.00000,0.00000,0.00000,0.000,0.000
68,Moderator,10,0.00000,0.00000,0.00000,0.00000,0.000,0.000
68,Moderator,11,0.00000,0.00000,0.00000,0.00000,0.000,0.000
69,CR,0,-0.09470,0.01695,-0.01879,0.01879,0.000,0.000
69,CR,1,-0.06776,0.09829,0.00096,0.02523,0.000,0.000
69,CR,2,-0.00910,0.05867,0.01956,0.01400,0.000,0.000
69,CR,3,-0.08925,0.15476,0.04154,0.03910,0.000,0.000
69,CR,4,0.00000,0.00000,0.00000,0.00000,0.000,0.000
69,CR,5,0.00000,0.00000,0.00000,0.00000,0.000,0.000
69,CR,6,0.00000,0.00000,0.00000,0.00000,0.000,0.000
69,CR,7,-0.02683,0.05596,0.01390,0.01662,0.000,0.000
69,CR,8,-0.15604,0.08970,-0.03675,0.04343,0.000,0.000
69,CR,9,0.00000,0.00000,0.00000,0.00000,0.000,0.000
69,CR,10,0.00000,0.00000,0.00000,0.00000,0.000,0.000
69,CR,11,0.00000,0.00000,0.00000,0.00000,0.000,0.000
69,Core,0,-0.02418,0.09000,0.02386,0.02818,0.000,0.000
69,Core,1,-0.11235,0.06641,-0.01857,0.03960,0.000,0.000
69,Core,2,-0.02192,0.03693,0.01385,0.01183,0.000,0.000
69,Core,3,0.00572,0.03800,0.01768,0.00569,0.000,0.000
69,Core,4,-0.02920,0.01445,-0.00887,0.00946,0.000,0.000
69,Core,5,-0.03565,-0.00680,-0.01746,0.00516,0.000,0.000
69,Core,6,0.00000,0.00000,0.00000,0.00000,0.000,0.000
69,Core,7,-0.00411,0.04048,0.01822,0.00947,0.000,0.000
69,Core,8,-0.03882,0.02009,-0.01212,0.01210,0.000,0.000
69,Core,9,0.00000,0.00000,0.00000,0.00000,0.000,0.000
69,Core,10,-0.03378,0.00531,-0.01464,0.00659,0.000,0.000
69,Core,11,0.00000,0.00000,0.00000,0.00000,0.000,0.000
69,Moderator,0,-0.06387,0.12470,0.02905,0.03915,0.000,0.000
69,Moderator,1,-0.22588,0.13149,-0.03686,0.07502,0.000,0.000
69,Moderator,2,-0.07065,0.12817,0.02851,0.04078,0.000,0.000
69,Moderator,3,-0.05613,0.13670,0.03310,0.03766,0.000,0.000
69,Moderator,4,0.00000,0.00000,0.00000,0.00000,0.000,0.000
69,Moderator,5,0.00000,0.00000,0.00000,0.00000,0.000,0.000
69,Moderator,6,0.00000,0.00000,0.00000,0.00000,0.000,0.000
69,Moderator,7,-0.12272,0.02697,-0.04344,0.03918,0.000,0.000
69,Moderator,8,-0.15859,0.40355,0.11728,0.13641,0.000,0.000
69,Moderator,9,0.00000,0.00000,0.00000,0.00000,0.000,0.000
69,Moderator,10,0.00000,0.00000,0.00000,0.00000,0.000,0.000
69,Moderator,11,0.00000,0.00000,0.00000,0.00000,0.000,0.000
70,CR,0,-0.09469,0.01695,-0.01879,0.01879,0.000,0.000
70,CR,1,-0.06776,0.09830,0.00096,0.02523,0.000,0.000
70,CR,2,-0.00910,0.05868,0.01956,0.01400,0.000,0.000
70,CR,3,-0.08924,0.15475,0.04154,0.03910,0.000,0.000
70,CR,4,0.00000,0.00000,0.00000,0.00000,0.000,0.000
70,CR,5,0.00000,0.00000,0.00000,0.00000,0.000,0.000
70,CR,6,0.00000,0.00000,0.00000,0.00000,0.000,0.000
70,CR,7,-0.02682,0.05596,0.01390,0.01662,0.000,0.000
70,CR,8,-0.15604,0.08969,-0.03675,0.04343,0.000,0.000
70,CR,9,0.00000,0.00000,0.00000,0.00000,0.000,0.000
70,CR,10,0.00000,0.00000,0.00000,0.00000,0.000,0.000
70,CR,11,0.00000,0.00000,0.00000,0.00000,0.000,0.000
70,Core,0,-0.02419,0.09001,0.02387,0.02819,0.000,0.000
70,Core,1,-0.11238,0.06646,-0.01857,0.03962,0.000,0.000
70,Core,2,-0.02192,0.03694,0.01385,0.01183,0.000,0.000
70,Core,3,0.00573,0.03801,0.01768,0.00568,0.000,0.000
70,Core,4,-0.02922,0.01445,-0.00888,0.00946,0.000,0.000
70,Core,5,-0.03565,-0.00681,-0.01747,0.00516,0.000,0.000
70,Core,6,0.00000,0.00000,0.00000,0.00000,0.000,0.000
70,Core,7,-0.00410,0.04048,0.01823,0.00947,0.000,0.000
70,Core,8,-0.03884,0.02008,-0.01212,0.01210,0.000,0.000
70,Core,9,0.00000,0.00000,0.00000,0.00000,0.000,0.000
70,Core,10,-0.03379,0.00531,-0.01464,0.00659,0.000,0.000
70,Core,11,0.00000,0.00000,0.00000,0.00000,0.000,0.000
70,Moderator,0,-0.06386,0.12470,0.02905,0.03915,0.000,0.000
70,Moderator,1,-0.22590,0.13149,-0.03686,0.07502,0.000,0.000
70,Moderator,2,-0.07064,0.12817,0.02851,0.04078,0.000,0.000
70,Moderator,3,-0.05612,0.13670,0.03311,0.03765,0.000,0.000
70,Moderator,4,0.00000,0.00000,0.00000,0.00000,0.000,0.000
70,Moderator,5,0.00000,0.00000,0.00000,0.00000,0.000,0.000
70,Moderator,6,0.00000,0.00000,0.00000,0.00000,0.000,0.000
70,Moderator,7,-0.12275,0.02699,-0.04344,0.03919,0.000,0.000
70,Moderator,8,-0.15863,0.40359,0.11729,0.13644,0.000,0.000
70,Moderator,9,0.00000,0.00000,0.00000,0.00000,0.000,0.000
70,Moderator,10,0.00000,0.00000,0.00000,0.00000,0.000,0.000
70,Moderator,11,0.00000,0.00000,0.00000,0.00000,0.000,0.000
