epoch,sample_idx,b4c_r,cr_frac,fuel_r,enrichment,f_mod,water_r,CR_D1,CR_D2,CR_Sa1,CR_Sa2,CR_nSf1,CR_nSf2,CR_Ss11,CR_Ss22,CR_Ss12,CR_Ss21,CR_chi1,CR_chi2,Core_D1,Core_D2,Core_Sa1,Core_Sa2,Core_nSf1,Core_nSf2,Core_Ss11,Core_Ss22,Core_Ss12,Core_Ss21,Core_chi1,Core_chi2,Mod_D1,Mod_D2,Mod_Sa1,Mod_Sa2,Mod_nSf1,Mod_nSf2,Mod_Ss11,Mod_Ss22,Mod_Ss12,Mod_Ss21,Mod_chi1,Mod_chi2
0,0,5.718051910400391,0.4853350520133972,35.53858947753906,2.725451946258545,0.6682883501052856,52.399681091308594,1.011734127998352,0.01692873425781727,0.03462916240096092,12.9776029586792,0.0,0.0,0.28892648220062256,9.999999974752427e-07,0.0029020707588642836,0.768689751625061,0.0,0.0,0.9817904829978943,0.36636805534362793,0.01339405681937933,0.13904541730880737,0.008320738561451435,0.23279234766960144,0.3008742034435272,0.02497742511332035,0.00040648991125635803,0.778753936290741,1.0,0.0,0.8361220359802246,0.25917574763298035,0.000550429685972631,0.018930727615952492,0.0,0.0,0.34252890944480896,0.05586047098040581,9.41530306590721e-05,1.2688640356063843,0.0,0.0
0,1,1.5786056518554688,0.023806683719158173,24.641096115112305,6.069860935211182,0.501655101776123,46.074546813964844,0.779241144657135,0.15297412872314453,0.024191319942474365,1.4095134735107422,0.0,0.0,0.3985680639743805,0.0003015435650013387,0.005615434609353542,1.0011430978775024,0.0,0.0,1.0617731809616089,0.40267375111579895,0.019010210409760475,0.3126463294029236,0.017906678840517998,0.5938482284545898,0.28090518712997437,0.014210371300578117,0.0008153493981808424,0.5120794773101807,1.0,0.0,0.8240342140197754,0.25600066781044006,0.0005425973795354366,0.019126299768686295,0.0,0.0,0.34733134508132935,0.056471217423677444,6.7409266193863e-05,1.2823611497879028,0.0,0.0
0,2,4.814055919647217,0.9272704124450684,23.774517059326172,8.415337562561035,0.5009699463844299,43.3021125793457,0.8053193688392639,0.025078417733311653,0.05051259696483612,24.075660705566406,0.0,0.0,0.3652268648147583,6.707585998810828e-05,0.003926404286175966,0.5865384340286255,0.0,0.0,1.079290747642517,0.37259384989738464,0.020417284220457077,0.40665265917778015,0.021606674417853355,0.7907906770706177,0.2765694856643677,0.012144623324275017,0.0009306640713475645,0.48517513275146484,1.0,0.0,0.8285030126571655,0.2564697861671448,0.0005337686743587255,0.01909461058676243,0.0,0.0,0.346484899520874,0.05518206208944321,7.294867828022689e-05,1.2800567150115967,0.0,0.0
0,3,1.6831880807876587,0.08220234513282776,32.260719299316406,9.49625301361084,0.40242746472358704,52.99570846557617,0.8430065512657166,0.13755649328231812,0.02244248054921627,2.7133679389953613,0.0,0.0,0.37314340472221375,0.00018924142932519317,0.007124247029423714,0.9578610062599182,0.0,0.0,1.109218955039978,0.39958521723747253,0.023283444344997406,0.46846023201942444,0.0266362726688385,0.9192731976509094,0.26944226026535034,0.007798772770911455,0.0012366402661427855,0.3652118444442749,1.0,0.0,0.822822093963623,0.2566620111465454,0.0005294688162393868,0.019082417711615562,0.0,0.0,0.3495360314846039,0.05492713674902916,7.401263428619131e-05,1.2789803743362427,0.0,0.0
0,4,4.725555419921875,0.6815773844718933,25.127784729003906,4.447505950927734,0.5039949417114258,58.13910675048828,0.9325191378593445,0.007334392983466387,0.04569584131240845,16.84654998779297,0.0,0.0,0.311918169260025,9.999999974752427e-07,0.003674994222819805,0.6808232665061951,0.0,0.0,1.0662590265274048,0.41378703713417053,0.017172910273075104,0.25329795479774475,0.014593562111258507,0.467566579580307,0.28106996417045593,0.014594909735023975,0.000668671797029674,0.5518179535865784,1.0,0.0,0.8237424492835999,0.25500789284706116,0.0005486292066052556,0.019197136163711548,0.0,0.0,0.34691596031188965,0.05710254982113838,5.8532474213279784e-05,1.2874146699905396,0.0,0.0
1,0,5.718051910400391,0.4853350520133972,35.53858947753906,2.725451946258545,0.6682883501052856,52.399681091308594,0.9980258941650391,0.016054540872573853,0.03504321724176407,13.022239685058594,0.0,0.0,0.28892648220062256,1.0411860102976789e-06,0.0028456104919314384,0.768689751625061,0.0,0.0,0.9860873222351074,0.35985061526298523,0.013497350737452507,0.141657292842865,0.008262937888503075,0.22840851545333862,0.3008742034435272,0.025372369214892387,0.00040325234294869006,0.778753936290741,0.990960955619812,0.0,0.8470591902732849,0.2569786608219147,0.0005569644854404032,0.019240479916334152,0.0,0.0,0.34252890944480896,0.054062020033597946,9.904130274662748e-05,1.2688640356063843,0.0,0.0
1,1,1.5786056518554688,0.023806683719158173,24.641096115112305,6.069860935211182,0.501655101776123,46.074546813964844,0.7773392796516418,0.1492399424314499,0.024423768743872643,1.4461705684661865,0.0,0.0,0.3985680639743805,0.0003108839737251401,0.005432072561234236,1.0011430978775024,0.0,0.0,1.0969542264938354,0.3959805369377136,0.019406892359256744,0.31724926829338074,0.017568806186318398,0.5852528214454651,0.28090518712997437,0.014477229677140713,0.0008000701782293618,0.5120794773101807,0.9797343611717224,0.0,0.8367207646369934,0.25223618745803833,0.0005500856204889715,0.019396742805838585,0.0,0.0,0.34733134508132935,0.05583040416240692,6.86917919665575e-05,1.2823611497879028,0.0,0.0
1,2,4.814055919647217,0.9272704124450684,23.774517059326172,8.415337562561035,0.5009699463844299,43.3021125793457,0.7820618152618408,0.02465401403605938,0.05248142033815384,25.50120735168457,0.0,0.0,0.3652268648147583,6.878062413306907e-05,0.003679554210975766,0.5865384340286255,0.0,0.0,1.1248257160186768,0.36083275079727173,0.02109031192958355,0.415539026260376,0.020930299535393715,0.7740221619606018,0.2765694856643677,0.012440947815775871,0.0009003853774629533,0.48517513275146484,0.9695289731025696,0.0,0.8528311848640442,0.2493630051612854,0.0005482385167852044,0.019636960700154305,0.0,0.0,0.346484899520874,0.05377591773867607,7.62082272558473e-05,1.2800567150115967,0.0,0.0
1,3,1.6831880807876587,0.08220234513282776,32.260719299316406,9.49625301361084,0.40242746472358704,52.99570846557617,0.8350110054016113,0.13450559973716736,0.022988682612776756,2.8715732097625732,0.0,0.0,0.37314340472221375,0.00019490628619678319,0.00669798394665122,0.9578610062599182,0.0,0.0,1.1668050289154053,0.38898804783821106,0.023965775966644287,0.4748697578907013,0.025900449603796005,0.9071006774902344,0.26944226026535034,0.00791718065738678,0.0012028549099341035,0.3652118444442749,0.9707273840904236,0.0,0.8455699682235718,0.24998557567596436,0.000542336143553257,0.019528936594724655,0.0,0.0,0.3495360314846039,0.05449851602315903,7.528213609475642e-05,1.2789803743362427,0.0,0.0
1,4,4.725555419921875,0.6815773844718933,25.127784729003906,4.447505950927734,0.5039949417114258,58.13910675048828,0.9181352853775024,0.007192037999629974,0.04670627787709236,17.371015548706055,0.0,0.0,0.311918169260025,1.0155047220905544e-06,0.0035341887269169092,0.6808232665061951,0.0,0.0,1.0853251218795776,0.40459397435188293,0.01735006459057331,0.25707387924194336,0.014466609805822372,0.46071410179138184,0.28106996417045593,0.014776486903429031,0.0006634409073740244,0.5518179535865784,0.9873411655426025,0.0,0.8419272899627686,0.24987643957138062,0.000559877255000174,0.019626101478934288,0.0,0.0,0.34691596031188965,0.055667418986558914,6.0570640926016495e-05,1.2874146699905396,0.0,0.0
2,0,5.718051910400391,0.4853350520133972,35.53858947753906,2.725451946258545,0.6682883501052856,52.399681091308594,1.0012015104293823,0.016420915722846985,0.03482198715209961,12.362985610961914,0.0,0.0,0.28892648220062256,1.0267515335726785e-06,0.0029437625780701637,0.768689751625061,0.0,0.0,0.9771443605422974,0.3586524426937103,0.013442178256809711,0.14029572904109955,0.008294208906590939,0.2306022047996521,0.3008742034435272,0.0250992514193058,0.0004047485417686403,0.778753936290741,0.9970925450325012,0.0,0.8472355604171753,0.25611236691474915,0.0005571631481871009,0.01926696114242077,0.0,0.0,0.34252890944480896,0.05396698787808418,9.91437555057928e-05,1.2688640356063843,0.0,0.0
2,1,1.5786056518554688,0.023806683719158173,24.641096115112305,6.069860935211182,0.501655101776123,46.074546813964844,0.7787924408912659,0.15128402411937714,0.024382209405303,1.46840500831604,0.0,0.0,0.3985680639743805,0.0003089673409704119,0.005420969799160957,1.0011430978775024,0.0,0.0,1.0917600393295288,0.3977416455745697,0.01922796480357647,0.316541850566864,0.017738839611411095,0.5865581035614014,0.28090518712997437,0.014442474581301212,0.0008083995780907571,0.5120794773101807,0.9853417277336121,0.0,0.8350147604942322,0.25187501311302185,0.0005487936432473361,0.019357312470674515,0.0,0.0,0.34733134508132935,0.055877357721328735,6.905217014718801e-05,1.2823611497879028,0.0,0.0
2,2,4.814055919647217,0.9272704124450684,23.774517059326172,8.415337562561035,0.5009699463844299,43.3021125793457,0.7884421944618225,0.02499978430569172,0.0520232655107975,25.446025848388672,0.0,0.0,0.3652268648147583,6.805564044043422e-05,0.003683887654915452,0.5865384340286255,0.0,0.0,1.113876223564148,0.36083051562309265,0.020726099610328674,0.41198310256004333,0.021302055567502975,0.7805313467979431,0.2765694856643677,0.012318389490246773,0.0009164473740383983,0.48517513275146484,0.9822400808334351,0.0,0.847196102142334,0.25110524892807007,0.0005444692214950919,0.019542638212442398,0.0,0.0,0.346484899520874,0.05343840271234512,7.864697545301169e-05,1.2800567150115967,0.0,0.0
2,3,1.6831880807876587,0.08220234513282776,32.260719299316406,9.49625301361084,0.40242746472358704,52.99570846557617,0.843170166015625,0.13740384578704834,0.02280724048614502,2.935032844543457,0.0,0.0,0.37314340472221375,0.00019266521849203855,0.006669115740805864,0.9578610062599182,0.0,0.0,1.1542233228683472,0.39313602447509766,0.023430215194821358,0.47093772888183594,0.026486417278647423,0.9145758748054504,0.26944226026535034,0.007847373373806477,0.0012310033198446035,0.3652118444442749,0.9857816100120544,0.0,0.8389028310775757,0.25125065445899963,0.0005380143993534148,0.019381068646907806,0.0,0.0,0.3495360314846039,0.05464800074696541,7.626302976859733e-05,1.2789803743362427,0.0,0.0
2,4,4.725555419921875,0.6815773844718933,25.127784729003906,4.447505950927734,0.5039949417114258,58.13910675048828,0.9188805818557739,0.007297083735466003,0.04664396494626999,17.013500213623047,0.0,0.0,0.311918169260025,1.0067077482744935e-06,0.003564679529517889,0.6808232665061951,0.0,0.0,1.0808560848236084,0.4020952880382538,0.01721992716193199,0.2562846541404724,0.014573452062904835,0.4620989263057709,0.28106996417045593,0.014710613526403904,0.0006689026486128569,0.5518179535865784,0.9920288324356079,0.0,0.8445003628730774,0.24909400939941406,0.0005613790126517415,0.019696837291121483,0.0,0.0,0.34691596031188965,0.055341094732284546,6.122541526565328e-05,1.2874146699905396,0.0,0.0
3,0,5.718051910400391,0.4853350520133972,35.53858947753906,2.725451946258545,0.6682883501052856,52.399681091308594,0.9876514673233032,0.016581188887357712,0.03525995835661888,12.452213287353516,0.0,0.0,0.28892648220062256,1.0314839755665162e-06,0.0029391839634627104,0.768689751625061,0.0,0.0,0.9864667654037476,0.35681039094924927,0.01357137132436037,0.1422097533941269,0.008226604200899601,0.2275364100933075,0.3008742034435272,0.02545427903532982,0.0004014571604784578,0.778753936290741,0.9848476648330688,0.0,0.8550387620925903,0.25386160612106323,0.0005624467157758772,0.01945008710026741,0.0,0.0,0.34252890944480896,0.05348546802997589,0.00010037301399279386,1.2688640356063843,0.0,0.0
3,1,1.5786056518554688,0.023806683719158173,24.641096115112305,6.069860935211182,0.501655101776123,46.074546813964844,0.7807179689407349,0.15217553079128265,0.024282239377498627,1.472593069076538,0.0,0.0,0.3985680639743805,0.0003076509165111929,0.005395794287323952,1.0011430978775024,0.0,0.0,1.0873905420303345,0.39883995056152344,0.019150691106915474,0.3150021433830261,0.017809277400374413,0.5893758535385132,0.28090518712997437,0.014373167417943478,0.0008113060030154884,0.5120794773101807,0.9901847839355469,0.0,0.8307430744171143,0.25242823362350464,0.0005459257517941296,0.019268983975052834,0.0,0.0,0.34733134508132935,0.0558815635740757,6.977357406867668e-05,1.2823611497879028,0.0,0.0
3,2,4.814055919647217,0.9272704124450684,23.774517059326172,8.415337562561035,0.5009699463844299,43.3021125793457,0.781249463558197,0.025063129141926765,0.05223267525434494,26.00271987915039,0.0,0.0,0.3652268648147583,6.805347220506519e-05,0.0036374402698129416,0.5865384340286255,0.0,0.0,1.1125707626342773,0.3556878864765167,0.020686564967036247,0.41236788034439087,0.0213411096483469,0.7795325517654419,0.2765694856643677,0.012305186130106449,0.0009175405139103532,0.48517513275146484,0.9823133945465088,0.0,0.8501098155975342,0.25090569257736206,0.0005462553817778826,0.01965474523603916,0.0,0.0,0.346484899520874,0.05243339762091637,8.235003770096228e-05,1.2800567150115967,0.0,0.0
3,3,1.6831880807876587,0.08220234513282776,32.260719299316406,9.49625301361084,0.40242746472358704,52.99570846557617,0.8437284827232361,0.13808371126651764,0.022686004638671875,2.926811456680298,0.0,0.0,0.37314340472221375,0.00019180294475518167,0.0066634779796004295,0.9578610062599182,0.0,0.0,1.1501448154449463,0.39280885457992554,0.02333538979291916,0.4678635001182556,0.026553267613053322,0.9202878475189209,0.26944226026535034,0.007787361741065979,0.0012323529226705432,0.3652118444442749,0.991497814655304,0.0,0.8338428735733032,0.252276211977005,0.0005347725236788392,0.019289694726467133,0.0,0.0,0.3495360314846039,0.05436568707227707,7.81579437898472e-05,1.2789803743362427,0.0,0.0
3,4,4.725555419921875,0.6815773844718933,25.127784729003906,4.447505950927734,0.5039949417114258,58.13910675048828,0.910302996635437,0.007332232315093279,0.04694758728146553,17.213102340698242,0.0,0.0,0.311918169260025,1.005050762614701e-06,0.003531207563355565,0.6808232665061951,0.0,0.0,1.0829615592956543,0.3966315984725952,0.017266876995563507,0.2570236623287201,0.014519893564283848,0.4607212245464325,0.28106996417045593,0.01473286747932434,0.0006662334781140089,0.5518179535865784,0.9889897108078003,0.0,0.8536033034324646,0.24625582993030548,0.0005674273706972599,0.01991826668381691,0.0,0.0,0.34691596031188965,0.05463472381234169,6.224674871191382e-05,1.2874146699905396,0.0,0.0
4,0,5.718051910400391,0.4853350520133972,35.53858947753906,2.725451946258545,0.6682883501052856,52.399681091308594,0.9937730431556702,0.016666682437062263,0.035026416182518005,12.438936233520508,0.0,0.0,0.28892648220062256,1.0205918670180836e-06,0.002943448955193162,0.768689751625061,0.0,0.0,0.9766627550125122,0.3569509983062744,0.013424878008663654,0.14066089689731598,0.00829879567027092,0.23003339767456055,0.3008742034435272,0.02513650245964527,0.00040466245263814926,0.778753936290741,0.9956566691398621,0.0,0.8565655946731567,0.25254857540130615,0.0005634234403260052,0.019479114562273026,0.0,0.0,0.34252890944480896,0.05378470569849014,9.958865848602727e-05,1.2688640356063843,0.0,0.0
4,1,1.5786056518554688,0.023806683719158173,24.641096115112305,6.069860935211182,0.501655101776123,46.074546813964844,0.7780153155326843,0.15171977877616882,0.024354219436645508,1.4775968790054321,0.0,0.0,0.3985680639743805,0.000308706279611215,0.005355983506888151,1.0011430978775024,0.0,0.0,1.091003656387329,0.3997269868850708,0.019275609403848648,0.31637704372406006,0.0177169069647789,0.5869090557098389,0.28090518712997437,0.014454514719545841,0.0008067965973168612,0.5120794773101807,0.9852825999259949,0.0,0.8290289640426636,0.2524459958076477,0.0005448987940326333,0.019238043576478958,0.0,0.0,0.34733134508132935,0.05569995939731598,7.039195770630613e-05,1.2823611497879028,0.0,0.0
4,2,4.814055919647217,0.9272704124450684,23.774517059326172,8.415337562561035,0.5009699463844299,43.3021125793457,0.7758898735046387,0.025175416842103004,0.05237891525030136,26.232891082763672,0.0,0.0,0.3652268648147583,6.809491605963558e-05,0.003650996834039688,0.5865384340286255,0.0,0.0,1.1119790077209473,0.3524133861064911,0.020755724981427193,0.413379967212677,0.021276913583278656,0.7775311470031738,0.2765694856643677,0.012326044030487537,0.0009137699962593615,0.48517513275146484,0.9791259169578552,0.0,0.8514830470085144,0.2511325776576996,0.0005471386248245835,0.01971629448235035,0.0,0.0,0.346484899520874,0.05178806185722351,8.471289766021073e-05,1.2800567150115967,0.0,0.0
4,3,1.6831880807876587,0.08220234513282776,32.260719299316406,9.49625301361084,0.40242746472358704,52.99570846557617,0.8344669938087463,0.13824468851089478,0.022887472063302994,2.920783758163452,0.0,0.0,0.37314340472221375,0.0001927322882693261,0.006689836271107197,0.9578610062599182,0.0,0.0,1.159195899963379,0.39014819264411926,0.02363511361181736,0.4727647602558136,0.026250118389725685,0.9107970595359802,0.26944226026535034,0.007874995470046997,0.0012170857517048717,0.3652118444442749,0.979935884475708,0.0,0.8369005918502808,0.2515498995780945,0.0005369781283661723,0.019383257254958153,0.0,0.0,0.3495360314846039,0.0536123588681221,8.003968105185777e-05,1.2789803743362427,0.0,0.0
4,4,4.725555419921875,0.6815773844718933,25.127784729003906,4.447505950927734,0.5039949417114258,58.13910675048828,0.904488205909729,0.00734760332852602,0.04713195189833641,17.29214096069336,0.0,0.0,0.311918169260025,1.0053520327346632e-06,0.0035289062652736902,0.6808232665061951,0.0,0.0,1.0841810703277588,0.39396968483924866,0.017327038571238518,0.25755786895751953,0.01445811428129673,0.45974200963974,0.28106996417045593,0.014751797541975975,0.0006628749542869627,0.5518179535865784,0.9859600067138672,0.0,0.858444333076477,0.24447119235992432,0.0005705561488866806,0.020034434273838997,0.0,0.0,0.34691596031188965,0.054291605949401855,6.280214438447729e-05,1.2874146699905396,0.0,0.0
5,0,5.718051910400391,0.4853350520133972,35.53858947753906,2.725451946258545,0.6682883501052856,52.399681091308594,0.9883703589439392,0.016625605523586273,0.03522095829248428,12.511364936828613,0.0,0.0,0.28892648220062256,1.0278145055053756e-06,0.002931930823251605,0.768689751625061,0.0,0.0,0.9796117544174194,0.3545956313610077,0.013417364098131657,0.14118292927742004,0.008308203890919685,0.22916020452976227,0.3008742034435272,0.025205209851264954,0.0004053776792716235,0.778753936290741,0.9930635094642639,0.0,0.8652600049972534,0.25055405497550964,0.0005691531696356833,0.019675543531775475,0.0,0.0,0.34252890944480896,0.05348500981926918,0.00010002362250816077,1.2688640356063843,0.0,0.0
5,1,1.5786056518554688,0.023806683719158173,24.641096115112305,6.069860935211182,0.501655101776123,46.074546813964844,0.7789872288703918,0.15127170085906982,0.024341460317373276,1.4756278991699219,0.0,0.0,0.3985680639743805,0.0003103265189565718,0.005336387548595667,1.0011430978775024,0.0,0.0,1.0933043956756592,0.40120944380760193,0.01932741329073906,0.3172014653682709,0.017693383619189262,0.5854232311248779,0.28090518712997437,0.01451457105576992,0.0008055877406150103,0.5120794773101807,0.9832436442375183,0.0,0.8266369104385376,0.2527039051055908,0.0005433358601294458,0.019187582656741142,0.0,0.0,0.34733134508132935,0.05561307445168495,7.097054913174361e-05,1.2823611497879028,0.0,0.0
5,2,4.814055919647217,0.9272704124450684,23.774517059326172,8.415337562561035,0.5009699463844299,43.3021125793457,0.7776134014129639,0.025168834254145622,0.05220760405063629,26.369239807128906,0.0,0.0,0.3652268648147583,6.82058889651671e-05,0.0036633978597819805,0.5865384340286255,0.0,0.0,1.108554720878601,0.35247576236724854,0.020678723230957985,0.4127315878868103,0.021381376311182976,0.7786825299263,0.2765694856643677,0.012309725396335125,0.0009175674058496952,0.48517513275146484,0.9818631410598755,0.0,0.8462649583816528,0.25332921743392944,0.0005436435458250344,0.019619742408394814,0.0,0.0,0.346484899520874,0.05152847245335579,8.700520993443206e-05,1.2800567150115967,0.0,0.0
5,3,1.6831880807876587,0.08220234513282776,32.260719299316406,9.49625301361084,0.40242746472358704,52.99570846557617,0.8420032858848572,0.13810299336910248,0.02271183766424656,2.889498710632324,0.0,0.0,0.37314340472221375,0.0001923697127494961,0.006751582026481628,0.9578610062599182,0.0,0.0,1.1540275812149048,0.39389580488204956,0.023524291813373566,0.4711356461048126,0.0264079961925745,0.9139764904975891,0.26944226026535034,0.0078597916290164,0.0012237138580530882,0.3652118444442749,0.9846257567405701,0.0,0.8274071216583252,0.2542989253997803,0.0005308942054398358,0.01917497254908085,0.0,0.0,0.3495360314846039,0.05375337600708008,8.099932165350765e-05,1.2789803743362427,0.0,0.0
5,4,4.725555419921875,0.6815773844718933,25.127784729003906,4.447505950927734,0.5039949417114258,58.13910675048828,0.9074392318725586,0.007350710686296225,0.046972498297691345,17.353574752807617,0.0,0.0,0.311918169260025,1.0028512633653008e-06,0.0035345228388905525,0.6808232665061951,0.0,0.0,1.0792994499206543,0.3947952389717102,0.017217984423041344,0.2563677132129669,0.01454954408109188,0.46185097098350525,0.28106996417045593,0.014678215608000755,0.0006669033318758011,0.5518179535865784,0.991235613822937,0.0,0.8559383749961853,0.24522189795970917,0.0005687643424607813,0.019980544224381447,0.0,0.0,0.34691596031188965,0.05436620116233826,6.310868775472045e-05,1.2874146699905396,0.0,0.0
6,0,5.718051910400391,0.4853350520133972,35.53858947753906,2.725451946258545,0.6682883501052856,52.399681091308594,0.9887783527374268,0.016740858554840088,0.03521193191409111,12.544936180114746,0.0,0.0,0.28892648220062256,1.0248805892842938e-06,0.00292846467345953,0.768689751625061,0.0,0.0,0.9791679382324219,0.3538840413093567,0.01339353621006012,0.14109058678150177,0.00831880047917366,0.22930465638637543,0.3008742034435272,0.02516932226717472,0.00040583344525657594,0.778753936290741,0.9940824508666992,0.0,0.8676460981369019,0.24992488324642181,0.0005707385134883225,0.01973150670528412,0.0,0.0,0.34252890944480896,0.05343502387404442,0.00010009039397118613,1.2688640356063843,0.0,0.0
6,1,1.5786056518554688,0.023806683719158173,24.641096115112305,6.069860935211182,0.501655101776123,46.074546813964844,0.7786967754364014,0.15213756263256073,0.02435903437435627,1.475254774093628,0.0,0.0,0.3985680639743805,0.00030787746072746813,0.00536608649417758,1.0011430978775024,0.0,0.0,1.0886086225509644,0.40285035967826843,0.019295409321784973,0.31669798493385315,0.017742110416293144,0.5864227414131165,0.28090518712997437,0.014504200778901577,0.000807674543466419,0.5120794773101807,0.985185980796814,0.0,0.8244196772575378,0.25282052159309387,0.0005419201916083694,0.019141189754009247,0.0,0.0,0.34733134508132935,0.05561695247888565,7.14437264832668e-05,1.2823611497879028,0.0,0.0
6,2,4.814055919647217,0.9272704124450684,23.774517059326172,8.415337562561035,0.5009699463844299,43.3021125793457,0.7735702991485596,0.025241071358323097,0.05242873728275299,26.487842559814453,0.0,0.0,0.3652268648147583,6.785560253774747e-05,0.0036747041158378124,0.5865384340286255,0.0,0.0,1.1110951900482178,0.35058003664016724,0.02077670581638813,0.41393688321113586,0.021284081041812897,0.7764268517494202,0.2765694856643677,0.012345287948846817,0.000912660441827029,0.48517513275146484,0.978306233882904,0.0,0.8479361534118652,0.25292906165122986,0.0005447089206427336,0.01967240311205387,0.0,0.0,0.346484899520874,0.0511520616710186,8.85797999217175e-05,1.2800567150115967,0.0,0.0
6,3,1.6831880807876587,0.08220234513282776,32.260719299316406,9.49625301361084,0.40242746472358704,52.99570846557617,0.8370975255966187,0.13835103809833527,0.022852793335914612,2.873091220855713,0.0,0.0,0.37314340472221375,0.00019012509437743574,0.006840800866484642,0.9578610062599182,0.0,0.0,1.151170253753662,0.39359110593795776,0.023559600114822388,0.4723074436187744,0.026400534436106682,0.9118279814720154,0.26944226026535034,0.007883911952376366,0.0012233102461323142,0.3652118444442749,0.9826382994651794,0.0,0.829017162322998,0.25352075695991516,0.0005320652271620929,0.019219093024730682,0.0,0.0,0.3495360314846039,0.05347440764307976,8.189499203581363e-05,1.2789803743362427,0.0,0.0
6,4,4.725555419921875,0.6815773844718933,25.127784729003906,4.447505950927734,0.5039949417114258,58.13910675048828,0.9001170992851257,0.007345621939748526,0.047319766134023666,17.41706657409668,0.0,0.0,0.311918169260025,1.001629357233469e-06,0.0035364015493541956,0.6808232665061951,0.0,0.0,1.083903431892395,0.39174848794937134,0.0173104926943779,0.2576483190059662,0.01446590106934309,0.4595591425895691,0.28106996417045593,0.014743839390575886,0.0006629508570767939,0.5518179535865784,0.985906720161438,0.0,0.86302250623703,0.24281182885169983,0.0005734716542065144,0.020144399255514145,0.0,0.0,0.34691596031188965,0.0540204755961895,6.344555004034191e-05,1.2874146699905396,0.0,0.0
7,0,5.718051910400391,0.4853350520133972,35.53858947753906,2.725451946258545,0.6682883501052856,52.399681091308594,0.9886546730995178,0.016691531985998154,0.03521290421485901,12.519842147827148,0.0,0.0,0.28892648220062256,1.0311088090020348e-06,0.0029206317849457264,0.768689751625061,0.0,0.0,0.9804089665412903,0.3542400598526001,0.013402878306806087,0.14126479625701904,0.008312389254570007,0.22902189195156097,0.3008742034435272,0.025196703150868416,0.00040563385118730366,0.778753936290741,0.9929046630859375,0.0,0.8702448606491089,0.24906131625175476,0.0005725169321522117,0.019788265228271484,0.0,0.0,0.34252890944480896,0.05348550155758858,9.95218797470443e-05,1.2688640356063843,0.0,0.0
7,1,1.5786056518554688,0.023806683719158173,24.641096115112305,6.069860935211182,0.501655101776123,46.074546813964844,0.7782039046287537,0.15166792273521423,0.0244329534471035,1.4807357788085938,0.0,0.0,0.3985680639743805,0.000307431910187006,0.005363957956433296,1.0011430978775024,0.0,0.0,1.0923728942871094,0.40354907512664795,0.019330041483044624,0.3178326189517975,0.017742104828357697,0.5843626260757446,0.28090518712997437,0.014572052285075188,0.0008078148239292204,0.5120794773101807,0.9828076362609863,0.0,0.8241778016090393,0.2530360221862793,0.000541763671208173,0.019137993454933167,0.0,0.0,0.34733134508132935,0.05541909486055374,7.218216342153028e-05,1.2823611497879028,0.0,0.0
7,2,4.814055919647217,0.9272704124450684,23.774517059326172,8.415337562561035,0.5009699463844299,43.3021125793457,0.7792483568191528,0.02520470879971981,0.05214370787143707,26.528356552124023,0.0,0.0,0.3652268648147583,6.746407598257065e-05,0.003698424668982625,0.5865384340286255,0.0,0.0,1.1116524934768677,0.352756142616272,0.02076920121908188,0.41277018189430237,0.021305998787283897,0.778675377368927,0.2765694856643677,0.012326168827712536,0.0009128562523983419,0.48517513275146484,0.9807081818580627,0.0,0.8397186994552612,0.2555653750896454,0.0005393385072238743,0.019489819183945656,0.0,0.0,0.346484899520874,0.051279228180646896,8.961818821262568e-05,1.2800567150115967,0.0,0.0
7,3,1.6831880807876587,0.08220234513282776,32.260719299316406,9.49625301361084,0.40242746472358704,52.99570846557617,0.8372176289558411,0.13827382028102875,0.02293291874229908,2.8761236667633057,0.0,0.0,0.37314340472221375,0.00018853529763873667,0.006907595321536064,0.9578610062599182,0.0,0.0,1.152742624282837,0.3947143256664276,0.023551756516098976,0.4736385643482208,0.026457779109477997,0.9093577265739441,0.26944226026535034,0.007914627902209759,0.0012262309901416302,0.3652118444442749,0.9815873503684998,0.0,0.827212393283844,0.25449785590171814,0.0005308738327585161,0.01917632296681404,0.0,0.0,0.3495360314846039,0.05334874615073204,8.267650264315307e-05,1.2789803743362427,0.0,0.0
7,4,4.725555419921875,0.6815773844718933,25.127784729003906,4.447505950927734,0.5039949417114258,58.13910675048828,0.9015315771102905,0.0073346481658518314,0.047290150076150894,17.42249298095703,0.0,0.0,0.311918169260025,9.992144214265863e-07,0.003549814224243164,0.6808232665061951,0.0,0.0,1.0825788974761963,0.3920983374118805,0.01727798581123352,0.2570987045764923,0.01448795571923256,0.4605596363544464,0.28106996417045593,0.014712982811033726,0.0006639371858909726,0.5518179535865784,0.9879206418991089,0.0,0.863696277141571,0.24217109382152557,0.0005739452317357063,0.02015519142150879,0.0,0.0,0.34691596031188965,0.05413210019469261,6.325902359094471e-05,1.2874146699905396,0.0,0.0
8,0,5.718051910400391,0.4853350520133972,35.53858947753906,2.725451946258545,0.6682883501052856,52.399681091308594,0.9894243478775024,0.01673625409603119,0.03520146384835243,12.494857788085938,0.0,0.0,0.28892648220062256,1.0293484820067533e-06,0.0029223605524748564,0.768689751625061,0.0,0.0,0.9786472320556641,0.3544701337814331,0.013378671370446682,0.14110080897808075,0.008327518589794636,0.22930888831615448,0.3008742034435272,0.025162050500512123,0.00040650434675626457,0.778753936290741,0.9942968487739563,0.0,0.8731266260147095,0.24770933389663696,0.0005745560047216713,0.019853664562106133,0.0,0.0,0.34252890944480896,0.053558558225631714,9.90669650491327e-05,1.2688640356063843,0.0,0.0
8,1,1.5786056518554688,0.023806683719158173,24.641096115112305,6.069860935211182,0.501655101776123,46.074546813964844,0.7808460593223572,0.15167053043842316,0.024402929469943047,1.4855364561080933,0.0,0.0,0.3985680639743805,0.00030655795126222074,0.005363766569644213,1.0011430978775024,0.0,0.0,1.0923267602920532,0.4049132168292999,0.019299209117889404,0.31739136576652527,0.01778303273022175,0.5851614475250244,0.28090518712997437,0.014555849134922028,0.0008095887023955584,0.5120794773101807,0.9844983816146851,0.0,0.8207218647003174,0.25435301661491394,0.0005394401377998292,0.01906178891658783,0.0,0.0,0.34733134508132935,0.05541563779115677,7.26887010387145e-05,1.2823611497879028,0.0,0.0
8,2,4.814055919647217,0.9272704124450684,23.774517059326172,8.415337562561035,0.5009699463844299,43.3021125793457,0.7830342650413513,0.025196829810738564,0.05196773260831833,26.61745834350586,0.0,0.0,0.3652268648147583,6.7285327531863e-05,0.0037094862200319767,0.5865384340286255,0.0,0.0,1.113190770149231,0.353455126285553,0.02076655998826027,0.4122880697250366,0.021314747631549835,0.7795315980911255,0.2765694856643677,0.01231303159147501,0.000912907300516963,0.48517513275146484,0.9816503524780273,0.0,0.8345420360565186,0.2577659785747528,0.0005359628121368587,0.019382236525416374,0.0,0.0,0.346484899520874,0.05124492198228836,9.067696373676881e-05,1.2800567150115967,0.0,0.0
8,3,1.6831880807876587,0.08220234513282776,32.260719299316406,9.49625301361084,0.40242746472358704,52.99570846557617,0.8424907922744751,0.13815489411354065,0.022860243916511536,2.88394832611084,0.0,0.0,0.37314340472221375,0.0001874547015177086,0.0069471183232963085,0.9578610062599182,0.0,0.0,1.1495431661605835,0.396308034658432,0.023426393046975136,0.4718745946884155,0.02661401592195034,0.9126697778701782,0.26944226026535034,0.007884860970079899,0.0012331423349678516,0.3652118444442749,0.986115574836731,0.0,0.8213147521018982,0.2570993900299072,0.0005269808461889625,0.019046451896429062,0.0,0.0,0.3495360314846039,0.05337565392255783,8.347749098902568e-05,1.2789803743362427,0.0,0.0
8,4,4.725555419921875,0.6815773844718933,25.127784729003906,4.447505950927734,0.5039949417114258,58.13910675048828,0.9020282030105591,0.007322646677494049,0.04732608050107956,17.433504104614258,0.0,0.0,0.311918169260025,9.992563718697056e-07,0.003556259674951434,0.6808232665061951,0.0,0.0,1.083094596862793,0.3922046720981598,0.017262738198041916,0.257144957780838,0.014502042904496193,0.46047911047935486,0.28106996417045593,0.014715409837663174,0.0006647263071499765,0.5518179535865784,0.9881548285484314,0.0,0.8649401664733887,0.2416989654302597,0.0005747613031417131,0.02018158882856369,0.0,0.0,0.34691596031188965,0.05416548624634743,6.321630644379184e-05,1.2874146699905396,0.0,0.0
9,0,5.718051910400391,0.4853350520133972,35.53858947753906,2.725451946258545,0.6682883501052856,52.399681091308594,0.9889938831329346,0.016824638471007347,0.035245560109615326,12.515929222106934,0.0,0.0,0.28892648220062256,1.0258006568619749e-06,0.0029280632734298706,0.768689751625061,0.0,0.0,0.9784724116325378,0.3547046482563019,0.013350026682019234,0.14139138162136078,0.008350531570613384,0.22885416448116302,0.3008742034435272,0.025208910927176476,0.0004078561323694885,0.778753936290741,0.9940181374549866,0.0,0.8752408027648926,0.24707072973251343,0.0005760507192462683,0.019901007413864136,0.0,0.0,0.34252890944480896,0.053598690778017044,9.886860061669722e-05,1.2688640356063843,0.0,0.0
9,1,1.5786056518554688,0.023806683719158173,24.641096115112305,6.069860935211182,0.501655101776123,46.074546813964844,0.7816000580787659,0.1521872878074646,0.024403298273682594,1.4847412109375,0.0,0.0,0.3985680639743805,0.00030624642386101186,0.005362569820135832,1.0011430978775024,0.0,0.0,1.0940256118774414,0.4054182767868042,0.019376657903194427,0.31721001863479614,0.01770118810236454,0.5855211019515991,0.28090518712997437,0.01455338578671217,0.0008052292978391051,0.5120794773101807,0.9833071827888489,0.0,0.8197568655014038,0.2544589340686798,0.0005388165009208024,0.01903705857694149,0.0,0.0,0.34733134508132935,0.05539942905306816,7.285724132088944e-05,1.2823611497879028,0.0,0.0
9,2,4.814055919647217,0.9272704124450684,23.774517059326172,8.415337562561035,0.5009699463844299,43.3021125793457,0.7835431098937988,0.025165719911456108,0.0518839992582798,26.675424575805664,0.0,0.0,0.3652268648147583,6.733915506629273e-05,0.0037022565957158804,0.5865384340286255,0.0,0.0,1.1153740882873535,0.3529757261276245,0.020857367664575577,0.4116133749485016,0.02119133062660694,0.7807857990264893,0.2765694856643677,0.012291021645069122,0.0009066394413821399,0.48517513275146484,0.980730414390564,0.0,0.8345133662223816,0.25753021240234375,0.0005359722999855876,0.019381636753678322,0.0,0.0,0.346484899520874,0.051238615065813065,9.068991494132206e-05,1.2800567150115967,0.0,0.0
9,3,1.6831880807876587,0.08220234513282776,32.260719299316406,9.49625301361084,0.40242746472358704,52.99570846557617,0.8395009636878967,0.13753020763397217,0.022964878007769585,2.8810036182403564,0.0,0.0,0.37314340472221375,0.00018810796609614044,0.006929537747055292,0.9578610062599182,0.0,0.0,1.1556179523468018,0.39476266503334045,0.023649295791983604,0.4730246961116791,0.02632742188870907,0.9104687571525574,0.26944226026535034,0.00790497288107872,0.0012183855287730694,0.3652118444442749,0.9807067513465881,0.0,0.8243265748023987,0.2561469078063965,0.0005289140972308815,0.019111381843686104,0.0,0.0,0.3495360314846039,0.05311636999249458,8.381676889257506e-05,1.2789803743362427,0.0,0.0
9,4,4.725555419921875,0.6815773844718933,25.127784729003906,4.447505950927734,0.5039949417114258,58.13910675048828,0.9011661410331726,0.007306169252842665,0.0473581925034523,17.453248977661133,0.0,0.0,0.311918169260025,1.0005594504036708e-06,0.0035519031807780266,0.6808232665061951,0.0,0.0,1.0843379497528076,0.3918344974517822,0.017290374264121056,0.25703510642051697,0.014467167668044567,0.4606766700744629,0.28106996417045593,0.01470690593123436,0.0006629162235185504,0.5518179535865784,0.9876127243041992,0.0,0.8669541478157043,0.2407558709383011,0.0005761418724432588,0.02022315375506878,0.0,0.0,0.34691596031188965,0.054215993732213974,6.292690522968769e-05,1.2874146699905396,0.0,0.0
10,0,5.718051910400391,0.4853350520133972,35.53858947753906,2.725451946258545,0.6682883501052856,52.399681091308594,0.987671971321106,0.01684480346739292,0.03530473634600639,12.53984546661377,0.0,0.0,0.28892648220062256,1.0241647032671608e-06,0.002923901891335845,0.768689751625061,0.0,0.0,0.9777076244354248,0.35485032200813293,0.01332493219524622,0.14167828857898712,0.008373077027499676,0.22841434180736542,0.3008742034435272,0.025257322937250137,0.000409155705710873,0.778753936290741,0.9935759902000427,0.0,0.877731442451477,0.24624338746070862,0.000577840895857662,0.019959989935159683,0.0,0.0,0.34252890944480896,0.05355299636721611,9.90353655652143e-05,1.2688640356063843,0.0,0.0
10,1,1.5786056518554688,0.023806683719158173,24.641096115112305,6.069860935211182,0.501655101776123,46.074546813964844,0.7840572595596313,0.15241605043411255,0.02436758205294609,1.4873454570770264,0.0,0.0,0.3985680639743805,0.0003060157469008118,0.005350178107619286,1.0011430978775024,0.0,0.0,1.0953289270401,0.4069531559944153,0.019414084032177925,0.31685692071914673,0.017667662352323532,0.5861836671829224,0.28090518712997437,0.014548253268003464,0.0008030382450670004,0.5120794773101807,0.9834722280502319,0.0,0.8150931000709534,0.2564215064048767,0.0005357200861908495,0.01893310807645321,0.0,0.0,0.34733134508132935,0.05532149225473404,7.377794099738821e-05,1.2823611497879028,0.0,0.0
10,2,4.814055919647217,0.9272704124450684,23.774517059326172,8.415337562561035,0.5009699463844299,43.3021125793457,0.7847325801849365,0.025165928527712822,0.05187606066465378,26.80703353881836,0.0,0.0,0.3652268648147583,6.736542127327994e-05,0.0036902320571243763,0.5865384340286255,0.0,0.0,1.118217945098877,0.3530711531639099,0.02090255357325077,0.4115634560585022,0.02114584855735302,0.7808527946472168,0.2765694856643677,0.012294243089854717,0.0009040545555762947,0.48517513275146484,0.980088472366333,0.0,0.8322209119796753,0.2587312161922455,0.0005344648379832506,0.01933571882545948,0.0,0.0,0.346484899520874,0.0510641373693943,9.207895345753059e-05,1.2800567150115967,0.0,0.0
10,3,1.6831880807876587,0.08220234513282776,32.260719299316406,9.49625301361084,0.40242746472358704,52.99570846557617,0.8429015874862671,0.1375138759613037,0.022930996492505074,2.8859689235687256,0.0,0.0,0.37314340472221375,0.00018810875189956278,0.006918133236467838,0.9578610062599182,0.0,0.0,1.1579015254974365,0.39589831233024597,0.023712530732154846,0.4721706211566925,0.0262446291744709,0.9120604395866394,0.26944226026535034,0.007895702496170998,0.0012129509123042226,0.3652118444442749,0.9808647036552429,0.0,0.8183393478393555,0.2591097056865692,0.0005249846144579351,0.01898117922246456,0.0,0.0,0.3495360314846039,0.0529048778116703,8.563690789742395e-05,1.2789803743362427,0.0,0.0
10,4,4.725555419921875,0.6815773844718933,25.127784729003906,4.447505950927734,0.5039949417114258,58.13910675048828,0.8999208807945251,0.007294503040611744,0.047455329447984695,17.49861717224121,0.0,0.0,0.311918169260025,1.0017075737778214e-06,0.003540022997185588,0.6808232665061951,0.0,0.0,1.0870516300201416,0.39128363132476807,0.017314398661255836,0.25728780031204224,0.014443851076066494,0.460214227437973,0.28106996417045593,0.014720582403242588,0.000661788391880691,0.5518179535865784,0.9864007830619812,0.0,0.8683469295501709,0.24051323533058167,0.000577051192522049,0.020254986360669136,0.0,0.0,0.34691596031188965,0.05412063002586365,6.319745443761349e-05,1.2874146699905396,0.0,0.0
11,0,5.718051910400391,0.4853350520133972,35.53858947753906,2.725451946258545,0.6682883501052856,52.399681091308594,0.9857861995697021,0.01681852899491787,0.035377223044633865,12.500834465026855,0.0,0.0,0.28892648220062256,1.0240505616820883e-06,0.0029184711165726185,0.768689751625061,0.0,0.0,0.9775590896606445,0.35426926612854004,0.013327428139746189,0.14175134897232056,0.008370948024094105,0.2283165156841278,0.3008742034435272,0.02525983937084675,0.00040923545020632446,0.778753936290741,0.9930725693702698,0.0,0.8828698992729187,0.24434760212898254,0.0005813639145344496,0.0200666394084692,0.0,0.0,0.34252890944480896,0.05366888642311096,9.814848453970626e-05,1.2688640356063843,0.0,0.0
11,1,1.5786056518554688,0.023806683719158173,24.641096115112305,6.069860935211182,0.501655101776123,46.074546813964844,0.7864707112312317,0.15243735909461975,0.024320796132087708,1.4910308122634888,0.0,0.0,0.3985680639743805,0.00030598865123465657,0.0053339251317083836,1.0011430978775024,0.0,0.0,1.0963499546051025,0.40798717737197876,0.01939757727086544,0.31664565205574036,0.017692793160676956,0.5865435004234314,0.28090518712997437,0.014539784751832485,0.0008040592074394226,0.5120794773101807,0.9843989610671997,0.0,0.810653567314148,0.2586081624031067,0.0005327730323188007,0.018840687349438667,0.0,0.0,0.34733134508132935,0.055210571736097336,7.452367572113872e-05,1.2823611497879028,0.0,0.0
11,2,4.814055919647217,0.9272704124450684,23.774517059326172,8.415337562561035,0.5009699463844299,43.3021125793457,0.7888398170471191,0.02517765760421753,0.051679160445928574,26.74237823486328,0.0,0.0,0.3652268648147583,6.746104918420315e-05,0.0037034053821116686,0.5865384340286255,0.0,0.0,1.1179684400558472,0.35420238971710205,0.020820198580622673,0.4111396074295044,0.021256059408187866,0.7815942168235779,0.2765694856643677,0.01228525210171938,0.0009088203660212457,0.48517513275146484,0.9824852347373962,0.0,0.8272759914398193,0.26128891110420227,0.0005312978755682707,0.01923271082341671,0.0,0.0,0.346484899520874,0.05103439837694168,9.31759350351058e-05,1.2800567150115967,0.0,0.0
11,3,1.6831880807876587,0.08220234513282776,32.260719299316406,9.49625301361084,0.40242746472358704,52.99570846557617,0.84832763671875,0.13765178620815277,0.02284913882613182,2.89241623878479,0.0,0.0,0.37314340472221375,0.0001885764504550025,0.006922175642102957,0.9578610062599182,0.0,0.0,1.1590784788131714,0.3976788818836212,0.02361859567463398,0.47200173139572144,0.02639295905828476,0.9122598171234131,0.26944226026535034,0.007897169329226017,0.0012194905430078506,0.3652118444442749,0.9830604195594788,0.0,0.8098891377449036,0.2638014853000641,0.0005194832338020205,0.01880621537566185,0.0,0.0,0.3495360314846039,0.05268228054046631,8.756775787333027e-05,1.2789803743362427,0.0,0.0
11,4,4.725555419921875,0.6815773844718933,25.127784729003906,4.447505950927734,0.5039949417114258,58.13910675048828,0.9029810428619385,0.007280559279024601,0.04734846577048302,17.473512649536133,0.0,0.0,0.311918169260025,1.0037382480732049e-06,0.003539946163073182,0.6808232665061951,0.0,0.0,1.0867505073547363,0.3923255503177643,0.017261313274502754,0.25697025656700134,0.014498571865260601,0.460774689912796,0.28106996417045593,0.01470791082829237,0.0006643908564001322,0.5518179535865784,0.9884709715843201,0.0,0.865947425365448,0.2414254993200302,0.0005754298181273043,0.020201250910758972,0.0,0.0,0.34691596031188965,0.05423285439610481,6.331656186375767e-05,1.2874146699905396,0.0,0.0
12,0,5.718051910400391,0.4853350520133972,35.53858947753906,2.725451946258545,0.6682883501052856,52.399681091308594,0.9888727068901062,0.016773473471403122,0.035315290093421936,12.333220481872559,0.0,0.0,0.28892648220062256,1.0257916756017949e-06,0.0029259100556373596,0.768689751625061,0.0,0.0,0.9770573377609253,0.3544917106628418,0.013313906267285347,0.14141318202018738,0.008373967371881008,0.2288682758808136,0.3008742034435272,0.025198234245181084,0.00040933367563411593,0.778753936290741,0.9949377775192261,0.0,0.8852208256721497,0.24325422942638397,0.0005830611917190254,0.020114047452807426,0.0,0.0,0.34252890944480896,0.05382036045193672,9.747567673912272e-05,1.2688640356063843,0.0,0.0
12,1,1.5786056518554688,0.023806683719158173,24.641096115112305,6.069860935211182,0.501655101776123,46.074546813964844,0.7835900187492371,0.1528126448392868,0.024406353011727333,1.5039740800857544,0.0,0.0,0.3985680639743805,0.00030507551855407655,0.005322480574250221,1.0011430978775024,0.0,0.0,1.0980807542800903,0.40719878673553467,0.019409896805882454,0.31742268800735474,0.017691776156425476,0.5850809216499329,0.28090518712997437,0.014569655060768127,0.0008042007102631032,0.5120794773101807,0.9826056957244873,0.0,0.8103808164596558,0.2594361901283264,0.0005326225655153394,0.01884262077510357,0.0,0.0,0.34733134508132935,0.05492307245731354,7.516222103731707e-05,1.2823611497879028,0.0,0.0
12,2,4.814055919647217,0.9272704124450684,23.774517059326172,8.415337562561035,0.5009699463844299,43.3021125793457,0.7887536287307739,0.025266008451581,0.05167900025844574,26.599271774291992,0.0,0.0,0.3652268648147583,6.729987217113376e-05,0.0037525382358580828,0.5865384340286255,0.0,0.0,1.1187790632247925,0.354276180267334,0.020869562402367592,0.4119887948036194,0.021213499829173088,0.7800276875495911,0.2765694856643677,0.01231719832867384,0.0009067051578313112,0.48517513275146484,0.9804309606552124,0.0,0.8257961273193359,0.2621579170227051,0.0005303684738464653,0.019196564331650734,0.0,0.0,0.346484899520874,0.05100518465042114,9.360889089293778e-05,1.2800567150115967,0.0,0.0
12,3,1.6831880807876587,0.08220234513282776,32.260719299316406,9.49625301361084,0.40242746472358704,52.99570846557617,0.8431357145309448,0.1384902149438858,0.022961413487792015,2.929887056350708,0.0,0.0,0.37314340472221375,0.0001875824818853289,0.00695226714015007,0.9578610062599182,0.0,0.0,1.1609776020050049,0.3956657648086548,0.023675428703427315,0.4739578664302826,0.026347381994128227,0.9084592461585999,0.26944226026535034,0.00792717281728983,0.001217358629219234,0.3652118444442749,0.9795304536819458,0.0,0.8090760111808777,0.2652987539768219,0.000518964952789247,0.018797647207975388,0.0,0.0,0.3495360314846039,0.05229998752474785,8.881038229446858e-05,1.2789803743362427,0.0,0.0
12,4,4.725555419921875,0.6815773844718933,25.127784729003906,4.447505950927734,0.5039949417114258,58.13910675048828,0.90193110704422,0.007270392030477524,0.047386977821588516,17.3703670501709,0.0,0.0,0.311918169260025,1.0056827477455954e-06,0.00355738983489573,0.6808232665061951,0.0,0.0,1.08870530128479,0.3921302556991577,0.017307106405496597,0.2574116885662079,0.014460556209087372,0.4600042402744293,0.28106996417045593,0.01473824679851532,0.0006624623201787472,0.5518179535865784,0.9864665865898132,0.0,0.8670995831489563,0.2409527748823166,0.0005761788343079388,0.02022484317421913,0.0,0.0,0.34691596031188965,0.054226990789175034,6.341368134599179e-05,1.2874146699905396,0.0,0.0
13,0,5.718051910400391,0.4853350520133972,35.53858947753906,2.725451946258545,0.6682883501052856,52.399681091308594,0.9902001023292542,0.016748929396271706,0.03532134369015694,12.247023582458496,0.0,0.0,0.28892648220062256,1.028498786581622e-06,0.002930355491116643,0.768689751625061,0.0,0.0,0.9784451127052307,0.3549996316432953,0.013316329568624496,0.14151380956172943,0.008373919874429703,0.2287219613790512,0.3008742034435272,0.025222446769475937,0.00040940704639069736,0.778753936290741,0.9944227337837219,0.0,0.887353241443634,0.24251942336559296,0.0005846231942996383,0.020157892256975174,0.0,0.0,0.34252890944480896,0.053894925862550735,9.696191409602761e-05,1.2688640356063843,0.0,0.0
13,1,1.5786056518554688,0.023806683719158173,24.641096115112305,6.069860935211182,0.501655101776123,46.074546813964844,0.784463107585907,0.1537507176399231,0.024356987327337265,1.5087673664093018,0.0,0.0,0.3985680639743805,0.00030315425829030573,0.005335747264325619,1.0011430978775024,0.0,0.0,1.0920164585113525,0.4084641933441162,0.019320180639624596,0.31617969274520874,0.017772121354937553,0.5873531699180603,0.28090518712997437,0.01450765784829855,0.0008077588863670826,0.5120794773101807,0.986702024936676,0.0,0.8070381879806519,0.2607431709766388,0.0005304482765495777,0.018768079578876495,0.0,0.0,0.34733134508132935,0.054993655532598495,7.530830771429464e-05,1.2823611497879028,0.0,0.0
13,2,4.814055919647217,0.9272704124450684,23.774517059326172,8.415337562561035,0.5009699463844299,43.3021125793457,0.7911757230758667,0.02535991370677948,0.051457177847623825,26.49646759033203,0.0,0.0,0.3652268648147583,6.704468978568912e-05,0.0037896272260695696,0.5865384340286255,0.0,0.0,1.1139134168624878,0.355683833360672,0.02082378789782524,0.4107922315597534,0.021255716681480408,0.7823095917701721,0.2765694856643677,0.012285790406167507,0.0009081782773137093,0.48517513275146484,0.9830543994903564,0.0,0.8214895129203796,0.26369842886924744,0.0005276245065033436,0.019094722345471382,0.0,0.0,0.346484899520874,0.051180727779865265,9.369017061544582e-05,1.2800567150115967,0.0,0.0
13,3,1.6831880807876587,0.08220234513282776,32.260719299316406,9.49625301361084,0.40242746472358704,52.99570846557617,0.8447153568267822,0.13951648771762848,0.022877521812915802,2.9385809898376465,0.0,0.0,0.37314340472221375,0.00018595249275676906,0.007009004708379507,0.9578610062599182,0.0,0.0,1.15205979347229,0.39656969904899597,0.023546937853097916,0.4713793992996216,0.026480592787265778,0.9133667945861816,0.26944226026535034,0.007880240678787231,0.001223126775585115,0.3652118444442749,0.9848101735115051,0.0,0.8039636611938477,0.26746299862861633,0.00051572744268924,0.018683630973100662,0.0,0.0,0.3495360314846039,0.052391279488801956,8.923172572394833e-05,1.2789803743362427,0.0,0.0
13,4,4.725555419921875,0.6815773844718933,25.127784729003906,4.447505950927734,0.5039949417114258,58.13910675048828,0.9036352038383484,0.007265616673976183,0.04727781191468239,17.30029296875,0.0,0.0,0.311918169260025,1.0059031865239376e-06,0.0035747000947594643,0.6808232665061951,0.0,0.0,1.0872042179107666,0.393453449010849,0.017298055812716484,0.25705549120903015,0.014465607702732086,0.4606567323207855,0.28106996417045593,0.01472347043454647,0.0006625429377891123,0.5518179535865784,0.9875584840774536,0.0,0.8655133247375488,0.24125061929225922,0.0005751144490204751,0.02018076553940773,0.0,0.0,0.34691596031188965,0.05442650243639946,6.321612454485148e-05,1.2874146699905396,0.0,0.0
14,0,5.718051910400391,0.4853350520133972,35.53858947753906,2.725451946258545,0.6682883501052856,52.399681091308594,0.9913617968559265,0.016751877963542938,0.03531710430979729,12.259516716003418,0.0,0.0,0.28892648220062256,1.0288921430401388e-06,0.0029289431404322386,0.768689751625061,0.0,0.0,0.9782500267028809,0.35624825954437256,0.013307664543390274,0.14146165549755096,0.008379288017749786,0.2288288027048111,0.3008742034435272,0.025222236290574074,0.00040964214713312685,0.778753936290741,0.9949484467506409,0.0,0.8878592848777771,0.24210414290428162,0.000585136585868895,0.020165499299764633,0.0,0.0,0.34252890944480896,0.054066043347120285,9.631340071791783e-05,1.2688640356063843,0.0,0.0
14,1,1.5786056518554688,0.023806683719158173,24.641096115112305,6.069860935211182,0.501655101776123,46.074546813964844,0.7834848761558533,0.15381456911563873,0.02437593974173069,1.51046884059906,0.0,0.0,0.3985680639743805,0.0003038520226255059,0.005319920834153891,1.0011430978775024,0.0,0.0,1.0939421653747559,0.4077863395214081,0.019358741119503975,0.3166659474372864,0.01774015463888645,0.5864425897598267,0.28090518712997437,0.01453165989369154,0.000806220225058496,0.5120794773101807,0.9850835204124451,0.0,0.8073340654373169,0.2606850266456604,0.0005306275561451912,0.018778491765260696,0.0,0.0,0.34733134508132935,0.0547945573925972,7.584346894873306e-05,1.2823611497879028,0.0,0.0
14,2,4.814055919647217,0.9272704124450684,23.774517059326172,8.415337562561035,0.5009699463844299,43.3021125793457,0.7903432250022888,0.025330329313874245,0.05150754749774933,26.646240234375,0.0,0.0,0.3652268648147583,6.718511576764286e-05,0.003762157168239355,0.5865384340286255,0.0,0.0,1.1155022382736206,0.35486024618148804,0.020837202668190002,0.4109582304954529,0.021241413429379463,0.7819885611534119,0.2765694856643677,0.012288360856473446,0.000907612731680274,0.48517513275146484,0.9826112985610962,0.0,0.8224819898605347,0.2632049322128296,0.0005282968049868941,0.019122762605547905,0.0,0.0,0.346484899520874,0.05107523500919342,9.405489981872961e-05,1.2800567150115967,0.0,0.0
14,3,1.6831880807876587,0.08220234513282776,32.260719299316406,9.49625301361084,0.40242746472358704,52.99570846557617,0.8434993624687195,0.13936027884483337,0.022902408614754677,2.9338128566741943,0.0,0.0,0.37314340472221375,0.00018659656052477658,0.006986957974731922,0.9578610062599182,0.0,0.0,1.154477596282959,0.39504170417785645,0.0235756766051054,0.4720057547092438,0.026450468227267265,0.9120941758155823,0.26944226026535034,0.007887874729931355,0.0012218666961416602,0.3652118444442749,0.9835103750228882,0.0,0.8045946955680847,0.2675328850746155,0.0005161075969226658,0.018704304471611977,0.0,0.0,0.3495360314846039,0.05213351920247078,9.009339555632323e-05,1.2789803743362427,0.0,0.0
14,4,4.725555419921875,0.6815773844718933,25.127784729003906,4.447505950927734,0.5039949417114258,58.13910675048828,0.9039181470870972,0.007253499701619148,0.04729466512799263,17.355323791503906,0.0,0.0,0.311918169260025,1.0074313649965916e-06,0.0035598408430814743,0.6808232665061951,0.0,0.0,1.087647557258606,0.39345189929008484,0.017287619411945343,0.25685200095176697,0.014468507841229439,0.46102792024612427,0.28106996417045593,0.014709880575537682,0.0006627856055274606,0.5518179535865784,0.9881747364997864,0.0,0.8669830560684204,0.2405514419078827,0.000576042803004384,0.020206211134791374,0.0,0.0,0.34691596031188965,0.0545608252286911,6.284999108174816e-05,1.2874146699905396,0.0,0.0
15,0,5.718051910400391,0.4853350520133972,35.53858947753906,2.725451946258545,0.6682883501052856,52.399681091308594,0.9897561073303223,0.01685982011258602,0.03540994971990585,12.273805618286133,0.0,0.0,0.28892648220062256,1.0244427812722279e-06,0.0029382873326539993,0.768689751625061,0.0,0.0,0.9785500764846802,0.356212317943573,0.013321800157427788,0.1415276825428009,0.008365890011191368,0.22874607145786285,0.3008742034435272,0.02523142471909523,0.00040887619252316654,0.778753936290741,0.9942464828491211,0.0,0.8906266093254089,0.24100087583065033,0.0005870712921023369,0.020224440842866898,0.0,0.0,0.34252890944480896,0.0541035421192646,9.599834447726607e-05,1.2688640356063843,0.0,0.0
15,1,1.5786056518554688,0.023806683719158173,24.641096115112305,6.069860935211182,0.501655101776123,46.074546813964844,0.7828232049942017,0.15277333557605743,0.024410393089056015,1.5120940208435059,0.0,0.0,0.3985680639743805,0.0003056548011954874,0.005296886432915926,1.0011430978775024,0.0,0.0,1.1001551151275635,0.40701326727867126,0.0194561630487442,0.3179432153701782,0.017662372440099716,0.5841131806373596,0.28090518712997437,0.014602869749069214,0.0008024802664294839,0.5120794773101807,0.9809980988502502,0.0,0.8083627223968506,0.260244756937027,0.0005312829744070768,0.018803242594003677,0.0,0.0,0.34733134508132935,0.05456904321908951,7.645583536941558e-05,1.2823611497879028,0.0,0.0
15,2,4.814055919647217,0.9272704124450684,23.774517059326172,8.415337562561035,0.5009699463844299,43.3021125793457,0.788622260093689,0.02516215294599533,0.051631953567266464,26.76108169555664,0.0,0.0,0.3652268648147583,6.754045898560435e-05,0.0037345041055232286,0.5865384340286255,0.0,0.0,1.120659589767456,0.35416334867477417,0.02090756595134735,0.41244757175445557,0.021187936887145042,0.7791790962219238,0.2765694856643677,0.012339487671852112,0.0009051975794136524,0.48517513275146484,0.9793579578399658,0.0,0.823259711265564,0.2631899416446686,0.0005288291722536087,0.019146529957652092,0.0,0.0,0.346484899520874,0.05087567865848541,9.480821609031409e-05,1.2800567150115967,0.0,0.0
15,3,1.6831880807876587,0.08220234513282776,32.260719299316406,9.49625301361084,0.40242746472358704,52.99570846557617,0.8410646915435791,0.1378186196088791,0.02296712063252926,2.935194253921509,0.0,0.0,0.37314340472221375,0.000188294259714894,0.006930132396519184,0.9578610062599182,0.0,0.0,1.1624009609222412,0.3937969505786896,0.023714818060398102,0.4745491147041321,0.02631952427327633,0.9072292447090149,0.26944226026535034,0.007937698625028133,0.001215327880345285,0.3652118444442749,0.9783081412315369,0.0,0.8059816956520081,0.26726388931274414,0.000516976579092443,0.018739469349384308,0.0,0.0,0.3495360314846039,0.05183650925755501,9.122848132392392e-05,1.2789803743362427,0.0,0.0
15,4,4.725555419921875,0.6815773844718933,25.127784729003906,4.447505950927734,0.5039949417114258,58.13910675048828,0.9018347859382629,0.007239812053740025,0.04741562902927399,17.418916702270508,0.0,0.0,0.311918169260025,1.0098638085764833e-06,0.00355137069709599,0.6808232665061951,0.0,0.0,1.0897583961486816,0.392975389957428,0.017311759293079376,0.25734880566596985,0.014452774077653885,0.4601508378982544,0.28106996417045593,0.01474049687385559,0.0006619914784096181,0.5518179535865784,0.9865288138389587,0.0,0.8693279027938843,0.23980823159217834,0.0005775958998128772,0.02025950700044632,0.0,0.0,0.34691596031188965,0.05448489263653755,6.299643428064883e-05,1.2874146699905396,0.0,0.0
16,0,5.718051910400391,0.4853350520133972,35.53858947753906,2.725451946258545,0.6682883501052856,52.399681091308594,0.9890771508216858,0.016912661492824554,0.035472169518470764,12.264098167419434,0.0,0.0,0.28892648220062256,1.0206528031631024e-06,0.0029497556388378143,0.768689751625061,0.0,0.0,0.9786104559898376,0.35616323351860046,0.013326944783329964,0.1415460854768753,0.00836028903722763,0.22873267531394958,0.3008742034435272,0.025226619094610214,0.0004086340486537665,0.778753936290741,0.9938752055168152,0.0,0.892774760723114,0.2402704507112503,0.0005886530852876604,0.020269840955734253,0.0,0.0,0.34252890944480896,0.05414680764079094,9.537021833239123e-05,1.2688640356063843,0.0,0.0
16,1,1.5786056518554688,0.023806683719158173,24.641096115112305,6.069860935211182,0.501655101776123,46.074546813964844,0.7853221893310547,0.15263265371322632,0.024325167760252953,1.5059332847595215,0.0,0.0,0.3985680639743805,0.00030544816399924457,0.005299185868352652,1.0011430978775024,0.0,0.0,1.0976946353912354,0.4076877534389496,0.019402634352445602,0.316884309053421,0.017703719437122345,0.586049497127533,0.28090518712997437,0.014552609995007515,0.000804319919552654,0.5120794773101807,0.9840997457504272,0.0,0.8065099120140076,0.2606205642223358,0.0005300325574353337,0.018759312108159065,0.0,0.0,0.34733134508132935,0.054663076996803284,7.64277356211096e-05,1.2823611497879028,0.0,0.0
16,2,4.814055919647217,0.9272704124450684,23.774517059326172,8.415337562561035,0.5009699463844299,43.3021125793457,0.7920765280723572,0.025135455653071404,0.051389992237091064,26.55464744567871,0.0,0.0,0.3652268648147583,6.750848842784762e-05,0.0037718024104833603,0.5865384340286255,0.0,0.0,1.1185779571533203,0.3555132746696472,0.020837489515542984,0.41152384877204895,0.021268697455525398,0.7809082269668579,0.2765694856643677,0.012316230684518814,0.0009087007492780685,0.48517513275146484,0.9821192622184753,0.0,0.8194940090179443,0.26466184854507446,0.0005264257779344916,0.01906079426407814,0.0,0.0,0.346484899520874,0.050989795476198196,9.494846744928509e-05,1.2800567150115967,0.0,0.0
16,3,1.6831880807876587,0.08220234513282776,32.260719299316406,9.49625301361084,0.40242746472358704,52.99570846557617,0.8465004563331604,0.13775384426116943,0.02280624769628048,2.8999342918395996,0.0,0.0,0.37314340472221375,0.0001882170618046075,0.006973741576075554,0.9578610062599182,0.0,0.0,1.1578621864318848,0.39543721079826355,0.02360185608267784,0.47193077206611633,0.026434145867824554,0.9122201204299927,0.26944226026535034,0.00789497047662735,0.0012204619124531746,0.3652118444442749,0.9835303425788879,0.0,0.8015961647033691,0.2686178684234619,0.0005141572910360992,0.018635272979736328,0.0,0.0,0.3495360314846039,0.05206301808357239,9.113693522522226e-05,1.2789803743362427,0.0,0.0
16,4,4.725555419921875,0.6815773844718933,25.127784729003906,4.447505950927734,0.5039949417114258,58.13910675048828,0.9036398530006409,0.007236371748149395,0.04732583463191986,17.341630935668945,0.0,0.0,0.311918169260025,1.01068928870518e-06,0.00357741373591125,0.6808232665061951,0.0,0.0,1.0893746614456177,0.39455440640449524,0.017294691875576973,0.2572232782840729,0.014470880851149559,0.46038544178009033,0.28106996417045593,0.014739174395799637,0.0006628828123211861,0.5518179535865784,0.9872652888298035,0.0,0.8675607442855835,0.24033065140247345,0.0005764355300925672,0.020212281495332718,0.0,0.0,0.34691596031188965,0.05467637628316879,6.267637218115851e-05,1.2874146699905396,0.0,0.0
17,0,5.718051910400391,0.4853350520133972,35.53858947753906,2.725451946258545,0.6682883501052856,52.399681091308594,0.9889774918556213,0.01689809188246727,0.03552361577749252,12.320439338684082,0.0,0.0,0.28892648220062256,1.021198158923653e-06,0.0029455574695020914,0.768689751625061,0.0,0.0,0.9794546365737915,0.3561986982822418,0.013328855857253075,0.1416119784116745,0.008357797749340534,0.2286376953125,0.3008742034435272,0.025236284360289574,0.0004085213295184076,0.778753936290741,0.9934957027435303,0.0,0.8948419094085693,0.23949310183525085,0.000590085401199758,0.020313600078225136,0.0,0.0,0.34252890944480896,0.054181743413209915,9.510452946415171e-05,1.2688640356063843,0.0,0.0
17,1,1.5786056518554688,0.023806683719158173,24.641096115112305,6.069860935211182,0.501655101776123,46.074546813964844,0.785688579082489,0.15249712765216827,0.024303501471877098,1.5014362335205078,0.0,0.0,0.3985680639743805,0.0003055402485188097,0.005298634059727192,1.0011430978775024,0.0,0.0,1.0973403453826904,0.4076464772224426,0.0194000955671072,0.3166959285736084,0.017706630751490593,0.5863807201385498,0.28090518712997437,0.014543835073709488,0.0008043643902055919,0.5120794773101807,0.9845423102378845,0.0,0.8055539131164551,0.2610154151916504,0.0005293843569234014,0.01874023862183094,0.0,0.0,0.34733134508132935,0.054610755294561386,7.666467718081549e-05,1.2823611497879028,0.0,0.0
17,2,4.814055919647217,0.9272704124450684,23.774517059326172,8.415337562561035,0.5009699463844299,43.3021125793457,0.7924307584762573,0.02511925809085369,0.051345597952604294,26.517629623413086,0.0,0.0,0.3652268648147583,6.754676724085584e-05,0.0037862639874219894,0.5865384340286255,0.0,0.0,1.1188714504241943,0.35558784008026123,0.020844805985689163,0.4115988314151764,0.021269503980875015,0.7807492613792419,0.2765694856643677,0.012322330847382545,0.0009085091296583414,0.48517513275146484,0.9820026755332947,0.0,0.8178291320800781,0.26553165912628174,0.0005253377021290362,0.01902575045824051,0.0,0.0,0.346484899520874,0.050954319536685944,9.539252641843632e-05,1.2800567150115967,0.0,0.0
17,3,1.6831880807876587,0.08220234513282776,32.260719299316406,9.49625301361084,0.40242746472358704,52.99570846557617,0.8469491600990295,0.13790176808834076,0.022782938554883003,2.8715426921844482,0.0,0.0,0.37314340472221375,0.0001882194192148745,0.0070044430904090405,0.9578610062599182,0.0,0.0,1.1583205461502075,0.3953797221183777,0.023617004975676537,0.47187742590904236,0.02642252668738365,0.9122934937477112,0.26944226026535034,0.007895391434431076,0.0012195841409265995,0.3652118444442749,0.9834069609642029,0.0,0.7998860478401184,0.2696048319339752,0.0005130373174324632,0.018599139526486397,0.0,0.0,0.3495360314846039,0.051986586302518845,9.166511154035106e-05,1.2789803743362427,0.0,0.0
17,4,4.725555419921875,0.6815773844718933,25.127784729003906,4.447505950927734,0.5039949417114258,58.13910675048828,0.9043708443641663,0.00723611144348979,0.04728423431515694,17.352863311767578,0.0,0.0,0.311918169260025,1.0109715731232427e-06,0.0035853979643434286,0.6808232665061951,0.0,0.0,1.0890637636184692,0.39511099457740784,0.017286144196987152,0.257063627243042,0.014480392448604107,0.46067777276039124,0.28106996417045593,0.014733873307704926,0.0006631743162870407,0.5518179535865784,0.987910270690918,0.0,0.8668925762176514,0.24044127762317657,0.0005759974592365324,0.0201967041939497,0.0,0.0,0.34691596031188965,0.054728005081415176,6.271224265219644e-05,1.2874146699905396,0.0,0.0
18,0,5.718051910400391,0.4853350520133972,35.53858947753906,2.725451946258545,0.6682883501052856,52.399681091308594,0.9919397830963135,0.016961749643087387,0.035448379814624786,12.319478988647461,0.0,0.0,0.28892648220062256,1.019162368720572e-06,0.0029534404166042805,0.768689751625061,0.0,0.0,0.9773679375648499,0.3570752739906311,0.013289629481732845,0.14119692146778107,0.008379676379263401,0.22931131720542908,0.3008742034435272,0.02515823021531105,0.00040955000440590084,0.778753936290741,0.9964298605918884,0.0,0.894317626953125,0.23938441276550293,0.0005898539093323052,0.020301353186368942,0.0,0.0,0.34252890944480896,0.05433190241456032,9.462966409046203e-05,1.2688640356063843,0.0,0.0
18,1,1.5786056518554688,0.023806683719158173,24.641096115112305,6.069860935211182,0.501655101776123,46.074546813964844,0.7845426201820374,0.15247957408428192,0.024345366284251213,1.5004370212554932,0.0,0.0,0.3985680639743805,0.00030554470140486956,0.005298536736518145,1.0011430978775024,0.0,0.0,1.098781943321228,0.4069773554801941,0.019431954249739647,0.31721365451812744,0.017682427540421486,0.5854311585426331,0.28090518712997437,0.014566858299076557,0.0008033443009480834,0.5120794773101807,0.9829808473587036,0.0,0.8061230778694153,0.26088589429855347,0.0005297238240018487,0.01875619776546955,0.0,0.0,0.34733134508132935,0.05445212125778198,7.704942981945351e-05,1.2823611497879028,0.0,0.0
18,2,4.814055919647217,0.9272704124450684,23.774517059326172,8.415337562561035,0.5009699463844299,43.3021125793457,0.7910807132720947,0.025089016184210777,0.0514305979013443,26.544456481933594,0.0,0.0,0.3652268648147583,6.761505937902257e-05,0.0037875352427363396,0.5865384340286255,0.0,0.0,1.1206015348434448,0.35430556535720825,0.02089034952223301,0.41223862767219543,0.021223055198788643,0.7795331478118896,0.2765694856643677,0.012339221313595772,0.0009064858895726502,0.48517513275146484,0.9802452325820923,0.0,0.8191068768501282,0.26513341069221497,0.0005261586629785597,0.01905917562544346,0.0,0.0,0.346484899520874,0.05081379786133766,9.582903294358402e-05,1.2800567150115967,0.0,0.0
18,3,1.6831880807876587,0.08220234513282776,32.260719299316406,9.49625301361084,0.40242746472358704,52.99570846557617,0.8452541828155518,0.1376672089099884,0.02282704971730709,2.8628101348876953,0.0,0.0,0.37314340472221375,0.00018817615637090057,0.007011222653090954,0.9578610062599182,0.0,0.0,1.1593940258026123,0.3941035866737366,0.023656323552131653,0.472685843706131,0.026385825127363205,0.9107363820075989,0.26944226026535034,0.007907244376838207,0.0012179622426629066,0.3652118444442749,0.9817126989364624,0.0,0.800582230091095,0.26963114738464355,0.0005134698585607111,0.01861940324306488,0.0,0.0,0.3495360314846039,0.051791369915008545,9.236045298166573e-05,1.2789803743362427,0.0,0.0
18,4,4.725555419921875,0.6815773844718933,25.127784729003906,4.447505950927734,0.5039949417114258,58.13910675048828,0.9029169082641602,0.007231395225971937,0.047368358820676804,17.354629516601562,0.0,0.0,0.311918169260025,1.0121950708708027e-06,0.003588152816519141,0.6808232665061951,0.0,0.0,1.0907647609710693,0.39462900161743164,0.017315171658992767,0.25739815831184387,0.014453542418777943,0.4600852131843567,0.28106996417045593,0.01475256122648716,0.0006619137711822987,0.5518179535865784,0.9864229559898376,0.0,0.8688071370124817,0.23978012800216675,0.0005772595177404583,0.020237959921360016,0.0,0.0,0.34691596031188965,0.05471150204539299,6.26616456429474e-05,1.2874146699905396,0.0,0.0
19,0,5.718051910400391,0.4853350520133972,35.53858947753906,2.725451946258545,0.6682883501052856,52.399681091308594,0.9888055324554443,0.01697884127497673,0.03558991104364395,12.370673179626465,0.0,0.0,0.28892648220062256,1.02171475191426e-06,0.002946935361251235,0.768689751625061,0.0,0.0,0.9810455441474915,0.35709068179130554,0.013332144357264042,0.14179737865924835,0.00835740752518177,0.22836147248744965,0.3008742034435272,0.025271758437156677,0.0004085290420334786,0.778753936290741,0.9926561713218689,0.0,0.8973333239555359,0.23845182359218597,0.0005919017130509019,0.020366491749882698,0.0,0.0,0.34252890944480896,0.05427844077348709,9.463878814131021e-05,1.2688640356063843,0.0,0.0
19,1,1.5786056518554688,0.023806683719158173,24.641096115112305,6.069860935211182,0.501655101776123,46.074546813964844,0.7844659090042114,0.15219902992248535,0.024358980357646942,1.4988971948623657,0.0,0.0,0.3985680639743805,0.0003062123723793775,0.005296712275594473,1.0011430978775024,0.0,0.0,1.1005439758300781,0.4063500165939331,0.019452538341283798,0.31771206855773926,0.017673561349511147,0.5844981074333191,0.28090518712997437,0.014592436142265797,0.0008030197932384908,0.5120794773101807,0.9817509651184082,0.0,0.8064899444580078,0.26093176007270813,0.0005299230688251555,0.018768811598420143,0.0,0.0,0.34733134508132935,0.05428902432322502,7.749514043098316e-05,1.2823611497879028,0.0,0.0
19,2,4.814055919647217,0.9272704124450684,23.774517059326172,8.415337562561035,0.5009699463844299,43.3021125793457,0.7921245098114014,0.025060486048460007,0.0513431653380394,26.58530616760254,0.0,0.0,0.3652268648147583,6.772156484657899e-05,0.0037803996820002794,0.5865384340286255,0.0,0.0,1.1190845966339111,0.354129433631897,0.020859485492110252,0.41184666752815247,0.02125932276248932,0.7802425026893616,0.2765694856643677,0.012326258234679699,0.0009079374722205102,0.48517513275146484,0.9814637303352356,0.0,0.8179101943969727,0.26568689942359924,0.0005253655835986137,0.019037136808037758,0.0,0.0,0.346484899520874,0.05079648271203041,9.631305874790996e-05,1.2800567150115967,0.0,0.0
19,3,1.6831880807876587,0.08220234513282776,32.260719299316406,9.49625301361084,0.40242746472358704,52.99570846557617,0.8454457521438599,0.13710959255695343,0.022839508950710297,2.8578333854675293,0.0,0.0,0.37314340472221375,0.00018870734493248165,0.007005870807915926,0.9578610062599182,0.0,0.0,1.1606817245483398,0.3932354152202606,0.02365354262292385,0.47360146045684814,0.026417313143610954,0.9089248776435852,0.26944226026535034,0.007924006320536137,0.001219379366375506,0.3652118444442749,0.9808954000473022,0.0,0.799945056438446,0.27045923471450806,0.0005129966884851456,0.01861477643251419,0.0,0.0,0.3495360314846039,0.05155128985643387,9.347934974357486e-05,1.2789803743362427,0.0,0.0
19,4,4.725555419921875,0.6815773844718933,25.127784729003906,4.447505950927734,0.5039949417114258,58.13910675048828,0.9030471444129944,0.007225156761705875,0.047360677272081375,17.39961814880371,0.0,0.0,0.311918169260025,1.0127326959263883e-06,0.003581988625228405,0.6808232665061951,0.0,0.0,1.0900540351867676,0.3944407105445862,0.017297951504588127,0.2572333812713623,0.014468616805970669,0.4603828489780426,0.28106996417045593,0.014743953943252563,0.0006624421803280711,0.5518179535865784,0.9872802495956421,0.0,0.8695442080497742,0.23940899968147278,0.0005777400801889598,0.02025589533150196,0.0,0.0,0.34691596031188965,0.054709333926439285,6.282249523792416e-05,1.2874146699905396,0.0,0.0
20,0,5.718051910400391,0.4853350520133972,35.53858947753906,2.725451946258545,0.6682883501052856,52.399681091308594,0.9916670322418213,0.017004219815135002,0.03551199287176132,12.393879890441895,0.0,0.0,0.28892648220062256,1.0185827932218672e-06,0.0029432540759444237,0.768689751625061,0.0,0.0,0.9781548976898193,0.35781505703926086,0.01329110935330391,0.14133019745349884,0.008379953913390636,0.22912712395191193,0.3008742034435272,0.02518180012702942,0.00040957648889161646,0.778753936290741,0.9958316087722778,0.0,0.8970814347267151,0.2381161004304886,0.0005919402465224266,0.020362917333841324,0.0,0.0,0.34252890944480896,0.0543944351375103,9.423562732990831e-05,1.2688640356063843,0.0,0.0
20,1,1.5786056518554688,0.023806683719158173,24.641096115112305,6.069860935211182,0.501655101776123,46.074546813964844,0.7859092950820923,0.1526612937450409,0.02430189773440361,1.4950522184371948,0.0,0.0,0.3985680639743805,0.00030494265956804156,0.005312725901603699,1.0011430978775024,0.0,0.0,1.0965595245361328,0.407487154006958,0.019406510517001152,0.3168855309486389,0.017718231305480003,0.5860244631767273,0.28090518712997437,0.014554087072610855,0.0008048999006859958,0.5120794773101807,0.9843170046806335,0.0,0.8030555844306946,0.2622697353363037,0.0005276471492834389,0.01869312673807144,0.0,0.0,0.34733134508132935,0.05434966832399368,7.774538244120777e-05,1.2823611497879028,0.0,0.0
20,2,4.814055919647217,0.9272704124450684,23.774517059326172,8.415337562561035,0.5009699463844299,43.3021125793457,0.7913275361061096,0.02513541467487812,0.05137205123901367,26.57269287109375,0.0,0.0,0.3652268648147583,6.755609501851723e-05,0.003784633008763194,0.5865384340286255,0.0,0.0,1.1179287433624268,0.353450208902359,0.02085558883845806,0.4118264317512512,0.021260621026158333,0.7802641987800598,0.2765694856643677,0.012321537360548973,0.0009080032468773425,0.48517513275146484,0.9814872145652771,0.0,0.8183216452598572,0.26565635204315186,0.0005256528966128826,0.01904926262795925,0.0,0.0,0.346484899520874,0.05072088912129402,9.668672282714397e-05,1.2800567150115967,0.0,0.0
20,3,1.6831880807876587,0.08220234513282776,32.260719299316406,9.49625301361084,0.40242746472358704,52.99570846557617,0.8471251130104065,0.13763920962810516,0.022789636626839638,2.842789649963379,0.0,0.0,0.37314340472221375,0.00018786374130286276,0.0070415521040558815,0.9578610062599182,0.0,0.0,1.1566829681396484,0.3935144543647766,0.023599499836564064,0.47252127528190613,0.026484917849302292,0.9109774827957153,0.26944226026535034,0.00790516659617424,0.0012222802033647895,0.3652118444442749,0.9832488894462585,0.0,0.796688437461853,0.2719876170158386,0.0005109042394906282,0.018546748906373978,0.0,0.0,0.3495360314846039,0.05152566730976105,9.41316902753897e-05,1.2789803743362427,0.0,0.0
20,4,4.725555419921875,0.6815773844718933,25.127784729003906,4.447505950927734,0.5039949417114258,58.13910675048828,0.90241539478302,0.007222396321594715,0.04739752784371376,17.395227432250977,0.0,0.0,0.311918169260025,1.0133876457985025e-06,0.0035792088601738214,0.6808232665061951,0.0,0.0,1.0908998250961304,0.3946670889854431,0.0173108521848917,0.257381409406662,0.014453678391873837,0.4601178765296936,0.28106996417045593,0.014752223156392574,0.0006618383340537548,0.5518179535865784,0.9865370988845825,0.0,0.870232880115509,0.23916415870189667,0.0005781569634564221,0.020263943821191788,0.0,0.0,0.34691596031188965,0.05480361729860306,6.256593769649044e-05,1.2874146699905396,0.0,0.0
21,0,5.718051910400391,0.4853350520133972,35.53858947753906,2.725451946258545,0.6682883501052856,52.399681091308594,0.9915571808815002,0.017016766592860222,0.03554641827940941,12.384187698364258,0.0,0.0,0.28892648220062256,1.0203758620264125e-06,0.0029435008764266968,0.768689751625061,0.0,0.0,0.9799559712409973,0.3583689332008362,0.01331137865781784,0.14147603511810303,0.008365766145288944,0.22890211641788483,0.3008742034435272,0.025215502828359604,0.0004088818095624447,0.778753936290741,0.9945932626724243,0.0,0.8981688022613525,0.23762936890125275,0.0005927417078055441,0.02038312889635563,0.0,0.0,0.34252890944480896,0.05447781831026077,9.377966489410028e-05,1.2688640356063843,0.0,0.0
21,1,1.5786056518554688,0.023806683719158173,24.641096115112305,6.069860935211182,0.501655101776123,46.074546813964844,0.7857248783111572,0.15275196731090546,0.024312518537044525,1.4930709600448608,0.0,0.0,0.3985680639743805,0.0003047757491003722,0.005316511262208223,1.0011430978775024,0.0,0.0,1.0979899168014526,0.4075561761856079,0.019433245062828064,0.3172946572303772,0.017700843513011932,0.5852668285369873,0.28090518712997437,0.014576874673366547,0.0008039418607950211,0.5120794773101807,0.9831406474113464,0.0,0.801795244216919,0.263049453496933,0.0005267991218715906,0.018666448071599007,0.0,0.0,0.34733134508132935,0.05427999794483185,7.803097105352208e-05,1.2823611497879028,0.0,0.0
21,2,4.814055919647217,0.9272704124450684,23.774517059326172,8.415337562561035,0.5009699463844299,43.3021125793457,0.7929105162620544,0.025141369551420212,0.05128510296344757,26.513994216918945,0.0,0.0,0.3652268648147583,6.751788168912753e-05,0.003786124987527728,0.5865384340286255,0.0,0.0,1.1182169914245605,0.35422611236572266,0.020853787660598755,0.41157570481300354,0.02126619778573513,0.7807395458221436,0.2765694856643677,0.012318294495344162,0.0009080624440684915,0.48517513275146484,0.9820459485054016,0.0,0.8158331513404846,0.2667035758495331,0.000524032860994339,0.018990259617567062,0.0,0.0,0.346484899520874,0.050823062658309937,9.675134788267314e-05,1.2800567150115967,0.0,0.0
21,3,1.6831880807876587,0.08220234513282776,32.260719299316406,9.49625301361084,0.40242746472358704,52.99570846557617,0.8465671539306641,0.1374201774597168,0.022809410467743874,2.8397064208984375,0.0,0.0,0.37314340472221375,0.00018790565081872046,0.0070338137447834015,0.9578610062599182,0.0,0.0,1.1593401432037354,0.393684059381485,0.02365422621369362,0.47334185242652893,0.026435041800141335,0.9093962907791138,0.26944226026535034,0.00792265497148037,0.0012195275630801916,0.3652118444442749,0.981499969959259,0.0,0.794355571269989,0.2733985483646393,0.0005093427607789636,0.01849331147968769,0.0,0.0,0.3495360314846039,0.05150621756911278,9.455436520511284e-05,1.2789803743362427,0.0,0.0
21,4,4.725555419921875,0.6815773844718933,25.127784729003906,4.447505950927734,0.5039949417114258,58.13910675048828,0.9046946167945862,0.0072184232994914055,0.04728655517101288,17.369558334350586,0.0,0.0,0.311918169260025,1.013520545711799e-06,0.003580922493711114,0.6808232665061951,0.0,0.0,1.089800238609314,0.3955913186073303,0.01728164777159691,0.25685277581214905,0.014477782882750034,0.46106237173080444,0.28106996417045593,0.01472343411296606,0.0006629284471273422,0.5518179535865784,0.9884902834892273,0.0,0.8685736656188965,0.23961998522281647,0.0005770582356490195,0.020223468542099,0.0,0.0,0.34691596031188965,0.054956015199422836,6.240833317860961e-05,1.2874146699905396,0.0,0.0
22,0,5.718051910400391,0.4853350520133972,35.53858947753906,2.725451946258545,0.6682883501052856,52.399681091308594,0.9922563433647156,0.017048392444849014,0.03553171455860138,12.356317520141602,0.0,0.0,0.28892648220062256,1.0189529575654888e-06,0.0029465060215443373,0.768689751625061,0.0,0.0,0.9789441823959351,0.35826316475868225,0.013296250253915787,0.14122994244098663,0.008371741510927677,0.22930441796779633,0.3008742034435272,0.025166254490613937,0.0004091438604518771,0.778753936290741,0.9960525035858154,0.0,0.8993318676948547,0.23714981973171234,0.0005937022506259382,0.020411888137459755,0.0,0.0,0.34252890944480896,0.05448392406105995,9.352296183351427e-05,1.2688640356063843,0.0,0.0
22,1,1.5786056518554688,0.023806683719158173,24.641096115112305,6.069860935211182,0.501655101776123,46.074546813964844,0.7867215871810913,0.15290598571300507,0.02429155632853508,1.492724895477295,0.0,0.0,0.3985680639743805,0.0003042445459868759,0.005322502460330725,1.0011430978775024,0.0,0.0,1.097795009613037,0.40831249952316284,0.0194273479282856,0.3172142803668976,0.01771041378378868,0.58542400598526,0.28090518712997437,0.01457587257027626,0.0008043113048188388,0.5120794773101807,0.9835160374641418,0.0,0.7998933792114258,0.2638339698314667,0.0005254919524304569,0.018621398136019707,0.0,0.0,0.34733134508132935,0.05432894825935364,7.817582081770524e-05,1.2823611497879028,0.0,0.0
22,2,4.814055919647217,0.9272704124450684,23.774517059326172,8.415337562561035,0.5009699463844299,43.3021125793457,0.7921502590179443,0.025144394487142563,0.05137421935796738,26.476844787597656,0.0,0.0,0.3652268648147583,6.749530439265072e-05,0.0037852423265576363,0.5865384340286255,0.0,0.0,1.121343731880188,0.35375353693962097,0.02089907042682171,0.41237130761146545,0.021220222115516663,0.7792413234710693,0.2765694856643677,0.01234191469848156,0.0009061153396032751,0.48517513275146484,0.9800999760627747,0.0,0.8168508410453796,0.2664557099342346,0.0005247009103186429,0.01901286654174328,0.0,0.0,0.346484899520874,0.050758738070726395,9.68917302088812e-05,1.2800567150115967,0.0,0.0
22,3,1.6831880807876587,0.08220234513282776,32.260719299316406,9.49625301361084,0.40242746472358704,52.99570846557617,0.8487431406974792,0.13744057714939117,0.022767921909689903,2.8419573307037354,0.0,0.0,0.37314340472221375,0.00018757398356683552,0.007036147639155388,0.9578610062599182,0.0,0.0,1.1587058305740356,0.39441320300102234,0.023631960153579712,0.4726581275463104,0.026460155844688416,0.910705029964447,0.26944226026535034,0.007911219261586666,0.0012205565581098199,0.3652118444442749,0.982723593711853,0.0,0.7917448282241821,0.27448129653930664,0.0005076266243122518,0.01843099296092987,0.0,0.0,0.3495360314846039,0.05161094665527344,9.471759403822944e-05,1.2789803743362427,0.0,0.0
22,4,4.725555419921875,0.6815773844718933,25.127784729003906,4.447505950927734,0.5039949417114258,58.13910675048828,0.9027653336524963,0.007214135490357876,0.04739993438124657,17.342594146728516,0.0,0.0,0.311918169260025,1.0146046633963124e-06,0.0035788947716355324,0.6808232665061951,0.0,0.0,1.0926578044891357,0.3951638340950012,0.017314739525318146,0.2574133276939392,0.014449145644903183,0.460058331489563,0.28106996417045593,0.01475259754806757,0.0006617803010158241,0.5518179535865784,0.9863429069519043,0.0,0.8705762028694153,0.23914694786071777,0.0005783845554105937,0.02026633359491825,0.0,0.0,0.34691596031188965,0.05491785332560539,6.230822327779606e-05,1.2874146699905396,0.0,0.0
23,0,5.718051910400391,0.4853350520133972,35.53858947753906,2.725451946258545,0.6682883501052856,52.399681091308594,0.9903224110603333,0.016999123618006706,0.03560406342148781,12.363039016723633,0.0,0.0,0.28892648220062256,1.0227298616882763e-06,0.002940187230706215,0.768689751625061,0.0,0.0,0.980290949344635,0.35822951793670654,0.013322919607162476,0.14157834649085999,0.008356831036508083,0.22876057028770447,0.3008742034435272,0.025236887857317924,0.0004084786050952971,0.778753936290741,0.993821918964386,0.0,0.901856005191803,0.23630183935165405,0.0005954820080660284,0.020464980974793434,0.0,0.0,0.34252890944480896,0.05449344962835312,9.328169107902795e-05,1.2688640356063843,0.0,0.0
23,1,1.5786056518554688,0.023806683719158173,24.641096115112305,6.069860935211182,0.501655101776123,46.074546813964844,0.7879417538642883,0.1528066098690033,0.02426493540406227,1.492175579071045,0.0,0.0,0.3985680639743805,0.00030405717552639544,0.005320997908711433,1.0011430978775024,0.0,0.0,1.0988134145736694,0.4089651107788086,0.019437575712800026,0.3172142803668976,0.017704658210277557,0.585414469242096,0.28090518712997437,0.014579453505575657,0.0008039052481763065,0.5120794773101807,0.9833911061286926,0.0,0.7977333664894104,0.2649170160293579,0.0005240160971879959,0.01857086829841137,0.0,0.0,0.34733134508132935,0.054373517632484436,7.826512592146173e-05,1.2823611497879028,0.0,0.0
23,2,4.814055919647217,0.9272704124450684,23.774517059326172,8.415337562561035,0.5009699463844299,43.3021125793457,0.7947440147399902,0.025153610855340958,0.05125271901488304,26.406843185424805,0.0,0.0,0.3652268648147583,6.741071410942823e-05,0.003789349691942334,0.5865384340286255,0.0,0.0,1.1217460632324219,0.3548431694507599,0.02088722586631775,0.4116743803024292,0.02122967317700386,0.7805421948432922,0.2765694856643677,0.012323777191340923,0.0009062672615982592,0.48517513275146484,0.981370747089386,0.0,0.8139070272445679,0.26779210567474365,0.0005227703368291259,0.018940458074212074,0.0,0.0,0.346484899520874,0.050921980291604996,9.664460230851546e-05,1.2800567150115967,0.0,0.0
23,3,1.6831880807876587,0.08220234513282776,32.260719299316406,9.49625301361084,0.40242746472358704,52.99570846557617,0.8509649038314819,0.13745127618312836,0.022740934044122696,2.842538833618164,0.0,0.0,0.37314340472221375,0.00018742005340754986,0.007036984898149967,0.9578610062599182,0.0,0.0,1.1613006591796875,0.3950345516204834,0.02364697866141796,0.47252753376960754,0.026448121294379234,0.9108971357345581,0.26944226026535034,0.007910535670816898,0.001219567726366222,0.3652118444442749,0.9827399253845215,0.0,0.7883747816085815,0.2764706611633301,0.0005053633940406144,0.018353275954723358,0.0,0.0,0.3495360314846039,0.05163846164941788,9.501084423391148e-05,1.2789803743362427,0.0,0.0
23,4,4.725555419921875,0.6815773844718933,25.127784729003906,4.447505950927734,0.5039949417114258,58.13910675048828,0.9049124717712402,0.007215150631964207,0.04730628430843353,17.326993942260742,0.0,0.0,0.311918169260025,1.013527139548387e-06,0.003580250544473529,0.6808232665061951,0.0,0.0,1.0919451713562012,0.39622795581817627,0.01728636398911476,0.25693362951278687,0.014473028481006622,0.4609142243862152,0.28106996417045593,0.01472676545381546,0.0006627860711887479,0.5518179535865784,0.9881611466407776,0.0,0.8684485554695129,0.23985403776168823,0.0005769711569882929,0.020216595381498337,0.0,0.0,0.34691596031188965,0.05503636226058006,6.228831625776365e-05,1.2874146699905396,0.0,0.0
24,0,5.718051910400391,0.4853350520133972,35.53858947753906,2.725451946258545,0.6682883501052856,52.399681091308594,0.9914315342903137,0.017022794112563133,0.03558499738574028,12.348150253295898,0.0,0.0,0.28892648220062256,1.021287175717589e-06,0.0029415173921734095,0.768689751625061,0.0,0.0,0.9788937568664551,0.3586037755012512,0.013307157903909683,0.14136433601379395,0.00836458895355463,0.2291174829006195,0.3008742034435272,0.025194896385073662,0.0004088078567292541,0.778753936290741,0.9952177405357361,0.0,0.9021329283714294,0.23602421581745148,0.0005958276451565325,0.020473098382353783,0.0,0.0,0.34252890944480896,0.05455029755830765,9.309464803664014e-05,1.2688640356063843,0.0,0.0
24,1,1.5786056518554688,0.023806683719158173,24.641096115112305,6.069860935211182,0.501655101776123,46.074546813964844,0.7883856296539307,0.15277579426765442,0.024251488968729973,1.4927959442138672,0.0,0.0,0.3985680639743805,0.0003037592105101794,0.005319481249898672,1.0011430978775024,0.0,0.0,1.0990813970565796,0.4089302122592926,0.019435783848166466,0.3170805275440216,0.01770402304828167,0.5856480598449707,0.28090518712997437,0.014572001062333584,0.0008038611267693341,0.5120794773101807,0.98365718126297,0.0,0.7969857454299927,0.26531359553337097,0.0005234735435806215,0.018552729859948158,0.0,0.0,0.34733134508132935,0.054366156458854675,7.839794125175104e-05,1.2823611497879028,0.0,0.0
24,2,4.814055919647217,0.9272704124450684,23.774517059326172,8.415337562561035,0.5009699463844299,43.3021125793457,0.7942395210266113,0.02515290677547455,0.0512944720685482,26.367849349975586,0.0,0.0,0.3652268648147583,6.744368147337809e-05,0.003792281961068511,0.5865384340286255,0.0,0.0,1.123929738998413,0.35432538390159607,0.020912406966090202,0.4121778607368469,0.021203992888331413,0.7795692682266235,0.2765694856643677,0.01233803853392601,0.0009052762761712074,0.48517513275146484,0.9800978899002075,0.0,0.8145244121551514,0.2677938938140869,0.0005231697577983141,0.01895446516573429,0.0,0.0,0.346484899520874,0.050848569720983505,9.689854778116569e-05,1.2800567150115967,0.0,0.0
24,3,1.6831880807876587,0.08220234513282776,32.260719299316406,9.49625301361084,0.40242746472358704,52.99570846557617,0.8515453338623047,0.13750000298023224,0.02272828482091427,2.8451101779937744,0.0,0.0,0.37314340472221375,0.00018719259242061526,0.007039964199066162,0.9578610062599182,0.0,0.0,1.1624263525009155,0.39444342255592346,0.023653307929635048,0.4723718762397766,0.026437455788254738,0.9111413359642029,0.26944226026535034,0.007906880229711533,0.0012190500274300575,0.3652118444442749,0.9827776551246643,0.0,0.7873594164848328,0.27717509865760803,0.0005046301521360874,0.018330693244934082,0.0,0.0,0.3495360314846039,0.05158397927880287,9.541660256218165e-05,1.2789803743362427,0.0,0.0
24,4,4.725555419921875,0.6815773844718933,25.127784729003906,4.447505950927734,0.5039949417114258,58.13910675048828,0.9040006399154663,0.007209807634353638,0.0473625548183918,17.312868118286133,0.0,0.0,0.311918169260025,1.0144281077373307e-06,0.003579932963475585,0.6808232665061951,0.0,0.0,1.0939407348632812,0.3961549401283264,0.017309606075286865,0.2572743594646454,0.014453209936618805,0.46030333638191223,0.28106996417045593,0.014746908098459244,0.0006619605119340122,0.5518179535865784,0.9867916107177734,0.0,0.8693147301673889,0.23968781530857086,0.0005775145255029202,0.020232658833265305,0.0,0.0,0.34691596031188965,0.055034980177879333,6.227310950635001e-05,1.2874146699905396,0.0,0.0
25,0,5.718051910400391,0.4853350520133972,35.53858947753906,2.725451946258545,0.6682883501052856,52.399681091308594,0.9906706213951111,0.01701824553310871,0.03563448786735535,12.34237289428711,0.0,0.0,0.28892648220062256,1.022381638904335e-06,0.0029416175093501806,0.768689751625061,0.0,0.0,0.9796651601791382,0.35894539952278137,0.013322805054485798,0.14158198237419128,0.008356865495443344,0.22878305613994598,0.3008742034435272,0.02523869462311268,0.0004084634711034596,0.778753936290741,0.9938746094703674,0.0,0.9033811092376709,0.2355937510728836,0.0005967478500679135,0.020499365404248238,0.0,0.0,0.34252890944480896,0.05457671731710434,9.30308160604909e-05,1.2688640356063843,0.0,0.0
25,1,1.5786056518554688,0.023806683719158173,24.641096115112305,6.069860935211182,0.501655101776123,46.074546813964844,0.7886018753051758,0.1526273936033249,0.02424394153058529,1.4947084188461304,0.0,0.0,0.3985680639743805,0.0003038502763956785,0.005310534965246916,1.0011430978775024,0.0,0.0,1.1001399755477905,0.40871667861938477,0.019442584365606308,0.3171861171722412,0.01769949495792389,0.5854436755180359,0.28090518712997437,0.014577583409845829,0.0008036843501031399,0.5120794773101807,0.9833729267120361,0.0,0.7965266704559326,0.26557624340057373,0.0005231458926573396,0.01854289323091507,0.0,0.0,0.34733134508132935,0.05432213097810745,7.857022865209728e-05,1.2823611497879028,0.0,0.0
25,2,4.814055919647217,0.9272704124450684,23.774517059326172,8.415337562561035,0.5009699463844299,43.3021125793457,0.7942411303520203,0.025128161534667015,0.05131174996495247,26.38737678527832,0.0,0.0,0.3652268648147583,6.751864566467702e-05,0.003789517330005765,0.5865384340286255,0.0,0.0,1.125775933265686,0.3537902534008026,0.020914435386657715,0.4125361740589142,0.021208029240369797,0.7788610458374023,0.2765694856643677,0.012348695658147335,0.0009055811096914113,0.48517513275146484,0.9796112775802612,0.0,0.814491868019104,0.26814085245132446,0.0005231269751675427,0.01895611546933651,0.0,0.0,0.346484899520874,0.05077262595295906,9.729262092150748e-05,1.2800567150115967,0.0,0.0
25,3,1.6831880807876587,0.08220234513282776,32.260719299316406,9.49625301361084,0.40242746472358704,52.99570846557617,0.8514692783355713,0.13732653856277466,0.022739706560969353,2.8515570163726807,0.0,0.0,0.37314340472221375,0.0001873620494734496,0.007026605773717165,0.9578610062599182,0.0,0.0,1.165117621421814,0.39337852597236633,0.023659367114305496,0.47280681133270264,0.026437141001224518,0.9102367162704468,0.26944226026535034,0.00791323184967041,0.001219258178025484,0.3652118444442749,0.9821932911872864,0.0,0.7870839834213257,0.27774935960769653,0.0005043563432991505,0.018327847123146057,0.0,0.0,0.3495360314846039,0.051445912569761276,9.599469922250137e-05,1.2789803743362427,0.0,0.0
25,4,4.725555419921875,0.6815773844718933,25.127784729003906,4.447505950927734,0.5039949417114258,58.13910675048828,0.9043340086936951,0.007205179426819086,0.047360893338918686,17.313444137573242,0.0,0.0,0.311918169260025,1.0147548437089426e-06,0.003579317592084408,0.6808232665061951,0.0,0.0,1.0948686599731445,0.39614322781562805,0.017301244661211967,0.2572380602359772,0.014461890794336796,0.46035927534103394,0.28106996417045593,0.014744434505701065,0.0006624647066928446,0.5518179535865784,0.9870758056640625,0.0,0.869293749332428,0.23977001011371613,0.0005774825112894177,0.02023244835436344,0.0,0.0,0.34691596031188965,0.055034685879945755,6.235206819837913e-05,1.2874146699905396,0.0,0.0
26,0,5.718051910400391,0.4853350520133972,35.53858947753906,2.725451946258545,0.6682883501052856,52.399681091308594,0.9913695454597473,0.01704876497387886,0.03561922535300255,12.324606895446777,0.0,0.0,0.28892648220062256,1.0204601039731642e-06,0.0029463579412549734,0.768689751625061,0.0,0.0,0.9781817197799683,0.35955923795700073,0.0133056640625,0.1414087563753128,0.008365536108613014,0.2290736883878708,0.3008742034435272,0.025203144177794456,0.00040888506919145584,0.778753936290741,0.9950644373893738,0.0,0.9038829803466797,0.23524342477321625,0.0005972097278572619,0.02050802856683731,0.0,0.0,0.34252890944480896,0.05470575392246246,9.257377678295597e-05,1.2688640356063843,0.0,0.0
26,1,1.5786056518554688,0.023806683719158173,24.641096115112305,6.069860935211182,0.501655101776123,46.074546813964844,0.7891750931739807,0.1527658998966217,0.024222102016210556,1.4950231313705444,0.0,0.0,0.3985680639743805,0.0003032875538337976,0.0053096795454621315,1.0011430978775024,0.0,0.0,1.099421739578247,0.40889838337898254,0.019438838586211205,0.316968709230423,0.017702894285321236,0.5858482718467712,0.28090518712997437,0.014567956328392029,0.0008037536172196269,0.5120794773101807,0.98392653465271,0.0,0.7946590781211853,0.2663452923297882,0.0005218564765527844,0.018501775339245796,0.0,0.0,0.34733134508132935,0.054314468055963516,7.881122292019427e-05,1.2823611497879028,0.0,0.0
26,2,4.814055919647217,0.9272704124450684,23.774517059326172,8.415337562561035,0.5009699463844299,43.3021125793457,0.7961089611053467,0.025142507627606392,0.051198892295360565,26.33683204650879,0.0,0.0,0.3652268648147583,6.74457915010862e-05,0.0037973918952047825,0.5865384340286255,0.0,0.0,1.1244021654129028,0.35420724749565125,0.020871182903647423,0.4118587374687195,0.02125299908220768,0.780102550983429,0.2765694856643677,0.012327383272349834,0.0009076126152649522,0.48517513275146484,0.9813650250434875,0.0,0.8122997283935547,0.26913172006607056,0.0005217260913923383,0.018907474353909492,0.0,0.0,0.346484899520874,0.05081835761666298,9.74391441559419e-05,1.2800567150115967,0.0,0.0
26,3,1.6831880807876587,0.08220234513282776,32.260719299316406,9.49625301361084,0.40242746472358704,52.99570846557617,0.8528800010681152,0.137273907661438,0.02271123044192791,2.852525472640991,0.0,0.0,0.37314340472221375,0.00018729253497440368,0.007025949656963348,0.9578610062599182,0.0,0.0,1.1655842065811157,0.39307597279548645,0.023636966943740845,0.47256705164909363,0.02647077478468418,0.9106412529945374,0.26944226026535034,0.007908896543085575,0.0012208280386403203,0.3652118444442749,0.9829196929931641,0.0,0.7845564484596252,0.27921614050865173,0.0005026687867939472,0.01827687956392765,0.0,0.0,0.3495360314846039,0.051334574818611145,9.681107621872798e-05,1.2789803743362427,0.0,0.0
26,4,4.725555419921875,0.6815773844718933,25.127784729003906,4.447505950927734,0.5039949417114258,58.13910675048828,0.9048610925674438,0.007198156788945198,0.04734988138079643,17.296525955200195,0.0,0.0,0.311918169260025,1.0152130016649608e-06,0.0035823259968310595,0.6808232665061951,0.0,0.0,1.0955971479415894,0.39617636799812317,0.017292413860559464,0.2572154402732849,0.014469070360064507,0.4603833556175232,0.28106996417045593,0.014742003753781319,0.0006629020790569484,0.5518179535865784,0.987265408039093,0.0,0.8690910339355469,0.23998555541038513,0.0005773152806796134,0.02022574469447136,0.0,0.0,0.34691596031188965,0.0550631508231163,6.234841566765681e-05,1.2874146699905396,0.0,0.0
27,0,5.718051910400391,0.4853350520133972,35.53858947753906,2.725451946258545,0.6682883501052856,52.399681091308594,0.9907344579696655,0.017043640837073326,0.03566962853074074,12.340921401977539,0.0,0.0,0.28892648220062256,1.0212129382125568e-06,0.002943336497992277,0.768689751625061,0.0,0.0,0.9788157939910889,0.3597550690174103,0.0133050000295043,0.14147470891475677,0.008364636451005936,0.22897128760814667,0.3008742034435272,0.025211680680513382,0.00040885762427933514,0.778753936290741,0.9947543740272522,0.0,0.9054251313209534,0.23476386070251465,0.0005983160808682442,0.020541774109005928,0.0,0.0,0.34252890944480896,0.05471283569931984,9.239157952833921e-05,1.2688640356063843,0.0,0.0
27,1,1.5786056518554688,0.023806683719158173,24.641096115112305,6.069860935211182,0.501655101776123,46.074546813964844,0.7886475324630737,0.15262287855148315,0.024237316101789474,1.4954441785812378,0.0,0.0,0.3985680639743805,0.00030327928834594786,0.0053045907989144325,1.0011430978775024,0.0,0.0,1.101359248161316,0.408278226852417,0.019476184621453285,0.31736329197883606,0.017669716849923134,0.5851240158081055,0.28090518712997437,0.014588125050067902,0.0008021552348509431,0.5120794773101807,0.9824981689453125,0.0,0.7949749231338501,0.2662569582462311,0.000522006070241332,0.01850884035229683,0.0,0.0,0.34733134508132935,0.054248206317424774,7.897536124801263e-05,1.2823611497879028,0.0,0.0
27,2,4.814055919647217,0.9272704124450684,23.774517059326172,8.415337562561035,0.5009699463844299,43.3021125793457,0.7950438261032104,0.025102579966187477,0.051273562014102936,26.381874084472656,0.0,0.0,0.3652268648147583,6.753868365194649e-05,0.0037885885685682297,0.5865384340286255,0.0,0.0,1.127618432044983,0.3532899022102356,0.020919907838106155,0.41267022490501404,0.02120817080140114,0.7785608768463135,0.2765694856643677,0.012353222817182541,0.0009056515991687775,0.48517513275146484,0.9793665409088135,0.0,0.8131147623062134,0.2690189778804779,0.0005222194595262408,0.01892714574933052,0.0,0.0,0.346484899520874,0.050723761320114136,9.774348291102797e-05,1.2800567150115967,0.0,0.0
27,3,1.6831880807876587,0.08220234513282776,32.260719299316406,9.49625301361084,0.40242746472358704,52.99570846557617,0.8522111177444458,0.13716252148151398,0.02272394672036171,2.8493192195892334,0.0,0.0,0.37314340472221375,0.00018727401038631797,0.007021189667284489,0.9578610062599182,0.0,0.0,1.1681982278823853,0.3917480707168579,0.023696472868323326,0.47303733229637146,0.02639993280172348,0.9097239375114441,0.26944226026535034,0.007916717790067196,0.0012173793511465192,0.3652118444442749,0.981317937374115,0.0,0.784862220287323,0.27924227714538574,0.0005027690785937011,0.01828204095363617,0.0,0.0,0.3495360314846039,0.05128476023674011,9.708580182632431e-05,1.2789803743362427,0.0,0.0
27,4,4.725555419921875,0.6815773844718933,25.127784729003906,4.447505950927734,0.5039949417114258,58.13910675048828,0.9043172001838684,0.007190834265202284,0.047380153089761734,17.316143035888672,0.0,0.0,0.311918169260025,1.0154210485779913e-06,0.0035778514575213194,0.6808232665061951,0.0,0.0,1.096703052520752,0.3958139717578888,0.017301267012953758,0.2572954297065735,0.014459926635026932,0.4602336287498474,0.28106996417045593,0.014744479209184647,0.0006624899688176811,0.5518179535865784,0.986833393573761,0.0,0.8699105381965637,0.2398110330104828,0.0005778446211479604,0.020244175568223,0.0,0.0,0.34691596031188965,0.055042773485183716,6.238721107365564e-05,1.2874146699905396,0.0,0.0
28,0,5.718051910400391,0.4853350520133972,35.53858947753906,2.725451946258545,0.6682883501052856,52.399681091308594,0.9909291863441467,0.017049474641680717,0.035687778145074844,12.355072975158691,0.0,0.0,0.28892648220062256,1.0216070904789376e-06,0.002941740909591317,0.768689751625061,0.0,0.0,0.9793497323989868,0.36001765727996826,0.013303793966770172,0.14152534306049347,0.008366373367607594,0.22889713943004608,0.3008742034435272,0.025222422555088997,0.0004089998546987772,0.778753936290741,0.9945796132087708,0.0,0.9060359001159668,0.23452244699001312,0.0005987795884720981,0.020554374903440475,0.0,0.0,0.34252890944480896,0.05474367365241051,9.224272071151063e-05,1.2688640356063843,0.0,0.0
28,1,1.5786056518554688,0.023806683719158173,24.641096115112305,6.069860935211182,0.501655101776123,46.074546813964844,0.7890782356262207,0.1527262032032013,0.02421344816684723,1.4944356679916382,0.0,0.0,0.3985680639743805,0.00030280573992058635,0.005309016443789005,1.0011430978775024,0.0,0.0,1.0998066663742065,0.4083249270915985,0.019462507218122482,0.31708621978759766,0.01768137328326702,0.5856335163116455,0.28090518712997437,0.014574526809155941,0.0008026381256058812,0.5120794773101807,0.9832913279533386,0.0,0.7943608164787292,0.2664477229118347,0.0005215794080868363,0.01849428564310074,0.0,0.0,0.34733134508132935,0.05427845939993858,7.899635238572955e-05,1.2823611497879028,0.0,0.0
28,2,4.814055919647217,0.9272704124450684,23.774517059326172,8.415337562561035,0.5009699463844299,43.3021125793457,0.7955778241157532,0.025093572214245796,0.05121647194027901,26.394678115844727,0.0,0.0,0.3652268648147583,6.753030174877495e-05,0.003784698201343417,0.5865384340286255,0.0,0.0,1.1267848014831543,0.3530636727809906,0.020913906395435333,0.41242051124572754,0.021214839071035385,0.7790092825889587,0.2765694856643677,0.012344511225819588,0.0009058830910362303,0.48517513275146484,0.9798650145530701,0.0,0.8124169111251831,0.26933014392852783,0.0005217781290411949,0.018913626670837402,0.0,0.0,0.346484899520874,0.05074409767985344,9.786488226382062e-05,1.2800567150115967,0.0,0.0
28,3,1.6831880807876587,0.08220234513282776,32.260719299316406,9.49625301361084,0.40242746472358704,52.99570846557617,0.8535677790641785,0.13708904385566711,0.022680016234517097,2.8451945781707764,0.0,0.0,0.37314340472221375,0.00018703224486671388,0.007026506122201681,0.9578610062599182,0.0,0.0,1.165687918663025,0.3915065824985504,0.02366046793758869,0.472211092710495,0.026438798755407333,0.9112858772277832,0.26944226026535034,0.00790131650865078,0.00121902278624475,0.3652118444442749,0.9829587340354919,0.0,0.7838031053543091,0.2797190248966217,0.0005020742537453771,0.018258674070239067,0.0,0.0,0.3495360314846039,0.05131373554468155,9.729115117806941e-05,1.2789803743362427,0.0,0.0
28,4,4.725555419921875,0.6815773844718933,25.127784729003906,4.447505950927734,0.5039949417114258,58.13910675048828,0.904914379119873,0.007185255642980337,0.04735894873738289,17.322107315063477,0.0,0.0,0.311918169260025,1.0154597021028167e-06,0.0035756046418100595,0.6808232665061951,0.0,0.0,1.0966644287109375,0.39606615900993347,0.01729380339384079,0.2571711242198944,0.014465468935668468,0.4604487121105194,0.28106996417045593,0.014736883342266083,0.0006627441034652293,0.5518179535865784,0.9872900247573853,0.0,0.8693649172782898,0.24003645777702332,0.0005774604505859315,0.020230608060956,0.0,0.0,0.34691596031188965,0.055102504789829254,6.231333827599883e-05,1.2874146699905396,0.0,0.0
29,0,5.718051910400391,0.4853350520133972,35.53858947753906,2.725451946258545,0.6682883501052856,52.399681091308594,0.9915257692337036,0.01707019843161106,0.035680245608091354,12.350360870361328,0.0,0.0,0.28892648220062256,1.020791842165636e-06,0.002944079926237464,0.768689751625061,0.0,0.0,0.9787319898605347,0.36024293303489685,0.013299733400344849,0.14141297340393066,0.008366801775991917,0.22908619046211243,0.3008742034435272,0.025201518088579178,0.00040904205525293946,0.778753936290741,0.9951292276382446,0.0,0.9064702987670898,0.23418529331684113,0.0005991265061311424,0.020561078563332558,0.0,0.0,0.34252890944480896,0.0548226535320282,9.19022859307006e-05,1.2688640356063843,0.0,0.0
29,1,1.5786056518554688,0.023806683719158173,24.641096115112305,6.069860935211182,0.501655101776123,46.074546813964844,0.7896155118942261,0.15279629826545715,0.024188118055462837,1.4925121068954468,0.0,0.0,0.3985680639743805,0.00030252954456955194,0.005311882123351097,1.0011430978775024,0.0,0.0,1.0986567735671997,0.4086008071899414,0.019445672631263733,0.3168907165527344,0.017698829993605614,0.5859902501106262,0.28090518712997437,0.01456562988460064,0.0008033792255446315,0.5120794773101807,0.9840339422225952,0.0,0.7930424213409424,0.2670861482620239,0.0005207062349654734,0.018465185537934303,0.0,0.0,0.34733134508132935,0.05428712069988251,7.909005944384262e-05,1.2823611497879028,0.0,0.0
29,2,4.814055919647217,0.9272704124450684,23.774517059326172,8.415337562561035,0.5009699463844299,43.3021125793457,0.797430157661438,0.025109127163887024,0.05108459293842316,26.288896560668945,0.0,0.0,0.3652268648147583,6.746131839463487e-05,0.003795346710830927,0.5865384340286255,0.0,0.0,1.1245704889297485,0.35358378291130066,0.020868860185146332,0.41176390647888184,0.021261893212795258,0.7802251577377319,0.2765694856643677,0.012324112467467785,0.0009079021983779967,0.48517513275146484,0.9816365242004395,0.0,0.8102926015853882,0.27026811242103577,0.0005204436602070928,0.01886622980237007,0.0,0.0,0.346484899520874,0.05084383860230446,9.777984087122604e-05,1.2800567150115967,0.0,0.0
29,3,1.6831880807876587,0.08220234513282776,32.260719299316406,9.49625301361084,0.40242746472358704,52.99570846557617,0.8545318245887756,0.13695889711380005,0.022652365267276764,2.841055154800415,0.0,0.0,0.37314340472221375,0.00018707502749748528,0.007031857501715422,0.9578610062599182,0.0,0.0,1.1647695302963257,0.3915669023990631,0.02362937666475773,0.4721485674381256,0.02648666873574257,0.9113752245903015,0.26944226026535034,0.007900713011622429,0.0012212073197588325,0.3652118444442749,0.9836626648902893,0.0,0.7820922136306763,0.28082990646362305,0.0005009761662222445,0.018224148079752922,0.0,0.0,0.3495360314846039,0.05126969888806343,9.769656753633171e-05,1.2789803743362427,0.0,0.0
29,4,4.725555419921875,0.6815773844718933,25.127784729003906,4.447505950927734,0.5039949417114258,58.13910675048828,0.9059682488441467,0.007179278880357742,0.047321617603302,17.293071746826172,0.0,0.0,0.311918169260025,1.0159064913750626e-06,0.003581523196771741,0.6808232665061951,0.0,0.0,1.096491813659668,0.3965419828891754,0.01728072203695774,0.2570803463459015,0.014477833174169064,0.46060487627983093,0.28106996417045593,0.014732493087649345,0.0006633614539168775,0.5518179535865784,0.9878066778182983,0.0,0.8684177994728088,0.24039098620414734,0.0005768128903582692,0.020207572728395462,0.0,0.0,0.34691596031188965,0.055184755474328995,6.219612987479195e-05,1.2874146699905396,0.0,0.0
30,0,5.718051910400391,0.4853350520133972,35.53858947753906,2.725451946258545,0.6682883501052856,52.399681091308594,0.991186797618866,0.017051348462700844,0.035719070583581924,12.357131004333496,0.0,0.0,0.28892648220062256,1.0220924195891712e-06,0.0029437190387398005,0.768689751625061,0.0,0.0,0.9793382883071899,0.36048030853271484,0.013301530852913857,0.14150555431842804,0.008365903049707413,0.22894102334976196,0.3008742034435272,0.025220690295100212,0.0004090059082955122,0.778753936290741,0.9947065711021423,0.0,0.9072983860969543,0.23391155898571014,0.0005997156258672476,0.020579561591148376,0.0,0.0,0.34252890944480896,0.05481744185090065,9.197995677823201e-05,1.2688640356063843,0.0,0.0
30,1,1.5786056518554688,0.023806683719158173,24.641096115112305,6.069860935211182,0.501655101776123,46.074546813964844,0.7890809774398804,0.15243405103683472,0.024205254390835762,1.4928722381591797,0.0,0.0,0.3985680639743805,0.00030299610807560384,0.005302369594573975,1.0011430978775024,0.0,0.0,1.1013635396957397,0.4080148935317993,0.019483743235468864,0.317440003156662,0.017667200416326523,0.5849711298942566,0.28090518712997437,0.014592763036489487,0.0008019396336749196,0.5120794773101807,0.9822660684585571,0.0,0.7934901714324951,0.26708176732063293,0.0005209895316511393,0.018477192148566246,0.0,0.0,0.34733134508132935,0.054163724184036255,7.936606561997905e-05,1.2823611497879028,0.0,0.0
30,2,4.814055919647217,0.9272704124450684,23.774517059326172,8.415337562561035,0.5009699463844299,43.3021125793457,0.7966504096984863,0.02509358339011669,0.051136866211891174,26.252634048461914,0.0,0.0,0.3652268648147583,6.751924229320139e-05,0.0037975902669131756,0.5865384340286255,0.0,0.0,1.1269161701202393,0.3532886207103729,0.02091662958264351,0.4125189781188965,0.021218320354819298,0.7788111567497253,0.2765694856643677,0.012349964119493961,0.0009058780269697309,0.48517513275146484,0.9797396063804626,0.0,0.8104375600814819,0.27039477229118347,0.000520556524861604,0.018870124593377113,0.0,0.0,0.346484899520874,0.0507674403488636,9.807638707570732e-05,1.2800567150115967,0.0,0.0
30,3,1.6831880807876587,0.08220234513282776,32.260719299316406,9.49625301361084,0.40242746472358704,52.99570846557617,0.8529115915298462,0.13688841462135315,0.022686613723635674,2.843294382095337,0.0,0.0,0.37314340472221375,0.00018715710029937327,0.007021819707006216,0.9578610062599182,0.0,0.0,1.1682084798812866,0.39051952958106995,0.02370431460440159,0.47313621640205383,0.026402287185192108,0.9094716906547546,0.26944226026535034,0.007917340844869614,0.0012170909903943539,0.3652118444442749,0.9811638593673706,0.0,0.7828007936477661,0.28078487515449524,0.0005014070775359869,0.018241990357637405,0.0,0.0,0.3495360314846039,0.051124148070812225,9.824249718803912e-05,1.2789803743362427,0.0,0.0
30,4,4.725555419921875,0.6815773844718933,25.127784729003906,4.447505950927734,0.5039949417114258,58.13910675048828,0.9047418236732483,0.007178268861025572,0.04738494008779526,17.291257858276367,0.0,0.0,0.311918169260025,1.0161298860111856e-06,0.003582339733839035,0.6808232665061951,0.0,0.0,1.0978736877441406,0.3959846794605255,0.017305033281445503,0.2573270797729492,0.014456504955887794,0.4601684510707855,0.28106996417045593,0.014746014028787613,0.0006622712244279683,0.5518179535865784,0.986687421798706,0.0,0.8698484301567078,0.2399587780237198,0.0005777662736363709,0.020241107791662216,0.0,0.0,0.34691596031188965,0.055114008486270905,6.235347245819867e-05,1.2874146699905396,0.0,0.0
31,0,5.718051910400391,0.4853350520133972,35.53858947753906,2.725451946258545,0.6682883501052856,52.399681091308594,0.9919182062149048,0.017063722014427185,0.03570909425616264,12.334563255310059,0.0,0.0,0.28892648220062256,1.0212775123363826e-06,0.002948630368337035,0.768689751625061,0.0,0.0,0.9787142276763916,0.36106055974960327,0.01329914852976799,0.14139717817306519,0.008365962654352188,0.22912240028381348,0.3008742034435272,0.025200579315423965,0.00040898987208493054,0.778753936290741,0.9952350854873657,0.0,0.9066906571388245,0.23400013148784637,0.0005993606755509973,0.020564449951052666,0.0,0.0,0.34252890944480896,0.05490671843290329,9.171031706500798e-05,1.2688640356063843,0.0,0.0
31,1,1.5786056518554688,0.023806683719158173,24.641096115112305,6.069860935211182,0.501655101776123,46.074546813964844,0.7902105450630188,0.1524045765399933,0.024166757240891457,1.4932777881622314,0.0,0.0,0.3985680639743805,0.00030258484184741974,0.005301057826727629,1.0011430978775024,0.0,0.0,1.1002124547958374,0.4084331691265106,0.01945446990430355,0.3169853389263153,0.01769254356622696,0.5857974290847778,0.28090518712997437,0.014571028761565685,0.0008031044853851199,0.5120794773101807,0.9836835265159607,0.0,0.7920405864715576,0.267684668302536,0.0005200589657761157,0.018445536494255066,0.0,0.0,0.34733134508132935,0.05417335405945778,7.952097075758502e-05,1.2823611497879028,0.0,0.0
31,2,4.814055919647217,0.9272704124450684,23.774517059326172,8.415337562561035,0.5009699463844299,43.3021125793457,0.7973477840423584,0.025097141042351723,0.051097217947244644,26.23171615600586,0.0,0.0,0.3652268648147583,6.744647544110194e-05,0.0038042680826038122,0.5865384340286255,0.0,0.0,1.1269134283065796,0.35364943742752075,0.020908130332827568,0.41237762570381165,0.021229499951004982,0.7790775299072266,0.2765694856643677,0.012347168289124966,0.000906358240172267,0.48517513275146484,0.9801415801048279,0.0,0.809211254119873,0.2709665298461914,0.0005197800346650183,0.01884223334491253,0.0,0.0,0.346484899520874,0.050796378403902054,9.81886187219061e-05,1.2800567150115967,0.0,0.0
31,3,1.6831880807876587,0.08220234513282776,32.260719299316406,9.49625301361084,0.40242746472358704,52.99570846557617,0.8544689416885376,0.13691093027591705,0.022643359377980232,2.844311237335205,0.0,0.0,0.37314340472221375,0.0001868306426331401,0.007025582250207663,0.9578610062599182,0.0,0.0,1.1673284769058228,0.391245037317276,0.023674065247178078,0.47252434492111206,0.026438461616635323,0.9106356501579285,0.26944226026535034,0.007907969877123833,0.0012187882093712687,0.3652118444442749,0.982470691204071,0.0,0.7801857590675354,0.2820137143135071,0.00049974414287135,0.018184281885623932,0.0,0.0,0.3495360314846039,0.051142118871212006,9.84968792181462e-05,1.2789803743362427,0.0,0.0
31,4,4.725555419921875,0.6815773844718933,25.127784729003906,4.447505950927734,0.5039949417114258,58.13910675048828,0.9059358239173889,0.0071751996874809265,0.047325409948825836,17.26792335510254,0.0,0.0,0.311918169260025,1.0163189472223166e-06,0.0035875984467566013,0.6808232665061951,0.0,0.0,1.0974746942520142,0.39651891589164734,0.01729830913245678,0.2571326494216919,0.014462035149335861,0.4605182409286499,0.28106996417045593,0.014737156219780445,0.0006625573732890189,0.5518179535865784,0.9873082041740417,0.0,0.8688935041427612,0.2402111142873764,0.0005771458963863552,0.02021566592156887,0.0,0.0,0.34691596031188965,0.05523252487182617,6.216047040652484e-05,1.2874146699905396,0.0,0.0
32,0,5.718051910400391,0.4853350520133972,35.53858947753906,2.725451946258545,0.6682883501052856,52.399681091308594,0.9919388294219971,0.017073923721909523,0.03572171553969383,12.318674087524414,0.0,0.0,0.28892648220062256,1.0210525260845316e-06,0.002952666487544775,0.768689751625061,0.0,0.0,0.9788522124290466,0.3616631329059601,0.013302771374583244,0.14153899252414703,0.008366812020540237,0.22890503704547882,0.3008742034435272,0.025229208171367645,0.00040906586218625307,0.778753936290741,0.9945918917655945,0.0,0.9063522219657898,0.2340715229511261,0.0005991820944473147,0.02055695466697216,0.0,0.0,0.34252890944480896,0.054940998554229736,9.172350110020489e-05,1.2688640356063843,0.0,0.0
32,1,1.5786056518554688,0.023806683719158173,24.641096115112305,6.069860935211182,0.501655101776123,46.074546813964844,0.7904069423675537,0.15222324430942535,0.024161554872989655,1.4952043294906616,0.0,0.0,0.3985680639743805,0.0003026374615728855,0.005293624009937048,1.0011430978775024,0.0,0.0,1.1004968881607056,0.4081178903579712,0.019452208653092384,0.316843718290329,0.017691439017653465,0.5860496759414673,0.28090518712997437,0.01456320472061634,0.0008030811441130936,0.5120794773101807,0.9839804768562317,0.0,0.7922747731208801,0.26754745841026306,0.0005202008760534227,0.018451539799571037,0.0,0.0,0.34733134508132935,0.054127052426338196,7.963777898112312e-05,1.2823611497879028,0.0,0.0
32,2,4.814055919647217,0.9272704124450684,23.774517059326172,8.415337562561035,0.5009699463844299,43.3021125793457,0.7979963421821594,0.025077765807509422,0.0510590560734272,26.260141372680664,0.0,0.0,0.3652268648147583,6.744482379872352e-05,0.003803674830123782,0.5865384340286255,0.0,0.0,1.1266498565673828,0.3535994589328766,0.020892508327960968,0.4120357036590576,0.02124367654323578,0.7797021865844727,0.2765694856643677,0.0123358815908432,0.0009070223313756287,0.48517513275146484,0.9809325933456421,0.0,0.8088431358337402,0.2711186707019806,0.0005195578560233116,0.018835395574569702,0.0,0.0,0.346484899520874,0.05078771337866783,9.829262853600085e-05,1.2800567150115967,0.0,0.0
32,3,1.6831880807876587,0.08220234513282776,32.260719299316406,9.49625301361084,0.40242746472358704,52.99570846557617,0.8552063703536987,0.1367771476507187,0.02262849174439907,2.849593162536621,0.0,0.0,0.37314340472221375,0.00018686566909309477,0.0070169540122151375,0.9578610062599182,0.0,0.0,1.1673352718353271,0.3908710777759552,0.023654328659176826,0.4719196557998657,0.026453131809830666,0.9117605090141296,0.26944226026535034,0.007896054536104202,0.0012195209274068475,0.3652118444442749,0.9835031628608704,0.0,0.7802544832229614,0.2819725275039673,0.000499783200211823,0.018187981098890305,0.0,0.0,0.3495360314846039,0.051080215722322464,9.875832620309666e-05,1.2789803743362427,0.0,0.0
32,4,4.725555419921875,0.6815773844718933,25.127784729003906,4.447505950927734,0.5039949417114258,58.13910675048828,0.9062551259994507,0.007173402234911919,0.047315578907728195,17.265827178955078,0.0,0.0,0.311918169260025,1.0166139645662042e-06,0.0035886464174836874,0.6808232665061951,0.0,0.0,1.0976650714874268,0.3965759873390198,0.017296498641371727,0.2570313513278961,0.014461749233305454,0.4606979787349701,0.28106996417045593,0.014731545001268387,0.0006625734968110919,0.5518179535865784,0.9875698089599609,0.0,0.8690502047538757,0.24010524153709412,0.000577248283661902,0.020217353478074074,0.0,0.0,0.34691596031188965,0.0552707314491272,6.208977720234543e-05,1.2874146699905396,0.0,0.0
33,0,5.718051910400391,0.4853350520133972,35.53858947753906,2.725451946258545,0.6682883501052856,52.399681091308594,0.9921632409095764,0.017082080245018005,0.035728421062231064,12.316201210021973,0.0,0.0,0.28892648220062256,1.0206720162386773e-06,0.002953601535409689,0.768689751625061,0.0,0.0,0.9788283705711365,0.36195069551467896,0.01330137625336647,0.14153915643692017,0.00836782343685627,0.22891250252723694,0.3008742034435272,0.025231240317225456,0.0004091039882041514,0.778753936290741,0.9946816563606262,0.0,0.9066063761711121,0.23390455543994904,0.0005993960076011717,0.020562157034873962,0.0,0.0,0.34252890944480896,0.054965049028396606,9.174022125080228e-05,1.2688640356063843,0.0,0.0
33,1,1.5786056518554688,0.023806683719158173,24.641096115112305,6.069860935211182,0.501655101776123,46.074546813964844,0.7898167967796326,0.15199662744998932,0.02418127842247486,1.4970101118087769,0.0,0.0,0.3985680639743805,0.0003029385406989604,0.005285847000777721,1.0011430978775024,0.0,0.0,1.102139949798584,0.40748298168182373,0.019474316388368607,0.31722065806388855,0.017672769725322723,0.5853471159934998,0.28090518712997437,0.01457973662763834,0.0008022872498258948,0.5120794773101807,0.9828252792358398,0.0,0.7929796576499939,0.2673664391040802,0.0005206286441534758,0.018468840047717094,0.0,0.0,0.34733134508132935,0.0540388859808445,7.979087240528315e-05,1.2823611497879028,0.0,0.0
33,2,4.814055919647217,0.9272704124450684,23.774517059326172,8.415337562561035,0.5009699463844299,43.3021125793457,0.7966164946556091,0.02504752390086651,0.051141735166311264,26.31879425048828,0.0,0.0,0.3652268648147583,6.754221976734698e-05,0.0037951020058244467,0.5865384340286255,0.0,0.0,1.128469705581665,0.3525129556655884,0.020919978618621826,0.412608802318573,0.021214794367551804,0.7785888314247131,0.2765694856643677,0.012349831871688366,0.0009058541618287563,0.48517513275146484,0.9795315861701965,0.0,0.810340404510498,0.27075326442718506,0.0005204972112551332,0.01887243054807186,0.0,0.0,0.346484899520874,0.050666529685258865,9.85224760370329e-05,1.2800567150115967,0.0,0.0
33,3,1.6831880807876587,0.08220234513282776,32.260719299316406,9.49625301361084,0.40242746472358704,52.99570846557617,0.8539891839027405,0.1366034597158432,0.022662797942757607,2.8553872108459473,0.0,0.0,0.37314340472221375,0.000187136756721884,0.007002646569162607,0.9578610062599182,0.0,0.0,1.1696994304656982,0.38956964015960693,0.023685984313488007,0.47259727120399475,0.026417894288897514,0.9104118347167969,0.26944226026535034,0.00790499709546566,0.00121800578199327,0.3652118444442749,0.9820343255996704,0.0,0.7816134691238403,0.28169816732406616,0.0005006089922972023,0.01822200044989586,0.0,0.0,0.3495360314846039,0.05093245953321457,9.914475231198594e-05,1.2789803743362427,0.0,0.0
33,4,4.725555419921875,0.6815773844718933,25.127784729003906,4.447505950927734,0.5039949417114258,58.13910675048828,0.9052966237068176,0.007171237841248512,0.047368310391902924,17.284313201904297,0.0,0.0,0.311918169260025,1.0172208249059622e-06,0.003583955578505993,0.6808232665061951,0.0,0.0,1.0988550186157227,0.39613690972328186,0.01731075532734394,0.2572333514690399,0.01444875355809927,0.46033260226249695,0.28106996417045593,0.014741601422429085,0.0006619679625146091,0.5518179535865784,0.9867422580718994,0.0,0.8701847791671753,0.23978707194328308,0.0005779865896329284,0.02024335227906704,0.0,0.0,0.34691596031188965,0.055222705006599426,6.217182090040296e-05,1.2874146699905396,0.0,0.0
34,0,5.718051910400391,0.4853350520133972,35.53858947753906,2.725451946258545,0.6682883501052856,52.399681091308594,0.9930239319801331,0.017082946375012398,0.03571591526269913,12.3067626953125,0.0,0.0,0.28892648220062256,1.0212155530098244e-06,0.0029524541459977627,0.768689751625061,0.0,0.0,0.9789378046989441,0.3619975745677948,0.01330565009266138,0.14141330122947693,0.008362796157598495,0.2291179746389389,0.3008742034435272,0.02520838752388954,0.0004088396090082824,0.778753936290741,0.9950577020645142,0.0,0.9069656133651733,0.23368102312088013,0.0005996434483677149,0.020567001774907112,0.0,0.0,0.34252890944480896,0.05503535270690918,9.149877587333322e-05,1.2688640356063843,0.0,0.0
34,1,1.5786056518554688,0.023806683719158173,24.641096115112305,6.069860935211182,0.501655101776123,46.074546813964844,0.790138304233551,0.15211227536201477,0.024161020293831825,1.497511625289917,0.0,0.0,0.3985680639743805,0.00030216845334507525,0.005293810274451971,1.0011430978775024,0.0,0.0,1.0999807119369507,0.40800994634628296,0.019435720518231392,0.31701382994651794,0.017713550478219986,0.5857254266738892,0.28090518712997437,0.014569489285349846,0.0008042558329179883,0.5120794773101807,0.9840090274810791,0.0,0.7914044260978699,0.26810887455940247,0.0005195892881602049,0.01843421347439289,0.0,0.0,0.34733134508132935,0.05407342314720154,7.98297332949005e-05,1.2823611497879028,0.0,0.0
34,2,4.814055919647217,0.9272704124450684,23.774517059326172,8.415337562561035,0.5009699463844299,43.3021125793457,0.7969196438789368,0.025059163570404053,0.051094673573970795,26.324737548828125,0.0,0.0,0.3652268648147583,6.747715087840334e-05,0.0037980549968779087,0.5865384340286255,0.0,0.0,1.1268599033355713,0.3525990843772888,0.02088618278503418,0.4123173654079437,0.02124972827732563,0.7791094183921814,0.2765694856643677,0.012339156121015549,0.0009074067347683012,0.48517513275146484,0.9805364608764648,0.0,0.8094009757041931,0.27126917243003845,0.000519897264894098,0.01885255239903927,0.0,0.0,0.346484899520874,0.050687335431575775,9.852350922301412e-05,1.2800567150115967,0.0,0.0
34,3,1.6831880807876587,0.08220234513282776,32.260719299316406,9.49625301361084,0.40242746472358704,52.99570846557617,0.8550319671630859,0.13676021993160248,0.022626835852861404,2.856473207473755,0.0,0.0,0.37314340472221375,0.00018662157526705414,0.007020065560936928,0.9578610062599182,0.0,0.0,1.166754961013794,0.3902810215950012,0.023614944890141487,0.47216251492500305,0.02651161141693592,0.9112281203269958,0.26944226026535034,0.007897641509771347,0.001222583930939436,0.3652118444442749,0.9838141798973083,0.0,0.7789605855941772,0.28310921788215637,0.0004989182343706489,0.018164554610848427,0.0,0.0,0.3495360314846039,0.05096302181482315,9.92437417153269e-05,1.2789803743362427,0.0,0.0
34,4,4.725555419921875,0.6815773844718933,25.127784729003906,4.447505950927734,0.5039949417114258,58.13910675048828,0.9065402746200562,0.0071721565909683704,0.04730632156133652,17.279603958129883,0.0,0.0,0.311918169260025,1.0169520692215883e-06,0.0035848566330969334,0.6808232665061951,0.0,0.0,1.0979866981506348,0.39676433801651,0.017293937504291534,0.25697723031044006,0.014462605118751526,0.4607877731323242,0.28106996417045593,0.014728125184774399,0.0006626026006415486,0.5518179535865784,0.9877372980117798,0.0,0.8688589334487915,0.24018488824367523,0.0005771074211224914,0.020211542025208473,0.0,0.0,0.34691596031188965,0.05532228574156761,6.20509308646433e-05,1.2874146699905396,0.0,0.0
35,0,5.718051910400391,0.4853350520133972,35.53858947753906,2.725451946258545,0.6682883501052856,52.399681091308594,0.9929667711257935,0.017068451270461082,0.03573558107018471,12.303996086120605,0.0,0.0,0.28892648220062256,1.0221606316918042e-06,0.002950648544356227,0.768689751625061,0.0,0.0,0.979417085647583,0.36193370819091797,0.013302222825586796,0.14144077897071838,0.008365166373550892,0.22907239198684692,0.3008742034435272,0.02521304413676262,0.00040897694998420775,0.778753936290741,0.9950360655784607,0.0,0.9077651500701904,0.23344682157039642,0.0006002177251502872,0.02058691903948784,0.0,0.0,0.34252890944480896,0.054983995854854584,9.163462527794763e-05,1.2688640356063843,0.0,0.0
35,1,1.5786056518554688,0.023806683719158173,24.641096115112305,6.069860935211182,0.501655101776123,46.074546813964844,0.7895160913467407,0.15195617079734802,0.02417534589767456,1.4986265897750854,0.0,0.0,0.3985680639743805,0.0003022713935934007,0.005289607215672731,1.0011430978775024,0.0,0.0,1.1011430025100708,0.4077049493789673,0.019463486969470978,0.31735682487487793,0.01768977753818035,0.5850954651832581,0.28090518712997437,0.01458636112511158,0.0008030984899960458,0.5120794773101807,0.9828394651412964,0.0,0.7914690971374512,0.26818716526031494,0.0005196139100007713,0.018435856327414513,0.0,0.0,0.34733134508132935,0.054033007472753525,7.995014311745763e-05,1.2823611497879028,0.0,0.0
35,2,4.814055919647217,0.9272704124450684,23.774517059326172,8.415337562561035,0.5009699463844299,43.3021125793457,0.7968077063560486,0.02505696378648281,0.05108830705285072,26.31947135925293,0.0,0.0,0.3652268648147583,6.751178443664685e-05,0.0038000920321792364,0.5865384340286255,0.0,0.0,1.1271847486495972,0.352424293756485,0.02089797891676426,0.41245555877685547,0.021237950772047043,0.7788421511650085,0.2765694856643677,0.012344139628112316,0.000906800793018192,0.48517513275146484,0.9801318049430847,0.0,0.8092686533927917,0.2713859975337982,0.0005198206636123359,0.01884927973151207,0.0,0.0,0.346484899520874,0.05067411810159683,9.862945444183424e-05,1.2800567150115967,0.0,0.0
35,3,1.6831880807876587,0.08220234513282776,32.260719299316406,9.49625301361084,0.40242746472358704,52.99570846557617,0.8540513515472412,0.13684587180614471,0.022643016651272774,2.8593716621398926,0.0,0.0,0.37314340472221375,0.00018654165614861995,0.00702015683054924,0.9578610062599182,0.0,0.0,1.1682343482971191,0.38951045274734497,0.023661326617002487,0.47267043590545654,0.02645806036889553,0.9102439284324646,0.26944226026535034,0.007906009443104267,0.001219844096340239,0.3652118444442749,0.9824223518371582,0.0,0.7790260910987854,0.28325319290161133,0.0004989212029613554,0.018165932968258858,0.0,0.0,0.3495360314846039,0.050920989364385605,9.954194683814421e-05,1.2789803743362427,0.0,0.0
35,4,4.725555419921875,0.6815773844718933,25.127784729003906,4.447505950927734,0.5039949417114258,58.13910675048828,0.9059877991676331,0.007173973135650158,0.04733110964298248,17.28114891052246,0.0,0.0,0.311918169260025,1.0171351050303201e-06,0.003585327649489045,0.6808232665061951,0.0,0.0,1.0986727476119995,0.3966037929058075,0.0173032246530056,0.2570832371711731,0.014454308897256851,0.46059587597846985,0.28106996417045593,0.01473372895270586,0.0006621680222451687,0.5518179535865784,0.9872735738754272,0.0,0.8693971633911133,0.24005620181560516,0.000577456783503294,0.02022414468228817,0.0,0.0,0.34691596031188965,0.055293723940849304,6.214313179953024e-05,1.2874146699905396,0.0,0.0
36,0,5.718051910400391,0.4853350520133972,35.53858947753906,2.725451946258545,0.6682883501052856,52.399681091308594,0.9928217530250549,0.01708749495446682,0.03574997931718826,12.299044609069824,0.0,0.0,0.28892648220062256,1.0217606813966995e-06,0.002953127259388566,0.768689751625061,0.0,0.0,0.9794591069221497,0.3619920015335083,0.013302993029356003,0.14147208631038666,0.008364730514585972,0.22902606427669525,0.3008742034435272,0.025219013914465904,0.0004089880967512727,0.778753936290741,0.9948739409446716,0.0,0.9083155393600464,0.2332318127155304,0.000600614002905786,0.02059892937541008,0.0,0.0,0.34252890944480896,0.05498284846544266,9.158458124147728e-05,1.2688640356063843,0.0,0.0
36,1,1.5786056518554688,0.023806683719158173,24.641096115112305,6.069860935211182,0.501655101776123,46.074546813964844,0.7900301814079285,0.15209223330020905,0.024157941341400146,1.4982424974441528,0.0,0.0,0.3985680639743805,0.0003017911803908646,0.005293958354741335,1.0011430978775024,0.0,0.0,1.1002639532089233,0.40798914432525635,0.019455349072813988,0.3171508312225342,0.01769709773361683,0.5854817032814026,0.28090518712997437,0.014577217400074005,0.0008033397607505322,0.5120794773101807,0.9834325313568115,0.0,0.7904592752456665,0.268579363822937,0.0005189364892430604,0.018412161618471146,0.0,0.0,0.34733134508132935,0.05408509820699692,7.99578265286982e-05,1.2823611497879028,0.0,0.0
36,2,4.814055919647217,0.9272704124450684,23.774517059326172,8.415337562561035,0.5009699463844299,43.3021125793457,0.7966789603233337,0.025049922987818718,0.051102228462696075,26.293973922729492,0.0,0.0,0.3652268648147583,6.752977787982672e-05,0.0038007718976587057,0.5865384340286255,0.0,0.0,1.1278893947601318,0.3522692024707794,0.0209062322974205,0.41266101598739624,0.0212300643324852,0.7784469127655029,0.2765694856643677,0.012350505217909813,0.0009064372861757874,0.48517513275146484,0.9796809554100037,0.0,0.8094233870506287,0.27145230770111084,0.0005199194420129061,0.01885252073407173,0.0,0.0,0.346484899520874,0.050651054829359055,9.868187044048682e-05,1.2800567150115967,0.0,0.0
36,3,1.6831880807876587,0.08220234513282776,32.260719299316406,9.49625301361084,0.40242746472358704,52.99570846557617,0.8548712134361267,0.13676145672798157,0.022625014185905457,2.8596954345703125,0.0,0.0,0.37314340472221375,0.00018645270029082894,0.007019403390586376,0.9578610062599182,0.0,0.0,1.1679173707962036,0.3895169198513031,0.023649148643016815,0.4723752439022064,0.026472322642803192,0.9107954502105713,0.26944226026535034,0.00790073536336422,0.001220415229909122,0.3652118444442749,0.9830127954483032,0.0,0.777934730052948,0.28384295105934143,0.0004982014652341604,0.018141286447644234,0.0,0.0,0.3495360314846039,0.050942953675985336,9.965623030439019e-05,1.2789803743362427,0.0,0.0
36,4,4.725555419921875,0.6815773844718933,25.127784729003906,4.447505950927734,0.5039949417114258,58.13910675048828,0.9063365459442139,0.007172858342528343,0.04731844365596771,17.27125358581543,0.0,0.0,0.311918169260025,1.0172723250434501e-06,0.0035866699181497097,0.6808232665061951,0.0,0.0,1.0989091396331787,0.3968028128147125,0.017301296815276146,0.2570633590221405,0.01445584837347269,0.46062788367271423,0.28106996417045593,0.01473313383758068,0.0006622524815611541,0.5518179535865784,0.9873570203781128,0.0,0.8691046237945557,0.24017439782619476,0.0005772588774561882,0.020216435194015503,0.0,0.0,0.34691596031188965,0.055319398641586304,6.210731953615323e-05,1.2874146699905396,0.0,0.0
37,0,5.718051910400391,0.4853350520133972,35.53858947753906,2.725451946258545,0.6682883501052856,52.399681091308594,0.992774486541748,0.017098013311624527,0.03575679659843445,12.299910545349121,0.0,0.0,0.28892648220062256,1.0210651453235187e-06,0.002954257884994149,0.768689751625061,0.0,0.0,0.9791314005851746,0.3621523678302765,0.013299462385475636,0.14143943786621094,0.008366551250219345,0.22908376157283783,0.3008742034435272,0.02521326392889023,0.00040909653762355447,0.778753936290741,0.9951246380805969,0.0,0.9086818695068359,0.23306190967559814,0.0006008952623233199,0.020606718957424164,0.0,0.0,0.34252890944480896,0.0550001822412014,9.149771358352154e-05,1.2688640356063843,0.0,0.0
37,1,1.5786056518554688,0.023806683719158173,24.641096115112305,6.069860935211182,0.501655101776123,46.074546813964844,0.7902993559837341,0.15202850103378296,0.024149663746356964,1.4981303215026855,0.0,0.0,0.3985680639743805,0.0003018105635419488,0.005291505251079798,1.0011430978775024,0.0,0.0,1.1005381345748901,0.40790122747421265,0.019461140036582947,0.31712332367897034,0.01769089885056019,0.5855280160903931,0.28090518712997437,0.014575260691344738,0.0008029941818676889,0.5120794773101807,0.983368456363678,0.0,0.7901414632797241,0.2687346339225769,0.0005187133210711181,0.018404843285679817,0.0,0.0,0.34733134508132935,0.05409209430217743,7.999345689313486e-05,1.2823611497879028,0.0,0.0
37,2,4.814055919647217,0.9272704124450684,23.774517059326172,8.415337562561035,0.5009699463844299,43.3021125793457,0.7971183657646179,0.02504689246416092,0.05108332633972168,26.27815055847168,0.0,0.0,0.3652268648147583,6.754929927410558e-05,0.0038006494287401438,0.5865384340286255,0.0,0.0,1.1282254457473755,0.3521910011768341,0.02090352028608322,0.4125528633594513,0.021232008934020996,0.7786355018615723,0.2765694856643677,0.01234591193497181,0.0009065427002497017,0.48517513275146484,0.9798470139503479,0.0,0.8092450499534607,0.2715744972229004,0.0005197987193241715,0.018848806619644165,0.0,0.0,0.346484899520874,0.05066447705030441,9.864993626251817e-05,1.2800567150115967,0.0,0.0
37,3,1.6831880807876587,0.08220234513282776,32.260719299316406,9.49625301361084,0.40242746472358704,52.99570846557617,0.8553723692893982,0.13662931323051453,0.022620059549808502,2.8597750663757324,0.0,0.0,0.37314340472221375,0.00018661994545254856,0.007012815214693546,0.9578610062599182,0.0,0.0,1.1690605878829956,0.3892166018486023,0.02365826442837715,0.47247615456581116,0.02646377496421337,0.9105779528617859,0.26944226026535034,0.007902054116129875,0.0012199660995975137,0.3652118444442749,0.9827415347099304,0.0,0.7774314880371094,0.2842090129852295,0.0004978473880328238,0.018130801618099213,0.0,0.0,0.3495360314846039,0.05092005804181099,9.981600305764005e-05,1.2789803743362427,0.0,0.0
37,4,4.725555419921875,0.6815773844718933,25.127784729003906,4.447505950927734,0.5039949417114258,58.13910675048828,0.9067384600639343,0.007170989643782377,0.047308117151260376,17.267311096191406,0.0,0.0,0.311918169260025,1.017587237583939e-06,0.0035863423254340887,0.6808232665061951,0.0,0.0,1.0992270708084106,0.39703941345214844,0.017299054190516472,0.25706034898757935,0.014458656311035156,0.4606330692768097,0.28106996417045593,0.014733516611158848,0.0006624252418987453,0.5518179535865784,0.9874181151390076,0.0,0.868834376335144,0.24026301503181458,0.0005770783754996955,0.020209429785609245,0.0,0.0,0.34691596031188965,0.055353324860334396,6.205440149642527e-05,1.2874146699905396,0.0,0.0
38,0,5.718051910400391,0.4853350520133972,35.53858947753906,2.725451946258545,0.6682883501052856,52.399681091308594,0.9924275875091553,0.017094150185585022,0.03578078746795654,12.313329696655273,0.0,0.0,0.28892648220062256,1.0214315580014954e-06,0.002953100949525833,0.768689751625061,0.0,0.0,0.9795235395431519,0.3622291684150696,0.013301782310009003,0.14150379598140717,0.008365990594029427,0.2289835661649704,0.3008742034435272,0.025226730853319168,0.0004090975853614509,0.778753936290741,0.9947929978370667,0.0,0.9091290831565857,0.232910618185997,0.0006012116791680455,0.020616762340068817,0.0,0.0,0.34252890944480896,0.05498959869146347,9.151369158644229e-05,1.2688640356063843,0.0,0.0
38,1,1.5786056518554688,0.023806683719158173,24.641096115112305,6.069860935211182,0.501655101776123,46.074546813964844,0.7904877662658691,0.15187042951583862,0.0241434033960104,1.4973853826522827,0.0,0.0,0.3985680639743805,0.0003019713913090527,0.005288457497954369,1.0011430978775024,0.0,0.0,1.1011165380477905,0.4077838063240051,0.019470473751425743,0.31719061732292175,0.01768232136964798,0.5853991508483887,0.28090518712997437,0.014578350819647312,0.0008025605347938836,0.5120794773101807,0.9830675721168518,0.0,0.7900510430335999,0.2688181400299072,0.0005186458583921194,0.018403200432658195,0.0,0.0,0.34733134508132935,0.05407709628343582,8.007192809600383e-05,1.2823611497879028,0.0,0.0
38,2,4.814055919647217,0.9272704124450684,23.774517059326172,8.415337562561035,0.5009699463844299,43.3021125793457,0.7978643774986267,0.02504446916282177,0.051037948578596115,26.260828018188477,0.0,0.0,0.3652268648147583,6.754689093213528e-05,0.003801233833655715,0.5865384340286255,0.0,0.0,1.1278972625732422,0.3523293435573578,0.02089289389550686,0.4122617244720459,0.02124190330505371,0.7791735529899597,0.2765694856643677,0.012336602434515953,0.0009069417719729245,0.48517513275146484,0.9804452657699585,0.0,0.8085833191871643,0.2718471884727478,0.000519374618306756,0.018834011629223824,0.0,0.0,0.346484899520874,0.05069183185696602,9.866469918051735e-05,1.2800567150115967,0.0,0.0
38,3,1.6831880807876587,0.08220234513282776,32.260719299316406,9.49625301361084,0.40242746472358704,52.99570846557617,0.8560441732406616,0.13652172684669495,0.02260369248688221,2.8569986820220947,0.0,0.0,0.37314340472221375,0.00018670965800993145,0.0070099132135510445,0.9578610062599182,0.0,0.0,1.1695448160171509,0.38907966017723083,0.02366066351532936,0.4723670780658722,0.02646041102707386,0.910767674446106,0.26944226026535034,0.00789985153824091,0.001219686004333198,0.3652118444442749,0.982856273651123,0.0,0.7768471240997314,0.2845604717731476,0.0004974587936885655,0.01811857894062996,0.0,0.0,0.3495360314846039,0.050907935947179794,0.00010002878116210923,1.2789803743362427,0.0,0.0
38,4,4.725555419921875,0.6815773844718933,25.127784729003906,4.447505950927734,0.5039949417114258,58.13910675048828,0.9070253372192383,0.007170150522142649,0.04729878902435303,17.26944923400879,0.0,0.0,0.311918169260025,1.017585987028724e-06,0.0035858408082276583,0.6808232665061951,0.0,0.0,1.0993292331695557,0.3971915543079376,0.017295263707637787,0.25701940059661865,0.014462188817560673,0.46070554852485657,0.28106996417045593,0.014731318689882755,0.0006625839741900563,0.5518179535865784,0.987610936164856,0.0,0.8685942888259888,0.2403581738471985,0.0005769187118858099,0.020203961059451103,0.0,0.0,0.34691596031188965,0.055366337299346924,6.206971011124551e-05,1.2874146699905396,0.0,0.0
39,0,5.718051910400391,0.4853350520133972,35.53858947753906,2.725451946258545,0.6682883501052856,52.399681091308594,0.9926486611366272,0.017101529985666275,0.035782210528850555,12.317892074584961,0.0,0.0,0.28892648220062256,1.0210839036517427e-06,0.0029534839559346437,0.768689751625061,0.0,0.0,0.9792660474777222,0.36245423555374146,0.01329838763922453,0.14146482944488525,0.008367895148694515,0.22905056178569794,0.3008742034435272,0.025221003219485283,0.00040918291779235005,0.778753936290741,0.9950809478759766,0.0,0.9091126322746277,0.23284484446048737,0.000601218780502677,0.020615845918655396,0.0,0.0,0.34252890944480896,0.055013060569763184,9.14579359232448e-05,1.2688640356063843,0.0,0.0
39,1,1.5786056518554688,0.023806683719158173,24.641096115112305,6.069860935211182,0.501655101776123,46.074546813964844,0.790454626083374,0.15182717144489288,0.02414400689303875,1.4970487356185913,0.0,0.0,0.3985680639743805,0.0003019633877556771,0.0052871257066726685,1.0011430978775024,0.0,0.0,1.1014598608016968,0.4077281653881073,0.01947721093893051,0.31724444031715393,0.017676057294011116,0.5853018760681152,0.28090518712997437,0.014581086114048958,0.0008022444671951234,0.5120794773101807,0.98285311460495,0.0,0.7899727821350098,0.2688605487346649,0.0005185818299651146,0.018401481211185455,0.0,0.0,0.34733134508132935,0.0540662556886673,8.0117468314711e-05,1.2823611497879028,0.0,0.0
39,2,4.814055919647217,0.9272704124450684,23.774517059326172,8.415337562561035,0.5009699463844299,43.3021125793457,0.7976188659667969,0.025040945038199425,0.05105825886130333,26.259550094604492,0.0,0.0,0.3652268648147583,6.756319635314867e-05,0.0038003853987902403,0.5865384340286255,0.0,0.0,1.1286226511001587,0.3521851897239685,0.02090330794453621,0.41248634457588196,0.021232668310403824,0.7787495255470276,0.2765694856643677,0.01234390027821064,0.0009065688936971128,0.48517513275146484,0.9799427390098572,0.0,0.8087360262870789,0.271854430437088,0.0005194670520722866,0.01883743517100811,0.0,0.0,0.346484899520874,0.05067302659153938,9.870082431007177e-05,1.2800567150115967,0.0,0.0
39,3,1.6831880807876587,0.08220234513282776,32.260719299316406,9.49625301361084,0.40242746472358704,52.99570846557617,0.8557416796684265,0.13649483025074005,0.02260986901819706,2.855774402618408,0.0,0.0,0.37314340472221375,0.00018671834550332278,0.00700753927230835,0.9578610062599182,0.0,0.0,1.170434594154358,0.3887842297554016,0.023675786331295967,0.4725537598133087,0.026442918926477432,0.9104025959968567,0.26944226026535034,0.007902800105512142,0.0012188403634354472,0.3652118444442749,0.9823603630065918,0.0,0.7769575715065002,0.284598171710968,0.0004975076881237328,0.01812143623828888,0.0,0.0,0.3495360314846039,0.050877831876277924,0.00010016647865995765,1.2789803743362427,0.0,0.0
39,4,4.725555419921875,0.6815773844718933,25.127784729003906,4.447505950927734,0.5039949417114258,58.13910675048828,0.9067017436027527,0.007170009892433882,0.047314759343862534,17.270597457885742,0.0,0.0,0.311918169260025,1.0176479463552823e-06,0.00358505523763597,0.6808232665061951,0.0,0.0,1.0998554229736328,0.3971298038959503,0.017301632091403008,0.25711414217948914,0.014457004144787788,0.4605366289615631,0.28106996417045593,0.014736801385879517,0.000662349397316575,0.5518179535865784,0.9872400760650635,0.0,0.8688995838165283,0.24027952551841736,0.0005771201103925705,0.020210739225149155,0.0,0.0,0.34691596031188965,0.055354516953229904,6.209278217284009e-05,1.2874146699905396,0.0,0.0
40,0,5.718051910400391,0.4853350520133972,35.53858947753906,2.725451946258545,0.6682883501052856,52.399681091308594,0.9926325678825378,0.017100749537348747,0.035789553076028824,12.319812774658203,0.0,0.0,0.28892648220062256,1.021454636429553e-06,0.00295321480371058,0.768689751625061,0.0,0.0,0.9794209003448486,0.36246374249458313,0.013298808597028255,0.1414612978696823,0.008367336355149746,0.22905729711055756,0.3008742034435272,0.02521996758878231,0.00040917290607467294,0.778753936290741,0.9950687885284424,0.0,0.9094548225402832,0.23271091282367706,0.000601468957029283,0.02062346041202545,0.0,0.0,0.34252890944480896,0.05501224473118782,9.140901966020465e-05,1.2688640356063843,0.0,0.0
40,1,1.5786056518554688,0.023806683719158173,24.641096115112305,6.069860935211182,0.501655101776123,46.074546813964844,0.790503203868866,0.1518082469701767,0.02414039522409439,1.4968605041503906,0.0,0.0,0.3985680639743805,0.000301857857266441,0.005287479609251022,1.0011430978775024,0.0,0.0,1.1012316942214966,0.40777137875556946,0.01947343908250332,0.31722715497016907,0.017680006101727486,0.5853326320648193,0.28090518712997437,0.014580055139958858,0.0008024376002140343,0.5120794773101807,0.9829684495925903,0.0,0.7897757887840271,0.26895806193351746,0.0005184431211091578,0.01839691400527954,0.0,0.0,0.34733134508132935,0.054072361439466476,8.012126636458561e-05,1.2823611497879028,0.0,0.0
40,2,4.814055919647217,0.9272704124450684,23.774517059326172,8.415337562561035,0.5009699463844299,43.3021125793457,0.7977394461631775,0.025038575753569603,0.05105193704366684,26.263273239135742,0.0,0.0,0.3652268648147583,6.756286165909842e-05,0.0037998713087290525,0.5865384340286255,0.0,0.0,1.1286877393722534,0.3521237373352051,0.020899903029203415,0.41246187686920166,0.02123596891760826,0.7787867784500122,0.2765694856643677,0.012342792935669422,0.0009067149949260056,0.48517513275146484,0.9800461530685425,0.0,0.8086217641830444,0.27194783091545105,0.0005193882971070707,0.018834993243217468,0.0,0.0,0.346484899520874,0.05067284032702446,9.872640657704324e-05,1.2800567150115967,0.0,0.0
40,3,1.6831880807876587,0.08220234513282776,32.260719299316406,9.49625301361084,0.40242746472358704,52.99570846557617,0.8561281561851501,0.1365070939064026,0.02259889803826809,2.854703903198242,0.0,0.0,0.37314340472221375,0.0001866044767666608,0.007009756751358509,0.9578610062599182,0.0,0.0,1.170004963874817,0.3888353407382965,0.023664752021431923,0.4723914861679077,0.026455987244844437,0.9107059240341187,0.26944226026535034,0.007899949327111244,0.0012194651644676924,0.3652118444442749,0.9827541708946228,0.0,0.7763822078704834,0.2849023938179016,0.0004971229936927557,0.018108269199728966,0.0,0.0,0.3495360314846039,0.050894901156425476,0.00010017882596002892,1.2789803743362427,0.0,0.0
40,4,4.725555419921875,0.6815773844718933,25.127784729003906,4.447505950927734,0.5039949417114258,58.13910675048828,0.9069562554359436,0.0071702394634485245,0.04730173572897911,17.26822280883789,0.0,0.0,0.311918169260025,1.0175014040214592e-06,0.0035849777050316334,0.6808232665061951,0.0,0.0,1.099774718284607,0.39730942249298096,0.017297934740781784,0.25705617666244507,0.014459907077252865,0.46063926815986633,0.28106996417045593,0.014733472838997841,0.0006624991074204445,0.5518179535865784,0.9874586462974548,0.0,0.8686291575431824,0.24036690592765808,0.0005769422277808189,0.020203912630677223,0.0,0.0,0.34691596031188965,0.055381447076797485,6.2053237343207e-05,1.2874146699905396,0.0,0.0
41,0,5.718051910400391,0.4853350520133972,35.53858947753906,2.725451946258545,0.6682883501052856,52.399681091308594,0.9926620125770569,0.017101731151342392,0.03579594939947128,12.318351745605469,0.0,0.0,0.28892648220062256,1.0216031114396174e-06,0.002953464863821864,0.768689751625061,0.0,0.0,0.9795784950256348,0.36253800988197327,0.013299676589667797,0.1414671391248703,0.008366611786186695,0.229049950838089,0.3008742034435272,0.02522152103483677,0.0004091468872502446,0.778753936290741,0.9950206875801086,0.0,0.9096536040306091,0.2326233834028244,0.0006016193074174225,0.020627470687031746,0.0,0.0,0.34252890944480896,0.05502050369977951,9.137948654824868e-05,1.2688640356063843,0.0,0.0
41,1,1.5786056518554688,0.023806683719158173,24.641096115112305,6.069860935211182,0.501655101776123,46.074546813964844,0.7905233502388,0.1518072783946991,0.02413703128695488,1.496883749961853,0.0,0.0,0.3985680639743805,0.00030181495822034776,0.005287135951220989,1.0011430978775024,0.0,0.0,1.1010602712631226,0.40774041414260864,0.01947087049484253,0.3172040581703186,0.01768256351351738,0.5853723287582397,0.28090518712997437,0.014578436501324177,0.0008025611750781536,0.5120794773101807,0.9830571413040161,0.0,0.7896474003791809,0.2690301239490509,0.00051835150225088,0.018394114449620247,0.0,0.0,0.34733134508132935,0.054073113948106766,8.012810576474294e-05,1.2823611497879028,0.0,0.0
41,2,4.814055919647217,0.9272704124450684,23.774517059326172,8.415337562561035,0.5009699463844299,43.3021125793457,0.7978001236915588,0.025036806240677834,0.05104578286409378,26.2641544342041,0.0,0.0,0.3652268648147583,6.756949005648494e-05,0.003799204248934984,0.5865384340286255,0.0,0.0,1.1287060976028442,0.3520674407482147,0.020900186151266098,0.4124392867088318,0.021235188469290733,0.7788218855857849,0.2765694856643677,0.012341759167611599,0.0009066677303053439,0.48517513275146484,0.9800689816474915,0.0,0.8084972500801086,0.27204129099845886,0.0005193064571358263,0.018832150846719742,0.0,0.0,0.346484899520874,0.050679586827754974,9.87149978755042e-05,1.2800567150115967,0.0,0.0
41,3,1.6831880807876587,0.08220234513282776,32.260719299316406,9.49625301361084,0.40242746472358704,52.99570846557617,0.8560376167297363,0.13649776577949524,0.022599494084715843,2.855294704437256,0.0,0.0,0.37314340472221375,0.0001865910307969898,0.007008390501141548,0.9578610062599182,0.0,0.0,1.1700749397277832,0.38865864276885986,0.023665154352784157,0.47242483496665955,0.026456329971551895,0.9106321334838867,0.26944226026535034,0.007900075055658817,0.0012194733135402203,0.3652118444442749,0.9826939105987549,0.0,0.7762871384620667,0.2850222587585449,0.0004970500594936311,0.018106667324900627,0.0,0.0,0.3495360314846039,0.05087987333536148,0.00010024425137089565,1.2789803743362427,0.0,0.0
41,4,4.725555419921875,0.6815773844718933,25.127784729003906,4.447505950927734,0.5039949417114258,58.13910675048828,0.9069505333900452,0.007170403376221657,0.04730178415775299,17.267980575561523,0.0,0.0,0.311918169260025,1.0174563840337214e-06,0.0035846636164933443,0.6808232665061951,0.0,0.0,1.0998934507369995,0.3973459303379059,0.017299039289355278,0.25705721974372864,0.014458767138421535,0.46063679456710815,0.28106996417045593,0.014733420684933662,0.000662436883430928,0.5518179535865784,0.9874306321144104,0.0,0.8686124682426453,0.24037891626358032,0.0005769319832324982,0.020203279331326485,0.0,0.0,0.34691596031188965,0.055389657616615295,6.205079989740625e-05,1.2874146699905396,0.0,0.0
42,0,5.718051910400391,0.4853350520133972,35.53858947753906,2.725451946258545,0.6682883501052856,52.399681091308594,0.9926648736000061,0.017102306708693504,0.03580278530716896,12.31566047668457,0.0,0.0,0.28892648220062256,1.0216185728495475e-06,0.0029538297094404697,0.768689751625061,0.0,0.0,0.9796720147132874,0.36259332299232483,0.013299424201250076,0.1414743959903717,0.008366839960217476,0.22904077172279358,0.3008742034435272,0.02522333711385727,0.00040917115984484553,0.778753936290741,0.9949997663497925,0.0,0.9098684787750244,0.23252879083156586,0.0006017810082994401,0.020632172003388405,0.0,0.0,0.34252890944480896,0.055019304156303406,9.137109009316191e-05,1.2688640356063843,0.0,0.0
42,1,1.5786056518554688,0.023806683719158173,24.641096115112305,6.069860935211182,0.501655101776123,46.074546813964844,0.7907382249832153,0.15180471539497375,0.024126332253217697,1.4969453811645508,0.0,0.0,0.3985680639743805,0.0003017550625372678,0.005286769475787878,1.0011430978775024,0.0,0.0,1.100601315498352,0.4077701270580292,0.01946372538805008,0.3170875310897827,0.01768883503973484,0.5855816006660461,0.28090518712997437,0.014572277665138245,0.0008028375450521708,0.5120794773101807,0.9834112524986267,0.0,0.7892993092536926,0.26918840408325195,0.0005181218730285764,0.018386563286185265,0.0,0.0,0.34733134508132935,0.054085057228803635,8.013933256734163e-05,1.2823611497879028,0.0,0.0
42,2,4.814055919647217,0.9272704124450684,23.774517059326172,8.415337562561035,0.5009699463844299,43.3021125793457,0.7978934645652771,0.02504149079322815,0.0510382205247879,26.258792877197266,0.0,0.0,0.3652268648147583,6.756279617547989e-05,0.0038000233471393585,0.5865384340286255,0.0,0.0,1.128580093383789,0.3520648777484894,0.020898664370179176,0.4123839735984802,0.021236160770058632,0.7789204120635986,0.2765694856643677,0.012339538894593716,0.0009066936909221113,0.48517513275146484,0.9801619648933411,0.0,0.8083823323249817,0.2721107602119446,0.0005192392854951322,0.01882977969944477,0.0,0.0,0.346484899520874,0.05068255960941315,9.871379006654024e-05,1.2800567150115967,0.0,0.0
42,3,1.6831880807876587,0.08220234513282776,32.260719299316406,9.49625301361084,0.40242746472358704,52.99570846557617,0.856329083442688,0.13650082051753998,0.022590123116970062,2.855994462966919,0.0,0.0,0.37314340472221375,0.00018656744214240462,0.007008216809481382,0.9578610062599182,0.0,0.0,1.1697410345077515,0.3886089026927948,0.023657413199543953,0.47226911783218384,0.026464918628335,0.9109176993370056,0.26944226026535034,0.007897000759840012,0.0012198290787637234,0.3652118444442749,0.9830116033554077,0.0,0.7759169936180115,0.2852284908294678,0.0004968061693944037,0.018099024891853333,0.0,0.0,0.3495360314846039,0.05087927728891373,0.00010031292185885832,1.2789803743362427,0.0,0.0
42,4,4.725555419921875,0.6815773844718933,25.127784729003906,4.447505950927734,0.5039949417114258,58.13910675048828,0.9068382382392883,0.007170679047703743,0.047309644520282745,17.266613006591797,0.0,0.0,0.311918169260025,1.0174685485253576e-06,0.003584912745282054,0.6808232665061951,0.0,0.0,1.1001404523849487,0.39734947681427,0.01730152778327465,0.25709888339042664,0.014456630684435368,0.4605618417263031,0.28106996417045593,0.014735673554241657,0.0006623402587138116,0.5518179535865784,0.987273097038269,0.0,0.8687140941619873,0.24036656320095062,0.0005769978743046522,0.020205313339829445,0.0,0.0,0.34691596031188965,0.05538811907172203,6.205659883562475e-05,1.2874146699905396,0.0,0.0
43,0,5.718051910400391,0.4853350520133972,35.53858947753906,2.725451946258545,0.6682883501052856,52.399681091308594,0.9929047226905823,0.01710204780101776,0.03580060228705406,12.314199447631836,0.0,0.0,0.28892648220062256,1.0215958354820032e-06,0.0029544520657509565,0.768689751625061,0.0,0.0,0.9795286059379578,0.36276212334632874,0.013296728022396564,0.14145484566688538,0.008368534967303276,0.22907449305057526,0.3008742034435272,0.025220654904842377,0.0004092612362001091,0.778753936290741,0.9951693415641785,0.0,0.9097763895988464,0.232521653175354,0.0006017335690557957,0.020629676058888435,0.0,0.0,0.34252890944480896,0.05503858998417854,9.133552521234378e-05,1.2688640356063843,0.0,0.0
43,1,1.5786056518554688,0.023806683719158173,24.641096115112305,6.069860935211182,0.501655101776123,46.074546813964844,0.7905558347702026,0.15171636641025543,0.024129396304488182,1.49714195728302,0.0,0.0,0.3985680639743805,0.0003019266587216407,0.005283340811729431,1.0011430978775024,0.0,0.0,1.1010395288467407,0.40755775570869446,0.019470876082777977,0.31718501448631287,0.01768232136964798,0.5853977799415588,0.28090518712997437,0.014576297253370285,0.0008025451679714024,0.5120794773101807,0.9830782413482666,0.0,0.7895045876502991,0.26913759112358093,0.0005182523163966835,0.018391698598861694,0.0,0.0,0.34733134508132935,0.054059337824583054,8.01774876890704e-05,1.2823611497879028,0.0,0.0
43,2,4.814055919647217,0.9272704124450684,23.774517059326172,8.415337562561035,0.5009699463844299,43.3021125793457,0.7981088757514954,0.025037020444869995,0.05102263763546944,26.255380630493164,0.0,0.0,0.3652268648147583,6.758343079127371e-05,0.003799932776018977,0.5865384340286255,0.0,0.0,1.128530740737915,0.35210487246513367,0.020896948873996735,0.4123222529888153,0.02123773843050003,0.7790296673774719,0.2765694856643677,0.012337715364992619,0.0009067381033673882,0.48517513275146484,0.9802771806716919,0.0,0.8081138134002686,0.27225327491760254,0.0005190695519559085,0.01882370375096798,0.0,0.0,0.346484899520874,0.05068448185920715,9.874261013465002e-05,1.2800567150115967,0.0,0.0
43,3,1.6831880807876587,0.08220234513282776,32.260719299316406,9.49625301361084,0.40242746472358704,52.99570846557617,0.8562684655189514,0.1364433467388153,0.022589847445487976,2.8563315868377686,0.0,0.0,0.37314340472221375,0.0001866860839072615,0.007004366256296635,0.9578610062599182,0.0,0.0,1.1701871156692505,0.38836607336997986,0.023664209991693497,0.4723610579967499,0.02645719423890114,0.9107270836830139,0.26944226026535034,0.007898177951574326,0.0012194609735161066,0.3652118444442749,0.9827696681022644,0.0,0.7759424448013306,0.2852945923805237,0.0004968150751665235,0.018100330606102943,0.0,0.0,0.3495360314846039,0.05085150897502899,0.00010040469351224601,1.2789803743362427,0.0,0.0
43,4,4.725555419921875,0.6815773844718933,25.127784729003906,4.447505950927734,0.5039949417114258,58.13910675048828,0.9071201086044312,0.007170166354626417,0.047296665608882904,17.26494789123535,0.0,0.0,0.311918169260025,1.0175662055189605e-06,0.003585126018151641,0.6808232665061951,0.0,0.0,1.100042462348938,0.3974946439266205,0.017298443242907524,0.25703755021095276,0.014458850026130676,0.4606702923774719,0.28106996417045593,0.014732316136360168,0.0006624381057918072,0.5518179535865784,0.9874849915504456,0.0,0.8684884905815125,0.24043715000152588,0.0005768471164628863,0.020199546590447426,0.0,0.0,0.34691596031188965,0.05540848895907402,6.204038800206035e-05,1.2874146699905396,0.0,0.0
44,0,5.718051910400391,0.4853350520133972,35.53858947753906,2.725451946258545,0.6682883501052856,52.399681091308594,0.9928358197212219,0.01710098423063755,0.03580738604068756,12.314597129821777,0.0,0.0,0.28892648220062256,1.0217622730124276e-06,0.0029543847776949406,0.768689751625061,0.0,0.0,0.9796160459518433,0.36279627680778503,0.013297109864652157,0.14146773517131805,0.008368264883756638,0.22905521094799042,0.3008742034435272,0.025223437696695328,0.00040925730718299747,0.778753936290741,0.9951016902923584,0.0,0.9099956750869751,0.23244249820709229,0.0006018901476636529,0.020634304732084274,0.0,0.0,0.34252890944480896,0.055038899183273315,9.133336425293237e-05,1.2688640356063843,0.0,0.0
44,1,1.5786056518554688,0.023806683719158173,24.641096115112305,6.069860935211182,0.501655101776123,46.074546813964844,0.7905727624893188,0.15169788897037506,0.02412748895585537,1.4972789287567139,0.0,0.0,0.3985680639743805,0.00030192104168236256,0.005282259080559015,1.0011430978775024,0.0,0.0,1.101072072982788,0.4075115919113159,0.01947178691625595,0.3171912729740143,0.017681870609521866,0.5853836536407471,0.28090518712997437,0.01457634475082159,0.0008025086717680097,0.5120794773101807,0.983055830001831,0.0,0.7893800735473633,0.2692137062549591,0.000518167158588767,0.018389306962490082,0.0,0.0,0.34733134508132935,0.054052677005529404,8.021725807338953e-05,1.2823611497879028,0.0,0.0
44,2,4.814055919647217,0.9272704124450684,23.774517059326172,8.415337562561035,0.5009699463844299,43.3021125793457,0.7980808615684509,0.025036247447133064,0.05102716386318207,26.257444381713867,0.0,0.0,0.3652268648147583,6.759068492101505e-05,0.0037996922619640827,0.5865384340286255,0.0,0.0,1.1287904977798462,0.3520515561103821,0.02090090699493885,0.41239967942237854,0.021234499290585518,0.7788792848587036,0.2765694856643677,0.012340156361460686,0.0009065811173059046,0.48517513275146484,0.9801027178764343,0.0,0.8080163598060608,0.2723526656627655,0.0005190047086216509,0.018821729347109795,0.0,0.0,0.346484899520874,0.050673797726631165,9.88062092801556e-05,1.2800567150115967,0.0,0.0
44,3,1.6831880807876587,0.08220234513282776,32.260719299316406,9.49625301361084,0.40242746472358704,52.99570846557617,0.8562963008880615,0.13643889129161835,0.02258925884962082,2.856607437133789,0.0,0.0,0.37314340472221375,0.0001866829552454874,0.007003519218415022,0.9578610062599182,0.0,0.0,1.170426368713379,0.38822975754737854,0.023666871711611748,0.4724041521549225,0.02645525522530079,0.9106343984603882,0.26944226026535034,0.00789868924766779,0.0012193252332508564,0.3652118444442749,0.9826792478561401,0.0,0.7757349014282227,0.2854723632335663,0.00049667211715132,0.018096240237355232,0.0,0.0,0.3495360314846039,0.05083642154932022,0.00010052412108052522,1.2789803743362427,0.0,0.0
44,4,4.725555419921875,0.6815773844718933,25.127784729003906,4.447505950927734,0.5039949417114258,58.13910675048828,0.9071326851844788,0.007170302327722311,0.04729923978447914,17.26557159423828,0.0,0.0,0.311918169260025,1.0175687066293904e-06,0.003585066879168153,0.6808232665061951,0.0,0.0,1.1002432107925415,0.39751625061035156,0.017299417406320572,0.2570556402206421,0.014458253048360348,0.4606369435787201,0.28106996417045593,0.014733416959643364,0.0006624029483646154,0.5518179535865784,0.9874246716499329,0.0,0.8684646487236023,0.2404664158821106,0.0005768277333118021,0.020199004560709,0.0,0.0,0.34691596031188965,0.055405981838703156,6.20668797637336e-05,1.2874146699905396,0.0,0.0
45,0,5.718051910400391,0.4853350520133972,35.53858947753906,2.725451946258545,0.6682883501052856,52.399681091308594,0.992810070514679,0.017102424055337906,0.03581201285123825,12.31410026550293,0.0,0.0,0.28892648220062256,1.0217951285085292e-06,0.00295453192666173,0.768689751625061,0.0,0.0,0.9796594381332397,0.36280810832977295,0.013296956196427345,0.14146968722343445,0.008368236944079399,0.22905296087265015,0.3008742034435272,0.02522348053753376,0.00040926699875853956,0.778753936290741,0.9950918555259705,0.0,0.9101874232292175,0.23237308859825134,0.0006020297878421843,0.020638644695281982,0.0,0.0,0.34252890944480896,0.055035609751939774,9.132124978350475e-05,1.2688640356063843,0.0,0.0
45,1,1.5786056518554688,0.023806683719158173,24.641096115112305,6.069860935211182,0.501655101776123,46.074546813964844,0.7906559705734253,0.15169616043567657,0.024122895672917366,1.4973316192626953,0.0,0.0,0.3985680639743805,0.0003018640272784978,0.005282087717205286,1.0011430978775024,0.0,0.0,1.1008673906326294,0.4075290560722351,0.01946975849568844,0.317142128944397,0.017683543264865875,0.5854725241661072,0.28090518712997437,0.014573966152966022,0.0008025581482797861,0.5120794773101807,0.9831915497779846,0.0,0.7891801595687866,0.26930561661720276,0.0005180338630452752,0.018384750932455063,0.0,0.0,0.34733134508132935,0.05406040698289871,8.022361726034433e-05,1.2823611497879028,0.0,0.0
45,2,4.814055919647217,0.9272704124450684,23.774517059326172,8.415337562561035,0.5009699463844299,43.3021125793457,0.7981600761413574,0.025035390630364418,0.05102412402629852,26.25991439819336,0.0,0.0,0.3652268648147583,6.759313691873103e-05,0.003799200290814042,0.5865384340286255,0.0,0.0,1.128871202468872,0.3520491421222687,0.02090091072022915,0.4123987555503845,0.02123469114303589,0.7788783311843872,0.2765694856643677,0.012340252287685871,0.0009065804188139737,0.48517513275146484,0.9801115989685059,0.0,0.8079041838645935,0.2724227011203766,0.0005189327639527619,0.018819015473127365,0.0,0.0,0.346484899520874,0.05067916214466095,9.88118044915609e-05,1.2800567150115967,0.0,0.0
45,3,1.6831880807876587,0.08220234513282776,32.260719299316406,9.49625301361084,0.40242746472358704,52.99570846557617,0.8564315438270569,0.13643808662891388,0.022585002705454826,2.856795310974121,0.0,0.0,0.37314340472221375,0.00018665954121388495,0.007003127597272396,0.9578610062599182,0.0,0.0,1.1703585386276245,0.3881693184375763,0.0236654169857502,0.47235316038131714,0.026457156985998154,0.910726010799408,0.26944226026535034,0.007897845469415188,0.0012193691218271852,0.3652118444442749,0.9827731847763062,0.0,0.7754536867141724,0.2856445610523224,0.0004964852123521268,0.01808994822204113,0.0,0.0,0.3495360314846039,0.05083917826414108,0.00010056315659312531,1.2789803743362427,0.0,0.0
45,4,4.725555419921875,0.6815773844718933,25.127784729003906,4.447505950927734,0.5039949417114258,58.13910675048828,0.907233476638794,0.007170228753238916,0.047295983880758286,17.264503479003906,0.0,0.0,0.311918169260025,1.0175685929425526e-06,0.0035851052962243557,0.6808232665061951,0.0,0.0,1.1003230810165405,0.397609144449234,0.017299028113484383,0.25705382227897644,0.014458735473453999,0.4606398344039917,0.28106996417045593,0.014733480289578438,0.0006624333327636123,0.5518179535865784,0.9874383211135864,0.0,0.8683233261108398,0.24052093923091888,0.0005767325637862086,0.020195424556732178,0.0,0.0,0.34691596031188965,0.055417392402887344,6.205456156749278e-05,1.2874146699905396,0.0,0.0
46,0,5.718051910400391,0.4853350520133972,35.53858947753906,2.725451946258545,0.6682883501052856,52.399681091308594,0.9927749633789062,0.017103616148233414,0.03581647947430611,12.313136100769043,0.0,0.0,0.28892648220062256,1.0218436727882363e-06,0.0029546995647251606,0.768689751625061,0.0,0.0,0.9796446561813354,0.36281877756118774,0.01329707633703947,0.14146612584590912,0.008368026465177536,0.229059636592865,0.3008742034435272,0.02522265538573265,0.00040926385554485023,0.778753936290741,0.995096743106842,0.0,0.9103906750679016,0.23230193555355072,0.0006021792069077492,0.020643163472414017,0.0,0.0,0.34252890944480896,0.05503537133336067,9.130997932516038e-05,1.2688640356063843,0.0,0.0
46,1,1.5786056518554688,0.023806683719158173,24.641096115112305,6.069860935211182,0.501655101776123,46.074546813964844,0.7907205820083618,0.15166352689266205,0.024120725691318512,1.4974465370178223,0.0,0.0,0.3985680639743805,0.0003018869902007282,0.005281355697661638,1.0011430978775024,0.0,0.0,1.100932240486145,0.4075119197368622,0.01946939341723919,0.31714895367622375,0.01768425852060318,0.5854575037956238,0.28090518712997437,0.014574240893125534,0.0008025903371162713,0.5120794773101807,0.9831917881965637,0.0,0.7890669703483582,0.2693707346916199,0.0005179541185498238,0.018382307142019272,0.0,0.0,0.34733134508132935,0.054058898240327835,8.023975533433259e-05,1.2823611497879028,0.0,0.0
46,2,4.814055919647217,0.9272704124450684,23.774517059326172,8.415337562561035,0.5009699463844299,43.3021125793457,0.7982184886932373,0.025032425299286842,0.05102397873997688,26.262245178222656,0.0,0.0,0.3652268648147583,6.760229734936729e-05,0.003798716003075242,0.5865384340286255,0.0,0.0,1.1290524005889893,0.35201409459114075,0.02089957892894745,0.4124290645122528,0.021236751228570938,0.7788170576095581,0.2765694856643677,0.012341062538325787,0.0009066954953595996,0.48517513275146484,0.9800995588302612,0.0,0.8078505992889404,0.2724790573120117,0.0005188974319025874,0.018817896023392677,0.0,0.0,0.346484899520874,0.050677407532930374,9.883263555821031e-05,1.2800567150115967,0.0,0.0
46,3,1.6831880807876587,0.08220234513282776,32.260719299316406,9.49625301361084,0.40242746472358704,52.99570846557617,0.8566096425056458,0.1364150494337082,0.022582005709409714,2.857213258743286,0.0,0.0,0.37314340472221375,0.00018666585674509406,0.007002273108810186,0.9578610062599182,0.0,0.0,1.1704965829849243,0.388094961643219,0.02366158366203308,0.4723517894744873,0.026462676003575325,0.9107204675674438,0.26944226026535034,0.007897734642028809,0.0012196478201076388,0.3652118444442749,0.9828488826751709,0.0,0.7752335667610168,0.28579381108283997,0.00049633375601843,0.01808524876832962,0.0,0.0,0.3495360314846039,0.0508347824215889,0.0001006121892714873,1.2789803743362427,0.0,0.0
46,4,4.725555419921875,0.6815773844718933,25.127784729003906,4.447505950927734,0.5039949417114258,58.13910675048828,0.9073778986930847,0.007170024327933788,0.0472923219203949,17.264036178588867,0.0,0.0,0.311918169260025,1.0175640454690438e-06,0.003585048019886017,0.6808232665061951,0.0,0.0,1.1003907918930054,0.3977002203464508,0.01729731261730194,0.25704407691955566,0.014460409060120583,0.46065711975097656,0.28106996417045593,0.014732981100678444,0.0006625288515351713,0.5518179535865784,0.9875023365020752,0.0,0.8681825995445251,0.2405695617198944,0.0005766370450146496,0.020191887393593788,0.0,0.0,0.34691596031188965,0.055430203676223755,6.204237433848903e-05,1.2874146699905396,0.0,0.0
47,0,5.718051910400391,0.4853350520133972,35.53858947753906,2.725451946258545,0.6682883501052856,52.399681091308594,0.9928240180015564,0.017104025930166245,0.0358169823884964,12.30919075012207,0.0,0.0,0.28892648220062256,1.0218489023827715e-06,0.002955102128908038,0.768689751625061,0.0,0.0,0.9795436263084412,0.36286818981170654,0.013296768069267273,0.14144843816757202,0.008367826230823994,0.2290894091129303,0.3008742034435272,0.02521946281194687,0.00040925524081103504,0.778753936290741,0.9951792359352112,0.0,0.9104903340339661,0.23224452137947083,0.0006022551096975803,0.020645005628466606,0.0,0.0,0.34252890944480896,0.05504322052001953,9.127654629992321e-05,1.2688640356063843,0.0,0.0
47,1,1.5786056518554688,0.023806683719158173,24.641096115112305,6.069860935211182,0.501655101776123,46.074546813964844,0.7906567454338074,0.15162865817546844,0.024121925234794617,1.4978944063186646,0.0,0.0,0.3985680639743805,0.0003019206924363971,0.0052802120335400105,1.0011430978775024,0.0,0.0,1.101119875907898,0.4074706435203552,0.01947190798819065,0.3172006905078888,0.017682602629065514,0.5853614807128906,0.28090518712997437,0.014576751738786697,0.0008025135030038655,0.5120794773101807,0.983051061630249,0.0,0.7890453338623047,0.26940375566482544,0.0005179375875741243,0.018382010981440544,0.0,0.0,0.34733134508132935,0.054051473736763,8.025959687074646e-05,1.2823611497879028,0.0,0.0
47,2,4.814055919647217,0.9272704124450684,23.774517059326172,8.415337562561035,0.5009699463844299,43.3021125793457,0.7983010411262512,0.0250298660248518,0.051019396632909775,26.264314651489258,0.0,0.0,0.3652268648147583,6.760909309377894e-05,0.0037984801456332207,0.5865384340286255,0.0,0.0,1.1291450262069702,0.35201573371887207,0.020898902788758278,0.41243860125541687,0.02123807743191719,0.778796374797821,0.2765694856643677,0.012341536581516266,0.0009067475330084562,0.48517513275146484,0.9801071882247925,0.0,0.8077204823493958,0.27256208658218384,0.0005188147188164294,0.018814899027347565,0.0,0.0,0.346484899520874,0.05068119615316391,9.883984603220597e-05,1.2800567150115967,0.0,0.0
47,3,1.6831880807876587,0.08220234513282776,32.260719299316406,9.49625301361084,0.40242746472358704,52.99570846557617,0.85653156042099,0.13639910519123077,0.022583872079849243,2.858875274658203,0.0,0.0,0.37314340472221375,0.00018667473341338336,0.007000577636063099,0.9578610062599182,0.0,0.0,1.17080557346344,0.3879781663417816,0.023664867505431175,0.4724527895450592,0.026460498571395874,0.9105215072631836,0.26944226026535034,0.007899444550275803,0.00121954339556396,0.3652118444442749,0.9826738238334656,0.0,0.7751449346542358,0.2858979403972626,0.0004962738021276891,0.01808370091021061,0.0,0.0,0.3495360314846039,0.0508219450712204,0.0001006718011922203,1.2789803743362427,0.0,0.0
47,4,4.725555419921875,0.6815773844718933,25.127784729003906,4.447505950927734,0.5039949417114258,58.13910675048828,0.9074615240097046,0.007169813849031925,0.047289278358221054,17.263072967529297,0.0,0.0,0.311918169260025,1.0175689340030658e-06,0.003585041267797351,0.6808232665061951,0.0,0.0,1.1004679203033447,0.39775896072387695,0.01729721389710903,0.2570384740829468,0.01446052547544241,0.4606667757034302,0.28106996417045593,0.014732743613421917,0.0006625354872085154,0.5518179535865784,0.9875184297561646,0.0,0.8680787086486816,0.2406097799539566,0.0005765677778981626,0.020189249888062477,0.0,0.0,0.34691596031188965,0.055439818650484085,6.203252269187942e-05,1.2874146699905396,0.0,0.0
48,0,5.718051910400391,0.4853350520133972,35.53858947753906,2.725451946258545,0.6682883501052856,52.399681091308594,0.9928560853004456,0.017102543264627457,0.035820115357637405,12.308524131774902,0.0,0.0,0.28892648220062256,1.0220110198133625e-06,0.002954977797344327,0.768689751625061,0.0,0.0,0.9795883297920227,0.3629002571105957,0.013296421617269516,0.1414511501789093,0.008368103764951229,0.2290859967470169,0.3008742034435272,0.025220338255167007,0.00040927273221313953,0.778753936290741,0.995180606842041,0.0,0.910600483417511,0.23220087587833405,0.0006023354362696409,0.02064749039709568,0.0,0.0,0.34252890944480896,0.055041149258613586,9.128653618972749e-05,1.2688640356063843,0.0,0.0
48,1,1.5786056518554688,0.023806683719158173,24.641096115112305,6.069860935211182,0.501655101776123,46.074546813964844,0.7906938195228577,0.1516011506319046,0.024119583889842033,1.4980820417404175,0.0,0.0,0.3985680639743805,0.0003019295691046864,0.00527977617457509,1.0011430978775024,0.0,0.0,1.1011277437210083,0.4074729382991791,0.01947241835296154,0.3172045052051544,0.017682554200291634,0.5853528380393982,0.28090518712997437,0.014577004127204418,0.0008024999988265336,0.5120794773101807,0.9830394387245178,0.0,0.7889171242713928,0.2694772481918335,0.000517853070050478,0.01837925799190998,0.0,0.0,0.34733134508132935,0.05405034124851227,8.02836730144918e-05,1.2823611497879028,0.0,0.0
48,2,4.814055919647217,0.9272704124450684,23.774517059326172,8.415337562561035,0.5009699463844299,43.3021125793457,0.7983018755912781,0.025029879063367844,0.05101834237575531,26.263303756713867,0.0,0.0,0.3652268648147583,6.760959513485432e-05,0.0037988172844052315,0.5865384340286255,0.0,0.0,1.1291754245758057,0.3519894778728485,0.020900459960103035,0.4124521315097809,0.021236492320895195,0.7787683606147766,0.2765694856643677,0.012341910041868687,0.0009066644124686718,0.48517513275146484,0.9800572991371155,0.0,0.8076491951942444,0.2726175785064697,0.000518770597409457,0.01881333626806736,0.0,0.0,0.346484899520874,0.05067899450659752,9.88702304312028e-05,1.2800567150115967,0.0,0.0
48,3,1.6831880807876587,0.08220234513282776,32.260719299316406,9.49625301361084,0.40242746472358704,52.99570846557617,0.8566225171089172,0.1364046335220337,0.022579969838261604,2.859644651412964,0.0,0.0,0.37314340472221375,0.00018664634262677282,0.0070006586611270905,0.9578610062599182,0.0,0.0,1.170742392539978,0.3879273235797882,0.02366483211517334,0.47241246700286865,0.026460707187652588,0.9105933904647827,0.26944226026535034,0.007898645475506783,0.0012195014860481024,0.3652118444442749,0.9827289581298828,0.0,0.774905800819397,0.28604599833488464,0.0004961201339028776,0.018078584223985672,0.0,0.0,0.3495360314846039,0.050819844007492065,0.00010074699821416289,1.2789803743362427,0.0,0.0
48,4,4.725555419921875,0.6815773844718933,25.127784729003906,4.447505950927734,0.5039949417114258,58.13910675048828,0.9073836207389832,0.00717004993930459,0.047294121235609055,17.263463973999023,0.0,0.0,0.311918169260025,1.0175515399168944e-06,0.003585026366636157,0.6808232665061951,0.0,0.0,1.1006125211715698,0.3977559506893158,0.017299402505159378,0.2570608854293823,0.01445858646184206,0.460626482963562,0.28106996417045593,0.01473398320376873,0.0006624343222938478,0.5518179535865784,0.9874172806739807,0.0,0.8681082725524902,0.24061554670333862,0.0005765865789726377,0.02018989995121956,0.0,0.0,0.34691596031188965,0.05543648451566696,6.205063982633874e-05,1.2874146699905396,0.0,0.0
49,0,5.718051910400391,0.4853350520133972,35.53858947753906,2.725451946258545,0.6682883501052856,52.399681091308594,0.9928745627403259,0.01710137166082859,0.03582300618290901,12.308910369873047,0.0,0.0,0.28892648220062256,1.0221452839687117e-06,0.002954743569716811,0.768689751625061,0.0,0.0,0.9796776175498962,0.362919420003891,0.013296902179718018,0.14145608246326447,0.008367800153791904,0.2290787547826767,0.3008742034435272,0.025221679359674454,0.00040926021756604314,0.778753936290741,0.9951494336128235,0.0,0.9106699228286743,0.23217155039310455,0.0006023853784427047,0.020648909732699394,0.0,0.0,0.34252890944480896,0.0550423301756382,9.128415695158765e-05,1.2688640356063843,0.0,0.0
49,1,1.5786056518554688,0.023806683719158173,24.641096115112305,6.069860935211182,0.501655101776123,46.074546813964844,0.790597677230835,0.1515893191099167,0.02412131056189537,1.4981032609939575,0.0,0.0,0.3985680639743805,0.0003019250580109656,0.005279663950204849,1.0011430978775024,0.0,0.0,1.1012049913406372,0.4074244201183319,0.019474349915981293,0.3172387480735779,0.01768101379275322,0.5852888822555542,0.28090518712997437,0.014578421600162983,0.0008024264243431389,0.5120794773101807,0.9829365015029907,0.0,0.7889471650123596,0.26948583126068115,0.0005178710562177002,0.01838015206158161,0.0,0.0,0.34733134508132935,0.054041873663663864,8.03047078079544e-05,1.2823611497879028,0.0,0.0
49,2,4.814055919647217,0.9272704124450684,23.774517059326172,8.415337562561035,0.5009699463844299,43.3021125793457,0.7983090877532959,0.025030767545104027,0.05101686716079712,26.25829315185547,0.0,0.0,0.3652268648147583,6.760939868399873e-05,0.0037993346340954304,0.5865384340286255,0.0,0.0,1.1291999816894531,0.3519766330718994,0.02090141735970974,0.4124576449394226,0.021235322579741478,0.7787562608718872,0.2765694856643677,0.01234204601496458,0.0009066065540537238,0.48517513275146484,0.980026125907898,0.0,0.8076238036155701,0.27264511585235596,0.0005187554052099586,0.018812673166394234,0.0,0.0,0.346484899520874,0.05067884176969528,9.887800842989236e-05,1.2800567150115967,0.0,0.0
49,3,1.6831880807876587,0.08220234513282776,32.260719299316406,9.49625301361084,0.40242746472358704,52.99570846557617,0.8564971089363098,0.13640783727169037,0.022582201287150383,2.8597960472106934,0.0,0.0,0.37314340472221375,0.0001866380771389231,0.007000992074608803,0.9578610062599182,0.0,0.0,1.1708718538284302,0.38781866431236267,0.02366763725876808,0.47247469425201416,0.02645791508257389,0.910469114780426,0.26944226026535034,0.007899479009211063,0.0012193649308755994,0.3652118444442749,0.9825975894927979,0.0,0.7749111652374268,0.2860940992832184,0.0004961219383403659,0.01807910017669201,0.0,0.0,0.3495360314846039,0.05080638453364372,0.00010080263018608093,1.2789803743362427,0.0,0.0
49,4,4.725555419921875,0.6815773844718933,25.127784729003906,4.447505950927734,0.5039949417114258,58.13910675048828,0.9073939919471741,0.007170139811933041,0.047294896095991135,17.26255226135254,0.0,0.0,0.311918169260025,1.0175530178457848e-06,0.0035851849243044853,0.6808232665061951,0.0,0.0,1.1007024049758911,0.3977802097797394,0.017300356179475784,0.25706759095191956,0.014457709155976772,0.4606146514415741,0.28106996417045593,0.014734476804733276,0.0006623899680562317,0.5518179535865784,0.98738032579422,0.0,0.8681033849716187,0.24061928689479828,0.0005765826208516955,0.020189588889479637,0.0,0.0,0.34691596031188965,0.055438876152038574,6.205245881574228e-05,1.2874146699905396,0.0,0.0
50,0,5.718051910400391,0.4853350520133972,35.53858947753906,2.725451946258545,0.6682883501052856,52.399681091308594,0.9928334355354309,0.017100607976317406,0.035826947540044785,12.308937072753906,0.0,0.0,0.28892648220062256,1.02225214959617e-06,0.002954574767500162,0.768689751625061,0.0,0.0,0.9797497987747192,0.3629351556301117,0.0132975522428751,0.14146599173545837,0.008367389440536499,0.2290637493133545,0.3008742034435272,0.025223631411790848,0.0004092459275852889,0.778753936290741,0.9950865507125854,0.0,0.9108152985572815,0.23211678862571716,0.0006024862523190677,0.020651865750551224,0.0,0.0,0.34252890944480896,0.05504526570439339,9.127036901190877e-05,1.2688640356063843,0.0,0.0
50,1,1.5786056518554688,0.023806683719158173,24.641096115112305,6.069860935211182,0.501655101776123,46.074546813964844,0.790617048740387,0.1515982449054718,0.024119146168231964,1.498077392578125,0.0,0.0,0.3985680639743805,0.00030187779339030385,0.0052799684926867485,1.0011430978775024,0.0,0.0,1.1010706424713135,0.40743082761764526,0.019472697749733925,0.31721264123916626,0.017682574689388275,0.5853352546691895,0.28090518712997437,0.014576996676623821,0.0008024881826713681,0.5120794773101807,0.9830185770988464,0.0,0.7888146638870239,0.2695557475090027,0.0005177833372727036,0.0183773972094059,0.0,0.0,0.34733134508132935,0.05404068902134895,8.032083133002743e-05,1.2823611497879028,0.0,0.0
50,2,4.814055919647217,0.9272704124450684,23.774517059326172,8.415337562561035,0.5009699463844299,43.3021125793457,0.7983618974685669,0.025032954290509224,0.0510123074054718,26.254989624023438,0.0,0.0,0.3652268648147583,6.760583346476778e-05,0.003799807047471404,0.5865384340286255,0.0,0.0,1.129134178161621,0.351973295211792,0.020899657160043716,0.41243141889572144,0.021237067878246307,0.7788024544715881,0.2765694856643677,0.012341083027422428,0.0009066776838153601,0.48517513275146484,0.9800912737846375,0.0,0.8075326085090637,0.2727031111717224,0.0005186981870792806,0.018810739740729332,0.0,0.0,0.346484899520874,0.05067913979291916,9.889143984764814e-05,1.2800567150115967,0.0,0.0
50,3,1.6831880807876587,0.08220234513282776,32.260719299316406,9.49625301361084,0.40242746472358704,52.99570846557617,0.8565371036529541,0.13642023503780365,0.022580699995160103,2.859821081161499,0.0,0.0,0.37314340472221375,0.00018661472131498158,0.007001690566539764,0.9578610062599182,0.0,0.0,1.170840859413147,0.3877745270729065,0.02366575039923191,0.47246190905570984,0.02646082267165184,0.9104874134063721,0.26944226026535034,0.007899131625890732,0.0012194847222417593,0.3652118444442749,0.9826475977897644,0.0,0.7747257947921753,0.28622570633888245,0.0004960004589520395,0.01807551644742489,0.0,0.0,0.3495360314846039,0.05079583823680878,0.00010086325346492231,1.2789803743362427,0.0,0.0
50,4,4.725555419921875,0.6815773844718933,25.127784729003906,4.447505950927734,0.5039949417114258,58.13910675048828,0.9074453711509705,0.007170204538851976,0.04729284718632698,17.261960983276367,0.0,0.0,0.311918169260025,1.0175421039093635e-06,0.0035852810833603144,0.6808232665061951,0.0,0.0,1.100725769996643,0.3978135585784912,0.017299992963671684,0.25706252455711365,0.014458035118877888,0.46062344312667847,0.28106996417045593,0.014734276570379734,0.0006624024827033281,0.5518179535865784,0.9874017238616943,0.0,0.8680590987205505,0.24063383042812347,0.000576553400605917,0.02018844708800316,0.0,0.0,0.34691596031188965,0.05544331297278404,6.205360114108771e-05,1.2874146699905396,0.0,0.0
51,0,5.718051910400391,0.4853350520133972,35.53858947753906,2.725451946258545,0.6682883501052856,52.399681091308594,0.9929211139678955,0.017099590972065926,0.0358254536986351,12.309219360351562,0.0,0.0,0.28892648220062256,1.0223552635579836e-06,0.0029544648714363575,0.768689751625061,0.0,0.0,0.979720950126648,0.3629843592643738,0.0132974274456501,0.14145563542842865,0.008367380127310753,0.22908100485801697,0.3008742034435272,0.02522202953696251,0.00040924709173850715,0.778753936290741,0.9951344728469849,0.0,0.9108107686042786,0.23210160434246063,0.0006024866597726941,0.0206514410674572,0.0,0.0,0.34252890944480896,0.05505519360303879,9.124639473157004e-05,1.2688640356063843,0.0,0.0
51,1,1.5786056518554688,0.023806683719158173,24.641096115112305,6.069860935211182,0.501655101776123,46.074546813964844,0.7906078100204468,0.15160363912582397,0.024118386209011078,1.4980376958847046,0.0,0.0,0.3985680639743805,0.0003018399002030492,0.005280261859297752,1.0011430978775024,0.0,0.0,1.100996732711792,0.4074088931083679,0.01947106420993805,0.3172096610069275,0.01768430508673191,0.5853387117385864,0.28090518712997437,0.014576547779142857,0.0008025701972655952,0.5120794773101807,0.9830535054206848,0.0,0.7887279391288757,0.26961979269981384,0.0005177258281037211,0.018375804647803307,0.0,0.0,0.34733134508132935,0.0540347583591938,8.034174970816821e-05,1.2823611497879028,0.0,0.0
51,2,4.814055919647217,0.9272704124450684,23.774517059326172,8.415337562561035,0.5009699463844299,43.3021125793457,0.7984238862991333,0.025035105645656586,0.05100911855697632,26.253726959228516,0.0,0.0,0.3652268648147583,6.760044925613329e-05,0.003800145583227277,0.5865384340286255,0.0,0.0,1.1290788650512695,0.351956307888031,0.020897092297673225,0.41240233182907104,0.021239688619971275,0.7788541913032532,0.2765694856643677,0.012339894659817219,0.0009068038780242205,0.48517513275146484,0.9801755547523499,0.0,0.8074666857719421,0.2727457582950592,0.0005186542985029519,0.01880943402647972,0.0,0.0,0.346484899520874,0.050679948180913925,9.890058572636917e-05,1.2800567150115967,0.0,0.0
51,3,1.6831880807876587,0.08220234513282776,32.260719299316406,9.49625301361084,0.40242746472358704,52.99570846557617,0.8565759658813477,0.1364336460828781,0.022579578682780266,2.8596746921539307,0.0,0.0,0.37314340472221375,0.00018658315821085125,0.007002524100244045,0.9578610062599182,0.0,0.0,1.170792818069458,0.3877207934856415,0.02366175688803196,0.4724590480327606,0.02646620199084282,0.9104865789413452,0.26944226026535034,0.007898836396634579,0.0012197488686069846,0.3652118444442749,0.9827151298522949,0.0,0.7745665907859802,0.28635337948799133,0.0004958957433700562,0.018072595819830894,0.0,0.0,0.3495360314846039,0.05078413709998131,0.00010091826698044315,1.2789803743362427,0.0,0.0
51,4,4.725555419921875,0.6815773844718933,25.127784729003906,4.447505950927734,0.5039949417114258,58.13910675048828,0.907590389251709,0.007170205935835838,0.0472869835793972,17.261449813842773,0.0,0.0,0.311918169260025,1.0175114084631787e-06,0.003585344646126032,0.6808232665061951,0.0,0.0,1.1006908416748047,0.3978605270385742,0.017298156395554543,0.2570360600948334,0.014459507539868355,0.46066999435424805,0.28106996417045593,0.014732756651937962,0.0006624757661484182,0.5518179535865784,0.987504243850708,0.0,0.8679324388504028,0.24067570269107819,0.0005764669622294605,0.020185371860861778,0.0,0.0,0.34691596031188965,0.05545293912291527,6.204340024851263e-05,1.2874146699905396,0.0,0.0
52,0,5.718051910400391,0.4853350520133972,35.53858947753906,2.725451946258545,0.6682883501052856,52.399681091308594,0.9927772879600525,0.01709909737110138,0.035833194851875305,12.31004810333252,0.0,0.0,0.28892648220062256,1.0224620154986042e-06,0.0029542858246713877,0.768689751625061,0.0,0.0,0.9798822999000549,0.36296966671943665,0.013298583216965199,0.14148230850696564,0.008366964757442474,0.22903841733932495,0.3008742034435272,0.025227008387446404,0.00040923411143012345,0.778753936290741,0.9949876070022583,0.0,0.9109671711921692,0.23206548392772675,0.0006025955080986023,0.020655211061239243,0.0,0.0,0.34252890944480896,0.055043961852788925,9.127600787905976e-05,1.2688640356063843,0.0,0.0
52,1,1.5786056518554688,0.023806683719158173,24.641096115112305,6.069860935211182,0.501655101776123,46.074546813964844,0.7906845211982727,0.15160399675369263,0.024115338921546936,1.4980270862579346,0.0,0.0,0.3985680639743805,0.00030181295005604625,0.0052803317084908485,1.0011430978775024,0.0,0.0,1.1008929014205933,0.4074077904224396,0.019469527527689934,0.3171718418598175,0.017685381695628166,0.5854071378707886,0.28090518712997437,0.014574650675058365,0.0008026075083762407,0.5120794773101807,0.9831560850143433,0.0,0.7886394262313843,0.2696540057659149,0.0005176651175133884,0.018373806029558182,0.0,0.0,0.34733134508132935,0.05403810366988182,8.034870552364737e-05,1.2823611497879028,0.0,0.0
52,2,4.814055919647217,0.9272704124450684,23.774517059326172,8.415337562561035,0.5009699463844299,43.3021125793457,0.798402726650238,0.02503560483455658,0.05101071298122406,26.254249572753906,0.0,0.0,0.3652268648147583,6.760095129720867e-05,0.003800111124292016,0.5865384340286255,0.0,0.0,1.1291353702545166,0.3519246280193329,0.02089814841747284,0.4124170243740082,0.02123861014842987,0.7788249254226685,0.2765694856643677,0.012340237386524677,0.0009067585342563689,0.48517513275146484,0.9801356792449951,0.0,0.8074812889099121,0.2727488875389099,0.0005186630878597498,0.018809864297509193,0.0,0.0,0.346484899520874,0.05067646503448486,9.891937952488661e-05,1.2800567150115967,0.0,0.0
52,3,1.6831880807876587,0.08220234513282776,32.260719299316406,9.49625301361084,0.40242746472358704,52.99570846557617,0.8567305207252502,0.13644209504127502,0.022575028240680695,2.859628438949585,0.0,0.0,0.37314340472221375,0.0001865532249212265,0.007002814207226038,0.9578610062599182,0.0,0.0,1.1706465482711792,0.3876998722553253,0.023658927530050278,0.47235730290412903,0.02646833471953869,0.9106786847114563,0.26944226026535034,0.007896991446614265,0.0012198099866509438,0.3652118444442749,0.9828905463218689,0.0,0.7744259238243103,0.28641200065612793,0.0004958001081831753,0.018069325014948845,0.0,0.0,0.3495360314846039,0.05079043656587601,0.00010094414028571919,1.2789803743362427,0.0,0.0
52,4,4.725555419921875,0.6815773844718933,25.127784729003906,4.447505950927734,0.5039949417114258,58.13910675048828,0.9075132608413696,0.0071703228168189526,0.047291871160268784,17.262474060058594,0.0,0.0,0.311918169260025,1.0175160696235253e-06,0.003585187019780278,0.6808232665061951,0.0,0.0,1.100816011428833,0.39783409237861633,0.017299404367804527,0.25705990195274353,0.014458565041422844,0.46062707901000977,0.28106996417045593,0.01473405584692955,0.0006624310626648366,0.5518179535865784,0.9874216318130493,0.0,0.8680066466331482,0.24066202342510223,0.0005765148089267313,0.020187199115753174,0.0,0.0,0.34691596031188965,0.05544663965702057,6.20609280304052e-05,1.2874146699905396,0.0,0.0
53,0,5.718051910400391,0.4853350520133972,35.53858947753906,2.725451946258545,0.6682883501052856,52.399681091308594,0.9928039312362671,0.01709950715303421,0.03583281859755516,12.309330940246582,0.0,0.0,0.28892648220062256,1.0224295010630158e-06,0.0029544008430093527,0.768689751625061,0.0,0.0,0.9798108339309692,0.3629758358001709,0.013297938741743565,0.141470804810524,0.00836715754121542,0.22905702888965607,0.3008742034435272,0.025224659591913223,0.00040924412314780056,0.778753936290741,0.9950540065765381,0.0,0.9109877347946167,0.232050821185112,0.0006026123883202672,0.020655618980526924,0.0,0.0,0.34252890944480896,0.055045779794454575,9.12692557903938e-05,1.2688640356063843,0.0,0.0
53,1,1.5786056518554688,0.023806683719158173,24.641096115112305,6.069860935211182,0.501655101776123,46.074546813964844,0.7906522154808044,0.1516008824110031,0.02411598153412342,1.4980663061141968,0.0,0.0,0.3985680639743805,0.00030181335750967264,0.005280076526105404,1.0011430978775024,0.0,0.0,1.1009678840637207,0.40738365054130554,0.019470879808068275,0.31719133257865906,0.017684180289506912,0.5853710174560547,0.28090518712997437,0.014575536362826824,0.0008025497663766146,0.5120794773101807,0.9830918312072754,0.0,0.7886407971382141,0.26966241002082825,0.0005176644772291183,0.018373854458332062,0.0,0.0,0.34733134508132935,0.054036181420087814,8.035143400775269e-05,1.2823611497879028,0.0,0.0
53,2,4.814055919647217,0.9272704124450684,23.774517059326172,8.415337562561035,0.5009699463844299,43.3021125793457,0.7983781099319458,0.025034800171852112,0.051012471318244934,26.25496482849121,0.0,0.0,0.3652268648147583,6.760461837984622e-05,0.0037998659536242485,0.5865384340286255,0.0,0.0,1.1292394399642944,0.35188835859298706,0.020899195224046707,0.41243821382522583,0.02123754844069481,0.7787834405899048,0.2765694856643677,0.012340803630650043,0.000906716741155833,0.48517513275146484,0.9800838232040405,0.0,0.8075072765350342,0.27275294065475464,0.0005186792113818228,0.018810473382472992,0.0,0.0,0.346484899520874,0.0506746880710125,9.892000525724143e-05,1.2800567150115967,0.0,0.0
53,3,1.6831880807876587,0.08220234513282776,32.260719299316406,9.49625301361084,0.40242746472358704,52.99570846557617,0.8566679358482361,0.13643911480903625,0.02257692441344261,2.8597781658172607,0.0,0.0,0.37314340472221375,0.0001865627127699554,0.007002197206020355,0.9578610062599182,0.0,0.0,1.1708629131317139,0.3876357674598694,0.02366229146718979,0.4724234938621521,0.026464860886335373,0.910550057888031,0.26944226026535034,0.007898134179413319,0.001219647703692317,0.3652118444442749,0.9827491044998169,0.0,0.7744470834732056,0.286428838968277,0.0004958098288625479,0.01806984469294548,0.0,0.0,0.3495360314846039,0.050785601139068604,0.0001009547122521326,1.2789803743362427,0.0,0.0
53,4,4.725555419921875,0.6815773844718933,25.127784729003906,4.447505950927734,0.5039949417114258,58.13910675048828,0.9075241684913635,0.007170246448367834,0.047291625291109085,17.26216697692871,0.0,0.0,0.311918169260025,1.0175315310334554e-06,0.0035851006396114826,0.6808232665061951,0.0,0.0,1.10086989402771,0.3978370130062103,0.017299655824899673,0.2570624053478241,0.0144583098590374,0.46062207221984863,0.28106996417045593,0.014734155498445034,0.0006624211673624814,0.5518179535865784,0.9874074459075928,0.0,0.8679884672164917,0.24067386984825134,0.0005765012465417385,0.020186718553304672,0.0,0.0,0.34691596031188965,0.055448759347200394,6.205861427588388e-05,1.2874146699905396,0.0,0.0
54,0,5.718051910400391,0.4853350520133972,35.53858947753906,2.725451946258545,0.6682883501052856,52.399681091308594,0.9928589463233948,0.01710016094148159,0.03583163768053055,12.308722496032715,0.0,0.0,0.28892648220062256,1.02239187071973e-06,0.0029545382130891085,0.768689751625061,0.0,0.0,0.9797546863555908,0.3629894554615021,0.013297077268362045,0.1414600908756256,0.008367577567696571,0.2290743738412857,0.3008742034435272,0.025222625583410263,0.00040926385554485023,0.778753936290741,0.995125949382782,0.0,0.9109741449356079,0.23204980790615082,0.0006026081973686814,0.020655415952205658,0.0,0.0,0.34252890944480896,0.05504618585109711,9.127308294409886e-05,1.2688640356063843,0.0,0.0
54,1,1.5786056518554688,0.023806683719158173,24.641096115112305,6.069860935211182,0.501655101776123,46.074546813964844,0.7906069755554199,0.15159939229488373,0.024116896092891693,1.4980950355529785,0.0,0.0,0.3985680639743805,0.00030181321199052036,0.00527985068038106,1.0011430978775024,0.0,0.0,1.1010172367095947,0.40735384821891785,0.0194721519947052,0.3172071874141693,0.017682990059256554,0.5853418111801147,0.28090518712997437,0.014576193876564503,0.0008024965063668787,0.5120794773101807,0.9830354452133179,0.0,0.7886682152748108,0.2696535885334015,0.0005176799604669213,0.018374431878328323,0.0,0.0,0.34733134508132935,0.054035115987062454,8.03499497123994e-05,1.2823611497879028,0.0,0.0
54,2,4.814055919647217,0.9272704124450684,23.774517059326172,8.415337562561035,0.5009699463844299,43.3021125793457,0.7983392477035522,0.0250342208892107,0.051014676690101624,26.255138397216797,0.0,0.0,0.3652268648147583,6.760795804439113e-05,0.003799693426117301,0.5865384340286255,0.0,0.0,1.1293145418167114,0.35185399651527405,0.020900527015328407,0.412456214427948,0.02123602293431759,0.778748631477356,0.2765694856643677,0.012341252528131008,0.0009066528873518109,0.48517513275146484,0.9800290465354919,0.0,0.8075570464134216,0.27273961901664734,0.0005187112838029861,0.01881159283220768,0.0,0.0,0.346484899520874,0.050672497600317,9.891945956042036e-05,1.2800567150115967,0.0,0.0
54,3,1.6831880807876587,0.08220234513282776,32.260719299316406,9.49625301361084,0.40242746472358704,52.99570846557617,0.8565791845321655,0.13643577694892883,0.022579092532396317,2.859905481338501,0.0,0.0,0.37314340472221375,0.00018657145847100765,0.007001672405749559,0.9578610062599182,0.0,0.0,1.1710178852081299,0.3875619173049927,0.023665500804781914,0.4724714457988739,0.026461156085133553,0.9104567766189575,0.26944226026535034,0.007898875512182713,0.0012194792507216334,0.3652118444442749,0.9826297163963318,0.0,0.7745223045349121,0.28640732169151306,0.0004958538920618594,0.018071534112095833,0.0,0.0,0.3495360314846039,0.05078126862645149,0.00010095836478285491,1.2789803743362427,0.0,0.0
54,4,4.725555419921875,0.6815773844718933,25.127784729003906,4.447505950927734,0.5039949417114258,58.13910675048828,0.9074791669845581,0.007170196622610092,0.047293972223997116,17.26219367980957,0.0,0.0,0.311918169260025,1.0175571105719428e-06,0.00358499214053154,0.6808232665061951,0.0,0.0,1.100950002670288,0.39782416820526123,0.017300596460700035,0.2570740878582001,0.014457418583333492,0.46060094237327576,0.28106996417045593,0.014734741300344467,0.0006623814697377384,0.5518179535865784,0.9873551726341248,0.0,0.8680391311645508,0.24066077172756195,0.0005765337846241891,0.020187783986330032,0.0,0.0,0.34691596031188965,0.05544782057404518,6.20592400082387e-05,1.2874146699905396,0.0,0.0
55,0,5.718051910400391,0.4853350520133972,35.53858947753906,2.725451946258545,0.6682883501052856,52.399681091308594,0.9928562045097351,0.017100084573030472,0.035832881927490234,12.308751106262207,0.0,0.0,0.28892648220062256,1.02242779576045e-06,0.002954551251605153,0.768689751625061,0.0,0.0,0.9797748327255249,0.3629961311817169,0.013297091238200665,0.14146193861961365,0.008367585018277168,0.22907161712646484,0.3008742034435272,0.02522306703031063,0.0004092660965397954,0.778753936290741,0.9951183199882507,0.0,0.9110086560249329,0.2320374697446823,0.0006026336341165006,0.020656203851103783,0.0,0.0,0.34252890944480896,0.055044904351234436,9.127680823439732e-05,1.2688640356063843,0.0,0.0
55,1,1.5786056518554688,0.023806683719158173,24.641096115112305,6.069860935211182,0.501655101776123,46.074546813964844,0.7905856966972351,0.15159937739372253,0.02411688305437565,1.4981019496917725,0.0,0.0,0.3985680639743805,0.0003018048300873488,0.005279789213091135,1.0011430978775024,0.0,0.0,1.1010160446166992,0.40733036398887634,0.01947254128754139,0.31720903515815735,0.017682529985904694,0.5853378176689148,0.28090518712997437,0.014576160348951817,0.0008024729322642088,0.5120794773101807,0.9830228090286255,0.0,0.7886685729026794,0.26965659856796265,0.0005176785634830594,0.01837446726858616,0.0,0.0,0.34733134508132935,0.0540342777967453,8.035214705159888e-05,1.2823611497879028,0.0,0.0
55,2,4.814055919647217,0.9272704124450684,23.774517059326172,8.415337562561035,0.5009699463844299,43.3021125793457,0.7984115481376648,0.025034407153725624,0.05100864917039871,26.25389862060547,0.0,0.0,0.3652268648147583,6.76059935358353e-05,0.0037997611798346043,0.5865384340286255,0.0,0.0,1.1292237043380737,0.3518761396408081,0.020898886024951935,0.4124186336994171,0.021237507462501526,0.778817892074585,0.2765694856643677,0.012340111657977104,0.0009067102801054716,0.48517513275146484,0.9801105856895447,0.0,0.8074674606323242,0.27277645468711853,0.0005186544149182737,0.018809515982866287,0.0,0.0,0.346484899520874,0.050676312297582626,9.891775698633865e-05,1.2800567150115967,0.0,0.0
55,3,1.6831880807876587,0.08220234513282776,32.260719299316406,9.49625301361084,0.40242746472358704,52.99570846557617,0.8565611243247986,0.13643582165241241,0.022578831762075424,2.859950304031372,0.0,0.0,0.37314340472221375,0.00018656588508747518,0.007001484278589487,0.9578610062599182,0.0,0.0,1.1710355281829834,0.3875158727169037,0.02366611734032631,0.47246861457824707,0.02646016888320446,0.9104599952697754,0.26944226026535034,0.00789871346205473,0.001219423022121191,0.3652118444442749,0.9826192259788513,0.0,0.7745158672332764,0.2864193320274353,0.0004958476056344807,0.018071474507451057,0.0,0.0,0.3495360314846039,0.05077933520078659,0.0001009692350635305,1.2789803743362427,0.0,0.0
55,4,4.725555419921875,0.6815773844718933,25.127784729003906,4.447505950927734,0.5039949417114258,58.13910675048828,0.907476544380188,0.007170187309384346,0.047293636947870255,17.26234245300293,0.0,0.0,0.311918169260025,1.0175548368351883e-06,0.0035849192645400763,0.6808232665061951,0.0,0.0,1.1009708642959595,0.3978271484375,0.01730065606534481,0.2570742666721344,0.01445732917636633,0.4606002867221832,0.28106996417045593,0.014734720811247826,0.0006623752415180206,0.5518179535865784,0.9873522520065308,0.0,0.8680349588394165,0.2406655102968216,0.0005765306414104998,0.020187679678201675,0.0,0.0,0.34691596031188965,0.0554480254650116,6.206219404703006e-05,1.2874146699905396,0.0,0.0
56,0,5.718051910400391,0.4853350520133972,35.53858947753906,2.725451946258545,0.6682883501052856,52.399681091308594,0.9928770065307617,0.017099784687161446,0.035832956433296204,12.308536529541016,0.0,0.0,0.28892648220062256,1.0224964626104338e-06,0.002954519120976329,0.768689751625061,0.0,0.0,0.9797913432121277,0.3630087971687317,0.01329713873565197,0.14146147668361664,0.008367549628019333,0.22907251119613647,0.3008742034435272,0.025223074480891228,0.0004092662420589477,0.778753936290741,0.9951176047325134,0.0,0.9110251069068909,0.23202873766422272,0.0006026462651789188,0.020656507462263107,0.0,0.0,0.34252890944480896,0.05504624918103218,9.127050725510344e-05,1.2688640356063843,0.0,0.0
56,1,1.5786056518554688,0.023806683719158173,24.641096115112305,6.069860935211182,0.501655101776123,46.074546813964844,0.7905893921852112,0.15160241723060608,0.02411639131605625,1.4980909824371338,0.0,0.0,0.3985680639743805,0.0003017762501258403,0.005280141718685627,1.0011430978775024,0.0,0.0,1.1009540557861328,0.40733209252357483,0.01947168819606304,0.31720197200775146,0.01768338494002819,0.5853504538536072,0.28090518712997437,0.014575771987438202,0.0008025120478123426,0.5120794773101807,0.9830535650253296,0.0,0.7886326313018799,0.26967498660087585,0.0005176545819267631,0.018373705446720123,0.0,0.0,0.34733134508132935,0.05403471365571022,8.035525388550013e-05,1.2823611497879028,0.0,0.0
56,2,4.814055919647217,0.9272704124450684,23.774517059326172,8.415337562561035,0.5009699463844299,43.3021125793457,0.798467755317688,0.025034764781594276,0.051004841923713684,26.253395080566406,0.0,0.0,0.3652268648147583,6.760191172361374e-05,0.003799918107688427,0.5865384340286255,0.0,0.0,1.129153847694397,0.3518942594528198,0.02089742384850979,0.41239240765571594,0.021238956600427628,0.7788664102554321,0.2765694856643677,0.012339312583208084,0.0009067699429579079,0.48517513275146484,0.9801754951477051,0.0,0.8073965311050415,0.2728061079978943,0.0005186090129427612,0.018807902932167053,0.0,0.0,0.346484899520874,0.05067908391356468,9.89191685221158e-05,1.2800567150115967,0.0,0.0
56,3,1.6831880807876587,0.08220234513282776,32.260719299316406,9.49625301361084,0.40242746472358704,52.99570846557617,0.8566064238548279,0.13644012808799744,0.02257736586034298,2.8599114418029785,0.0,0.0,0.37314340472221375,0.0001865363010438159,0.0070022400468587875,0.9578610062599182,0.0,0.0,1.1709232330322266,0.38752245903015137,0.02366393245756626,0.47243744134902954,0.026462720707058907,0.9105185866355896,0.26944226026535034,0.007898150011897087,0.0012195371091365814,0.3652118444442749,0.9826963543891907,0.0,0.7744244933128357,0.2864665687084198,0.000495788233820349,0.018069466575980186,0.0,0.0,0.3495360314846039,0.05078110098838806,0.00010097718768520281,1.2789803743362427,0.0,0.0
56,4,4.725555419921875,0.6815773844718933,25.127784729003906,4.447505950927734,0.5039949417114258,58.13910675048828,0.9075329899787903,0.007170194759964943,0.047291047871112823,17.26221466064453,0.0,0.0,0.311918169260025,1.0175148190683103e-06,0.0035850119311362505,0.6808232665061951,0.0,0.0,1.1009355783462524,0.39785557985305786,0.017299847677350044,0.2570617198944092,0.014457963407039642,0.46062248945236206,0.28106996417045593,0.014734029769897461,0.0006624034722335637,0.5518179535865784,0.9874000549316406,0.0,0.8679802417755127,0.24068254232406616,0.0005764942616224289,0.02018636092543602,0.0,0.0,0.34691596031188965,0.05545215681195259,6.205820682225749e-05,1.2874146699905396,0.0,0.0
57,0,5.718051910400391,0.4853350520133972,35.53858947753906,2.725451946258545,0.6682883501052856,52.399681091308594,0.9929534196853638,0.01709967665374279,0.035831112414598465,12.30827522277832,0.0,0.0,0.28892648220062256,1.0225231790172984e-06,0.0029545151628553867,0.768689751625061,0.0,0.0,0.9797665476799011,0.36303749680519104,0.013296658173203468,0.14145351946353912,0.00836780946701765,0.22908549010753632,0.3008742034435272,0.025221815332770348,0.0004092790186405182,0.778753936290741,0.9951661229133606,0.0,0.9109864234924316,0.23203226923942566,0.0006026211776770651,0.02065550535917282,0.0,0.0,0.34252890944480896,0.05505123361945152,9.125821088673547e-05,1.2688640356063843,0.0,0.0
57,1,1.5786056518554688,0.023806683719158173,24.641096115112305,6.069860935211182,0.501655101776123,46.074546813964844,0.7905734181404114,0.1516038030385971,0.024116480723023415,1.49807870388031,0.0,0.0,0.3985680639743805,0.0003017609706148505,0.005280356388539076,1.0011430978775024,0.0,0.0,1.100926399230957,0.4073335826396942,0.019471559673547745,0.3172054886817932,0.017683641985058784,0.5853440761566162,0.28090518712997437,0.014575918205082417,0.0008025246206671,0.5120794773101807,0.9830502867698669,0.0,0.7886158227920532,0.26968714594841003,0.0005176441627554595,0.018373390659689903,0.0,0.0,0.34733134508132935,0.054033808410167694,8.035865903366357e-05,1.2823611497879028,0.0,0.0
57,2,4.814055919647217,0.9272704124450684,23.774517059326172,8.415337562561035,0.5009699463844299,43.3021125793457,0.7984848618507385,0.025034883990883827,0.051003798842430115,26.253339767456055,0.0,0.0,0.3652268648147583,6.760073301848024e-05,0.0037999949418008327,0.5865384340286255,0.0,0.0,1.1291234493255615,0.3519001007080078,0.020897045731544495,0.4123845398426056,0.02123931609094143,0.7788810133934021,0.2765694856643677,0.012339088134467602,0.0009067836799658835,0.48517513275146484,0.980194091796875,0.0,0.807372510433197,0.2728163003921509,0.0005185935297049582,0.018807336688041687,0.0,0.0,0.346484899520874,0.05068055912852287,9.891703666653484e-05,1.2800567150115967,0.0,0.0
57,3,1.6831880807876587,0.08220234513282776,32.260719299316406,9.49625301361084,0.40242746472358704,52.99570846557617,0.856613039970398,0.13644303381443024,0.022576767951250076,2.859846830368042,0.0,0.0,0.37314340472221375,0.0001865223457571119,0.0070027257315814495,0.9578610062599182,0.0,0.0,1.17085862159729,0.3875286281108856,0.023663116618990898,0.4724309742450714,0.026463866233825684,0.9105309247970581,0.26944226026535034,0.007898030802607536,0.0012195904273539782,0.3652118444442749,0.9827191829681396,0.0,0.7743706703186035,0.2864983081817627,0.0004957545315846801,0.01806832291185856,0.0,0.0,0.3495360314846039,0.0507812537252903,0.00010098185884999111,1.2789803743362427,0.0,0.0
57,4,4.725555419921875,0.6815773844718933,25.127784729003906,4.447505950927734,0.5039949417114258,58.13910675048828,0.9076042175292969,0.007170179393142462,0.04728790000081062,17.261981964111328,0.0,0.0,0.311918169260025,1.0174983344768407e-06,0.0035850845742970705,0.6808232665061951,0.0,0.0,1.1008875370025635,0.3978908061981201,0.017299000173807144,0.2570461928844452,0.014458606019616127,0.4606502652168274,0.28106996417045593,0.014733203686773777,0.0006624322850257158,0.5518179535865784,0.9874559044837952,0.0,0.8679202198982239,0.2406976968050003,0.0005764542147517204,0.020184865221381187,0.0,0.0,0.34691596031188965,0.05545768514275551,6.205013050930575e-05,1.2874146699905396,0.0,0.0
58,0,5.718051910400391,0.4853350520133972,35.53858947753906,2.725451946258545,0.6682883501052856,52.399681091308594,0.9929842352867126,0.01709972508251667,0.03583064675331116,12.308473587036133,0.0,0.0,0.28892648220062256,1.0225288633591845e-06,0.00295448349788785,0.768689751625061,0.0,0.0,0.9797635078430176,0.36305031180381775,0.013296404853463173,0.14145015180110931,0.008367940783500671,0.22909101843833923,0.3008742034435272,0.02522127702832222,0.0004092852759640664,0.778753936290741,0.9951889514923096,0.0,0.9109757542610168,0.23203186690807343,0.0006026144837960601,0.02065521478652954,0.0,0.0,0.34252890944480896,0.05505315959453583,9.125595533987507e-05,1.2688640356063843,0.0,0.0
58,1,1.5786056518554688,0.023806683719158173,24.641096115112305,6.069860935211182,0.501655101776123,46.074546813964844,0.7905502915382385,0.15160366892814636,0.024117011576890945,1.4980812072753906,0.0,0.0,0.3985680639743805,0.0003017562266904861,0.005280422978103161,1.0011430978775024,0.0,0.0,1.1009351015090942,0.40732476115226746,0.01947193220257759,0.31721389293670654,0.017683416604995728,0.5853286981582642,0.28090518712997437,0.014576300978660583,0.0008025141432881355,0.5120794773101807,0.9830275774002075,0.0,0.7886242270469666,0.26968786120414734,0.0005176498088985682,0.0183736402541399,0.0,0.0,0.34733134508132935,0.054031942039728165,8.036286453716457e-05,1.2823611497879028,0.0,0.0
58,2,4.814055919647217,0.9272704124450684,23.774517059326172,8.415337562561035,0.5009699463844299,43.3021125793457,0.7984416484832764,0.02503471076488495,0.0510069876909256,26.253742218017578,0.0,0.0,0.3652268648147583,6.760229007340968e-05,0.0037999600172042847,0.5865384340286255,0.0,0.0,1.1291826963424683,0.35188066959381104,0.020898496732115746,0.4124097228050232,0.021237919107079506,0.7788339257240295,0.2765694856643677,0.012339876964688301,0.0009067225619219244,0.48517513275146484,0.9801318049430847,0.0,0.8074131011962891,0.27280354499816895,0.000518619257491082,0.018808268010616302,0.0,0.0,0.346484899520874,0.05067816749215126,9.892055095406249e-05,1.2800567150115967,0.0,0.0
58,3,1.6831880807876587,0.08220234513282776,32.260719299316406,9.49625301361084,0.40242746472358704,52.99570846557617,0.8565699458122253,0.1364438533782959,0.022577758878469467,2.8598403930664062,0.0,0.0,0.37314340472221375,0.00018651853315532207,0.007002895697951317,0.9578610062599182,0.0,0.0,1.1708848476409912,0.38750720024108887,0.023663967847824097,0.4724532961845398,0.02646314911544323,0.9104880094528198,0.26944226026535034,0.007898397743701935,0.001219556201249361,0.3652118444442749,0.9826769232749939,0.0,0.7743879556655884,0.2864989638328552,0.0004957654164172709,0.01806880161166191,0.0,0.0,0.3495360314846039,0.050778068602085114,0.00010099189967149869,1.2789803743362427,0.0,0.0
58,4,4.725555419921875,0.6815773844718933,25.127784729003906,4.447505950927734,0.5039949417114258,58.13910675048828,0.907592236995697,0.007170204073190689,0.04728889837861061,17.26213264465332,0.0,0.0,0.311918169260025,1.0174978797294898e-06,0.0035850813146680593,0.6808232665061951,0.0,0.0,1.100911259651184,0.39788973331451416,0.017299359664320946,0.25705060362815857,0.014458300545811653,0.4606424868106842,0.28106996417045593,0.014733482152223587,0.0006624169764108956,0.5518179535865784,0.9874377846717834,0.0,0.867938220500946,0.24069106578826904,0.0005764657980762422,0.02018524333834648,0.0,0.0,0.34691596031188965,0.05545754358172417,6.205092358868569e-05,1.2874146699905396,0.0,0.0
59,0,5.718051910400391,0.4853350520133972,35.53858947753906,2.725451946258545,0.6682883501052856,52.399681091308594,0.9929995536804199,0.017099671065807343,0.0358305387198925,12.308642387390137,0.0,0.0,0.28892648220062256,1.0225420510323602e-06,0.0029544620774686337,0.768689751625061,0.0,0.0,0.979764461517334,0.3630596995353699,0.013296335004270077,0.14144863188266754,0.008367971517145634,0.22909359633922577,0.3008742034435272,0.025221053510904312,0.00040928690577857196,0.778753936290741,0.995198130607605,0.0,0.910973846912384,0.2320297509431839,0.00060261384351179,0.020655140280723572,0.0,0.0,0.34252890944480896,0.05505431815981865,9.12538671400398e-05,1.2688640356063843,0.0,0.0
59,1,1.5786056518554688,0.023806683719158173,24.641096115112305,6.069860935211182,0.501655101776123,46.074546813964844,0.7905408143997192,0.15160280466079712,0.024117229506373405,1.4980835914611816,0.0,0.0,0.3985680639743805,0.00030175555730238557,0.005280418787151575,1.0011430978775024,0.0,0.0,1.1009459495544434,0.4073199927806854,0.019472142681479454,0.31721940636634827,0.017683304846286774,0.5853185653686523,0.28090518712997437,0.014576559886336327,0.0008025093120522797,0.5120794773101807,0.9830137491226196,0.0,0.7886266708374023,0.2696893513202667,0.0005176514387130737,0.018373727798461914,0.0,0.0,0.34733134508132935,0.054030898958444595,8.036555664148182e-05,1.2823611497879028,0.0,0.0
59,2,4.814055919647217,0.9272704124450684,23.774517059326172,8.415337562561035,0.5009699463844299,43.3021125793457,0.7984119653701782,0.02503453567624092,0.05100931599736214,26.254209518432617,0.0,0.0,0.3652268648147583,6.760362884961069e-05,0.003799891797825694,0.5865384340286255,0.0,0.0,1.1292316913604736,0.3518643081188202,0.02089933678507805,0.41242778301239014,0.021237151697278023,0.7788000106811523,0.2765694856643677,0.012340419925749302,0.000906691187992692,0.48517513275146484,0.9800913333892822,0.0,0.8074442148208618,0.272794634103775,0.0005186389316804707,0.018809005618095398,0.0,0.0,0.346484899520874,0.050676122307777405,9.892465459415689e-05,1.2800567150115967,0.0,0.0
59,3,1.6831880807876587,0.08220234513282776,32.260719299316406,9.49625301361084,0.40242746472358704,52.99570846557617,0.8565593957901001,0.13644357025623322,0.022578040137887,2.8598315715789795,0.0,0.0,0.37314340472221375,0.00018651749996934086,0.0070029147900640965,0.9578610062599182,0.0,0.0,1.170902967453003,0.38749629259109497,0.023664185777306557,0.47246336936950684,0.026463089510798454,0.9104683995246887,0.26944226026535034,0.007898564450442791,0.0012195545714348555,0.3652118444442749,0.9826614260673523,0.0,0.7743857502937317,0.2865053713321686,0.0004957636119797826,0.01806880347430706,0.0,0.0,0.3495360314846039,0.05077651888132095,0.00010099870269186795,1.2789803743362427,0.0,0.0
59,4,4.725555419921875,0.6815773844718933,25.127784729003906,4.447505950927734,0.5039949417114258,58.13910675048828,0.9075876474380493,0.0071702077984809875,0.047289397567510605,17.262243270874023,0.0,0.0,0.311918169260025,1.0174989029110293e-06,0.003585061291232705,0.6808232665061951,0.0,0.0,1.1009267568588257,0.3978884518146515,0.01729946956038475,0.257052481174469,0.01445821300148964,0.46063917875289917,0.28106996417045593,0.014733589254319668,0.0006624134839512408,0.5518179535865784,0.9874311089515686,0.0,0.8679476380348206,0.24068807065486908,0.000576471968088299,0.020185446366667747,0.0,0.0,0.34691596031188965,0.0554574690759182,6.205137469805777e-05,1.2874146699905396,0.0,0.0
60,0,5.718051910400391,0.4853350520133972,35.53858947753906,2.725451946258545,0.6682883501052856,52.399681091308594,0.9930048584938049,0.017099637538194656,0.03583076596260071,12.308833122253418,0.0,0.0,0.28892648220062256,1.0225578535028035e-06,0.0029544378630816936,0.768689751625061,0.0,0.0,0.979773223400116,0.36306434869766235,0.013296370394527912,0.14144858717918396,0.008367943577468395,0.2290937602519989,0.3008742034435272,0.025221087038517,0.00040928591624833643,0.778753936290741,0.995197594165802,0.0,0.9109811186790466,0.2320259064435959,0.0006026191986165941,0.02065528742969036,0.0,0.0,0.34252890944480896,0.055054668337106705,9.125327778747305e-05,1.2688640356063843,0.0,0.0
60,1,1.5786056518554688,0.023806683719158173,24.641096115112305,6.069860935211182,0.501655101776123,46.074546813964844,0.7905333042144775,0.15160217881202698,0.0241173654794693,1.4980835914611816,0.0,0.0,0.3985680639743805,0.0003017544513568282,0.005280427169054747,1.0011430978775024,0.0,0.0,1.1009525060653687,0.407315731048584,0.019472239539027214,0.31722313165664673,0.017683278769254684,0.5853116512298584,0.28090518712997437,0.014576729387044907,0.0008025083225220442,0.5120794773101807,0.9830052852630615,0.0,0.7886277437210083,0.26969102025032043,0.0005176522536203265,0.01837378367781639,0.0,0.0,0.34733134508132935,0.05403001606464386,8.036794315557927e-05,1.2823611497879028,0.0,0.0
60,2,4.814055919647217,0.9272704124450684,23.774517059326172,8.415337562561035,0.5009699463844299,43.3021125793457,0.7983907461166382,0.025034386664628983,0.051010943949222565,26.254608154296875,0.0,0.0,0.3652268648147583,6.76044583087787e-05,0.0037998384796082973,0.5865384340286255,0.0,0.0,1.1292665004730225,0.3518507480621338,0.020899849012494087,0.4124400019645691,0.021236680448055267,0.7787768244743347,0.2765694856643677,0.012340761721134186,0.0009066722122952342,0.48517513275146484,0.9800646305084229,0.0,0.8074671030044556,0.27278855443000793,0.00051865354180336,0.018809571862220764,0.0,0.0,0.346484899520874,0.050674472004175186,9.892808884615079e-05,1.2800567150115967,0.0,0.0
60,3,1.6831880807876587,0.08220234513282776,32.260719299316406,9.49625301361084,0.40242746472358704,52.99570846557617,0.8565507531166077,0.13644348084926605,0.022578220814466476,2.859815835952759,0.0,0.0,0.37314340472221375,0.00018651578284334391,0.007002955302596092,0.9578610062599182,0.0,0.0,1.170913577079773,0.38748639822006226,0.02366425096988678,0.4724694490432739,0.02646312490105629,0.9104562401771545,0.26944226026535034,0.007898651994764805,0.0012195567833259702,0.3652118444442749,0.9826527833938599,0.0,0.7743842601776123,0.28651028871536255,0.0004957624478265643,0.018068818375468254,0.0,0.0,0.3495360314846039,0.05077523738145828,0.00010100414510816336,1.2789803743362427,0.0,0.0
60,4,4.725555419921875,0.6815773844718933,25.127784729003906,4.447505950927734,0.5039949417114258,58.13910675048828,0.9075831174850464,0.007170211058109999,0.04728985205292702,17.262311935424805,0.0,0.0,0.311918169260025,1.017499016597867e-06,0.0035850501153618097,0.6808232665061951,0.0,0.0,1.1009411811828613,0.39788684248924255,0.017299599945545197,0.2570543587207794,0.014458104968070984,0.46063584089279175,0.28106996417045593,0.014733690768480301,0.0006624088273383677,0.5518179535865784,0.9874238967895508,0.0,0.8679559826850891,0.2406856268644333,0.0005764773231931031,0.020185627043247223,0.0,0.0,0.34691596031188965,0.05545743927359581,6.205157114891335e-05,1.2874146699905396,0.0,0.0
61,0,5.718051910400391,0.4853350520133972,35.53858947753906,2.725451946258545,0.6682883501052856,52.399681091308594,0.9930087924003601,0.017099598422646523,0.03583093732595444,12.308916091918945,0.0,0.0,0.28892648220062256,1.0225716096101678e-06,0.002954422263428569,0.768689751625061,0.0,0.0,0.9797797203063965,0.3630687892436981,0.013296376913785934,0.1414487063884735,0.008367940783500671,0.22909365594387054,0.3008742034435272,0.025221137329936028,0.00040928632370196283,0.778753936290741,0.9951967597007751,0.0,0.9109854102134705,0.23202350735664368,0.0006026223418302834,0.02065536379814148,0.0,0.0,0.34252890944480896,0.05505511164665222,9.1251713456586e-05,1.2688640356063843,0.0,0.0
61,1,1.5786056518554688,0.023806683719158173,24.641096115112305,6.069860935211182,0.501655101776123,46.074546813964844,0.7905356884002686,0.15160222351551056,0.02411724254488945,1.4980783462524414,0.0,0.0,0.3985680639743805,0.00030175052233971655,0.005280470475554466,1.0011430978775024,0.0,0.0,1.1009458303451538,0.40731650590896606,0.019472165033221245,0.3172227144241333,0.01768338307738304,0.5853123664855957,0.28090518712997437,0.014576707035303116,0.0008025127463042736,0.5120794773101807,0.9830082058906555,0.0,0.7886204719543457,0.2696946859359741,0.0005176474805921316,0.018373634666204453,0.0,0.0,0.34733134508132935,0.0540299192070961,8.036936196731403e-05,1.2823611497879028,0.0,0.0
61,2,4.814055919647217,0.9272704124450684,23.774517059326172,8.415337562561035,0.5009699463844299,43.3021125793457,0.7983853220939636,0.025034405291080475,0.05101150646805763,26.25469398498535,0.0,0.0,0.3652268648147583,6.760463293176144e-05,0.0037998314946889877,0.5865384340286255,0.0,0.0,1.1292787790298462,0.35184693336486816,0.020900024101138115,0.4124447703361511,0.021236544474959373,0.7787678837776184,0.2765694856643677,0.012340902350842953,0.0009066669153980911,0.48517513275146484,0.980055034160614,0.0,0.8074741959571838,0.27278679609298706,0.0005186580820009112,0.01880975067615509,0.0,0.0,0.346484899520874,0.050673872232437134,9.893000969896093e-05,1.2800567150115967,0.0,0.0
61,3,1.6831880807876587,0.08220234513282776,32.260719299316406,9.49625301361084,0.40242746472358704,52.99570846557617,0.8565644025802612,0.13644389808177948,0.022577902302145958,2.859795093536377,0.0,0.0,0.37314340472221375,0.00018651230493560433,0.007003061007708311,0.9578610062599182,0.0,0.0,1.1708983182907104,0.38749000430107117,0.023663882166147232,0.47246530652046204,0.02646363154053688,0.9104641675949097,0.26944226026535034,0.007898587733507156,0.0012195794843137264,0.3652118444442749,0.9826655387878418,0.0,0.7743650078773499,0.28651976585388184,0.0004957501078024507,0.018068397417664528,0.0,0.0,0.3495360314846039,0.05077555775642395,0.00010100682993652299,1.2789803743362427,0.0,0.0
61,4,4.725555419921875,0.6815773844718933,25.127784729003906,4.447505950927734,0.5039949417114258,58.13910675048828,0.9075958728790283,0.0071702091954648495,0.04728947579860687,17.262311935424805,0.0,0.0,0.311918169260025,1.0174976523558144e-06,0.003585056634619832,0.6808232665061951,0.0,0.0,1.100939154624939,0.3978956341743469,0.017299458384513855,0.25705257058143616,0.014458226971328259,0.460639089345932,0.28106996417045593,0.014733619056642056,0.0006624148809351027,0.5518179535865784,0.9874317049980164,0.0,0.867949903011322,0.24068625271320343,0.000576473365072161,0.020185455679893494,0.0,0.0,0.34691596031188965,0.05545855313539505,6.205007230164483e-05,1.2874146699905396,0.0,0.0
62,0,5.718051910400391,0.4853350520133972,35.53858947753906,2.725451946258545,0.6682883501052856,52.399681091308594,0.9930159449577332,0.01709955930709839,0.0358310304582119,12.309001922607422,0.0,0.0,0.28892648220062256,1.0225905953120673e-06,0.002954395953565836,0.768689751625061,0.0,0.0,0.9797905683517456,0.3630726933479309,0.013296430930495262,0.141448512673378,0.008367905393242836,0.2290939837694168,0.3008742034435272,0.025221139192581177,0.00040928504313342273,0.778753936290741,0.9951958656311035,0.0,0.9109877943992615,0.23202171921730042,0.0006026243790984154,0.020655404776334763,0.0,0.0,0.34252890944480896,0.05505548045039177,9.125025098910555e-05,1.2688640356063843,0.0,0.0
62,1,1.5786056518554688,0.023806683719158173,24.641096115112305,6.069860935211182,0.501655101776123,46.074546813964844,0.7905349731445312,0.15160316228866577,0.024117140099406242,1.4980729818344116,0.0,0.0,0.3985680639743805,0.0003017434210050851,0.005280541721731424,1.0011430978775024,0.0,0.0,1.100929856300354,0.4073164463043213,0.019471917301416397,0.31722161173820496,0.017683647572994232,0.5853143334388733,0.28090518712997437,0.014576632529497147,0.0008025254355743527,0.5120794773101807,0.9830154180526733,0.0,0.7886133790016174,0.2696989178657532,0.0005176429986022413,0.01837349496781826,0.0,0.0,0.34733134508132935,0.054029762744903564,8.037085353862494e-05,1.2823611497879028,0.0,0.0
62,2,4.814055919647217,0.9272704124450684,23.774517059326172,8.415337562561035,0.5009699463844299,43.3021125793457,0.7983856797218323,0.02503453753888607,0.051011428236961365,26.25466537475586,0.0,0.0,0.3652268648147583,6.760413089068606e-05,0.003799856873229146,0.5865384340286255,0.0,0.0,1.129273772239685,0.35184451937675476,0.020899934694170952,0.41244426369667053,0.021236632019281387,0.7787685394287109,0.2765694856643677,0.012340870685875416,0.000906670989934355,0.48517513275146484,0.9800572395324707,0.0,0.8074733018875122,0.27278804779052734,0.0005186574999243021,0.018809743225574493,0.0,0.0,0.346484899520874,0.050673745572566986,9.89313775789924e-05,1.2800567150115967,0.0,0.0
62,3,1.6831880807876587,0.08220234513282776,32.260719299316406,9.49625301361084,0.40242746472358704,52.99570846557617,0.8565759062767029,0.13644544780254364,0.022577518597245216,2.8597640991210938,0.0,0.0,0.37314340472221375,0.00018650585843715817,0.007003249134868383,0.9578610062599182,0.0,0.0,1.1708688735961914,0.38749077916145325,0.023663243278861046,0.47245851159095764,0.02646440453827381,0.9104769825935364,0.26944226026535034,0.007898458279669285,0.0012196162715554237,0.3652118444442749,0.9826849102973938,0.0,0.7743446826934814,0.2865307927131653,0.0004957370110787451,0.01806795783340931,0.0,0.0,0.3495360314846039,0.05077580362558365,0.00010100963845616207,1.2789803743362427,0.0,0.0
62,4,4.725555419921875,0.6815773844718933,25.127784729003906,4.447505950927734,0.5039949417114258,58.13910675048828,0.9076067805290222,0.007170205470174551,0.047289103269577026,17.26226234436035,0.0,0.0,0.311918169260025,1.0174960607400863e-06,0.0035850689746439457,0.6808232665061951,0.0,0.0,1.1009385585784912,0.3979014754295349,0.01729934848845005,0.2570509612560272,0.014458308927714825,0.4606419801712036,0.28106996417045593,0.014733534306287766,0.0006624190718866885,0.5518179535865784,0.9874380826950073,0.0,0.8679443001747131,0.2406875342130661,0.0005764695815742016,0.020185301080346107,0.0,0.0,0.34691596031188965,0.05545944720506668,6.204880628501996e-05,1.2874146699905396,0.0,0.0
63,0,5.718051910400391,0.4853350520133972,35.53858947753906,2.725451946258545,0.6682883501052856,52.399681091308594,0.9930157661437988,0.017099536955356598,0.035831425338983536,12.309089660644531,0.0,0.0,0.28892648220062256,1.022602191369515e-06,0.0029543787240982056,0.768689751625061,0.0,0.0,0.9798024296760559,0.36307522654533386,0.013296503573656082,0.14144906401634216,0.00836785789579153,0.22909320890903473,0.3008742034435272,0.025221267715096474,0.0004092832386959344,0.778753936290741,0.9951914548873901,0.0,0.9109976887702942,0.2320178747177124,0.000602631364017725,0.020655591040849686,0.0,0.0,0.34252890944480896,0.05505591258406639,9.124866483034566e-05,1.2688640356063843,0.0,0.0
63,1,1.5786056518554688,0.023806683719158173,24.641096115112305,6.069860935211182,0.501655101776123,46.074546813964844,0.7905346751213074,0.15160417556762695,0.024116987362504005,1.4980703592300415,0.0,0.0,0.3985680639743805,0.00030173928826116025,0.005280576180666685,1.0011430978775024,0.0,0.0,1.1009197235107422,0.40731582045555115,0.01947178691625595,0.31722089648246765,0.01768380030989647,0.5853155255317688,0.28090518712997437,0.01457657665014267,0.000802532653324306,0.5120794773101807,0.9830197095870972,0.0,0.7886050939559937,0.26970359683036804,0.0005176375852897763,0.01837334595620632,0.0,0.0,0.34733134508132935,0.054029375314712524,8.037273801164702e-05,1.2823611497879028,0.0,0.0
63,2,4.814055919647217,0.9272704124450684,23.774517059326172,8.415337562561035,0.5009699463844299,43.3021125793457,0.7983824610710144,0.025034643709659576,0.0510115846991539,26.254703521728516,0.0,0.0,0.3652268648147583,6.760424003005028e-05,0.0037998612970113754,0.5865384340286255,0.0,0.0,1.1292779445648193,0.3518412709236145,0.02089994214475155,0.41244611144065857,0.021236632019281387,0.7787648439407349,0.2765694856643677,0.012340907007455826,0.0009066712809726596,0.48517513275146484,0.9800543785095215,0.0,0.8074766397476196,0.27278831601142883,0.0005186598282307386,0.018809840083122253,0.0,0.0,0.346484899520874,0.050673384219408035,9.893244714476168e-05,1.2800567150115967,0.0,0.0
63,3,1.6831880807876587,0.08220234513282776,32.260719299316406,9.49625301361084,0.40242746472358704,52.99570846557617,0.8565816879272461,0.13644655048847198,0.022577229887247086,2.859745979309082,0.0,0.0,0.37314340472221375,0.00018650329730007797,0.007003334350883961,0.9578610062599182,0.0,0.0,1.1708534955978394,0.3874889612197876,0.023662889376282692,0.47245532274246216,0.02646486647427082,0.91048264503479,0.26944226026535034,0.007898387499153614,0.0012196374591439962,0.3652118444442749,0.9826949834823608,0.0,0.7743277549743652,0.2865413725376129,0.0004957261844538152,0.018067626282572746,0.0,0.0,0.3495360314846039,0.050775300711393356,0.00010101358930114657,1.2789803743362427,0.0,0.0
63,4,4.725555419921875,0.6815773844718933,25.127784729003906,4.447505950927734,0.5039949417114258,58.13910675048828,0.9076141119003296,0.007170204538851976,0.047288909554481506,17.262237548828125,0.0,0.0,0.311918169260025,1.0174973112953012e-06,0.0035850685089826584,0.6808232665061951,0.0,0.0,1.100942611694336,0.3979053497314453,0.01729927770793438,0.25705021619796753,0.014458357356488705,0.4606432616710663,0.28106996417045593,0.014733494259417057,0.0006624216912314296,0.5518179535865784,0.9874412417411804,0.0,0.867942750453949,0.240687757730484,0.0005764685920439661,0.02018524333834648,0.0,0.0,0.34691596031188965,0.055460091680288315,6.204781675478444e-05,1.2874146699905396,0.0,0.0
64,0,5.718051910400391,0.4853350520133972,35.53858947753906,2.725451946258545,0.6682883501052856,52.399681091308594,0.9930306077003479,0.017099544405937195,0.03583121299743652,12.309082984924316,0.0,0.0,0.28892648220062256,1.022611513690208e-06,0.002954372437670827,0.768689751625061,0.0,0.0,0.9797996282577515,0.3630790114402771,0.013296389020979404,0.14144693315029144,0.008367905393242836,0.22909671068191528,0.3008742034435272,0.025220878422260284,0.0004092860908713192,0.778753936290741,0.99520343542099,0.0,0.9109993577003479,0.23201556503772736,0.0006026331684552133,0.02065560594201088,0.0,0.0,0.34252890944480896,0.0550568550825119,9.124538337346166e-05,1.2688640356063843,0.0,0.0
64,1,1.5786056518554688,0.023806683719158173,24.641096115112305,6.069860935211182,0.501655101776123,46.074546813964844,0.7905348539352417,0.1516057550907135,0.02411678247153759,1.4980629682540894,0.0,0.0,0.3985680639743805,0.00030173349659889936,0.0052806236781179905,1.0011430978775024,0.0,0.0,1.100906491279602,0.4073179364204407,0.01947171427309513,0.3172200322151184,0.017683887854218483,0.585317075252533,0.28090518712997437,0.01457652635872364,0.0008025360875762999,0.5120794773101807,0.9830229878425598,0.0,0.788590669631958,0.26971113681793213,0.0005176282720640302,0.0183730348944664,0.0,0.0,0.34733134508132935,0.05402955040335655,8.037342922762036e-05,1.2823611497879028,0.0,0.0
64,2,4.814055919647217,0.9272704124450684,23.774517059326172,8.415337562561035,0.5009699463844299,43.3021125793457,0.7983923554420471,0.025034813210368156,0.05101088806986809,26.254579544067383,0.0,0.0,0.3652268648147583,6.760392716387287e-05,0.0037998801562935114,0.5865384340286255,0.0,0.0,1.1292674541473389,0.35184144973754883,0.020899655297398567,0.4124414026737213,0.021236898377537727,0.778773307800293,0.2765694856643677,0.012340737506747246,0.0009066826314665377,0.48517513275146484,0.9800658226013184,0.0,0.8074668645858765,0.27279382944107056,0.0005186536000110209,0.01880963146686554,0.0,0.0,0.346484899520874,0.05067376419901848,9.893259266391397e-05,1.2800567150115967,0.0,0.0
64,3,1.6831880807876587,0.08220234513282776,32.260719299316406,9.49625301361084,0.40242746472358704,52.99570846557617,0.856598973274231,0.13644705712795258,0.022576695308089256,2.859710693359375,0.0,0.0,0.37314340472221375,0.00018650104175321758,0.007003407925367355,0.9578610062599182,0.0,0.0,1.170838713645935,0.38749200105667114,0.023662574589252472,0.4724503457546234,0.026465285569429398,0.9104917645454407,0.26944226026535034,0.007898303680121899,0.0012196559691801667,0.3652118444442749,0.9827069044113159,0.0,0.7742959260940552,0.28655943274497986,0.0004957056371495128,0.018066931515932083,0.0,0.0,0.3495360314846039,0.05077563226222992,0.00010101551015395671,1.2789803743362427,0.0,0.0
64,4,4.725555419921875,0.6815773844718933,25.127784729003906,4.447505950927734,0.5039949417114258,58.13910675048828,0.907649576663971,0.007170175202190876,0.04728729650378227,17.262048721313477,0.0,0.0,0.311918169260025,1.0174983344768407e-06,0.0035850838758051395,0.6808232665061951,0.0,0.0,1.1009266376495361,0.39792031049728394,0.0172988623380661,0.2570435106754303,0.014458684250712395,0.460655152797699,0.28106996417045593,0.01473312545567751,0.0006624372326768935,0.5518179535865784,0.9874661564826965,0.0,0.8679115176200867,0.2406977117061615,0.0005764476372860372,0.020184479653835297,0.0,0.0,0.34691596031188965,0.05546252802014351,6.204465171322227e-05,1.2874146699905396,0.0,0.0
65,0,5.718051910400391,0.4853350520133972,35.53858947753906,2.725451946258545,0.6682883501052856,52.399681091308594,0.9930440187454224,0.01709948480129242,0.03583110496401787,12.309185028076172,0.0,0.0,0.28892648220062256,1.0226273161606514e-06,0.0029543577693402767,0.768689751625061,0.0,0.0,0.9798019528388977,0.36308562755584717,0.013296326622366905,0.141446053981781,0.008367943577468395,0.22909820079803467,0.3008742034435272,0.025220779702067375,0.0004092884191777557,0.778753936290741,0.9952095150947571,0.0,0.9109984636306763,0.23201407492160797,0.0006026331102475524,0.020655557513237,0.0,0.0,0.34252890944480896,0.055057745426893234,9.124397911364213e-05,1.2688640356063843,0.0,0.0
65,1,1.5786056518554688,0.023806683719158173,24.641096115112305,6.069860935211182,0.501655101776123,46.074546813964844,0.7905291318893433,0.15160711109638214,0.024116773158311844,1.4980589151382446,0.0,0.0,0.3985680639743805,0.0003017289564013481,0.00528066186234355,1.0011430978775024,0.0,0.0,1.1009000539779663,0.4073159694671631,0.019471749663352966,0.31722092628479004,0.017683884128928185,0.5853153467178345,0.28090518712997437,0.014576544985175133,0.0008025353890843689,0.5120794773101807,0.9830207228660583,0.0,0.7885847091674805,0.26971548795700073,0.000517624372150749,0.018372923135757446,0.0,0.0,0.34733134508132935,0.0540292002260685,8.037474617594853e-05,1.2823611497879028,0.0,0.0
65,2,4.814055919647217,0.9272704124450684,23.774517059326172,8.415337562561035,0.5009699463844299,43.3021125793457,0.7983893156051636,0.02503494918346405,0.05101100727915764,26.254549026489258,0.0,0.0,0.3652268648147583,6.760391988791525e-05,0.0037998887710273266,0.5865384340286255,0.0,0.0,1.129270315170288,0.3518378734588623,0.020899780094623566,0.4124428629875183,0.021236756816506386,0.778770387172699,0.2765694856643677,0.012340767309069633,0.0009066759957931936,0.48517513275146484,0.9800611138343811,0.0,0.8074675798416138,0.27279525995254517,0.0005186540074646473,0.01880965568125248,0.0,0.0,0.346484899520874,0.05067354440689087,9.893319656839594e-05,1.2800567150115967,0.0,0.0
65,3,1.6831880807876587,0.08220234513282776,32.260719299316406,9.49625301361084,0.40242746472358704,52.99570846557617,0.8565964698791504,0.13644762337207794,0.022576654329895973,2.859689712524414,0.0,0.0,0.37314340472221375,0.00018649887351784855,0.007003474049270153,0.9578610062599182,0.0,0.0,1.1708366870880127,0.38748690485954285,0.0236626248806715,0.4724518656730652,0.0264652818441391,0.9104883670806885,0.26944226026535034,0.007898317649960518,0.001219654455780983,0.3652118444442749,0.9827041029930115,0.0,0.7742847204208374,0.28656864166259766,0.0004956983029842377,0.018066707998514175,0.0,0.0,0.3495360314846039,0.05077506974339485,0.0001010187334031798,1.2789803743362427,0.0,0.0
65,4,4.725555419921875,0.6815773844718933,25.127784729003906,4.447505950927734,0.5039949417114258,58.13910675048828,0.9076648950576782,0.007170167751610279,0.047286707907915115,17.26197052001953,0.0,0.0,0.311918169260025,1.0174983344768407e-06,0.0035850952845066786,0.6808232665061951,0.0,0.0,1.1009241342544556,0.3979279696941376,0.017298728227615356,0.25704091787338257,0.014458783902227879,0.4606597423553467,0.28106996417045593,0.014732993207871914,0.0006624417728744447,0.5518179535865784,0.9874753355979919,0.0,0.8679012656211853,0.24070051312446594,0.0005764406523667276,0.020184213295578957,0.0,0.0,0.34691596031188965,0.055463675409555435,6.204341480042785e-05,1.2874146699905396,0.0,0.0
66,0,5.718051910400391,0.4853350520133972,35.53858947753906,2.725451946258545,0.6682883501052856,52.399681091308594,0.9930511116981506,0.01709950715303421,0.03583120182156563,12.309301376342773,0.0,0.0,0.28892648220062256,1.0226349331787787e-06,0.0029543424025177956,0.768689751625061,0.0,0.0,0.9798067808151245,0.3630915880203247,0.013296308927237988,0.14144590497016907,0.008367959409952164,0.22909852862358093,0.3008742034435272,0.025220809504389763,0.00040928952512331307,0.778753936290741,0.9952114820480347,0.0,0.9109992980957031,0.2320125699043274,0.0006026342161931098,0.020655566826462746,0.0,0.0,0.34252890944480896,0.05505812540650368,9.124403004534543e-05,1.2688640356063843,0.0,0.0
66,1,1.5786056518554688,0.023806683719158173,24.641096115112305,6.069860935211182,0.501655101776123,46.074546813964844,0.7905241847038269,0.15160836279392242,0.024116775020956993,1.4980570077896118,0.0,0.0,0.3985680639743805,0.0003017244744114578,0.005280683748424053,1.0011430978775024,0.0,0.0,1.1008962392807007,0.4073127508163452,0.019471801817417145,0.3172210454940796,0.017683839425444603,0.5853150486946106,0.28090518712997437,0.014576522633433342,0.0008025324204936624,0.5120794773101807,0.9830194711685181,0.0,0.7885817289352417,0.26971811056137085,0.0005176224512979388,0.018372876569628716,0.0,0.0,0.34733134508132935,0.05402889475226402,8.037622319534421e-05,1.2823611497879028,0.0,0.0
66,2,4.814055919647217,0.9272704124450684,23.774517059326172,8.415337562561035,0.5009699463844299,43.3021125793457,0.7983847260475159,0.025035088881850243,0.05101139843463898,26.25452995300293,0.0,0.0,0.3652268648147583,6.760410906281322e-05,0.003799889236688614,0.5865384340286255,0.0,0.0,1.1292846202850342,0.3518333435058594,0.020900052040815353,0.41244685649871826,0.021236477419734,0.778762698173523,0.2765694856643677,0.012340874411165714,0.0009066634811460972,0.48517513275146484,0.9800502061843872,0.0,0.807470977306366,0.27279606461524963,0.0005186561029404402,0.018809743225574493,0.0,0.0,0.346484899520874,0.050673019140958786,9.893524111248553e-05,1.2800567150115967,0.0,0.0
66,3,1.6831880807876587,0.08220234513282776,32.260719299316406,9.49625301361084,0.40242746472358704,52.99570846557617,0.8565931916236877,0.13644810020923615,0.02257670648396015,2.8596789836883545,0.0,0.0,0.37314340472221375,0.0001864975201897323,0.007003503385931253,0.9578610062599182,0.0,0.0,1.1708452701568604,0.38748040795326233,0.02366284653544426,0.47245436906814575,0.02646506018936634,0.910483181476593,0.26944226026535034,0.007898351177573204,0.0012196414172649384,0.3652118444442749,0.9826972484588623,0.0,0.7742764353752136,0.28657618165016174,0.0004956925404258072,0.018066544085741043,0.0,0.0,0.3495360314846039,0.050774335861206055,0.0001010237610898912,1.2789803743362427,0.0,0.0
66,4,4.725555419921875,0.6815773844718933,25.127784729003906,4.447505950927734,0.5039949417114258,58.13910675048828,0.9076651930809021,0.007170161698013544,0.047286901623010635,17.261943817138672,0.0,0.0,0.311918169260025,1.017502654576674e-06,0.0035850917920470238,0.6808232665061951,0.0,0.0,1.100937843322754,0.3979286551475525,0.017298847436904907,0.2570422291755676,0.014458676800131798,0.46065738797187805,0.28106996417045593,0.014733074232935905,0.0006624369998462498,0.5518179535865784,0.987469494342804,0.0,0.8679059147834778,0.24069921672344208,0.0005764436209574342,0.02018430270254612,0.0,0.0,0.34691596031188965,0.05546373128890991,6.204383680596948e-05,1.2874146699905396,0.0,0.0
67,0,5.718051910400391,0.4853350520133972,35.53858947753906,2.725451946258545,0.6682883501052856,52.399681091308594,0.9930599927902222,0.017099399119615555,0.03583119064569473,12.309436798095703,0.0,0.0,0.28892648220062256,1.022651531457086e-06,0.002954322611913085,0.768689751625061,0.0,0.0,0.9798092246055603,0.3630976676940918,0.01329626701772213,0.14144545793533325,0.008367984555661678,0.2290993183851242,0.3008742034435272,0.025220775976777077,0.0004092912713531405,0.778753936290741,0.9952150583267212,0.0,0.9109999537467957,0.2320111095905304,0.0006026351475156844,0.0206555537879467,0.0,0.0,0.34252890944480896,0.05505892634391785,9.124297503149137e-05,1.2688640356063843,0.0,0.0
67,1,1.5786056518554688,0.023806683719158173,24.641096115112305,6.069860935211182,0.501655101776123,46.074546813964844,0.7905165553092957,0.15160904824733734,0.02411683462560177,1.498053789138794,0.0,0.0,0.3985680639743805,0.0003017212147824466,0.005280689802020788,1.0011430978775024,0.0,0.0,1.100895643234253,0.40730881690979004,0.019471948966383934,0.31722280383110046,0.01768372766673565,0.585311770439148,0.28090518712997437,0.01457658689469099,0.0008025265415199101,0.5120794773101807,0.9830133318901062,0.0,0.7885788679122925,0.26972106099128723,0.0005176205886527896,0.018372831866145134,0.0,0.0,0.34733134508132935,0.05402842536568642,8.037751831579953e-05,1.2823611497879028,0.0,0.0
67,2,4.814055919647217,0.9272704124450684,23.774517059326172,8.415337562561035,0.5009699463844299,43.3021125793457,0.7983923554420471,0.02503514103591442,0.051010895520448685,26.254379272460938,0.0,0.0,0.3652268648147583,6.760412361472845e-05,0.0037998908665031195,0.5865384340286255,0.0,0.0,1.1292840242385864,0.35183456540107727,0.020900044590234756,0.41244539618492126,0.021236496046185493,0.7787652015686035,0.2765694856643677,0.012340839952230453,0.000906662957277149,0.48517513275146484,0.980052649974823,0.0,0.8074579238891602,0.27280324697494507,0.0005186478374525905,0.018809450790286064,0.0,0.0,0.346484899520874,0.050673164427280426,9.89367690635845e-05,1.2800567150115967,0.0,0.0
67,3,1.6831880807876587,0.08220234513282776,32.260719299316406,9.49625301361084,0.40242746472358704,52.99570846557617,0.8565831184387207,0.13644784688949585,0.02257690392434597,2.859666109085083,0.0,0.0,0.37314340472221375,0.00018649690900929272,0.0070035019889473915,0.9578610062599182,0.0,0.0,1.170863151550293,0.38747143745422363,0.02366323210299015,0.4724617898464203,0.026464710012078285,0.910468578338623,0.26944226026535034,0.007898472249507904,0.0012196232564747334,0.3652118444442749,0.9826817512512207,0.0,0.7742711305618286,0.28658396005630493,0.0004956887569278479,0.018066460266709328,0.0,0.0,0.3495360314846039,0.05077309533953667,0.00010102910164278,1.2789803743362427,0.0,0.0
67,4,4.725555419921875,0.6815773844718933,25.127784729003906,4.447505950927734,0.5039949417114258,58.13910675048828,0.9076769948005676,0.007170152384787798,0.047286465764045715,17.261898040771484,0.0,0.0,0.311918169260025,1.0175020861424855e-06,0.003585096448659897,0.6808232665061951,0.0,0.0,1.10094153881073,0.39793381094932556,0.017298797145485878,0.2570405602455139,0.014458714984357357,0.46066030859947205,0.28106996417045593,0.014732996001839638,0.0006624383386224508,0.5518179535865784,0.9874745607376099,0.0,0.8678967952728271,0.240702286362648,0.0005764372763223946,0.020184073597192764,0.0,0.0,0.34691596031188965,0.05546439811587334,6.204391684150323e-05,1.2874146699905396,0.0,0.0
68,0,5.718051910400391,0.4853350520133972,35.53858947753906,2.725451946258545,0.6682883501052856,52.399681091308594,0.993057131767273,0.017099320888519287,0.035831648856401443,12.309667587280273,0.0,0.0,0.28892648220062256,1.0226676749880426e-06,0.00295428978279233,0.768689751625061,0.0,0.0,0.9798212051391602,0.36310112476348877,0.013296359218657017,0.14144675433635712,0.008367935195565224,0.22909732162952423,0.3008742034435272,0.025221087038517,0.0004092893796041608,0.778753936290741,0.9952077269554138,0.0,0.9110111594200134,0.2320067435503006,0.0006026430055499077,0.020655788481235504,0.0,0.0,0.34252890944480896,0.055058907717466354,9.124392090598121e-05,1.2688640356063843,0.0,0.0
68,1,1.5786056518554688,0.023806683719158173,24.641096115112305,6.069860935211182,0.501655101776123,46.074546813964844,0.7905094027519226,0.15160992741584778,0.02411685325205326,1.4980531930923462,0.0,0.0,0.3985680639743805,0.0003017175476998091,0.005280687473714352,1.0011430978775024,0.0,0.0,1.1008965969085693,0.4073043167591095,0.019472135230898857,0.31722375750541687,0.01768355257809162,0.5853099226951599,0.28090518712997437,0.014576609246432781,0.0008025163551792502,0.5120794773101807,0.9830078482627869,0.0,0.7885758280754089,0.2697238624095917,0.0005176186095923185,0.018372783437371254,0.0,0.0,0.34733134508132935,0.05402804911136627,8.03790899226442e-05,1.2823611497879028,0.0,0.0
68,2,4.814055919647217,0.9272704124450684,23.774517059326172,8.415337562561035,0.5009699463844299,43.3021125793457,0.7983947396278381,0.025035230442881584,0.05101073160767555,26.25433921813965,0.0,0.0,0.3652268648147583,6.760413089068606e-05,0.0037998820189386606,0.5865384340286255,0.0,0.0,1.1292883157730103,0.3518321216106415,0.020900115370750427,0.4124452471733093,0.021236421540379524,0.7787652015686035,0.2765694856643677,0.012340824119746685,0.0009066589409485459,0.48517513275146484,0.9800513982772827,0.0,0.8074541687965393,0.27280640602111816,0.0005186455091461539,0.018809376284480095,0.0,0.0,0.346484899520874,0.050673194229602814,9.893750393530354e-05,1.2800567150115967,0.0,0.0
68,3,1.6831880807876587,0.08220234513282776,32.260719299316406,9.49625301361084,0.40242746472358704,52.99570846557617,0.8565685749053955,0.13644778728485107,0.02257716655731201,2.8596653938293457,0.0,0.0,0.37314340472221375,0.00018649635603651404,0.007003467530012131,0.9578610062599182,0.0,0.0,1.1708869934082031,0.3874581456184387,0.02366379089653492,0.47246888279914856,0.026464121416211128,0.9104543924331665,0.26944226026535034,0.007898579351603985,0.0012195910094305873,0.3652118444442749,0.9826635718345642,0.0,0.7742727994918823,0.2865878641605377,0.0004956895136274397,0.018066542223095894,0.0,0.0,0.3495360314846039,0.05077173933386803,0.00010103522072313353,1.2789803743362427,0.0,0.0
68,4,4.725555419921875,0.6815773844718933,25.127784729003906,4.447505950927734,0.5039949417114258,58.13910675048828,0.9076735377311707,0.007170144468545914,0.04728679358959198,17.26202964782715,0.0,0.0,0.311918169260025,1.0175052693739417e-06,0.0035850745625793934,0.6808232665061951,0.0,0.0,1.1009583473205566,0.39793360233306885,0.01729895919561386,0.25704243779182434,0.014458585530519485,0.4606569707393646,0.28106996417045593,0.01473310962319374,0.0006624318775720894,0.5518179535865784,0.9874666929244995,0.0,0.8679037690162659,0.24070027470588684,0.0005764419329352677,0.02018423192203045,0.0,0.0,0.34691596031188965,0.0554642453789711,6.204509554663673e-05,1.2874146699905396,0.0,0.0
69,0,5.718051910400391,0.4853350520133972,35.53858947753906,2.725451946258545,0.6682883501052856,52.399681091308594,0.9930488467216492,0.017098914831876755,0.03583228215575218,12.309911727905273,0.0,0.0,0.28892648220062256,1.022712012854754e-06,0.002954251365736127,0.768689751625061,0.0,0.0,0.979841947555542,0.36310306191444397,0.013296539895236492,0.14144960045814514,0.008367849513888359,0.22909285128116608,0.3008742034435272,0.025221670046448708,0.00040928632370196283,0.778753936290741,0.9951907396316528,0.0,0.9110260605812073,0.23200224339962006,0.0006026535993441939,0.02065611071884632,0.0,0.0,0.34252890944480896,0.055058643221855164,9.124477219302207e-05,1.2688640356063843,0.0,0.0
69,1,1.5786056518554688,0.023806683719158173,24.641096115112305,6.069860935211182,0.501655101776123,46.074546813964844,0.7905019521713257,0.1516103595495224,0.02411690540611744,1.4980549812316895,0.0,0.0,0.3985680639743805,0.0003017147828359157,0.005280688405036926,1.0011430978775024,0.0,0.0,1.1008987426757812,0.4073008894920349,0.01947231963276863,0.31722623109817505,0.017683418467640877,0.5853053331375122,0.28090518712997437,0.014576714485883713,0.0008025092538446188,0.5120794773101807,0.9830001592636108,0.0,0.7885738015174866,0.2697259485721588,0.0005176171544007957,0.018372761085629463,0.0,0.0,0.34733134508132935,0.05402757227420807,8.038110536290333e-05,1.2823611497879028,0.0,0.0
69,2,4.814055919647217,0.9272704124450684,23.774517059326172,8.415337562561035,0.5009699463844299,43.3021125793457,0.7983998656272888,0.02503536269068718,0.05101054534316063,26.2542781829834,0.0,0.0,0.3652268648147583,6.760350515833125e-05,0.0037998820189386606,0.5865384340286255,0.0,0.0,1.129290223121643,0.3518299162387848,0.02090003527700901,0.4124428331851959,0.021236486732959747,0.7787694931030273,0.2765694856643677,0.012340725399553776,0.0009066609782166779,0.48517513275146484,0.9800561666488647,0.0,0.8074498772621155,0.27280956506729126,0.0005186427151784301,0.018809298053383827,0.0,0.0,0.346484899520874,0.050673022866249084,9.893954120343551e-05,1.2800567150115967,0.0,0.0
69,3,1.6831880807876587,0.08220234513282776,32.260719299316406,9.49625301361084,0.40242746472358704,52.99570846557617,0.8565666079521179,0.13644801080226898,0.0225771926343441,2.859659194946289,0.0,0.0,0.37314340472221375,0.0001864937221398577,0.007003475911915302,0.9578610062599182,0.0,0.0,1.1708974838256836,0.38745051622390747,0.023663945496082306,0.472471684217453,0.026464007794857025,0.9104485511779785,0.26944226026535034,0.007898611016571522,0.001219583093188703,0.3652118444442749,0.9826580286026001,0.0,0.7742649912834167,0.2865951955318451,0.0004956842749379575,0.018066411837935448,0.0,0.0,0.3495360314846039,0.05077068880200386,0.0001010415144264698,1.2789803743362427,0.0,0.0
69,4,4.725555419921875,0.6815773844718933,25.127784729003906,4.447505950927734,0.5039949417114258,58.13910675048828,0.9076793193817139,0.00717015378177166,0.04728678986430168,17.26214599609375,0.0,0.0,0.311918169260025,1.0174968565479503e-06,0.003585063386708498,0.6808232665061951,0.0,0.0,1.1009671688079834,0.3979354500770569,0.017298927530646324,0.2570413053035736,0.014458592049777508,0.4606589674949646,0.28106996417045593,0.014733037911355495,0.0006624317611567676,0.5518179535865784,0.9874699711799622,0.0,0.8679040670394897,0.24070017039775848,0.0005764419329352677,0.020184222608804703,0.0,0.0,0.34691596031188965,0.055464524775743484,6.20452847215347e-05,1.2874146699905396,0.0,0.0
70,0,5.718051910400391,0.4853350520133972,35.53858947753906,2.725451946258545,0.6682883501052856,52.399681091308594,0.9930493831634521,0.01709883101284504,0.03583267331123352,12.310074806213379,0.0,0.0,0.28892648220062256,1.0227313396171667e-06,0.002954236464574933,0.768689751625061,0.0,0.0,0.9798539876937866,0.36310848593711853,0.013296587392687798,0.14145131409168243,0.008367843925952911,0.22909015417099,0.3008742034435272,0.025222048163414,0.0004092867602594197,0.778753936290741,0.9951826930046082,0.0,0.9110314846038818,0.23200000822544098,0.0006026577320881188,0.020656229928135872,0.0,0.0,0.34252890944480896,0.05505859851837158,9.124588541453704e-05,1.2688640356063843,0.0,0.0
70,1,1.5786056518554688,0.023806683719158173,24.641096115112305,6.069860935211182,0.501655101776123,46.074546813964844,0.790494441986084,0.151611328125,0.024116938933730125,1.4980552196502686,0.0,0.0,0.3985680639743805,0.000301710853818804,0.005280683282762766,1.0011430978775024,0.0,0.0,1.1008940935134888,0.4072939455509186,0.01947236806154251,0.31722596287727356,0.017683357000350952,0.5853056311607361,0.28090518712997437,0.01457665953785181,0.0008025058195926249,0.5120794773101807,0.9829995036125183,0.0,0.7885773777961731,0.2697252035140991,0.0005176193080842495,0.01837286166846752,0.0,0.0,0.34733134508132935,0.05402708426117897,8.038257510634139e-05,1.2823611497879028,0.0,0.0
70,2,4.814055919647217,0.9272704124450684,23.774517059326172,8.415337562561035,0.5009699463844299,43.3021125793457,0.7983977794647217,0.025035450235009193,0.05101064592599869,26.254152297973633,0.0,0.0,0.3652268648147583,6.760360702173784e-05,0.0037998792249709368,0.5865384340286255,0.0,0.0,1.1292965412139893,0.35182517766952515,0.02090020477771759,0.41244375705718994,0.02123628556728363,0.7787675261497498,0.2765694856643677,0.012340737506747246,0.0009066511993296444,0.48517513275146484,0.9800512790679932,0.0,0.8074510097503662,0.27281084656715393,0.000518643471878022,0.018809331580996513,0.0,0.0,0.346484899520874,0.05067254602909088,9.894154209177941e-05,1.2800567150115967,0.0,0.0
70,3,1.6831880807876587,0.08220234513282776,32.260719299316406,9.49625301361084,0.40242746472358704,52.99570846557617,0.8565557599067688,0.13644921779632568,0.02257734164595604,2.8596460819244385,0.0,0.0,0.37314340472221375,0.00018649155390448868,0.007003487087786198,0.9578610062599182,0.0,0.0,1.1709049940109253,0.38743504881858826,0.023664170876145363,0.47247278690338135,0.026463720947504044,0.9104459285736084,0.26944226026535034,0.00789859239012003,0.001219567726366222,0.3652118444442749,0.9826520085334778,0.0,0.7742710113525391,0.2865958511829376,0.0004956877673976123,0.018066585063934326,0.0,0.0,0.3495360314846039,0.05076942965388298,0.00010104692773893476,1.2789803743362427,0.0,0.0
70,4,4.725555419921875,0.6815773844718933,25.127784729003906,4.447505950927734,0.5039949417114258,58.13910675048828,0.9076738357543945,0.007170143537223339,0.047287218272686005,17.2622127532959,0.0,0.0,0.311918169260025,1.0174984481636784e-06,0.0035850447602570057,0.6808232665061951,0.0,0.0,1.100985050201416,0.39793339371681213,0.01729913242161274,0.2570432424545288,0.014458402059972286,0.4606555104255676,0.28106996417045593,0.0147331478074193,0.0006624223897233605,0.5518179535865784,0.9874606728553772,0.0,0.8679119944572449,0.2406982183456421,0.0005764469970017672,0.020184392109513283,0.0,0.0,0.34691596031188965,0.05546421930193901,6.204623059602454e-05,1.2874146699905396,0.0,0.0
