epoch,region,xs_idx,min,max,mean,std,frac_at_lower_clip,frac_at_upper_clip
1,CR,0,-0.11476,-0.00365,-0.04051,0.02037,0.000,0.000
1,CR,1,-0.08336,0.10420,0.00738,0.04088,0.000,0.000
1,CR,2,-0.00145,0.07770,0.03279,0.01572,0.000,0.000
1,CR,3,-0.03914,0.21608,0.06488,0.05232,0.000,0.000
1,CR,4,0.00000,0.00000,0.00000,0.00000,0.000,0.000
1,CR,5,0.00000,0.00000,0.00000,0.00000,0.000,0.000
1,CR,6,0.00000,0.00000,0.00000,0.00000,0.000,0.000
1,CR,7,-0.17819,0.07698,-0.02420,0.05504,0.000,0.000
1,CR,8,-0.09125,0.05150,-0.01266,0.03213,0.000,0.000
1,CR,9,0.00000,0.00000,0.00000,0.00000,0.000,0.000
1,CR,10,0.00000,0.00000,0.00000,0.00000,0.000,0.000
1,CR,11,0.00000,0.00000,0.00000,0.00000,0.000,0.000
1,Core,0,-0.03657,0.03585,0.00353,0.01816,0.000,0.000
1,Core,1,-0.06375,0.11307,-0.01161,0.02830,0.000,0.000
1,Core,2,-0.02018,0.04282,0.01253,0.01423,0.000,0.000
1,Core,3,0.00210,0.03583,0.01662,0.00649,0.000,0.000
1,Core,4,-0.03151,0.02485,-0.00728,0.01260,0.000,0.000
1,Core,5,-0.03102,-0.00017,-0.01505,0.00593,0.000,0.000
1,Core,6,0.00000,0.00000,0.00000,0.00000,0.000,0.000
1,Core,7,0.00286,0.06684,0.02104,0.01243,0.000,0.000
1,Core,8,-0.04310,0.02267,-0.01367,0.01492,0.000,0.000
1,Core,9,0.00000,0.00000,0.00000,0.00000,0.000,0.000
1,Core,10,-0.02544,-0.00030,-0.01195,0.00625,0.000,0.000
1,Core,11,0.00000,0.00000,0.00000,0.00000,0.000,0.000
1,Moderator,0,-0.07978,0.07199,0.02894,0.02743,0.000,0.000
1,Moderator,1,-0.13600,0.07571,-0.05192,0.03996,0.000,0.000
1,Moderator,2,-0.08149,0.07478,0.02759,0.02798,0.000,0.000
1,Moderator,3,-0.07514,0.07487,0.03274,0.02711,0.000,0.000
1,Moderator,4,0.00000,0.00000,0.00000,0.00000,0.000,0.000
1,Moderator,5,0.00000,0.00000,0.00000,0.00000,0.000,0.000
1,Moderator,6,0.00000,0.00000,0.00000,0.00000,0.000,0.000
1,Moderator,7,-0.10893,0.01982,-0.04042,0.02070,0.000,0.000
1,Moderator,8,-0.00685,0.20576,0.05707,0.03859,0.000,0.000
1,Moderator,9,0.00000,0.00000,0.00000,0.00000,0.000,0.000
1,Moderator,10,0.00000,0.00000,0.00000,0.00000,0.000,0.000
1,Moderator,11,0.00000,0.00000,0.00000,0.00000,0.000,0.000
2,CR,0,-0.12974,0.01527,-0.03952,0.02666,0.000,0.000
2,CR,1,-0.09553,0.16570,0.00970,0.05081,0.000,0.000
2,CR,2,-0.00596,0.09947,0.03961,0.02180,0.000,0.000
2,CR,3,-0.01469,0.32033,0.09573,0.06784,0.000,0.000
2,CR,4,0.00000,0.00000,0.00000,0.00000,0.000,0.000
2,CR,5,0.00000,0.00000,0.00000,0.00000,0.000,0.000
2,CR,6,0.00000,0.00000,0.00000,0.00000,0.000,0.000
2,CR,7,-0.28291,0.10872,-0.03948,0.08006,0.000,0.000
2,CR,8,-0.26763,0.13229,-0.05376,0.09144,0.000,0.000
2,CR,9,0.00000,0.00000,0.00000,0.00000,0.000,0.000
2,CR,10,0.00000,0.00000,0.00000,0.00000,0.000,0.000
2,CR,11,0.00000,0.00000,0.00000,0.00000,0.000,0.000
2,Core,0,-0.04185,0.05068,0.01179,0.02327,0.000,0.000
2,Core,1,-0.04438,0.06494,0.00313,0.02498,0.000,0.000
2,Core,2,-0.02342,0.07158,0.01988,0.02020,0.000,0.000
2,Core,3,0.00067,0.04168,0.01941,0.00809,0.000,0.000
2,Core,4,-0.03897,0.03033,-0.01151,0.01532,0.000,0.000
2,Core,5,-0.03268,0.00278,-0.01620,0.00736,0.000,0.000
2,Core,6,0.00000,0.00000,0.00000,0.00000,0.000,0.000
2,Core,7,0.00933,0.08714,0.02923,0.01681,0.000,0.000
2,Core,8,-0.07421,0.03120,-0.01988,0.02189,0.000,0.000
2,Core,9,0.00000,0.00000,0.00000,0.00000,0.000,0.000
2,Core,10,-0.02871,-0.00271,-0.01403,0.00610,0.000,0.000
2,Core,11,0.00000,0.00000,0.00000,0.00000,0.000,0.000
2,Moderator,0,-0.08474,0.09578,0.03320,0.03045,0.000,0.000
2,Moderator,1,-0.15559,0.11406,-0.06355,0.04997,0.000,0.000
2,Moderator,2,-0.08560,0.09159,0.03241,0.03012,0.000,0.000
2,Moderator,3,-0.07553,0.09955,0.03605,0.02921,0.000,0.000
2,Moderator,4,0.00000,0.00000,0.00000,0.00000,0.000,0.000
2,Moderator,5,0.00000,0.00000,0.00000,0.00000,0.000,0.000
2,Moderator,6,0.00000,0.00000,0.00000,0.00000,0.000,0.000
2,Moderator,7,-0.10426,-0.00627,-0.03991,0.01786,0.000,0.000
2,Moderator,8,-0.00430,0.22237,0.06731,0.04844,0.000,0.000
2,Moderator,9,0.00000,0.00000,0.00000,0.00000,0.000,0.000
2,Moderator,10,0.00000,0.00000,0.00000,0.00000,0.000,0.000
2,Moderator,11,0.00000,0.00000,0.00000,0.00000,0.000,0.000
3,CR,0,-0.12104,0.03416,-0.02914,0.02816,0.000,0.000
3,CR,1,-0.10271,0.21190,0.01907,0.06465,0.000,0.000
3,CR,2,-0.01517,0.09903,0.03617,0.02152,0.000,0.000
3,CR,3,-0.02147,0.25577,0.07433,0.05856,0.000,0.000
3,CR,4,0.00000,0.00000,0.00000,0.00000,0.000,0.000
3,CR,5,0.00000,0.00000,0.00000,0.00000,0.000,0.000
3,CR,6,0.00000,0.00000,0.00000,0.00000,0.000,0.000
3,CR,7,-0.33145,0.10726,-0.04638,0.09250,0.000,0.000
3,CR,8,-0.29267,0.16494,-0.05001,0.10462,0.000,0.000
3,CR,9,0.00000,0.00000,0.00000,0.00000,0.000,0.000
3,CR,10,0.00000,0.00000,0.00000,0.00000,0.000,0.000
3,CR,11,0.00000,0.00000,0.00000,0.00000,0.000,0.000
3,Core,0,-0.04434,0.06448,0.01564,0.02771,0.000,0.000
3,Core,1,-0.04407,0.08845,0.01230,0.02713,0.000,0.000
3,Core,2,-0.02699,0.08026,0.02108,0.02378,0.000,0.000
3,Core,3,-0.00171,0.03503,0.01785,0.00755,0.000,0.000
3,Core,4,-0.04755,0.03043,-0.01331,0.01843,0.000,0.000
3,Core,5,-0.02849,0.00438,-0.01430,0.00658,0.000,0.000
3,Core,6,0.00000,0.00000,0.00000,0.00000,0.000,0.000
3,Core,7,0.00522,0.08531,0.02855,0.01826,0.000,0.000
3,Core,8,-0.08526,0.03477,-0.02083,0.02594,0.000,0.000
3,Core,9,0.00000,0.00000,0.00000,0.00000,0.000,0.000
3,Core,10,-0.02643,-0.00117,-0.01317,0.00701,0.000,0.000
3,Core,11,0.00000,0.00000,0.00000,0.00000,0.000,0.000
3,Moderator,0,-0.09831,0.10440,0.03484,0.03572,0.000,0.000
3,Moderator,1,-0.21589,0.16134,-0.06884,0.06616,0.000,0.000
3,Moderator,2,-0.09649,0.10054,0.03428,0.03450,0.000,0.000
3,Moderator,3,-0.08027,0.10637,0.03612,0.03205,0.000,0.000
3,Moderator,4,0.00000,0.00000,0.00000,0.00000,0.000,0.000
3,Moderator,5,0.00000,0.00000,0.00000,0.00000,0.000,0.000
3,Moderator,6,0.00000,0.00000,0.00000,0.00000,0.000,0.000
3,Moderator,7,-0.09497,0.00691,-0.03170,0.02184,0.000,0.000
3,Moderator,8,-0.03670,0.28216,0.05815,0.06311,0.000,0.000
3,Moderator,9,0.00000,0.00000,0.00000,0.00000,0.000,0.000
3,Moderator,10,0.00000,0.00000,0.00000,0.00000,0.000,0.000
3,Moderator,11,0.00000,0.00000,0.00000,0.00000,0.000,0.000
4,CR,0,-0.13163,0.04160,-0.02461,0.03208,0.000,0.000
4,CR,1,-0.10788,0.30070,0.03416,0.07994,0.000,0.000
4,CR,2,-0.02151,0.12561,0.03719,0.02595,0.000,0.000
4,CR,3,-0.04437,0.31717,0.07552,0.07384,0.000,0.000
4,CR,4,0.00000,0.00000,0.00000,0.00000,0.000,0.000
4,CR,5,0.00000,0.00000,0.00000,0.00000,0.000,0.000
4,CR,6,0.00000,0.00000,0.00000,0.00000,0.000,0.000
4,CR,7,-0.35989,0.10185,-0.05044,0.09461,0.000,0.000
4,CR,8,-0.34718,0.19700,-0.05437,0.12501,0.000,0.000
4,CR,9,0.00000,0.00000,0.00000,0.00000,0.000,0.000
4,CR,10,0.00000,0.00000,0.00000,0.00000,0.000,0.000
4,CR,11,0.00000,0.00000,0.00000,0.00000,0.000,0.000
4,Core,0,-0.03233,0.06246,0.01695,0.02484,0.000,0.000
4,Core,1,-0.08516,0.14838,0.02756,0.04624,0.000,0.000
4,Core,2,-0.02524,0.08663,0.02306,0.02407,0.000,0.000
4,Core,3,-0.01127,0.05183,0.01788,0.01118,0.000,0.000
4,Core,4,-0.04462,0.03013,-0.01440,0.01744,0.000,0.000
4,Core,5,-0.03574,0.01443,-0.01343,0.00974,0.000,0.000
4,Core,6,0.00000,0.00000,0.00000,0.00000,0.000,0.000
4,Core,7,-0.00719,0.10510,0.03200,0.02396,0.000,0.000
4,Core,8,-0.09087,0.03662,-0.02268,0.02682,0.000,0.000
4,Core,9,0.00000,0.00000,0.00000,0.00000,0.000,0.000
4,Core,10,-0.02821,-0.00091,-0.01298,0.00627,0.000,0.000
4,Core,11,0.00000,0.00000,0.00000,0.00000,0.000,0.000
4,Moderator,0,-0.08987,0.13696,0.03852,0.04008,0.000,0.000
4,Moderator,1,-0.28634,0.18165,-0.07894,0.08157,0.000,0.000
4,Moderator,2,-0.08748,0.13369,0.03819,0.03873,0.000,0.000
4,Moderator,3,-0.06468,0.13306,0.03807,0.03516,0.000,0.000
4,Moderator,4,0.00000,0.00000,0.00000,0.00000,0.000,0.000
4,Moderator,5,0.00000,0.00000,0.00000,0.00000,0.000,0.000
4,Moderator,6,0.00000,0.00000,0.00000,0.00000,0.000,0.000
4,Moderator,7,-0.13066,0.03346,-0.02304,0.03177,0.000,0.000
4,Moderator,8,-0.07556,0.34168,0.04075,0.08098,0.000,0.000
4,Moderator,9,0.00000,0.00000,0.00000,0.00000,0.000,0.000
4,Moderator,10,0.00000,0.00000,0.00000,0.00000,0.000,0.000
4,Moderator,11,0.00000,0.00000,0.00000,0.00000,0.000,0.000
5,CR,0,-0.11143,0.03495,-0.02327,0.02889,0.000,0.000
5,CR,1,-0.10590,0.25087,0.02285,0.06772,0.000,0.000
5,CR,2,-0.02209,0.11410,0.03647,0.02477,0.000,0.000
5,CR,3,-0.07123,0.22662,0.05688,0.06886,0.000,0.000
5,CR,4,0.00000,0.00000,0.00000,0.00000,0.000,0.000
5,CR,5,0.00000,0.00000,0.00000,0.00000,0.000,0.000
5,CR,6,0.00000,0.00000,0.00000,0.00000,0.000,0.000
5,CR,7,-0.39187,0.13619,-0.05268,0.10655,0.000,0.000
5,CR,8,-0.37013,0.21417,-0.05442,0.13275,0.000,0.000
5,CR,9,0.00000,0.00000,0.00000,0.00000,0.000,0.000
5,CR,10,0.00000,0.00000,0.00000,0.00000,0.000,0.000
5,CR,11,0.00000,0.00000,0.00000,0.00000,0.000,0.000
5,Core,0,-0.03118,0.06679,0.01910,0.02584,0.000,0.000
5,Core,1,-0.12716,0.18358,0.03114,0.05628,0.000,0.000
5,Core,2,-0.02516,0.07896,0.02250,0.02399,0.000,0.000
5,Core,3,-0.00548,0.04758,0.01878,0.01040,0.000,0.000
5,Core,4,-0.04656,0.02395,-0.01439,0.01657,0.000,0.000
5,Core,5,-0.03020,0.00864,-0.01413,0.00807,0.000,0.000
5,Core,6,0.00000,0.00000,0.00000,0.00000,0.000,0.000
5,Core,7,-0.02436,0.10354,0.03308,0.02687,0.000,0.000
5,Core,8,-0.08309,0.03079,-0.02254,0.02685,0.000,0.000
5,Core,9,0.00000,0.00000,0.00000,0.00000,0.000,0.000
5,Core,10,-0.02782,0.00094,-0.01355,0.00655,0.000,0.000
5,Core,11,0.00000,0.00000,0.00000,0.00000,0.000,0.000
5,Moderator,0,-0.10547,0.14495,0.04000,0.04739,0.000,0.000
5,Moderator,1,-0.31704,0.23321,-0.08126,0.10032,0.000,0.000
5,Moderator,2,-0.10764,0.14136,0.03911,0.04664,0.000,0.000
5,Moderator,3,-0.07980,0.13726,0.03889,0.04202,0.000,0.000
5,Moderator,4,0.00000,0.00000,0.00000,0.00000,0.000,0.000
5,Moderator,5,0.00000,0.00000,0.00000,0.00000,0.000,0.000
5,Moderator,6,0.00000,0.00000,0.00000,0.00000,0.000,0.000
5,Moderator,7,-0.14849,0.05531,-0.02223,0.03733,0.000,0.000
5,Moderator,8,-0.08506,0.32224,0.03331,0.07822,0.000,0.000
5,Moderator,9,0.00000,0.00000,0.00000,0.00000,0.000,0.000
5,Moderator,10,0.00000,0.00000,0.00000,0.00000,0.000,0.000
5,Moderator,11,0.00000,0.00000,0.00000,0.00000,0.000,0.000
6,CR,0,-0.10763,0.04295,-0.01828,0.02969,0.000,0.000
6,CR,1,-0.11651,0.28765,0.02794,0.07702,0.000,0.000
6,CR,2,-0.02893,0.11376,0.03510,0.02533,0.000,0.000
6,CR,3,-0.10064,0.28510,0.05542,0.08653,0.000,0.000
6,CR,4,0.00000,0.00000,0.00000,0.00000,0.000,0.000
6,CR,5,0.00000,0.00000,0.00000,0.00000,0.000,0.000
6,CR,6,0.00000,0.00000,0.00000,0.00000,0.000,0.000
6,CR,7,-0.44829,0.16824,-0.06156,0.12833,0.000,0.000
6,CR,8,-0.46114,0.26551,-0.06779,0.16634,0.000,0.000
6,CR,9,0.00000,0.00000,0.00000,0.00000,0.000,0.000
6,CR,10,0.00000,0.00000,0.00000,0.00000,0.000,0.000
6,CR,11,0.00000,0.00000,0.00000,0.00000,0.000,0.000
6,Core,0,-0.04064,0.08264,0.02205,0.03216,0.000,0.000
6,Core,1,-0.20443,0.27595,0.04484,0.08472,0.000,0.000
6,Core,2,-0.03181,0.08591,0.02324,0.02649,0.000,0.000
6,Core,3,-0.00330,0.04748,0.01865,0.00940,0.000,0.000
6,Core,4,-0.04664,0.03055,-0.01393,0.01802,0.000,0.000
6,Core,5,-0.02748,0.00572,-0.01345,0.00661,0.000,0.000
6,Core,6,0.00000,0.00000,0.00000,0.00000,0.000,0.000
6,Core,7,-0.03198,0.12191,0.03579,0.03021,0.000,0.000
6,Core,8,-0.09044,0.03816,-0.02250,0.02887,0.000,0.000
6,Core,9,0.00000,0.00000,0.00000,0.00000,0.000,0.000
6,Core,10,-0.02729,0.00204,-0.01292,0.00709,0.000,0.000
6,Core,11,0.00000,0.00000,0.00000,0.00000,0.000,0.000
6,Moderator,0,-0.10389,0.14605,0.03924,0.04856,0.000,0.000
6,Moderator,1,-0.34259,0.28337,-0.08242,0.11618,0.000,0.000
6,Moderator,2,-0.10699,0.14389,0.03842,0.04816,0.000,0.000
6,Moderator,3,-0.07573,0.13165,0.03719,0.04106,0.000,0.000
6,Moderator,4,0.00000,0.00000,0.00000,0.00000,0.000,0.000
6,Moderator,5,0.00000,0.00000,0.00000,0.00000,0.000,0.000
6,Moderator,6,0.00000,0.00000,0.00000,0.00000,0.000,0.000
6,Moderator,7,-0.19915,0.09409,-0.01590,0.05645,0.000,0.000
6,Moderator,8,-0.14412,0.44010,0.03357,0.11294,0.000,0.000
6,Moderator,9,0.00000,0.00000,0.00000,0.00000,0.000,0.000
6,Moderator,10,0.00000,0.00000,0.00000,0.00000,0.000,0.000
6,Moderator,11,0.00000,0.00000,0.00000,0.00000,0.000,0.000
7,CR,0,-0.10152,0.03757,-0.01439,0.02918,0.000,0.000
7,CR,1,-0.14549,0.41874,0.04926,0.10377,0.000,0.000
7,CR,2,-0.03760,0.13103,0.03567,0.02948,0.000,0.000
7,CR,3,-0.12105,0.34045,0.06659,0.10144,0.000,0.000
7,CR,4,0.00000,0.00000,0.00000,0.00000,0.000,0.000
7,CR,5,0.00000,0.00000,0.00000,0.00000,0.000,0.000
7,CR,6,0.00000,0.00000,0.00000,0.00000,0.000,0.000
7,CR,7,-0.55077,0.17506,-0.07932,0.14478,0.000,0.000
7,CR,8,-0.49338,0.28260,-0.07206,0.17748,0.000,0.000
7,CR,9,0.00000,0.00000,0.00000,0.00000,0.000,0.000
7,CR,10,0.00000,0.00000,0.00000,0.00000,0.000,0.000
7,CR,11,0.00000,0.00000,0.00000,0.00000,0.000,0.000
7,Core,0,-0.03476,0.08269,0.02469,0.03078,0.000,0.000
7,Core,1,-0.24558,0.38880,0.06362,0.10803,0.000,0.000
7,Core,2,-0.03087,0.09256,0.02492,0.02697,0.000,0.000
7,Core,3,-0.00635,0.05562,0.01926,0.01166,0.000,0.000
7,Core,4,-0.04917,0.02601,-0.01419,0.01775,0.000,0.000
7,Core,5,-0.02965,0.00842,-0.01314,0.00780,0.000,0.000
7,Core,6,0.00000,0.00000,0.00000,0.00000,0.000,0.000
7,Core,7,-0.04069,0.13923,0.03991,0.03408,0.000,0.000
7,Core,8,-0.10014,0.03522,-0.02418,0.03008,0.000,0.000
7,Core,9,0.00000,0.00000,0.00000,0.00000,0.000,0.000
7,Core,10,-0.02618,0.00186,-0.01274,0.00622,0.000,0.000
7,Core,11,0.00000,0.00000,0.00000,0.00000,0.000,0.000
7,Moderator,0,-0.11475,0.14093,0.03586,0.05178,0.000,0.000
7,Moderator,1,-0.37308,0.32004,-0.08293,0.12938,0.000,0.000
7,Moderator,2,-0.11669,0.14018,0.03532,0.05136,0.000,0.000
7,Moderator,3,-0.08104,0.11789,0.03267,0.04205,0.000,0.000
7,Moderator,4,0.00000,0.00000,0.00000,0.00000,0.000,0.000
7,Moderator,5,0.00000,0.00000,0.00000,0.00000,0.000,0.000
7,Moderator,6,0.00000,0.00000,0.00000,0.00000,0.000,0.000
7,Moderator,7,-0.23813,0.15092,-0.00680,0.07550,0.000,0.000
7,Moderator,8,-0.18103,0.51921,0.03526,0.13735,0.000,0.000
7,Moderator,9,0.00000,0.00000,0.00000,0.00000,0.000,0.000
7,Moderator,10,0.00000,0.00000,0.00000,0.00000,0.000,0.000
7,Moderator,11,0.00000,0.00000,0.00000,0.00000,0.000,0.000
8,CR,0,-0.09315,0.04087,-0.00906,0.02828,0.000,0.000
8,CR,1,-0.15568,0.32130,0.02701,0.09139,0.000,0.000
8,CR,2,-0.03443,0.12111,0.03093,0.02715,0.000,0.000
8,CR,3,-0.15578,0.26888,0.02469,0.09885,0.000,0.000
8,CR,4,0.00000,0.00000,0.00000,0.00000,0.000,0.000
8,CR,5,0.00000,0.00000,0.00000,0.00000,0.000,0.000
8,CR,6,0.00000,0.00000,0.00000,0.00000,0.000,0.000
8,CR,7,-0.48178,0.19523,-0.06619,0.14315,0.000,0.000
8,CR,8,-0.51999,0.31436,-0.06531,0.19038,0.000,0.000
8,CR,9,0.00000,0.00000,0.00000,0.00000,0.000,0.000
8,CR,10,0.00000,0.00000,0.00000,0.00000,0.000,0.000
8,CR,11,0.00000,0.00000,0.00000,0.00000,0.000,0.000
8,Core,0,-0.04193,0.09164,0.02501,0.03439,0.000,0.000
8,Core,1,-0.31792,0.34605,0.05385,0.11522,0.000,0.000
8,Core,2,-0.03825,0.07513,0.02015,0.02621,0.000,0.000
8,Core,3,-0.00177,0.05843,0.01792,0.00919,0.000,0.000
8,Core,4,-0.04316,0.03256,-0.01175,0.01774,0.000,0.000
8,Core,5,-0.03738,0.00317,-0.01296,0.00701,0.000,0.000
8,Core,6,0.00000,0.00000,0.00000,0.00000,0.000,0.000
8,Core,7,-0.04258,0.11315,0.03454,0.03147,0.000,0.000
8,Core,8,-0.08110,0.04075,-0.01931,0.02850,0.000,0.000
8,Core,9,0.00000,0.00000,0.00000,0.00000,0.000,0.000
8,Core,10,-0.03076,0.01286,-0.01198,0.00865,0.000,0.000
8,Core,11,0.00000,0.00000,0.00000,0.00000,0.000,0.000
8,Moderator,0,-0.11775,0.15288,0.03330,0.05365,0.000,0.000
8,Moderator,1,-0.36750,0.36063,-0.07338,0.13806,0.000,0.000
8,Moderator,2,-0.11453,0.14990,0.03260,0.05244,0.000,0.000
8,Moderator,3,-0.08215,0.13235,0.03075,0.04328,0.000,0.000
8,Moderator,4,0.00000,0.00000,0.00000,0.00000,0.000,0.000
8,Moderator,5,0.00000,0.00000,0.00000,0.00000,0.000,0.000
8,Moderator,6,0.00000,0.00000,0.00000,0.00000,0.000,0.000
8,Moderator,7,-0.28797,0.16745,-0.01023,0.08447,0.000,0.000
8,Moderator,8,-0.20301,0.57432,0.03622,0.15377,0.000,0.000
8,Moderator,9,0.00000,0.00000,0.00000,0.00000,0.000,0.000
8,Moderator,10,0.00000,0.00000,0.00000,0.00000,0.000,0.000
8,Moderator,11,0.00000,0.00000,0.00000,0.00000,0.000,0.000
9,CR,0,-0.09423,0.04759,-0.01071,0.03269,0.000,0.000
9,CR,1,-0.19837,0.34676,0.02403,0.11270,0.000,0.000
9,CR,2,-0.04463,0.11360,0.03636,0.03156,0.000,0.000
9,CR,3,-0.19925,0.32965,0.02909,0.12004,0.000,0.000
9,CR,4,0.00000,0.00000,0.00000,0.00000,0.000,0.000
9,CR,5,0.00000,0.00000,0.00000,0.00000,0.000,0.000
9,CR,6,0.00000,0.00000,0.00000,0.00000,0.000,0.000
9,CR,7,-0.51349,0.23520,-0.06909,0.16359,0.000,0.000
9,CR,8,-0.59973,0.33358,-0.09740,0.21084,0.000,0.000
9,CR,9,0.00000,0.00000,0.00000,0.00000,0.000,0.000
9,CR,10,0.00000,0.00000,0.00000,0.00000,0.000,0.000
9,CR,11,0.00000,0.00000,0.00000,0.00000,0.000,0.000
9,Core,0,-0.05805,0.11775,0.03149,0.04275,0.000,0.000
9,Core,1,-0.35084,0.38754,0.06511,0.12926,0.000,0.000
9,Core,2,-0.03994,0.08568,0.02462,0.02849,0.000,0.000
9,Core,3,0.00184,0.04867,0.02225,0.00939,0.000,0.000
9,Core,4,-0.05049,0.03555,-0.01458,0.01958,0.000,0.000
9,Core,5,-0.03236,0.00037,-0.01634,0.00610,0.000,0.000
9,Core,6,0.00000,0.00000,0.00000,0.00000,0.000,0.000
9,Core,7,-0.03929,0.12587,0.04337,0.03360,0.000,0.000
9,Core,8,-0.09743,0.04362,-0.02425,0.03157,0.000,0.000
9,Core,9,0.00000,0.00000,0.00000,0.00000,0.000,0.000
9,Core,10,-0.03429,0.00233,-0.01529,0.00836,0.000,0.000
9,Core,11,0.00000,0.00000,0.00000,0.00000,0.000,0.000
9,Moderator,0,-0.14086,0.15091,0.03859,0.06311,0.000,0.000
9,Moderator,1,-0.38332,0.43766,-0.08350,0.16229,0.000,0.000
9,Moderator,2,-0.13675,0.14754,0.03754,0.06124,0.000,0.000
9,Moderator,3,-0.09951,0.12761,0.03536,0.05001,0.000,0.000
9,Moderator,4,0.00000,0.00000,0.00000,0.00000,0.000,0.000
9,Moderator,5,0.00000,0.00000,0.00000,0.00000,0.000,0.000
9,Moderator,6,0.00000,0.00000,0.00000,0.00000,0.000,0.000
9,Moderator,7,-0.32121,0.16652,-0.01335,0.09234,0.000,0.000
9,Moderator,8,-0.23802,0.67425,0.04312,0.18080,0.000,0.000
9,Moderator,9,0.00000,0.00000,0.00000,0.00000,0.000,0.000
9,Moderator,10,0.00000,0.00000,0.00000,0.00000,0.000,0.000
9,Moderator,11,0.00000,0.00000,0.00000,0.00000,0.000,0.000
10,CR,0,-0.11797,0.05481,-0.01189,0.03817,0.000,0.000
10,CR,1,-0.20709,0.44543,0.04573,0.13120,0.000,0.000
10,CR,2,-0.05695,0.15930,0.03823,0.03986,0.000,0.000
10,CR,3,-0.14030,0.32922,0.04881,0.10851,0.000,0.000
10,CR,4,0.00000,0.00000,0.00000,0.00000,0.000,0.000
10,CR,5,0.00000,0.00000,0.00000,0.00000,0.000,0.000
10,CR,6,0.00000,0.00000,0.00000,0.00000,0.000,0.000
10,CR,7,-0.57827,0.24701,-0.07335,0.18023,0.000,0.000
10,CR,8,-0.58964,0.34316,-0.08323,0.21254,0.000,0.000
10,CR,9,0.00000,0.00000,0.00000,0.00000,0.000,0.000
10,CR,10,0.00000,0.00000,0.00000,0.00000,0.000,0.000
10,CR,11,0.00000,0.00000,0.00000,0.00000,0.000,0.000
10,Core,0,-0.05580,0.11316,0.02780,0.04268,0.000,0.000
10,Core,1,-0.43329,0.41862,0.06224,0.14847,0.000,0.000
10,Core,2,-0.05751,0.08672,0.02169,0.03054,0.000,0.000
10,Core,3,-0.00850,0.06325,0.01966,0.01253,0.000,0.000
10,Core,4,-0.05754,0.03478,-0.01290,0.02189,0.000,0.000
10,Core,5,-0.03885,0.00956,-0.01391,0.00918,0.000,0.000
10,Core,6,0.00000,0.00000,0.00000,0.00000,0.000,0.000
10,Core,7,-0.05760,0.12260,0.03882,0.03548,0.000,0.000
10,Core,8,-0.10647,0.04542,-0.02204,0.03551,0.000,0.000
10,Core,9,0.00000,0.00000,0.00000,0.00000,0.000,0.000
10,Core,10,-0.03185,0.00352,-0.01307,0.00719,0.000,0.000
10,Core,11,0.00000,0.00000,0.00000,0.00000,0.000,0.000
10,Moderator,0,-0.14767,0.16381,0.03916,0.06044,0.000,0.000
10,Moderator,1,-0.41891,0.47957,-0.08344,0.16834,0.000,0.000
10,Moderator,2,-0.14303,0.15764,0.03800,0.05746,0.000,0.000
10,Moderator,3,-0.08894,0.13616,0.03575,0.04543,0.000,0.000
10,Moderator,4,0.00000,0.00000,0.00000,0.00000,0.000,0.000
10,Moderator,5,0.00000,0.00000,0.00000,0.00000,0.000,0.000
10,Moderator,6,0.00000,0.00000,0.00000,0.00000,0.000,0.000
10,Moderator,7,-0.34112,0.20635,-0.00856,0.10198,0.000,0.000
10,Moderator,8,-0.25787,0.71792,0.03084,0.19027,0.000,0.000
10,Moderator,9,0.00000,0.00000,0.00000,0.00000,0.000,0.000
10,Moderator,10,0.00000,0.00000,0.00000,0.00000,0.000,0.000
10,Moderator,11,0.00000,0.00000,0.00000,0.00000,0.000,0.000
11,CR,0,-0.10622,0.05556,-0.00806,0.03453,0.000,0.000
11,CR,1,-0.21203,0.49235,0.05222,0.13997,0.000,0.000
11,CR,2,-0.05276,0.16437,0.04110,0.04095,0.000,0.000
11,CR,3,-0.19632,0.35779,0.04347,0.13022,0.000,0.000
11,CR,4,0.00000,0.00000,0.00000,0.00000,0.000,0.000
11,CR,5,0.00000,0.00000,0.00000,0.00000,0.000,0.000
11,CR,6,0.00000,0.00000,0.00000,0.00000,0.000,0.000
11,CR,7,-0.60930,0.22672,-0.08049,0.18034,0.000,0.000
11,CR,8,-0.59839,0.34676,-0.08468,0.21622,0.000,0.000
11,CR,9,0.00000,0.00000,0.00000,0.00000,0.000,0.000
11,CR,10,0.00000,0.00000,0.00000,0.00000,0.000,0.000
11,CR,11,0.00000,0.00000,0.00000,0.00000,0.000,0.000
11,Core,0,-0.04494,0.11354,0.03377,0.04068,0.000,0.000
11,Core,1,-0.45103,0.48762,0.08290,0.16208,0.000,0.000
11,Core,2,-0.03842,0.09728,0.02645,0.03031,0.000,0.000
11,Core,3,-0.00594,0.06551,0.02119,0.01323,0.000,0.000
11,Core,4,-0.05791,0.02597,-0.01593,0.02082,0.000,0.000
11,Core,5,-0.03780,0.00848,-0.01426,0.00807,0.000,0.000
11,Core,6,0.00000,0.00000,0.00000,0.00000,0.000,0.000
11,Core,7,-0.06832,0.15332,0.04663,0.04461,0.000,0.000
11,Core,8,-0.11536,0.04991,-0.02670,0.03754,0.000,0.000
11,Core,9,0.00000,0.00000,0.00000,0.00000,0.000,0.000
11,Core,10,-0.03564,0.00450,-0.01424,0.00795,0.000,0.000
11,Core,11,0.00000,0.00000,0.00000,0.00000,0.000,0.000
11,Moderator,0,-0.17512,0.18857,0.04196,0.07181,0.000,0.000
11,Moderator,1,-0.48509,0.53593,-0.09577,0.19187,0.000,0.000
11,Moderator,2,-0.17136,0.18189,0.04084,0.06848,0.000,0.000
11,Moderator,3,-0.11276,0.15695,0.03733,0.05580,0.000,0.000
11,Moderator,4,0.00000,0.00000,0.00000,0.00000,0.000,0.000
11,Moderator,5,0.00000,0.00000,0.00000,0.00000,0.000,0.000
11,Moderator,6,0.00000,0.00000,0.00000,0.00000,0.000,0.000
11,Moderator,7,-0.34729,0.20664,-0.00452,0.10340,0.000,0.000
11,Moderator,8,-0.25206,0.72569,0.03052,0.18869,0.000,0.000
11,Moderator,9,0.00000,0.00000,0.00000,0.00000,0.000,0.000
11,Moderator,10,0.00000,0.00000,0.00000,0.00000,0.000,0.000
11,Moderator,11,0.00000,0.00000,0.00000,0.00000,0.000,0.000
12,CR,0,-0.09431,0.06440,-0.00173,0.03688,0.000,0.000
12,CR,1,-0.22631,0.58587,0.06888,0.15900,0.000,0.000
12,CR,2,-0.06820,0.17527,0.04042,0.04639,0.000,0.000
12,CR,3,-0.23814,0.39756,0.04746,0.14976,0.000,0.000
12,CR,4,0.00000,0.00000,0.00000,0.00000,0.000,0.000
12,CR,5,0.00000,0.00000,0.00000,0.00000,0.000,0.000
12,CR,6,0.00000,0.00000,0.00000,0.00000,0.000,0.000
12,CR,7,-0.68109,0.23255,-0.09585,0.19478,0.000,0.000
12,CR,8,-0.58946,0.34606,-0.08334,0.21325,0.000,0.000
12,CR,9,0.00000,0.00000,0.00000,0.00000,0.000,0.000
12,CR,10,0.00000,0.00000,0.00000,0.00000,0.000,0.000
12,CR,11,0.00000,0.00000,0.00000,0.00000,0.000,0.000
12,Core,0,-0.04735,0.11506,0.03387,0.04160,0.000,0.000
12,Core,1,-0.48717,0.62170,0.10711,0.18892,0.000,0.000
12,Core,2,-0.05423,0.09175,0.02420,0.03105,0.000,0.000
12,Core,3,-0.01228,0.06317,0.01907,0.01400,0.000,0.000
12,Core,4,-0.05125,0.03049,-0.01263,0.01872,0.000,0.000
12,Core,5,-0.02985,0.01041,-0.01126,0.00761,0.000,0.000
12,Core,6,0.00000,0.00000,0.00000,0.00000,0.000,0.000
12,Core,7,-0.08073,0.17416,0.04752,0.04910,0.000,0.000
12,Core,8,-0.10978,0.04523,-0.02440,0.03549,0.000,0.000
12,Core,9,0.00000,0.00000,0.00000,0.00000,0.000,0.000
12,Core,10,-0.02564,0.00777,-0.01102,0.00684,0.000,0.000
12,Core,11,0.00000,0.00000,0.00000,0.00000,0.000,0.000
12,Moderator,0,-0.18620,0.19568,0.03989,0.07881,0.000,0.000
12,Moderator,1,-0.54733,0.57685,-0.10136,0.21392,0.000,0.000
12,Moderator,2,-0.18437,0.18995,0.03862,0.07598,0.000,0.000
12,Moderator,3,-0.12681,0.15283,0.03361,0.06108,0.000,0.000
12,Moderator,4,0.00000,0.00000,0.00000,0.00000,0.000,0.000
12,Moderator,5,0.00000,0.00000,0.00000,0.00000,0.000,0.000
12,Moderator,6,0.00000,0.00000,0.00000,0.00000,0.000,0.000
12,Moderator,7,-0.37665,0.28033,0.00738,0.12327,0.000,0.000
12,Moderator,8,-0.28457,0.73555,0.02580,0.20254,0.000,0.000
12,Moderator,9,0.00000,0.00000,0.00000,0.00000,0.000,0.000
12,Moderator,10,0.00000,0.00000,0.00000,0.00000,0.000,0.000
12,Moderator,11,0.00000,0.00000,0.00000,0.00000,0.000,0.000
13,CR,0,-0.08978,0.06198,0.00045,0.03388,0.000,0.000
13,CR,1,-0.24033,0.60475,0.06764,0.16403,0.000,0.000
13,CR,2,-0.06707,0.19062,0.04325,0.04831,0.000,0.000
13,CR,3,-0.28111,0.37874,0.03353,0.14843,0.000,0.000
13,CR,4,0.00000,0.00000,0.00000,0.00000,0.000,0.000
13,CR,5,0.00000,0.00000,0.00000,0.00000,0.000,0.000
13,CR,6,0.00000,0.00000,0.00000,0.00000,0.000,0.000
13,CR,7,-0.73913,0.22861,-0.10548,0.20173,0.000,0.000
13,CR,8,-0.60762,0.36360,-0.08309,0.21986,0.000,0.000
13,CR,9,0.00000,0.00000,0.00000,0.00000,0.000,0.000
13,CR,10,0.00000,0.00000,0.00000,0.00000,0.000,0.000
13,CR,11,0.00000,0.00000,0.00000,0.00000,0.000,0.000
13,Core,0,-0.04553,0.12107,0.03876,0.04289,0.000,0.000
13,Core,1,-0.52793,0.75549,0.12686,0.21514,0.000,0.000
13,Core,2,-0.06470,0.09906,0.02686,0.03387,0.000,0.000
13,Core,3,-0.00986,0.07031,0.02236,0.01559,0.000,0.000
13,Core,4,-0.05639,0.02914,-0.01434,0.02060,0.000,0.000
13,Core,5,-0.03495,0.00960,-0.01388,0.00803,0.000,0.000
13,Core,6,0.00000,0.00000,0.00000,0.00000,0.000,0.000
13,Core,7,-0.08126,0.20093,0.05352,0.05321,0.000,0.000
13,Core,8,-0.11496,0.04031,-0.02670,0.03682,0.000,0.000
13,Core,9,0.00000,0.00000,0.00000,0.00000,0.000,0.000
13,Core,10,-0.03494,0.00627,-0.01339,0.00869,0.000,0.000
13,Core,11,0.00000,0.00000,0.00000,0.00000,0.000,0.000
13,Moderator,0,-0.19068,0.21464,0.04495,0.08078,0.000,0.000
13,Moderator,1,-0.62380,0.60430,-0.11446,0.22836,0.000,0.000
13,Moderator,2,-0.18893,0.20924,0.04367,0.07763,0.000,0.000
13,Moderator,3,-0.12461,0.16329,0.03761,0.06052,0.000,0.000
13,Moderator,4,0.00000,0.00000,0.00000,0.00000,0.000,0.000
13,Moderator,5,0.00000,0.00000,0.00000,0.00000,0.000,0.000
13,Moderator,6,0.00000,0.00000,0.00000,0.00000,0.000,0.000
13,Moderator,7,-0.41008,0.32412,0.01064,0.13780,0.000,0.000
13,Moderator,8,-0.32418,0.79844,0.02440,0.22499,0.000,0.000
13,Moderator,9,0.00000,0.00000,0.00000,0.00000,0.000,0.000
13,Moderator,10,0.00000,0.00000,0.00000,0.00000,0.000,0.000
13,Moderator,11,0.00000,0.00000,0.00000,0.00000,0.000,0.000
14,CR,0,-0.08069,0.07889,0.00552,0.03843,0.000,0.000
14,CR,1,-0.25275,0.64309,0.07647,0.17628,0.000,0.000
14,CR,2,-0.06988,0.19699,0.04371,0.05141,0.000,0.000
14,CR,3,-0.32499,0.41062,0.02720,0.16352,0.000,0.000
14,CR,4,0.00000,0.00000,0.00000,0.00000,0.000,0.000
14,CR,5,0.00000,0.00000,0.00000,0.00000,0.000,0.000
14,CR,6,0.00000,0.00000,0.00000,0.00000,0.000,0.000
14,CR,7,-0.77245,0.23266,-0.11472,0.20988,0.000,0.000
14,CR,8,-0.62297,0.36980,-0.08753,0.22442,0.000,0.000
14,CR,9,0.00000,0.00000,0.00000,0.00000,0.000,0.000
14,CR,10,0.00000,0.00000,0.00000,0.00000,0.000,0.000
14,CR,11,0.00000,0.00000,0.00000,0.00000,0.000,0.000
14,Core,0,-0.04316,0.12794,0.04430,0.04327,0.000,0.000
14,Core,1,-0.57627,0.80000,0.14883,0.23718,0.000,0.010
14,Core,2,-0.05480,0.09983,0.02875,0.03303,0.000,0.000
14,Core,3,-0.01436,0.07234,0.02253,0.01587,0.000,0.000
14,Core,4,-0.05345,0.02793,-0.01493,0.01950,0.000,0.000
14,Core,5,-0.03196,0.00852,-0.01329,0.00782,0.000,0.000
14,Core,6,0.00000,0.00000,0.00000,0.00000,0.000,0.000
14,Core,7,-0.08675,0.20884,0.05727,0.05620,0.000,0.000
14,Core,8,-0.11705,0.04641,-0.02855,0.03741,0.000,0.000
14,Core,9,0.00000,0.00000,0.00000,0.00000,0.000,0.000
14,Core,10,-0.03085,0.00537,-0.01310,0.00799,0.000,0.000
14,Core,11,0.00000,0.00000,0.00000,0.00000,0.000,0.000
14,Moderator,0,-0.18527,0.22178,0.04463,0.08266,0.000,0.000
14,Moderator,1,-0.65886,0.60393,-0.12061,0.23553,0.000,0.000
14,Moderator,2,-0.18259,0.21628,0.04325,0.07946,0.000,0.000
14,Moderator,3,-0.12448,0.16563,0.03621,0.06175,0.000,0.000
14,Moderator,4,0.00000,0.00000,0.00000,0.00000,0.000,0.000
14,Moderator,5,0.00000,0.00000,0.00000,0.00000,0.000,0.000
14,Moderator,6,0.00000,0.00000,0.00000,0.00000,0.000,0.000
14,Moderator,7,-0.44215,0.35154,0.01627,0.14848,0.000,0.000
14,Moderator,8,-0.33552,0.80000,0.02564,0.23645,0.000,0.010
14,Moderator,9,0.00000,0.00000,0.00000,0.00000,0.000,0.000
14,Moderator,10,0.00000,0.00000,0.00000,0.00000,0.000,0.000
14,Moderator,11,0.00000,0.00000,0.00000,0.00000,0.000,0.000
15,CR,0,-0.05964,0.08536,0.01405,0.03814,0.000,0.000
15,CR,1,-0.27118,0.79798,0.10619,0.21073,0.000,0.000
15,CR,2,-0.07857,0.20329,0.04211,0.05524,0.000,0.000
15,CR,3,-0.34162,0.45152,0.03599,0.17877,0.000,0.000
15,CR,4,0.00000,0.00000,0.00000,0.00000,0.000,0.000
15,CR,5,0.00000,0.00000,0.00000,0.00000,0.000,0.000
15,CR,6,0.00000,0.00000,0.00000,0.00000,0.000,0.000
15,CR,7,-0.86727,0.23641,-0.13502,0.22711,0.000,0.000
15,CR,8,-0.65799,0.38979,-0.09122,0.23689,0.000,0.000
15,CR,9,0.00000,0.00000,0.00000,0.00000,0.000,0.000
15,CR,10,0.00000,0.00000,0.00000,0.00000,0.000,0.000
15,CR,11,0.00000,0.00000,0.00000,0.00000,0.000,0.000
15,Core,0,-0.04460,0.13683,0.04808,0.04569,0.000,0.000
15,Core,1,-0.59682,0.80000,0.18165,0.26139,0.000,0.020
15,Core,2,-0.06017,0.11021,0.02972,0.03458,0.000,0.000
15,Core,3,-0.01109,0.08397,0.02340,0.01750,0.000,0.000
15,Core,4,-0.05421,0.03195,-0.01304,0.02018,0.000,0.000
15,Core,5,-0.03570,0.01191,-0.01282,0.00865,0.000,0.000
15,Core,6,0.00000,0.00000,0.00000,0.00000,0.000,0.000
15,Core,7,-0.08169,0.24908,0.06408,0.06160,0.000,0.000
15,Core,8,-0.12509,0.04534,-0.02856,0.03796,0.000,0.000
15,Core,9,0.00000,0.00000,0.00000,0.00000,0.000,0.000
15,Core,10,-0.03288,0.00894,-0.01219,0.00787,0.000,0.000
15,Core,11,0.00000,0.00000,0.00000,0.00000,0.000,0.000
15,Moderator,0,-0.20023,0.19753,0.03914,0.08116,0.000,0.000
15,Moderator,1,-0.67517,0.65140,-0.12062,0.24665,0.000,0.000
15,Moderator,2,-0.19924,0.19392,0.03794,0.07854,0.000,0.000
15,Moderator,3,-0.12647,0.13391,0.02879,0.05828,0.000,0.000
15,Moderator,4,0.00000,0.00000,0.00000,0.00000,0.000,0.000
15,Moderator,5,0.00000,0.00000,0.00000,0.00000,0.000,0.000
15,Moderator,6,0.00000,0.00000,0.00000,0.00000,0.000,0.000
15,Moderator,7,-0.45479,0.42991,0.03074,0.16634,0.000,0.000
15,Moderator,8,-0.34642,0.80000,0.02449,0.24241,0.000,0.010
15,Moderator,9,0.00000,0.00000,0.00000,0.00000,0.000,0.000
15,Moderator,10,0.00000,0.00000,0.00000,0.00000,0.000,0.000
15,Moderator,11,0.00000,0.00000,0.00000,0.00000,0.000,0.000
16,CR,0,-0.08005,0.08966,0.01255,0.04223,0.000,0.000
16,CR,1,-0.28097,0.80000,0.12583,0.22314,0.000,0.020
16,CR,2,-0.08378,0.23705,0.04556,0.05993,0.000,0.000
16,CR,3,-0.32264,0.44144,0.03358,0.17354,0.000,0.000
16,CR,4,0.00000,0.00000,0.00000,0.00000,0.000,0.000
16,CR,5,0.00000,0.00000,0.00000,0.00000,0.000,0.000
16,CR,6,0.00000,0.00000,0.00000,0.00000,0.000,0.000
16,CR,7,-0.88833,0.24537,-0.13386,0.22739,0.000,0.000
16,CR,8,-0.68787,0.43276,-0.09011,0.25388,0.000,0.000
16,CR,9,0.00000,0.00000,0.00000,0.00000,0.000,0.000
16,CR,10,0.00000,0.00000,0.00000,0.00000,0.000,0.000
16,CR,11,0.00000,0.00000,0.00000,0.00000,0.000,0.000
16,Core,0,-0.04577,0.14310,0.05087,0.04596,0.000,0.000
16,Core,1,-0.64677,0.80000,0.18067,0.26806,0.000,0.020
16,Core,2,-0.05151,0.11316,0.03162,0.03472,0.000,0.000
16,Core,3,-0.01322,0.08680,0.02420,0.01659,0.000,0.000
16,Core,4,-0.05608,0.02794,-0.01535,0.02096,0.000,0.000
16,Core,5,-0.03757,0.00198,-0.01386,0.00712,0.000,0.000
16,Core,6,0.00000,0.00000,0.00000,0.00000,0.000,0.000
16,Core,7,-0.08991,0.23365,0.06325,0.06048,0.000,0.000
16,Core,8,-0.12917,0.05412,-0.03068,0.04003,0.000,0.000
16,Core,9,0.00000,0.00000,0.00000,0.00000,0.000,0.000
16,Core,10,-0.03657,0.00780,-0.01373,0.00900,0.000,0.000
16,Core,11,0.00000,0.00000,0.00000,0.00000,0.000,0.000
16,Moderator,0,-0.19017,0.21053,0.03816,0.08310,0.000,0.000
16,Moderator,1,-0.70426,0.66672,-0.11527,0.25309,0.000,0.000
16,Moderator,2,-0.18531,0.20472,0.03659,0.07989,0.000,0.000
16,Moderator,3,-0.13218,0.14668,0.02843,0.06306,0.000,0.000
16,Moderator,4,0.00000,0.00000,0.00000,0.00000,0.000,0.000
16,Moderator,5,0.00000,0.00000,0.00000,0.00000,0.000,0.000
16,Moderator,6,0.00000,0.00000,0.00000,0.00000,0.000,0.000
16,Moderator,7,-0.44580,0.41855,0.02587,0.16128,0.000,0.000
16,Moderator,8,-0.34402,0.80000,0.02676,0.23854,0.000,0.010
16,Moderator,9,0.00000,0.00000,0.00000,0.00000,0.000,0.000
16,Moderator,10,0.00000,0.00000,0.00000,0.00000,0.000,0.000
16,Moderator,11,0.00000,0.00000,0.00000,0.00000,0.000,0.000
17,CR,0,-0.07934,0.09614,0.01508,0.03888,0.000,0.000
17,CR,1,-0.29375,0.80000,0.13303,0.23616,0.000,0.020
17,CR,2,-0.08009,0.24602,0.04646,0.06185,0.000,0.000
17,CR,3,-0.37847,0.49482,0.04240,0.19552,0.000,0.000
17,CR,4,0.00000,0.00000,0.00000,0.00000,0.000,0.000
17,CR,5,0.00000,0.00000,0.00000,0.00000,0.000,0.000
17,CR,6,0.00000,0.00000,0.00000,0.00000,0.000,0.000
17,CR,7,-0.96775,0.23245,-0.14509,0.23208,0.000,0.000
17,CR,8,-0.69768,0.42579,-0.09491,0.25231,0.000,0.000
17,CR,9,0.00000,0.00000,0.00000,0.00000,0.000,0.000
17,CR,10,0.00000,0.00000,0.00000,0.00000,0.000,0.000
17,CR,11,0.00000,0.00000,0.00000,0.00000,0.000,0.000
17,Core,0,-0.04453,0.14986,0.05629,0.04719,0.000,0.000
17,Core,1,-0.64211,0.80000,0.20318,0.28544,0.000,0.030
17,Core,2,-0.05745,0.12170,0.03398,0.03596,0.000,0.000
17,Core,3,-0.01259,0.08859,0.02656,0.01925,0.000,0.000
17,Core,4,-0.05917,0.02342,-0.01616,0.02000,0.000,0.000
17,Core,5,-0.04465,0.00325,-0.01535,0.00832,0.000,0.000
17,Core,6,0.00000,0.00000,0.00000,0.00000,0.000,0.000
17,Core,7,-0.08385,0.26124,0.06872,0.06510,0.000,0.000
17,Core,8,-0.13612,0.04080,-0.03229,0.03791,0.000,0.000
17,Core,9,0.00000,0.00000,0.00000,0.00000,0.000,0.000
17,Core,10,-0.04689,0.00651,-0.01489,0.01094,0.000,0.000
17,Core,11,0.00000,0.00000,0.00000,0.00000,0.000,0.000
17,Moderator,0,-0.19587,0.20920,0.04141,0.08442,0.000,0.000
17,Moderator,1,-0.75656,0.66733,-0.12816,0.26310,0.000,0.000
17,Moderator,2,-0.19362,0.20205,0.03919,0.08095,0.000,0.000
17,Moderator,3,-0.12816,0.13641,0.03023,0.05956,0.000,0.000
17,Moderator,4,0.00000,0.00000,0.00000,0.00000,0.000,0.000
17,Moderator,5,0.00000,0.00000,0.00000,0.00000,0.000,0.000
17,Moderator,6,0.00000,0.00000,0.00000,0.00000,0.000,0.000
17,Moderator,7,-0.48203,0.49370,0.02887,0.17974,0.000,0.000
17,Moderator,8,-0.37826,0.80000,0.04147,0.25158,0.000,0.010
17,Moderator,9,0.00000,0.00000,0.00000,0.00000,0.000,0.000
17,Moderator,10,0.00000,0.00000,0.00000,0.00000,0.000,0.000
17,Moderator,11,0.00000,0.00000,0.00000,0.00000,0.000,0.000
18,CR,0,-0.07692,0.08881,0.01241,0.03511,0.000,0.000
18,CR,1,-0.36989,0.80000,0.07654,0.23124,0.000,0.010
18,CR,2,-0.07638,0.20071,0.03477,0.05534,0.000,0.000
18,CR,3,-0.45931,0.52039,-0.03890,0.22464,0.000,0.000
18,CR,4,0.00000,0.00000,0.00000,0.00000,0.000,0.000
18,CR,5,0.00000,0.00000,0.00000,0.00000,0.000,0.000
18,CR,6,0.00000,0.00000,0.00000,0.00000,0.000,0.000
18,CR,7,-0.81445,0.28788,-0.10340,0.22021,0.000,0.000
18,CR,8,-0.71529,0.50181,-0.06371,0.27922,0.000,0.000
18,CR,9,0.00000,0.00000,0.00000,0.00000,0.000,0.000
18,CR,10,0.00000,0.00000,0.00000,0.00000,0.000,0.000
18,CR,11,0.00000,0.00000,0.00000,0.00000,0.000,0.000
18,Core,0,-0.05148,0.14922,0.04389,0.04584,0.000,0.000
18,Core,1,-0.78257,0.80000,0.15114,0.29887,0.000,0.010
18,Core,2,-0.05343,0.08590,0.02499,0.02885,0.000,0.000
18,Core,3,-0.01870,0.07011,0.02018,0.01476,0.000,0.000
18,Core,4,-0.05466,0.02142,-0.01426,0.01800,0.000,0.000
18,Core,5,-0.03643,0.00454,-0.01241,0.00729,0.000,0.000
18,Core,6,0.00000,0.00000,0.00000,0.00000,0.000,0.000
18,Core,7,-0.10111,0.16397,0.04733,0.05083,0.000,0.000
18,Core,8,-0.10430,0.05031,-0.02479,0.03706,0.000,0.000
18,Core,9,0.00000,0.00000,0.00000,0.00000,0.000,0.000
18,Core,10,-0.03991,0.01252,-0.01221,0.00986,0.000,0.000
18,Core,11,0.00000,0.00000,0.00000,0.00000,0.000,0.000
18,Moderator,0,-0.21377,0.21193,0.03906,0.09076,0.000,0.000
18,Moderator,1,-0.72989,0.74139,-0.10771,0.27687,0.000,0.000
18,Moderator,2,-0.20698,0.20626,0.03660,0.08726,0.000,0.000
18,Moderator,3,-0.14603,0.15989,0.03065,0.06669,0.000,0.000
18,Moderator,4,0.00000,0.00000,0.00000,0.00000,0.000,0.000
18,Moderator,5,0.00000,0.00000,0.00000,0.00000,0.000,0.000
18,Moderator,6,0.00000,0.00000,0.00000,0.00000,0.000,0.000
18,Moderator,7,-0.49684,0.52308,0.01638,0.18591,0.000,0.000
18,Moderator,8,-0.39410,0.80000,0.02962,0.25597,0.000,0.010
18,Moderator,9,0.00000,0.00000,0.00000,0.00000,0.000,0.000
18,Moderator,10,0.00000,0.00000,0.00000,0.00000,0.000,0.000
18,Moderator,11,0.00000,0.00000,0.00000,0.00000,0.000,0.000
19,CR,0,-0.07683,0.12372,0.02277,0.04173,0.000,0.000
19,CR,1,-0.37223,0.80000,0.09063,0.24635,0.000,0.020
19,CR,2,-0.08054,0.23043,0.03817,0.06056,0.000,0.000
19,CR,3,-0.60959,0.56064,-0.04470,0.25592,0.000,0.000
19,CR,4,0.00000,0.00000,0.00000,0.00000,0.000,0.000
19,CR,5,0.00000,0.00000,0.00000,0.00000,0.000,0.000
19,CR,6,0.00000,0.00000,0.00000,0.00000,0.000,0.000
19,CR,7,-0.95332,0.28335,-0.12901,0.23622,0.000,0.000
19,CR,8,-0.75824,0.51940,-0.08409,0.29011,0.000,0.000
19,CR,9,0.00000,0.00000,0.00000,0.00000,0.000,0.000
19,CR,10,0.00000,0.00000,0.00000,0.00000,0.000,0.000
19,CR,11,0.00000,0.00000,0.00000,0.00000,0.000,0.000
19,Core,0,-0.05192,0.17835,0.05583,0.04949,0.000,0.000
19,Core,1,-0.73030,0.80000,0.19930,0.30857,0.000,0.020
19,Core,2,-0.05965,0.09228,0.02890,0.03227,0.000,0.000
19,Core,3,-0.01608,0.07945,0.02297,0.01667,0.000,0.000
19,Core,4,-0.05901,0.02763,-0.01378,0.02020,0.000,0.000
19,Core,5,-0.03515,0.00781,-0.01291,0.00774,0.000,0.000
19,Core,6,0.00000,0.00000,0.00000,0.00000,0.000,0.000
19,Core,7,-0.08513,0.20757,0.06057,0.05476,0.000,0.000
19,Core,8,-0.11226,0.05291,-0.02778,0.03900,0.000,0.000
19,Core,9,0.00000,0.00000,0.00000,0.00000,0.000,0.000
19,Core,10,-0.03583,0.00973,-0.01236,0.00910,0.000,0.000
19,Core,11,0.00000,0.00000,0.00000,0.00000,0.000,0.000
19,Moderator,0,-0.21669,0.21582,0.04296,0.09237,0.000,0.000
19,Moderator,1,-0.79293,0.71873,-0.12889,0.28106,0.000,0.000
19,Moderator,2,-0.20810,0.20888,0.04000,0.08850,0.000,0.000
19,Moderator,3,-0.14697,0.16090,0.03220,0.06681,0.000,0.000
19,Moderator,4,0.00000,0.00000,0.00000,0.00000,0.000,0.000
19,Moderator,5,0.00000,0.00000,0.00000,0.00000,0.000,0.000
19,Moderator,6,0.00000,0.00000,0.00000,0.00000,0.000,0.000
19,Moderator,7,-0.50929,0.57300,0.02363,0.19691,0.000,0.000
19,Moderator,8,-0.41325,0.80000,0.04128,0.26994,0.000,0.020
19,Moderator,9,0.00000,0.00000,0.00000,0.00000,0.000,0.000
19,Moderator,10,0.00000,0.00000,0.00000,0.00000,0.000,0.000
19,Moderator,11,0.00000,0.00000,0.00000,0.00000,0.000,0.000
20,CR,0,-0.04483,0.19051,0.05206,0.04957,0.000,0.000
20,CR,1,-0.38533,0.80000,0.06306,0.25721,0.000,0.020
20,CR,2,-0.09039,0.20951,0.02689,0.06262,0.000,0.000
20,CR,3,-0.87139,0.57317,-0.13761,0.31777,0.000,0.000
20,CR,4,0.00000,0.00000,0.00000,0.00000,0.000,0.000
20,CR,5,0.00000,0.00000,0.00000,0.00000,0.000,0.000
20,CR,6,0.00000,0.00000,0.00000,0.00000,0.000,0.000
20,CR,7,-0.97425,0.28045,-0.14037,0.23841,0.000,0.000
20,CR,8,-0.77357,0.52099,-0.10166,0.29511,0.000,0.000
20,CR,9,0.00000,0.00000,0.00000,0.00000,0.000,0.000
20,CR,10,0.00000,0.00000,0.00000,0.00000,0.000,0.000
20,CR,11,0.00000,0.00000,0.00000,0.00000,0.000,0.000
20,Core,0,-0.04608,0.22088,0.07277,0.05254,0.000,0.000
20,Core,1,-0.62748,0.80000,0.26720,0.31335,0.000,0.050
20,Core,2,-0.05700,0.09060,0.03019,0.03175,0.000,0.000
20,Core,3,-0.02406,0.08017,0.02205,0.01780,0.000,0.000
20,Core,4,-0.05080,0.03730,-0.01046,0.02027,0.000,0.000
20,Core,5,-0.03303,0.01473,-0.00985,0.00832,0.000,0.000
20,Core,6,0.00000,0.00000,0.00000,0.00000,0.000,0.000
20,Core,7,-0.07544,0.22365,0.06990,0.05530,0.000,0.000
20,Core,8,-0.10659,0.05595,-0.02702,0.03914,0.000,0.000
20,Core,9,0.00000,0.00000,0.00000,0.00000,0.000,0.000
20,Core,10,-0.03221,0.01062,-0.00901,0.01064,0.000,0.000
20,Core,11,0.00000,0.00000,0.00000,0.00000,0.000,0.000
20,Moderator,0,-0.22398,0.23346,0.04591,0.09792,0.000,0.000
20,Moderator,1,-0.85541,0.67932,-0.15828,0.29299,0.000,0.000
20,Moderator,2,-0.21457,0.22036,0.04118,0.09372,0.000,0.000
20,Moderator,3,-0.15564,0.17237,0.03289,0.07225,0.000,0.000
20,Moderator,4,0.00000,0.00000,0.00000,0.00000,0.000,0.000
20,Moderator,5,0.00000,0.00000,0.00000,0.00000,0.000,0.000
20,Moderator,6,0.00000,0.00000,0.00000,0.00000,0.000,0.000
20,Moderator,7,-0.49741,0.57781,0.03110,0.19816,0.000,0.000
20,Moderator,8,-0.39038,0.80000,0.05469,0.26926,0.000,0.020
20,Moderator,9,0.00000,0.00000,0.00000,0.00000,0.000,0.000
20,Moderator,10,0.00000,0.00000,0.00000,0.00000,0.000,0.000
20,Moderator,11,0.00000,0.00000,0.00000,0.00000,0.000,0.000
21,CR,0,-0.06227,0.14668,0.03190,0.04356,0.000,0.000
21,CR,1,-0.42622,0.80000,0.10118,0.27371,0.000,0.030
21,CR,2,-0.09277,0.23614,0.03471,0.06632,0.000,0.000
21,CR,3,-0.68372,0.61326,-0.07116,0.29131,0.000,0.000
21,CR,4,0.00000,0.00000,0.00000,0.00000,0.000,0.000
21,CR,5,0.00000,0.00000,0.00000,0.00000,0.000,0.000
21,CR,6,0.00000,0.00000,0.00000,0.00000,0.000,0.000
21,CR,7,-0.98419,0.30584,-0.14051,0.24752,0.000,0.000
21,CR,8,-0.82399,0.57642,-0.09629,0.32034,0.000,0.000
21,CR,9,0.00000,0.00000,0.00000,0.00000,0.000,0.000
21,CR,10,0.00000,0.00000,0.00000,0.00000,0.000,0.000
21,CR,11,0.00000,0.00000,0.00000,0.00000,0.000,0.000
21,Core,0,-0.06184,0.19415,0.05923,0.05570,0.000,0.000
21,Core,1,-0.76067,0.80000,0.23149,0.33894,0.000,0.040
21,Core,2,-0.05559,0.08728,0.03049,0.03061,0.000,0.000
21,Core,3,-0.01541,0.08747,0.02174,0.01699,0.000,0.000
21,Core,4,-0.05440,0.02627,-0.01454,0.01887,0.000,0.000
21,Core,5,-0.03460,0.01209,-0.01106,0.00798,0.000,0.000
21,Core,6,0.00000,0.00000,0.00000,0.00000,0.000,0.000
21,Core,7,-0.08834,0.22104,0.06156,0.05611,0.000,0.000
21,Core,8,-0.10559,0.04439,-0.03036,0.03803,0.000,0.000
21,Core,9,0.00000,0.00000,0.00000,0.00000,0.000,0.000
21,Core,10,-0.03533,0.01492,-0.01110,0.01008,0.000,0.000
21,Core,11,0.00000,0.00000,0.00000,0.00000,0.000,0.000
21,Moderator,0,-0.23205,0.24245,0.03897,0.10162,0.000,0.000
21,Moderator,1,-0.86915,0.76168,-0.13470,0.30735,0.000,0.000
21,Moderator,2,-0.22963,0.22847,0.03507,0.09786,0.000,0.000
21,Moderator,3,-0.15814,0.15769,0.02598,0.07150,0.000,0.000
21,Moderator,4,0.00000,0.00000,0.00000,0.00000,0.000,0.000
21,Moderator,5,0.00000,0.00000,0.00000,0.00000,0.000,0.000
21,Moderator,6,0.00000,0.00000,0.00000,0.00000,0.000,0.000
21,Moderator,7,-0.52557,0.68131,0.04002,0.22237,0.000,0.000
21,Moderator,8,-0.47141,0.80000,0.03191,0.29235,0.000,0.010
21,Moderator,9,0.00000,0.00000,0.00000,0.00000,0.000,0.000
21,Moderator,10,0.00000,0.00000,0.00000,0.00000,0.000,0.000
21,Moderator,11,0.00000,0.00000,0.00000,0.00000,0.000,0.000
22,CR,0,-0.06478,0.19092,0.04592,0.05197,0.000,0.000
22,CR,1,-0.44205,0.80000,0.09132,0.28912,0.000,0.030
22,CR,2,-0.10080,0.25646,0.03371,0.07198,0.000,0.000
22,CR,3,-0.84966,0.59904,-0.12045,0.31694,0.000,0.000
22,CR,4,0.00000,0.00000,0.00000,0.00000,0.000,0.000
22,CR,5,0.00000,0.00000,0.00000,0.00000,0.000,0.000
22,CR,6,0.00000,0.00000,0.00000,0.00000,0.000,0.000
22,CR,7,-1.06715,0.30899,-0.15490,0.25773,0.000,0.000
22,CR,8,-0.84838,0.58375,-0.10669,0.32704,0.000,0.000
22,CR,9,0.00000,0.00000,0.00000,0.00000,0.000,0.000
22,CR,10,0.00000,0.00000,0.00000,0.00000,0.000,0.000
22,CR,11,0.00000,0.00000,0.00000,0.00000,0.000,0.000
22,Core,0,-0.05949,0.22885,0.07219,0.05887,0.000,0.000
22,Core,1,-0.70917,0.80000,0.27359,0.34368,0.000,0.060
22,Core,2,-0.05530,0.09523,0.03469,0.03229,0.000,0.000
22,Core,3,-0.01323,0.09344,0.02436,0.01744,0.000,0.000
22,Core,4,-0.05882,0.02594,-0.01578,0.02011,0.000,0.000
22,Core,5,-0.03697,0.01096,-0.01208,0.00818,0.000,0.000
22,Core,6,0.00000,0.00000,0.00000,0.00000,0.000,0.000
22,Core,7,-0.07808,0.23859,0.07041,0.05692,0.000,0.000
22,Core,8,-0.11493,0.04309,-0.03354,0.03853,0.000,0.000
22,Core,9,0.00000,0.00000,0.00000,0.00000,0.000,0.000
22,Core,10,-0.03905,0.01059,-0.01205,0.01076,0.000,0.000
22,Core,11,0.00000,0.00000,0.00000,0.00000,0.000,0.000
22,Moderator,0,-0.23027,0.24387,0.04452,0.10036,0.000,0.000
22,Moderator,1,-0.89862,0.71346,-0.15706,0.30671,0.000,0.000
22,Moderator,2,-0.22169,0.23092,0.03974,0.09702,0.000,0.000
22,Moderator,3,-0.15235,0.15863,0.02972,0.06847,0.000,0.000
22,Moderator,4,0.00000,0.00000,0.00000,0.00000,0.000,0.000
22,Moderator,5,0.00000,0.00000,0.00000,0.00000,0.000,0.000
22,Moderator,6,0.00000,0.00000,0.00000,0.00000,0.000,0.000
22,Moderator,7,-0.55255,0.72699,0.04780,0.23883,0.000,0.000
22,Moderator,8,-0.50767,0.80000,0.04712,0.31144,0.000,0.020
22,Moderator,9,0.00000,0.00000,0.00000,0.00000,0.000,0.000
22,Moderator,10,0.00000,0.00000,0.00000,0.00000,0.000,0.000
22,Moderator,11,0.00000,0.00000,0.00000,0.00000,0.000,0.000
23,CR,0,-0.04977,0.23667,0.06313,0.05881,0.000,0.000
23,CR,1,-0.46581,0.80000,0.08817,0.29513,0.000,0.030
23,CR,2,-0.11827,0.27918,0.03486,0.07845,0.000,0.000
23,CR,3,-0.95949,0.54824,-0.18679,0.33266,0.000,0.000
23,CR,4,0.00000,0.00000,0.00000,0.00000,0.000,0.000
23,CR,5,0.00000,0.00000,0.00000,0.00000,0.000,0.000
23,CR,6,0.00000,0.00000,0.00000,0.00000,0.000,0.000
23,CR,7,-1.13392,0.30961,-0.17387,0.26275,0.000,0.000
23,CR,8,-0.84183,0.56011,-0.11678,0.31760,0.000,0.000
23,CR,9,0.00000,0.00000,0.00000,0.00000,0.000,0.000
23,CR,10,0.00000,0.00000,0.00000,0.00000,0.000,0.000
23,CR,11,0.00000,0.00000,0.00000,0.00000,0.000,0.000
23,Core,0,-0.05286,0.25800,0.08486,0.06039,0.000,0.000
23,Core,1,-0.65966,0.80000,0.32924,0.35184,0.000,0.120
23,Core,2,-0.05330,0.08286,0.03549,0.02956,0.000,0.000
23,Core,3,-0.00818,0.10348,0.02737,0.01727,0.000,0.000
23,Core,4,-0.05163,0.02888,-0.01340,0.01804,0.000,0.000
23,Core,5,-0.03220,0.01058,-0.01354,0.00830,0.000,0.000
23,Core,6,0.00000,0.00000,0.00000,0.00000,0.000,0.000
23,Core,7,-0.06178,0.25645,0.07668,0.05249,0.000,0.000
23,Core,8,-0.10343,0.03505,-0.03286,0.03519,0.000,0.000
23,Core,9,0.00000,0.00000,0.00000,0.00000,0.000,0.000
23,Core,10,-0.03137,0.00907,-0.01232,0.00861,0.000,0.000
23,Core,11,0.00000,0.00000,0.00000,0.00000,0.000,0.000
23,Moderator,0,-0.22793,0.24315,0.04684,0.10037,0.000,0.000
23,Moderator,1,-0.94825,0.67512,-0.17635,0.31373,0.000,0.000
23,Moderator,2,-0.21975,0.22836,0.04069,0.09710,0.000,0.000
23,Moderator,3,-0.15140,0.16029,0.02941,0.06871,0.000,0.000
23,Moderator,4,0.00000,0.00000,0.00000,0.00000,0.000,0.000
23,Moderator,5,0.00000,0.00000,0.00000,0.00000,0.000,0.000
23,Moderator,6,0.00000,0.00000,0.00000,0.00000,0.000,0.000
23,Moderator,7,-0.54119,0.74889,0.05933,0.24663,0.000,0.000
23,Moderator,8,-0.49961,0.80000,0.04313,0.29484,0.000,0.020
23,Moderator,9,0.00000,0.00000,0.00000,0.00000,0.000,0.000
23,Moderator,10,0.00000,0.00000,0.00000,0.00000,0.000,0.000
23,Moderator,11,0.00000,0.00000,0.00000,0.00000,0.000,0.000
24,CR,0,-0.06032,0.26333,0.06798,0.06535,0.000,0.000
24,CR,1,-0.48576,0.80000,0.06449,0.29534,0.000,0.030
24,CR,2,-0.12888,0.26037,0.03248,0.08106,0.000,0.000
24,CR,3,-0.98816,0.49981,-0.21928,0.33008,0.000,0.000
24,CR,4,0.00000,0.00000,0.00000,0.00000,0.000,0.000
24,CR,5,0.00000,0.00000,0.00000,0.00000,0.000,0.000
24,CR,6,0.00000,0.00000,0.00000,0.00000,0.000,0.000
24,CR,7,-1.00786,0.32243,-0.16255,0.25289,0.000,0.000
24,CR,8,-0.85114,0.57076,-0.11825,0.32321,0.000,0.000
24,CR,9,0.00000,0.00000,0.00000,0.00000,0.000,0.000
24,CR,10,0.00000,0.00000,0.00000,0.00000,0.000,0.000
24,CR,11,0.00000,0.00000,0.00000,0.00000,0.000,0.000
24,Core,0,-0.05045,0.27502,0.08972,0.06297,0.000,0.000
24,Core,1,-0.69677,0.80000,0.32074,0.35960,0.000,0.130
24,Core,2,-0.05140,0.07787,0.03333,0.02714,0.000,0.000
24,Core,3,-0.01419,0.09384,0.02562,0.01692,0.000,0.000
24,Core,4,-0.05051,0.02439,-0.01221,0.01713,0.000,0.000
24,Core,5,-0.03451,0.01033,-0.01260,0.00827,0.000,0.000
24,Core,6,0.00000,0.00000,0.00000,0.00000,0.000,0.000
24,Core,7,-0.07376,0.21881,0.07154,0.04824,0.000,0.000
24,Core,8,-0.09582,0.03574,-0.02983,0.03333,0.000,0.000
24,Core,9,0.00000,0.00000,0.00000,0.00000,0.000,0.000
24,Core,10,-0.03427,0.00786,-0.01129,0.00998,0.000,0.000
24,Core,11,0.00000,0.00000,0.00000,0.00000,0.000,0.000
24,Moderator,0,-0.21166,0.22670,0.04737,0.09514,0.000,0.000
24,Moderator,1,-0.84887,0.65848,-0.16977,0.30508,0.000,0.000
24,Moderator,2,-0.20615,0.21533,0.04081,0.09333,0.000,0.000
24,Moderator,3,-0.13400,0.14430,0.03016,0.06291,0.000,0.000
24,Moderator,4,0.00000,0.00000,0.00000,0.00000,0.000,0.000
24,Moderator,5,0.00000,0.00000,0.00000,0.00000,0.000,0.000
24,Moderator,6,0.00000,0.00000,0.00000,0.00000,0.000,0.000
24,Moderator,7,-0.57646,0.77625,0.05495,0.25648,0.000,0.000
24,Moderator,8,-0.47830,0.80000,0.04239,0.29551,0.000,0.010
24,Moderator,9,0.00000,0.00000,0.00000,0.00000,0.000,0.000
24,Moderator,10,0.00000,0.00000,0.00000,0.00000,0.000,0.000
24,Moderator,11,0.00000,0.00000,0.00000,0.00000,0.000,0.000
25,CR,0,-0.06208,0.26989,0.07110,0.06713,0.000,0.000
25,CR,1,-0.51477,0.80000,0.07482,0.30792,0.000,0.030
25,CR,2,-0.12926,0.25003,0.03092,0.08014,0.000,0.000
25,CR,3,-1.03116,0.50464,-0.23469,0.34380,0.000,0.000
25,CR,4,0.00000,0.00000,0.00000,0.00000,0.000,0.000
25,CR,5,0.00000,0.00000,0.00000,0.00000,0.000,0.000
25,CR,6,0.00000,0.00000,0.00000,0.00000,0.000,0.000
25,CR,7,-0.98704,0.31968,-0.16547,0.25206,0.000,0.000
25,CR,8,-0.86635,0.59488,-0.11493,0.33482,0.000,0.000
25,CR,9,0.00000,0.00000,0.00000,0.00000,0.000,0.000
25,CR,10,0.00000,0.00000,0.00000,0.00000,0.000,0.000
25,CR,11,0.00000,0.00000,0.00000,0.00000,0.000,0.000
25,Core,0,-0.05427,0.28673,0.09280,0.06634,0.000,0.000
25,Core,1,-0.70649,0.80000,0.32354,0.35926,0.000,0.140
25,Core,2,-0.05279,0.08014,0.03592,0.02866,0.000,0.000
25,Core,3,-0.01369,0.09170,0.02626,0.01630,0.000,0.000
25,Core,4,-0.05057,0.01945,-0.01461,0.01661,0.000,0.000
25,Core,5,-0.03441,0.00551,-0.01303,0.00775,0.000,0.000
25,Core,6,0.00000,0.00000,0.00000,0.00000,0.000,0.000
25,Core,7,-0.06469,0.21280,0.07316,0.04770,0.000,0.000
25,Core,8,-0.09634,0.03038,-0.03210,0.03287,0.000,0.000
25,Core,9,0.00000,0.00000,0.00000,0.00000,0.000,0.000
25,Core,10,-0.03527,0.00963,-0.01224,0.01062,0.000,0.000
25,Core,11,0.00000,0.00000,0.00000,0.00000,0.000,0.000
25,Moderator,0,-0.22913,0.24055,0.04901,0.10148,0.000,0.000
25,Moderator,1,-0.83485,0.66558,-0.17458,0.31091,0.000,0.000
25,Moderator,2,-0.22311,0.23058,0.04238,0.09965,0.000,0.000
25,Moderator,3,-0.14613,0.15476,0.03151,0.06750,0.000,0.000
25,Moderator,4,0.00000,0.00000,0.00000,0.00000,0.000,0.000
25,Moderator,5,0.00000,0.00000,0.00000,0.00000,0.000,0.000
25,Moderator,6,0.00000,0.00000,0.00000,0.00000,0.000,0.000
25,Moderator,7,-0.59103,0.80000,0.05771,0.26969,0.000,0.010
25,Moderator,8,-0.51427,0.80000,0.05856,0.31893,0.000,0.020
25,Moderator,9,0.00000,0.00000,0.00000,0.00000,0.000,0.000
25,Moderator,10,0.00000,0.00000,0.00000,0.00000,0.000,0.000
25,Moderator,11,0.00000,0.00000,0.00000,0.00000,0.000,0.000
26,CR,0,-0.04884,0.32202,0.09294,0.07893,0.000,0.000
26,CR,1,-0.55278,0.80000,0.07861,0.32745,0.000,0.030
26,CR,2,-0.14034,0.28257,0.03042,0.08830,0.000,0.000
26,CR,3,-1.23089,0.52820,-0.32696,0.40421,0.000,0.000
26,CR,4,0.00000,0.00000,0.00000,0.00000,0.000,0.000
26,CR,5,0.00000,0.00000,0.00000,0.00000,0.000,0.000
26,CR,6,0.00000,0.00000,0.00000,0.00000,0.000,0.000
26,CR,7,-1.10689,0.33913,-0.18017,0.27055,0.000,0.000
26,CR,8,-0.92032,0.63288,-0.12444,0.35712,0.000,0.000
26,CR,9,0.00000,0.00000,0.00000,0.00000,0.000,0.000
26,CR,10,0.00000,0.00000,0.00000,0.00000,0.000,0.000
26,CR,11,0.00000,0.00000,0.00000,0.00000,0.000,0.000
26,Core,0,-0.04618,0.32277,0.10699,0.07122,0.000,0.000
26,Core,1,-0.71449,0.80000,0.37909,0.36456,0.000,0.230
26,Core,2,-0.04004,0.08907,0.03771,0.02651,0.000,0.000
26,Core,3,-0.01113,0.09198,0.02681,0.01526,0.000,0.000
26,Core,4,-0.05123,0.02892,-0.01314,0.01785,0.000,0.000
26,Core,5,-0.02978,0.00970,-0.01121,0.00845,0.000,0.000
26,Core,6,0.00000,0.00000,0.00000,0.00000,0.000,0.000
26,Core,7,-0.04578,0.22646,0.07913,0.04470,0.000,0.000
26,Core,8,-0.10183,0.03314,-0.03435,0.03486,0.000,0.000
26,Core,9,0.00000,0.00000,0.00000,0.00000,0.000,0.000
26,Core,10,-0.03193,0.01736,-0.01033,0.01073,0.000,0.000
26,Core,11,0.00000,0.00000,0.00000,0.00000,0.000,0.000
26,Moderator,0,-0.22393,0.26759,0.06152,0.10319,0.000,0.000
26,Moderator,1,-0.91354,0.63839,-0.21263,0.32329,0.000,0.000
26,Moderator,2,-0.21848,0.25243,0.05289,0.10106,0.000,0.000
26,Moderator,3,-0.14197,0.17374,0.03984,0.06826,0.000,0.000
26,Moderator,4,0.00000,0.00000,0.00000,0.00000,0.000,0.000
26,Moderator,5,0.00000,0.00000,0.00000,0.00000,0.000,0.000
26,Moderator,6,0.00000,0.00000,0.00000,0.00000,0.000,0.000
26,Moderator,7,-0.58859,0.80000,0.07291,0.28295,0.000,0.010
26,Moderator,8,-0.53367,0.80000,0.05460,0.32043,0.000,0.020
26,Moderator,9,0.00000,0.00000,0.00000,0.00000,0.000,0.000
26,Moderator,10,0.00000,0.00000,0.00000,0.00000,0.000,0.000
26,Moderator,11,0.00000,0.00000,0.00000,0.00000,0.000,0.000
27,CR,0,-0.05214,0.26144,0.07082,0.06365,0.000,0.000
27,CR,1,-0.54523,0.80000,0.11755,0.32201,0.000,0.040
27,CR,2,-0.14095,0.27970,0.03852,0.08723,0.000,0.000
27,CR,3,-0.81428,0.51794,-0.18864,0.30932,0.000,0.000
27,CR,4,0.00000,0.00000,0.00000,0.00000,0.000,0.000
27,CR,5,0.00000,0.00000,0.00000,0.00000,0.000,0.000
27,CR,6,0.00000,0.00000,0.00000,0.00000,0.000,0.000
27,CR,7,-1.06259,0.31725,-0.18366,0.26110,0.000,0.000
27,CR,8,-0.93834,0.65153,-0.11413,0.36431,0.000,0.000
27,CR,9,0.00000,0.00000,0.00000,0.00000,0.000,0.000
27,CR,10,0.00000,0.00000,0.00000,0.00000,0.000,0.000
27,CR,11,0.00000,0.00000,0.00000,0.00000,0.000,0.000
27,Core,0,-0.04927,0.27922,0.09433,0.06607,0.000,0.000
27,Core,1,-0.76997,0.80000,0.35416,0.37853,0.000,0.200
27,Core,2,-0.05341,0.07831,0.03635,0.02795,0.000,0.000
27,Core,3,-0.01442,0.10005,0.02695,0.01673,0.000,0.000
27,Core,4,-0.04937,0.02310,-0.01371,0.01697,0.000,0.000
27,Core,5,-0.03469,0.00501,-0.01290,0.00794,0.000,0.000
27,Core,6,0.00000,0.00000,0.00000,0.00000,0.000,0.000
27,Core,7,-0.07423,0.24034,0.07621,0.05102,0.000,0.000
27,Core,8,-0.09974,0.03843,-0.03303,0.03601,0.000,0.000
27,Core,9,0.00000,0.00000,0.00000,0.00000,0.000,0.000
27,Core,10,-0.03445,0.01084,-0.01199,0.00978,0.000,0.000
27,Core,11,0.00000,0.00000,0.00000,0.00000,0.000,0.000
27,Moderator,0,-0.22449,0.22285,0.04262,0.09963,0.000,0.000
27,Moderator,1,-0.87235,0.74523,-0.16836,0.32052,0.000,0.000
27,Moderator,2,-0.21946,0.20998,0.03589,0.09798,0.000,0.000
27,Moderator,3,-0.14025,0.13186,0.02194,0.06285,0.000,0.000
27,Moderator,4,0.00000,0.00000,0.00000,0.00000,0.000,0.000
27,Moderator,5,0.00000,0.00000,0.00000,0.00000,0.000,0.000
27,Moderator,6,0.00000,0.00000,0.00000,0.00000,0.000,0.000
27,Moderator,7,-0.60725,0.80000,0.07657,0.28658,0.000,0.010
27,Moderator,8,-0.51205,0.80000,0.04289,0.31931,0.000,0.010
27,Moderator,9,0.00000,0.00000,0.00000,0.00000,0.000,0.000
27,Moderator,10,0.00000,0.00000,0.00000,0.00000,0.000,0.000
27,Moderator,11,0.00000,0.00000,0.00000,0.00000,0.000,0.000
28,CR,0,-0.02451,0.35541,0.11450,0.07958,0.000,0.000
28,CR,1,-0.57931,0.80000,0.08991,0.34130,0.000,0.040
28,CR,2,-0.15147,0.26707,0.02506,0.09030,0.000,0.000
28,CR,3,-1.13734,0.50034,-0.33568,0.38348,0.000,0.000
28,CR,4,0.00000,0.00000,0.00000,0.00000,0.000,0.000
28,CR,5,0.00000,0.00000,0.00000,0.00000,0.000,0.000
28,CR,6,0.00000,0.00000,0.00000,0.00000,0.000,0.000
28,CR,7,-1.10885,0.31537,-0.18133,0.26817,0.000,0.000
28,CR,8,-0.96334,0.63522,-0.13965,0.36630,0.000,0.000
28,CR,9,0.00000,0.00000,0.00000,0.00000,0.000,0.000
28,CR,10,0.00000,0.00000,0.00000,0.00000,0.000,0.000
28,CR,11,0.00000,0.00000,0.00000,0.00000,0.000,0.000
28,Core,0,-0.03508,0.34037,0.12353,0.07196,0.000,0.000
28,Core,1,-0.74414,0.80000,0.42849,0.36251,0.000,0.300
28,Core,2,-0.04728,0.09361,0.04105,0.02934,0.000,0.000
28,Core,3,-0.01215,0.08575,0.02671,0.01553,0.000,0.000
28,Core,4,-0.05197,0.02999,-0.01260,0.01866,0.000,0.000
28,Core,5,-0.02678,0.00840,-0.00971,0.00778,0.000,0.000
28,Core,6,0.00000,0.00000,0.00000,0.00000,0.000,0.000
28,Core,7,-0.04895,0.23520,0.08738,0.04987,0.000,0.000
28,Core,8,-0.10659,0.03527,-0.03569,0.03627,0.000,0.000
28,Core,9,0.00000,0.00000,0.00000,0.00000,0.000,0.000
28,Core,10,-0.03189,0.01420,-0.00900,0.01120,0.000,0.000
28,Core,11,0.00000,0.00000,0.00000,0.00000,0.000,0.000
28,Moderator,0,-0.23149,0.25167,0.05617,0.10577,0.000,0.000
28,Moderator,1,-0.93539,0.65555,-0.22159,0.33121,0.000,0.000
28,Moderator,2,-0.22714,0.23235,0.04496,0.10394,0.000,0.000
28,Moderator,3,-0.14453,0.15367,0.03267,0.06731,0.000,0.000
28,Moderator,4,0.00000,0.00000,0.00000,0.00000,0.000,0.000
28,Moderator,5,0.00000,0.00000,0.00000,0.00000,0.000,0.000
28,Moderator,6,0.00000,0.00000,0.00000,0.00000,0.000,0.000
28,Moderator,7,-0.62590,0.80000,0.08113,0.29935,0.000,0.010
28,Moderator,8,-0.51208,0.80000,0.08548,0.32912,0.000,0.020
28,Moderator,9,0.00000,0.00000,0.00000,0.00000,0.000,0.000
28,Moderator,10,0.00000,0.00000,0.00000,0.00000,0.000,0.000
28,Moderator,11,0.00000,0.00000,0.00000,0.00000,0.000,0.000
29,CR,0,-0.01935,0.40338,0.13502,0.09414,0.000,0.000
29,CR,1,-0.58104,0.80000,0.05983,0.34089,0.000,0.040
29,CR,2,-0.16083,0.23939,0.01018,0.09034,0.000,0.000
29,CR,3,-1.30912,0.52197,-0.38553,0.42855,0.000,0.000
29,CR,4,0.00000,0.00000,0.00000,0.00000,0.000,0.000
29,CR,5,0.00000,0.00000,0.00000,0.00000,0.000,0.000
29,CR,6,0.00000,0.00000,0.00000,0.00000,0.000,0.000
29,CR,7,-0.98179,0.30454,-0.16466,0.25295,0.000,0.000
29,CR,8,-0.95400,0.61126,-0.15536,0.35880,0.000,0.000
29,CR,9,0.00000,0.00000,0.00000,0.00000,0.000,0.000
29,CR,10,0.00000,0.00000,0.00000,0.00000,0.000,0.000
29,CR,11,0.00000,0.00000,0.00000,0.00000,0.000,0.000
29,Core,0,-0.03008,0.35753,0.13048,0.07646,0.000,0.000
29,Core,1,-0.74054,0.80000,0.42501,0.36070,0.000,0.290
29,Core,2,-0.03985,0.09201,0.04289,0.02862,0.000,0.000
29,Core,3,-0.01967,0.09494,0.02674,0.01727,0.000,0.000
29,Core,4,-0.05940,0.02631,-0.01306,0.02031,0.000,0.000
29,Core,5,-0.03411,0.01319,-0.00988,0.00934,0.000,0.000
29,Core,6,0.00000,0.00000,0.00000,0.00000,0.000,0.000
29,Core,7,-0.05246,0.22395,0.08792,0.04876,0.000,0.000
29,Core,8,-0.11553,0.03903,-0.03713,0.03947,0.000,0.000
29,Core,9,0.00000,0.00000,0.00000,0.00000,0.000,0.000
29,Core,10,-0.03653,0.01318,-0.00927,0.01206,0.000,0.000
29,Core,11,0.00000,0.00000,0.00000,0.00000,0.000,0.000
29,Moderator,0,-0.22303,0.24763,0.05584,0.10151,0.000,0.000
29,Moderator,1,-0.86189,0.63892,-0.21963,0.31991,0.000,0.000
29,Moderator,2,-0.21830,0.22255,0.04280,0.09901,0.000,0.000
29,Moderator,3,-0.13745,0.14896,0.03282,0.06450,0.000,0.000
29,Moderator,4,0.00000,0.00000,0.00000,0.00000,0.000,0.000
29,Moderator,5,0.00000,0.00000,0.00000,0.00000,0.000,0.000
29,Moderator,6,0.00000,0.00000,0.00000,0.00000,0.000,0.000
29,Moderator,7,-0.64377,0.80000,0.07435,0.29803,0.000,0.010
29,Moderator,8,-0.44977,0.80000,0.08566,0.30765,0.000,0.020
29,Moderator,9,0.00000,0.00000,0.00000,0.00000,0.000,0.000
29,Moderator,10,0.00000,0.00000,0.00000,0.00000,0.000,0.000
29,Moderator,11,0.00000,0.00000,0.00000,0.00000,0.000,0.000
30,CR,0,-0.03188,0.39416,0.12779,0.09322,0.000,0.000
30,CR,1,-0.58859,0.80000,0.01789,0.33041,0.000,0.030
30,CR,2,-0.15688,0.23757,0.01316,0.08910,0.000,0.000
30,CR,3,-1.25262,0.56061,-0.35677,0.43004,0.000,0.000
30,CR,4,0.00000,0.00000,0.00000,0.00000,0.000,0.000
30,CR,5,0.00000,0.00000,0.00000,0.00000,0.000,0.000
30,CR,6,0.00000,0.00000,0.00000,0.00000,0.000,0.000
30,CR,7,-0.93233,0.29484,-0.16505,0.24990,0.000,0.000
30,CR,8,-0.98387,0.62537,-0.16872,0.36668,0.000,0.000
30,CR,9,0.00000,0.00000,0.00000,0.00000,0.000,0.000
30,CR,10,0.00000,0.00000,0.00000,0.00000,0.000,0.000
30,CR,11,0.00000,0.00000,0.00000,0.00000,0.000,0.000
30,Core,0,-0.03998,0.34694,0.12273,0.07763,0.000,0.000
30,Core,1,-0.77529,0.80000,0.41393,0.36992,0.000,0.290
30,Core,2,-0.04545,0.09073,0.04244,0.02852,0.000,0.000
30,Core,3,-0.01558,0.09302,0.02826,0.01666,0.000,0.000
30,Core,4,-0.04908,0.02420,-0.01247,0.01790,0.000,0.000
30,Core,5,-0.03602,0.00944,-0.01169,0.00859,0.000,0.000
30,Core,6,0.00000,0.00000,0.00000,0.00000,0.000,0.000
30,Core,7,-0.05200,0.21484,0.08853,0.04897,0.000,0.000
30,Core,8,-0.10954,0.03563,-0.03670,0.03709,0.000,0.000
30,Core,9,0.00000,0.00000,0.00000,0.00000,0.000,0.000
30,Core,10,-0.03646,0.01307,-0.01051,0.01104,0.000,0.000
30,Core,11,0.00000,0.00000,0.00000,0.00000,0.000,0.000
30,Moderator,0,-0.23612,0.26509,0.05567,0.10769,0.000,0.000
30,Moderator,1,-0.87313,0.65974,-0.21769,0.33062,0.000,0.000
30,Moderator,2,-0.23149,0.23855,0.04247,0.10529,0.000,0.000
30,Moderator,3,-0.14825,0.17170,0.03543,0.07017,0.000,0.000
30,Moderator,4,0.00000,0.00000,0.00000,0.00000,0.000,0.000
30,Moderator,5,0.00000,0.00000,0.00000,0.00000,0.000,0.000
30,Moderator,6,0.00000,0.00000,0.00000,0.00000,0.000,0.000
30,Moderator,7,-0.66317,0.80000,0.06346,0.30255,0.000,0.010
30,Moderator,8,-0.45814,0.80000,0.09601,0.31308,0.000,0.020
30,Moderator,9,0.00000,0.00000,0.00000,0.00000,0.000,0.000
30,Moderator,10,0.00000,0.00000,0.00000,0.00000,0.000,0.000
30,Moderator,11,0.00000,0.00000,0.00000,0.00000,0.000,0.000
31,CR,0,-0.01894,0.44651,0.15069,0.10483,0.000,0.000
31,CR,1,-0.59587,0.80000,0.02706,0.34050,0.000,0.030
31,CR,2,-0.17135,0.23797,0.00812,0.09049,0.000,0.000
31,CR,3,-1.32824,0.56773,-0.38826,0.45318,0.000,0.000
31,CR,4,0.00000,0.00000,0.00000,0.00000,0.000,0.000
31,CR,5,0.00000,0.00000,0.00000,0.00000,0.000,0.000
31,CR,6,0.00000,0.00000,0.00000,0.00000,0.000,0.000
31,CR,7,-1.01731,0.28912,-0.18243,0.25692,0.000,0.000
31,CR,8,-1.00854,0.64732,-0.16989,0.37758,0.000,0.000
31,CR,9,0.00000,0.00000,0.00000,0.00000,0.000,0.000
31,CR,10,0.00000,0.00000,0.00000,0.00000,0.000,0.000
31,CR,11,0.00000,0.00000,0.00000,0.00000,0.000,0.000
31,Core,0,-0.03734,0.37586,0.13376,0.08178,0.000,0.000
31,Core,1,-0.75733,0.80000,0.45617,0.35848,0.000,0.320
31,Core,2,-0.04272,0.08766,0.04378,0.02912,0.000,0.000
31,Core,3,-0.01271,0.09098,0.02885,0.01686,0.000,0.000
31,Core,4,-0.05531,0.03443,-0.00971,0.02162,0.000,0.000
31,Core,5,-0.03586,0.01290,-0.01045,0.00908,0.000,0.000
31,Core,6,0.00000,0.00000,0.00000,0.00000,0.000,0.000
31,Core,7,-0.03787,0.23226,0.09581,0.04980,0.000,0.000
31,Core,8,-0.11338,0.04314,-0.03598,0.04050,0.000,0.000
31,Core,9,0.00000,0.00000,0.00000,0.00000,0.000,0.000
31,Core,10,-0.03889,0.01721,-0.00867,0.01316,0.000,0.000
31,Core,11,0.00000,0.00000,0.00000,0.00000,0.000,0.000
31,Moderator,0,-0.24276,0.26341,0.05316,0.10888,0.000,0.000
31,Moderator,1,-0.90796,0.66869,-0.23268,0.34062,0.000,0.000
31,Moderator,2,-0.23899,0.23166,0.03749,0.10635,0.000,0.000
31,Moderator,3,-0.15432,0.16292,0.03042,0.06998,0.000,0.000
31,Moderator,4,0.00000,0.00000,0.00000,0.00000,0.000,0.000
31,Moderator,5,0.00000,0.00000,0.00000,0.00000,0.000,0.000
31,Moderator,6,0.00000,0.00000,0.00000,0.00000,0.000,0.000
31,Moderator,7,-0.65964,0.80000,0.07754,0.31183,0.000,0.010
31,Moderator,8,-0.45400,0.80000,0.10559,0.31307,0.000,0.020
31,Moderator,9,0.00000,0.00000,0.00000,0.00000,0.000,0.000
31,Moderator,10,0.00000,0.00000,0.00000,0.00000,0.000,0.000
31,Moderator,11,0.00000,0.00000,0.00000,0.00000,0.000,0.000
32,CR,0,-0.01021,0.47298,0.16314,0.10841,0.000,0.000
32,CR,1,-0.63024,0.80000,0.00559,0.34451,0.000,0.030
32,CR,2,-0.17542,0.22817,0.00703,0.09162,0.000,0.000
32,CR,3,-1.36877,0.54944,-0.41892,0.46213,0.000,0.000
32,CR,4,0.00000,0.00000,0.00000,0.00000,0.000,0.000
32,CR,5,0.00000,0.00000,0.00000,0.00000,0.000,0.000
32,CR,6,0.00000,0.00000,0.00000,0.00000,0.000,0.000
32,CR,7,-0.97017,0.29526,-0.17794,0.25702,0.000,0.000
32,CR,8,-0.99759,0.62178,-0.18116,0.37171,0.000,0.000
32,CR,9,0.00000,0.00000,0.00000,0.00000,0.000,0.000
32,CR,10,0.00000,0.00000,0.00000,0.00000,0.000,0.000
32,CR,11,0.00000,0.00000,0.00000,0.00000,0.000,0.000
32,Core,0,-0.02852,0.40516,0.14799,0.08692,0.000,0.000
32,Core,1,-0.78035,0.80000,0.47058,0.36045,0.000,0.350
32,Core,2,-0.03317,0.09316,0.04867,0.02795,0.000,0.000
32,Core,3,-0.01553,0.09134,0.03101,0.01679,0.000,0.000
32,Core,4,-0.05202,0.02582,-0.01272,0.01842,0.000,0.000
32,Core,5,-0.03518,0.00513,-0.01214,0.00798,0.000,0.000
32,Core,6,0.00000,0.00000,0.00000,0.00000,0.000,0.000
32,Core,7,-0.03712,0.22930,0.10087,0.05064,0.000,0.000
32,Core,8,-0.12307,0.03139,-0.04032,0.03737,0.000,0.000
32,Core,9,0.00000,0.00000,0.00000,0.00000,0.000,0.000
32,Core,10,-0.03708,0.01241,-0.01074,0.01175,0.000,0.000
32,Core,11,0.00000,0.00000,0.00000,0.00000,0.000,0.000
32,Moderator,0,-0.24240,0.26707,0.05458,0.10988,0.000,0.000
32,Moderator,1,-0.91813,0.67056,-0.24099,0.34383,0.000,0.000
32,Moderator,2,-0.23988,0.23166,0.03686,0.10764,0.000,0.000
32,Moderator,3,-0.14914,0.16694,0.03261,0.06998,0.000,0.000
32,Moderator,4,0.00000,0.00000,0.00000,0.00000,0.000,0.000
32,Moderator,5,0.00000,0.00000,0.00000,0.00000,0.000,0.000
32,Moderator,6,0.00000,0.00000,0.00000,0.00000,0.000,0.000
32,Moderator,7,-0.68906,0.80000,0.07162,0.31868,0.000,0.010
32,Moderator,8,-0.46088,0.80000,0.12499,0.32705,0.000,0.040
32,Moderator,9,0.00000,0.00000,0.00000,0.00000,0.000,0.000
32,Moderator,10,0.00000,0.00000,0.00000,0.00000,0.000,0.000
32,Moderator,11,0.00000,0.00000,0.00000,0.00000,0.000,0.000
33,CR,0,0.01788,0.59709,0.21603,0.13038,0.000,0.000
33,CR,1,-0.66957,0.80000,-0.02141,0.35300,0.000,0.030
33,CR,2,-0.22289,0.22046,-0.01372,0.09727,0.000,0.000
33,CR,3,-1.66432,0.50758,-0.54511,0.52414,0.000,0.000
33,CR,4,0.00000,0.00000,0.00000,0.00000,0.000,0.000
33,CR,5,0.00000,0.00000,0.00000,0.00000,0.000,0.000
33,CR,6,0.00000,0.00000,0.00000,0.00000,0.000,0.000
33,CR,7,-1.05250,0.31116,-0.19095,0.26964,0.000,0.000
33,CR,8,-1.02786,0.60444,-0.19777,0.37155,0.000,0.000
33,CR,9,0.00000,0.00000,0.00000,0.00000,0.000,0.000
33,CR,10,0.00000,0.00000,0.00000,0.00000,0.000,0.000
33,CR,11,0.00000,0.00000,0.00000,0.00000,0.000,0.000
33,Core,0,-0.01486,0.43907,0.16741,0.09236,0.000,0.000
33,Core,1,-0.73969,0.80000,0.53160,0.33612,0.000,0.440
33,Core,2,-0.03514,0.09925,0.04852,0.02827,0.000,0.000
33,Core,3,-0.01145,0.09557,0.03087,0.01642,0.000,0.000
33,Core,4,-0.04853,0.04200,-0.00356,0.02217,0.000,0.000
33,Core,5,-0.03084,0.01396,-0.00912,0.00875,0.000,0.000
33,Core,6,0.00000,0.00000,0.00000,0.00000,0.000,0.000
33,Core,7,-0.03066,0.25027,0.11216,0.04950,0.000,0.000
33,Core,8,-0.10734,0.04416,-0.03325,0.03818,0.000,0.000
33,Core,9,0.00000,0.00000,0.00000,0.00000,0.000,0.000
33,Core,10,-0.03338,0.01845,-0.00590,0.01242,0.000,0.000
33,Core,11,0.00000,0.00000,0.00000,0.00000,0.000,0.000
33,Moderator,0,-0.23656,0.26544,0.05470,0.10737,0.000,0.000
33,Moderator,1,-0.98422,0.65111,-0.27434,0.34732,0.000,0.000
33,Moderator,2,-0.23647,0.22232,0.03269,0.10501,0.000,0.000
33,Moderator,3,-0.14253,0.15935,0.03037,0.06717,0.000,0.000
33,Moderator,4,0.00000,0.00000,0.00000,0.00000,0.000,0.000
33,Moderator,5,0.00000,0.00000,0.00000,0.00000,0.000,0.000
33,Moderator,6,0.00000,0.00000,0.00000,0.00000,0.000,0.000
33,Moderator,7,-0.68495,0.80000,0.08355,0.32676,0.000,0.010
33,Moderator,8,-0.47476,0.80000,0.15332,0.33600,0.000,0.050
33,Moderator,9,0.00000,0.00000,0.00000,0.00000,0.000,0.000
33,Moderator,10,0.00000,0.00000,0.00000,0.00000,0.000,0.000
33,Moderator,11,0.00000,0.00000,0.00000,0.00000,0.000,0.000
34,CR,0,0.03771,0.73273,0.26105,0.15410,0.000,0.000
34,CR,1,-0.78429,0.80000,-0.08512,0.37886,0.000,0.030
34,CR,2,-0.27379,0.19579,-0.03928,0.10415,0.000,0.000
34,CR,3,-1.80000,0.47394,-0.67958,0.58970,0.010,0.000
34,CR,4,0.00000,0.00000,0.00000,0.00000,0.000,0.000
34,CR,5,0.00000,0.00000,0.00000,0.00000,0.000,0.000
34,CR,6,0.00000,0.00000,0.00000,0.00000,0.000,0.000
34,CR,7,-1.02895,0.33378,-0.15978,0.26893,0.000,0.000
34,CR,8,-1.05779,0.59279,-0.21039,0.37333,0.000,0.000
34,CR,9,0.00000,0.00000,0.00000,0.00000,0.000,0.000
34,CR,10,0.00000,0.00000,0.00000,0.00000,0.000,0.000
34,CR,11,0.00000,0.00000,0.00000,0.00000,0.000,0.000
34,Core,0,-0.00165,0.47392,0.18789,0.09893,0.000,0.000
34,Core,1,-0.74342,0.80000,0.53869,0.33656,0.000,0.470
34,Core,2,-0.01778,0.11343,0.05448,0.02723,0.000,0.000
34,Core,3,-0.01292,0.10455,0.03501,0.01812,0.000,0.000
34,Core,4,-0.05076,0.04286,-0.00509,0.02203,0.000,0.000
34,Core,5,-0.03271,0.00686,-0.01294,0.00835,0.000,0.000
34,Core,6,0.00000,0.00000,0.00000,0.00000,0.000,0.000
34,Core,7,-0.03035,0.26136,0.11780,0.05223,0.000,0.000
34,Core,8,-0.12284,0.04347,-0.03684,0.04005,0.000,0.000
34,Core,9,0.00000,0.00000,0.00000,0.00000,0.000,0.000
34,Core,10,-0.03311,0.01584,-0.00908,0.01152,0.000,0.000
34,Core,11,0.00000,0.00000,0.00000,0.00000,0.000,0.000
34,Moderator,0,-0.25074,0.30347,0.06719,0.11891,0.000,0.000
34,Moderator,1,-1.06082,0.67239,-0.30417,0.37048,0.000,0.000
34,Moderator,2,-0.25483,0.24861,0.03881,0.11604,0.000,0.000
34,Moderator,3,-0.15400,0.20746,0.04833,0.07939,0.000,0.000
34,Moderator,4,0.00000,0.00000,0.00000,0.00000,0.000,0.000
34,Moderator,5,0.00000,0.00000,0.00000,0.00000,0.000,0.000
34,Moderator,6,0.00000,0.00000,0.00000,0.00000,0.000,0.000
34,Moderator,7,-0.73604,0.80000,0.06195,0.33420,0.000,0.010
34,Moderator,8,-0.40579,0.80000,0.23731,0.32684,0.000,0.090
34,Moderator,9,0.00000,0.00000,0.00000,0.00000,0.000,0.000
34,Moderator,10,0.00000,0.00000,0.00000,0.00000,0.000,0.000
34,Moderator,11,0.00000,0.00000,0.00000,0.00000,0.000,0.000
35,CR,0,0.04628,0.78545,0.28416,0.16374,0.000,0.000
35,CR,1,-0.69056,0.80000,-0.02945,0.36536,0.000,0.030
35,CR,2,-0.27314,0.16761,-0.04438,0.09921,0.000,0.000
35,CR,3,-1.80000,0.46280,-0.76355,0.63628,0.050,0.000
35,CR,4,0.00000,0.00000,0.00000,0.00000,0.000,0.000
35,CR,5,0.00000,0.00000,0.00000,0.00000,0.000,0.000
35,CR,6,0.00000,0.00000,0.00000,0.00000,0.000,0.000
35,CR,7,-0.96156,0.30027,-0.19951,0.26494,0.000,0.000
35,CR,8,-1.14003,0.57701,-0.24580,0.38277,0.000,0.000
35,CR,9,0.00000,0.00000,0.00000,0.00000,0.000,0.000
35,CR,10,0.00000,0.00000,0.00000,0.00000,0.000,0.000
35,CR,11,0.00000,0.00000,0.00000,0.00000,0.000,0.000
35,Core,0,-0.00153,0.47372,0.18443,0.09888,0.000,0.000
35,Core,1,-0.74735,0.80000,0.56545,0.32269,0.000,0.520
35,Core,2,-0.01047,0.13411,0.06390,0.02835,0.000,0.000
35,Core,3,-0.00993,0.09897,0.03443,0.01630,0.000,0.000
35,Core,4,-0.05292,0.03958,-0.00660,0.02196,0.000,0.000
35,Core,5,-0.03054,0.01307,-0.00981,0.00954,0.000,0.000
35,Core,6,0.00000,0.00000,0.00000,0.00000,0.000,0.000
35,Core,7,-0.02602,0.26374,0.13164,0.05394,0.000,0.000
35,Core,8,-0.13431,0.03227,-0.04340,0.03897,0.000,0.000
35,Core,9,0.00000,0.00000,0.00000,0.00000,0.000,0.000
35,Core,10,-0.03171,0.01953,-0.00702,0.01323,0.000,0.000
35,Core,11,0.00000,0.00000,0.00000,0.00000,0.000,0.000
35,Moderator,0,-0.23454,0.28716,0.06457,0.11257,0.000,0.000
35,Moderator,1,-1.12779,0.64677,-0.33357,0.37596,0.000,0.000
35,Moderator,2,-0.23552,0.23926,0.03952,0.10960,0.000,0.000
35,Moderator,3,-0.13974,0.16887,0.03736,0.06977,0.000,0.000
35,Moderator,4,0.00000,0.00000,0.00000,0.00000,0.000,0.000
35,Moderator,5,0.00000,0.00000,0.00000,0.00000,0.000,0.000
35,Moderator,6,0.00000,0.00000,0.00000,0.00000,0.000,0.000
35,Moderator,7,-0.68954,0.80000,0.12254,0.34314,0.000,0.030
35,Moderator,8,-0.42498,0.80000,0.19479,0.32585,0.000,0.050
35,Moderator,9,0.00000,0.00000,0.00000,0.00000,0.000,0.000
35,Moderator,10,0.00000,0.00000,0.00000,0.00000,0.000,0.000
35,Moderator,11,0.00000,0.00000,0.00000,0.00000,0.000,0.000
36,CR,0,0.04309,0.73253,0.27276,0.15387,0.000,0.000
36,CR,1,-0.72666,0.80000,-0.05692,0.35753,0.000,0.020
36,CR,2,-0.26221,0.17621,-0.03746,0.09811,0.000,0.000
36,CR,3,-1.80000,0.47329,-0.67733,0.58774,0.010,0.000
36,CR,4,0.00000,0.00000,0.00000,0.00000,0.000,0.000
36,CR,5,0.00000,0.00000,0.00000,0.00000,0.000,0.000
36,CR,6,0.00000,0.00000,0.00000,0.00000,0.000,0.000
36,CR,7,-0.95228,0.28725,-0.19201,0.25848,0.000,0.000
36,CR,8,-1.14119,0.54933,-0.25724,0.37379,0.000,0.000
36,CR,9,0.00000,0.00000,0.00000,0.00000,0.000,0.000
36,CR,10,0.00000,0.00000,0.00000,0.00000,0.000,0.000
36,CR,11,0.00000,0.00000,0.00000,0.00000,0.000,0.000
36,Core,0,-0.00308,0.46668,0.18308,0.09796,0.000,0.000
36,Core,1,-0.75792,0.80000,0.56182,0.32679,0.000,0.520
36,Core,2,-0.01418,0.10997,0.05785,0.02719,0.000,0.000
36,Core,3,-0.00966,0.09487,0.03411,0.01597,0.000,0.000
36,Core,4,-0.04876,0.05038,-0.00161,0.02359,0.000,0.000
36,Core,5,-0.03222,0.00908,-0.01054,0.00885,0.000,0.000
36,Core,6,0.00000,0.00000,0.00000,0.00000,0.000,0.000
36,Core,7,-0.02380,0.25352,0.12521,0.05225,0.000,0.000
36,Core,8,-0.12244,0.04333,-0.03684,0.04087,0.000,0.000
36,Core,9,0.00000,0.00000,0.00000,0.00000,0.000,0.000
36,Core,10,-0.03222,0.02014,-0.00634,0.01353,0.000,0.000
36,Core,11,0.00000,0.00000,0.00000,0.00000,0.000,0.000
36,Moderator,0,-0.23493,0.30796,0.07214,0.11739,0.000,0.000
36,Moderator,1,-1.13701,0.64723,-0.33613,0.37845,0.000,0.000
36,Moderator,2,-0.23323,0.25863,0.04726,0.11305,0.000,0.000
36,Moderator,3,-0.14192,0.19789,0.04721,0.07609,0.000,0.000
36,Moderator,4,0.00000,0.00000,0.00000,0.00000,0.000,0.000
36,Moderator,5,0.00000,0.00000,0.00000,0.00000,0.000,0.000
36,Moderator,6,0.00000,0.00000,0.00000,0.00000,0.000,0.000
36,Moderator,7,-0.68021,0.80000,0.10053,0.33520,0.000,0.020
36,Moderator,8,-0.43541,0.80000,0.16845,0.32597,0.000,0.040
36,Moderator,9,0.00000,0.00000,0.00000,0.00000,0.000,0.000
36,Moderator,10,0.00000,0.00000,0.00000,0.00000,0.000,0.000
36,Moderator,11,0.00000,0.00000,0.00000,0.00000,0.000,0.000
37,CR,0,0.04426,0.69976,0.26998,0.14537,0.000,0.000
37,CR,1,-0.64353,0.80000,0.04051,0.37393,0.000,0.040
37,CR,2,-0.24743,0.20227,-0.02689,0.09915,0.000,0.000
37,CR,3,-1.68970,0.49041,-0.62483,0.55518,0.000,0.000
37,CR,4,0.00000,0.00000,0.00000,0.00000,0.000,0.000
37,CR,5,0.00000,0.00000,0.00000,0.00000,0.000,0.000
37,CR,6,0.00000,0.00000,0.00000,0.00000,0.000,0.000
37,CR,7,-1.10159,0.28268,-0.21830,0.27391,0.000,0.000
37,CR,8,-1.14323,0.58178,-0.24649,0.38674,0.000,0.000
37,CR,9,0.00000,0.00000,0.00000,0.00000,0.000,0.000
37,CR,10,0.00000,0.00000,0.00000,0.00000,0.000,0.000
37,CR,11,0.00000,0.00000,0.00000,0.00000,0.000,0.000
37,Core,0,-0.00601,0.46722,0.18435,0.09594,0.000,0.000
37,Core,1,-0.79098,0.80000,0.57027,0.32732,0.000,0.520
37,Core,2,-0.02027,0.10539,0.05767,0.02804,0.000,0.000
37,Core,3,-0.00882,0.10297,0.03594,0.01615,0.000,0.000
37,Core,4,-0.04776,0.05360,0.00013,0.02465,0.000,0.000
37,Core,5,-0.03057,0.01275,-0.01121,0.00932,0.000,0.000
37,Core,6,0.00000,0.00000,0.00000,0.00000,0.000,0.000
37,Core,7,-0.02310,0.28112,0.12816,0.05377,0.000,0.000
37,Core,8,-0.11551,0.04657,-0.03628,0.04075,0.000,0.000
37,Core,9,0.00000,0.00000,0.00000,0.00000,0.000,0.000
37,Core,10,-0.03175,0.02377,-0.00638,0.01436,0.000,0.000
37,Core,11,0.00000,0.00000,0.00000,0.00000,0.000,0.000
37,Moderator,0,-0.23639,0.29923,0.06814,0.11614,0.000,0.000
37,Moderator,1,-1.12648,0.65415,-0.33563,0.38253,0.000,0.000
37,Moderator,2,-0.23564,0.25281,0.04352,0.11239,0.000,0.000
37,Moderator,3,-0.14258,0.17801,0.03882,0.07170,0.000,0.000
37,Moderator,4,0.00000,0.00000,0.00000,0.00000,0.000,0.000
37,Moderator,5,0.00000,0.00000,0.00000,0.00000,0.000,0.000
37,Moderator,6,0.00000,0.00000,0.00000,0.00000,0.000,0.000
37,Moderator,7,-0.67956,0.80000,0.12232,0.34778,0.000,0.040
37,Moderator,8,-0.45288,0.80000,0.16549,0.33334,0.000,0.040
37,Moderator,9,0.00000,0.00000,0.00000,0.00000,0.000,0.000
37,Moderator,10,0.00000,0.00000,0.00000,0.00000,0.000,0.000
37,Moderator,11,0.00000,0.00000,0.00000,0.00000,0.000,0.000
38,CR,0,0.03724,0.72073,0.28498,0.15368,0.000,0.000
38,CR,1,-0.66070,0.80000,0.00281,0.35405,0.000,0.030
38,CR,2,-0.25850,0.19079,-0.03432,0.09770,0.000,0.000
38,CR,3,-1.66774,0.48848,-0.61865,0.55493,0.000,0.000
38,CR,4,0.00000,0.00000,0.00000,0.00000,0.000,0.000
38,CR,5,0.00000,0.00000,0.00000,0.00000,0.000,0.000
38,CR,6,0.00000,0.00000,0.00000,0.00000,0.000,0.000
38,CR,7,-1.06865,0.26669,-0.21668,0.26497,0.000,0.000
38,CR,8,-1.16718,0.53894,-0.26757,0.37753,0.000,0.000
38,CR,9,0.00000,0.00000,0.00000,0.00000,0.000,0.000
38,CR,10,0.00000,0.00000,0.00000,0.00000,0.000,0.000
38,CR,11,0.00000,0.00000,0.00000,0.00000,0.000,0.000
38,Core,0,0.00057,0.47171,0.18929,0.09791,0.000,0.000
38,Core,1,-0.82060,0.80000,0.56830,0.33184,0.000,0.520
38,Core,2,-0.01271,0.10880,0.06175,0.02696,0.000,0.000
38,Core,3,-0.01252,0.10152,0.03504,0.01756,0.000,0.000
38,Core,4,-0.04651,0.04492,-0.00395,0.02156,0.000,0.000
38,Core,5,-0.03339,0.00795,-0.01061,0.00889,0.000,0.000
38,Core,6,0.00000,0.00000,0.00000,0.00000,0.000,0.000
38,Core,7,-0.02838,0.28451,0.12858,0.05531,0.000,0.000
38,Core,8,-0.13465,0.03421,-0.04238,0.03892,0.000,0.000
38,Core,9,0.00000,0.00000,0.00000,0.00000,0.000,0.000
38,Core,10,-0.03369,0.01973,-0.00704,0.01354,0.000,0.000
38,Core,11,0.00000,0.00000,0.00000,0.00000,0.000,0.000
38,Moderator,0,-0.23849,0.29538,0.06597,0.11580,0.000,0.000
38,Moderator,1,-1.12953,0.65739,-0.33413,0.38166,0.000,0.000
38,Moderator,2,-0.23746,0.24865,0.04136,0.11214,0.000,0.000
38,Moderator,3,-0.14479,0.17438,0.03631,0.07110,0.000,0.000
38,Moderator,4,0.00000,0.00000,0.00000,0.00000,0.000,0.000
38,Moderator,5,0.00000,0.00000,0.00000,0.00000,0.000,0.000
38,Moderator,6,0.00000,0.00000,0.00000,0.00000,0.000,0.000
38,Moderator,7,-0.67883,0.80000,0.12157,0.34505,0.000,0.040
38,Moderator,8,-0.45422,0.80000,0.14869,0.33664,0.000,0.040
38,Moderator,9,0.00000,0.00000,0.00000,0.00000,0.000,0.000
38,Moderator,10,0.00000,0.00000,0.00000,0.00000,0.000,0.000
38,Moderator,11,0.00000,0.00000,0.00000,0.00000,0.000,0.000
39,CR,0,0.04479,0.74335,0.29968,0.15726,0.000,0.000
39,CR,1,-0.66156,0.80000,0.01950,0.36099,0.000,0.040
39,CR,2,-0.26813,0.18756,-0.03709,0.10023,0.000,0.000
39,CR,3,-1.69796,0.47991,-0.63491,0.56292,0.000,0.000
39,CR,4,0.00000,0.00000,0.00000,0.00000,0.000,0.000
39,CR,5,0.00000,0.00000,0.00000,0.00000,0.000,0.000
39,CR,6,0.00000,0.00000,0.00000,0.00000,0.000,0.000
39,CR,7,-1.09907,0.27112,-0.21421,0.26997,0.000,0.000
39,CR,8,-1.17976,0.54345,-0.26328,0.37616,0.000,0.000
39,CR,9,0.00000,0.00000,0.00000,0.00000,0.000,0.000
39,CR,10,0.00000,0.00000,0.00000,0.00000,0.000,0.000
39,CR,11,0.00000,0.00000,0.00000,0.00000,0.000,0.000
39,Core,0,-0.00064,0.48614,0.19591,0.10088,0.000,0.000
39,Core,1,-0.84127,0.80000,0.57557,0.33235,0.000,0.530
39,Core,2,-0.01611,0.11057,0.06267,0.02770,0.000,0.000
39,Core,3,-0.01451,0.10896,0.03509,0.01792,0.000,0.000
39,Core,4,-0.04873,0.04649,-0.00321,0.02265,0.000,0.000
39,Core,5,-0.02973,0.00965,-0.01023,0.00870,0.000,0.000
39,Core,6,0.00000,0.00000,0.00000,0.00000,0.000,0.000
39,Core,7,-0.03471,0.30729,0.13070,0.05781,0.000,0.000
39,Core,8,-0.13402,0.03512,-0.04213,0.03935,0.000,0.000
39,Core,9,0.00000,0.00000,0.00000,0.00000,0.000,0.000
39,Core,10,-0.02968,0.02023,-0.00655,0.01351,0.000,0.000
39,Core,11,0.00000,0.00000,0.00000,0.00000,0.000,0.000
39,Moderator,0,-0.24010,0.30103,0.06501,0.11618,0.000,0.000
39,Moderator,1,-1.14642,0.67663,-0.33633,0.39118,0.000,0.000
39,Moderator,2,-0.23773,0.25137,0.03939,0.11169,0.000,0.000
39,Moderator,3,-0.14486,0.17842,0.03495,0.07143,0.000,0.000
39,Moderator,4,0.00000,0.00000,0.00000,0.00000,0.000,0.000
39,Moderator,5,0.00000,0.00000,0.00000,0.00000,0.000,0.000
39,Moderator,6,0.00000,0.00000,0.00000,0.00000,0.000,0.000
39,Moderator,7,-0.68136,0.80000,0.12646,0.34829,0.000,0.040
39,Moderator,8,-0.47260,0.80000,0.14898,0.33904,0.000,0.040
39,Moderator,9,0.00000,0.00000,0.00000,0.00000,0.000,0.000
39,Moderator,10,0.00000,0.00000,0.00000,0.00000,0.000,0.000
39,Moderator,11,0.00000,0.00000,0.00000,0.00000,0.000,0.000
40,CR,0,0.04940,0.78492,0.31773,0.16528,0.000,0.000
40,CR,1,-0.67607,0.80000,0.00555,0.36281,0.000,0.040
40,CR,2,-0.28331,0.17271,-0.04656,0.10035,0.000,0.000
40,CR,3,-1.74649,0.46555,-0.67761,0.57894,0.000,0.000
40,CR,4,0.00000,0.00000,0.00000,0.00000,0.000,0.000
40,CR,5,0.00000,0.00000,0.00000,0.00000,0.000,0.000
40,CR,6,0.00000,0.00000,0.00000,0.00000,0.000,0.000
40,CR,7,-1.04451,0.26989,-0.20666,0.26438,0.000,0.000
40,CR,8,-1.16311,0.54968,-0.25491,0.37463,0.000,0.000
40,CR,9,0.00000,0.00000,0.00000,0.00000,0.000,0.000
40,CR,10,0.00000,0.00000,0.00000,0.00000,0.000,0.000
40,CR,11,0.00000,0.00000,0.00000,0.00000,0.000,0.000
40,Core,0,-0.00386,0.49507,0.20054,0.10282,0.000,0.000
40,Core,1,-0.83547,0.80000,0.57948,0.33022,0.000,0.540
40,Core,2,-0.01410,0.11484,0.06529,0.02785,0.000,0.000
40,Core,3,-0.01263,0.10528,0.03497,0.01703,0.000,0.000
40,Core,4,-0.04513,0.04184,-0.00469,0.02071,0.000,0.000
40,Core,5,-0.03226,0.01232,-0.01010,0.00953,0.000,0.000
40,Core,6,0.00000,0.00000,0.00000,0.00000,0.000,0.000
40,Core,7,-0.03132,0.29445,0.13082,0.05679,0.000,0.000
40,Core,8,-0.13537,0.02972,-0.04385,0.03806,0.000,0.000
40,Core,9,0.00000,0.00000,0.00000,0.00000,0.000,0.000
40,Core,10,-0.03216,0.02154,-0.00675,0.01391,0.000,0.000
40,Core,11,0.00000,0.00000,0.00000,0.00000,0.000,0.000
40,Moderator,0,-0.24253,0.30830,0.06748,0.11962,0.000,0.000
40,Moderator,1,-1.15973,0.67211,-0.34251,0.39349,0.000,0.000
40,Moderator,2,-0.24039,0.25792,0.04120,0.11504,0.000,0.000
40,Moderator,3,-0.14583,0.18129,0.03674,0.07390,0.000,0.000
40,Moderator,4,0.00000,0.00000,0.00000,0.00000,0.000,0.000
40,Moderator,5,0.00000,0.00000,0.00000,0.00000,0.000,0.000
40,Moderator,6,0.00000,0.00000,0.00000,0.00000,0.000,0.000
40,Moderator,7,-0.68895,0.80000,0.13053,0.35321,0.000,0.040
40,Moderator,8,-0.46520,0.80000,0.15543,0.34159,0.000,0.040
40,Moderator,9,0.00000,0.00000,0.00000,0.00000,0.000,0.000
40,Moderator,10,0.00000,0.00000,0.00000,0.00000,0.000,0.000
40,Moderator,11,0.00000,0.00000,0.00000,0.00000,0.000,0.000
41,CR,0,0.05344,0.80000,0.33660,0.17041,0.000,0.010
41,CR,1,-0.69188,0.80000,-0.01011,0.36411,0.000,0.040
41,CR,2,-0.29636,0.17020,-0.05421,0.10201,0.000,0.000
41,CR,3,-1.80000,0.44417,-0.72346,0.59548,0.030,0.000
41,CR,4,0.00000,0.00000,0.00000,0.00000,0.000,0.000
41,CR,5,0.00000,0.00000,0.00000,0.00000,0.000,0.000
41,CR,6,0.00000,0.00000,0.00000,0.00000,0.000,0.000
41,CR,7,-1.08825,0.26849,-0.20974,0.26782,0.000,0.000
41,CR,8,-1.17617,0.53334,-0.26594,0.37215,0.000,0.000
41,CR,9,0.00000,0.00000,0.00000,0.00000,0.000,0.000
41,CR,10,0.00000,0.00000,0.00000,0.00000,0.000,0.000
41,CR,11,0.00000,0.00000,0.00000,0.00000,0.000,0.000
41,Core,0,-0.00390,0.50358,0.20676,0.10462,0.000,0.000
41,Core,1,-0.83013,0.80000,0.59047,0.32469,0.000,0.560
41,Core,2,-0.01602,0.11192,0.06352,0.02803,0.000,0.000
41,Core,3,-0.01333,0.10527,0.03446,0.01754,0.000,0.000
41,Core,4,-0.04556,0.05244,0.00084,0.02350,0.000,0.000
41,Core,5,-0.03209,0.01283,-0.00885,0.00966,0.000,0.000
41,Core,6,0.00000,0.00000,0.00000,0.00000,0.000,0.000
41,Core,7,-0.03026,0.30455,0.13279,0.05759,0.000,0.000
41,Core,8,-0.12432,0.04094,-0.03835,0.03935,0.000,0.000
41,Core,9,0.00000,0.00000,0.00000,0.00000,0.000,0.000
41,Core,10,-0.02930,0.02421,-0.00439,0.01464,0.000,0.000
41,Core,11,0.00000,0.00000,0.00000,0.00000,0.000,0.000
41,Moderator,0,-0.24218,0.31222,0.06949,0.11932,0.000,0.000
41,Moderator,1,-1.17599,0.66449,-0.35390,0.39534,0.000,0.000
41,Moderator,2,-0.24057,0.25712,0.04109,0.11408,0.000,0.000
41,Moderator,3,-0.14472,0.18564,0.03888,0.07345,0.000,0.000
41,Moderator,4,0.00000,0.00000,0.00000,0.00000,0.000,0.000
41,Moderator,5,0.00000,0.00000,0.00000,0.00000,0.000,0.000
41,Moderator,6,0.00000,0.00000,0.00000,0.00000,0.000,0.000
41,Moderator,7,-0.69631,0.80000,0.13141,0.35517,0.000,0.040
41,Moderator,8,-0.45564,0.80000,0.16669,0.33857,0.000,0.040
41,Moderator,9,0.00000,0.00000,0.00000,0.00000,0.000,0.000
41,Moderator,10,0.00000,0.00000,0.00000,0.00000,0.000,0.000
41,Moderator,11,0.00000,0.00000,0.00000,0.00000,0.000,0.000
42,CR,0,0.05068,0.80000,0.33836,0.17470,0.000,0.010
42,CR,1,-0.70737,0.80000,-0.03240,0.36002,0.000,0.020
42,CR,2,-0.30023,0.16299,-0.05528,0.10183,0.000,0.000
42,CR,3,-1.80000,0.44495,-0.73096,0.60162,0.040,0.000
42,CR,4,0.00000,0.00000,0.00000,0.00000,0.000,0.000
42,CR,5,0.00000,0.00000,0.00000,0.00000,0.000,0.000
42,CR,6,0.00000,0.00000,0.00000,0.00000,0.000,0.000
42,CR,7,-1.00322,0.26986,-0.20599,0.26088,0.000,0.000
42,CR,8,-1.18091,0.52556,-0.27029,0.37078,0.000,0.000
42,CR,9,0.00000,0.00000,0.00000,0.00000,0.000,0.000
42,CR,10,0.00000,0.00000,0.00000,0.00000,0.000,0.000
42,CR,11,0.00000,0.00000,0.00000,0.00000,0.000,0.000
42,Core,0,-0.00260,0.51166,0.21023,0.10732,0.000,0.000
42,Core,1,-0.84275,0.80000,0.58393,0.33023,0.000,0.560
42,Core,2,-0.01183,0.11980,0.06678,0.02753,0.000,0.000
42,Core,3,-0.01142,0.10605,0.03698,0.01732,0.000,0.000
42,Core,4,-0.04511,0.04607,-0.00143,0.02169,0.000,0.000
42,Core,5,-0.03620,0.00971,-0.01183,0.00960,0.000,0.000
42,Core,6,0.00000,0.00000,0.00000,0.00000,0.000,0.000
42,Core,7,-0.02871,0.28887,0.13552,0.05704,0.000,0.000
42,Core,8,-0.12980,0.03372,-0.04020,0.03801,0.000,0.000
42,Core,9,0.00000,0.00000,0.00000,0.00000,0.000,0.000
42,Core,10,-0.03438,0.02055,-0.00723,0.01396,0.000,0.000
42,Core,11,0.00000,0.00000,0.00000,0.00000,0.000,0.000
42,Moderator,0,-0.24378,0.30936,0.06701,0.11952,0.000,0.000
42,Moderator,1,-1.17185,0.66654,-0.34657,0.39388,0.000,0.000
42,Moderator,2,-0.24273,0.25297,0.03805,0.11433,0.000,0.000
42,Moderator,3,-0.14395,0.18345,0.03788,0.07349,0.000,0.000
42,Moderator,4,0.00000,0.00000,0.00000,0.00000,0.000,0.000
42,Moderator,5,0.00000,0.00000,0.00000,0.00000,0.000,0.000
42,Moderator,6,0.00000,0.00000,0.00000,0.00000,0.000,0.000
42,Moderator,7,-0.70983,0.80000,0.12503,0.35478,0.000,0.040
42,Moderator,8,-0.44838,0.80000,0.17702,0.34165,0.000,0.040
42,Moderator,9,0.00000,0.00000,0.00000,0.00000,0.000,0.000
42,Moderator,10,0.00000,0.00000,0.00000,0.00000,0.000,0.000
42,Moderator,11,0.00000,0.00000,0.00000,0.00000,0.000,0.000
43,CR,0,0.06135,0.80000,0.37568,0.18746,0.000,0.020
43,CR,1,-0.73255,0.80000,-0.04903,0.36498,0.000,0.020
43,CR,2,-0.32464,0.15372,-0.07010,0.10456,0.000,0.000
43,CR,3,-1.80000,0.41377,-0.81352,0.62854,0.060,0.000
43,CR,4,0.00000,0.00000,0.00000,0.00000,0.000,0.000
43,CR,5,0.00000,0.00000,0.00000,0.00000,0.000,0.000
43,CR,6,0.00000,0.00000,0.00000,0.00000,0.000,0.000
43,CR,7,-1.00909,0.27152,-0.20513,0.26286,0.000,0.000
43,CR,8,-1.21317,0.50247,-0.29096,0.37047,0.000,0.000
43,CR,9,0.00000,0.00000,0.00000,0.00000,0.000,0.000
43,CR,10,0.00000,0.00000,0.00000,0.00000,0.000,0.000
43,CR,11,0.00000,0.00000,0.00000,0.00000,0.000,0.000
43,Core,0,0.00385,0.53381,0.22435,0.11043,0.000,0.000
43,Core,1,-0.82574,0.80000,0.60384,0.31623,0.000,0.600
43,Core,2,-0.00926,0.12552,0.06971,0.02796,0.000,0.000
43,Core,3,-0.01146,0.10556,0.03642,0.01730,0.000,0.000
43,Core,4,-0.04520,0.05441,0.00140,0.02371,0.000,0.000
43,Core,5,-0.03634,0.01318,-0.00973,0.01063,0.000,0.000
43,Core,6,0.00000,0.00000,0.00000,0.00000,0.000,0.000
43,Core,7,-0.02606,0.29940,0.14276,0.05834,0.000,0.000
43,Core,8,-0.12823,0.03871,-0.03944,0.03902,0.000,0.000
43,Core,9,0.00000,0.00000,0.00000,0.00000,0.000,0.000
43,Core,10,-0.03368,0.02589,-0.00483,0.01553,0.000,0.000
43,Core,11,0.00000,0.00000,0.00000,0.00000,0.000,0.000
43,Moderator,0,-0.24592,0.31541,0.06897,0.12077,0.000,0.000
43,Moderator,1,-1.21112,0.66151,-0.36791,0.40004,0.000,0.000
43,Moderator,2,-0.24636,0.25346,0.03696,0.11533,0.000,0.000
43,Moderator,3,-0.14542,0.18678,0.03880,0.07388,0.000,0.000
43,Moderator,4,0.00000,0.00000,0.00000,0.00000,0.000,0.000
43,Moderator,5,0.00000,0.00000,0.00000,0.00000,0.000,0.000
43,Moderator,6,0.00000,0.00000,0.00000,0.00000,0.000,0.000
43,Moderator,7,-0.71486,0.80000,0.13428,0.35971,0.000,0.040
43,Moderator,8,-0.43650,0.80000,0.20326,0.33907,0.000,0.060
43,Moderator,9,0.00000,0.00000,0.00000,0.00000,0.000,0.000
43,Moderator,10,0.00000,0.00000,0.00000,0.00000,0.000,0.000
43,Moderator,11,0.00000,0.00000,0.00000,0.00000,0.000,0.000
44,CR,0,0.05418,0.80000,0.36157,0.18428,0.000,0.010
44,CR,1,-0.72794,0.80000,-0.03962,0.36853,0.000,0.020
44,CR,2,-0.31614,0.16253,-0.06323,0.10485,0.000,0.000
44,CR,3,-1.80000,0.42484,-0.77150,0.61509,0.040,0.000
44,CR,4,0.00000,0.00000,0.00000,0.00000,0.000,0.000
44,CR,5,0.00000,0.00000,0.00000,0.00000,0.000,0.000
44,CR,6,0.00000,0.00000,0.00000,0.00000,0.000,0.000
44,CR,7,-1.04590,0.26585,-0.21472,0.26482,0.000,0.000
44,CR,8,-1.20183,0.51322,-0.28190,0.37150,0.000,0.000
44,CR,9,0.00000,0.00000,0.00000,0.00000,0.000,0.000
44,CR,10,0.00000,0.00000,0.00000,0.00000,0.000,0.000
44,CR,11,0.00000,0.00000,0.00000,0.00000,0.000,0.000
44,Core,0,-0.00058,0.52225,0.21717,0.11012,0.000,0.000
44,Core,1,-0.85170,0.80000,0.59554,0.32497,0.000,0.600
44,Core,2,-0.00982,0.12550,0.06916,0.02792,0.000,0.000
44,Core,3,-0.01059,0.11397,0.03890,0.01812,0.000,0.000
44,Core,4,-0.04589,0.05302,0.00097,0.02371,0.000,0.000
44,Core,5,-0.03723,0.00863,-0.01259,0.00946,0.000,0.000
44,Core,6,0.00000,0.00000,0.00000,0.00000,0.000,0.000
44,Core,7,-0.02641,0.30738,0.14148,0.05869,0.000,0.000
44,Core,8,-0.12884,0.03893,-0.03878,0.03892,0.000,0.000
44,Core,9,0.00000,0.00000,0.00000,0.00000,0.000,0.000
44,Core,10,-0.03511,0.02007,-0.00717,0.01394,0.000,0.000
44,Core,11,0.00000,0.00000,0.00000,0.00000,0.000,0.000
44,Moderator,0,-0.24692,0.30205,0.06202,0.11887,0.000,0.000
44,Moderator,1,-1.18920,0.66200,-0.35328,0.39593,0.000,0.000
44,Moderator,2,-0.24615,0.24342,0.03217,0.11368,0.000,0.000
44,Moderator,3,-0.14542,0.17316,0.03231,0.07193,0.000,0.000
44,Moderator,4,0.00000,0.00000,0.00000,0.00000,0.000,0.000
44,Moderator,5,0.00000,0.00000,0.00000,0.00000,0.000,0.000
44,Moderator,6,0.00000,0.00000,0.00000,0.00000,0.000,0.000
44,Moderator,7,-0.71709,0.80000,0.13952,0.36108,0.000,0.040
44,Moderator,8,-0.46269,0.80000,0.20094,0.34332,0.000,0.060
44,Moderator,9,0.00000,0.00000,0.00000,0.00000,0.000,0.000
44,Moderator,10,0.00000,0.00000,0.00000,0.00000,0.000,0.000
44,Moderator,11,0.00000,0.00000,0.00000,0.00000,0.000,0.000
45,CR,0,0.05722,0.80000,0.37174,0.18542,0.000,0.010
45,CR,1,-0.73212,0.80000,-0.03864,0.37069,0.000,0.020
45,CR,2,-0.32148,0.15502,-0.06754,0.10443,0.000,0.000
45,CR,3,-1.80000,0.41320,-0.78121,0.61372,0.040,0.000
45,CR,4,0.00000,0.00000,0.00000,0.00000,0.000,0.000
45,CR,5,0.00000,0.00000,0.00000,0.00000,0.000,0.000
45,CR,6,0.00000,0.00000,0.00000,0.00000,0.000,0.000
45,CR,7,-1.04203,0.25911,-0.21583,0.26394,0.000,0.000
45,CR,8,-1.18977,0.50896,-0.27925,0.36866,0.000,0.000
45,CR,9,0.00000,0.00000,0.00000,0.00000,0.000,0.000
45,CR,10,0.00000,0.00000,0.00000,0.00000,0.000,0.000
45,CR,11,0.00000,0.00000,0.00000,0.00000,0.000,0.000
45,Core,0,-0.00180,0.52639,0.22173,0.11038,0.000,0.000
45,Core,1,-0.85579,0.80000,0.59980,0.32341,0.000,0.600
45,Core,2,-0.01090,0.12655,0.06975,0.02835,0.000,0.000
45,Core,3,-0.01213,0.11034,0.03792,0.01789,0.000,0.000
45,Core,4,-0.04295,0.05230,0.00058,0.02294,0.000,0.000
45,Core,5,-0.03732,0.01118,-0.01135,0.00999,0.000,0.000
45,Core,6,0.00000,0.00000,0.00000,0.00000,0.000,0.000
45,Core,7,-0.02715,0.30569,0.14125,0.05930,0.000,0.000
45,Core,8,-0.12969,0.03753,-0.04001,0.03856,0.000,0.000
45,Core,9,0.00000,0.00000,0.00000,0.00000,0.000,0.000
45,Core,10,-0.03401,0.02308,-0.00627,0.01484,0.000,0.000
45,Core,11,0.00000,0.00000,0.00000,0.00000,0.000,0.000
45,Moderator,0,-0.25247,0.30835,0.06304,0.12152,0.000,0.000
45,Moderator,1,-1.20289,0.66424,-0.35930,0.39950,0.000,0.000
45,Moderator,2,-0.25169,0.24781,0.03209,0.11604,0.000,0.000
45,Moderator,3,-0.15089,0.17965,0.03345,0.07415,0.000,0.000
45,Moderator,4,0.00000,0.00000,0.00000,0.00000,0.000,0.000
45,Moderator,5,0.00000,0.00000,0.00000,0.00000,0.000,0.000
45,Moderator,6,0.00000,0.00000,0.00000,0.00000,0.000,0.000
45,Moderator,7,-0.71913,0.80000,0.13831,0.36174,0.000,0.040
45,Moderator,8,-0.45836,0.80000,0.21233,0.34351,0.000,0.070
45,Moderator,9,0.00000,0.00000,0.00000,0.00000,0.000,0.000
45,Moderator,10,0.00000,0.00000,0.00000,0.00000,0.000,0.000
45,Moderator,11,0.00000,0.00000,0.00000,0.00000,0.000,0.000
46,CR,0,0.05594,0.80000,0.38553,0.19593,0.000,0.020
46,CR,1,-0.75623,0.80000,-0.05781,0.37211,0.000,0.020
46,CR,2,-0.33628,0.15176,-0.07404,0.10704,0.000,0.000
46,CR,3,-1.80000,0.41239,-0.81442,0.63280,0.060,0.000
46,CR,4,0.00000,0.00000,0.00000,0.00000,0.000,0.000
46,CR,5,0.00000,0.00000,0.00000,0.00000,0.000,0.000
46,CR,6,0.00000,0.00000,0.00000,0.00000,0.000,0.000
46,CR,7,-1.01179,0.26016,-0.20898,0.26147,0.000,0.000
46,CR,8,-1.20381,0.49674,-0.28637,0.36769,0.000,0.000
46,CR,9,0.00000,0.00000,0.00000,0.00000,0.000,0.000
46,CR,10,0.00000,0.00000,0.00000,0.00000,0.000,0.000
46,CR,11,0.00000,0.00000,0.00000,0.00000,0.000,0.000
46,Core,0,-0.00126,0.53423,0.22552,0.11338,0.000,0.000
46,Core,1,-0.85923,0.80000,0.60001,0.32319,0.000,0.600
46,Core,2,-0.00999,0.12793,0.07055,0.02823,0.000,0.000
46,Core,3,-0.01156,0.11150,0.03749,0.01803,0.000,0.000
46,Core,4,-0.04243,0.05433,0.00163,0.02332,0.000,0.000
46,Core,5,-0.03759,0.01222,-0.01071,0.01046,0.000,0.000
46,Core,6,0.00000,0.00000,0.00000,0.00000,0.000,0.000
46,Core,7,-0.02601,0.30034,0.14220,0.05898,0.000,0.000
46,Core,8,-0.12811,0.03872,-0.03881,0.03833,0.000,0.000
46,Core,9,0.00000,0.00000,0.00000,0.00000,0.000,0.000
46,Core,10,-0.03482,0.02435,-0.00550,0.01510,0.000,0.000
46,Core,11,0.00000,0.00000,0.00000,0.00000,0.000,0.000
46,Moderator,0,-0.24844,0.31446,0.06612,0.12208,0.000,0.000
46,Moderator,1,-1.22069,0.65550,-0.36719,0.40066,0.000,0.000
46,Moderator,2,-0.24731,0.25172,0.03459,0.11597,0.000,0.000
46,Moderator,3,-0.14567,0.18480,0.03671,0.07531,0.000,0.000
46,Moderator,4,0.00000,0.00000,0.00000,0.00000,0.000,0.000
46,Moderator,5,0.00000,0.00000,0.00000,0.00000,0.000,0.000
46,Moderator,6,0.00000,0.00000,0.00000,0.00000,0.000,0.000
46,Moderator,7,-0.72520,0.80000,0.13974,0.36296,0.000,0.040
46,Moderator,8,-0.44692,0.80000,0.22289,0.34184,0.000,0.070
46,Moderator,9,0.00000,0.00000,0.00000,0.00000,0.000,0.000
46,Moderator,10,0.00000,0.00000,0.00000,0.00000,0.000,0.000
46,Moderator,11,0.00000,0.00000,0.00000,0.00000,0.000,0.000
47,CR,0,0.05359,0.80000,0.39501,0.20291,0.000,0.020
47,CR,1,-0.75021,0.80000,-0.05642,0.37026,0.000,0.020
47,CR,2,-0.33800,0.15438,-0.07568,0.10737,0.000,0.000
47,CR,3,-1.80000,0.42005,-0.82690,0.64285,0.080,0.000
47,CR,4,0.00000,0.00000,0.00000,0.00000,0.000,0.000
47,CR,5,0.00000,0.00000,0.00000,0.00000,0.000,0.000
47,CR,6,0.00000,0.00000,0.00000,0.00000,0.000,0.000
47,CR,7,-1.02903,0.25560,-0.22064,0.26208,0.000,0.000
47,CR,8,-1.21964,0.49129,-0.29287,0.36878,0.000,0.000
47,CR,9,0.00000,0.00000,0.00000,0.00000,0.000,0.000
47,CR,10,0.00000,0.00000,0.00000,0.00000,0.000,0.000
47,CR,11,0.00000,0.00000,0.00000,0.00000,0.000,0.000
47,Core,0,-0.00372,0.54200,0.22825,0.11597,0.000,0.000
47,Core,1,-0.85653,0.80000,0.60584,0.31960,0.000,0.600
47,Core,2,-0.00866,0.13575,0.07316,0.02921,0.000,0.000
47,Core,3,-0.01074,0.11223,0.03855,0.01761,0.000,0.000
47,Core,4,-0.04099,0.05352,0.00222,0.02342,0.000,0.000
47,Core,5,-0.03749,0.01321,-0.01091,0.01049,0.000,0.000
47,Core,6,0.00000,0.00000,0.00000,0.00000,0.000,0.000
47,Core,7,-0.02377,0.30653,0.14743,0.06035,0.000,0.000
47,Core,8,-0.12467,0.03585,-0.03904,0.03744,0.000,0.000
47,Core,9,0.00000,0.00000,0.00000,0.00000,0.000,0.000
47,Core,10,-0.03465,0.02538,-0.00549,0.01539,0.000,0.000
47,Core,11,0.00000,0.00000,0.00000,0.00000,0.000,0.000
47,Moderator,0,-0.24888,0.32236,0.06880,0.12368,0.000,0.000
47,Moderator,1,-1.25638,0.65507,-0.38001,0.40788,0.000,0.000
47,Moderator,2,-0.24779,0.25787,0.03657,0.11717,0.000,0.000
47,Moderator,3,-0.14680,0.18872,0.03792,0.07602,0.000,0.000
47,Moderator,4,0.00000,0.00000,0.00000,0.00000,0.000,0.000
47,Moderator,5,0.00000,0.00000,0.00000,0.00000,0.000,0.000
47,Moderator,6,0.00000,0.00000,0.00000,0.00000,0.000,0.000
47,Moderator,7,-0.71828,0.80000,0.14688,0.36391,0.000,0.040
47,Moderator,8,-0.43718,0.80000,0.22624,0.34209,0.000,0.070
47,Moderator,9,0.00000,0.00000,0.00000,0.00000,0.000,0.000
47,Moderator,10,0.00000,0.00000,0.00000,0.00000,0.000,0.000
47,Moderator,11,0.00000,0.00000,0.00000,0.00000,0.000,0.000
48,CR,0,0.05616,0.80000,0.40424,0.20508,0.000,0.030
48,CR,1,-0.75142,0.80000,-0.04783,0.37856,0.000,0.030
48,CR,2,-0.34503,0.15142,-0.07929,0.10873,0.000,0.000
48,CR,3,-1.80000,0.40910,-0.84313,0.64476,0.090,0.000
48,CR,4,0.00000,0.00000,0.00000,0.00000,0.000,0.000
48,CR,5,0.00000,0.00000,0.00000,0.00000,0.000,0.000
48,CR,6,0.00000,0.00000,0.00000,0.00000,0.000,0.000
48,CR,7,-1.04034,0.25534,-0.22446,0.26423,0.000,0.000
48,CR,8,-1.21893,0.49635,-0.29077,0.37214,0.000,0.000
48,CR,9,0.00000,0.00000,0.00000,0.00000,0.000,0.000
48,CR,10,0.00000,0.00000,0.00000,0.00000,0.000,0.000
48,CR,11,0.00000,0.00000,0.00000,0.00000,0.000,0.000
48,Core,0,-0.00167,0.54694,0.23101,0.11663,0.000,0.000
48,Core,1,-0.85209,0.80000,0.61191,0.31568,0.000,0.600
48,Core,2,-0.00690,0.13336,0.07356,0.02879,0.000,0.000
48,Core,3,-0.01101,0.11164,0.03847,0.01770,0.000,0.000
48,Core,4,-0.04276,0.05829,0.00348,0.02483,0.000,0.000
48,Core,5,-0.03809,0.01417,-0.01028,0.01099,0.000,0.000
48,Core,6,0.00000,0.00000,0.00000,0.00000,0.000,0.000
48,Core,7,-0.02213,0.30606,0.14875,0.06024,0.000,0.000
48,Core,8,-0.12575,0.03866,-0.03877,0.03864,0.000,0.000
48,Core,9,0.00000,0.00000,0.00000,0.00000,0.000,0.000
48,Core,10,-0.03517,0.02736,-0.00468,0.01626,0.000,0.000
48,Core,11,0.00000,0.00000,0.00000,0.00000,0.000,0.000
48,Moderator,0,-0.24927,0.32151,0.06748,0.12391,0.000,0.000
48,Moderator,1,-1.26067,0.65044,-0.38323,0.40833,0.000,0.000
48,Moderator,2,-0.24825,0.25552,0.03451,0.11727,0.000,0.000
48,Moderator,3,-0.14726,0.18650,0.03635,0.07605,0.000,0.000
48,Moderator,4,0.00000,0.00000,0.00000,0.00000,0.000,0.000
48,Moderator,5,0.00000,0.00000,0.00000,0.00000,0.000,0.000
48,Moderator,6,0.00000,0.00000,0.00000,0.00000,0.000,0.000
48,Moderator,7,-0.72022,0.80000,0.14944,0.36566,0.000,0.040
48,Moderator,8,-0.44461,0.80000,0.22710,0.34377,0.000,0.070
48,Moderator,9,0.00000,0.00000,0.00000,0.00000,0.000,0.000
48,Moderator,10,0.00000,0.00000,0.00000,0.00000,0.000,0.000
48,Moderator,11,0.00000,0.00000,0.00000,0.00000,0.000,0.000
49,CR,0,0.05734,0.80000,0.41569,0.21000,0.000,0.040
49,CR,1,-0.75813,0.80000,-0.05117,0.38152,0.000,0.030
49,CR,2,-0.35133,0.14365,-0.08290,0.10894,0.000,0.000
49,CR,3,-1.80000,0.40575,-0.87345,0.65393,0.110,0.000
49,CR,4,0.00000,0.00000,0.00000,0.00000,0.000,0.000
49,CR,5,0.00000,0.00000,0.00000,0.00000,0.000,0.000
49,CR,6,0.00000,0.00000,0.00000,0.00000,0.000,0.000
49,CR,7,-1.06512,0.25494,-0.22680,0.26634,0.000,0.000
49,CR,8,-1.22334,0.48690,-0.29411,0.37071,0.000,0.000
49,CR,9,0.00000,0.00000,0.00000,0.00000,0.000,0.000
49,CR,10,0.00000,0.00000,0.00000,0.00000,0.000,0.000
49,CR,11,0.00000,0.00000,0.00000,0.00000,0.000,0.000
49,Core,0,0.00094,0.55808,0.23617,0.11890,0.000,0.000
49,Core,1,-0.84917,0.80000,0.61500,0.31413,0.000,0.640
49,Core,2,-0.00372,0.13961,0.07568,0.02907,0.000,0.000
49,Core,3,-0.00831,0.11317,0.04018,0.01723,0.000,0.000
49,Core,4,-0.04069,0.05818,0.00399,0.02422,0.000,0.000
49,Core,5,-0.03760,0.01321,-0.01132,0.01063,0.000,0.000
49,Core,6,0.00000,0.00000,0.00000,0.00000,0.000,0.000
49,Core,7,-0.01841,0.31246,0.15302,0.06131,0.000,0.000
49,Core,8,-0.12818,0.03469,-0.03943,0.03735,0.000,0.000
49,Core,9,0.00000,0.00000,0.00000,0.00000,0.000,0.000
49,Core,10,-0.03470,0.02642,-0.00532,0.01588,0.000,0.000
49,Core,11,0.00000,0.00000,0.00000,0.00000,0.000,0.000
49,Moderator,0,-0.24570,0.32203,0.06839,0.12259,0.000,0.000
49,Moderator,1,-1.28044,0.64353,-0.39208,0.41131,0.000,0.000
49,Moderator,2,-0.24499,0.25155,0.03335,0.11518,0.000,0.000
49,Moderator,3,-0.14415,0.18610,0.03722,0.07472,0.000,0.000
49,Moderator,4,0.00000,0.00000,0.00000,0.00000,0.000,0.000
49,Moderator,5,0.00000,0.00000,0.00000,0.00000,0.000,0.000
49,Moderator,6,0.00000,0.00000,0.00000,0.00000,0.000,0.000
49,Moderator,7,-0.72140,0.80000,0.14826,0.36592,0.000,0.040
49,Moderator,8,-0.44022,0.80000,0.22978,0.34532,0.000,0.080
49,Moderator,9,0.00000,0.00000,0.00000,0.00000,0.000,0.000
49,Moderator,10,0.00000,0.00000,0.00000,0.00000,0.000,0.000
49,Moderator,11,0.00000,0.00000,0.00000,0.00000,0.000,0.000
50,CR,0,0.05711,0.80000,0.41631,0.20990,0.000,0.030
50,CR,1,-0.74848,0.80000,-0.04370,0.38181,0.000,0.030
50,CR,2,-0.35030,0.14697,-0.08224,0.10891,0.000,0.000
50,CR,3,-1.80000,0.39892,-0.86670,0.64879,0.110,0.000
50,CR,4,0.00000,0.00000,0.00000,0.00000,0.000,0.000
50,CR,5,0.00000,0.00000,0.00000,0.00000,0.000,0.000
50,CR,6,0.00000,0.00000,0.00000,0.00000,0.000,0.000
50,CR,7,-1.07829,0.25099,-0.23451,0.26767,0.000,0.000
50,CR,8,-1.20383,0.48545,-0.28685,0.36795,0.000,0.000
50,CR,9,0.00000,0.00000,0.00000,0.00000,0.000,0.000
50,CR,10,0.00000,0.00000,0.00000,0.00000,0.000,0.000
50,CR,11,0.00000,0.00000,0.00000,0.00000,0.000,0.000
50,Core,0,-0.00280,0.55246,0.23457,0.11887,0.000,0.000
50,Core,1,-0.85653,0.80000,0.61607,0.31425,0.000,0.640
50,Core,2,-0.00448,0.14002,0.07552,0.02911,0.000,0.000
50,Core,3,-0.00998,0.11501,0.03930,0.01778,0.000,0.000
50,Core,4,-0.03990,0.06015,0.00454,0.02443,0.000,0.000
50,Core,5,-0.03818,0.01498,-0.01023,0.01105,0.000,0.000
50,Core,6,0.00000,0.00000,0.00000,0.00000,0.000,0.000
50,Core,7,-0.02024,0.31562,0.15222,0.06197,0.000,0.000
50,Core,8,-0.12746,0.03664,-0.03900,0.03775,0.000,0.000
50,Core,9,0.00000,0.00000,0.00000,0.00000,0.000,0.000
50,Core,10,-0.03394,0.02820,-0.00438,0.01619,0.000,0.000
50,Core,11,0.00000,0.00000,0.00000,0.00000,0.000,0.000
50,Moderator,0,-0.24409,0.31647,0.06621,0.12155,0.000,0.000
50,Moderator,1,-1.27318,0.63969,-0.38971,0.40886,0.000,0.000
50,Moderator,2,-0.24233,0.24850,0.03259,0.11420,0.000,0.000
50,Moderator,3,-0.14293,0.17570,0.03305,0.07330,0.000,0.000
50,Moderator,4,0.00000,0.00000,0.00000,0.00000,0.000,0.000
50,Moderator,5,0.00000,0.00000,0.00000,0.00000,0.000,0.000
50,Moderator,6,0.00000,0.00000,0.00000,0.00000,0.000,0.000
50,Moderator,7,-0.71700,0.80000,0.15821,0.36767,0.000,0.050
50,Moderator,8,-0.45265,0.80000,0.21286,0.34817,0.000,0.070
50,Moderator,9,0.00000,0.00000,0.00000,0.00000,0.000,0.000
50,Moderator,10,0.00000,0.00000,0.00000,0.00000,0.000,0.000
50,Moderator,11,0.00000,0.00000,0.00000,0.00000,0.000,0.000
51,CR,0,0.05899,0.80000,0.41987,0.21002,0.000,0.040
51,CR,1,-0.75375,0.80000,-0.04876,0.38125,0.000,0.030
51,CR,2,-0.35296,0.14790,-0.08342,0.10962,0.000,0.000
51,CR,3,-1.80000,0.39416,-0.87466,0.65037,0.110,0.000
51,CR,4,0.00000,0.00000,0.00000,0.00000,0.000,0.000
51,CR,5,0.00000,0.00000,0.00000,0.00000,0.000,0.000
51,CR,6,0.00000,0.00000,0.00000,0.00000,0.000,0.000
51,CR,7,-1.09451,0.24923,-0.23690,0.26905,0.000,0.000
51,CR,8,-1.20309,0.47759,-0.28840,0.36661,0.000,0.000
51,CR,9,0.00000,0.00000,0.00000,0.00000,0.000,0.000
51,CR,10,0.00000,0.00000,0.00000,0.00000,0.000,0.000
51,CR,11,0.00000,0.00000,0.00000,0.00000,0.000,0.000
51,Core,0,-0.00246,0.55724,0.23728,0.11987,0.000,0.000
51,Core,1,-0.85775,0.80000,0.61907,0.31202,0.000,0.650
51,Core,2,-0.00235,0.14311,0.07731,0.02939,0.000,0.000
51,Core,3,-0.00983,0.11642,0.04000,0.01800,0.000,0.000
51,Core,4,-0.04133,0.05830,0.00367,0.02418,0.000,0.000
51,Core,5,-0.03798,0.01367,-0.01056,0.01067,0.000,0.000
51,Core,6,0.00000,0.00000,0.00000,0.00000,0.000,0.000
51,Core,7,-0.01897,0.32195,0.15428,0.06232,0.000,0.000
51,Core,8,-0.13100,0.03356,-0.04048,0.03766,0.000,0.000
51,Core,9,0.00000,0.00000,0.00000,0.00000,0.000,0.000
51,Core,10,-0.03421,0.02705,-0.00484,0.01589,0.000,0.000
51,Core,11,0.00000,0.00000,0.00000,0.00000,0.000,0.000
51,Moderator,0,-0.24757,0.31977,0.06627,0.12290,0.000,0.000
51,Moderator,1,-1.28586,0.64088,-0.39439,0.41204,0.000,0.000
51,Moderator,2,-0.24555,0.24955,0.03175,0.11508,0.000,0.000
51,Moderator,3,-0.14610,0.17962,0.03345,0.07454,0.000,0.000
51,Moderator,4,0.00000,0.00000,0.00000,0.00000,0.000,0.000
51,Moderator,5,0.00000,0.00000,0.00000,0.00000,0.000,0.000
51,Moderator,6,0.00000,0.00000,0.00000,0.00000,0.000,0.000
51,Moderator,7,-0.71628,0.80000,0.15835,0.36748,0.000,0.050
51,Moderator,8,-0.44626,0.80000,0.22079,0.34663,0.000,0.070
51,Moderator,9,0.00000,0.00000,0.00000,0.00000,0.000,0.000
51,Moderator,10,0.00000,0.00000,0.00000,0.00000,0.000,0.000
51,Moderator,11,0.00000,0.00000,0.00000,0.00000,0.000,0.000
52,CR,0,0.05760,0.80000,0.41306,0.20579,0.000,0.030
52,CR,1,-0.74302,0.80000,-0.03511,0.38490,0.000,0.030
52,CR,2,-0.34870,0.14968,-0.07983,0.10928,0.000,0.000
52,CR,3,-1.80000,0.39267,-0.85460,0.64200,0.100,0.000
52,CR,4,0.00000,0.00000,0.00000,0.00000,0.000,0.000
52,CR,5,0.00000,0.00000,0.00000,0.00000,0.000,0.000
52,CR,6,0.00000,0.00000,0.00000,0.00000,0.000,0.000
52,CR,7,-1.08924,0.25020,-0.23415,0.26824,0.000,0.000
52,CR,8,-1.19422,0.48489,-0.28312,0.36764,0.000,0.000
52,CR,9,0.00000,0.00000,0.00000,0.00000,0.000,0.000
52,CR,10,0.00000,0.00000,0.00000,0.00000,0.000,0.000
52,CR,11,0.00000,0.00000,0.00000,0.00000,0.000,0.000
52,Core,0,-0.00230,0.55529,0.23833,0.11996,0.000,0.000
52,Core,1,-0.86625,0.80000,0.61614,0.31563,0.000,0.640
52,Core,2,-0.00197,0.14325,0.07718,0.02899,0.000,0.000
52,Core,3,-0.00785,0.11740,0.04107,0.01781,0.000,0.000
52,Core,4,-0.04013,0.05686,0.00304,0.02349,0.000,0.000
52,Core,5,-0.03806,0.01318,-0.01198,0.01045,0.000,0.000
52,Core,6,0.00000,0.00000,0.00000,0.00000,0.000,0.000
52,Core,7,-0.01667,0.31734,0.15295,0.06133,0.000,0.000
52,Core,8,-0.13120,0.03409,-0.04008,0.03724,0.000,0.000
52,Core,9,0.00000,0.00000,0.00000,0.00000,0.000,0.000
52,Core,10,-0.03459,0.02526,-0.00610,0.01527,0.000,0.000
52,Core,11,0.00000,0.00000,0.00000,0.00000,0.000,0.000
52,Moderator,0,-0.24907,0.31901,0.06488,0.12378,0.000,0.000
52,Moderator,1,-1.27175,0.64090,-0.38694,0.40984,0.000,0.000
52,Moderator,2,-0.24712,0.24805,0.02999,0.11594,0.000,0.000
52,Moderator,3,-0.14687,0.17930,0.03265,0.07512,0.000,0.000
52,Moderator,4,0.00000,0.00000,0.00000,0.00000,0.000,0.000
52,Moderator,5,0.00000,0.00000,0.00000,0.00000,0.000,0.000
52,Moderator,6,0.00000,0.00000,0.00000,0.00000,0.000,0.000
52,Moderator,7,-0.72160,0.80000,0.15338,0.36774,0.000,0.050
52,Moderator,8,-0.44930,0.80000,0.22534,0.34791,0.000,0.080
52,Moderator,9,0.00000,0.00000,0.00000,0.00000,0.000,0.000
52,Moderator,10,0.00000,0.00000,0.00000,0.00000,0.000,0.000
52,Moderator,11,0.00000,0.00000,0.00000,0.00000,0.000,0.000
53,CR,0,0.06032,0.80000,0.42516,0.20976,0.000,0.050
53,CR,1,-0.74910,0.80000,-0.03681,0.39025,0.000,0.030
53,CR,2,-0.35660,0.14742,-0.08477,0.11086,0.000,0.000
53,CR,3,-1.80000,0.38330,-0.87121,0.64484,0.110,0.000
53,CR,4,0.00000,0.00000,0.00000,0.00000,0.000,0.000
53,CR,5,0.00000,0.00000,0.00000,0.00000,0.000,0.000
53,CR,6,0.00000,0.00000,0.00000,0.00000,0.000,0.000
53,CR,7,-1.09356,0.24672,-0.23319,0.26784,0.000,0.000
53,CR,8,-1.20257,0.47735,-0.28997,0.36829,0.000,0.000
53,CR,9,0.00000,0.00000,0.00000,0.00000,0.000,0.000
53,CR,10,0.00000,0.00000,0.00000,0.00000,0.000,0.000
53,CR,11,0.00000,0.00000,0.00000,0.00000,0.000,0.000
53,Core,0,-0.00379,0.55922,0.24232,0.12069,0.000,0.000
53,Core,1,-0.86764,0.80000,0.62113,0.31189,0.000,0.650
53,Core,2,-0.00522,0.14395,0.07761,0.02976,0.000,0.000
53,Core,3,-0.00878,0.11819,0.04076,0.01804,0.000,0.000
53,Core,4,-0.04022,0.05905,0.00434,0.02460,0.000,0.000
53,Core,5,-0.03866,0.01449,-0.01125,0.01093,0.000,0.000
53,Core,6,0.00000,0.00000,0.00000,0.00000,0.000,0.000
53,Core,7,-0.01649,0.32020,0.15438,0.06151,0.000,0.000
53,Core,8,-0.12166,0.03622,-0.03891,0.03760,0.000,0.000
53,Core,9,0.00000,0.00000,0.00000,0.00000,0.000,0.000
53,Core,10,-0.03518,0.02717,-0.00520,0.01607,0.000,0.000
53,Core,11,0.00000,0.00000,0.00000,0.00000,0.000,0.000
53,Moderator,0,-0.24961,0.32368,0.06677,0.12476,0.000,0.000
53,Moderator,1,-1.28615,0.63930,-0.39389,0.41197,0.000,0.000
53,Moderator,2,-0.24753,0.25153,0.03142,0.11657,0.000,0.000
53,Moderator,3,-0.14720,0.18085,0.03336,0.07569,0.000,0.000
53,Moderator,4,0.00000,0.00000,0.00000,0.00000,0.000,0.000
53,Moderator,5,0.00000,0.00000,0.00000,0.00000,0.000,0.000
53,Moderator,6,0.00000,0.00000,0.00000,0.00000,0.000,0.000
53,Moderator,7,-0.72275,0.80000,0.15725,0.36942,0.000,0.050
53,Moderator,8,-0.44734,0.80000,0.23173,0.34715,0.000,0.080
53,Moderator,9,0.00000,0.00000,0.00000,0.00000,0.000,0.000
53,Moderator,10,0.00000,0.00000,0.00000,0.00000,0.000,0.000
53,Moderator,11,0.00000,0.00000,0.00000,0.00000,0.000,0.000
54,CR,0,0.06090,0.80000,0.43645,0.21516,0.000,0.060
54,CR,1,-0.75046,0.80000,-0.03466,0.39282,0.000,0.030
54,CR,2,-0.36492,0.14616,-0.08935,0.11168,0.000,0.000
54,CR,3,-1.80000,0.38184,-0.89493,0.65431,0.120,0.000
54,CR,4,0.00000,0.00000,0.00000,0.00000,0.000,0.000
54,CR,5,0.00000,0.00000,0.00000,0.00000,0.000,0.000
54,CR,6,0.00000,0.00000,0.00000,0.00000,0.000,0.000
54,CR,7,-1.09675,0.24574,-0.23490,0.26829,0.000,0.000
54,CR,8,-1.21730,0.47522,-0.29629,0.36991,0.000,0.000
54,CR,9,0.00000,0.00000,0.00000,0.00000,0.000,0.000
54,CR,10,0.00000,0.00000,0.00000,0.00000,0.000,0.000
54,CR,11,0.00000,0.00000,0.00000,0.00000,0.000,0.000
54,Core,0,-0.00024,0.56825,0.24564,0.12258,0.000,0.000
54,Core,1,-0.86503,0.80000,0.62445,0.30867,0.000,0.650
54,Core,2,-0.00053,0.14624,0.07908,0.02951,0.000,0.000
54,Core,3,-0.00753,0.11510,0.03998,0.01730,0.000,0.000
54,Core,4,-0.04055,0.06145,0.00470,0.02489,0.000,0.000
54,Core,5,-0.03853,0.01820,-0.00984,0.01168,0.000,0.000
54,Core,6,0.00000,0.00000,0.00000,0.00000,0.000,0.000
54,Core,7,-0.01419,0.31951,0.15654,0.06175,0.000,0.000
54,Core,8,-0.12755,0.03597,-0.03980,0.03794,0.000,0.000
54,Core,9,0.00000,0.00000,0.00000,0.00000,0.000,0.000
54,Core,10,-0.03532,0.03109,-0.00401,0.01696,0.000,0.000
54,Core,11,0.00000,0.00000,0.00000,0.00000,0.000,0.000
54,Moderator,0,-0.24791,0.32253,0.06637,0.12416,0.000,0.000
54,Moderator,1,-1.29833,0.63477,-0.39942,0.41351,0.000,0.000
54,Moderator,2,-0.24675,0.24861,0.03006,0.11592,0.000,0.000
54,Moderator,3,-0.14557,0.17727,0.03203,0.07477,0.000,0.000
54,Moderator,4,0.00000,0.00000,0.00000,0.00000,0.000,0.000
54,Moderator,5,0.00000,0.00000,0.00000,0.00000,0.000,0.000
54,Moderator,6,0.00000,0.00000,0.00000,0.00000,0.000,0.000
54,Moderator,7,-0.72332,0.80000,0.16224,0.37138,0.000,0.050
54,Moderator,8,-0.44613,0.80000,0.23398,0.34753,0.000,0.080
54,Moderator,9,0.00000,0.00000,0.00000,0.00000,0.000,0.000
54,Moderator,10,0.00000,0.00000,0.00000,0.00000,0.000,0.000
54,Moderator,11,0.00000,0.00000,0.00000,0.00000,0.000,0.000
55,CR,0,0.05955,0.80000,0.43679,0.21583,0.000,0.060
55,CR,1,-0.75282,0.80000,-0.03429,0.39431,0.000,0.030
55,CR,2,-0.36569,0.14740,-0.08948,0.11235,0.000,0.000
55,CR,3,-1.80000,0.38262,-0.89415,0.65487,0.120,0.000
55,CR,4,0.00000,0.00000,0.00000,0.00000,0.000,0.000
55,CR,5,0.00000,0.00000,0.00000,0.00000,0.000,0.000
55,CR,6,0.00000,0.00000,0.00000,0.00000,0.000,0.000
55,CR,7,-1.10336,0.24410,-0.23593,0.26874,0.000,0.000
55,CR,8,-1.21306,0.47735,-0.29436,0.36968,0.000,0.000
55,CR,9,0.00000,0.00000,0.00000,0.00000,0.000,0.000
55,CR,10,0.00000,0.00000,0.00000,0.00000,0.000,0.000
55,CR,11,0.00000,0.00000,0.00000,0.00000,0.000,0.000
55,Core,0,-0.00233,0.56883,0.24635,0.12310,0.000,0.000
55,Core,1,-0.87087,0.80000,0.62274,0.31074,0.000,0.650
55,Core,2,-0.00231,0.14677,0.07890,0.02982,0.000,0.000
55,Core,3,-0.00865,0.11766,0.04072,0.01786,0.000,0.000
55,Core,4,-0.04035,0.06172,0.00514,0.02515,0.000,0.000
55,Core,5,-0.03909,0.01628,-0.01062,0.01142,0.000,0.000
55,Core,6,0.00000,0.00000,0.00000,0.00000,0.000,0.000
55,Core,7,-0.01547,0.32187,0.15677,0.06236,0.000,0.000
55,Core,8,-0.12452,0.03708,-0.03901,0.03782,0.000,0.000
55,Core,9,0.00000,0.00000,0.00000,0.00000,0.000,0.000
55,Core,10,-0.03557,0.02966,-0.00449,0.01683,0.000,0.000
55,Core,11,0.00000,0.00000,0.00000,0.00000,0.000,0.000
55,Moderator,0,-0.25075,0.32336,0.06568,0.12492,0.000,0.000
55,Moderator,1,-1.29872,0.63817,-0.39765,0.41452,0.000,0.000
55,Moderator,2,-0.24950,0.24862,0.02908,0.11657,0.000,0.000
55,Moderator,3,-0.14822,0.17830,0.03163,0.07533,0.000,0.000
55,Moderator,4,0.00000,0.00000,0.00000,0.00000,0.000,0.000
55,Moderator,5,0.00000,0.00000,0.00000,0.00000,0.000,0.000
55,Moderator,6,0.00000,0.00000,0.00000,0.00000,0.000,0.000
55,Moderator,7,-0.72462,0.80000,0.16097,0.37173,0.000,0.050
55,Moderator,8,-0.44806,0.80000,0.23727,0.34783,0.000,0.090
55,Moderator,9,0.00000,0.00000,0.00000,0.00000,0.000,0.000
55,Moderator,10,0.00000,0.00000,0.00000,0.00000,0.000,0.000
55,Moderator,11,0.00000,0.00000,0.00000,0.00000,0.000,0.000
56,CR,0,0.05804,0.80000,0.43497,0.21608,0.000,0.060
56,CR,1,-0.75199,0.80000,-0.03389,0.39403,0.000,0.030
56,CR,2,-0.36567,0.14970,-0.08880,0.11271,0.000,0.000
56,CR,3,-1.80000,0.38450,-0.88770,0.65357,0.120,0.000
56,CR,4,0.00000,0.00000,0.00000,0.00000,0.000,0.000
56,CR,5,0.00000,0.00000,0.00000,0.00000,0.000,0.000
56,CR,6,0.00000,0.00000,0.00000,0.00000,0.000,0.000
56,CR,7,-1.09692,0.24438,-0.23390,0.26779,0.000,0.000
56,CR,8,-1.20695,0.47910,-0.29203,0.36865,0.000,0.000
56,CR,9,0.00000,0.00000,0.00000,0.00000,0.000,0.000
56,CR,10,0.00000,0.00000,0.00000,0.00000,0.000,0.000
56,CR,11,0.00000,0.00000,0.00000,0.00000,0.000,0.000
56,Core,0,-0.00369,0.56798,0.24632,0.12369,0.000,0.000
56,Core,1,-0.87751,0.80000,0.62034,0.31342,0.000,0.650
56,Core,2,-0.00239,0.14632,0.07845,0.02970,0.000,0.000
56,Core,3,-0.00896,0.11934,0.04082,0.01820,0.000,0.000
56,Core,4,-0.04050,0.06178,0.00515,0.02508,0.000,0.000
56,Core,5,-0.03929,0.01518,-0.01094,0.01125,0.000,0.000
56,Core,6,0.00000,0.00000,0.00000,0.00000,0.000,0.000
56,Core,7,-0.01613,0.32079,0.15565,0.06234,0.000,0.000
56,Core,8,-0.12470,0.03791,-0.03859,0.03785,0.000,0.000
56,Core,9,0.00000,0.00000,0.00000,0.00000,0.000,0.000
56,Core,10,-0.03594,0.02882,-0.00474,0.01656,0.000,0.000
56,Core,11,0.00000,0.00000,0.00000,0.00000,0.000,0.000
56,Moderator,0,-0.25030,0.32360,0.06574,0.12521,0.000,0.000
56,Moderator,1,-1.29710,0.63802,-0.39519,0.41423,0.000,0.000
56,Moderator,2,-0.24897,0.24822,0.02896,0.11671,0.000,0.000
56,Moderator,3,-0.14778,0.17912,0.03197,0.07574,0.000,0.000
56,Moderator,4,0.00000,0.00000,0.00000,0.00000,0.000,0.000
56,Moderator,5,0.00000,0.00000,0.00000,0.00000,0.000,0.000
56,Moderator,6,0.00000,0.00000,0.00000,0.00000,0.000,0.000
56,Moderator,7,-0.72599,0.80000,0.15889,0.37134,0.000,0.050
56,Moderator,8,-0.44476,0.80000,0.23832,0.34704,0.000,0.090
56,Moderator,9,0.00000,0.00000,0.00000,0.00000,0.000,0.000
56,Moderator,10,0.00000,0.00000,0.00000,0.00000,0.000,0.000
56,Moderator,11,0.00000,0.00000,0.00000,0.00000,0.000,0.000
57,CR,0,0.05911,0.80000,0.43957,0.21786,0.000,0.070
57,CR,1,-0.75408,0.80000,-0.03534,0.39420,0.000,0.030
57,CR,2,-0.36913,0.14767,-0.09042,0.11299,0.000,0.000
57,CR,3,-1.80000,0.38019,-0.89754,0.65626,0.130,0.000
57,CR,4,0.00000,0.00000,0.00000,0.00000,0.000,0.000
57,CR,5,0.00000,0.00000,0.00000,0.00000,0.000,0.000
57,CR,6,0.00000,0.00000,0.00000,0.00000,0.000,0.000
57,CR,7,-1.09480,0.24384,-0.23552,0.26801,0.000,0.000
57,CR,8,-1.20636,0.47988,-0.29181,0.36826,0.000,0.000
57,CR,9,0.00000,0.00000,0.00000,0.00000,0.000,0.000
57,CR,10,0.00000,0.00000,0.00000,0.00000,0.000,0.000
57,CR,11,0.00000,0.00000,0.00000,0.00000,0.000,0.000
57,Core,0,-0.00299,0.57172,0.24790,0.12459,0.000,0.000
57,Core,1,-0.87459,0.80000,0.62236,0.31141,0.000,0.650
57,Core,2,-0.00048,0.15014,0.07999,0.03001,0.000,0.000
57,Core,3,-0.00840,0.11894,0.04131,0.01822,0.000,0.000
57,Core,4,-0.04054,0.06108,0.00467,0.02484,0.000,0.000
57,Core,5,-0.03907,0.01488,-0.01113,0.01109,0.000,0.000
57,Core,6,0.00000,0.00000,0.00000,0.00000,0.000,0.000
57,Core,7,-0.01481,0.32108,0.15744,0.06279,0.000,0.000
57,Core,8,-0.12670,0.03625,-0.03938,0.03763,0.000,0.000
57,Core,9,0.00000,0.00000,0.00000,0.00000,0.000,0.000
57,Core,10,-0.03570,0.02857,-0.00500,0.01637,0.000,0.000
57,Core,11,0.00000,0.00000,0.00000,0.00000,0.000,0.000
57,Moderator,0,-0.25097,0.32438,0.06577,0.12541,0.000,0.000
57,Moderator,1,-1.30534,0.63588,-0.39870,0.41515,0.000,0.000
57,Moderator,2,-0.24977,0.24826,0.02864,0.11684,0.000,0.000
57,Moderator,3,-0.14832,0.17916,0.03182,0.07575,0.000,0.000
57,Moderator,4,0.00000,0.00000,0.00000,0.00000,0.000,0.000
57,Moderator,5,0.00000,0.00000,0.00000,0.00000,0.000,0.000
57,Moderator,6,0.00000,0.00000,0.00000,0.00000,0.000,0.000
57,Moderator,7,-0.72566,0.80000,0.16095,0.37208,0.000,0.050
57,Moderator,8,-0.44514,0.80000,0.24008,0.34764,0.000,0.090
57,Moderator,9,0.00000,0.00000,0.00000,0.00000,0.000,0.000
57,Moderator,10,0.00000,0.00000,0.00000,0.00000,0.000,0.000
57,Moderator,11,0.00000,0.00000,0.00000,0.00000,0.000,0.000
58,CR,0,0.05803,0.80000,0.44135,0.21962,0.000,0.070
58,CR,1,-0.75569,0.80000,-0.03613,0.39455,0.000,0.030
58,CR,2,-0.37049,0.14925,-0.09118,0.11326,0.000,0.000
58,CR,3,-1.80000,0.38171,-0.89980,0.65835,0.140,0.000
58,CR,4,0.00000,0.00000,0.00000,0.00000,0.000,0.000
58,CR,5,0.00000,0.00000,0.00000,0.00000,0.000,0.000
58,CR,6,0.00000,0.00000,0.00000,0.00000,0.000,0.000
58,CR,7,-1.09231,0.24212,-0.23691,0.26784,0.000,0.000
58,CR,8,-1.20763,0.47957,-0.29254,0.36807,0.000,0.000
58,CR,9,0.00000,0.00000,0.00000,0.00000,0.000,0.000
58,CR,10,0.00000,0.00000,0.00000,0.00000,0.000,0.000
58,CR,11,0.00000,0.00000,0.00000,0.00000,0.000,0.000
58,Core,0,-0.00306,0.57533,0.24913,0.12545,0.000,0.000
58,Core,1,-0.87673,0.80000,0.62192,0.31188,0.000,0.650
58,Core,2,-0.00055,0.15087,0.08039,0.03024,0.000,0.000
58,Core,3,-0.00776,0.11846,0.04173,0.01798,0.000,0.000
58,Core,4,-0.04015,0.06108,0.00483,0.02473,0.000,0.000
58,Core,5,-0.04020,0.01520,-0.01143,0.01131,0.000,0.000
58,Core,6,0.00000,0.00000,0.00000,0.00000,0.000,0.000
58,Core,7,-0.01404,0.31987,0.15836,0.06278,0.000,0.000
58,Core,8,-0.12493,0.03480,-0.03928,0.03715,0.000,0.000
58,Core,9,0.00000,0.00000,0.00000,0.00000,0.000,0.000
58,Core,10,-0.03654,0.02849,-0.00518,0.01653,0.000,0.000
58,Core,11,0.00000,0.00000,0.00000,0.00000,0.000,0.000
58,Moderator,0,-0.25042,0.32501,0.06610,0.12513,0.000,0.000
58,Moderator,1,-1.30763,0.63393,-0.39979,0.41499,0.000,0.000
58,Moderator,2,-0.24931,0.24895,0.02900,0.11657,0.000,0.000
58,Moderator,3,-0.14724,0.17777,0.03164,0.07512,0.000,0.000
58,Moderator,4,0.00000,0.00000,0.00000,0.00000,0.000,0.000
58,Moderator,5,0.00000,0.00000,0.00000,0.00000,0.000,0.000
58,Moderator,6,0.00000,0.00000,0.00000,0.00000,0.000,0.000
58,Moderator,7,-0.72694,0.80000,0.16296,0.37331,0.000,0.050
58,Moderator,8,-0.44741,0.80000,0.24209,0.34811,0.000,0.090
58,Moderator,9,0.00000,0.00000,0.00000,0.00000,0.000,0.000
58,Moderator,10,0.00000,0.00000,0.00000,0.00000,0.000,0.000
58,Moderator,11,0.00000,0.00000,0.00000,0.00000,0.000,0.000
59,CR,0,0.05877,0.80000,0.44391,0.22071,0.000,0.070
59,CR,1,-0.75764,0.80000,-0.03729,0.39494,0.000,0.030
59,CR,2,-0.37284,0.14810,-0.09274,0.11343,0.000,0.000
59,CR,3,-1.80000,0.38146,-0.90210,0.65946,0.140,0.000
59,CR,4,0.00000,0.00000,0.00000,0.00000,0.000,0.000
59,CR,5,0.00000,0.00000,0.00000,0.00000,0.000,0.000
59,CR,6,0.00000,0.00000,0.00000,0.00000,0.000,0.000
59,CR,7,-1.09633,0.24176,-0.23760,0.26809,0.000,0.000
59,CR,8,-1.20886,0.48102,-0.29319,0.36789,0.000,0.000
59,CR,9,0.00000,0.00000,0.00000,0.00000,0.000,0.000
59,CR,10,0.00000,0.00000,0.00000,0.00000,0.000,0.000
59,CR,11,0.00000,0.00000,0.00000,0.00000,0.000,0.000
59,Core,0,-0.00462,0.57710,0.24906,0.12588,0.000,0.000
59,Core,1,-0.88032,0.80000,0.62201,0.31224,0.000,0.650
59,Core,2,-0.00113,0.14998,0.07984,0.03023,0.000,0.000
59,Core,3,-0.00866,0.11827,0.04093,0.01800,0.000,0.000
59,Core,4,-0.04007,0.06258,0.00541,0.02514,0.000,0.000
59,Core,5,-0.03916,0.01658,-0.01056,0.01148,0.000,0.000
59,Core,6,0.00000,0.00000,0.00000,0.00000,0.000,0.000
59,Core,7,-0.01514,0.32026,0.15762,0.06299,0.000,0.000
59,Core,8,-0.12393,0.03638,-0.03880,0.03747,0.000,0.000
59,Core,9,0.00000,0.00000,0.00000,0.00000,0.000,0.000
59,Core,10,-0.03545,0.03003,-0.00438,0.01685,0.000,0.000
59,Core,11,0.00000,0.00000,0.00000,0.00000,0.000,0.000
59,Moderator,0,-0.25035,0.32339,0.06508,0.12494,0.000,0.000
59,Moderator,1,-1.30670,0.63320,-0.39906,0.41498,0.000,0.000
59,Moderator,2,-0.24932,0.24671,0.02777,0.11633,0.000,0.000
59,Moderator,3,-0.14694,0.17532,0.03031,0.07476,0.000,0.000
59,Moderator,4,0.00000,0.00000,0.00000,0.00000,0.000,0.000
59,Moderator,5,0.00000,0.00000,0.00000,0.00000,0.000,0.000
59,Moderator,6,0.00000,0.00000,0.00000,0.00000,0.000,0.000
59,Moderator,7,-0.72850,0.80000,0.16494,0.37445,0.000,0.050
59,Moderator,8,-0.44906,0.80000,0.24246,0.34828,0.000,0.090
59,Moderator,9,0.00000,0.00000,0.00000,0.00000,0.000,0.000
59,Moderator,10,0.00000,0.00000,0.00000,0.00000,0.000,0.000
59,Moderator,11,0.00000,0.00000,0.00000,0.00000,0.000,0.000
60,CR,0,0.05819,0.80000,0.44418,0.22106,0.000,0.070
60,CR,1,-0.76051,0.80000,-0.04026,0.39426,0.000,0.030
60,CR,2,-0.37401,0.14758,-0.09314,0.11348,0.000,0.000
60,CR,3,-1.80000,0.38109,-0.90157,0.65936,0.140,0.000
60,CR,4,0.00000,0.00000,0.00000,0.00000,0.000,0.000
60,CR,5,0.00000,0.00000,0.00000,0.00000,0.000,0.000
60,CR,6,0.00000,0.00000,0.00000,0.00000,0.000,0.000
60,CR,7,-1.09151,0.24184,-0.23591,0.26749,0.000,0.000
60,CR,8,-1.20818,0.48143,-0.29319,0.36731,0.000,0.000
60,CR,9,0.00000,0.00000,0.00000,0.00000,0.000,0.000
60,CR,10,0.00000,0.00000,0.00000,0.00000,0.000,0.000
60,CR,11,0.00000,0.00000,0.00000,0.00000,0.000,0.000
60,Core,0,-0.00399,0.57963,0.24997,0.12641,0.000,0.000
60,Core,1,-0.88195,0.80000,0.62129,0.31300,0.000,0.650
60,Core,2,-0.00034,0.14991,0.07996,0.03010,0.000,0.000
60,Core,3,-0.00818,0.11723,0.04119,0.01788,0.000,0.000
60,Core,4,-0.04022,0.06359,0.00548,0.02518,0.000,0.000
60,Core,5,-0.03919,0.01602,-0.01088,0.01142,0.000,0.000
60,Core,6,0.00000,0.00000,0.00000,0.00000,0.000,0.000
60,Core,7,-0.01443,0.31847,0.15770,0.06286,0.000,0.000
60,Core,8,-0.12476,0.03715,-0.03857,0.03758,0.000,0.000
60,Core,9,0.00000,0.00000,0.00000,0.00000,0.000,0.000
60,Core,10,-0.03559,0.02946,-0.00461,0.01680,0.000,0.000
60,Core,11,0.00000,0.00000,0.00000,0.00000,0.000,0.000
60,Moderator,0,-0.25015,0.32390,0.06521,0.12510,0.000,0.000
60,Moderator,1,-1.30585,0.63209,-0.39862,0.41463,0.000,0.000
60,Moderator,2,-0.24930,0.24709,0.02780,0.11656,0.000,0.000
60,Moderator,3,-0.14651,0.17553,0.03044,0.07480,0.000,0.000
60,Moderator,4,0.00000,0.00000,0.00000,0.00000,0.000,0.000
60,Moderator,5,0.00000,0.00000,0.00000,0.00000,0.000,0.000
60,Moderator,6,0.00000,0.00000,0.00000,0.00000,0.000,0.000
60,Moderator,7,-0.72995,0.80000,0.16417,0.37486,0.000,0.050
60,Moderator,8,-0.44896,0.80000,0.24384,0.34860,0.000,0.090
60,Moderator,9,0.00000,0.00000,0.00000,0.00000,0.000,0.000
60,Moderator,10,0.00000,0.00000,0.00000,0.00000,0.000,0.000
60,Moderator,11,0.00000,0.00000,0.00000,0.00000,0.000,0.000
61,CR,0,0.05677,0.80000,0.44243,0.22113,0.000,0.070
61,CR,1,-0.75872,0.80000,-0.03894,0.39412,0.000,0.030
61,CR,2,-0.37341,0.14952,-0.09271,0.11351,0.000,0.000
61,CR,3,-1.80000,0.38371,-0.89745,0.65933,0.140,0.000
61,CR,4,0.00000,0.00000,0.00000,0.00000,0.000,0.000
61,CR,5,0.00000,0.00000,0.00000,0.00000,0.000,0.000
61,CR,6,0.00000,0.00000,0.00000,0.00000,0.000,0.000
61,CR,7,-1.08350,0.24119,-0.23557,0.26696,0.000,0.000
61,CR,8,-1.20566,0.48231,-0.29212,0.36704,0.000,0.000
61,CR,9,0.00000,0.00000,0.00000,0.00000,0.000,0.000
61,CR,10,0.00000,0.00000,0.00000,0.00000,0.000,0.000
61,CR,11,0.00000,0.00000,0.00000,0.00000,0.000,0.000
61,Core,0,-0.00568,0.57937,0.24912,0.12639,0.000,0.000
61,Core,1,-0.88675,0.80000,0.61915,0.31519,0.000,0.650
61,Core,2,-0.00179,0.14956,0.07937,0.03021,0.000,0.000
61,Core,3,-0.00858,0.11707,0.04095,0.01791,0.000,0.000
61,Core,4,-0.03956,0.06289,0.00566,0.02517,0.000,0.000
61,Core,5,-0.03978,0.01618,-0.01081,0.01155,0.000,0.000
61,Core,6,0.00000,0.00000,0.00000,0.00000,0.000,0.000
61,Core,7,-0.01508,0.31574,0.15668,0.06276,0.000,0.000
61,Core,8,-0.12266,0.03735,-0.03810,0.03735,0.000,0.000
61,Core,9,0.00000,0.00000,0.00000,0.00000,0.000,0.000
61,Core,10,-0.03595,0.02977,-0.00452,0.01694,0.000,0.000
61,Core,11,0.00000,0.00000,0.00000,0.00000,0.000,0.000
61,Moderator,0,-0.25066,0.32308,0.06454,0.12516,0.000,0.000
61,Moderator,1,-1.30237,0.63244,-0.39600,0.41402,0.000,0.000
61,Moderator,2,-0.24972,0.24594,0.02706,0.11659,0.000,0.000
61,Moderator,3,-0.14671,0.17495,0.03013,0.07475,0.000,0.000
61,Moderator,4,0.00000,0.00000,0.00000,0.00000,0.000,0.000
61,Moderator,5,0.00000,0.00000,0.00000,0.00000,0.000,0.000
61,Moderator,6,0.00000,0.00000,0.00000,0.00000,0.000,0.000
61,Moderator,7,-0.73177,0.80000,0.16237,0.37481,0.000,0.050
61,Moderator,8,-0.44909,0.80000,0.24486,0.34879,0.000,0.090
61,Moderator,9,0.00000,0.00000,0.00000,0.00000,0.000,0.000
61,Moderator,10,0.00000,0.00000,0.00000,0.00000,0.000,0.000
61,Moderator,11,0.00000,0.00000,0.00000,0.00000,0.000,0.000
62,CR,0,0.05598,0.80000,0.44254,0.22167,0.000,0.070
62,CR,1,-0.75840,0.80000,-0.03854,0.39418,0.000,0.030
62,CR,2,-0.37323,0.14963,-0.09250,0.11338,0.000,0.000
62,CR,3,-1.80000,0.38497,-0.89605,0.65944,0.140,0.000
62,CR,4,0.00000,0.00000,0.00000,0.00000,0.000,0.000
62,CR,5,0.00000,0.00000,0.00000,0.00000,0.000,0.000
62,CR,6,0.00000,0.00000,0.00000,0.00000,0.000,0.000
62,CR,7,-1.08189,0.24072,-0.23519,0.26681,0.000,0.000
62,CR,8,-1.20643,0.48240,-0.29282,0.36667,0.000,0.000
62,CR,9,0.00000,0.00000,0.00000,0.00000,0.000,0.000
62,CR,10,0.00000,0.00000,0.00000,0.00000,0.000,0.000
62,CR,11,0.00000,0.00000,0.00000,0.00000,0.000,0.000
62,Core,0,-0.00534,0.58167,0.24976,0.12698,0.000,0.000
62,Core,1,-0.88907,0.80000,0.61855,0.31592,0.000,0.650
62,Core,2,-0.00113,0.15039,0.07968,0.03025,0.000,0.000
62,Core,3,-0.00798,0.11738,0.04125,0.01783,0.000,0.000
62,Core,4,-0.03950,0.06270,0.00542,0.02499,0.000,0.000
62,Core,5,-0.03982,0.01579,-0.01111,0.01145,0.000,0.000
62,Core,6,0.00000,0.00000,0.00000,0.00000,0.000,0.000
62,Core,7,-0.01473,0.31563,0.15687,0.06281,0.000,0.000
62,Core,8,-0.12338,0.03700,-0.03818,0.03730,0.000,0.000
62,Core,9,0.00000,0.00000,0.00000,0.00000,0.000,0.000
62,Core,10,-0.03594,0.02937,-0.00481,0.01680,0.000,0.000
62,Core,11,0.00000,0.00000,0.00000,0.00000,0.000,0.000
62,Moderator,0,-0.25015,0.32250,0.06436,0.12499,0.000,0.000
62,Moderator,1,-1.30264,0.63148,-0.39566,0.41389,0.000,0.000
62,Moderator,2,-0.24932,0.24515,0.02679,0.11639,0.000,0.000
62,Moderator,3,-0.14582,0.17353,0.02978,0.07438,0.000,0.000
62,Moderator,4,0.00000,0.00000,0.00000,0.00000,0.000,0.000
62,Moderator,5,0.00000,0.00000,0.00000,0.00000,0.000,0.000
62,Moderator,6,0.00000,0.00000,0.00000,0.00000,0.000,0.000
62,Moderator,7,-0.73318,0.80000,0.16284,0.37552,0.000,0.050
62,Moderator,8,-0.44916,0.80000,0.24476,0.34903,0.000,0.090
62,Moderator,9,0.00000,0.00000,0.00000,0.00000,0.000,0.000
62,Moderator,10,0.00000,0.00000,0.00000,0.00000,0.000,0.000
62,Moderator,11,0.00000,0.00000,0.00000,0.00000,0.000,0.000
63,CR,0,0.05520,0.80000,0.44173,0.22192,0.000,0.070
63,CR,1,-0.75586,0.80000,-0.03568,0.39453,0.000,0.030
63,CR,2,-0.37351,0.15107,-0.09215,0.11369,0.000,0.000
63,CR,3,-1.80000,0.38633,-0.89394,0.65967,0.140,0.000
63,CR,4,0.00000,0.00000,0.00000,0.00000,0.000,0.000
63,CR,5,0.00000,0.00000,0.00000,0.00000,0.000,0.000
63,CR,6,0.00000,0.00000,0.00000,0.00000,0.000,0.000
63,CR,7,-1.07812,0.24085,-0.23485,0.26666,0.000,0.000
63,CR,8,-1.20854,0.48253,-0.29398,0.36657,0.000,0.000
63,CR,9,0.00000,0.00000,0.00000,0.00000,0.000,0.000
63,CR,10,0.00000,0.00000,0.00000,0.00000,0.000,0.000
63,CR,11,0.00000,0.00000,0.00000,0.00000,0.000,0.000
63,Core,0,-0.00622,0.58220,0.24938,0.12722,0.000,0.000
63,Core,1,-0.88971,0.80000,0.61800,0.31642,0.000,0.650
63,Core,2,-0.00169,0.14973,0.07925,0.03021,0.000,0.000
63,Core,3,-0.00872,0.11735,0.04094,0.01797,0.000,0.000
63,Core,4,-0.03916,0.06240,0.00570,0.02500,0.000,0.000
63,Core,5,-0.03969,0.01612,-0.01083,0.01151,0.000,0.000
63,Core,6,0.00000,0.00000,0.00000,0.00000,0.000,0.000
63,Core,7,-0.01552,0.31416,0.15620,0.06281,0.000,0.000
63,Core,8,-0.12249,0.03722,-0.03781,0.03720,0.000,0.000
63,Core,9,0.00000,0.00000,0.00000,0.00000,0.000,0.000
63,Core,10,-0.03565,0.02958,-0.00453,0.01682,0.000,0.000
63,Core,11,0.00000,0.00000,0.00000,0.00000,0.000,0.000
63,Moderator,0,-0.25063,0.32272,0.06416,0.12521,0.000,0.000
63,Moderator,1,-1.30219,0.63170,-0.39494,0.41387,0.000,0.000
63,Moderator,2,-0.24973,0.24531,0.02662,0.11662,0.000,0.000
63,Moderator,3,-0.14626,0.17366,0.02965,0.07456,0.000,0.000
63,Moderator,4,0.00000,0.00000,0.00000,0.00000,0.000,0.000
63,Moderator,5,0.00000,0.00000,0.00000,0.00000,0.000,0.000
63,Moderator,6,0.00000,0.00000,0.00000,0.00000,0.000,0.000
63,Moderator,7,-0.73323,0.80000,0.16292,0.37552,0.000,0.050
63,Moderator,8,-0.45001,0.80000,0.24513,0.34917,0.000,0.090
63,Moderator,9,0.00000,0.00000,0.00000,0.00000,0.000,0.000
63,Moderator,10,0.00000,0.00000,0.00000,0.00000,0.000,0.000
63,Moderator,11,0.00000,0.00000,0.00000,0.00000,0.000,0.000
64,CR,0,0.05528,0.80000,0.44245,0.22210,0.000,0.070
64,CR,1,-0.75638,0.80000,-0.03566,0.39489,0.000,0.030
64,CR,2,-0.37423,0.15061,-0.09246,0.11381,0.000,0.000
64,CR,3,-1.80000,0.38541,-0.89547,0.65999,0.140,0.000
64,CR,4,0.00000,0.00000,0.00000,0.00000,0.000,0.000
64,CR,5,0.00000,0.00000,0.00000,0.00000,0.000,0.000
64,CR,6,0.00000,0.00000,0.00000,0.00000,0.000,0.000
64,CR,7,-1.07736,0.24059,-0.23505,0.26669,0.000,0.000
64,CR,8,-1.20814,0.48352,-0.29359,0.36669,0.000,0.000
64,CR,9,0.00000,0.00000,0.00000,0.00000,0.000,0.000
64,CR,10,0.00000,0.00000,0.00000,0.00000,0.000,0.000
64,CR,11,0.00000,0.00000,0.00000,0.00000,0.000,0.000
64,Core,0,-0.00585,0.58324,0.24994,0.12745,0.000,0.000
64,Core,1,-0.88977,0.80000,0.61810,0.31633,0.000,0.650
64,Core,2,-0.00118,0.15032,0.07960,0.03026,0.000,0.000
64,Core,3,-0.00867,0.11713,0.04113,0.01799,0.000,0.000
64,Core,4,-0.03945,0.06291,0.00553,0.02504,0.000,0.000
64,Core,5,-0.03967,0.01581,-0.01098,0.01146,0.000,0.000
64,Core,6,0.00000,0.00000,0.00000,0.00000,0.000,0.000
64,Core,7,-0.01524,0.31379,0.15655,0.06292,0.000,0.000
64,Core,8,-0.12332,0.03719,-0.03803,0.03732,0.000,0.000
64,Core,9,0.00000,0.00000,0.00000,0.00000,0.000,0.000
64,Core,10,-0.03567,0.02939,-0.00469,0.01680,0.000,0.000
64,Core,11,0.00000,0.00000,0.00000,0.00000,0.000,0.000
64,Moderator,0,-0.25078,0.32246,0.06387,0.12522,0.000,0.000
64,Moderator,1,-1.30219,0.63145,-0.39475,0.41384,0.000,0.000
64,Moderator,2,-0.24989,0.24481,0.02623,0.11661,0.000,0.000
64,Moderator,3,-0.14643,0.17338,0.02940,0.07457,0.000,0.000
64,Moderator,4,0.00000,0.00000,0.00000,0.00000,0.000,0.000
64,Moderator,5,0.00000,0.00000,0.00000,0.00000,0.000,0.000
64,Moderator,6,0.00000,0.00000,0.00000,0.00000,0.000,0.000
64,Moderator,7,-0.73323,0.80000,0.16287,0.37566,0.000,0.050
64,Moderator,8,-0.45001,0.80000,0.24570,0.34912,0.000,0.090
64,Moderator,9,0.00000,0.00000,0.00000,0.00000,0.000,0.000
64,Moderator,10,0.00000,0.00000,0.00000,0.00000,0.000,0.000
64,Moderator,11,0.00000,0.00000,0.00000,0.00000,0.000,0.000
65,CR,0,0.05529,0.80000,0.44290,0.22220,0.000,0.070
65,CR,1,-0.75599,0.80000,-0.03522,0.39503,0.000,0.030
65,CR,2,-0.37448,0.15058,-0.09261,0.11385,0.000,0.000
65,CR,3,-1.80000,0.38478,-0.89610,0.66005,0.140,0.000
65,CR,4,0.00000,0.00000,0.00000,0.00000,0.000,0.000
65,CR,5,0.00000,0.00000,0.00000,0.00000,0.000,0.000
65,CR,6,0.00000,0.00000,0.00000,0.00000,0.000,0.000
65,CR,7,-1.07882,0.24028,-0.23541,0.26676,0.000,0.000
65,CR,8,-1.20720,0.48385,-0.29321,0.36658,0.000,0.000
65,CR,9,0.00000,0.00000,0.00000,0.00000,0.000,0.000
65,CR,10,0.00000,0.00000,0.00000,0.00000,0.000,0.000
65,CR,11,0.00000,0.00000,0.00000,0.00000,0.000,0.000
65,Core,0,-0.00580,0.58368,0.25008,0.12756,0.000,0.000
65,Core,1,-0.88947,0.80000,0.61835,0.31612,0.000,0.650
65,Core,2,-0.00062,0.15050,0.07973,0.03022,0.000,0.000
65,Core,3,-0.00851,0.11708,0.04110,0.01792,0.000,0.000
65,Core,4,-0.03940,0.06298,0.00547,0.02497,0.000,0.000
65,Core,5,-0.03961,0.01608,-0.01092,0.01148,0.000,0.000
65,Core,6,0.00000,0.00000,0.00000,0.00000,0.000,0.000
65,Core,7,-0.01489,0.31388,0.15663,0.06285,0.000,0.000
65,Core,8,-0.12382,0.03705,-0.03811,0.03732,0.000,0.000
65,Core,9,0.00000,0.00000,0.00000,0.00000,0.000,0.000
65,Core,10,-0.03559,0.02954,-0.00465,0.01681,0.000,0.000
65,Core,11,0.00000,0.00000,0.00000,0.00000,0.000,0.000
65,Moderator,0,-0.25104,0.32286,0.06389,0.12537,0.000,0.000
65,Moderator,1,-1.30298,0.63137,-0.39505,0.41404,0.000,0.000
65,Moderator,2,-0.25018,0.24509,0.02618,0.11674,0.000,0.000
65,Moderator,3,-0.14672,0.17359,0.02935,0.07466,0.000,0.000
65,Moderator,4,0.00000,0.00000,0.00000,0.00000,0.000,0.000
65,Moderator,5,0.00000,0.00000,0.00000,0.00000,0.000,0.000
65,Moderator,6,0.00000,0.00000,0.00000,0.00000,0.000,0.000
65,Moderator,7,-0.73332,0.80000,0.16315,0.37580,0.000,0.050
65,Moderator,8,-0.44999,0.80000,0.24601,0.34916,0.000,0.090
65,Moderator,9,0.00000,0.00000,0.00000,0.00000,0.000,0.000
65,Moderator,10,0.00000,0.00000,0.00000,0.00000,0.000,0.000
65,Moderator,11,0.00000,0.00000,0.00000,0.00000,0.000,0.000
66,CR,0,0.05494,0.80000,0.44265,0.22247,0.000,0.070
66,CR,1,-0.75658,0.80000,-0.03560,0.39501,0.000,0.030
66,CR,2,-0.37469,0.15096,-0.09265,0.11392,0.000,0.000
66,CR,3,-1.80000,0.38557,-0.89563,0.66040,0.140,0.000
66,CR,4,0.00000,0.00000,0.00000,0.00000,0.000,0.000
66,CR,5,0.00000,0.00000,0.00000,0.00000,0.000,0.000
66,CR,6,0.00000,0.00000,0.00000,0.00000,0.000,0.000
66,CR,7,-1.07557,0.23997,-0.23498,0.26649,0.000,0.000
66,CR,8,-1.20694,0.48412,-0.29320,0.36647,0.000,0.000
66,CR,9,0.00000,0.00000,0.00000,0.00000,0.000,0.000
66,CR,10,0.00000,0.00000,0.00000,0.00000,0.000,0.000
66,CR,11,0.00000,0.00000,0.00000,0.00000,0.000,0.000
66,Core,0,-0.00607,0.58373,0.24992,0.12759,0.000,0.000
66,Core,1,-0.89069,0.80000,0.61778,0.31668,0.000,0.650
66,Core,2,-0.00087,0.15019,0.07954,0.03020,0.000,0.000
66,Core,3,-0.00857,0.11688,0.04097,0.01789,0.000,0.000
66,Core,4,-0.03944,0.06291,0.00554,0.02507,0.000,0.000
66,Core,5,-0.03978,0.01633,-0.01084,0.01158,0.000,0.000
66,Core,6,0.00000,0.00000,0.00000,0.00000,0.000,0.000
66,Core,7,-0.01500,0.31280,0.15627,0.06276,0.000,0.000
66,Core,8,-0.12334,0.03751,-0.03792,0.03740,0.000,0.000
66,Core,9,0.00000,0.00000,0.00000,0.00000,0.000,0.000
66,Core,10,-0.03572,0.02986,-0.00457,0.01693,0.000,0.000
66,Core,11,0.00000,0.00000,0.00000,0.00000,0.000,0.000
66,Moderator,0,-0.25108,0.32297,0.06394,0.12542,0.000,0.000
66,Moderator,1,-1.30275,0.63123,-0.39474,0.41394,0.000,0.000
66,Moderator,2,-0.25020,0.24509,0.02622,0.11676,0.000,0.000
66,Moderator,3,-0.14669,0.17370,0.02945,0.07470,0.000,0.000
66,Moderator,4,0.00000,0.00000,0.00000,0.00000,0.000,0.000
66,Moderator,5,0.00000,0.00000,0.00000,0.00000,0.000,0.000
66,Moderator,6,0.00000,0.00000,0.00000,0.00000,0.000,0.000
66,Moderator,7,-0.73370,0.80000,0.16274,0.37580,0.000,0.050
66,Moderator,8,-0.44969,0.80000,0.24613,0.34912,0.000,0.090
66,Moderator,9,0.00000,0.00000,0.00000,0.00000,0.000,0.000
66,Moderator,10,0.00000,0.00000,0.00000,0.00000,0.000,0.000
66,Moderator,11,0.00000,0.00000,0.00000,0.00000,0.000,0.000
67,CR,0,0.05476,0.80000,0.44297,0.22269,0.000,0.070
67,CR,1,-0.75702,0.80000,-0.03578,0.39514,0.000,0.030
67,CR,2,-0.37502,0.15113,-0.09282,0.11401,0.000,0.000
67,CR,3,-1.80000,0.38570,-0.89617,0.66069,0.140,0.000
67,CR,4,0.00000,0.00000,0.00000,0.00000,0.000,0.000
67,CR,5,0.00000,0.00000,0.00000,0.00000,0.000,0.000
67,CR,6,0.00000,0.00000,0.00000,0.00000,0.000,0.000
67,CR,7,-1.07550,0.24002,-0.23486,0.26654,0.000,0.000
67,CR,8,-1.20705,0.48442,-0.29325,0.36649,0.000,0.000
67,CR,9,0.00000,0.00000,0.00000,0.00000,0.000,0.000
67,CR,10,0.00000,0.00000,0.00000,0.00000,0.000,0.000
67,CR,11,0.00000,0.00000,0.00000,0.00000,0.000,0.000
67,Core,0,-0.00610,0.58447,0.25015,0.12774,0.000,0.000
67,Core,1,-0.89124,0.80000,0.61770,0.31682,0.000,0.650
67,Core,2,-0.00098,0.15020,0.07956,0.03023,0.000,0.000
67,Core,3,-0.00852,0.11704,0.04108,0.01792,0.000,0.000
67,Core,4,-0.03952,0.06317,0.00565,0.02516,0.000,0.000
67,Core,5,-0.03990,0.01610,-0.01093,0.01155,0.000,0.000
67,Core,6,0.00000,0.00000,0.00000,0.00000,0.000,0.000
67,Core,7,-0.01495,0.31303,0.15642,0.06280,0.000,0.000
67,Core,8,-0.12290,0.03781,-0.03776,0.03741,0.000,0.000
67,Core,9,0.00000,0.00000,0.00000,0.00000,0.000,0.000
67,Core,10,-0.03586,0.02977,-0.00461,0.01693,0.000,0.000
67,Core,11,0.00000,0.00000,0.00000,0.00000,0.000,0.000
67,Moderator,0,-0.25117,0.32317,0.06396,0.12545,0.000,0.000
67,Moderator,1,-1.30326,0.63123,-0.39488,0.41409,0.000,0.000
67,Moderator,2,-0.25030,0.24509,0.02616,0.11677,0.000,0.000
67,Moderator,3,-0.14672,0.17390,0.02951,0.07471,0.000,0.000
67,Moderator,4,0.00000,0.00000,0.00000,0.00000,0.000,0.000
67,Moderator,5,0.00000,0.00000,0.00000,0.00000,0.000,0.000
67,Moderator,6,0.00000,0.00000,0.00000,0.00000,0.000,0.000
67,Moderator,7,-0.73390,0.80000,0.16266,0.37587,0.000,0.050
67,Moderator,8,-0.44935,0.80000,0.24690,0.34906,0.000,0.090
67,Moderator,9,0.00000,0.00000,0.00000,0.00000,0.000,0.000
67,Moderator,10,0.00000,0.00000,0.00000,0.00000,0.000,0.000
67,Moderator,11,0.00000,0.00000,0.00000,0.00000,0.000,0.000
68,CR,0,0.05464,0.80000,0.44282,0.22280,0.000,0.070
68,CR,1,-0.75693,0.80000,-0.03562,0.39523,0.000,0.030
68,CR,2,-0.37487,0.15110,-0.09275,0.11398,0.000,0.000
68,CR,3,-1.80000,0.38608,-0.89610,0.66087,0.140,0.000
68,CR,4,0.00000,0.00000,0.00000,0.00000,0.000,0.000
68,CR,5,0.00000,0.00000,0.00000,0.00000,0.000,0.000
68,CR,6,0.00000,0.00000,0.00000,0.00000,0.000,0.000
68,CR,7,-1.07486,0.24007,-0.23477,0.26653,0.000,0.000
68,CR,8,-1.20649,0.48526,-0.29285,0.36644,0.000,0.000
68,CR,9,0.00000,0.00000,0.00000,0.00000,0.000,0.000
68,CR,10,0.00000,0.00000,0.00000,0.00000,0.000,0.000
68,CR,11,0.00000,0.00000,0.00000,0.00000,0.000,0.000
68,Core,0,-0.00628,0.58487,0.25009,0.12792,0.000,0.000
68,Core,1,-0.89154,0.80000,0.61751,0.31701,0.000,0.650
68,Core,2,-0.00088,0.15062,0.07965,0.03030,0.000,0.000
68,Core,3,-0.00849,0.11700,0.04118,0.01794,0.000,0.000
68,Core,4,-0.03945,0.06325,0.00558,0.02508,0.000,0.000
68,Core,5,-0.03973,0.01585,-0.01103,0.01145,0.000,0.000
68,Core,6,0.00000,0.00000,0.00000,0.00000,0.000,0.000
68,Core,7,-0.01490,0.31283,0.15649,0.06287,0.000,0.000
68,Core,8,-0.12293,0.03757,-0.03780,0.03735,0.000,0.000
68,Core,9,0.00000,0.00000,0.00000,0.00000,0.000,0.000
68,Core,10,-0.03564,0.02947,-0.00471,0.01682,0.000,0.000
68,Core,11,0.00000,0.00000,0.00000,0.00000,0.000,0.000
68,Moderator,0,-0.25141,0.32330,0.06390,0.12550,0.000,0.000
68,Moderator,1,-1.30375,0.63125,-0.39484,0.41417,0.000,0.000
68,Moderator,2,-0.25056,0.24519,0.02609,0.11681,0.000,0.000
68,Moderator,3,-0.14687,0.17380,0.02941,0.07471,0.000,0.000
68,Moderator,4,0.00000,0.00000,0.00000,0.00000,0.000,0.000
68,Moderator,5,0.00000,0.00000,0.00000,0.00000,0.000,0.000
68,Moderator,6,0.00000,0.00000,0.00000,0.00000,0.000,0.000
68,Moderator,7,-0.73409,0.80000,0.16284,0.37604,0.000,0.050
68,Moderator,8,-0.44976,0.80000,0.24689,0.34907,0.000,0.090
68,Moderator,9,0.00000,0.00000,0.00000,0.00000,0.000,0.000
68,Moderator,10,0.00000,0.00000,0.00000,0.00000,0.000,0.000
68,Moderator,11,0.00000,0.00000,0.00000,0.00000,0.000,0.000
69,CR,0,0.05458,0.80000,0.44288,0.22302,0.000,0.070
69,CR,1,-0.75718,0.80000,-0.03577,0.39527,0.000,0.030
69,CR,2,-0.37525,0.15121,-0.09292,0.11408,0.000,0.000
69,CR,3,-1.80000,0.38616,-0.89602,0.66105,0.140,0.000
69,CR,4,0.00000,0.00000,0.00000,0.00000,0.000,0.000
69,CR,5,0.00000,0.00000,0.00000,0.00000,0.000,0.000
69,CR,6,0.00000,0.00000,0.00000,0.00000,0.000,0.000
69,CR,7,-1.07266,0.23993,-0.23467,0.26639,0.000,0.000
69,CR,8,-1.20609,0.48521,-0.29278,0.36641,0.000,0.000
69,CR,9,0.00000,0.00000,0.00000,0.00000,0.000,0.000
69,CR,10,0.00000,0.00000,0.00000,0.00000,0.000,0.000
69,CR,11,0.00000,0.00000,0.00000,0.00000,0.000,0.000
69,Core,0,-0.00632,0.58463,0.24995,0.12786,0.000,0.000
69,Core,1,-0.89223,0.80000,0.61721,0.31730,0.000,0.650
69,Core,2,-0.00098,0.15004,0.07943,0.03022,0.000,0.000
69,Core,3,-0.00849,0.11685,0.04099,0.01787,0.000,0.000
69,Core,4,-0.03954,0.06325,0.00572,0.02521,0.000,0.000
69,Core,5,-0.04004,0.01635,-0.01087,0.01161,0.000,0.000
69,Core,6,0.00000,0.00000,0.00000,0.00000,0.000,0.000
69,Core,7,-0.01488,0.31211,0.15618,0.06274,0.000,0.000
69,Core,8,-0.12265,0.03804,-0.03762,0.03744,0.000,0.000
69,Core,9,0.00000,0.00000,0.00000,0.00000,0.000,0.000
69,Core,10,-0.03595,0.03004,-0.00455,0.01700,0.000,0.000
69,Core,11,0.00000,0.00000,0.00000,0.00000,0.000,0.000
69,Moderator,0,-0.25132,0.32319,0.06390,0.12550,0.000,0.000
69,Moderator,1,-1.30327,0.63107,-0.39459,0.41402,0.000,0.000
69,Moderator,2,-0.25046,0.24506,0.02609,0.11680,0.000,0.000
69,Moderator,3,-0.14675,0.17368,0.02944,0.07472,0.000,0.000
69,Moderator,4,0.00000,0.00000,0.00000,0.00000,0.000,0.000
69,Moderator,5,0.00000,0.00000,0.00000,0.00000,0.000,0.000
69,Moderator,6,0.00000,0.00000,0.00000,0.00000,0.000,0.000
69,Moderator,7,-0.73457,0.80000,0.16269,0.37610,0.000,0.050
69,Moderator,8,-0.44978,0.80000,0.24701,0.34904,0.000,0.090
69,Moderator,9,0.00000,0.00000,0.00000,0.00000,0.000,0.000
69,Moderator,10,0.00000,0.00000,0.00000,0.00000,0.000,0.000
69,Moderator,11,0.00000,0.00000,0.00000,0.00000,0.000,0.000
70,CR,0,0.05473,0.80000,0.44342,0.22308,0.000,0.070
70,CR,1,-0.75736,0.80000,-0.03597,0.39529,0.000,0.030
70,CR,2,-0.37566,0.15056,-0.09320,0.11407,0.000,0.000
70,CR,3,-1.80000,0.38556,-0.89681,0.66110,0.140,0.000
70,CR,4,0.00000,0.00000,0.00000,0.00000,0.000,0.000
70,CR,5,0.00000,0.00000,0.00000,0.00000,0.000,0.000
70,CR,6,0.00000,0.00000,0.00000,0.00000,0.000,0.000
70,CR,7,-1.07226,0.23980,-0.23477,0.26636,0.000,0.000
70,CR,8,-1.20599,0.48536,-0.29278,0.36635,0.000,0.000
70,CR,9,0.00000,0.00000,0.00000,0.00000,0.000,0.000
70,CR,10,0.00000,0.00000,0.00000,0.00000,0.000,0.000
70,CR,11,0.00000,0.00000,0.00000,0.00000,0.000,0.000
70,Core,0,-0.00633,0.58532,0.25016,0.12800,0.000,0.000
70,Core,1,-0.89209,0.80000,0.61748,0.31708,0.000,0.650
70,Core,2,-0.00104,0.15025,0.07947,0.03025,0.000,0.000
70,Core,3,-0.00850,0.11681,0.04103,0.01790,0.000,0.000
70,Core,4,-0.03933,0.06340,0.00584,0.02519,0.000,0.000
70,Core,5,-0.03981,0.01617,-0.01088,0.01154,0.000,0.000
70,Core,6,0.00000,0.00000,0.00000,0.00000,0.000,0.000
70,Core,7,-0.01489,0.31219,0.15633,0.06281,0.000,0.000
70,Core,8,-0.12233,0.03813,-0.03747,0.03739,0.000,0.000
70,Core,9,0.00000,0.00000,0.00000,0.00000,0.000,0.000
70,Core,10,-0.03574,0.02989,-0.00453,0.01692,0.000,0.000
70,Core,11,0.00000,0.00000,0.00000,0.00000,0.000,0.000
70,Moderator,0,-0.25140,0.32289,0.06368,0.12546,0.000,0.000
70,Moderator,1,-1.30338,0.63093,-0.39459,0.41402,0.000,0.000
70,Moderator,2,-0.25057,0.24462,0.02581,0.11675,0.000,0.000
70,Moderator,3,-0.14678,0.17333,0.02922,0.07466,0.000,0.000
70,Moderator,4,0.00000,0.00000,0.00000,0.00000,0.000,0.000
70,Moderator,5,0.00000,0.00000,0.00000,0.00000,0.000,0.000
70,Moderator,6,0.00000,0.00000,0.00000,0.00000,0.000,0.000
70,Moderator,7,-0.73455,0.80000,0.16288,0.37616,0.000,0.050
70,Moderator,8,-0.44964,0.80000,0.24733,0.34905,0.000,0.090
70,Moderator,9,0.00000,0.00000,0.00000,0.00000,0.000,0.000
70,Moderator,10,0.00000,0.00000,0.00000,0.00000,0.000,0.000
70,Moderator,11,0.00000,0.00000,0.00000,0.00000,0.000,0.000
