sample_idx,b4c_r,cr_frac,fuel_r,enrichment,f_mod,water_r,keff_ref,keff_pred,delta_rho_pcm,CR_D1,CR_D2,CR_Sa1,CR_Sa2,CR_nSf1,CR_nSf2,CR_Ss11,CR_Ss22,CR_Ss12,CR_Ss21,CR_chi1,CR_chi2,Core_D1,Core_D2,Core_Sa1,Core_Sa2,Core_nSf1,Core_nSf2,Core_Ss11,Core_Ss22,Core_Ss12,Core_Ss21,Core_chi1,Core_chi2,Mod_D1,Mod_D2,Mod_Sa1,Mod_Sa2,Mod_nSf1,Mod_nSf2,Mod_Ss11,Mod_Ss22,Mod_Ss12,Mod_Ss21,Mod_chi1,Mod_chi2
0,1.8712550401687622,0.23808248341083527,32.71487045288086,3.011223554611206,0.4611895680427551,52.86224365234375,1.063785433769226,1.0628612041473389,81.74,0.8778566718101501,0.08106710016727448,0.04414597526192665,5.037852764129639,0.0,0.0,0.3523867130279541,0.0001536593772470951,0.003936723805963993,0.8948176503181458,0.0,0.0,1.098125696182251,0.45237043499946594,0.016656063497066498,0.19771820306777954,0.012226385064423084,0.34183597564697266,0.28087443113327026,0.014525607228279114,0.0006086296634748578,0.537138044834137,0.9902716279029846,0.0,0.8180923461914062,0.24846288561820984,0.0005437987274490297,0.01915520243346691,0.0,0.0,0.3500632047653198,0.05861346796154976,7.134352927096188e-05,1.2810001373291016,0.0,0.0
1,1.1380480527877808,0.6119125485420227,10.340590476989746,7.529576301574707,0.6319805383682251,57.21084976196289,0.8937674760818481,0.894348680973053,72.71,0.8026438355445862,0.005128817167133093,0.08717723190784454,17.669940948486328,0.0,0.0,0.32680222392082214,4.533779065241106e-05,0.002279833657667041,0.7247156500816345,0.0,0.0,1.1155344247817993,0.33905166387557983,0.017535902559757233,0.3362487554550171,0.015447951853275299,0.6083183288574219,0.2844145596027374,0.01856262795627117,0.0005886494764126837,0.6618233919143677,0.9727861285209656,0.0,0.85456383228302,0.24744287133216858,0.0005396888009272516,0.019328737631440163,0.0,0.0,0.34137269854545593,0.04718892648816109,0.0001387877855449915,1.265803575515747,0.0,0.0
2,1.8509725332260132,0.7373887896537781,19.24985694885254,8.812271118164062,0.4830160439014435,53.52470016479492,1.0679200887680054,1.0644174814224243,308.13,0.8240965604782104,0.009244703687727451,0.0764206051826477,20.07097816467285,0.0,0.0,0.33478862047195435,9.499402040091809e-06,0.0031383817549794912,0.6617985963821411,0.0,0.0,1.161807894706726,0.36709505319595337,0.021619895473122597,0.4406561851501465,0.02219073660671711,0.8458212614059448,0.2732182741165161,0.011304346844553947,0.0008986596949398518,0.473243772983551,0.9832072854042053,0.0,0.8409204483032227,0.23531553149223328,0.0005451618344523013,0.01953381486237049,0.0,0.0,0.3460083305835724,0.05451485887169838,6.311401375569403e-05,1.2899593114852905,0.0,0.0
3,5.466625690460205,0.05028308182954788,39.631832122802734,1.7030164003372192,0.631409764289856,45.3748779296875,1.0366013050079346,1.0417346954345703,475.37,0.9533663392066956,0.16608652472496033,0.013362174853682518,1.8835251331329346,0.0,0.0,0.34316936135292053,0.0001873128057923168,0.00383898988366127,1.0112295150756836,0.0,0.0,0.9773975610733032,0.363645076751709,0.013220085762441158,0.1182214766740799,0.007087551523000002,0.17706935107707977,0.29858914017677307,0.024528007954359055,0.00034664812847040594,0.7665246725082397,0.9905385971069336,0.0,0.7938322424888611,0.3091733157634735,0.0005002779653295875,0.017617179080843925,0.0,0.0,0.3433047831058502,0.04898139089345932,0.00018850775086320937,1.2326692342758179,0.0,0.0
4,5.105239391326904,0.8529581427574158,27.755970001220703,4.760601997375488,0.5542790293693542,44.8689079284668,1.0977057218551636,1.0972983837127686,33.82,0.8504923582077026,0.011486855335533619,0.05242994800209999,26.616558074951172,0.0,0.0,0.34177228808403015,2.3518045054515824e-05,0.002787231467664242,0.6139567494392395,0.0,0.0,1.0673658847808838,0.398566335439682,0.017183315008878708,0.24893200397491455,0.014053101651370525,0.44811975955963135,0.2867393493652344,0.017408868297934532,0.0006545209907926619,0.5907360911369324,0.9876143932342529,0.0,0.8370497226715088,0.2514590620994568,0.0005444056587293744,0.019228791818022728,0.0,0.0,0.345817506313324,0.05436314269900322,9.677007619757205e-05,1.2713055610656738,0.0,0.0
5,3.664726972579956,0.5437864065170288,27.172412872314453,1.842781662940979,0.6899389028549194,54.81744384765625,0.9817855954170227,0.9832166433334351,148.25,0.9302422404289246,0.013461298309266567,0.053791970014572144,17.584705352783203,0.0,0.0,0.3047181963920593,3.913725231541321e-05,0.002591813448816538,0.7305338382720947,0.0,0.0,0.9992333054542542,0.4233537018299103,0.01213726494461298,0.10774797946214676,0.006062757223844528,0.15784724056720734,0.3019818663597107,0.027929553762078285,0.00028746604220941663,0.8437796235084534,0.990996241569519,0.0,0.9526119232177734,0.18949595093727112,0.0006508391234092414,0.021602904424071312,0.0,0.0,0.3432878851890564,0.0612424872815609,4.143333717365749e-05,1.2922759056091309,0.0,0.0
6,1.114389419555664,0.257916122674942,34.82433319091797,3.9680404663085938,0.5688544511795044,46.51378631591797,1.1908661127090454,1.1893928050994873,104.02,0.8053035140037537,0.07439102232456207,0.058011818677186966,5.375222682952881,0.0,0.0,0.35977810621261597,0.0002054366923402995,0.003554551862180233,0.8683083057403564,0.0,0.0,1.0189802646636963,0.3916528820991516,0.016502568498253822,0.20730483531951904,0.012607965618371964,0.365717351436615,0.29100751876831055,0.019317002967000008,0.0006185068050399423,0.6181004643440247,0.993479311466217,0.0,0.8010978102684021,0.277959942817688,0.0005178304854780436,0.018311478197574615,0.0,0.0,0.34571385383605957,0.05280546098947525,0.00012483593309298158,1.2584136724472046,0.0,0.0
7,3.950376510620117,0.7236579060554504,22.955596923828125,7.234969139099121,0.602371096611023,49.132476806640625,1.1317328214645386,1.1327106952667236,76.28,0.9022617340087891,0.008613317273557186,0.05423642694950104,22.025619506835938,0.0,0.0,0.31699615716934204,9.971872714231722e-07,0.0029731933027505875,0.6557589173316956,0.0,0.0,1.0792744159698486,0.38571813702583313,0.018405264243483543,0.31536784768104553,0.01674577407538891,0.5884946584701538,0.2887727916240692,0.01830894686281681,0.0007348163635469973,0.6000076532363892,0.9865411520004272,0.0,0.855023980140686,0.2370908558368683,0.0005613726680167019,0.019555984064936638,0.0,0.0,0.34388497471809387,0.05590285733342171,7.068880222504959e-05,1.2838926315307617,0.0,0.0
8,4.562739849090576,0.23190484941005707,17.133207321166992,3.1193110942840576,0.7335471510887146,47.773681640625,0.9152681827545166,0.9171957969665527,229.62,0.9510955214500427,0.1328086107969284,0.027219653129577637,9.822661399841309,0.0,0.0,0.31340116262435913,7.722060399828479e-05,0.0026957185473293066,0.8935456871986389,0.0,0.0,1.064370036125183,0.38619184494018555,0.012156562879681587,0.13544796407222748,0.006516503635793924,0.21722818911075592,0.30153200030326843,0.028316879644989967,0.0002978642878588289,0.8756465911865234,0.9828779697418213,0.0,0.9496551752090454,0.1824284940958023,0.0006246133125387132,0.021560775116086006,0.0,0.0,0.34274613857269287,0.054090168327093124,5.8861034631263465e-05,1.2904099225997925,0.0,0.0
9,3.2288763523101807,0.23280440270900726,30.88541603088379,4.232700347900391,0.4534240961074829,44.10913848876953,1.0843819379806519,1.0859452486038208,132.76,0.9702271223068237,0.08194337040185928,0.027922766283154488,4.558486461639404,0.0,0.0,0.32988274097442627,9.817963291425258e-05,0.005292036104947329,0.8949907422065735,0.0,0.0,1.124178171157837,0.3999394476413727,0.018118569627404213,0.25196507573127747,0.01490603107959032,0.4544461667537689,0.27894309163093567,0.013082330115139484,0.0007293432136066258,0.4967455267906189,0.9855102300643921,0.0,0.7699709534645081,0.2977069318294525,0.0004937524790875614,0.017861299216747284,0.0,0.0,0.3495393395423889,0.05337439104914665,0.00012400593550410122,1.2618954181671143,0.0,0.0
10,5.501925468444824,0.05696244537830353,17.04465103149414,8.86784839630127,0.550338089466095,48.0072021484375,1.0136293172836304,1.0128778219223022,73.2,1.0464189052581787,0.16275635361671448,0.011476022191345692,2.850604295730591,0.0,0.0,0.32678571343421936,9.021622827276587e-05,0.0062742577865719795,0.9847541451454163,0.0,0.0,1.1481939554214478,0.3453384339809418,0.020276017487049103,0.41138017177581787,0.019725458696484566,0.7859616875648499,0.28007131814956665,0.014032145030796528,0.0007762826862744987,0.5506210923194885,0.9820334315299988,0.0,0.8152478933334351,0.2546371519565582,0.0005232238327153027,0.018675820901989937,0.0,0.0,0.3449380397796631,0.05560864508152008,6.887489871587604e-05,1.287139892578125,0.0,0.0
11,4.7652177810668945,0.5046420693397522,19.83411407470703,4.633435249328613,0.773577094078064,41.02003860473633,1.0546382665634155,1.0552752017974854,57.23,0.983811616897583,0.012993551790714264,0.04208291321992874,15.685067176818848,0.0,0.0,0.2910308539867401,1.0179152241107658e-06,0.002691165776923299,0.7573624849319458,0.0,0.0,1.0085813999176025,0.3672640323638916,0.0119080925360322,0.16127142310142517,0.00774116488173604,0.27061012387275696,0.30527639389038086,0.02970735915005207,0.00038671548827551305,0.8835709095001221,0.9866629838943481,0.0,0.9092856645584106,0.2180989533662796,0.0006025661714375019,0.020452480763196945,0.0,0.0,0.3414985239505768,0.05649712309241295,6.361199484672397e-05,1.2836066484451294,0.0,0.0
12,2.619474172592163,0.4326755106449127,18.916351318359375,5.689530372619629,0.4761480689048767,41.76218795776367,0.9982609152793884,0.9980550408363342,20.66,0.9555473923683167,0.03357867896556854,0.04512606933712959,9.71687126159668,0.0,0.0,0.3132304549217224,2.9416169127216563e-05,0.004764381796121597,0.792722761631012,0.0,0.0,1.1741396188735962,0.3853953182697296,0.018917089328169823,0.32464277744293213,0.016925206407904625,0.5998280048370361,0.27477267384529114,0.012417075224220753,0.0007183780544437468,0.5123286247253418,0.9793305397033691,0.0,0.8196456432342529,0.254845529794693,0.0005299426848068833,0.019055383279919624,0.0,0.0,0.3476067781448364,0.054850008338689804,7.50592807889916e-05,1.283717393875122,0.0,0.0
13,5.539030075073242,0.8338907361030579,18.396791458129883,4.6905035972595215,0.454476535320282,50.48421859741211,0.8748964071273804,0.8746346831321716,34.2,0.8620581030845642,0.010399559512734413,0.04705144837498665,28.22918701171875,0.0,0.0,0.34086108207702637,1.3540114196075592e-05,0.0028436460997909307,0.62516850233078,0.0,0.0,1.1965363025665283,0.4026902914047241,0.01767294481396675,0.297527015209198,0.015059515833854675,0.5364739298820496,0.270595520734787,0.011275800876319408,0.0006221290677785873,0.520187497138977,0.97571861743927,0.0,0.8464622497558594,0.23753051459789276,0.0005467186565510929,0.019745822995901108,0.0,0.0,0.3476330041885376,0.05404943972826004,7.224612636491656e-05,1.2862094640731812,0.0,0.0
14,2.5918128490448,0.41344282031059265,39.401187896728516,2.158202886581421,0.7750921845436096,47.76630401611328,1.1223360300064087,1.1199841499328613,187.1,0.860041081905365,0.03304833918809891,0.0571928396821022,11.709287643432617,0.0,0.0,0.3171851336956024,0.00013145303819328547,0.002333414740860462,0.7840332388877869,0.0,0.0,0.9249813556671143,0.33028149604797363,0.010278083384037018,0.104230597615242,0.004605494439601898,0.15196789801120758,0.3095629811286926,0.033715225756168365,0.0002069671027129516,0.9567453265190125,0.9920385479927063,0.0,0.8921161890029907,0.2506190240383148,0.0005737496539950371,0.019530918449163437,0.0,0.0,0.33825674653053284,0.049724169075489044,0.00013924521044827998,1.2473065853118896,0.0,0.0
15,1.848537564277649,0.9617738723754883,21.485044479370117,6.707934379577637,0.6732357740402222,51.862545013427734,1.1705881357192993,1.1710350513458252,32.6,0.6721166372299194,0.027002068236470222,0.1051551029086113,32.34305191040039,0.0,0.0,0.37416985630989075,6.702850077999756e-05,0.0018638178007677197,0.5693906545639038,0.0,0.0,0.9990617036819458,0.4049263596534729,0.016619276255369186,0.26220840215682983,0.013961602933704853,0.48125147819519043,0.2960206866264343,0.023159317672252655,0.0006219380884431303,0.691817045211792,0.9919233918190002,0.0,0.906967282295227,0.20215696096420288,0.0006059657316654921,0.02069917507469654,0.0,0.0,0.3424335718154907,0.05785312503576279,5.1561666623456404e-05,1.2888479232788086,0.0,0.0
16,5.899811744689941,0.5752568244934082,37.423973083496094,3.0301504135131836,0.5733660459518433,48.61133575439453,1.1202621459960938,1.1191519498825073,88.55,0.987880527973175,0.008354537189006805,0.03838847205042839,16.41245460510254,0.0,0.0,0.29508665204048157,1.0738586979641696e-06,0.0028210985474288464,0.7344430685043335,0.0,0.0,1.042574167251587,0.38545042276382446,0.015328077599406242,0.17474842071533203,0.010805741883814335,0.2951391935348511,0.2919979393482208,0.019839448854327202,0.000541974906809628,0.6494534015655518,0.9906571507453918,0.0,0.8010857701301575,0.2988530695438385,0.0005119117558933794,0.018097003921866417,0.0,0.0,0.34488362073898315,0.050464730709791183,0.00016452360432595015,1.2479921579360962,0.0,0.0
17,3.8681869506835938,0.968679666519165,31.367691040039062,2.3430862426757812,0.6395555138587952,48.45981979370117,1.0671241283416748,1.0678303241729736,61.97,0.7337198257446289,0.028531847521662712,0.07609202712774277,33.78368377685547,0.0,0.0,0.3680576682090759,4.922275184071623e-05,0.0020485345739871264,0.5704569220542908,0.0,0.0,0.9763974547386169,0.41003745794296265,0.013615217991173267,0.13630200922489166,0.008042912930250168,0.2159639447927475,0.2978818416595459,0.02456643618643284,0.0003866881597787142,0.757423460483551,0.9936988949775696,0.0,0.8854231834411621,0.22517070174217224,0.0005892895278520882,0.020183252170681953,0.0,0.0,0.34395965933799744,0.05605104938149452,8.197647548513487e-05,1.2730811834335327,0.0,0.0
18,4.46566104888916,0.4122346341609955,16.64113998413086,4.519335746765137,0.6787524223327637,47.03486633300781,0.9569914937019348,0.9591744542121887,237.82,0.9958934187889099,0.03266706317663193,0.03594593703746796,11.352293014526367,0.0,0.0,0.2952120304107666,2.2743630324839614e-05,0.0033150757662951946,0.7990624904632568,0.0,0.0,1.0754973888397217,0.3775756359100342,0.014329449273645878,0.20532557368278503,0.010089567862451077,0.3495042026042938,0.29483282566070557,0.023456605151295662,0.0004435839655343443,0.7647274732589722,0.9739847779273987,0.0,0.9008457064628601,0.21881236135959625,0.0005943605792708695,0.02043420635163784,0.0,0.0,0.3431021273136139,0.05652825906872749,5.927896563662216e-05,1.2866708040237427,0.0,0.0
19,1.2027804851531982,0.4113422632217407,38.60786437988281,2.2963364124298096,0.6206316351890564,58.54026412963867,1.1326003074645996,1.1317421197891235,66.95,0.794572114944458,0.031041650101542473,0.07892332226037979,11.283716201782227,0.0,0.0,0.34167373180389404,0.00015928242646623403,0.0009720923844724894,0.7924520969390869,0.0,0.0,0.9915778040885925,0.43970787525177,0.013807058334350586,0.14375609159469604,0.008206970058381557,0.22963334619998932,0.29626601934432983,0.023985305801033974,0.00037868309300392866,0.73912113904953,0.9927176237106323,0.0,0.9124423861503601,0.2051125019788742,0.0006163439829833806,0.02086023800075054,0.0,0.0,0.34457287192344666,0.05938577651977539,5.958325709798373e-05,1.2841979265213013,0.0,0.0
20,4.115447998046875,0.7130423784255981,18.591506958007812,3.012310028076172,0.7756787538528442,44.29443359375,0.9400281310081482,0.94037264585495,38.97,0.8731922507286072,0.0012197026517242193,0.05989748612046242,26.920806884765625,0.0,0.0,0.30905330181121826,1.0187685575147043e-06,0.002334372838959098,0.6625304222106934,0.0,0.0,0.983745276927948,0.3750047981739044,0.010405821725726128,0.1174045130610466,0.005448118317872286,0.18029698729515076,0.30508530139923096,0.030833492055535316,0.0002743190561886877,0.937507688999176,0.9914373159408569,0.0,0.9610739350318909,0.19276580214500427,0.0006456258706748486,0.02169973775744438,0.0,0.0,0.3416951298713684,0.057271309196949005,4.982135578757152e-05,1.2890697717666626,0.0,0.0
21,3.077218770980835,0.7102872729301453,18.023332595825195,7.133336067199707,0.5103168487548828,47.635528564453125,1.0088908672332764,1.0101776123046875,126.26,0.8842116594314575,0.008890598081052303,0.059154193848371506,20.59076690673828,0.0,0.0,0.3213479816913605,9.442208579457656e-07,0.0034696811344474554,0.6703301072120667,0.0,0.0,1.1609450578689575,0.3755309581756592,0.019619546830654144,0.37086108326911926,0.01861003041267395,0.6942700743675232,0.27620184421539307,0.013016467913985252,0.0007602654513902962,0.5238885879516602,0.9795273542404175,0.0,0.8422519564628601,0.24093757569789886,0.0005463953129947186,0.019487541168928146,0.0,0.0,0.34583497047424316,0.05453246831893921,6.902351742610335e-05,1.2873653173446655,0.0,0.0
22,4.941709518432617,0.7009799480438232,39.453102111816406,3.760160446166992,0.503950297832489,41.43998718261719,1.0949656963348389,1.0949491262435913,1.38,0.9132160544395447,0.003805679501965642,0.046429336071014404,18.837007522583008,0.0,0.0,0.3147847354412079,1.0973560620186618e-06,0.00324737885966897,0.6876648664474487,0.0,0.0,1.049793004989624,0.3477380573749542,0.016720278188586235,0.21441465616226196,0.013505453243851662,0.3811652958393097,0.28497573733329773,0.015276961959898472,0.0006933815311640501,0.549261748790741,0.9963287115097046,0.0,0.7348102927207947,0.37293723225593567,0.0004425108782015741,0.016536498442292213,0.0,0.0,0.34659644961357117,0.04254574701189995,0.0003211144357919693,1.2123680114746094,0.0,0.0
23,1.9070419073104858,0.5997326374053955,24.435569763183594,4.097924709320068,0.5405129194259644,57.73960494995117,1.081804633140564,1.0774798393249512,371.03,0.8478847146034241,0.007933690212666988,0.07648025453090668,16.767879486083984,0.0,0.0,0.32533732056617737,3.822665894404054e-05,0.002650486072525382,0.7148882150650024,0.0,0.0,1.0818111896514893,0.43797874450683594,0.016826897859573364,0.22972510755062103,0.013132186606526375,0.4075951874256134,0.2856588065624237,0.017477311193943024,0.000599122024141252,0.596417248249054,0.987450897693634,0.0,0.8833135366439819,0.21486236155033112,0.0005933833890594542,0.02043137140572071,0.0,0.0,0.34623101353645325,0.059229280799627304,4.9899041187018156e-05,1.2911845445632935,0.0,0.0
24,1.615179181098938,0.8681840896606445,26.042421340942383,3.087400197982788,0.5853349566459656,50.061492919921875,1.0808439254760742,1.078866720199585,169.56,0.7071605920791626,0.01201939769089222,0.10640373080968857,28.843599319458008,0.0,0.0,0.3596391975879669,5.1605307817226276e-05,0.0024244622327387333,0.6082154512405396,0.0,0.0,1.0199061632156372,0.43538761138916016,0.015229616314172745,0.17633718252182007,0.01047162339091301,0.2980653643608093,0.2914941906929016,0.02082643285393715,0.0004865530936513096,0.6720321774482727,0.9925714135169983,0.0,0.893844723701477,0.21049781143665314,0.000602886953856796,0.020666709169745445,0.0,0.0,0.34579700231552124,0.0588899664580822,5.45253642485477e-05,1.2870464324951172,0.0,0.0
25,5.905554294586182,0.9342727065086365,25.313554763793945,3.4666247367858887,0.6216264367103577,67.58732604980469,1.0328121185302734,1.0353280305862427,235.29,0.8014087677001953,0.018370427191257477,0.05378373712301254,33.29713821411133,0.0,0.0,0.35957929491996765,3.349159305798821e-05,0.001640968257561326,0.5889342427253723,0.0,0.0,1.025314450263977,0.4370203912258148,0.014781798236072063,0.18229041993618011,0.010281762108206749,0.31159698963165283,0.2928158938884735,0.021747814491391182,0.00047518417704850435,0.707673192024231,0.9905833601951599,0.0,0.9149404764175415,0.20005862414836884,0.0006153390859253705,0.020906101912260056,0.0,0.0,0.3441257178783417,0.0593329481780529,5.1347349653951824e-05,1.288772702217102,0.0,0.0
26,1.4561433792114258,0.36356058716773987,21.194988250732422,2.667665958404541,0.4576130509376526,41.930633544921875,0.9381265640258789,0.9385797381401062,51.47,0.8626887798309326,0.0464073084294796,0.05940531566739082,8.436795234680176,0.0,0.0,0.33972230553627014,0.00010794663103297353,0.004710386041551828,0.8355478644371033,0.0,0.0,1.1431108713150024,0.4352087080478668,0.016165655106306076,0.1922096610069275,0.011359872296452522,0.3201315701007843,0.27709293365478516,0.01421513594686985,0.0005159121938049793,0.5576092600822449,0.9787741899490356,0.0,0.8306646347045898,0.2461135983467102,0.0005474584177136421,0.019456667825579643,0.0,0.0,0.34971314668655396,0.056846484541893005,7.040495984256268e-05,1.2825878858566284,0.0,0.0
27,4.560449123382568,0.0027123745530843735,26.642478942871094,7.221975803375244,0.49300289154052734,46.37277603149414,1.149375557899475,1.1477867364883423,120.43,0.9907131791114807,0.18518337607383728,0.006339431274682283,1.6051398515701294,0.0,0.0,0.35412701964378357,0.00014436431229114532,0.007168697193264961,1.0127736330032349,0.0,0.0,1.116689920425415,0.38011181354522705,0.020576084032654762,0.3589918911457062,0.019585635513067245,0.685981035232544,0.2800465226173401,0.013147560879588127,0.0008816518820822239,0.4831177294254303,0.9879553318023682,0.0,0.7753542065620422,0.28105831146240234,0.0004983331309631467,0.017842143774032593,0.0,0.0,0.34708836674690247,0.05564513057470322,9.150002006208524e-05,1.275006651878357,0.0,0.0
28,3.276893377304077,0.1726311296224594,32.42317581176758,3.373905897140503,0.6070717573165894,56.051151275634766,1.1537009477615356,1.1560277938842773,174.46,0.9363831877708435,0.10649619251489639,0.026521341875195503,3.7654058933258057,0.0,0.0,0.3418852686882019,0.00016880167822819203,0.003722717985510826,0.9179074764251709,0.0,0.0,1.0251271724700928,0.43389207124710083,0.0153817655518651,0.17867730557918549,0.01067388616502285,0.30713531374931335,0.29492947459220886,0.02211792767047882,0.0005138868000358343,0.6821887493133545,0.9927890300750732,0.0,0.8661528825759888,0.2255186289548874,0.0005826942506246269,0.01978885754942894,0.0,0.0,0.34487777948379517,0.06029205769300461,5.6868444517022e-05,1.285634160041809,0.0,0.0
29,4.3505682945251465,0.09247485548257828,19.454755783081055,2.2350575923919678,0.5462126135826111,42.65550994873047,0.881263792514801,0.8815746903419495,40.02,0.9657810926437378,0.1462576985359192,0.015895582735538483,2.6104087829589844,0.0,0.0,0.3427058160305023,0.0001541345554869622,0.004488744307309389,0.9678056240081787,0.0,0.0,1.0977725982666016,0.424338698387146,0.014735560864210129,0.1573445051908493,0.009099965915083885,0.2504412531852722,0.2857031524181366,0.01846921257674694,0.0004006106755696237,0.66387939453125,0.97899329662323,0.0,0.8447112441062927,0.24083688855171204,0.0005567708285525441,0.019439786672592163,0.0,0.0,0.3471013605594635,0.05786992982029915,6.614757876377553e-05,1.2825219631195068,0.0,0.0
30,4.6918745040893555,0.9024456143379211,22.819381713867188,2.7036023139953613,0.7082281112670898,40.25020980834961,0.991669774055481,0.9920308589935303,36.7,0.8069453835487366,0.014442347921431065,0.06305386126041412,32.86133575439453,0.0,0.0,0.3453875780105591,2.4727121854084544e-05,0.002004215493798256,0.5905523896217346,0.0,0.0,0.9891678094863892,0.38516494631767273,0.012107224203646183,0.13120397925376892,0.006836276035755873,0.20585082471370697,0.30072811245918274,0.02733463980257511,0.00032948493026196957,0.8450531959533691,0.9907276034355164,0.0,0.908303439617157,0.2148551046848297,0.0006021676235832274,0.02060810662806034,0.0,0.0,0.3428349196910858,0.055749841034412384,7.25919016986154e-05,1.2781752347946167,0.0,0.0
31,4.673248767852783,0.38693609833717346,23.001483917236328,6.017509937286377,0.5197893977165222,54.12122344970703,1.061997413635254,1.0612552165985107,65.85,1.0472205877304077,0.04169914871454239,0.029133526608347893,8.681408882141113,0.0,0.0,0.29602497816085815,9.834540833253413e-06,0.004227929282933474,0.8063154220581055,0.0,0.0,1.1434853076934814,0.39815080165863037,0.018830113112926483,0.3139151930809021,0.016734790056943893,0.5841377377510071,0.2812529504299164,0.014587659388780594,0.000737130525521934,0.5382900238037109,0.9830525517463684,0.0,0.830307126045227,0.2483004778623581,0.0005436114151962101,0.019115891307592392,0.0,0.0,0.3460906147956848,0.057200152426958084,6.602484791073948e-05,1.2861896753311157,0.0,0.0
32,2.0160529613494873,0.4441342055797577,37.65167236328125,5.782444000244141,0.46340957283973694,57.65814971923828,1.1816731691360474,1.1827727556228638,78.67,0.9099984765052795,0.02833341620862484,0.05647464469075203,9.573719024658203,0.0,0.0,0.3236725330352783,4.385757347336039e-05,0.0031126493122428656,0.785114586353302,0.0,0.0,1.1117558479309082,0.4137051999568939,0.019522178918123245,0.29996535181999207,0.01805013418197632,0.5657839775085449,0.279286652803421,0.012300261296331882,0.0008904444403015077,0.4640745520591736,0.9926536083221436,0.0,0.8052195906639099,0.26220834255218506,0.0005237284931354225,0.018745185807347298,0.0,0.0,0.34857502579689026,0.05494038388133049,9.469433280173689e-05,1.2750985622406006,0.0,0.0
33,3.236365556716919,0.008446423336863518,18.82030487060547,4.525272846221924,0.7746948003768921,58.06478500366211,1.099799633026123,1.1003000736236572,41.35,0.840560257434845,0.22721633315086365,0.01520036906003952,1.0333731174468994,0.0,0.0,0.38397765159606934,0.00025766424369066954,0.0040883468464016914,1.022770881652832,0.0,0.0,0.9729347825050354,0.3905116319656372,0.012263631448149681,0.1563313752412796,0.0076122526079416275,0.2651486396789551,0.3063261806964874,0.030774515122175217,0.0003676206397358328,0.8864416480064392,0.9906293749809265,0.0,0.9151561856269836,0.19692853093147278,0.0006161679630167782,0.02066083997488022,0.0,0.0,0.34161749482154846,0.059661783277988434,4.087281922693364e-05,1.2938153743743896,0.0,0.0
34,3.885545253753662,0.12328217923641205,31.091611862182617,2.5928335189819336,0.41271620988845825,59.117794036865234,0.9841092824935913,0.9868705868721008,284.32,0.9859281778335571,0.12851440906524658,0.015730736777186394,2.887549638748169,0.0,0.0,0.3442075550556183,0.0001317920396104455,0.005011822562664747,0.9591209292411804,0.0,0.0,1.148714303970337,0.48133835196495056,0.016465958207845688,0.1893334537744522,0.011739685200154781,0.32188117504119873,0.27604028582572937,0.012551671825349331,0.0005935917724855244,0.5056614875793457,0.9865660667419434,0.0,0.8178197741508484,0.24348299205303192,0.0005471292533911765,0.019231431186199188,0.0,0.0,0.3514338433742523,0.06099938228726387,5.435204366222024e-05,1.2892986536026,0.0,0.0
35,1.4871457815170288,0.8202050924301147,21.266664505004883,2.0502285957336426,0.6879827976226807,50.748416900634766,0.9660447239875793,0.9657309055328369,33.64,0.7081374526023865,0.008549971505999565,0.1116633489727974,30.189884185791016,0.0,0.0,0.34831446409225464,6.28462148597464e-05,0.0023439142387360334,0.6187898516654968,0.0,0.0,0.9841457009315491,0.4179234802722931,0.012257426045835018,0.11497823894023895,0.006271794438362122,0.16993987560272217,0.29975947737693787,0.02752785198390484,0.00028658428345806897,0.8404438495635986,0.9881435036659241,0.0,0.9654236435890198,0.18068453669548035,0.0006578189786523581,0.022018814459443092,0.0,0.0,0.3433454632759094,0.05939102545380592,4.2348157876404e-05,1.291595220565796,0.0,0.0
36,4.308773517608643,0.7463505864143372,14.089325904846191,8.775625228881836,0.4153645634651184,57.35640335083008,0.8609520196914673,0.8603227138519287,84.96,0.8924838304519653,0.012272204272449017,0.044329822063446045,20.98478889465332,0.0,0.0,0.3221755921840668,8.978190635389183e-07,0.00353895197622478,0.6626993417739868,0.0,0.0,1.2594243288040161,0.3122916519641876,0.02145099826157093,0.5052065253257751,0.02269754931330681,0.9582844972610474,0.2599624991416931,0.006895327474921942,0.0008350526914000511,0.45156437158584595,0.9696458578109741,0.0,0.8148015141487122,0.26718807220458984,0.0005062934942543507,0.01886189915239811,0.0,0.0,0.34588220715522766,0.04827482998371124,0.00011031055328203365,1.2786551713943481,0.0,0.0
37,3.200272560119629,0.7141408920288086,32.01021957397461,4.061045169830322,0.4834498465061188,45.23773956298828,1.0995633602142334,1.1012663841247559,140.64,0.8702542185783386,0.006164808291941881,0.06234081834554672,20.41175651550293,0.0,0.0,0.3261492848396301,6.333579221973196e-06,0.0034438367001712322,0.6738998889923096,0.0,0.0,1.0968374013900757,0.40143826603889465,0.017516955733299255,0.23696434497833252,0.014245720580220222,0.4221356511116028,0.28210005164146423,0.014596688561141491,0.0006966585060581565,0.5280557870864868,0.987657368183136,0.0,0.7970283031463623,0.28333184123039246,0.0005138476262800395,0.018468845635652542,0.0,0.0,0.3484681248664856,0.052351005375385284,0.000127915118355304,1.261581301689148,0.0,0.0
38,4.283539295196533,0.2211952805519104,13.802170753479004,6.93625545501709,0.5259015560150146,42.04134750366211,0.887640118598938,0.8872604370117188,48.21,1.033417820930481,0.09448814392089844,0.02010345458984375,4.8572306632995605,0.0,0.0,0.30985239148139954,4.8696274461690336e-05,0.004947963636368513,0.8967095017433167,0.0,0.0,1.212018370628357,0.3554927408695221,0.019185293465852737,0.3705051839351654,0.01718253083527088,0.6755955815315247,0.27574071288108826,0.013386949896812439,0.0006633782177232206,0.5595696568489075,0.9661477208137512,0.0,0.8409209251403809,0.24383166432380676,0.0005353448214009404,0.019307533279061317,0.0,0.0,0.34547311067581177,0.052974797785282135,7.849137909943238e-05,1.285417914390564,0.0,0.0
39,3.256422519683838,0.13050568103790283,21.032480239868164,9.51941204071045,0.44246676564216614,41.19362258911133,1.0788246393203735,1.0788277387619019,0.27,0.9910629987716675,0.12713636457920074,0.014388400129973888,3.915524959564209,0.0,0.0,0.33528971672058105,8.907724259188399e-05,0.007021805737167597,0.9365765452384949,0.0,0.0,1.1998140811920166,0.3330794870853424,0.022975940257310867,0.4842091500759125,0.02399996668100357,0.9387558102607727,0.26973778009414673,0.009240751154720783,0.0009845133172348142,0.4325530230998993,0.9790065288543701,0.0,0.7868878841400146,0.2721061408519745,0.000497970380820334,0.018268536776304245,0.0,0.0,0.3477833867073059,0.05316567048430443,8.570087811676785e-05,1.281600832939148,0.0,0.0
40,2.858431577682495,0.5636212825775146,18.489151000976562,7.804011821746826,0.4565579295158386,45.35215377807617,1.009881854057312,1.008313775062561,153.99,0.9450644850730896,0.018552962690591812,0.04865289106965065,13.996652603149414,0.0,0.0,0.30994507670402527,9.153886253443488e-07,0.004365693777799606,0.7314960956573486,0.0,0.0,1.2020463943481445,0.3631468117237091,0.02090098150074482,0.420420378446579,0.020980780944228172,0.8030819296836853,0.2702435851097107,0.010171214118599892,0.0008530830382369459,0.46722277998924255,0.980340301990509,0.0,0.8165063261985779,0.2541574239730835,0.0005250765825621784,0.019002363085746765,0.0,0.0,0.3472379744052887,0.05424027889966965,7.041617936920375e-05,1.2880570888519287,0.0,0.0
41,3.0024259090423584,0.9084954857826233,17.360557556152344,8.456401824951172,0.6382644176483154,49.55617141723633,1.0695849657058716,1.068695306777954,77.83,0.7700498104095459,0.020923836156725883,0.07522447407245636,29.847402572631836,0.0,0.0,0.3559456169605255,4.232548599247821e-05,0.0023023157846182585,0.5940934419631958,0.0,0.0,1.0653634071350098,0.3739624619483948,0.018276013433933258,0.34152859449386597,0.016893548890948296,0.640944242477417,0.28867021203041077,0.019192080944776535,0.000691217661369592,0.6364529728889465,0.9864016175270081,0.0,0.8801016211509705,0.2173784226179123,0.0005763541557826102,0.02012302353978157,0.0,0.0,0.34280434250831604,0.05541856214404106,6.249517173273489e-05,1.2870856523513794,0.0,0.0
42,5.4853835105896,0.04368506744503975,41.03268051147461,2.753016233444214,0.7692216634750366,51.419334411621094,1.190505027770996,1.186529278755188,281.46,0.9456819891929626,0.17339356243610382,0.010795176960527897,1.6211336851119995,0.0,0.0,0.34359630942344666,0.00019054097356274724,0.004043246619403362,1.014134407043457,0.0,0.0,0.9332219362258911,0.34730765223503113,0.01122075691819191,0.11613085120916367,0.0059686265885829926,0.1797730177640915,0.3093201816082001,0.032734889537096024,0.00028412873507477343,0.9226739406585693,0.993004560470581,0.0,0.858232319355011,0.2612893283367157,0.0005532984505407512,0.01876254752278328,0.0,0.0,0.33840686082839966,0.05189622938632965,0.00012931786477565765,1.2518254518508911,0.0,0.0
43,5.892464637756348,0.5538265109062195,34.145084381103516,3.8361129760742188,0.5878428816795349,74.07215118408203,1.1470980644226074,1.147632122039795,40.57,1.027531623840332,0.011391091160476208,0.03560073301196098,17.113405227661133,0.0,0.0,0.29239413142204285,9.735815638123313e-07,0.0023679526057094336,0.7422339916229248,0.0,0.0,1.0709854364395142,0.4603036344051361,0.016019156202673912,0.2000911384820938,0.011946992948651314,0.3522600531578064,0.29242876172065735,0.020436879247426987,0.0005769219133071601,0.6466754674911499,0.9918171167373657,0.0,0.8991071581840515,0.20662686228752136,0.0006114647840149701,0.020604044198989868,0.0,0.0,0.34513357281684875,0.061946503818035126,3.964742427342571e-05,1.2968182563781738,0.0,0.0
44,1.2009751796722412,0.7780163884162903,38.348236083984375,4.804209232330322,0.4457293152809143,48.62160110473633,1.1510083675384521,1.1526798009872437,125.98,0.7383191585540771,0.004211341496556997,0.0976359099149704,21.47104263305664,0.0,0.0,0.353411465883255,2.992561894643586e-05,0.0028052234556525946,0.65593421459198,0.0,0.0,1.0873267650604248,0.3928651809692383,0.018640121445059776,0.2671516239643097,0.01649452932178974,0.49001750349998474,0.27873748540878296,0.012051152065396309,0.0008293921127915382,0.46960389614105225,0.9929026961326599,0.0,0.7737802267074585,0.2967582643032074,0.0004902436048723757,0.018061578273773193,0.0,0.0,0.35000771284103394,0.04971335828304291,0.00016047163808252662,1.2529906034469604,0.0,0.0
45,3.2371981143951416,0.9211146235466003,16.801464080810547,7.987361431121826,0.6953621506690979,54.84839630126953,1.0661373138427734,1.0670381784439087,79.19,0.7534841299057007,0.020677149295806885,0.07696321606636047,31.60146141052246,0.0,0.0,0.3562500476837158,4.2016778024844825e-05,0.0017705876380205154,0.5924717783927917,0.0,0.0,1.0335384607315063,0.37374746799468994,0.016466280445456505,0.2959997057914734,0.014301846735179424,0.5389595627784729,0.2943978011608124,0.0227715615183115,0.0006011875811964273,0.7117438316345215,0.9815803170204163,0.0,0.9063238501548767,0.21020764112472534,0.000596012338064611,0.02057136781513691,0.0,0.0,0.34164419770240784,0.055083662271499634,6.422573642339557e-05,1.2845795154571533,0.0,0.0
46,2.0818352699279785,0.704192578792572,25.72636604309082,7.214386940002441,0.4893472492694855,45.179588317871094,1.1335514783859253,1.1328285932540894,56.29,0.8470978736877441,0.009483777917921543,0.07206520438194275,19.020854949951172,0.0,0.0,0.33052852749824524,1.4160083082970232e-05,0.0038416925817728043,0.6684271693229675,0.0,0.0,1.1307579278945923,0.38517555594444275,0.020611321553587914,0.363271027803421,0.019865291193127632,0.685297966003418,0.2785860300064087,0.012911362573504448,0.0008851971360854805,0.4781360626220703,0.984492838382721,0.0,0.8172593712806702,0.2546861469745636,0.0005291269044391811,0.01899884082376957,0.0,0.0,0.34731176495552063,0.053797148168087006,8.730300032766536e-05,1.278894305229187,0.0,0.0
47,2.0986099243164062,0.9967642426490784,18.664581298828125,2.6093075275421143,0.7371111512184143,40.149898529052734,0.9619789719581604,0.9619218707084656,6.17,0.6575530767440796,0.03652508929371834,0.10874830931425095,37.540225982666016,0.0,0.0,0.37676653265953064,7.026119419606403e-05,0.0027242156211286783,0.5570591688156128,0.0,0.0,0.9691267013549805,0.3855727016925812,0.011448998004198074,0.11869707703590393,0.005819444078952074,0.18054595589637756,0.3022153675556183,0.02950863726437092,0.00027657480677589774,0.8938683867454529,0.9893059134483337,0.0,0.9463590979576111,0.18827657401561737,0.0006335600628517568,0.021523790434002876,0.0,0.0,0.3424319326877594,0.05656663700938225,5.444634734885767e-05,1.2852835655212402,0.0,0.0
48,2.3272640705108643,0.9749433994293213,15.195725440979004,6.790194988250732,0.537463903427124,47.59120178222656,0.9616633057594299,0.9609341621398926,78.9,0.6941069960594177,0.02878703363239765,0.08885849267244339,31.758594512939453,0.0,0.0,0.3793177008628845,4.797221481567249e-05,0.002817482454702258,0.5841788649559021,0.0,0.0,1.1286866664886475,0.3767683207988739,0.018920104950666428,0.35106027126312256,0.017191020771861076,0.6492650508880615,0.27726149559020996,0.014332519844174385,0.0006786258309148252,0.5633179545402527,0.9789028763771057,0.0,0.8697488307952881,0.2197081595659256,0.0005645741475746036,0.020167488604784012,0.0,0.0,0.34503796696662903,0.05333084613084793,6.513315020129085e-05,1.2881884574890137,0.0,0.0
49,1.9570791721343994,0.9103047847747803,26.02566146850586,3.2094926834106445,0.7338787317276001,40.44648361206055,1.1324373483657837,1.1318053007125854,49.31,0.7035109996795654,0.020473947748541832,0.1038464903831482,31.227033615112305,0.0,0.0,0.3577128052711487,6.68703141855076e-05,0.002772372215986252,0.5769174098968506,0.0,0.0,0.9457754492759705,0.37393277883529663,0.012335022911429405,0.13601410388946533,0.007229229435324669,0.21902887523174286,0.3051249384880066,0.02964944951236248,0.00035957127693109214,0.8581802845001221,0.9944095015525818,0.0,0.8991669416427612,0.2213907688856125,0.0005953815416432917,0.020283332094550133,0.0,0.0,0.34168288111686707,0.054829880595207214,8.30336066428572e-05,1.2711694240570068,0.0,0.0
50,2.3285515308380127,0.18422536551952362,16.337268829345703,6.349374294281006,0.7970650792121887,49.80925750732422,1.097121000289917,1.0970298051834106,7.58,0.8616721630096436,0.11168082803487778,0.0383940190076828,4.594846248626709,0.0,0.0,0.3496137261390686,0.0001962379610631615,0.0037175060715526342,0.921394944190979,0.0,0.0,0.9884607195854187,0.37687739729881287,0.01271897740662098,0.19082537293434143,0.008886032737791538,0.33198612928390503,0.30623507499694824,0.030934277921915054,0.0004267360782250762,0.8765906095504761,0.9831818342208862,0.0,0.9146836400032043,0.20280611515045166,0.0006097614532336593,0.02059008926153183,0.0,0.0,0.34076255559921265,0.0574420802295208,5.073295324109495e-05,1.2890055179595947,0.0,0.0
51,2.5002689361572266,0.7585039138793945,16.622859954833984,9.519388198852539,0.5648122429847717,54.0490608215332,1.0475062131881714,1.0473684072494507,12.56,0.8232856392860413,0.012093407101929188,0.07160693407058716,25.17375946044922,0.0,0.0,0.3303142488002777,1.3251044038042892e-05,0.002447267062962055,0.6513159871101379,0.0,0.0,1.1444921493530273,0.34798353910446167,0.02079567313194275,0.4236898422241211,0.020306671038269997,0.8034238219261169,0.28004780411720276,0.014773816801607609,0.0007888016989454627,0.550519585609436,0.9783676266670227,0.0,0.8669459819793701,0.22442521154880524,0.0005570949288085103,0.019928164780139923,0.0,0.0,0.3436354100704193,0.05148541182279587,7.941693183965981e-05,1.2851349115371704,0.0,0.0
52,3.0863115787506104,0.49215129017829895,15.233189582824707,2.4705581665039062,0.6340746879577637,46.557735443115234,0.8342551589012146,0.8334150314331055,120.83,0.927094578742981,0.02103937417268753,0.05295852944254875,14.854049682617188,0.0,0.0,0.3076343536376953,4.253448423696682e-05,0.003195854602381587,0.7608658671379089,0.0,0.0,1.0767015218734741,0.402331680059433,0.013360964134335518,0.14786206185817719,0.007863812148571014,0.23230041563510895,0.29089295864105225,0.022319842129945755,0.00033384081325493753,0.7671521902084351,0.9776468276977539,0.0,0.9026603698730469,0.21355727314949036,0.0005971162463538349,0.020572643727064133,0.0,0.0,0.3441140651702881,0.05631272867321968,6.220891373232007e-05,1.2844642400741577,0.0,0.0
53,3.541135311126709,0.23145821690559387,22.541439056396484,6.297367572784424,0.44346439838409424,49.48492431640625,1.0415215492248535,1.042272686958313,69.19,1.012953758239746,0.084096260368824,0.0223972387611866,4.373051643371582,0.0,0.0,0.32044872641563416,6.408991612261161e-05,0.00562177924439311,0.8875741958618164,0.0,0.0,1.1799352169036865,0.39309820532798767,0.019997309893369675,0.35513684153556824,0.01874537207186222,0.6709256768226624,0.2729259133338928,0.010907129384577274,0.0008197642746381462,0.46504801511764526,0.9825970530509949,0.0,0.8023984432220459,0.2603023052215576,0.0005202296306379139,0.01867005042731762,0.0,0.0,0.34828636050224304,0.05660687014460564,6.827526522101834e-05,1.2858268022537231,0.0,0.0
54,4.254403591156006,0.11714006215333939,19.721723556518555,4.427560806274414,0.41740065813064575,47.18119812011719,0.934590756893158,0.9359227418899536,152.28,0.9976409673690796,0.13032345473766327,0.012883473187685013,2.6911611557006836,0.0,0.0,0.3334672152996063,9.709259029477835e-05,0.006139055360108614,0.9530828595161438,0.0,0.0,1.2031326293945312,0.40805405378341675,0.01822235994040966,0.2905353307723999,0.015174902975559235,0.5216601490974426,0.27015629410743713,0.01063797902315855,0.0006560671026818454,0.4865644872188568,0.9730051159858704,0.0,0.810268223285675,0.2590341567993164,0.0005241868202574551,0.018894227221608162,0.0,0.0,0.3493756949901581,0.056214116513729095,6.975272117415443e-05,1.2852164506912231,0.0,0.0
55,2.9150547981262207,0.09948555380105972,18.815872192382812,7.8715901374816895,0.5952426791191101,50.01390838623047,1.102051854133606,1.102657437324524,49.83,0.9245505332946777,0.14213530719280243,0.01966753415763378,2.4666576385498047,0.0,0.0,0.35237178206443787,0.00016179106023628265,0.005445619113743305,0.9577848315238953,0.0,0.0,1.0871775150299072,0.3722442388534546,0.019207844510674477,0.3452940881252289,0.017532523721456528,0.6459202170372009,0.2869424819946289,0.01773819886147976,0.0007379231392405927,0.5919313430786133,0.9819374680519104,0.0,0.8377676010131836,0.2409360557794571,0.0005468516610562801,0.019135650247335434,0.0,0.0,0.34389689564704895,0.05640789493918419,6.45682739559561e-05,1.2863754034042358,0.0,0.0
56,4.88996696472168,0.1244489923119545,26.186948776245117,4.878758907318115,0.7901573777198792,47.173343658447266,1.1986666917800903,1.1996697187423706,69.75,0.9801819324493408,0.12256894260644913,0.019074629992246628,2.9796833992004395,0.0,0.0,0.3297988474369049,0.00014661984459962696,0.004374248906970024,0.9561202526092529,0.0,0.0,0.9576014876365662,0.3788474500179291,0.012189147062599659,0.1521298587322235,0.007986296899616718,0.25947099924087524,0.310159832239151,0.031890809535980225,0.000418693118263036,0.8884060382843018,0.9942485094070435,0.0,0.8979103565216064,0.21866290271282196,0.0006004658644087613,0.020066406577825546,0.0,0.0,0.34065672755241394,0.05931297689676285,5.6481181673007086e-05,1.2836947441101074,0.0,0.0
57,2.0604100227355957,0.13311313092708588,26.922693252563477,6.973685264587402,0.462613046169281,42.80997848510742,1.133955717086792,1.1328870058059692,83.19,0.8983068466186523,0.12046458572149277,0.026774324476718903,2.814563274383545,0.0,0.0,0.35950854420661926,0.0001555003400426358,0.006351058837026358,0.9382659792900085,0.0,0.0,1.1282241344451904,0.3754163980484009,0.020878653973340988,0.3612201511859894,0.019952544942498207,0.6859498620033264,0.2767864167690277,0.011883416213095188,0.0009101519826799631,0.4556051194667816,0.9851887822151184,0.0,0.7712441682815552,0.28537970781326294,0.0004933155723847449,0.0179083701223135,0.0,0.0,0.34832245111465454,0.053519293665885925,0.00010346710041631013,1.2711478471755981,0.0,0.0
58,2.587693929672241,0.06439612060785294,15.445508003234863,3.0817439556121826,0.6294932961463928,59.391319274902344,0.9156613349914551,0.9153367280960083,38.73,0.8430913090705872,0.17747394740581512,0.02277139201760292,1.9868614673614502,0.0,0.0,0.37619465589523315,0.0002466578735038638,0.004033880773931742,0.9844968914985657,0.0,0.0,1.0369497537612915,0.3971227705478668,0.014175746589899063,0.17101812362670898,0.009142068214714527,0.2861155867576599,0.29126212000846863,0.021907661110162735,0.0003896100097335875,0.7410997152328491,0.9865386486053467,0.0,0.8530152440071106,0.23522207140922546,0.0005604864563792944,0.0193985253572464,0.0,0.0,0.343538373708725,0.05574628338217735,7.491988799301907e-05,1.2792505025863647,0.0,0.0
59,1.6906318664550781,0.41576555371284485,17.939348220825195,4.565712928771973,0.7443100214004517,45.618507385253906,1.0834118127822876,1.0838334560394287,35.91,0.8528631329536438,0.03278970718383789,0.06629365682601929,11.1959810256958,0.0,0.0,0.32653507590293884,0.00012859317939728498,0.0032813544385135174,0.7918163537979126,0.0,0.0,0.9962416291236877,0.380113422870636,0.012977104634046555,0.17281174659729004,0.008617540821433067,0.2947394549846649,0.30241870880126953,0.02844260260462761,0.0004073701275046915,0.8436199426651001,0.9874615669250488,0.0,0.914491593837738,0.20651482045650482,0.00061194779118523,0.02068892866373062,0.0,0.0,0.3417007029056549,0.05783773213624954,5.1737890316871926e-05,1.2875115871429443,0.0,0.0
60,1.4625920057296753,0.8778511881828308,26.232681274414062,8.734234809875488,0.44914373755455017,54.11968231201172,1.1442241668701172,1.1429252624511719,99.32,0.7298599481582642,0.016675060614943504,0.0946301594376564,25.245941162109375,0.0,0.0,0.3660825490951538,3.148936957586557e-05,0.0026946368161588907,0.609937846660614,0.0,0.0,1.1462419033050537,0.3935627341270447,0.022542446851730347,0.43561816215515137,0.023314161226153374,0.8419535160064697,0.27326035499572754,0.010397467762231827,0.0010091710137203336,0.4239831268787384,0.9868984222412109,0.0,0.8364058136940002,0.22668518126010895,0.0005467309965752065,0.019634662196040154,0.0,0.0,0.34803521633148193,0.05563618242740631,5.699464600184001e-05,1.291979193687439,0.0,0.0
61,4.459063529968262,0.1768743395805359,25.29756736755371,3.430527448654175,0.7368338704109192,50.03668975830078,1.112051248550415,1.1123342514038086,22.88,0.9748522639274597,0.10133688151836395,0.02235247753560543,4.33135461807251,0.0,0.0,0.3253716230392456,0.00014232899411581457,0.0038927870336920023,0.9199689030647278,0.0,0.0,0.9822754859924316,0.3961648941040039,0.012506642378866673,0.14022187888622284,0.007525266148149967,0.22943918406963348,0.30548393726348877,0.029386822134256363,0.00037334352964535356,0.8564188480377197,0.9914467334747314,0.0,0.9116397500038147,0.20839537680149078,0.0006156828021630645,0.020547669380903244,0.0,0.0,0.342192679643631,0.06077999994158745,4.58927133877296e-05,1.2893515825271606,0.0,0.0
62,2.6956372261047363,0.566680371761322,16.151592254638672,7.63450813293457,0.6581384539604187,44.51258087158203,1.0529991388320923,1.0481568574905396,438.73,0.9197014570236206,0.01391143724322319,0.0575137734413147,15.675514221191406,0.0,0.0,0.3084392249584198,2.23560073209228e-05,0.0033426701556891203,0.7262835502624512,0.0,0.0,1.0845822095870972,0.3648695647716522,0.017186332494020462,0.30796414613723755,0.015208628959953785,0.5683354139328003,0.29106616973876953,0.020586298778653145,0.0006372153293341398,0.6734618544578552,0.9829429984092712,0.0,0.8722056150436401,0.22959309816360474,0.0005694364663213491,0.019856015220284462,0.0,0.0,0.342681348323822,0.054779086261987686,6.9153327785898e-05,1.2848892211914062,0.0,0.0
63,3.35204815864563,0.74222731590271,26.644790649414062,3.4637200832366943,0.5150210857391357,51.5250358581543,1.0452362298965454,1.0439121723175049,121.35,0.8605566620826721,0.0059522828087210655,0.0651513934135437,22.951705932617188,0.0,0.0,0.3278120160102844,5.292730293149361e-06,0.002967333886772394,0.6592028737068176,0.0,0.0,1.091799020767212,0.43796592950820923,0.01643993891775608,0.21046914160251617,0.012401970103383064,0.3652919828891754,0.28399157524108887,0.016495496034622192,0.0005808028508909047,0.5837337970733643,0.9865626692771912,0.0,0.8605746030807495,0.23103933036327362,0.0005736873135901988,0.01997215859591961,0.0,0.0,0.3474302887916565,0.05781302973628044,6.49334178888239e-05,1.2845101356506348,0.0,0.0
64,2.9622204303741455,0.7387114763259888,18.10463523864746,2.77236008644104,0.6086049675941467,44.143836975097656,0.9224134683609009,0.9226273894309998,25.14,0.8455288410186768,0.004308785777539015,0.07140990346670151,24.648334503173828,0.0,0.0,0.3250070810317993,1.551584318804089e-05,0.002950618974864483,0.6565204858779907,0.0,0.0,1.0684031248092651,0.4121137261390686,0.014077898114919662,0.16448302567005157,0.00911281630396843,0.2684800326824188,0.2896517515182495,0.021014612168073654,0.00039754630415700376,0.7215883731842041,0.9846246838569641,0.0,0.892440676689148,0.21862167119979858,0.0005931516643613577,0.020500779151916504,0.0,0.0,0.3449287414550781,0.056513819843530655,6.208287231856957e-05,1.2850216627120972,0.0,0.0
65,1.8633997440338135,0.1297384649515152,34.00753402709961,1.9358775615692139,0.4511387348175049,46.1113395690918,0.987080454826355,0.9867338538169861,35.59,0.8310664296150208,0.12585744261741638,0.03546813875436783,3.2421939373016357,0.0,0.0,0.37706097960472107,0.0002254222781630233,0.004529125988483429,0.9608601927757263,0.0,0.0,1.077680230140686,0.43503111600875854,0.015455451793968678,0.1518031656742096,0.009885613806545734,0.24228528141975403,0.281062513589859,0.014874162152409554,0.0005097974208183587,0.5591853857040405,0.9891096949577332,0.0,0.7808095812797546,0.28428590297698975,0.0005098130786791444,0.01825694926083088,0.0,0.0,0.351127028465271,0.05515805259346962,0.00011166623880853876,1.2627553939819336,0.0,0.0
66,5.528265476226807,0.24571268260478973,35.10981750488281,1.5281630754470825,0.5825851559638977,47.01289749145508,0.9687744975090027,0.9704887270927429,182.33,1.0173802375793457,0.07602667063474655,0.024337906390428543,6.044933795928955,0.0,0.0,0.306888610124588,8.274240826722234e-05,0.003456417005509138,0.8942044377326965,0.0,0.0,1.0307857990264893,0.4026670753955841,0.013826386071741581,0.11879060417413712,0.007517992053180933,0.175348162651062,0.29420775175094604,0.021922513842582703,0.0003749927564058453,0.7113382816314697,0.9859349727630615,0.0,0.8243052959442139,0.27453163266181946,0.0005362988449633121,0.018678827211260796,0.0,0.0,0.34583592414855957,0.053902316838502884,0.0001238746481249109,1.256134033203125,0.0,0.0
67,3.9484810829162598,0.4814620316028595,17.326526641845703,8.008557319641113,0.5171384811401367,59.3699951171875,0.9964001774787903,0.9957405924797058,66.48,0.9931511878967285,0.026799457147717476,0.0367669053375721,11.557851791381836,0.0,0.0,0.29721665382385254,9.502131774752343e-07,0.003715314669534564,0.7655553817749023,0.0,0.0,1.1662882566452026,0.34954267740249634,0.020126892253756523,0.40210163593292236,0.019615739583969116,0.7601336240768433,0.27616000175476074,0.012694884091615677,0.0007869830005802214,0.5223965048789978,0.9783588647842407,0.0,0.824302077293396,0.25971105694770813,0.0005270009278319776,0.018869370222091675,0.0,0.0,0.34452879428863525,0.05247865617275238,9.182079520542175e-05,1.2796522378921509,0.0,0.0
68,3.9025208950042725,0.3952011466026306,19.953702926635742,2.5388123989105225,0.7420307397842407,50.61185073852539,0.9507599472999573,0.9502747058868408,53.71,0.9610745906829834,0.03668247163295746,0.04059981554746628,11.700763702392578,0.0,0.0,0.3036838173866272,6.875572580611333e-05,0.0031548619735985994,0.8038435578346252,0.0,0.0,0.9951572418212891,0.39140236377716064,0.0112532339990139,0.1142611876130104,0.005791380535811186,0.17309615015983582,0.3037662208080292,0.029558172449469566,0.0002812085149344057,0.9003756046295166,0.9894940257072449,0.0,0.9444012641906738,0.19486702978610992,0.0006387878092937171,0.0213400237262249,0.0,0.0,0.34239518642425537,0.060113321989774704,4.147820072830655e-05,1.2919784784317017,0.0,0.0
69,3.4013872146606445,0.5748987197875977,31.872413635253906,3.263195276260376,0.45569583773612976,52.78426742553711,1.0492146015167236,1.0495003461837769,25.95,0.9366150498390198,0.012200129218399525,0.05220846086740494,15.546595573425293,0.0,0.0,0.3132305145263672,5.304523710947251e-06,0.0034161091316491365,0.7349608540534973,0.0,0.0,1.1238199472427368,0.4418930411338806,0.016857247799634933,0.21098142862319946,0.012904820963740349,0.3672254979610443,0.2797865867614746,0.013872037641704082,0.0006395290838554502,0.5246164202690125,0.9870011806488037,0.0,0.8224406242370605,0.2549574673175812,0.0005436104838736355,0.019214045256376266,0.0,0.0,0.34968242049217224,0.056818634271621704,8.240956958616152e-05,1.278178334236145,0.0,0.0
70,3.7680017948150635,0.09625333547592163,22.728384017944336,3.655508041381836,0.4993840456008911,59.32362365722656,1.0073273181915283,1.0065948963165283,72.23,0.960495114326477,0.13848328590393066,0.014641951769590378,2.1759984493255615,0.0,0.0,0.3480604588985443,0.00015600376354996115,0.005085300654172897,0.9623199701309204,0.0,0.0,1.1152414083480835,0.43794775009155273,0.01696212962269783,0.22701776027679443,0.012779542244970798,0.3979460597038269,0.2814611792564392,0.015518487431108952,0.0005785818211734295,0.569054365158081,0.9817026257514954,0.0,0.837790846824646,0.23683945834636688,0.0005562032456509769,0.01935547962784767,0.0,0.0,0.3472844362258911,0.05929070711135864,5.569609857047908e-05,1.2887324094772339,0.0,0.0
71,3.54732084274292,0.21325625479221344,31.605356216430664,6.0317702293396,0.5567759871482849,54.78886032104492,1.1990798711776733,1.1986984014511108,26.54,0.9808016419410706,0.09477463364601135,0.02494713105261326,4.204903602600098,0.0,0.0,0.32592126727104187,0.00010051091521745548,0.004502151161432266,0.8919460773468018,0.0,0.0,1.0779991149902344,0.4031897783279419,0.018840447068214417,0.28250864148139954,0.01635836809873581,0.5266644358634949,0.28843459486961365,0.017328685149550438,0.0007751715020276606,0.5555018186569214,0.9888677000999451,0.0,0.8255212903022766,0.25009411573410034,0.0005419205990619957,0.0189200509339571,0.0,0.0,0.34530842304229736,0.05652035400271416,7.809937233105302e-05,1.2794647216796875,0.0,0.0
72,3.71806263923645,0.8955507278442383,33.93270492553711,4.562484264373779,0.5819266438484192,47.149898529052734,1.1834418773651123,1.1834192276000977,1.62,0.7871949076652527,0.017876993864774704,0.06856689602136612,28.343324661254883,0.0,0.0,0.352491557598114,3.0798324587522075e-05,0.0026019844226539135,0.5961406230926514,0.0,0.0,1.0187115669250488,0.3881419897079468,0.016846759244799614,0.22426098585128784,0.01341242529451847,0.4020369350910187,0.2917519211769104,0.01946910284459591,0.0006510646780952811,0.6164060831069946,0.9930336475372314,0.0,0.8213690519332886,0.2683097720146179,0.0005294321454130113,0.01871596835553646,0.0,0.0,0.3446005880832672,0.05174177139997482,0.0001301722222706303,1.2582427263259888,0.0,0.0
73,5.795215606689453,0.9328665137290955,34.16376876831055,3.5410313606262207,0.6950865387916565,40.82798385620117,1.163932204246521,1.1626598834991455,94.02,0.7920687198638916,0.018626734614372253,0.0543181449174881,30.39839744567871,0.0,0.0,0.3541218936443329,3.939183079637587e-05,0.001849236199632287,0.5854810476303101,0.0,0.0,0.9488968849182129,0.34954822063446045,0.013503015972673893,0.15792466700077057,0.008926295675337315,0.2651464641094208,0.3022311329841614,0.02648630365729332,0.00044910894939675927,0.7876927852630615,0.995755672454834,0.0,0.8339653611183167,0.2796348035335541,0.000526352901943028,0.018519718199968338,0.0,0.0,0.34094810485839844,0.04807296767830849,0.000175458422745578,1.239601492881775,0.0,0.0
74,1.4596854448318481,0.011431493796408176,28.990070343017578,2.5601353645324707,0.7178563475608826,41.36901092529297,1.1268575191497803,1.1267472505569458,8.68,0.6899258494377136,0.27213534712791443,0.036076050251722336,1.722511887550354,0.0,0.0,0.41848164796829224,0.00033373161568306386,0.0030549108050763607,1.0053874254226685,0.0,0.0,0.9547639489173889,0.37431833148002625,0.012517585419118404,0.12263055890798569,0.006515133660286665,0.19263319671154022,0.3048725724220276,0.030024802312254906,0.0003133315476588905,0.8566936254501343,0.9950560927391052,0.0,0.8810391426086426,0.21874870359897614,0.0005770589923486114,0.01990724541246891,0.0,0.0,0.34227946400642395,0.05210478603839874,0.00010167820437345654,1.2675105333328247,0.0,0.0
75,2.690985679626465,0.7225469350814819,24.230953216552734,2.08589768409729,0.6271820068359375,41.189125061035156,0.9797646403312683,0.980103611946106,35.3,0.8320249319076538,0.004211255349218845,0.0762348547577858,23.314847946166992,0.0,0.0,0.32582756876945496,3.469208240858279e-05,0.0029711993411183357,0.6589287519454956,0.0,0.0,1.0183647871017456,0.40582114458084106,0.013324684463441372,0.130547896027565,0.00773556949570775,0.20102103054523468,0.2952372133731842,0.023531051352620125,0.00036359034129418433,0.755378007888794,0.9903839230537415,0.0,0.8804044127464294,0.2310790717601776,0.0005857826909050345,0.020151935517787933,0.0,0.0,0.34498685598373413,0.05616414546966553,7.79452093411237e-05,1.2754796743392944,0.0,0.0
76,4.7965922355651855,0.9408127069473267,16.283193588256836,3.070659875869751,0.5791261196136475,51.577606201171875,0.8223634958267212,0.8224597573280334,14.23,0.7791081666946411,0.0197183508425951,0.06086410582065582,33.77214050292969,0.0,0.0,0.3618488013744354,2.990506254718639e-05,0.002213727915659547,0.5854817032814026,0.0,0.0,1.0854535102844238,0.41331782937049866,0.014517197385430336,0.18827997148036957,0.009977714158594608,0.3160412311553955,0.2838957905769348,0.01822269707918167,0.0004146757710259408,0.6859574913978577,0.9830350875854492,0.0,0.8847407698631287,0.21931405365467072,0.0005815588519908488,0.020345479249954224,0.0,0.0,0.34485599398612976,0.055315934121608734,6.672543531749398e-05,1.2840080261230469,0.0,0.0
77,4.637704372406006,0.4791063070297241,25.895477294921875,2.659663200378418,0.7563457489013672,52.984039306640625,1.048689365386963,1.0480693578720093,56.41,0.9865041375160217,0.020116178318858147,0.04092998802661896,15.055208206176758,0.0,0.0,0.29445818066596985,2.5922467102645896e-05,0.002913367934525013,0.7631624341011047,0.0,0.0,0.9786406755447388,0.39824748039245605,0.011224924586713314,0.11221423000097275,0.005824489053338766,0.17355802655220032,0.3070632219314575,0.030983760952949524,0.00029274867847561836,0.9099966883659363,0.9969221353530884,0.0,0.9574121832847595,0.18775475025177002,0.0006511960527859628,0.021544862538576126,0.0,0.0,0.341755211353302,0.060950085520744324,4.038717088405974e-05,1.2927690744400024,0.0,0.0
78,4.11927604675293,0.419961154460907,17.566679000854492,7.060629844665527,0.6005391478538513,42.13389587402344,1.0241013765335083,1.026224970817566,202.06,1.0121246576309204,0.034572016447782516,0.03501566872000694,10.19543170928955,0.0,0.0,0.29634881019592285,1.1684834134939592e-05,0.003968738950788975,0.7931755185127258,0.0,0.0,1.1273324489593506,0.3632615804672241,0.018098346889019012,0.3235654830932617,0.01595708169043064,0.5944588780403137,0.28608766198158264,0.017646245658397675,0.000666120380628854,0.6177489757537842,0.9769064784049988,0.0,0.8511567711830139,0.24189728498458862,0.0005511861527338624,0.019433584064245224,0.0,0.0,0.3441907465457916,0.05481671914458275,7.421943882945925e-05,1.2833853960037231,0.0,0.0
79,1.662902593612671,0.3985775411128998,28.67530632019043,6.036749362945557,0.473019003868103,55.26649475097656,1.1377836465835571,1.1389156579971313,87.36,0.9012688994407654,0.03801489248871803,0.0571405403316021,8.357172966003418,0.0,0.0,0.32994744181632996,6.928694347152486e-05,0.0037691679317504168,0.8035842776298523,0.0,0.0,1.129105806350708,0.41996830701828003,0.019779635593295097,0.3195008337497711,0.018122317269444466,0.6014726161956787,0.27884677052497864,0.012983371503651142,0.0008411876042373478,0.47880420088768005,0.98829185962677,0.0,0.8278759717941284,0.2395877093076706,0.0005467489827424288,0.019316580146551132,0.0,0.0,0.3480752110481262,0.05764439329504967,6.079250306356698e-05,1.288425326347351,0.0,0.0
80,5.698784828186035,0.5123717784881592,32.54301452636719,6.387556076049805,0.5562311410903931,70.032958984375,1.1856743097305298,1.1871659755706787,105.97,1.0502004623413086,0.01985223963856697,0.03269503265619278,13.488486289978027,0.0,0.0,0.290304571390152,9.685036275186576e-07,0.003058111062273383,0.7539463043212891,0.0,0.0,1.1030340194702148,0.42554712295532227,0.0188877135515213,0.2958894371986389,0.016981882974505424,0.5550816059112549,0.287727952003479,0.01692035421729088,0.0007994669140316546,0.5502559542655945,0.989523708820343,0.0,0.8580443859100342,0.2289780229330063,0.0005716336891055107,0.019665302708745003,0.0,0.0,0.3450579345226288,0.058994848281145096,5.5816541134845465e-05,1.2907525300979614,0.0,0.0
81,4.790380954742432,0.8516417145729065,26.814788818359375,3.7228469848632812,0.6113480925559998,78.68495178222656,1.0835834741592407,1.0859565734863281,201.67,0.8241637349128723,0.00592020945623517,0.0614970326423645,29.993581771850586,0.0,0.0,0.33858129382133484,2.324579327250831e-06,0.0009671904263086617,0.6245349645614624,0.0,0.0,1.0228489637374878,0.4318525195121765,0.015216227620840073,0.1938966065645218,0.01098920963704586,0.33489811420440674,0.29278936982154846,0.021385136991739273,0.0005131494253873825,0.684893012046814,0.9902579188346863,0.0,0.9043793678283691,0.21056199073791504,0.0006057090358808637,0.020611941814422607,0.0,0.0,0.3440132141113281,0.05742184817790985,6.741304241586477e-05,1.2818353176116943,0.0,0.0
82,2.0466504096984863,0.8187805414199829,12.258015632629395,5.563386917114258,0.6872154474258423,49.223670959472656,0.9108428955078125,0.9086644053459167,263.21,0.768675684928894,0.007047708611935377,0.09023156017065048,29.478010177612305,0.0,0.0,0.3395173251628876,2.745307210716419e-05,0.002388434950262308,0.6333627700805664,0.0,0.0,1.0643985271453857,0.3717042803764343,0.014726399444043636,0.23871633410453796,0.011253911070525646,0.41917532682418823,0.29193711280822754,0.022891158238053322,0.0004619196115527302,0.7596527338027954,0.97868812084198,0.0,0.9042450785636902,0.212619349360466,0.0005902607226744294,0.020533503964543343,0.0,0.0,0.34192535281181335,0.052982147783041,7.633061613887548e-05,1.281323790550232,0.0,0.0
83,4.0463128089904785,0.654396653175354,20.048906326293945,3.104543447494507,0.7424294948577881,58.77070617675781,0.9897672533988953,0.9889047145843506,88.12,0.8995662927627563,0.003689056495204568,0.056885674595832825,22.869810104370117,0.0,0.0,0.3056231737136841,5.460275133373216e-06,0.002485760720446706,0.687330424785614,0.0,0.0,0.996645987033844,0.3929712176322937,0.0116427568718791,0.13193953037261963,0.00666337925940752,0.20809805393218994,0.303067147731781,0.028996573761105537,0.0003195680910721421,0.8823542594909668,0.9875033497810364,0.0,0.9564380049705505,0.19324296712875366,0.000647338863927871,0.02159625105559826,0.0,0.0,0.34192442893981934,0.058839961886405945,4.542623719316907e-05,1.2906899452209473,0.0,0.0
84,3.958249092102051,0.6375918388366699,14.744661331176758,3.0069093704223633,0.7061474323272705,48.8448600769043,0.8320742845535278,0.8318195343017578,36.81,0.9095872044563293,0.003834278555586934,0.054844290018081665,22.683284759521484,0.0,0.0,0.3037150502204895,9.828759175434243e-07,0.002516180044040084,0.6968129277229309,0.0,0.0,1.0389965772628784,0.3841734826564789,0.012065288610756397,0.144162118434906,0.007099381182342768,0.23103314638137817,0.29652953147888184,0.025527307763695717,0.00031147251138463616,0.8463680744171143,0.9855086207389832,0.0,0.926139235496521,0.20359401404857635,0.000613947631791234,0.020986340939998627,0.0,0.0,0.3426269590854645,0.05578478425741196,6.041198503226042e-05,1.2856535911560059,0.0,0.0
85,3.5340957641601562,0.08415064960718155,14.020543098449707,6.896580219268799,0.5585581660270691,49.025794982910156,0.9417915940284729,0.9398267865180969,221.98,0.9616828560829163,0.15646694600582123,0.013592010363936424,2.2245986461639404,0.0,0.0,0.34540149569511414,0.0001358438457828015,0.005572170484811068,0.9723673462867737,0.0,0.0,1.1453782320022583,0.3590625822544098,0.018695225939154625,0.34627941250801086,0.016605108976364136,0.6396381258964539,0.2802952826023102,0.015299882739782333,0.0006546750664710999,0.5876314043998718,0.9757843017578125,0.0,0.8289028406143188,0.24968555569648743,0.000531510915607214,0.018953165039420128,0.0,0.0,0.3443716764450073,0.05375688895583153,7.960080984048545e-05,1.2834361791610718,0.0,0.0
86,3.25935435295105,0.6010744571685791,29.216262817382812,6.7193193435668945,0.5273571014404297,52.22026062011719,1.1691714525222778,1.1703355312347412,85.07,0.9373375773429871,0.013127847574651241,0.052647288888692856,15.84274959564209,0.0,0.0,0.31047511100769043,9.865204901871039e-07,0.003393492428585887,0.7061769962310791,0.0,0.0,1.107915997505188,0.3978545665740967,0.019655341282486916,0.3224759101867676,0.018233047798275948,0.6060563325881958,0.28406253457069397,0.015157694928348064,0.0008414369076490402,0.5160470008850098,0.9871190786361694,0.0,0.8221707940101624,0.25522592663764954,0.0005377702764235437,0.01894184947013855,0.0,0.0,0.3459480404853821,0.05524475872516632,8.46332186483778e-05,1.279361367225647,0.0,0.0
87,2.297647714614868,0.683689534664154,18.272544860839844,5.914819240570068,0.5581292510032654,45.3188362121582,1.0341873168945312,1.0318353176116943,220.41,0.8531025052070618,0.006932863499969244,0.07095059007406235,19.752840042114258,0.0,0.0,0.3234928548336029,1.3987272723170463e-05,0.003441278589889407,0.6797873973846436,0.0,0.0,1.117662787437439,0.3864700198173523,0.017974495887756348,0.301431804895401,0.015673208981752396,0.5491647720336914,0.2828146815299988,0.016373910009860992,0.0006636185571551323,0.5877849459648132,0.9804546236991882,0.0,0.8634043335914612,0.23215337097644806,0.0005654885899275541,0.019920025020837784,0.0,0.0,0.3452053368091583,0.05505013093352318,6.720230157952756e-05,1.2859981060028076,0.0,0.0
88,5.999790668487549,0.7773569226264954,42.86514663696289,2.3635473251342773,0.7248340249061584,55.527462005615234,1.1464937925338745,1.147054672241211,42.65,0.882178008556366,0.003823034232482314,0.04640520364046097,27.704580307006836,0.0,0.0,0.31289681792259216,1.1240871344853076e-06,0.0017131094355136156,0.6516295075416565,0.0,0.0,0.9539382457733154,0.360499769449234,0.011750702746212482,0.12138096988201141,0.006430894136428833,0.186589315533638,0.30491742491722107,0.029767818748950958,0.0002946472668554634,0.8745086789131165,0.9925047159194946,0.0,0.8857337236404419,0.25141066312789917,0.0005725458613596857,0.019527239724993706,0.0,0.0,0.33906251192092896,0.05038461834192276,0.0001407608069712296,1.2530324459075928,0.0,0.0
89,1.4426554441452026,0.5167533755302429,16.258316040039062,3.6220650672912598,0.40539321303367615,58.61298370361328,0.8745548129081726,0.8743019104003906,33.08,0.8407737016677856,0.016884980723261833,0.07226193696260452,12.67784595489502,0.0,0.0,0.329906165599823,2.7690553906722926e-05,0.003775922581553459,0.7728739976882935,0.0,0.0,1.2048898935317993,0.4126952886581421,0.01712321676313877,0.2588469088077545,0.013816488906741142,0.4502095878124237,0.2671002745628357,0.010418828576803207,0.000583832326810807,0.5004048943519592,0.9723824262619019,0.0,0.824468195438385,0.2569594979286194,0.0005312462453730404,0.019244033843278885,0.0,0.0,0.3481205403804779,0.051975224167108536,9.33131595957093e-05,1.2787295579910278,0.0,0.0
90,5.748066425323486,0.8418759703636169,23.155841827392578,9.601961135864258,0.47256070375442505,43.58554458618164,1.0603532791137695,1.059542179107666,72.19,0.8823455572128296,0.019449766725301743,0.041909798979759216,24.216638565063477,0.0,0.0,0.34500378370285034,5.077828245703131e-05,0.003594444366171956,0.6144309043884277,0.0,0.0,1.1722838878631592,0.34252142906188965,0.02217109128832817,0.4705486297607422,0.02329971082508564,0.9162117838859558,0.27178725600242615,0.010184098035097122,0.0009479005238972604,0.4565218985080719,0.9846711754798889,0.0,0.8147051334381104,0.25202423334121704,0.0005175743135623634,0.01893756538629532,0.0,0.0,0.3469488322734833,0.05283955857157707,8.41784494696185e-05,1.2825241088867188,0.0,0.0
91,4.121628284454346,0.8122977614402771,25.85014533996582,2.458892822265625,0.6497346758842468,46.54430389404297,1.0192146301269531,1.0219186544418335,259.61,0.8396080732345581,0.007359190843999386,0.0640123039484024,27.726186752319336,0.0,0.0,0.3302570879459381,1.3489890079654288e-05,0.0024349389132112265,0.623192310333252,0.0,0.0,1.008385181427002,0.4075160324573517,0.01332759577780962,0.13883185386657715,0.007969998754560947,0.21890318393707275,0.2971820831298828,0.024511156603693962,0.0003787505847867578,0.7704539895057678,0.9886986613273621,0.0,0.9010683298110962,0.21956858038902283,0.000603295920882374,0.020558156073093414,0.0,0.0,0.3440548777580261,0.05735562741756439,6.639918137807399e-05,1.2807247638702393,0.0,0.0
92,4.332357883453369,0.6623584032058716,14.248748779296875,3.672461748123169,0.7342532277107239,52.0528564453125,0.8378666043281555,0.8384196758270264,78.73,0.9019312858581543,0.0018709020223468542,0.053344666957855225,24.217792510986328,0.0,0.0,0.303162157535553,9.93478010968829e-07,0.0023894356563687325,0.6891812086105347,0.0,0.0,1.0460848808288574,0.37082940340042114,0.011964199133217335,0.15728574991226196,0.0072447084821760654,0.2527446448802948,0.29833438992500305,0.026801196858286858,0.0003229090361855924,0.866812527179718,0.9751432538032532,0.0,0.9387987852096558,0.20353290438652039,0.0006207514088600874,0.021201275289058685,0.0,0.0,0.3419722616672516,0.05455370992422104,6.44871688564308e-05,1.2843716144561768,0.0,0.0
93,4.840638637542725,0.9198641180992126,25.689058303833008,2.881178379058838,0.6337706446647644,56.51660919189453,1.0311980247497559,1.0265326499938965,440.73,0.798424482345581,0.018261268734931946,0.06191153824329376,32.557586669921875,0.0,0.0,0.3541204333305359,2.7411077098804526e-05,0.0019953616429120302,0.5881374478340149,0.0,0.0,1.011950969696045,0.4373193681240082,0.014048236422240734,0.1573914885520935,0.00903892982751131,0.2601308822631836,0.29493167996406555,0.023128317669034004,0.0004212769272271544,0.7383275628089905,0.9920105934143066,0.0,0.923509418964386,0.19693441689014435,0.0006245735567063093,0.02111923135817051,0.0,0.0,0.3442065715789795,0.06007705628871918,4.720405559055507e-05,1.290388822555542,0.0,0.0
94,4.643910884857178,0.7474616169929504,28.396398544311523,2.7981150150299072,0.5585204362869263,59.43905258178711,1.0337568521499634,1.0311559438705444,244.0,0.8957338333129883,0.00524574238806963,0.054169662296772,25.050588607788086,0.0,0.0,0.3210405111312866,9.99436338133819e-07,0.0023470099549740553,0.6550943851470947,0.0,0.0,1.066065788269043,0.4528724253177643,0.015203925780951977,0.17272955179214478,0.010431121103465557,0.2893725335597992,0.2890305519104004,0.01925625465810299,0.0004947584820911288,0.6481034755706787,0.989788830280304,0.0,0.8846623301506042,0.21809245645999908,0.0005977869150228798,0.02040804922580719,0.0,0.0,0.34620019793510437,0.05970187485218048,5.321922435541637e-05,1.2895866632461548,0.0,0.0
95,3.0355825424194336,0.8371230959892273,25.24069595336914,6.429543495178223,0.5918925404548645,44.55018615722656,1.1584103107452393,1.1564230918884277,148.34,0.8096197247505188,0.013089029118418694,0.07174363732337952,26.04021453857422,0.0,0.0,0.3419383466243744,2.5766665203263983e-05,0.0030738518107682467,0.612176239490509,0.0,0.0,1.0558533668518066,0.3883266746997833,0.018226057291030884,0.2906533479690552,0.01600351370871067,0.5367698073387146,0.2893701195716858,0.018605416640639305,0.0007239577826112509,0.5960503816604614,0.9877956509590149,0.0,0.8477787971496582,0.24105513095855713,0.0005534673691727221,0.01943410560488701,0.0,0.0,0.3444598913192749,0.05442359298467636,8.544237789465114e-05,1.2764931917190552,0.0,0.0
96,1.965658187866211,0.037890031933784485,20.15374755859375,8.427475929260254,0.4883367717266083,51.210205078125,1.09577214717865,1.0951511859893799,51.75,0.8690454363822937,0.17226636409759521,0.0181569941341877,2.078458070755005,0.0,0.0,0.380398690700531,0.00019214132043998688,0.00633006589487195,0.9907878041267395,0.0,0.0,1.139366865158081,0.3726293742656708,0.021635759621858597,0.4190371036529541,0.021330323070287704,0.80361008644104,0.2756664454936981,0.012220120057463646,0.0008857531356625259,0.47807076573371887,0.9830683469772339,0.0,0.807773232460022,0.2490053027868271,0.0005235169664956629,0.018701253458857536,0.0,0.0,0.3462565839290619,0.05601339414715767,6.281868991209194e-05,1.2891104221343994,0.0,0.0
97,1.9384623765945435,0.2590118944644928,37.339569091796875,4.592842102050781,0.4978790581226349,49.80648422241211,1.1746054887771606,1.1751879453659058,42.2,0.8864378333091736,0.07363361865282059,0.04341410845518112,4.9679670333862305,0.0,0.0,0.344547837972641,0.00013898663746658713,0.0040864720940589905,0.8756155967712402,0.0,0.0,1.071510672569275,0.3942781686782837,0.01802949234843254,0.24661697447299957,0.01511384453624487,0.4502112865447998,0.2837321162223816,0.01483159326016903,0.0007543818792328238,0.5241806507110596,0.9926849603652954,0.0,0.7737430930137634,0.2966017425060272,0.0004948775167576969,0.01781870424747467,0.0,0.0,0.3477235436439514,0.05203820392489433,0.0001384186471113935,1.2566179037094116,0.0,0.0
98,2.0537145137786865,0.7666832208633423,21.40016746520996,8.658150672912598,0.5504376888275146,59.26810836791992,1.1312564611434937,1.131539225578308,22.09,0.8079292178153992,0.008058667182922363,0.08049774169921875,21.875263214111328,0.0,0.0,0.33662649989128113,1.9040322513319552e-05,0.0021665203385055065,0.6451959609985352,0.0,0.0,1.0995088815689087,0.38176751136779785,0.02057037502527237,0.389759361743927,0.02027013897895813,0.7441161274909973,0.2821614146232605,0.015062377788126469,0.0008491826010867953,0.5275459885597229,0.9870109558105469,0.0,0.860264778137207,0.22646503150463104,0.0005640561576001346,0.019804636016488075,0.0,0.0,0.3443433344364166,0.05555950850248337,6.323059642454609e-05,1.2877426147460938,0.0,0.0
99,3.090270757675171,0.20457245409488678,33.85578536987305,3.4734039306640625,0.6337465047836304,51.1214714050293,1.1829371452331543,1.1852004528045654,161.43,0.9223032593727112,0.09385727345943451,0.031203242018818855,4.461493015289307,0.0,0.0,0.3380674421787262,0.0001669912744546309,0.0036882665008306503,0.8988404273986816,0.0,0.0,1.0030641555786133,0.40420371294021606,0.014965949580073357,0.17370133101940155,0.01034652441740036,0.29729580879211426,0.2974868416786194,0.023488646373152733,0.0005037844530306756,0.7103540897369385,0.9934665560722351,0.0,0.8470544219017029,0.2465953826904297,0.000560303742531687,0.0191953144967556,0.0,0.0,0.3437236547470093,0.05667244642972946,8.584379247622564e-05,1.2719471454620361,0.0,0.0
100,2.5510337352752686,0.9721212983131409,10.877532005310059,4.982645034790039,0.6967920660972595,45.45993423461914,0.806153416633606,0.8058831095695496,41.61,0.7089752554893494,0.029099024832248688,0.09191001951694489,37.497806549072266,0.0,0.0,0.36886581778526306,4.158415686106309e-05,0.002243664115667343,0.5820509195327759,0.0,0.0,1.0595855712890625,0.3772810101509094,0.013865474611520767,0.21778175234794617,0.009931541979312897,0.3785276412963867,0.2914198040962219,0.023377802222967148,0.00039858088712207973,0.7915112376213074,0.9808008074760437,0.0,0.9128320813179016,0.20069168508052826,0.0005941003910265863,0.02075093425810337,0.0,0.0,0.3420712947845459,0.053008753806352615,7.108303543645889e-05,1.2830113172531128,0.0,0.0
101,2.8179962635040283,0.9890889525413513,20.03091812133789,7.538905620574951,0.7428163886070251,46.32616424560547,1.165743112564087,1.1669940948486328,91.96,0.7031558156013489,0.034975871443748474,0.08774503320455551,34.500919342041016,0.0,0.0,0.37373796105384827,6.9898807851132e-05,0.002039403421804309,0.5593248009681702,0.0,0.0,0.9838539361953735,0.3897895812988281,0.015142960473895073,0.24563901126384735,0.012445393018424511,0.4480940103530884,0.30135616660118103,0.026607468724250793,0.0005667333025485277,0.7687845230102539,0.9913272857666016,0.0,0.9083288908004761,0.20476502180099487,0.0006028806092217565,0.020571434870362282,0.0,0.0,0.34112632274627686,0.05693437531590462,5.735837476095185e-05,1.2860407829284668,0.0,0.0
102,5.18310546875,0.44820448756217957,42.32917404174805,3.594479560852051,0.49055904150009155,44.210140228271484,1.1017643213272095,1.099636435508728,175.63,1.0095561742782593,0.025591082870960236,0.03258126229047775,9.982666969299316,0.0,0.0,0.2952306866645813,1.0751329000413534e-06,0.0038572335615754128,0.8032968044281006,0.0,0.0,1.0630426406860352,0.34344056248664856,0.01671239547431469,0.20900428295135498,0.013324878178536892,0.371900349855423,0.28370463848114014,0.014486159197986126,0.0006968383095227182,0.5399019718170166,0.9961996674537659,0.0,0.7119727730751038,0.40131086111068726,0.00042456958908587694,0.01594933681190014,0.0,0.0,0.34680432081222534,0.04204309359192848,0.0003486255882307887,1.2061330080032349,0.0,0.0
103,4.7673659324646,0.49366211891174316,21.14258575439453,4.906513690948486,0.6509014368057251,49.14622497558594,1.0599279403686523,1.0592643022537231,59.11,1.0030072927474976,0.018908224999904633,0.038484975695610046,13.947162628173828,0.0,0.0,0.2931714653968811,1.0002727321989369e-06,0.0031740276608616114,0.7570294737815857,0.0,0.0,1.0639153718948364,0.3945927917957306,0.015359184704720974,0.22279345989227295,0.011830910108983517,0.39456847310066223,0.294249027967453,0.022060250863432884,0.0005356116453185678,0.709763765335083,0.9856991171836853,0.0,0.8752251267433167,0.22983218729496002,0.0005806373665109277,0.019897090271115303,0.0,0.0,0.3435158431529999,0.05796440318226814,6.071204552426934e-05,1.286301612854004,0.0,0.0
104,4.413693904876709,0.2806648313999176,38.81550979614258,5.834892749786377,0.4585886597633362,42.025917053222656,1.1389822959899902,1.1397815942764282,61.57,1.029215931892395,0.06898937374353409,0.02393999695777893,5.043167591094971,0.0,0.0,0.30820605158805847,3.932560503017157e-05,0.005615830887109041,0.872669517993927,0.0,0.0,1.1007678508758545,0.334033727645874,0.01955070160329342,0.30066195130348206,0.01838703639805317,0.5688707232475281,0.27919483184814453,0.011711402796208858,0.0009297938086092472,0.45343050360679626,0.9941611289978027,0.0,0.7000283002853394,0.39646393060684204,0.0004173185443505645,0.01583476923406124,0.0,0.0,0.3477402627468109,0.0429120697081089,0.0003144016081932932,1.215714931488037,0.0,0.0
105,3.0104639530181885,0.3346160352230072,28.35724639892578,3.07074236869812,0.569987416267395,41.21332931518555,1.081827998161316,1.0806390047073364,101.7,0.939109206199646,0.050443846732378006,0.04116193205118179,7.619967460632324,0.0,0.0,0.32039883732795715,0.00010008762183133513,0.004075367469340563,0.8358444571495056,0.0,0.0,1.0469337701797485,0.3927680552005768,0.015499674715101719,0.1787489801645279,0.010730146430432796,0.30233126878738403,0.2908884584903717,0.019786760210990906,0.0005189175135456026,0.6502444744110107,0.9885011911392212,0.0,0.8159932494163513,0.2729583978652954,0.000530923658516258,0.018653519451618195,0.0,0.0,0.3461701571941376,0.054186854511499405,0.00010997406207025051,1.2629815340042114,0.0,0.0
106,4.060123920440674,0.30130651593208313,18.5319766998291,2.1146321296691895,0.6043524742126465,59.97470474243164,0.8612333536148071,0.8623790144920349,154.25,0.9728506803512573,0.06283014267683029,0.03083677403628826,7.840428829193115,0.0,0.0,0.3119165897369385,8.794755558483303e-05,0.0036053282674402,0.8510270714759827,0.0,0.0,1.0637911558151245,0.4160737991333008,0.013671333901584148,0.13959650695323944,0.008032725192606449,0.21706178784370422,0.2905689775943756,0.02124391682446003,0.0003554274153430015,0.7340211868286133,0.9818191528320312,0.0,0.8913915157318115,0.220045268535614,0.0005923582939431071,0.020292293280363083,0.0,0.0,0.34466221928596497,0.05766318738460541,6.294689956121147e-05,1.2830760478973389,0.0,0.0
107,1.4439551830291748,0.7430634498596191,13.607206344604492,2.460568428039551,0.5469683408737183,42.498069763183594,0.8108471632003784,0.8108212947845459,3.93,0.7734133005142212,0.003653002204373479,0.09533077478408813,25.478057861328125,0.0,0.0,0.339868426322937,3.30928924086038e-05,0.0034274880308657885,0.6690605282783508,0.0,0.0,1.12425696849823,0.4251663386821747,0.014629204757511616,0.17108236253261566,0.00945727527141571,0.2742878794670105,0.28112125396728516,0.01768447645008564,0.0003800066187977791,0.670194685459137,0.9761152863502502,0.0,0.8853915333747864,0.21700438857078552,0.000581724860239774,0.020474260672926903,0.0,0.0,0.3460060656070709,0.054420266300439835,7.003624341450632e-05,1.284257173538208,0.0,0.0
108,1.8863438367843628,0.28928449749946594,35.775482177734375,2.4515717029571533,0.5761153697967529,40.362850189208984,1.092875599861145,1.0924774408340454,33.35,0.8487332463264465,0.06383834779262543,0.05137962847948074,6.360982894897461,0.0,0.0,0.3439059555530548,0.0001812888658605516,0.003755116369575262,0.8605117201805115,0.0,0.0,0.9984628558158875,0.3667577803134918,0.014700526371598244,0.15280088782310486,0.009477876126766205,0.25017738342285156,0.2928883731365204,0.02061399817466736,0.0004732983943540603,0.6730735898017883,0.9951073527336121,0.0,0.7812208533287048,0.3119329810142517,0.0004915232420898974,0.017639124765992165,0.0,0.0,0.3456709086894989,0.04842327535152435,0.00019086278916802257,1.2340610027313232,0.0,0.0
109,4.3990254402160645,0.5877659916877747,28.66419219970703,2.805708408355713,0.5055295825004578,53.447853088378906,1.0161985158920288,1.0141888856887817,194.99,0.9613325595855713,0.010840886272490025,0.04571891576051712,17.120771408081055,0.0,0.0,0.3054730296134949,9.825832876231289e-07,0.003151222597807646,0.7225978374481201,0.0,0.0,1.105427622795105,0.4463290572166443,0.015888426452875137,0.1847122460603714,0.011226411908864975,0.3111233413219452,0.28415969014167786,0.016516191884875298,0.000540470122359693,0.5897359848022461,0.9852663278579712,0.0,0.8491858839988708,0.23994742333889008,0.0005666274228133261,0.019676968455314636,0.0,0.0,0.3479374945163727,0.05820353701710701,6.873160600662231e-05,1.2831244468688965,0.0,0.0
110,5.465811729431152,0.46440738439559937,26.38703727722168,9.774701118469238,0.42659974098205566,57.50160598754883,1.1035679578781128,1.1030118465423584,45.69,1.0796558856964111,0.036400604993104935,0.026556329801678658,10.753726959228516,0.0,0.0,0.2899254858493805,9.027219789459195e-07,0.0046602110378444195,0.7650449872016907,0.0,0.0,1.2265230417251587,0.35039395093917847,0.023235535249114037,0.4914383292198181,0.024989597499370575,0.9626134037971497,0.26923927664756775,0.008436862379312515,0.0010614523198455572,0.4074573218822479,0.9819564819335938,0.0,0.7957252264022827,0.2651044428348541,0.0005093603977002203,0.018477821722626686,0.0,0.0,0.34766414761543274,0.05447462573647499,7.640729745617136e-05,1.2867695093154907,0.0,0.0
111,3.363571882247925,0.05828225612640381,12.15363883972168,3.7647764682769775,0.5589982867240906,48.31267166137695,0.8067178726196289,0.8067562580108643,5.9,0.9169461131095886,0.18776488304138184,0.014062099158763885,1.8787328004837036,0.0,0.0,0.359057754278183,0.000171094317920506,0.004892015364021063,0.989469051361084,0.0,0.0,1.1462610960006714,0.3899187743663788,0.015960458666086197,0.22798709571361542,0.011284342035651207,0.38847559690475464,0.2811816930770874,0.01705489307641983,0.0004415655566845089,0.6543481349945068,0.9682435393333435,0.0,0.8474534153938293,0.23866277933120728,0.0005442096153274179,0.019343100488185883,0.0,0.0,0.3448040783405304,0.053014110773801804,8.714428986422718e-05,1.2797998189926147,0.0,0.0
112,4.574071407318115,0.2619417905807495,21.9608211517334,2.5969314575195312,0.4892623722553253,77.81048583984375,0.914804995059967,0.9147073030471802,11.67,1.0075019598007202,0.07208023965358734,0.02362486906349659,5.770463943481445,0.0,0.0,0.31170281767845154,7.7278476965148e-05,0.0036632365081459284,0.877839207649231,0.0,0.0,1.117372751235962,0.4165571928024292,0.015680156648159027,0.18579523265361786,0.010724261403083801,0.3094125986099243,0.2803850471973419,0.015232156962156296,0.0004993730690330267,0.5871134400367737,0.9791155457496643,0.0,0.8230177164077759,0.2659153640270233,0.0005305340746417642,0.018753664568066597,0.0,0.0,0.3464578688144684,0.05328216776251793,0.00011565661407075822,1.2643475532531738,0.0,0.0
113,5.007437229156494,0.19336268305778503,44.595123291015625,2.3102071285247803,0.7957559823989868,52.36781692504883,1.145209550857544,1.1494333744049072,320.88,0.9548301696777344,0.099112868309021,0.0196127537637949,5.082348346710205,0.0,0.0,0.31538403034210205,0.00012786936713382602,0.0031187378335744143,0.925650417804718,0.0,0.0,0.9290139079093933,0.318332701921463,0.009861547499895096,0.1044924333691597,0.004467850551009178,0.1536325216293335,0.31015366315841675,0.03478439897298813,0.0001855088339652866,0.9855554699897766,0.9902291893959045,0.0,0.875137984752655,0.2671276032924652,0.0005536955432035029,0.018866686150431633,0.0,0.0,0.33628976345062256,0.04810933768749237,0.000163760720170103,1.2397208213806152,0.0,0.0
114,1.3414814472198486,0.2337540239095688,20.10331916809082,4.569559574127197,0.7442553043365479,49.39604949951172,1.1379281282424927,1.1379538774490356,1.99,0.7959465384483337,0.09091673046350479,0.05685614049434662,5.899724006652832,0.0,0.0,0.3586718738079071,0.00022615151829086244,0.0032452894374728203,0.8819260001182556,0.0,0.0,0.9827912449836731,0.390667200088501,0.013261357322335243,0.17149172723293304,0.008716977201402187,0.29262053966522217,0.30368679761886597,0.029249083250761032,0.0004146139253862202,0.8387295007705688,0.9874892234802246,0.0,0.9154306054115295,0.20097686350345612,0.0006163415382616222,0.020755160599946976,0.0,0.0,0.3416772782802582,0.05842503160238266,4.6068533265497535e-05,1.2908329963684082,0.0,0.0
115,3.4766690731048584,0.6243109703063965,26.02513885498047,3.0953567028045654,0.5836079120635986,40.25319290161133,1.0548752546310425,1.0549267530441284,4.63,0.9084962606430054,0.006680725142359734,0.05689404532313347,18.260751724243164,0.0,0.0,0.3111283481121063,1.604730096005369e-05,0.003269003704190254,0.7015164494514465,0.0,0.0,1.0564615726470947,0.39444810152053833,0.015153463929891586,0.17893627285957336,0.010458780452609062,0.29907429218292236,0.29102998971939087,0.020284997299313545,0.0004960771184414625,0.6683410406112671,0.9851229190826416,0.0,0.8425756096839905,0.25761720538139343,0.0005503398715518415,0.01927918568253517,0.0,0.0,0.3457489609718323,0.05401691421866417,0.00010269838094245642,1.267458200454712,0.0,0.0
116,2.5818190574645996,0.03659658133983612,28.598337173461914,3.579078197479248,0.46652960777282715,56.43044662475586,1.0644670724868774,1.065104603767395,56.23,0.8747445344924927,0.17380958795547485,0.017568839713931084,1.4078761339187622,0.0,0.0,0.3832017183303833,0.00021850339544471353,0.005118153523653746,1.0007922649383545,0.0,0.0,1.1000324487686157,0.4612925052642822,0.0173097625374794,0.22404199838638306,0.01329792756587267,0.3982662856578827,0.2802613377571106,0.014479289762675762,0.0006352112977765501,0.5304334759712219,0.9900171756744385,0.0,0.8232425451278687,0.23681096732616425,0.0005510353948920965,0.01923421211540699,0.0,0.0,0.34925076365470886,0.060904912650585175,5.023751873522997e-05,1.2909533977508545,0.0,0.0
117,1.3275808095932007,0.1972440779209137,23.58308219909668,4.280149936676025,0.4628618359565735,48.53519821166992,1.0442172288894653,1.0444031953811646,17.05,0.8417523503303528,0.095805324614048,0.0446804016828537,3.906942129135132,0.0,0.0,0.36405065655708313,0.00017196217959281057,0.004974508658051491,0.9128842949867249,0.0,0.0,1.1256747245788574,0.4282704293727875,0.01804503984749317,0.2599816620349884,0.014698131009936333,0.46812787652015686,0.27749526500701904,0.013569061644375324,0.0006693253526464105,0.5171461701393127,0.9840784668922424,0.0,0.8213550448417664,0.2432381957769394,0.0005431378958746791,0.01923275738954544,0.0,0.0,0.3489205241203308,0.05786656588315964,5.931876876275055e-05,1.2877596616744995,0.0,0.0
118,2.89709210395813,0.7968754172325134,21.41619300842285,8.71237850189209,0.5908825993537903,40.54872512817383,1.1379342079162598,1.1364415884017944,115.42,0.8399786949157715,0.013120434246957302,0.06650448590517044,23.29804229736328,0.0,0.0,0.33453115820884705,2.602115273475647e-05,0.003423476591706276,0.6263973116874695,0.0,0.0,1.0854941606521606,0.360323041677475,0.019808225333690643,0.36728572845458984,0.019117578864097595,0.6973069906234741,0.28618764877319336,0.016872316598892212,0.0008136046235449612,0.5677093267440796,0.9866905808448792,0.0,0.8388576507568359,0.24585731327533722,0.0005412667524069548,0.01923433132469654,0.0,0.0,0.3441772162914276,0.05334772542119026,8.711015107110143e-05,1.278133749961853,0.0,0.0
119,3.4420483112335205,0.16747356951236725,39.06568908691406,2.6716341972351074,0.6564393639564514,44.9100227355957,1.1596254110336304,1.1576642990112305,146.08,0.9056681394577026,0.10854689031839371,0.0267974641174078,3.7265818119049072,0.0,0.0,0.34087008237838745,0.0001927352714119479,0.0036316371988505125,0.926367461681366,0.0,0.0,0.9662997126579285,0.3513592779636383,0.013618639670312405,0.14380522072315216,0.008415909484028816,0.23360031843185425,0.2998521327972412,0.025101816281676292,0.000412483379477635,0.7650288343429565,0.9941410422325134,0.0,0.7994548678398132,0.3058902621269226,0.0005027942243032157,0.017706699669361115,0.0,0.0,0.34200161695480347,0.04818366840481758,0.0001893194275908172,1.2331572771072388,0.0,0.0
120,1.8716650009155273,0.42429837584495544,13.276061058044434,6.642615795135498,0.7096306085586548,51.069313049316406,0.9957619905471802,0.9942776560783386,149.92,0.8813319802284241,0.03278794884681702,0.0607747845351696,11.092984199523926,0.0,0.0,0.3205162286758423,9.110368409892544e-05,0.003138996660709381,0.7980909943580627,0.0,0.0,1.050642728805542,0.3636723458766937,0.015142829157412052,0.2545759081840515,0.01210043579339981,0.45783767104148865,0.2953087091445923,0.023988252505660057,0.0005122531438246369,0.760448694229126,0.9816256761550903,0.0,0.8864037394523621,0.22282245755195618,0.0005796363111585379,0.020034059882164,0.0,0.0,0.3414701521396637,0.05429743602871895,7.371809624601156e-05,1.2815083265304565,0.0,0.0
121,1.535693883895874,0.4545017182826996,28.616697311401367,2.9518051147460938,0.45595666766166687,50.76551818847656,1.0290828943252563,1.0258203744888306,309.05,0.8617686033248901,0.025746891275048256,0.06804879754781723,11.090255737304688,0.0,0.0,0.33407101035118103,7.792536052875221e-05,0.0036705092061311007,0.7899006605148315,0.0,0.0,1.112735629081726,0.4540022909641266,0.016546543687582016,0.19844986498355865,0.012186397798359394,0.3412109315395355,0.2795523703098297,0.014251329936087132,0.0005917625385336578,0.5375193953514099,0.9885329604148865,0.0,0.8356723785400391,0.2389243096113205,0.0005576457479037344,0.019618671387434006,0.0,0.0,0.3500998616218567,0.05886414647102356,6.324703281279653e-05,1.2849451303482056,0.0,0.0
122,5.250614166259766,0.21732887625694275,39.41458511352539,3.5861504077911377,0.4410392642021179,55.59779357910156,1.0916064977645874,1.0905193090438843,91.33,1.0581423044204712,0.08761841058731079,0.017826197668910027,4.376039505004883,0.0,0.0,0.3110411465167999,5.814704854856245e-05,0.004777739755809307,0.9152246713638306,0.0,0.0,1.1297253370285034,0.42075687646865845,0.017426390200853348,0.22198431193828583,0.01380234770476818,0.3946831524372101,0.27893367409706116,0.012702145613729954,0.0007174680940806866,0.49630871415138245,0.9886149764060974,0.0,0.7699815630912781,0.29869475960731506,0.0004950239672325552,0.01782139018177986,0.0,0.0,0.34980258345603943,0.053854331374168396,0.00012996690929867327,1.2606838941574097,0.0,0.0
123,2.300354480743408,0.6196781992912292,30.783445358276367,7.522326946258545,0.4185613691806793,54.976253509521484,1.140437364578247,1.1414086818695068,74.62,0.9014406800270081,0.012491975910961628,0.06172295659780502,15.271666526794434,0.0,0.0,0.322307825088501,9.285772080147581e-07,0.0035512030590325594,0.7075833082199097,0.0,0.0,1.1745246648788452,0.3976880609989166,0.02164018712937832,0.3944496810436249,0.022004710510373116,0.760582685470581,0.2721862196922302,0.00941383931785822,0.0010160885285586119,0.40507733821868896,0.9871788024902344,0.0,0.8012146949768066,0.2578905522823334,0.0005207960493862629,0.01880864053964615,0.0,0.0,0.34940996766090393,0.05501881241798401,7.779180305078626e-05,1.2846437692642212,0.0,0.0
124,5.084930419921875,0.11638457328081131,23.042367935180664,2.0082545280456543,0.7495959401130676,55.800418853759766,0.9334186911582947,0.9335616230964661,16.4,0.9763911962509155,0.13702157139778137,0.015968576073646545,3.545809030532837,0.0,0.0,0.33300352096557617,0.00016264792066067457,0.0038402117788791656,0.9575250744819641,0.0,0.0,0.9764580726623535,0.40911534428596497,0.010910592041909695,0.0943150669336319,0.004920735489577055,0.13494081795215607,0.3065493702888489,0.0310312882065773,0.00024277999182231724,0.9254807233810425,0.9955336451530457,0.0,0.9588728547096252,0.17874562740325928,0.0006559795583598316,0.02166355587542057,0.0,0.0,0.3428623378276825,0.06319399178028107,2.8323527658358216e-05,1.2991544008255005,0.0,0.0
125,1.7414332628250122,0.04893513768911362,17.540061950683594,5.6179022789001465,0.42142754793167114,45.22532272338867,0.9701474905014038,0.9713349342346191,126.01,0.8523121476173401,0.16928830742835999,0.020955676212906837,1.8355058431625366,0.0,0.0,0.3844895660877228,0.000189774960745126,0.006830053403973579,0.9977981448173523,0.0,0.0,1.1824897527694702,0.3941079080104828,0.019489988684654236,0.3428588807582855,0.017637748271226883,0.6385239958763123,0.2686527669429779,0.01024005189538002,0.0007336513954214752,0.47150060534477234,0.9801052808761597,0.0,0.7970529198646545,0.2569214701652527,0.0005148417549207807,0.01868831180036068,0.0,0.0,0.34878718852996826,0.05492345616221428,6.686792039545253e-05,1.288428544998169,0.0,0.0
126,5.611198425292969,0.7175278067588806,22.138996124267578,8.38000774383545,0.6260768175125122,42.64781951904297,1.1110289096832275,1.1111727952957153,11.65,0.947403073310852,0.007810508832335472,0.04348429664969444,21.640317916870117,0.0,0.0,0.311701238155365,1.6781430076662218e-06,0.0028824748005717993,0.6609891057014465,0.0,0.0,1.085936188697815,0.36149895191192627,0.018459994345903397,0.3389538824558258,0.017313851043581963,0.6388989090919495,0.2895675003528595,0.018558131530880928,0.0007425650837831199,0.615251362323761,0.987000584602356,0.0,0.8426793217658997,0.2473030835390091,0.0005444852286018431,0.01920165680348873,0.0,0.0,0.3434433937072754,0.05396553501486778,8.691861148690805e-05,1.2789413928985596,0.0,0.0
127,1.22199285030365,0.7936025261878967,11.417576789855957,7.8096699714660645,0.6479824781417847,56.2958869934082,0.9403373599052429,0.9402952790260315,4.76,0.7320297360420227,0.0038405137602239847,0.10199993848800659,25.572750091552734,0.0,0.0,0.3438047766685486,3.857476986013353e-05,0.0018044795142486691,0.650901734828949,0.0,0.0,1.0866644382476807,0.3465302288532257,0.017353452742099762,0.3319963216781616,0.015444532968103886,0.6034379601478577,0.28655868768692017,0.01946176402270794,0.0005975140375085175,0.6722154021263123,0.976579487323761,0.0,0.872316300868988,0.23413076996803284,0.0005577420815825462,0.01980842649936676,0.0,0.0,0.3414642810821533,0.048713210970163345,0.00011420808004913852,1.2713736295700073,0.0,0.0
128,5.219815254211426,0.9479182958602905,12.362422943115234,8.12618637084961,0.6702178120613098,48.829444885253906,0.8026927709579468,0.8044745922088623,275.93,0.7884001135826111,0.024173123762011528,0.054180849343538284,34.358489990234375,0.0,0.0,0.3620590567588806,4.8458587116329e-05,0.0016377638094127178,0.5906605124473572,0.0,0.0,1.103272557258606,0.35047009587287903,0.01652292162179947,0.3319900631904602,0.014427938498556614,0.6053549647331238,0.2868998646736145,0.01953788660466671,0.0005447564763016999,0.7045002579689026,0.9749045372009277,0.0,0.9048359990119934,0.20811998844146729,0.0005821898230351508,0.020627999678254128,0.0,0.0,0.34239915013313293,0.05222156643867493,7.225840090541169e-05,1.2857367992401123,0.0,0.0
129,4.172710418701172,0.7656623721122742,26.1283016204834,3.0448899269104004,0.5568097829818726,54.337467193603516,1.0295343399047852,1.0308758020401,126.4,0.8728294968605042,0.00598584208637476,0.05893645063042641,25.271839141845703,0.0,0.0,0.3257722854614258,1.667521360104729e-06,0.00257465080358088,0.6467401385307312,0.0,0.0,1.070176362991333,0.4406569004058838,0.015431206673383713,0.1840187907218933,0.01087198220193386,0.31132933497428894,0.2880050539970398,0.018827956169843674,0.0005072703934274614,0.6412403583526611,0.9877339005470276,0.0,0.8767427206039429,0.22371795773506165,0.0005887193256057799,0.020231209695339203,0.0,0.0,0.3461962044239044,0.05874969810247421,5.8144305512541905e-05,1.2870869636535645,0.0,0.0
130,4.364599227905273,0.5203615427017212,22.92459487915039,4.700164318084717,0.5895600914955139,76.66802978515625,1.0676828622817993,1.0674325227737427,21.97,0.9710230827331543,0.01332971639931202,0.04299427941441536,14.239274024963379,0.0,0.0,0.29856565594673157,2.693970827749581e-06,0.0022854413837194443,0.7537604570388794,0.0,0.0,1.0749056339263916,0.39687079191207886,0.01648557558655739,0.24023903906345367,0.012947584502398968,0.4263113737106323,0.2891623079776764,0.01910623349249363,0.0005869576707482338,0.6376946568489075,0.9818975925445557,0.0,0.8635352253913879,0.23926012217998505,0.0005645680939778686,0.0195433609187603,0.0,0.0,0.3438454866409302,0.054272569715976715,9.631403372623026e-05,1.2720502614974976,0.0,0.0
131,5.093132972717285,0.871536910533905,22.326650619506836,4.006641864776611,0.6998007297515869,62.999935150146484,1.0509703159332275,1.0525686740875244,144.49,0.8331685662269592,0.010910231620073318,0.05756337568163872,31.282085418701172,0.0,0.0,0.3390674591064453,9.632401997805573e-06,0.0019095289753749967,0.6067689657211304,0.0,0.0,1.0036371946334839,0.41088035702705383,0.01351940631866455,0.1741015464067459,0.009199941530823708,0.2957262098789215,0.2990986704826355,0.02573334239423275,0.00042784775723703206,0.7947598099708557,0.9893426299095154,0.0,0.9383545517921448,0.19442114233970642,0.0006319464882835746,0.021251758560538292,0.0,0.0,0.34240803122520447,0.05899422615766525,4.887089380645193e-05,1.2894617319107056,0.0,0.0
132,5.660465717315674,0.7156031131744385,37.906280517578125,5.4309983253479,0.4200544059276581,50.51669692993164,1.1140652894973755,1.1132407188415527,66.49,0.9424397945404053,0.008525953628122807,0.04003405570983887,19.37102699279785,0.0,0.0,0.3187960982322693,9.895278481053538e-07,0.0035760581959038973,0.6824464201927185,0.0,0.0,1.1467583179473877,0.38064512610435486,0.01940847560763359,0.3044176995754242,0.018008429557085037,0.5673941969871521,0.274660587310791,0.010405048727989197,0.0009019861463457346,0.4341549277305603,0.98716801404953,0.0,0.7526722550392151,0.3226129114627838,0.00047112812171690166,0.01743476465344429,0.0,0.0,0.34951913356781006,0.048853661864995956,0.0001837066374719143,1.2497308254241943,0.0,0.0
133,3.778563976287842,0.4494720995426178,22.334285736083984,2.5734012126922607,0.4044156074523926,41.070945739746094,0.8802222609519958,0.8814882636070251,163.16,0.9904181361198425,0.02923676371574402,0.03910214081406593,10.993390083312988,0.0,0.0,0.3082336485385895,1.6053514627856202e-05,0.004592312499880791,0.794579029083252,0.0,0.0,1.1930192708969116,0.4340805411338806,0.01602376066148281,0.19782570004463196,0.011644230224192142,0.33219340443611145,0.2713851034641266,0.011454085819423199,0.000539829081390053,0.5112172961235046,0.9793656468391418,0.0,0.8017679452896118,0.2699364423751831,0.0005215235287323594,0.018834536895155907,0.0,0.0,0.3512754440307617,0.055778514593839645,8.557078399462625e-05,1.2775681018829346,0.0,0.0
134,2.3277792930603027,0.6269978880882263,20.724037170410156,2.4994797706604004,0.6866852641105652,45.57780838012695,0.9884936809539795,0.988839328289032,35.36,0.8405699729919434,0.006411822512745857,0.07592230290174484,20.676998138427734,0.0,0.0,0.3186410665512085,5.219123704591766e-05,0.002913441974669695,0.6946772933006287,0.0,0.0,1.0029526948928833,0.40136831998825073,0.012557044625282288,0.13037900626659393,0.007104229182004929,0.20307616889476776,0.29909124970436096,0.02651607058942318,0.00032982820994220674,0.8235819935798645,0.9891189336776733,0.0,0.9310360550880432,0.20113757252693176,0.0006266838754527271,0.021176140755414963,0.0,0.0,0.3433372676372528,0.05835026875138283,5.2871895604766905e-05,1.2865439653396606,0.0,0.0
135,5.5616841316223145,0.004224769771099091,18.706396102905273,1.9585084915161133,0.4482971727848053,52.18492126464844,0.8094989061355591,0.8076484203338623,283.04,0.9844397306442261,0.19439378380775452,0.007362725213170052,1.4778412580490112,0.0,0.0,0.349293053150177,0.00015268445713445544,0.0057176947593688965,1.0139020681381226,0.0,0.0,1.1495534181594849,0.4445360004901886,0.015114803798496723,0.1643616259098053,0.009765112772583961,0.26262763142585754,0.27542099356651306,0.013441494666039944,0.00042812901665456593,0.5743408799171448,0.978605329990387,0.0,0.8186792731285095,0.25623393058776855,0.0005360119976103306,0.019002100452780724,0.0,0.0,0.34907472133636475,0.057981714606285095,6.570446566911414e-05,1.2842453718185425,0.0,0.0
136,2.666261672973633,0.5456275939941406,12.306398391723633,4.2580952644348145,0.7352314591407776,51.46393585205078,0.857513964176178,0.8568374514579773,92.07,0.8934444189071655,0.011746637523174286,0.062370166182518005,17.507539749145508,0.0,0.0,0.3089698255062103,4.1814382711891085e-05,0.002816655207425356,0.7423165440559387,0.0,0.0,1.0361597537994385,0.3675203025341034,0.012428762391209602,0.17424117028713226,0.008049288764595985,0.2928900420665741,0.2976234555244446,0.02643522433936596,0.0003509291564114392,0.8541742563247681,0.9820759296417236,0.0,0.9134671092033386,0.21023622155189514,0.0005991075886413455,0.020583121106028557,0.0,0.0,0.34147316217422485,0.05423106253147125,7.184701098594815e-05,1.2801854610443115,0.0,0.0
137,5.907172679901123,0.07334786653518677,16.62068748474121,4.473202228546143,0.6769062280654907,40.738059997558594,0.9393932819366455,0.9393956065177917,0.26,1.026150107383728,0.15087249875068665,0.017889143899083138,2.1600894927978516,0.0,0.0,0.32692140340805054,0.00011219278530916199,0.0037669457960873842,0.98774653673172,0.0,0.0,1.0492621660232544,0.38446733355522156,0.014181475155055523,0.20091484487056732,0.010023601353168488,0.3537149429321289,0.29541367292404175,0.02309366501867771,0.0004367739602457732,0.7672958374023438,0.9900897741317749,0.0,0.8657011985778809,0.22509533166885376,0.0005678568268194795,0.01966354250907898,0.0,0.0,0.34402233362197876,0.05842002481222153,5.6981843954417855e-05,1.2869592905044556,0.0,0.0
138,3.395581007003784,0.5603674054145813,15.775899887084961,4.96137809753418,0.6869467496871948,49.27785110473633,0.9749308228492737,0.9724878668785095,257.67,0.923492431640625,0.011302171275019646,0.05351630970835686,17.12005043029785,0.0,0.0,0.3031429946422577,1.4819866009929683e-05,0.0029846380930393934,0.7304289937019348,0.0,0.0,1.0683250427246094,0.3746318817138672,0.014483576640486717,0.2165694385766983,0.010532114654779434,0.3719697892665863,0.2948046922683716,0.023702172562479973,0.00045872226473875344,0.7646464109420776,0.9741683006286621,0.0,0.9093631505966187,0.21542741358280182,0.0006002667942084372,0.020617546513676643,0.0,0.0,0.342494398355484,0.05552871525287628,6.263474642764777e-05,1.285430908203125,0.0,0.0
139,5.082917213439941,0.051145464181900024,23.516860961914062,1.9487552642822266,0.49662110209465027,44.57218933105469,0.8935345411300659,0.8928902745246887,80.75,0.974851667881012,0.16174782812595367,0.012380115687847137,1.9815250635147095,0.0,0.0,0.3451433479785919,0.00015738028741907328,0.004974613897502422,0.9933969378471375,0.0,0.0,1.0990920066833496,0.43673333525657654,0.015050466172397137,0.15168525278568268,0.00933467224240303,0.2389577329158783,0.28301161527633667,0.01653273031115532,0.00043492039549164474,0.6125319004058838,0.9814687371253967,0.0,0.8255578279495239,0.2532190680503845,0.0005449152085930109,0.019129633903503418,0.0,0.0,0.348858505487442,0.05833012983202934,7.021470082690939e-05,1.2797276973724365,0.0,0.0
140,2.2654895782470703,0.9779974222183228,12.606854438781738,6.222317695617676,0.4615859091281891,42.768531799316406,0.847550630569458,0.8459194898605347,227.51,0.7028862237930298,0.029421990737318993,0.08588313311338425,32.27962112426758,0.0,0.0,0.3830930292606354,3.858415220747702e-05,0.003521648235619068,0.5951452851295471,0.0,0.0,1.2008750438690186,0.38152259588241577,0.019121631979942322,0.36886096000671387,0.017638083547353745,0.6873813271522522,0.2668710947036743,0.010408896952867508,0.0006615110905840993,0.5138658881187439,0.9778215289115906,0.0,0.8533148169517517,0.2227928191423416,0.0005465639405883849,0.019953574985265732,0.0,0.0,0.34683337807655334,0.052397556602954865,6.663880776613951e-05,1.2901978492736816,0.0,0.0
141,2.665458917617798,0.5040493607521057,34.5505485534668,2.215106248855591,0.7970008254051208,44.6313591003418,1.0926283597946167,1.0938889980316162,105.47,0.8623000979423523,0.01764857769012451,0.06404712796211243,15.193604469299316,0.0,0.0,0.31128934025764465,9.430927457287908e-05,0.002687000436708331,0.7389787435531616,0.0,0.0,0.9191907644271851,0.33312952518463135,0.009813964366912842,0.09441819787025452,0.004076716490089893,0.13546214997768402,0.31189441680908203,0.03502684831619263,0.0002037501981249079,0.9854786992073059,0.9963815808296204,0.0,0.916814386844635,0.2302229106426239,0.0005979948327876627,0.02017541602253914,0.0,0.0,0.33871716260910034,0.05181720852851868,0.0001123630499932915,1.2567991018295288,0.0,0.0
142,1.5786056518554688,0.023806683719158173,24.641096115112305,6.069860935211182,0.501655101776123,46.074546813964844,1.1271724700927734,1.1284598112106323,101.21,0.8090193867683411,0.1776074767112732,0.02416268177330494,1.4016185998916626,0.0,0.0,0.3985680639743805,0.00024828422465361655,0.006032916717231274,1.0011430978775024,0.0,0.0,1.092780590057373,0.40082117915153503,0.019588369876146317,0.31552234292030334,0.017436303198337555,0.5891854166984558,0.28090518712997437,0.014499579556286335,0.000785596203058958,0.5120794773101807,0.9866986870765686,0.0,0.7970578670501709,0.25797179341316223,0.0005212464602664113,0.018511079251766205,0.0,0.0,0.34733134508132935,0.0565614253282547,7.173251651693135e-05,1.2823611497879028,0.0,0.0
143,2.79787540435791,0.0024844787549227476,12.488960266113281,6.356545448303223,0.4554443359375,57.815364837646484,0.8853288292884827,0.8840940594673157,157.75,0.8991730213165283,0.22032129764556885,0.007793673779815435,1.3241175413131714,0.0,0.0,0.375712126493454,0.00017219441360794008,0.006515357177704573,1.021946907043457,0.0,0.0,1.1977581977844238,0.3502965271472931,0.019566422328352928,0.37839680910110474,0.017911037430167198,0.701438307762146,0.2682346999645233,0.01051098108291626,0.0006831727223470807,0.5053148865699768,0.9735007286071777,0.0,0.7754778861999512,0.2876645624637604,0.0004825411015190184,0.01779012195765972,0.0,0.0,0.34518373012542725,0.04855252057313919,0.0001338863803539425,1.2708826065063477,0.0,0.0
144,3.847622871398926,0.3720613420009613,23.494091033935547,9.670344352722168,0.5718578696250916,55.661869049072266,1.1638686656951904,1.1630628108978271,59.53,1.0319197177886963,0.04911431670188904,0.03143163397908211,8.277750968933105,0.0,0.0,0.3007015287876129,2.737558497756254e-05,0.004251753445714712,0.807270884513855,0.0,0.0,1.1163325309753418,0.36694619059562683,0.021050218492746353,0.4005091190338135,0.020944995805621147,0.7724607586860657,0.2852506637573242,0.01574721559882164,0.0008916253573261201,0.5335929989814758,0.986456036567688,0.0,0.830345869064331,0.24649681150913239,0.000540922163054347,0.018963351845741272,0.0,0.0,0.3439452052116394,0.05625896155834198,6.861024303361773e-05,1.2857561111450195,0.0,0.0
145,4.31614351272583,0.9658909440040588,24.089290618896484,3.820568561553955,0.661983847618103,40.410072326660156,1.0765068531036377,1.0772769451141357,66.4,0.7592233419418335,0.025841010734438896,0.06754250079393387,34.02012252807617,0.0,0.0,0.36570197343826294,5.0028571422444656e-05,0.0022510699927806854,0.5698150992393494,0.0,0.0,1.0085649490356445,0.3899400234222412,0.014340461231768131,0.1820802092552185,0.009826937690377235,0.3091024160385132,0.29651257395744324,0.02402835339307785,0.00046037600259296596,0.7470748424530029,0.987717866897583,0.0,0.879749596118927,0.22667406499385834,0.0005777700571343303,0.02002820372581482,0.0,0.0,0.3434835970401764,0.054832927882671356,8.402918319916353e-05,1.274298906326294,0.0,0.0
146,2.041733741760254,0.15599483251571655,20.27666664123535,6.721481800079346,0.4323786795139313,41.68327331542969,1.0342494249343872,1.0344520807266235,18.94,0.9155267477035522,0.1139097735285759,0.026889022439718246,3.272794008255005,0.0,0.0,0.3527558743953705,0.00012729507579933852,0.006432186346501112,0.9328744411468506,0.0,0.0,1.187059998512268,0.37726345658302307,0.020649002864956856,0.38056784868240356,0.01962961070239544,0.7190039157867432,0.2704375088214874,0.010222426615655422,0.000835625862237066,0.4541202187538147,0.9791603088378906,0.0,0.7947946786880493,0.26306986808776855,0.0005104009760543704,0.01857849955558777,0.0,0.0,0.34882551431655884,0.054711032658815384,7.597893272759393e-05,1.2840158939361572,0.0,0.0
147,2.2226574420928955,0.15820984542369843,18.005970001220703,5.2237420082092285,0.5926381945610046,41.6799430847168,1.0446100234985352,1.0474090576171875,255.82,0.8886591792106628,0.11721204221248627,0.032027170062065125,3.323552131652832,0.0,0.0,0.3535037338733673,0.00017414319154340774,0.004883831366896629,0.9289233088493347,0.0,0.0,1.0877599716186523,0.38675981760025024,0.017065364867448807,0.2602391541004181,0.013612392358481884,0.46644288301467896,0.2876242399215698,0.019028734415769577,0.0005876422510482371,0.6393586993217468,0.9805455207824707,0.0,0.8434194922447205,0.2396247535943985,0.0005516475066542625,0.01933586224913597,0.0,0.0,0.34485405683517456,0.05583097040653229,7.061329233692959e-05,1.2831164598464966,0.0,0.0
148,1.8838123083114624,0.256954163312912,12.759540557861328,7.247156143188477,0.4070344567298889,48.155609130859375,0.877464234828949,0.8777483105659485,36.88,0.9346766471862793,0.08658494800329208,0.034034911543130875,5.079852104187012,0.0,0.0,0.33310404419898987,6.403496081475168e-05,0.005868486128747463,0.887589156627655,0.0,0.0,1.271917462348938,0.35066428780555725,0.02089967578649521,0.43964508175849915,0.020444709807634354,0.8221526741981506,0.26143211126327515,0.007890069857239723,0.0007711935322731733,0.4559255838394165,0.9684736132621765,0.0,0.8045719265937805,0.25953540205955505,0.0005060092080384493,0.018745334818959236,0.0,0.0,0.3470824956893921,0.05010891333222389,9.016889816848561e-05,1.285643458366394,0.0,0.0
149,4.3776092529296875,0.46664732694625854,29.52649688720703,2.7974965572357178,0.4236336052417755,53.67405700683594,0.9772670865058899,0.9765372276306152,76.48,1.0071728229522705,0.026421425864100456,0.03683525696396828,11.760270118713379,0.0,0.0,0.3036305010318756,6.397318884410197e-06,0.003947735298424959,0.7838696837425232,0.0,0.0,1.1617194414138794,0.4553056061267853,0.01651260443031788,0.1990251988172531,0.01212924625724554,0.3391408622264862,0.27614665031433105,0.012620730325579643,0.000601799285504967,0.5107630491256714,0.9827512502670288,0.0,0.8207023739814758,0.2535134553909302,0.0005433987826108932,0.019231721758842468,0.0,0.0,0.3507007956504822,0.05798778682947159,7.290452776942402e-05,1.282098412513733,0.0,0.0
150,4.69884729385376,0.03831784054636955,17.576881408691406,8.710458755493164,0.5357790589332581,51.989627838134766,1.0378069877624512,1.0365725755691528,114.75,1.0025089979171753,0.17368008196353912,0.007588768377900124,2.377690315246582,0.0,0.0,0.33952993154525757,0.00011741358321160078,0.006571704521775246,0.9931896328926086,0.0,0.0,1.1387840509414673,0.3482055962085724,0.02056415006518364,0.4130770266056061,0.02007448673248291,0.7869181036949158,0.2791152000427246,0.013631949201226234,0.0008015572093427181,0.5333033800125122,0.9809296727180481,0.0,0.8185078501701355,0.2538437247276306,0.0005256093572825193,0.018753645941615105,0.0,0.0,0.34492820501327515,0.055193353444337845,7.016713061602786e-05,1.286250352859497,0.0,0.0
151,4.578641891479492,0.09948281943798065,14.989548683166504,8.0335054397583,0.6970583200454712,48.06103515625,1.0098679065704346,1.0064854621887207,332.78,1.0003024339675903,0.14391936361789703,0.01574717089533806,2.8375115394592285,0.0,0.0,0.33135607838630676,0.00011985279707005247,0.004876791499555111,0.9727756977081299,0.0,0.0,1.0693961381912231,0.35891973972320557,0.016404036432504654,0.29708874225616455,0.014009605161845684,0.545870304107666,0.29504042863845825,0.022501027211546898,0.0005822372040711343,0.7224380373954773,0.9813860654830933,0.0,0.8604254722595215,0.23194365203380585,0.0005605989135801792,0.01947217993438244,0.0,0.0,0.3424329459667206,0.056241437792778015,6.418849079636857e-05,1.286630392074585,0.0,0.0
152,4.124802112579346,0.12672658264636993,25.304052352905273,7.843456268310547,0.5754144191741943,47.78865432739258,1.1744340658187866,1.17538583278656,68.95,1.0024975538253784,0.12454299628734589,0.016315411776304245,2.8932268619537354,0.0,0.0,0.33104512095451355,0.00011260387691436335,0.0057292417623102665,0.9386822581291199,0.0,0.0,1.0872918367385864,0.37572017312049866,0.019853172823786736,0.3411443531513214,0.018428798764944077,0.6442615985870361,0.28782767057418823,0.017062325030565262,0.0008234710549004376,0.554786741733551,0.985137939453125,0.0,0.8104866147041321,0.2612406015396118,0.0005261022015474737,0.018490714952349663,0.0,0.0,0.34457075595855713,0.055927976965904236,8.151025394909084e-05,1.278457760810852,0.0,0.0
153,4.37991189956665,0.9597994089126587,24.777252197265625,2.7932887077331543,0.6881819367408752,64.99447631835938,1.032692790031433,1.0312455892562866,135.89,0.7515882849693298,0.02442808821797371,0.0719836875796318,36.0684928894043,0.0,0.0,0.36282289028167725,3.220871076337062e-05,0.0014635336119681597,0.5757336020469666,0.0,0.0,0.9798555970191956,0.4330091178417206,0.012919764965772629,0.13873592019081116,0.007623762357980013,0.22256900370121002,0.299797385931015,0.02661329321563244,0.0003565535007510334,0.8127396702766418,0.9920182824134827,0.0,0.9668780565261841,0.17724458873271942,0.0006590905832126737,0.02196233719587326,0.0,0.0,0.34286463260650635,0.06056298688054085,4.02194527850952e-05,1.2929232120513916,0.0,0.0
154,5.337184429168701,0.6654785871505737,17.683670043945312,3.2850453853607178,0.49508795142173767,46.2825813293457,0.8374159336090088,0.8378952741622925,68.31,0.9431605339050293,0.005421658977866173,0.04352475702762604,21.14929962158203,0.0,0.0,0.3078259229660034,9.350812888442306e-07,0.0029783593490719795,0.6869269609451294,0.0,0.0,1.1782011985778809,0.41306227445602417,0.015875859186053276,0.2228432446718216,0.01175734307616949,0.3765305280685425,0.2763686180114746,0.014136246405541897,0.0004936303594149649,0.58879554271698,0.9712297916412354,0.0,0.8597687482833862,0.23888106644153595,0.0005604246980510652,0.0199158675968647,0.0,0.0,0.34726864099502563,0.05482606217265129,7.29590974515304e-05,1.2844843864440918,0.0,0.0
155,2.2357699871063232,0.7316449880599976,26.550771713256836,3.885263204574585,0.6218072772026062,57.36532211303711,1.1345938444137573,1.1333503723144531,96.7,0.805677056312561,0.0043241605162620544,0.08515234291553497,23.771154403686523,0.0,0.0,0.33105722069740295,3.192621807102114e-05,0.002063354244455695,0.653636634349823,0.0,0.0,1.02237868309021,0.43623635172843933,0.015384429134428501,0.19442351162433624,0.011165978386998177,0.33752840757369995,0.29449793696403503,0.02231106162071228,0.0005189889343455434,0.690833330154419,0.9914159178733826,0.0,0.9256846308708191,0.19605115056037903,0.000627495173830539,0.021201903000473976,0.0,0.0,0.3442491888999939,0.05996403843164444,4.580531458486803e-05,1.2917934656143188,0.0,0.0
156,2.0612001419067383,0.6736486554145813,18.87481117248535,1.6980419158935547,0.7595347166061401,40.305973052978516,0.8524656295776367,0.8534694314002991,137.97,0.8077350854873657,0.004014462232589722,0.08658229559659958,24.161785125732422,0.0,0.0,0.32204669713974,6.31302609690465e-05,0.002870370401069522,0.6734700798988342,0.0,0.0,0.9675204157829285,0.3770246207714081,0.009954328648746014,0.08315010368824005,0.0038823806680738926,0.10961338132619858,0.3050670921802521,0.03161230310797691,0.00019357782730367035,0.9575237035751343,0.9954314231872559,0.0,0.9681175947189331,0.18471412360668182,0.0006504601333290339,0.02189168706536293,0.0,0.0,0.34219709038734436,0.056957509368658066,5.3668532927986234e-05,1.285188913345337,0.0,0.0
157,1.8025732040405273,0.38213643431663513,21.635826110839844,5.115673542022705,0.6117076873779297,45.74406051635742,1.1169030666351318,1.1175992488861084,55.77,0.8801662921905518,0.039954688400030136,0.05729014426469803,8.659771919250488,0.0,0.0,0.32800549268722534,0.00010965132969431579,0.003931714687496424,0.8067806959152222,0.0,0.0,1.0490132570266724,0.39412227272987366,0.01661689020693302,0.2422926127910614,0.013346063904464245,0.4370667636394501,0.29126599431037903,0.020350217819213867,0.0006040045991539955,0.6533950567245483,0.9883794188499451,0.0,0.8600004315376282,0.23387108743190765,0.0005696892621926963,0.019699184224009514,0.0,0.0,0.3443654179573059,0.05734521523118019,6.313435733318329e-05,1.2839088439941406,0.0,0.0
158,1.6405714750289917,0.770289421081543,33.812957763671875,1.669435977935791,0.5606676936149597,43.11618423461914,1.0037375688552856,1.0049141645431519,116.65,0.7407376766204834,0.004239226225763559,0.09822367876768112,23.89800262451172,0.0,0.0,0.345599502325058,6.128208769951016e-05,0.002698465483263135,0.6491965055465698,0.0,0.0,1.0073031187057495,0.4002717435359955,0.01404025312513113,0.12708915770053864,0.00809445884078741,0.19130173325538635,0.29207122325897217,0.020750010386109352,0.00039875571383163333,0.6840061545372009,0.9911371469497681,0.0,0.8338562846183777,0.2673289179801941,0.000542828522156924,0.01915537379682064,0.0,0.0,0.3470057249069214,0.0520460419356823,0.000130589134641923,1.2545158863067627,0.0,0.0
159,2.0065157413482666,0.8413870930671692,17.75690269470215,6.3432936668396,0.5163564682006836,51.51050567626953,1.0156272649765015,1.0175416469573975,185.24,0.7614549994468689,0.010354852303862572,0.08659160882234573,25.554048538208008,0.0,0.0,0.3508416712284088,1.9429191524977796e-05,0.002941975835710764,0.6274487972259521,0.0,0.0,1.1274946928024292,0.3911214768886566,0.018948020413517952,0.3370320200920105,0.017294272780418396,0.623468279838562,0.2775442898273468,0.013976125977933407,0.0007138007204048336,0.5408017635345459,0.9815096259117126,0.0,0.8606420159339905,0.22746603190898895,0.0005626693018712103,0.019960178062319756,0.0,0.0,0.3456692397594452,0.05492912977933884,6.343697168631479e-05,1.2879055738449097,0.0,0.0
160,2.192260503768921,0.41432973742485046,25.582773208618164,7.221502780914307,0.4309459626674652,44.50270462036133,1.099470615386963,1.0989704132080078,41.4,0.9468047022819519,0.03818340227007866,0.04610030725598335,8.538853645324707,0.0,0.0,0.31959906220436096,3.41150225722231e-05,0.005162476096302271,0.7973983883857727,0.0,0.0,1.1804691553115845,0.3785914480686188,0.021228229627013206,0.3893294930458069,0.02099486067891121,0.7417671084403992,0.2722039818763733,0.010060008615255356,0.0009391954517923295,0.429884672164917,0.982714831829071,0.0,0.7895107865333557,0.2711258828639984,0.0005068429745733738,0.01844795048236847,0.0,0.0,0.34909987449645996,0.054134536534547806,8.886064460966736e-05,1.2786749601364136,0.0,0.0
161,2.3420023918151855,0.3278513550758362,27.2036075592041,9.463929176330566,0.5221317410469055,58.319557189941406,1.1990333795547485,1.1995556354522705,36.31,0.9626227617263794,0.05852416902780533,0.04028312489390373,6.604901313781738,0.0,0.0,0.3216003179550171,6.798183312639594e-05,0.004059707745909691,0.8251632452011108,0.0,0.0,1.1237255334854126,0.3815111219882965,0.02217366173863411,0.4137318432331085,0.02246502973139286,0.8041309714317322,0.281551718711853,0.013671896420419216,0.000987025909125805,0.4745825231075287,0.9877550601959229,0.0,0.8246156573295593,0.24305929243564606,0.0005390789010562003,0.01898593083024025,0.0,0.0,0.3452903628349304,0.05652271583676338,6.408371700672433e-05,1.2879031896591187,0.0,0.0
162,2.9578144550323486,0.40127018094062805,34.849571228027344,2.110813617706299,0.4293896555900574,45.34550094604492,0.9829649329185486,0.9799096584320068,317.19,0.9408090114593506,0.03599510341882706,0.044905588030815125,9.366910934448242,0.0,0.0,0.3208874762058258,6.160343036754057e-05,0.004155091475695372,0.8246007561683655,0.0,0.0,1.1140633821487427,0.4203413128852844,0.01569429785013199,0.16165047883987427,0.010543350130319595,0.26246657967567444,0.2788529694080353,0.013452720828354359,0.0005555381649173796,0.5308265089988708,0.9871736764907837,0.0,0.7710341215133667,0.30444207787513733,0.0004959198995493352,0.017987597733736038,0.0,0.0,0.3515065014362335,0.05269095301628113,0.00014170072972774506,1.254153847694397,0.0,0.0
163,2.9880104064941406,0.967248260974884,20.10584831237793,7.663815498352051,0.7199497222900391,52.49409866333008,1.1569924354553223,1.1581041812896729,82.97,0.719351053237915,0.029317710548639297,0.08442937582731247,33.47785186767578,0.0,0.0,0.36844292283058167,6.002673035254702e-05,0.001745961606502533,0.5694722533226013,0.0,0.0,0.9938687682151794,0.3952690064907074,0.015860725194215775,0.26313266158103943,0.01340898871421814,0.48266077041625977,0.29909226298332214,0.02509559504687786,0.000596541678532958,0.7370795607566833,0.9902482628822327,0.0,0.9141773581504822,0.2016448676586151,0.000608700152952224,0.02072591707110405,0.0,0.0,0.3413831889629364,0.0576237216591835,5.293397407513112e-05,1.2880644798278809,0.0,0.0
164,3.486842632293701,0.03423609584569931,25.619449615478516,4.637141704559326,0.671168863773346,47.8311882019043,1.1753036975860596,1.1755424737930298,17.28,0.8920137286186218,0.17719118297100067,0.015323957428336143,1.2203772068023682,0.0,0.0,0.3690992295742035,0.00022816515411250293,0.0049047009088099,0.9969351291656494,0.0,0.0,0.9982634782791138,0.3986437916755676,0.015288691967725754,0.19908227026462555,0.011103981174528599,0.3505465090274811,0.299283504486084,0.024734722450375557,0.0005269594257697463,0.7314661145210266,0.9900733232498169,0.0,0.8552107810974121,0.23333457112312317,0.0005695360014215112,0.01939518377184868,0.0,0.0,0.3432232439517975,0.05878710001707077,6.130490510258824e-05,1.282932162284851,0.0,0.0
165,4.580491065979004,0.36795347929000854,40.60435485839844,5.844435691833496,0.4652698040008545,51.930355072021484,1.1805304288864136,1.1801725625991821,25.69,1.03110933303833,0.04659895971417427,0.02719024382531643,7.530946731567383,0.0,0.0,0.2992928922176361,6.495288289443124e-06,0.004453886300325394,0.8279040455818176,0.0,0.0,1.1178252696990967,0.36515647172927856,0.01956803910434246,0.29907146096229553,0.018217481672763824,0.5612438321113586,0.27960512042045593,0.012058463878929615,0.0009199735941365361,0.46016091108322144,0.9893118739128113,0.0,0.7416020035743713,0.34059444069862366,0.00045972655061632395,0.016937602311372757,0.0,0.0,0.34749680757522583,0.047846123576164246,0.00020608253544196486,1.2417830228805542,0.0,0.0
166,2.266972780227661,0.9251944422721863,26.55238914489746,3.0878427028656006,0.42545440793037415,46.73973083496094,0.9852141737937927,0.9867992997169495,163.04,0.7116578817367554,0.017542297020554543,0.09168750792741776,29.211341857910156,0.0,0.0,0.37597429752349854,3.7220921512926e-05,0.0034160101786255836,0.6132940053939819,0.0,0.0,1.1220130920410156,0.4534916281700134,0.016819894313812256,0.212637260556221,0.012765927240252495,0.36646223068237305,0.2752196788787842,0.012631353922188282,0.0006072446121834219,0.5092198252677917,0.9857068061828613,0.0,0.8349003791809082,0.23630563914775848,0.0005530088674277067,0.019744226709008217,0.0,0.0,0.35102468729019165,0.0572069026529789,6.859419227112085e-05,1.283041000366211,0.0,0.0
167,5.197524070739746,0.3867768943309784,30.527061462402344,4.930199146270752,0.5518321394920349,43.67675018310547,1.1399195194244385,1.14149808883667,121.31,1.0399508476257324,0.0382915697991848,0.030493518337607384,8.689498901367188,0.0,0.0,0.29411521553993225,1.2296732165850699e-05,0.00412436667829752,0.8112382888793945,0.0,0.0,1.081789255142212,0.3786155581474304,0.017584016546607018,0.2506520748138428,0.01455408614128828,0.45459771156311035,0.2881288230419159,0.017297912389039993,0.0007001326302997768,0.5778210163116455,0.9872703552246094,0.0,0.7913177609443665,0.29385003447532654,0.0005060581606812775,0.018005812540650368,0.0,0.0,0.345704048871994,0.05246441438794136,0.00013342204329092056,1.2583385705947876,0.0,0.0
168,2.7225375175476074,0.3105379045009613,33.75196838378906,2.852134943008423,0.6610179543495178,46.95395278930664,1.1541872024536133,1.1514893770217896,202.99,0.901789128780365,0.05803428217768669,0.044484980404376984,7.444814205169678,0.0,0.0,0.3272591531276703,0.00014494883362203836,0.0032767176162451506,0.8411614298820496,0.0,0.0,0.9822308421134949,0.38383838534355164,0.01377242524176836,0.1474418193101883,0.008616957813501358,0.24158425629138947,0.30023643374443054,0.02551116980612278,0.0004209619655739516,0.765657901763916,0.9935251474380493,0.0,0.848716676235199,0.25524041056632996,0.0005563953891396523,0.01911189965903759,0.0,0.0,0.34295135736465454,0.05446259677410126,0.00010523184755584225,1.2626047134399414,0.0,0.0
169,2.4534058570861816,0.3358565866947174,29.609272003173828,7.752325057983398,0.5014683604240417,47.566612243652344,1.1856107711791992,1.186640977859497,73.23,0.9579408764839172,0.05542970076203346,0.039690762758255005,6.541992664337158,0.0,0.0,0.32148274779319763,6.533505074912682e-05,0.004931185394525528,0.8246750235557556,0.0,0.0,1.1184123754501343,0.3744586706161499,0.021126292645931244,0.3656611144542694,0.020604204386472702,0.6990188360214233,0.2811144292354584,0.013324197381734848,0.0009495100821368396,0.47120213508605957,0.9869204163551331,0.0,0.7878429889678955,0.27840903401374817,0.0005056011723354459,0.018151789903640747,0.0,0.0,0.3465927243232727,0.0533132441341877,0.00010593976912787184,1.2709628343582153,0.0,0.0
170,4.716347694396973,0.16888004541397095,26.727062225341797,7.449713706970215,0.6177160739898682,40.55571746826172,1.1987535953521729,1.1990423202514648,20.09,1.0201135873794556,0.10364756733179092,0.020384004339575768,3.533245325088501,0.0,0.0,0.3176727592945099,8.86773705133237e-05,0.005364646203815937,0.9196996688842773,0.0,0.0,1.0515307188034058,0.3541324734687805,0.018591556698083878,0.3031887114048004,0.01678798347711563,0.5686119794845581,0.2928543984889984,0.019397089257836342,0.0007767595234327018,0.6033903956413269,0.98865807056427,0.0,0.7915554642677307,0.28950169682502747,0.0005043589044362307,0.017880205065011978,0.0,0.0,0.3435061275959015,0.05231795087456703,0.00012400503328535706,1.2613774538040161,0.0,0.0
171,4.6320013999938965,0.9178975224494934,43.540245056152344,2.552370548248291,0.6383069753646851,45.17142868041992,1.1311962604522705,1.1321519613265991,74.62,0.7740750908851624,0.019480783492326736,0.06183796375989914,29.113452911376953,0.0,0.0,0.3502725064754486,2.3791129933670163e-05,0.0018622922943904996,0.5989758968353271,0.0,0.0,0.9462515115737915,0.332681804895401,0.013644368387758732,0.14554567635059357,0.008551235310733318,0.23727531731128693,0.2977515161037445,0.023628493770956993,0.00041633061482571065,0.7471163272857666,0.9983717799186707,0.0,0.7907958626747131,0.3290292024612427,0.0004770189116243273,0.017323775216937065,0.0,0.0,0.34106406569480896,0.04183569550514221,0.0003027645288966596,1.207285761833191,0.0,0.0
172,4.635166645050049,0.7778319716453552,23.638246536254883,8.836847305297852,0.40245696902275085,79.95439147949219,1.0464701652526855,1.0478757619857788,128.18,0.8851170539855957,0.006995641626417637,0.04814034700393677,20.5516300201416,0.0,0.0,0.3288637101650238,9.664727258495986e-07,0.0018999043386429548,0.6580882668495178,0.0,0.0,1.1900237798690796,0.33330363035202026,0.022080274298787117,0.4790530502796173,0.023776192218065262,0.9347904324531555,0.2652328312397003,0.007630077190697193,0.0009998924797400832,0.40611138939857483,0.9842494130134583,0.0,0.7855701446533203,0.2870062291622162,0.0004889678093604743,0.018102629110217094,0.0,0.0,0.34656721353530884,0.04842386394739151,0.00014597039262298495,1.2641017436981201,0.0,0.0
173,5.112712860107422,0.9988710284233093,20.038806915283203,3.8450381755828857,0.6159608364105225,52.654720306396484,0.9604196548461914,0.9628775119781494,265.78,0.7413859367370605,0.0302549060434103,0.061085667461156845,36.02952194213867,0.0,0.0,0.3784402310848236,5.623005927191116e-05,0.0018856236711144447,0.5642074942588806,0.0,0.0,1.046529769897461,0.41746973991394043,0.014962703920900822,0.2033393830060959,0.010746156796813011,0.3492715656757355,0.2893705666065216,0.02055582031607628,0.0004699664714280516,0.6998845338821411,0.9846544861793518,0.0,0.9068595767021179,0.20504780113697052,0.0006031954544596374,0.02080347388982773,0.0,0.0,0.34427857398986816,0.057796042412519455,5.382781819207594e-05,1.2882332801818848,0.0,0.0
174,3.1658613681793213,0.8140110969543457,23.777687072753906,3.494452714920044,0.4195994436740875,50.534812927246094,0.9575992822647095,0.9601033329963684,272.36,0.8192099928855896,0.00836848746985197,0.0692354366183281,25.308927536010742,0.0,0.0,0.3452564477920532,4.839745542994933e-06,0.0033956498373299837,0.6456789374351501,0.0,0.0,1.1639803647994995,0.44698089361190796,0.017119113355875015,0.23806069791316986,0.01360921747982502,0.4171868562698364,0.27253419160842896,0.011688045226037502,0.0006247581331990659,0.4992219805717468,0.9813774824142456,0.0,0.8376995325088501,0.23840011656284332,0.0005538167315535247,0.019733961671590805,0.0,0.0,0.3501570522785187,0.057127587497234344,6.253732863115147e-05,1.287365198135376,0.0,0.0
175,3.92269229888916,0.5601306557655334,17.16269302368164,4.891639709472656,0.560481071472168,40.10639190673828,0.949120819568634,0.9493688344955444,27.52,0.9730554223060608,0.01298276986926794,0.04516824707388878,15.925066947937012,0.0,0.0,0.3012337386608124,9.523421340418281e-07,0.00342843821272254,0.731559157371521,0.0,0.0,1.1433426141738892,0.387118399143219,0.01675829105079174,0.2656717598438263,0.01363979559391737,0.47491252422332764,0.28259924054145813,0.01659158617258072,0.000572115124668926,0.6173328757286072,0.9792815446853638,0.0,0.8434460163116455,0.2453005611896515,0.0005474674399010837,0.019392477348446846,0.0,0.0,0.345591276884079,0.05454786494374275,7.815256685717031e-05,1.282599925994873,0.0,0.0
176,2.006150245666504,0.46666303277015686,17.35032844543457,1.9250918626785278,0.5676440596580505,41.62057113647461,0.8487750887870789,0.8487071394920349,9.43,0.8794472813606262,0.02587851509451866,0.06411399692296982,13.221757888793945,0.0,0.0,0.3231094181537628,7.984519470483065e-05,0.003689790843054652,0.7772465944290161,0.0,0.0,1.091016173362732,0.42568689584732056,0.014030213467776775,0.13993369042873383,0.008191535249352455,0.21441137790679932,0.286496102809906,0.01979706436395645,0.00035258723073638976,0.7003927826881409,0.9795360565185547,0.0,0.877042829990387,0.2234802544116974,0.0005814135656692088,0.020200295373797417,0.0,0.0,0.34630855917930603,0.05701370909810066,6.414621020667255e-05,1.2834687232971191,0.0,0.0
177,5.844661235809326,0.2582710087299347,32.5386962890625,3.291912317276001,0.5151257514953613,59.731319427490234,1.074958324432373,1.0755629539489746,52.3,1.0757850408554077,0.07425742596387863,0.021109582856297493,5.779251575469971,0.0,0.0,0.30104753375053406,4.769305814988911e-05,0.0042901053093373775,0.8810339570045471,0.0,0.0,1.103100061416626,0.44988662004470825,0.016550492495298386,0.19918037950992584,0.012149919755756855,0.34773728251457214,0.286065012216568,0.016787085682153702,0.0005964016891084611,0.5816159844398499,0.9891720414161682,0.0,0.8414803147315979,0.23885834217071533,0.0005615957197733223,0.019414734095335007,0.0,0.0,0.3475971817970276,0.06000397726893425,6.150273111416027e-05,1.285707712173462,0.0,0.0
178,4.371848106384277,0.7065361738204956,35.624935150146484,3.4600844383239746,0.6202945113182068,50.405548095703125,1.168634057044983,1.1693228483200073,50.41,0.8976953029632568,0.00504702515900135,0.05370228365063667,22.28460121154785,0.0,0.0,0.3126150071620941,1.0768238780656247e-06,0.0024993561673909426,0.6675117611885071,0.0,0.0,1.0116498470306396,0.39224573969841003,0.015016675926744938,0.17734350264072418,0.010687765665352345,0.3024236857891083,0.2961020767688751,0.0223756842315197,0.0005244632484391332,0.6932843327522278,0.9923589825630188,0.0,0.8423938751220703,0.262804239988327,0.0005494346260093153,0.019049471244215965,0.0,0.0,0.3435260057449341,0.05283740162849426,0.00012153137504355982,1.2613906860351562,0.0,0.0
179,2.5840861797332764,0.8233679533004761,16.02494239807129,3.9136693477630615,0.5766676068305969,55.56259536743164,0.9253557920455933,0.9251083731651306,28.9,0.7813313007354736,0.0069313617423176765,0.08199764788150787,27.042510986328125,0.0,0.0,0.34182173013687134,1.3210698853072245e-05,0.002539179753512144,0.6317116022109985,0.0,0.0,1.082201361656189,0.3983514904975891,0.015511599369347095,0.22081728279590607,0.011763534508645535,0.3847697377204895,0.2842876613140106,0.017999034374952316,0.0004930926952511072,0.6583899259567261,0.9846410751342773,0.0,0.8717300295829773,0.23124969005584717,0.000572565128095448,0.020007288083434105,0.0,0.0,0.34426790475845337,0.054469093680381775,7.519752398366109e-05,1.2808126211166382,0.0,0.0
180,5.5886616706848145,0.07460596412420273,43.71835708618164,1.6572551727294922,0.560268223285675,56.64948654174805,1.0333763360977173,1.034550666809082,109.84,0.9939113259315491,0.15430939197540283,0.010435853153467178,2.280272960662842,0.0,0.0,0.3356979489326477,0.0001512900198576972,0.00387668889015913,1.0031845569610596,0.0,0.0,1.035274863243103,0.4133036434650421,0.014197885058820248,0.1299789696931839,0.008060531690716743,0.19925980269908905,0.29131999611854553,0.02043974958360195,0.0003964935604017228,0.6845356225967407,0.9879427552223206,0.0,0.8082038164138794,0.2808922529220581,0.0005225197528488934,0.018271472305059433,0.0,0.0,0.34581685066223145,0.053503599017858505,0.00013459217734634876,1.2537791728973389,0.0,0.0
181,5.836730003356934,0.7045900225639343,14.814157485961914,5.811016082763672,0.7922733426094055,59.35239028930664,0.8721044659614563,0.8729527592658997,111.43,0.8704141974449158,1.0620269677019678e-06,0.04699712619185448,27.38916778564453,0.0,0.0,0.30373913049697876,1.0437859145895345e-06,0.002014520578086376,0.6844541430473328,0.0,0.0,1.0203495025634766,0.35463008284568787,0.011430840939283371,0.18946443498134613,0.008303842507302761,0.31583184003829956,0.30282294750213623,0.028698984533548355,0.0003847763582598418,0.8943524956703186,0.9779226183891296,0.0,0.9592795968055725,0.20945192873477936,0.0006335477228276432,0.021634623408317566,0.0,0.0,0.3412013053894043,0.05313723534345627,7.238402758957818e-05,1.2821483612060547,0.0,0.0
182,2.155080795288086,0.39038923382759094,15.506718635559082,2.8667685985565186,0.7172829508781433,49.97254943847656,0.9146664142608643,0.9137091636657715,114.54,0.8719826340675354,0.04116005823016167,0.058779362589120865,11.399547576904297,0.0,0.0,0.3238913416862488,0.00011991643259534612,0.0031639060471206903,0.8082767724990845,0.0,0.0,1.015204906463623,0.3893830180168152,0.012111206538975239,0.1345377117395401,0.0066985501907765865,0.21226702630519867,0.29919493198394775,0.02743849903345108,0.00030121469171717763,0.8619908690452576,0.9848095774650574,0.0,0.931363582611084,0.1955944448709488,0.0006218459457159042,0.021080683916807175,0.0,0.0,0.34239351749420166,0.057220712304115295,5.368724305299111e-05,1.2870203256607056,0.0,0.0
183,1.757112979888916,0.2629605531692505,15.507444381713867,6.993957042694092,0.6349536776542664,47.07155990600586,1.0471478700637817,1.0461291074752808,93.0,0.8839699625968933,0.07644906640052795,0.04548162966966629,5.4981770515441895,0.0,0.0,0.33916643261909485,0.0001419589389115572,0.004262937698513269,0.873396098613739,0.0,0.0,1.0711240768432617,0.3689703643321991,0.017437048256397247,0.30111637711524963,0.015092317946255207,0.557023823261261,0.28934434056282043,0.019843868911266327,0.0006305272108875215,0.6575274467468262,0.9844580888748169,0.0,0.8553854823112488,0.23374272882938385,0.0005592168308794498,0.01952115260064602,0.0,0.0,0.3430514633655548,0.055322080850601196,6.684204709017649e-05,1.2852098941802979,0.0,0.0
184,2.239650249481201,0.9966529011726379,18.749706268310547,8.849519729614258,0.4690592288970947,46.92179870605469,1.0396308898925781,1.038615107536316,94.07,0.683163046836853,0.03470524773001671,0.08530998975038528,30.02427101135254,0.0,0.0,0.39049777388572693,6.431752990465611e-05,0.003209782298654318,0.5762249827384949,0.0,0.0,1.150181770324707,0.3690837025642395,0.021822260692715645,0.45218825340270996,0.022431999444961548,0.8725481033325195,0.2706685960292816,0.010485404171049595,0.000890759692993015,0.4654606282711029,0.985003650188446,0.0,0.848538339138031,0.22187021374702454,0.000549501390196383,0.019860446453094482,0.0,0.0,0.3469371199607849,0.054965242743492126,5.381838127505034e-05,1.2930277585983276,0.0,0.0
185,4.604891777038574,0.4802491366863251,25.8520450592041,6.1432037353515625,0.5737829208374023,43.24747085571289,1.1324067115783691,1.1330339908599854,48.89,1.0120658874511719,0.02356870472431183,0.03671508654952049,11.90390682220459,0.0,0.0,0.2950628101825714,1.001229520625202e-06,0.003841172670945525,0.7614309787750244,0.0,0.0,1.0937224626541138,0.37594687938690186,0.01818496361374855,0.28949713706970215,0.01593645289540291,0.5346282720565796,0.2879999577999115,0.01750386692583561,0.0007291737711057067,0.5828381180763245,0.9857152104377747,0.0,0.8122996687889099,0.2713329493999481,0.0005246863584034145,0.018541069701313972,0.0,0.0,0.34496092796325684,0.0536559522151947,0.00010452557762619108,1.2708666324615479,0.0,0.0
186,5.360119342803955,0.822500467300415,40.42131423950195,6.010961532592773,0.490651935338974,48.58531951904297,1.1853221654891968,1.1852011680603027,8.61,0.8744919300079346,0.012354251928627491,0.04572334885597229,22.92156410217285,0.0,0.0,0.3364768326282501,1.1961428754148073e-05,0.0031815236434340477,0.6357020139694214,0.0,0.0,1.0781612396240234,0.353211373090744,0.019443893805146217,0.297625869512558,0.018064018338918686,0.5586528778076172,0.2818213999271393,0.013291817158460617,0.0008985609747469425,0.4806799292564392,0.9919214248657227,0.0,0.7454959750175476,0.3432038724422455,0.00045529010822065175,0.016923941671848297,0.0,0.0,0.3461471498012543,0.044924717396497726,0.0002506720193196088,1.23073148727417,0.0,0.0
187,5.368546485900879,0.5869969129562378,23.326154708862305,7.888209342956543,0.4251757264137268,41.54036331176758,1.0303820371627808,1.0326001644134521,208.48,1.0112285614013672,0.018209509551525116,0.03433382138609886,14.811969757080078,0.0,0.0,0.30032113194465637,9.057704914994247e-07,0.004457756411284208,0.7178095579147339,0.0,0.0,1.2223612070083618,0.3521102964878082,0.021345630288124084,0.4322682321071625,0.021699227392673492,0.8273194432258606,0.26850152015686035,0.008861010894179344,0.0009179609478451312,0.4317280948162079,0.9785724878311157,0.0,0.7898280620574951,0.27703362703323364,0.000499613699503243,0.018408697098493576,0.0,0.0,0.34873443841934204,0.052251335233449936,9.978345042327419e-05,1.2781404256820679,0.0,0.0
188,4.781664848327637,0.6162175536155701,26.692848205566406,9.74740219116211,0.5707504153251648,47.72541809082031,1.188024640083313,1.1898574829101562,129.66,0.9883051514625549,0.01682555489242077,0.03984227776527405,16.28940773010254,0.0,0.0,0.3012946844100952,1.0013621931648231e-06,0.0037233433686196804,0.6944820880889893,0.0,0.0,1.100560188293457,0.3569464385509491,0.021033938974142075,0.3962671160697937,0.02135743945837021,0.7657416462898254,0.2857688367366791,0.015536583960056305,0.0009332242188975215,0.5242660045623779,0.9888726472854614,0.0,0.8118436932563782,0.2671361565589905,0.0005218598525971174,0.01850777119398117,0.0,0.0,0.3440290093421936,0.053546808660030365,9.957515430869535e-05,1.274512767791748,0.0,0.0
189,5.815485954284668,0.9914935231208801,19.218557357788086,3.532264232635498,0.6117300391197205,54.7907600402832,0.9054264426231384,0.9020955562591553,407.81,0.7521620988845825,0.0275092925876379,0.05562349781394005,35.87165451049805,0.0,0.0,0.37764281034469604,5.797545600216836e-05,0.0017039530212059617,0.5667476058006287,0.0,0.0,1.052632451057434,0.41714411973953247,0.014606695622205734,0.19456902146339417,0.010238710790872574,0.3304431736469269,0.2882569134235382,0.02014091983437538,0.0004433284921105951,0.7060171961784363,0.9842061996459961,0.0,0.9055693745613098,0.20661590993404388,0.0006004283204674721,0.020767271518707275,0.0,0.0,0.3443523049354553,0.057385530322790146,5.629946826957166e-05,1.287278413772583,0.0,0.0
190,2.8094427585601807,0.3690539002418518,13.107797622680664,9.30158805847168,0.5741721391677856,47.99082565307617,0.9508760571479797,0.9513307809829712,50.27,0.977033257484436,0.05238446220755577,0.03758499398827553,8.555550575256348,0.0,0.0,0.30848902463912964,3.9257753087440506e-05,0.004289640113711357,0.8224060535430908,0.0,0.0,1.1673442125320435,0.33341893553733826,0.02010112628340721,0.4210696518421173,0.019510341808199883,0.7928714752197266,0.2792387008666992,0.014756608754396439,0.000736793561372906,0.5765272974967957,0.975483775138855,0.0,0.8429195880889893,0.24362729489803314,0.0005374582833610475,0.01925835758447647,0.0,0.0,0.3434543013572693,0.05201321467757225,8.396004704991356e-05,1.2837824821472168,0.0,0.0
191,5.758121967315674,0.08066870272159576,13.782278060913086,6.9013285636901855,0.7436803579330444,49.28925323486328,0.9097679257392883,0.9111217260360718,163.32,1.0234359502792358,0.15005254745483398,0.016605181619524956,2.5621724128723145,0.0,0.0,0.3254428505897522,0.00010644514986779541,0.004374764394015074,0.9937310218811035,0.0,0.0,1.0557700395584106,0.36146852374076843,0.014160423539578915,0.24213747680187225,0.010882293805480003,0.4320206642150879,0.29924383759498596,0.025405719876289368,0.0004654785443563014,0.8082990050315857,0.9795353412628174,0.0,0.8842980861663818,0.21890558302402496,0.0005782873486168683,0.019964275881648064,0.0,0.0,0.3424157202243805,0.057128194719552994,5.657257133862004e-05,1.2889480590820312,0.0,0.0
192,5.002945899963379,0.9494953751564026,25.90348243713379,2.071739673614502,0.6914854049682617,72.87367248535156,0.9696030616760254,0.9716078639030457,212.81,0.7670526504516602,0.02118757553398609,0.06613526493310928,36.420326232910156,0.0,0.0,0.35927778482437134,2.5524692318867892e-05,0.0011595129035413265,0.5840129852294922,0.0,0.0,0.9743565320968628,0.43670588731765747,0.012185370549559593,0.11437660455703735,0.006367082707583904,0.17100951075553894,0.3006700873374939,0.027474626898765564,0.00030042792786844075,0.8405240178108215,0.9914806485176086,0.0,0.9735979437828064,0.17654277384281158,0.000664988998323679,0.022078407928347588,0.0,0.0,0.342995285987854,0.060566533356904984,4.248584809829481e-05,1.2911044359207153,0.0,0.0
193,5.739192008972168,0.5329418182373047,33.57676315307617,3.0109691619873047,0.48471859097480774,47.553138732910156,1.0453546047210693,1.0421569347381592,293.52,1.0095446109771729,0.014495332725346088,0.03639328107237816,14.234175682067871,0.0,0.0,0.29656752943992615,1.0109607728736592e-06,0.0033783058170229197,0.7539973855018616,0.0,0.0,1.106431007385254,0.4119196832180023,0.016294138506054878,0.19472575187683105,0.012026750482618809,0.3332661986351013,0.28300386667251587,0.015247927978634834,0.0006050869706086814,0.5569409728050232,0.986947238445282,0.0,0.7905200123786926,0.293227881193161,0.0005099207628518343,0.018207401037216187,0.0,0.0,0.34846481680870056,0.053050898015499115,0.00013332089292816818,1.2591845989227295,0.0,0.0
194,4.780601501464844,0.09575178474187851,22.910900115966797,5.01494836807251,0.5289347767829895,47.0806770324707,1.0568130016326904,1.0593658685684204,228.03,1.0101759433746338,0.13580039143562317,0.013393698260188103,2.224153995513916,0.0,0.0,0.3327804505825043,0.00011774471204262227,0.0055349054746329784,0.9621486663818359,0.0,0.0,1.1107735633850098,0.40135282278060913,0.017891189083456993,0.27173760533332825,0.014789016917347908,0.4939109683036804,0.2836131453514099,0.0158877931535244,0.0006615467136725783,0.5676206350326538,0.9832268357276917,0.0,0.815830647945404,0.25661012530326843,0.0005335473688319325,0.018780361860990524,0.0,0.0,0.34664586186408997,0.05758051946759224,6.95440176059492e-05,1.2826597690582275,0.0,0.0
195,1.31803297996521,0.14092722535133362,22.755531311035156,6.340103626251221,0.41723358631134033,43.731204986572266,1.0579320192337036,1.0580874681472778,13.89,0.8564532399177551,0.11790688335895538,0.03406030312180519,2.9497673511505127,0.0,0.0,0.37025880813598633,0.00016225982108153403,0.006377100013196468,0.9428941011428833,0.0,0.0,1.172606110572815,0.39103373885154724,0.02054613269865513,0.36392611265182495,0.01941942796111107,0.6855353116989136,0.270450234413147,0.010038983076810837,0.0008565823081880808,0.43990039825439453,0.9816281199455261,0.0,0.7892661690711975,0.26311272382736206,0.0005103865987621248,0.018556218594312668,0.0,0.0,0.34976357221603394,0.0553617849946022,7.26150392438285e-05,1.284578561782837,0.0,0.0
196,1.2286673784255981,0.6085047125816345,16.966745376586914,1.9074995517730713,0.43604689836502075,43.07643508911133,0.8063899278640747,0.8065038919448853,17.52,0.8090189695358276,0.00834997370839119,0.08583705127239227,17.622337341308594,0.0,0.0,0.3368597626686096,4.1417733882553875e-05,0.0042652226984500885,0.734375,0.0,0.0,1.177346110343933,0.4536497890949249,0.015133913606405258,0.16295750439167023,0.00984722375869751,0.25459524989128113,0.2727178931236267,0.013306130655109882,0.0004226778110023588,0.5678694844245911,0.9746524095535278,0.0,0.8530529141426086,0.23310822248458862,0.0005627124919556081,0.020051395520567894,0.0,0.0,0.34979861974716187,0.055885497480630875,6.60666628391482e-05,1.2862749099731445,0.0,0.0
197,3.9388041496276855,0.3372603952884674,36.09040451049805,2.218625068664551,0.6681310534477234,57.373382568359375,1.1046861410140991,1.1047314405441284,3.71,0.9730839133262634,0.05138349533081055,0.03521466627717018,9.192056655883789,0.0,0.0,0.31021732091903687,9.107425285037607e-05,0.0027184670325368643,0.8342124819755554,0.0,0.0,1.0008491277694702,0.42106881737709045,0.013071042485535145,0.12781719863414764,0.007334013469517231,0.1993505358695984,0.3010939061641693,0.026798473671078682,0.00034658258664421737,0.7982983589172363,0.9912528991699219,0.0,0.905937671661377,0.21416029334068298,0.0006112667033448815,0.02046820893883705,0.0,0.0,0.3430136442184448,0.05957433581352234,6.063446562620811e-05,1.283090353012085,0.0,0.0
198,2.6091272830963135,0.2364884316921234,37.89778137207031,6.825000286102295,0.4574545919895172,55.144046783447266,1.1977442502975464,1.198612928390503,60.51,0.9550305604934692,0.08318304270505905,0.030499763786792755,4.1636528968811035,0.0,0.0,0.33362600207328796,9.132898412644863e-05,0.004702878650277853,0.8832753300666809,0.0,0.0,1.1186161041259766,0.3871818482875824,0.02070266380906105,0.3374044895172119,0.02015572413802147,0.648446261882782,0.27800115942955017,0.011310329660773277,0.0009897383861243725,0.43591538071632385,0.9922165274620056,0.0,0.7686907649040222,0.2927306294441223,0.0004903259687125683,0.017789684236049652,0.0,0.0,0.34817081689834595,0.05261765420436859,0.00012305770360399038,1.2653582096099854,0.0,0.0
199,3.4477458000183105,0.22673828899860382,24.0089168548584,7.872189998626709,0.606404721736908,46.27742004394531,1.1788495779037476,1.1767113208770752,154.15,0.9825782775878906,0.08602560311555862,0.026755372062325478,4.6703925132751465,0.0,0.0,0.3217412233352661,9.489236254012212e-05,0.0050039938651025295,0.8828182816505432,0.0,0.0,1.0762890577316284,0.3723909556865692,0.019222820177674294,0.3278234899044037,0.01757114753127098,0.6124429702758789,0.290406197309494,0.018711596727371216,0.0007846610387787223,0.5887547135353088,0.9831953048706055,0.0,0.8268709182739258,0.2543949484825134,0.0005379176582209766,0.018822334706783295,0.0,0.0,0.3437754511833191,0.05545836314558983,8.060103573370725e-05,1.2784885168075562,0.0,0.0
200,2.1325953006744385,0.6653519868850708,21.34925079345703,5.768990993499756,0.7731372714042664,48.4281005859375,1.1832051277160645,1.183621883392334,29.76,0.8224136233329773,0.00531114311888814,0.08087991178035736,21.10390853881836,0.0,0.0,0.31999921798706055,5.0826547521864995e-05,0.0026950170285999775,0.6743324398994446,0.0,0.0,0.9709026217460632,0.38478970527648926,0.013058352284133434,0.18634672462940216,0.009545624256134033,0.3242413103580475,0.30601635575294495,0.02990097366273403,0.0004695954849012196,0.8447723984718323,0.9901233315467834,0.0,0.9345255494117737,0.20333459973335266,0.0006277653737924993,0.02104906179010868,0.0,0.0,0.3406718075275421,0.0581248477101326,5.098484689369798e-05,1.2874187231063843,0.0,0.0
201,2.9967353343963623,0.3058680593967438,15.811200141906738,7.114370346069336,0.5049688816070557,41.1248893737793,0.96950364112854,0.9684506058692932,112.15,0.9876531958580017,0.0654844343662262,0.03143196552991867,6.42073392868042,0.0,0.0,0.31434372067451477,4.938961865263991e-05,0.005080254748463631,0.8525310754776001,0.0,0.0,1.1914160251617432,0.3606571853160858,0.019793501123785973,0.3778967559337616,0.018400490283966064,0.703346848487854,0.27492162585258484,0.012683706358075142,0.0007362246396951377,0.5267844200134277,0.9739342331886292,0.0,0.8277245759963989,0.24967290461063385,0.0005299999611452222,0.01911216787993908,0.0,0.0,0.3461308479309082,0.053693998605012894,7.588563312310725e-05,1.2851930856704712,0.0,0.0
202,5.9200119972229,0.8747401833534241,23.724720001220703,2.130192279815674,0.525428056716919,59.74457931518555,0.8802335262298584,0.8797703981399536,59.8,0.8362776637077332,0.010908473283052444,0.051201269030570984,29.766565322875977,0.0,0.0,0.348497599363327,2.3822785806260072e-05,0.002195386914536357,0.6091035008430481,0.0,0.0,1.0847831964492798,0.45823851227760315,0.014643977396190166,0.15584896504878998,0.00940040871500969,0.24965700507164001,0.28351694345474243,0.01727115362882614,0.0004329232906457037,0.6391129493713379,0.9856584668159485,0.0,0.8911141157150269,0.21318282186985016,0.000595930265262723,0.020599542185664177,0.0,0.0,0.3469240069389343,0.058663349598646164,5.698839595424943e-05,1.2870374917984009,0.0,0.0
203,1.505851149559021,0.6768568754196167,18.69877052307129,3.582857370376587,0.4405258297920227,49.43516540527344,0.9326463341712952,0.9327096939086914,7.28,0.7821014523506165,0.006994566880166531,0.08894506096839905,26.814571380615234,0.0,0.0,0.3365614712238312,1.421080651198281e-05,0.003146897070109844,0.7007708549499512,0.0,0.0,1.2032225131988525,0.43056783080101013,0.01731300912797451,0.24105152487754822,0.013211731798946857,0.42736437916755676,0.2725473940372467,0.012342352420091629,0.0005602103774435818,0.5248817801475525,0.9804670214653015,0.0,0.867929995059967,0.2156762033700943,0.0005650153616443276,0.02044566348195076,0.0,0.0,0.3488348722457886,0.05217946320772171,7.396183355012909e-05,1.2885993719100952,0.0,0.0
204,4.873183727264404,0.8419599533081055,17.382770538330078,4.2716593742370605,0.7461752891540527,46.53898239135742,0.9530268311500549,0.9535062909126282,52.76,0.8495948910713196,0.006779023911803961,0.05746901035308838,31.912694931030273,0.0,0.0,0.32976245880126953,1.932831992235151e-06,0.0019967220723628998,0.6168466806411743,0.0,0.0,1.0148826837539673,0.38381919264793396,0.012141011655330658,0.16690859198570251,0.007912344299256802,0.2803701162338257,0.3005515933036804,0.027505582198500633,0.0003674036415759474,0.8613123297691345,0.9875208735466003,0.0,0.9313698410987854,0.20033442974090576,0.0006206949474290013,0.021115999668836594,0.0,0.0,0.3420005440711975,0.05688190087676048,5.183254324947484e-05,1.2896021604537964,0.0,0.0
205,5.299773216247559,0.24168504774570465,37.916866302490234,1.986096739768982,0.7272953987121582,52.960693359375,1.0807090997695923,1.0780740976333618,226.16,1.0002750158309937,0.07894844561815262,0.023019688203930855,6.543490886688232,0.0,0.0,0.3071085512638092,9.549807145958766e-05,0.0031646275892853737,0.8937735557556152,0.0,0.0,0.9710617661476135,0.3790557086467743,0.011653454042971134,0.10739229619503021,0.005655758548527956,0.158090278506279,0.3064091205596924,0.030718035995960236,0.0002655717544257641,0.8886622190475464,0.9889750480651855,0.0,0.8981894850730896,0.23001018166542053,0.0005940890987403691,0.01994723454117775,0.0,0.0,0.34082216024398804,0.05583438277244568,8.997827535495162e-05,1.268341302871704,0.0,0.0
206,3.191587209701538,0.4432247579097748,19.743793487548828,8.351040840148926,0.6091374158859253,58.975433349609375,1.1151727437973022,1.1141927242279053,78.87,0.9670572876930237,0.03071732260286808,0.043363962322473526,10.395567893981934,0.0,0.0,0.30458128452301025,3.102590562775731e-05,0.0034016964491456747,0.7799397110939026,0.0,0.0,1.086556077003479,0.36970195174217224,0.01905675232410431,0.34979692101478577,0.01785367541015148,0.6605299115180969,0.28798675537109375,0.017974194139242172,0.0007541092927567661,0.5970337390899658,0.9848793148994446,0.0,0.861218273639679,0.23333056271076202,0.0005631035310216248,0.019584091380238533,0.0,0.0,0.34304019808769226,0.055762745440006256,6.87856154399924e-05,1.284214735031128,0.0,0.0
207,4.020392417907715,0.17949070036411285,13.739272117614746,7.091588020324707,0.5720200538635254,44.455596923828125,0.9157395362854004,0.918753981590271,358.29,1.0099539756774902,0.11060284078121185,0.01909014768898487,3.984654188156128,0.0,0.0,0.3195980191230774,7.861838821554556e-05,0.004945312160998583,0.9200353026390076,0.0,0.0,1.1690481901168823,0.35533949732780457,0.018591830506920815,0.35002610087394714,0.016363661736249924,0.6386639475822449,0.2809848189353943,0.01575971208512783,0.0006401581922546029,0.6011931300163269,0.9696435928344727,0.0,0.846280574798584,0.2411607801914215,0.0005419930093921721,0.019336067140102386,0.0,0.0,0.3443877696990967,0.05351157858967781,7.686835306230932e-05,1.2848420143127441,0.0,0.0
208,4.197330951690674,0.8443983793258667,24.533597946166992,5.281774044036865,0.6293174624443054,44.64408493041992,1.1233774423599243,1.1248598098754883,117.31,0.8382225632667542,0.011315626092255116,0.06057772412896156,27.227357864379883,0.0,0.0,0.33732181787490845,1.810699723137077e-05,0.002709653228521347,0.6109625101089478,0.0,0.0,1.036271572113037,0.3917432725429535,0.016292162239551544,0.24007217586040497,0.013126006349921227,0.43157657980918884,0.293016254901886,0.021062761545181274,0.0006030244985595345,0.667296826839447,0.988553524017334,0.0,0.8681586384773254,0.2329794317483902,0.0005707984091714025,0.01980944722890854,0.0,0.0,0.3437812328338623,0.05573984608054161,7.742156594758853e-05,1.2780780792236328,0.0,0.0
209,5.569274425506592,0.8954461812973022,25.49272918701172,2.9029440879821777,0.6615310907363892,71.0343246459961,1.026506781578064,1.018850326538086,732.07,0.8228304982185364,0.01261439360678196,0.05590774118900299,32.74591827392578,0.0,0.0,0.34639984369277954,1.4980554624344222e-05,0.0015619462355971336,0.6024402976036072,0.0,0.0,1.0019978284835815,0.4337311387062073,0.013490603305399418,0.1501791775226593,0.00850242655724287,0.24612970650196075,0.2972395122051239,0.02456880919635296,0.0003994183789473027,0.7734758853912354,0.9924987554550171,0.0,0.9343396425247192,0.19395405054092407,0.0006325284484773874,0.02124202623963356,0.0,0.0,0.3434043526649475,0.05984475091099739,4.8974176024785265e-05,1.2890616655349731,0.0,0.0
210,1.7289960384368896,0.47685056924819946,22.38517189025879,8.218700408935547,0.580905556678772,59.19609451293945,1.166077733039856,1.1673933267593384,96.64,0.8909720182418823,0.024043163284659386,0.06399388611316681,10.99917984008789,0.0,0.0,0.32133665680885315,5.936255547567271e-05,0.0028457902371883392,0.7607768774032593,0.0,0.0,1.0839873552322388,0.38965266942977905,0.019828494638204575,0.3539145886898041,0.018851205706596375,0.6749367117881775,0.28659501671791077,0.017083153128623962,0.0008145406027324498,0.5586315393447876,0.989069938659668,0.0,0.8565674424171448,0.2287353277206421,0.0005650388775393367,0.019620448350906372,0.0,0.0,0.3438303768634796,0.057129815220832825,5.9248413890600204e-05,1.2883963584899902,0.0,0.0
211,4.290579319000244,0.0993199273943901,28.838211059570312,1.7454047203063965,0.5793733596801758,50.03700256347656,0.9673752188682556,0.9726722836494446,562.96,0.951995313167572,0.14042481780052185,0.01659921556711197,2.7821381092071533,0.0,0.0,0.3458400368690491,0.0001811385591281578,0.00417977524921298,0.9645764827728271,0.0,0.0,1.0384405851364136,0.44015488028526306,0.014177404344081879,0.1268633008003235,0.007922138087451458,0.1926107555627823,0.2930065393447876,0.021710703149437904,0.0003802848805207759,0.7038628458976746,0.9861864447593689,0.0,0.8603994250297546,0.2313922494649887,0.0005777861806564033,0.019721386954188347,0.0,0.0,0.34655943512916565,0.06012605503201485,6.179786578286439e-05,1.28190016746521,0.0,0.0
212,4.157653331756592,0.4109403192996979,21.508834838867188,2.827625036239624,0.7679704427719116,44.73624038696289,1.0004249811172485,1.0007994174957275,37.4,0.9693682789802551,0.03143443912267685,0.04036930575966835,12.191024780273438,0.0,0.0,0.2993701696395874,5.4129239288158715e-05,0.0030447698663920164,0.7970479130744934,0.0,0.0,0.9793333411216736,0.3757825493812561,0.010828111320734024,0.1135300025343895,0.005557176191359758,0.17396847903728485,0.30658453702926636,0.031156398355960846,0.0002842716930899769,0.9267079830169678,0.9922088980674744,0.0,0.93855220079422,0.20100422203540802,0.0006308443262241781,0.021137641742825508,0.0,0.0,0.3418278396129608,0.05878404527902603,4.952613016939722e-05,1.2874841690063477,0.0,0.0
213,1.4226438999176025,0.6894358992576599,17.278865814208984,9.16940689086914,0.6121326088905334,40.04153823852539,1.1088976860046387,1.1082167625427246,55.41,0.8175565600395203,0.009935198351740837,0.08147797733545303,19.25155258178711,0.0,0.0,0.32948756217956543,4.1152219637297094e-05,0.0035219425335526466,0.6715261936187744,0.0,0.0,1.096617341041565,0.3564015030860901,0.019642069935798645,0.37641236186027527,0.01890147663652897,0.7070555686950684,0.28641965985298157,0.017730072140693665,0.0007754825055599213,0.5944919586181641,0.9822600483894348,0.0,0.8621969223022461,0.23144622147083282,0.0005587573396041989,0.019776802510023117,0.0,0.0,0.3436366021633148,0.05329223349690437,7.536785415140912e-05,1.28376042842865,0.0,0.0
214,3.016806125640869,0.23106040060520172,21.033214569091797,1.8650676012039185,0.7377310991287231,41.66886901855469,0.9128584861755371,0.9118409752845764,122.24,0.8971717357635498,0.08881351351737976,0.03719419986009598,6.428958415985107,0.0,0.0,0.33487093448638916,0.00017808866687119007,0.003264827188104391,0.8877074122428894,0.0,0.0,0.971653938293457,0.38305801153182983,0.01083655096590519,0.09439405798912048,0.004813606850802898,0.1322086602449417,0.30458706617355347,0.03035723976790905,0.00023662435705773532,0.9164640307426453,0.9929094910621643,0.0,0.9216617345809937,0.20497681200504303,0.0006189633859321475,0.020837046205997467,0.0,0.0,0.34275540709495544,0.05863543972373009,5.361443982110359e-05,1.2844828367233276,0.0,0.0
215,3.3723835945129395,0.8755640387535095,25.395931243896484,5.127437114715576,0.7034264206886292,42.292232513427734,1.1790244579315186,1.1786619424819946,26.09,0.7927705645561218,0.015171719714999199,0.07391297817230225,29.50119972229004,0.0,0.0,0.3435538113117218,3.1767020118422806e-05,0.002631488488987088,0.5938618183135986,0.0,0.0,0.9898964166641235,0.3800894021987915,0.014669328927993774,0.20154601335525513,0.010928943753242493,0.3539898991584778,0.30089864134788513,0.02596176788210869,0.0005246733198873699,0.7604864835739136,0.9899648427963257,0.0,0.8808748722076416,0.23011817038059235,0.0005787161062471569,0.019895685836672783,0.0,0.0,0.34191757440567017,0.05471900478005409,8.607108611613512e-05,1.2729605436325073,0.0,0.0
216,5.982441425323486,0.9833360910415649,26.65081214904785,2.6270036697387695,0.6711335778236389,58.956031799316406,1.0137795209884644,1.0159931182861328,214.91,0.7661237120628357,0.027815887704491615,0.056047216057777405,36.23904037475586,0.0,0.0,0.3715444803237915,4.9755315558286384e-05,0.0015513637335970998,0.568432092666626,0.0,0.0,0.9868324398994446,0.4392026662826538,0.013100405223667622,0.13822194933891296,0.007790407631546259,0.22134047746658325,0.29836785793304443,0.025550048798322678,0.00036801662645302713,0.7944375276565552,0.9929933547973633,0.0,0.9503688216209412,0.18361817300319672,0.0006459046271629632,0.02165253274142742,0.0,0.0,0.343464732170105,0.06098516657948494,4.092858944204636e-05,1.2932204008102417,0.0,0.0
217,5.4109344482421875,0.6836630702018738,34.43964385986328,4.794128894805908,0.43870577216148376,41.2093391418457,1.0772442817687988,1.076952338218689,25.16,0.9534278512001038,0.006881823297590017,0.04156104102730751,18.24302864074707,0.0,0.0,0.31446656584739685,9.99323219730286e-07,0.0037670102901756763,0.6930299401283264,0.0,0.0,1.1364521980285645,0.3687441945075989,0.018584396690130234,0.27755194902420044,0.016354136168956757,0.5094733834266663,0.27683180570602417,0.011724750511348248,0.0008091514464467764,0.4661683142185211,0.9877592921257019,0.0,0.7356481552124023,0.34599995613098145,0.0004535229818429798,0.016937123611569405,0.0,0.0,0.3493005037307739,0.04660036787390709,0.00023004939430393279,1.2377341985702515,0.0,0.0
218,5.213603973388672,0.7906385064125061,35.595863342285156,1.741613507270813,0.5171777606010437,45.17836380004883,0.9718512296676636,0.9752976298332214,363.6,0.8643638491630554,0.00433329725638032,0.05216271057724953,24.714771270751953,0.0,0.0,0.3303011357784271,1.2352097655821126e-05,0.002443575533106923,0.6525622606277466,0.0,0.0,1.0478678941726685,0.4057587683200836,0.014536659233272076,0.13697943091392517,0.008862785995006561,0.21038265526294708,0.28732797503471375,0.018035322427749634,0.00045340927317738533,0.6295545697212219,0.9877368211746216,0.0,0.8092595338821411,0.28949084877967834,0.0005192458629608154,0.018545502796769142,0.0,0.0,0.3477095067501068,0.05068036913871765,0.0001579797826707363,1.247641921043396,0.0,0.0
219,5.986732482910156,0.5249642133712769,20.834827423095703,8.403706550598145,0.5313235521316528,40.828285217285156,1.0368350744247437,1.0365949869155884,22.34,1.0443909168243408,0.020607084035873413,0.03424903005361557,13.317736625671387,0.0,0.0,0.2906179130077362,9.449511253478704e-07,0.0038385565858334303,0.742658793926239,0.0,0.0,1.1632177829742432,0.3481626510620117,0.02014157548546791,0.40062078833580017,0.019910641014575958,0.7649432420730591,0.2787611484527588,0.013268274255096912,0.0008202990866266191,0.5254323482513428,0.9834757447242737,0.0,0.8099946975708008,0.2652430534362793,0.0005170142976567149,0.018630677834153175,0.0,0.0,0.34575143456459045,0.05354173108935356,8.919608080759645e-05,1.28016197681427,0.0,0.0
220,4.9045729637146,0.7973748445510864,11.83238410949707,9.70497989654541,0.5744581818580627,44.899505615234375,0.8013975620269775,0.8027396202087402,208.62,0.8990099430084229,0.01225942000746727,0.04569714888930321,26.08072853088379,0.0,0.0,0.32726094126701355,1.4312749954115134e-05,0.0026075178757309914,0.6411527991294861,0.0,0.0,1.1974083185195923,0.3273884654045105,0.019719531759619713,0.447727233171463,0.01938510499894619,0.8367426991462708,0.27552637457847595,0.013624828308820724,0.000682503858115524,0.5899966955184937,0.9715440273284912,0.0,0.8738461136817932,0.22260057926177979,0.000554193276911974,0.020051611587405205,0.0,0.0,0.3437732756137848,0.05153213068842888,7.375717541435733e-05,1.2886906862258911,0.0,0.0
221,2.701002597808838,0.6885777115821838,24.058012008666992,2.9401438236236572,0.5986000895500183,58.60395431518555,1.0385934114456177,1.03678560256958,167.89,0.8449056148529053,0.004171891137957573,0.07451922446489334,22.07501983642578,0.0,0.0,0.32333141565322876,2.336278703296557e-05,0.0023266482166945934,0.6749292612075806,0.0,0.0,1.041427493095398,0.4404670298099518,0.014700409956276417,0.16969580948352814,0.009896205738186836,0.28321418166160583,0.2918134033679962,0.021272510290145874,0.00045477820094674826,0.6944218277931213,0.989765465259552,0.0,0.9144282937049866,0.20396573841571808,0.0006196644972078502,0.020997092127799988,0.0,0.0,0.3449750542640686,0.060011595487594604,4.683742736233398e-05,1.2911407947540283,0.0,0.0
222,2.5615386962890625,0.39635923504829407,20.085128784179688,8.83367919921875,0.49923649430274963,59.77323913574219,1.0835318565368652,1.084716558456421,100.8,0.965004026889801,0.04179615527391434,0.0422789603471756,8.263994216918945,0.0,0.0,0.31252384185791016,3.41318518621847e-05,0.003921066410839558,0.8029001951217651,0.0,0.0,1.1575695276260376,0.3600420653820038,0.021458202973008156,0.4289453327655792,0.02166343666613102,0.8277361989021301,0.2759033441543579,0.012136156670749187,0.0008923786226660013,0.48446425795555115,0.9837841391563416,0.0,0.8231297135353088,0.25045549869537354,0.000531465862877667,0.018948860466480255,0.0,0.0,0.3451923429965973,0.0547327846288681,7.292613008758053e-05,1.285428762435913,0.0,0.0
223,5.267034530639648,0.4817277491092682,15.214138984680176,9.373370170593262,0.7800031304359436,51.25290298461914,1.0013710260391235,1.0010651350021362,30.51,1.0110067129135132,0.021018004044890404,0.037437837570905685,14.611367225646973,0.0,0.0,0.2883557081222534,9.70299083746795e-07,0.002921030856668949,0.7830314636230469,0.0,0.0,1.05087149143219,0.3572811484336853,0.014336004853248596,0.27043598890304565,0.012090454809367657,0.4872969686985016,0.30190202593803406,0.026696568354964256,0.0005203785258345306,0.8105931282043457,0.9784793853759766,0.0,0.8987209796905518,0.22017590701580048,0.000589915260206908,0.020235298201441765,0.0,0.0,0.34121841192245483,0.05565063655376434,6.284269329626113e-05,1.2870031595230103,0.0,0.0
224,3.6453776359558105,0.8383862972259521,16.977977752685547,7.975614070892334,0.7332683205604553,47.112667083740234,1.0744354724884033,1.0747534036636353,27.53,0.8333155512809753,0.01169340405613184,0.065679632127285,28.406877517700195,0.0,0.0,0.3342796266078949,2.1995445422362536e-05,0.0022800539154559374,0.6187900304794312,0.0,0.0,1.0269044637680054,0.3735928237438202,0.015256209298968315,0.2683488428592682,0.012982205487787724,0.4927273988723755,0.2982824146747589,0.024806687608361244,0.00056413933634758,0.7597903609275818,0.9886090755462646,0.0,0.9006182551383972,0.21295207738876343,0.0005936410161666572,0.020410913974046707,0.0,0.0,0.34142255783081055,0.05597570538520813,5.9877140301978216e-05,1.2868539094924927,0.0,0.0
225,1.9739196300506592,0.7732548117637634,10.875251770019531,9.94088363647461,0.6139616370201111,40.74247360229492,0.9037090539932251,0.9034886956214905,26.99,0.8321524858474731,0.01146616879850626,0.07618418335914612,25.235675811767578,0.0,0.0,0.3331453204154968,2.5271690901718102e-05,0.002920751925557852,0.6536496877670288,0.0,0.0,1.1690998077392578,0.34378960728645325,0.01965448260307312,0.4208295941352844,0.018768271431326866,0.7856798768043518,0.28077635169029236,0.016435950994491577,0.0006781099364161491,0.6190547347068787,0.9736368656158447,0.0,0.8799152970314026,0.2158750295639038,0.0005624417099170387,0.020132608711719513,0.0,0.0,0.3430717885494232,0.051556412130594254,7.668167381780222e-05,1.2876875400543213,0.0,0.0
226,5.878400802612305,0.09400873631238937,20.8362979888916,3.947605609893799,0.7640095353126526,46.28458023071289,1.042078971862793,1.0432831048965454,110.76,1.0024014711380005,0.13708093762397766,0.018119407817721367,2.661486864089966,0.0,0.0,0.32612064480781555,0.00012670840078499168,0.0038343288470059633,0.9794299602508545,0.0,0.0,0.9841277003288269,0.3830249607563019,0.011887128464877605,0.1444459855556488,0.007230393122881651,0.23939737677574158,0.30621668696403503,0.02976914867758751,0.00036074628587812185,0.8885010480880737,0.9917595386505127,0.0,0.9084870219230652,0.20835408568382263,0.000609304232057184,0.020506013184785843,0.0,0.0,0.34243258833885193,0.060678478330373764,4.2557305278023705e-05,1.29179847240448,0.0,0.0
227,4.090847969055176,0.049362000077962875,31.223003387451172,7.440378665924072,0.49354052543640137,51.222164154052734,1.1848174333572388,1.1854376792907715,44.16,0.9888512492179871,0.1629645675420761,0.009020661935210228,1.857211709022522,0.0,0.0,0.3488459587097168,0.00013641035184264183,0.006618258077651262,0.9831408858299255,0.0,0.0,1.1135538816452026,0.38275542855262756,0.02101176045835018,0.3568289875984192,0.020155208185315132,0.6823462843894958,0.28115808963775635,0.01321347989141941,0.000939298770390451,0.4684500992298126,0.9873512387275696,0.0,0.7764140963554382,0.28293076157569885,0.0004993545007891953,0.01785433106124401,0.0,0.0,0.34684324264526367,0.054715219885110855,9.986085933633149e-05,1.2725481986999512,0.0,0.0
228,4.260976314544678,0.9465556144714355,25.799171447753906,2.82183837890625,0.6700146198272705,50.71861267089844,1.0488969087600708,1.0492956638336182,36.23,0.7649971842765808,0.023352323099970818,0.06992416083812714,33.57246780395508,0.0,0.0,0.35985323786735535,3.719967935467139e-05,0.0020973982755094767,0.5754978060722351,0.0,0.0,0.9854468107223511,0.4183616042137146,0.013325687497854233,0.14484617114067078,0.00812526885420084,0.23501668870449066,0.2985973060131073,0.025460978969931602,0.00038377507007680833,0.7859331369400024,0.9927026033401489,0.0,0.9281193017959595,0.19761361181735992,0.0006258879438973963,0.021148959174752235,0.0,0.0,0.3433989882469177,0.05894562602043152,5.277911259327084e-05,1.2868720293045044,0.0,0.0
229,4.711623191833496,0.17366839945316315,25.985963821411133,2.2240147590637207,0.5800117254257202,40.21794128417969,0.9809198379516602,0.9808571934700012,6.51,0.9901651740074158,0.1012658029794693,0.022153127938508987,4.099694728851318,0.0,0.0,0.32381561398506165,0.00012421472638379782,0.003959299996495247,0.9248959422111511,0.0,0.0,1.0479869842529297,0.40130501985549927,0.014395861886441708,0.14577899873256683,0.008798965252935886,0.23125578463077545,0.2918263077735901,0.02078738436102867,0.0004206242156215012,0.6913678050041199,0.986033022403717,0.0,0.8253670930862427,0.26460835337638855,0.0005400249501690269,0.018858375027775764,0.0,0.0,0.34638574719429016,0.055756937712430954,9.566105291014537e-05,1.267662763595581,0.0,0.0
230,3.1680397987365723,0.55635666847229,12.608348846435547,8.171669006347656,0.5214332938194275,41.35746383666992,0.8827154040336609,0.8832247257232666,65.33,0.9696961641311646,0.019235743209719658,0.045386992394924164,14.874470710754395,0.0,0.0,0.3035331070423126,8.950059964263346e-07,0.003918624948710203,0.7381339073181152,0.0,0.0,1.2128446102142334,0.34527698159217834,0.01995229534804821,0.4180278480052948,0.019344709813594818,0.7894194722175598,0.27273446321487427,0.012149442918598652,0.0007195114740170538,0.5427072048187256,0.9758525490760803,0.0,0.8383795022964478,0.24205297231674194,0.0005332273431122303,0.01931135542690754,0.0,0.0,0.3450746238231659,0.052083246409893036,7.855876901885495e-05,1.2872782945632935,0.0,0.0
231,5.948347091674805,0.46852436661720276,16.258974075317383,4.208819389343262,0.7118034362792969,49.25233840942383,0.8845007419586182,0.8837416172027588,97.12,1.0254120826721191,0.01846121996641159,0.03517855703830719,14.682002067565918,0.0,0.0,0.2856197953224182,9.681311894382816e-07,0.0026270642410963774,0.7760650515556335,0.0,0.0,1.064832329750061,0.3806248605251312,0.012970694340765476,0.1813935488462448,0.008721890859305859,0.3056619465351105,0.2973312437534332,0.024961231276392937,0.0003890617226716131,0.8194833397865295,0.9803665280342102,0.0,0.9061753749847412,0.21477358043193817,0.0005994610255584121,0.020522575825452805,0.0,0.0,0.34288710355758667,0.05713461712002754,5.511997369467281e-05,1.2891861200332642,0.0,0.0
232,2.8927996158599854,0.8959906697273254,15.29306411743164,3.26406192779541,0.5925650000572205,40.18362808227539,0.8722205758094788,0.8721380829811096,10.84,0.772429883480072,0.01500826608389616,0.08043868839740753,31.78473472595215,0.0,0.0,0.35380735993385315,2.763851807685569e-05,0.002895314246416092,0.6043899059295654,0.0,0.0,1.089443325996399,0.4078995883464813,0.01466971542686224,0.1910887509584427,0.010090138763189316,0.32328999042510986,0.28547000885009766,0.019284235313534737,0.0004173599008936435,0.6962790489196777,0.9843555092811584,0.0,0.88326495885849,0.21611271798610687,0.0005796844488941133,0.02035767212510109,0.0,0.0,0.3451544940471649,0.055086277425289154,6.596245657419786e-05,1.2849879264831543,0.0,0.0
233,1.0387667417526245,0.25689980387687683,16.83852767944336,3.117767572402954,0.49711155891418457,46.900474548339844,0.9215804934501648,0.9200614094734192,179.16,0.8195216655731201,0.08120980113744736,0.05639350786805153,5.79194450378418,0.0,0.0,0.3583906292915344,0.00016575191693846136,0.004495078232139349,0.8862724304199219,0.0,0.0,1.1349769830703735,0.4234333038330078,0.016277236863970757,0.2092079371213913,0.011622024700045586,0.35427597165107727,0.2784562408924103,0.015474610961973667,0.0004934743046760559,0.592719316482544,0.9768037796020508,0.0,0.846760094165802,0.23420126736164093,0.0005576699622906744,0.01970417983829975,0.0,0.0,0.3473447561264038,0.05588197708129883,6.470068183261901e-05,1.2868616580963135,0.0,0.0
234,2.3282017707824707,0.6664127111434937,12.011855125427246,7.336386680603027,0.7652732133865356,42.36015319824219,0.9452089667320251,0.9468021988868713,178.03,0.8552101850509644,0.0040685441344976425,0.07368915528059006,23.141319274902344,0.0,0.0,0.3154202997684479,2.7381938707549125e-05,0.002585799666121602,0.6929022669792175,0.0,0.0,1.0658880472183228,0.36494171619415283,0.013891562819480896,0.24441175162792206,0.010662592947483063,0.42682865262031555,0.2989444136619568,0.027178851887583733,0.00045674110879190266,0.8265374302864075,0.9719322919845581,0.0,0.9298864006996155,0.20165808498859406,0.0006075861165300012,0.020980795845389366,0.0,0.0,0.34109732508659363,0.05326128751039505,6.93105612299405e-05,1.284816861152649,0.0,0.0
235,4.668120384216309,0.11832334846258163,34.801204681396484,1.8272342681884766,0.6406800150871277,40.7773323059082,1.0286266803741455,1.0265636444091797,195.37,0.9477528929710388,0.12882427871227264,0.01955241709947586,3.0288426876068115,0.0,0.0,0.33656999468803406,0.00017754064174368978,0.003710944904014468,0.9620423316955566,0.0,0.0,0.9768590927124023,0.36370405554771423,0.013149465434253216,0.11873424798250198,0.0071096355095505714,0.1788005381822586,0.2994464933872223,0.024966267868876457,0.0003531066176947206,0.7733597159385681,0.9913968443870544,0.0,0.8032234907150269,0.29929280281066895,0.000510716752614826,0.01792076788842678,0.0,0.0,0.3436700105667114,0.05018831416964531,0.00016683618014212698,1.2387522459030151,0.0,0.0
236,1.5774362087249756,0.8026502132415771,20.807418823242188,9.988815307617188,0.5272316336631775,53.29814910888672,1.132849931716919,1.1322869062423706,43.89,0.7783420085906982,0.01261212956160307,0.08656370639801025,22.763023376464844,0.0,0.0,0.3465892970561981,3.237376586184837e-05,0.0025904220528900623,0.6299492120742798,0.0,0.0,1.1190485954284668,0.3670966923236847,0.022046905010938644,0.4454478919506073,0.022858062759041786,0.8627889752388,0.27857720851898193,0.013263043947517872,0.000930959708057344,0.4939841628074646,0.9875160455703735,0.0,0.8522369265556335,0.2265670895576477,0.0005555149400606751,0.019721543416380882,0.0,0.0,0.34500449895858765,0.055246900767087936,5.930672341492027e-05,1.2902976274490356,0.0,0.0
237,4.233986854553223,0.09321273118257523,21.08757781982422,6.461388111114502,0.5947567820549011,49.93519592285156,1.1019607782363892,1.102763056755066,66.02,0.9834473133087158,0.14045841991901398,0.014161079190671444,2.2078752517700195,0.0,0.0,0.33821845054626465,0.00013361604942474514,0.005440108012408018,0.9624741077423096,0.0,0.0,1.0849589109420776,0.38682907819747925,0.01814325898885727,0.29792067408561707,0.015578767284750938,0.5469695925712585,0.28879740834236145,0.018531067296862602,0.0006811443599872291,0.6106849908828735,0.9816088080406189,0.0,0.8378632664680481,0.24252267181873322,0.0005499174003489316,0.019141394644975662,0.0,0.0,0.3444773852825165,0.0575425811111927,6.214625318534672e-05,1.286246657371521,0.0,0.0
238,4.148209095001221,0.28549301624298096,21.0526123046875,3.8133316040039062,0.7078652381896973,51.104835510253906,1.0574517250061035,1.0570316314697266,37.58,0.9843219518661499,0.06404594331979752,0.0302958432585001,7.17620325088501,0.0,0.0,0.31064602732658386,9.081548341782764e-05,0.003700030269101262,0.8600237965583801,0.0,0.0,1.0141385793685913,0.4000471830368042,0.013316983357071877,0.16491246223449707,0.008707480505108833,0.27629706263542175,0.30083101987838745,0.026670416817069054,0.00041120665264315903,0.8110285997390747,0.9866743683815002,0.0,0.9094164371490479,0.20964987576007843,0.0006113796844147146,0.020558401942253113,0.0,0.0,0.3427458107471466,0.060425132513046265,4.593474659486674e-05,1.2903274297714233,0.0,0.0
239,4.2711663246154785,0.6077796220779419,27.418500900268555,4.038788795471191,0.6495772004127502,49.55210494995117,1.1348202228546143,1.1383419036865234,272.62,0.9451149106025696,0.008131898939609528,0.049048423767089844,18.422771453857422,0.0,0.0,0.302247017621994,1.0473220299900277e-06,0.0028810857329517603,0.703468918800354,0.0,0.0,1.0285062789916992,0.40302881598472595,0.014917309395968914,0.18971621990203857,0.010816764086484909,0.3282957375049591,0.2971029281616211,0.023377608507871628,0.000516435713507235,0.7190907597541809,0.9896823167800903,0.0,0.8748442530632019,0.23330233991146088,0.0005829712608829141,0.019870121031999588,0.0,0.0,0.3434513509273529,0.05731299892067909,7.109079888323322e-05,1.280510425567627,0.0,0.0
240,1.4888862371444702,0.260108083486557,35.963260650634766,6.079592227935791,0.4473353922367096,43.72694778442383,1.166504144668579,1.1638857126235962,192.86,0.8729406595230103,0.07446777820587158,0.04507460072636604,4.667529106140137,0.0,0.0,0.34883373975753784,0.00012736553617287427,0.005353871732950211,0.8745993971824646,0.0,0.0,1.1043695211410522,0.3620498776435852,0.02014388144016266,0.3162500858306885,0.01897304132580757,0.5972163081169128,0.27755334973335266,0.011307042092084885,0.000938652316108346,0.44168880581855774,0.9906465411186218,0.0,0.7280666828155518,0.3394881784915924,0.00045120573486201465,0.016820060089230537,0.0,0.0,0.3491804599761963,0.04796154052019119,0.00019361281010787934,1.2431453466415405,0.0,0.0
241,2.0908052921295166,0.12949100136756897,18.38355255126953,2.985076427459717,0.5933735370635986,53.44107437133789,0.9716423749923706,0.9732157588005066,166.39,0.8418496251106262,0.1341138631105423,0.03356877341866493,3.178136110305786,0.0,0.0,0.3681267201900482,0.00022455191356129944,0.00403008284047246,0.944918692111969,0.0,0.0,1.0533419847488403,0.4200317859649658,0.01490309089422226,0.17603302001953125,0.00981895811855793,0.29464200139045715,0.2893736660480499,0.020657481625676155,0.0004286707262508571,0.695655107498169,0.9851438403129578,0.0,0.8632063269615173,0.22525359690189362,0.000576075108256191,0.019821010529994965,0.0,0.0,0.34497618675231934,0.058522142469882965,5.458834129967727e-05,1.2880803346633911,0.0,0.0
242,4.2158684730529785,0.6037207245826721,17.631174087524414,9.236480712890625,0.6843971610069275,47.210182189941406,1.081566333770752,1.081990122795105,36.21,0.9579359889030457,0.012216190807521343,0.04598507657647133,17.95870018005371,0.0,0.0,0.2996862530708313,9.809805305849295e-07,0.00299652898684144,0.7110416889190674,0.0,0.0,1.0803648233413696,0.3595493733882904,0.017531681805849075,0.33279186487197876,0.01606103964149952,0.6138499975204468,0.2935875654220581,0.021440977230668068,0.0006692184833809733,0.6807327270507812,0.9788899421691895,0.0,0.8760559558868408,0.22965079545974731,0.000572278571780771,0.01985437050461769,0.0,0.0,0.34211865067481995,0.05510195344686508,6.852426304249093e-05,1.285559058189392,0.0,0.0
243,3.300896406173706,0.2930024564266205,35.171627044677734,4.523794651031494,0.5484029650688171,47.47847366333008,1.1815298795700073,1.1835592985153198,145.12,0.9650456309318542,0.06325699388980865,0.03344080597162247,5.952252388000488,0.0,0.0,0.32002973556518555,8.994816016638651e-05,0.0042915972881019115,0.8557905554771423,0.0,0.0,1.056213617324829,0.3837917447090149,0.017392165958881378,0.23170772194862366,0.014055104926228523,0.41787827014923096,0.2889261245727539,0.017612632364034653,0.0006943769403733313,0.5784060955047607,0.9907573461532593,0.0,0.7848918437957764,0.2970232665538788,0.0005021303659304976,0.017865365371108055,0.0,0.0,0.34574010968208313,0.051876265555620193,0.00014194448885973543,1.2542556524276733,0.0,0.0
244,3.384312868118286,0.28369325399398804,16.720003128051758,9.42603874206543,0.525164783000946,52.17436599731445,1.0250967741012573,1.0265666246414185,139.68,0.9977574944496155,0.07417555153369904,0.02649519219994545,6.1835432052612305,0.0,0.0,0.3104234039783478,4.67169338662643e-05,0.005049950443208218,0.8584995269775391,0.0,0.0,1.1709294319152832,0.33781856298446655,0.02137191779911518,0.4479580819606781,0.02132967673242092,0.8479282259941101,0.27637773752212524,0.012758716009557247,0.0008356460020877421,0.5169568657875061,0.9743065237998962,0.0,0.8329599499702454,0.24888622760772705,0.0005330147105269134,0.019094092771410942,0.0,0.0,0.3445919454097748,0.053489524871110916,7.583881233585998e-05,1.285355567932129,0.0,0.0
245,3.090273380279541,0.6310360431671143,23.83893394470215,5.390894889831543,0.4567144513130188,58.16960144042969,1.0429799556732178,1.0446804761886597,156.07,0.9168129563331604,0.009389400482177734,0.05684668570756912,17.198673248291016,0.0,0.0,0.3162522614002228,9.460471801503445e-07,0.0032407415565103292,0.7060037851333618,0.0,0.0,1.1651439666748047,0.4208826422691345,0.01894081011414528,0.3116205632686615,0.016933975741267204,0.5757375359535217,0.27519455552101135,0.012160440906882286,0.0007551342132501304,0.4892236888408661,0.9825479984283447,0.0,0.834244966506958,0.24093686044216156,0.0005494817160069942,0.019440924748778343,0.0,0.0,0.34785109758377075,0.0567513071000576,6.297339132288471e-05,1.2888410091400146,0.0,0.0
246,5.699868202209473,0.5908665060997009,19.06521224975586,5.38291072845459,0.5439180135726929,40.23529815673828,0.9549536108970642,0.9517087936401367,357.03,1.0077252388000488,0.009044250473380089,0.03866659849882126,17.0445499420166,0.0,0.0,0.2964731752872467,9.524559914098063e-07,0.003039734438061714,0.7168483734130859,0.0,0.0,1.1563302278518677,0.38241100311279297,0.017336979508399963,0.29069963097572327,0.014755825512111187,0.5283832550048828,0.28092819452285767,0.015306002460420132,0.0006209507118910551,0.5884827971458435,0.9804668426513672,0.0,0.8342922329902649,0.250896692276001,0.000538392923772335,0.019210347905755043,0.0,0.0,0.3460816740989685,0.054403457790613174,8.219898882089183e-05,1.281746745109558,0.0,0.0
247,1.2504910230636597,0.22962546348571777,13.812837600708008,4.17821741104126,0.45878365635871887,52.356361389160156,0.8734763264656067,0.8737269043922424,32.83,0.845639169216156,0.09456273913383484,0.04746661335229874,4.745217323303223,0.0,0.0,0.3555276393890381,0.00013993629545439035,0.004787527024745941,0.9038850665092468,0.0,0.0,1.1920790672302246,0.3963349163532257,0.017630500718951225,0.2751416862010956,0.014046953991055489,0.4825814962387085,0.2712498903274536,0.012406768277287483,0.0005641714087687433,0.5400022864341736,0.9694969654083252,0.0,0.8214487433433533,0.2531212866306305,0.0005273546557873487,0.019060682505369186,0.0,0.0,0.3466171622276306,0.051526982337236404,9.269031579606235e-05,1.2804898023605347,0.0,0.0
248,4.907784461975098,0.6133814454078674,39.061424255371094,7.420812606811523,0.448148638010025,57.59897232055664,1.187207579612732,1.1861685514450073,73.78,0.9938026666641235,0.01507545355707407,0.03693100064992905,15.255373001098633,0.0,0.0,0.3030849099159241,9.76679643827083e-07,0.00362790678627789,0.7119928598403931,0.0,0.0,1.1457080841064453,0.37690508365631104,0.021251263096928596,0.36364689469337463,0.02142598107457161,0.7003894448280334,0.2764414846897125,0.01048943679779768,0.001044796546921134,0.41857439279556274,0.989023745059967,0.0,0.7712759971618652,0.29937076568603516,0.00048798666102811694,0.017794067040085793,0.0,0.0,0.3477103114128113,0.05074630305171013,0.00014556928363163024,1.2618613243103027,0.0,0.0
249,1.6196882724761963,0.6450383067131042,34.99659729003906,4.242112636566162,0.4673135280609131,41.042240142822266,1.1189618110656738,1.1210752725601196,168.48,0.8262714743614197,0.005966843105852604,0.07810896635055542,16.401586532592773,0.0,0.0,0.3339669406414032,3.734928759513423e-05,0.0039622243493795395,0.7045106887817383,0.0,0.0,1.0820153951644897,0.37717580795288086,0.017871443182229996,0.24172645807266235,0.01501500140875578,0.439609169960022,0.2811849117279053,0.013522308319807053,0.0007510528084821999,0.503760576248169,0.9954346418380737,0.0,0.7510717511177063,0.32543298602104187,0.0004690724308602512,0.017357060685753822,0.0,0.0,0.3492918014526367,0.04792558029294014,0.00020044697157572955,1.240760087966919,0.0,0.0
250,2.322636127471924,0.23931336402893066,25.338573455810547,4.752697467803955,0.5229613780975342,47.963253021240234,1.101599097251892,1.102779507637024,97.17,0.9167231917381287,0.08008250594139099,0.03734038025140762,4.743912696838379,0.0,0.0,0.33967992663383484,0.0001318264548899606,0.004697075113654137,0.8825997114181519,0.0,0.0,1.0973140001296997,0.4132292568683624,0.01793394796550274,0.2588419020175934,0.014657961204648018,0.4678647816181183,0.2841031551361084,0.016236349940299988,0.0006752669578418136,0.5598121285438538,0.9847094416618347,0.0,0.8238667249679565,0.24931220710277557,0.0005432699108496308,0.019054757431149483,0.0,0.0,0.3469545543193817,0.05741167441010475,6.944790220586583e-05,1.2824029922485352,0.0,0.0
251,1.3318637609481812,0.3103642761707306,37.568912506103516,1.853731393814087,0.6555177569389343,48.90415954589844,1.0830219984054565,1.0851000547409058,176.83,0.7873934507369995,0.059038128703832626,0.06607221812009811,7.977602005004883,0.0,0.0,0.35128992795944214,0.00022259590332396328,0.002062882063910365,0.8395326137542725,0.0,0.0,0.9671032428741455,0.3858558237552643,0.01280471682548523,0.12200269103050232,0.006712915375828743,0.18348659574985504,0.29983487725257874,0.026374369859695435,0.00030933943344280124,0.7981783151626587,0.9899694323539734,0.0,0.8698157072067261,0.24273470044136047,0.0005705722142010927,0.019611170515418053,0.0,0.0,0.3432528078556061,0.0536145456135273,0.00010944178211502731,1.2602171897888184,0.0,0.0
252,1.3373991250991821,0.3783362805843353,22.541624069213867,8.217602729797363,0.6152816414833069,40.128761291503906,1.1940667629241943,1.1939940452575684,5.1,0.8663726449012756,0.044045280665159225,0.05944349989295006,7.965546607971191,0.0,0.0,0.3312535285949707,0.00011140645074192435,0.0045440890826284885,0.8012336492538452,0.0,0.0,1.0562143325805664,0.3611457347869873,0.019304562360048294,0.3322078585624695,0.017972785979509354,0.6238367557525635,0.29055121541023254,0.018987184390425682,0.0008000481757335365,0.5922461152076721,0.9861204624176025,0.0,0.8267655968666077,0.25654563307762146,0.0005343335797078907,0.018851909786462784,0.0,0.0,0.3436395227909088,0.053402986377477646,9.368585597258061e-05,1.273376226425171,0.0,0.0
253,4.248533248901367,0.5815969109535217,19.912080764770508,4.8070478439331055,0.5746178030967712,40.54396057128906,1.0079879760742188,1.0135546922683716,544.87,0.9682568907737732,0.010430289432406425,0.04503219947218895,16.690536499023438,0.0,0.0,0.3009479343891144,9.783047971723136e-07,0.003298346418887377,0.7199755311012268,0.0,0.0,1.118043303489685,0.3867107331752777,0.016638794913887978,0.25313061475753784,0.013310827314853668,0.4502502977848053,0.2857644855976105,0.017756201326847076,0.0005806219996884465,0.6270354986190796,0.9800980687141418,0.0,0.844516396522522,0.2477860301733017,0.0005500358529388905,0.019377106800675392,0.0,0.0,0.34542790055274963,0.05476418137550354,8.20687273517251e-05,1.2798041105270386,0.0,0.0
254,1.671942114830017,0.0868615061044693,18.48054313659668,5.1520280838012695,0.5252025127410889,44.31227111816406,1.0309996604919434,1.0299365520477295,100.12,0.8370248079299927,0.1514773815870285,0.02956453338265419,2.084536075592041,0.0,0.0,0.37941330671310425,0.00021599339379463345,0.0055475193075835705,0.970629096031189,0.0,0.0,1.1062686443328857,0.39812010526657104,0.01806727983057499,0.28210973739624023,0.015052207745611668,0.5156258940696716,0.28103548288345337,0.015617484226822853,0.0006436595576815307,0.568852424621582,0.9842924475669861,0.0,0.8229081034660339,0.2452806979417801,0.0005384722026064992,0.01905505731701851,0.0,0.0,0.34643834829330444,0.05635744333267212,6.607573595829308e-05,1.2859214544296265,0.0,0.0
255,4.769317626953125,0.06986761838197708,26.916513442993164,9.72463607788086,0.4017263948917389,51.645057678222656,1.1240628957748413,1.1243184804916382,20.22,1.0593321323394775,0.15398217737674713,0.0060863858088850975,3.6087169647216797,0.0,0.0,0.3298170566558838,7.66473458497785e-05,0.007569305133074522,0.96622234582901,0.0,0.0,1.2162787914276123,0.3465462923049927,0.023729201406240463,0.49849933385849,0.025568077340722084,0.9793432354927063,0.2676597833633423,0.00763249397277832,0.0011023362167179585,0.3858568072319031,0.9825185537338257,0.0,0.7679715752601624,0.2797882854938507,0.00048760586651042104,0.017871499061584473,0.0,0.0,0.34883955121040344,0.05446906387805939,8.293310384033248e-05,1.2829197645187378,0.0,0.0
256,5.9820733070373535,0.6288129091262817,24.97858238220215,5.866019248962402,0.7866623401641846,43.54337692260742,1.1761318445205688,1.1763617992401123,16.62,0.9625208377838135,0.0014162540901452303,0.04372991994023323,20.333070755004883,0.0,0.0,0.2938549518585205,1.080181505130895e-06,0.0024313742760568857,0.7044999003410339,0.0,0.0,0.9863857626914978,0.3680667579174042,0.012551477178931236,0.17970125377178192,0.009167952463030815,0.31073006987571716,0.3078387975692749,0.030258581042289734,0.00047077357885427773,0.8609327673912048,0.9894567131996155,0.0,0.9050178527832031,0.22726410627365112,0.0005973074585199356,0.02024410292506218,0.0,0.0,0.3404068350791931,0.05549943074584007,7.788462971802801e-05,1.2776706218719482,0.0,0.0
257,2.373976945877075,0.6596961617469788,35.40660858154297,9.139593124389648,0.41883859038352966,43.999019622802734,1.1895015239715576,1.1891969442367554,21.53,0.8908592462539673,0.015443291515111923,0.05834272503852844,15.637120246887207,0.0,0.0,0.3247423470020294,9.653192591940751e-07,0.0045220013707876205,0.6827478408813477,0.0,0.0,1.1534206867218018,0.3318115770816803,0.023303404450416565,0.4375293552875519,0.025265688076615334,0.8610522747039795,0.2721850574016571,0.008263219147920609,0.00118786480743438,0.3713301420211792,0.9907262325286865,0.0,0.7189837694168091,0.34805524349212646,0.0004380456521175802,0.016633927822113037,0.0,0.0,0.34896332025527954,0.045542262494564056,0.00022358674323186278,1.244174599647522,0.0,0.0
258,5.463180065155029,0.5066495537757874,21.916391372680664,8.005125999450684,0.7287113666534424,59.59649658203125,1.159615159034729,1.1627349853515625,231.39,1.0229554176330566,0.017859304323792458,0.03661591559648514,14.512652397155762,0.0,0.0,0.28908205032348633,1.0175674560741754e-06,0.0030598733574151993,0.7589457035064697,0.0,0.0,1.0398943424224854,0.38632291555404663,0.015798110514879227,0.26362621784210205,0.013452639803290367,0.48158779740333557,0.3010219931602478,0.02524893917143345,0.0006116655422374606,0.7414394617080688,0.9846435189247131,0.0,0.9000457525253296,0.21537306904792786,0.000598555663600564,0.02024780586361885,0.0,0.0,0.3414946496486664,0.05824267491698265,5.590221917373128e-05,1.2886368036270142,0.0,0.0
259,5.700589179992676,0.6744058728218079,32.30198287963867,6.148305416107178,0.5096022486686707,43.35654067993164,1.1456996202468872,1.1443042755126953,106.43,0.9635170698165894,0.008230118080973625,0.04046625643968582,18.269798278808594,0.0,0.0,0.3089046776294708,1.0221142474620137e-06,0.003534232033416629,0.6842777132987976,0.0,0.0,1.106119155883789,0.36411136388778687,0.019223695620894432,0.3081463575363159,0.017640812322497368,0.5756101012229919,0.28276190161705017,0.014283078722655773,0.0008378193597309291,0.5064147114753723,0.9877223968505859,0.0,0.7692375779151917,0.31296488642692566,0.0004825289361178875,0.017573563382029533,0.0,0.0,0.34636181592941284,0.049029942601919174,0.0001746801717672497,1.2507445812225342,0.0,0.0
260,1.2602113485336304,0.6364293098449707,29.55363655090332,1.5459562540054321,0.5193103551864624,42.79277801513672,0.94699627161026,0.945171058177948,203.92,0.7702990174293518,0.004656570963561535,0.09342838823795319,18.493858337402344,0.0,0.0,0.33915776014328003,7.70221377024427e-05,0.0032560601830482483,0.7078225612640381,0.0,0.0,1.0503418445587158,0.42594999074935913,0.014460964128375053,0.12780894339084625,0.008323757909238338,0.18936756253242493,0.2874886691570282,0.01872285082936287,0.00040783392614685,0.6438283324241638,0.9846616387367249,0.0,0.8511518239974976,0.24685506522655487,0.0005633878172375262,0.019784078001976013,0.0,0.0,0.34884265065193176,0.05507023259997368,9.503209730610251e-05,1.268609642982483,0.0,0.0
261,1.323329210281372,0.391226202249527,11.617680549621582,6.637732982635498,0.7416733503341675,51.75123596191406,0.958696722984314,0.9580429196357727,71.18,0.8385142683982849,0.04138672724366188,0.06807740777730942,10.576020240783691,0.0,0.0,0.3311297595500946,0.00012700172374024987,0.002907809568569064,0.8185498118400574,0.0,0.0,1.0445284843444824,0.3611339330673218,0.014335944317281246,0.23910148441791534,0.010816573165357113,0.42270877957344055,0.297474205493927,0.026111865416169167,0.00045775502803735435,0.8060632348060608,0.9767959713935852,0.0,0.8984793424606323,0.2140277475118637,0.0005847677821293473,0.020240677520632744,0.0,0.0,0.34084197878837585,0.05251777917146683,8.224386692745611e-05,1.2784677743911743,0.0,0.0
262,2.805551290512085,0.08418038487434387,24.5646915435791,5.630050182342529,0.4852324426174164,52.777591705322266,1.0929899215698242,1.0931545495986938,13.78,0.9238710403442383,0.14310944080352783,0.018087195232510567,1.9145764112472534,0.0,0.0,0.36131301522254944,0.0001685119204921648,0.005711727775633335,0.9671006798744202,0.0,0.0,1.1211800575256348,0.4165135324001312,0.019225187599658966,0.3070038855075836,0.016867291182279587,0.5719914436340332,0.27932193875312805,0.013751478865742683,0.000759922550059855,0.5070135593414307,0.985644519329071,0.0,0.8133552074432373,0.24746668338775635,0.0005354548338800669,0.018863381817936897,0.0,0.0,0.3475361168384552,0.058504968881607056,5.9265938034513965e-05,1.2878940105438232,0.0,0.0
263,4.922826766967773,0.5206599831581116,14.57696533203125,7.392125606536865,0.6436683535575867,56.22194290161133,0.923638641834259,0.9242141842842102,67.42,0.9884406328201294,0.01752023585140705,0.0373423807322979,14.68225383758545,0.0,0.0,0.2910565137863159,9.72226644080365e-07,0.0031325386371463537,0.752650260925293,0.0,0.0,1.1154866218566895,0.34397611021995544,0.016979141160845757,0.31971344351768494,0.014879175461828709,0.5767581462860107,0.28798040747642517,0.019007062539458275,0.0005992585211060941,0.671619176864624,0.9714563488960266,0.0,0.8660817742347717,0.2435883730649948,0.0005576900439336896,0.019618045538663864,0.0,0.0,0.3425266742706299,0.0524166077375412,8.835822518449277e-05,1.2788878679275513,0.0,0.0
264,4.055197238922119,0.08563337475061417,28.987401962280273,3.482137441635132,0.6807209253311157,52.396419525146484,1.1551377773284912,1.1567624807357788,121.59,0.9391732811927795,0.14531674981117249,0.01645478419959545,2.165757656097412,0.0,0.0,0.35020890831947327,0.0001984090922633186,0.004288990516215563,0.9687528610229492,0.0,0.0,0.9920013546943665,0.4154750406742096,0.014072151854634285,0.16020801663398743,0.009173447266221046,0.270066499710083,0.3014375865459442,0.026317613199353218,0.00044397986494004726,0.7738118767738342,0.9922338128089905,0.0,0.8831958174705505,0.2180890589952469,0.0005950815393589437,0.01997816376388073,0.0,0.0,0.3431504964828491,0.06080792099237442,5.22510708833579e-05,1.286529541015625,0.0,0.0
265,1.1308366060256958,0.8665173053741455,25.79501724243164,2.791494131088257,0.6079984903335571,40.090728759765625,1.0764049291610718,1.0761831998825073,19.14,0.6829053163528442,0.012228605337440968,0.11474599689245224,28.276371002197266,0.0,0.0,0.36234936118125916,7.33437409508042e-05,0.0031136898323893547,0.6062424778938293,0.0,0.0,1.0076375007629395,0.40486517548561096,0.01464121975004673,0.15988516807556152,0.009467816911637783,0.2612852156162262,0.29402488470077515,0.022423677146434784,0.0004462146607693285,0.7070544958114624,0.9898237586021423,0.0,0.8666661381721497,0.23302297294139862,0.0005731042474508286,0.019926732406020164,0.0,0.0,0.3455319404602051,0.05508996918797493,8.640604937681928e-05,1.2720354795455933,0.0,0.0
266,4.165778636932373,0.027187250554561615,33.77507019042969,2.236306667327881,0.5412850975990295,46.21756362915039,1.0527989864349365,1.0534390211105347,57.71,0.9219356179237366,0.17842650413513184,0.011787930503487587,1.489216923713684,0.0,0.0,0.36472970247268677,0.0002151123044313863,0.004820278845727444,1.0129468441009521,0.0,0.0,1.034350872039795,0.4130834639072418,0.015122746117413044,0.15160958468914032,0.00958192441612482,0.24475188553333282,0.28996938467025757,0.019233811646699905,0.0004779081209562719,0.6404693722724915,0.9897688031196594,0.0,0.7920215129852295,0.28516146540641785,0.0005155788967385888,0.018117379397153854,0.0,0.0,0.34729310870170593,0.054917335510253906,0.00011653859837679192,1.2593204975128174,0.0,0.0
267,3.639864921569824,0.009861396625638008,20.820131301879883,2.3889265060424805,0.6056986451148987,48.74895095825195,0.968044638633728,0.9645512700080872,374.13,0.8830370306968689,0.20019292831420898,0.011937534436583519,1.2293771505355835,0.0,0.0,0.3756471276283264,0.00023569987388327718,0.004614565521478653,1.0138612985610962,0.0,0.0,1.0325326919555664,0.4261370599269867,0.01417636964470148,0.14759786427021027,0.00856053177267313,0.23680433630943298,0.2924433648586273,0.021946348249912262,0.00038527726428583264,0.7243269085884094,0.9872634410858154,0.0,0.8603498935699463,0.22684288024902344,0.0005765956011600792,0.01972821168601513,0.0,0.0,0.3455542027950287,0.060306355357170105,5.010338281863369e-05,1.2887043952941895,0.0,0.0
268,2.0470972061157227,0.22594717144966125,15.8484468460083,9.477010726928711,0.6891567707061768,57.4310417175293,1.1080048084259033,1.1078969240188599,8.79,0.8818222880363464,0.09110960364341736,0.0406469888985157,5.071073532104492,0.0,0.0,0.34049510955810547,0.00015558350423816592,0.003649695310741663,0.8957239389419556,0.0,0.0,1.0465108156204224,0.3540508449077606,0.017827121540904045,0.33511102199554443,0.01623160019516945,0.6196190118789673,0.29432645440101624,0.02219967357814312,0.0006714756600558758,0.6815508008003235,0.9803203344345093,0.0,0.8609749674797058,0.2354309856891632,0.0005609043291769922,0.01946192979812622,0.0,0.0,0.341389924287796,0.05388500913977623,7.812092371750623e-05,1.2806462049484253,0.0,0.0
269,1.1854091882705688,0.6074538230895996,33.05112075805664,3.6819732189178467,0.4212688207626343,46.58856964111328,1.0720986127853394,1.0716848373413086,36.01,0.8082976937294006,0.006744376849383116,0.08434509485960007,15.69000244140625,0.0,0.0,0.33938318490982056,4.331369200372137e-05,0.0036830073222517967,0.7293939590454102,0.0,0.0,1.1255601644515991,0.4224349856376648,0.017614886164665222,0.23283982276916504,0.014283036813139915,0.4120050072669983,0.27650919556617737,0.01199693139642477,0.0007163586560636759,0.4810992181301117,0.9877312779426575,0.0,0.7932078838348389,0.2745151221752167,0.000514961255248636,0.018691442906856537,0.0,0.0,0.3515908122062683,0.05379921942949295,0.00011086992162745446,1.2679136991500854,0.0,0.0
270,5.439626216888428,0.5072256922721863,23.310626983642578,3.8382503986358643,0.699228823184967,40.177371978759766,1.064910650253296,1.0640931129455566,72.15,1.0013933181762695,0.01240855548530817,0.03944580629467964,15.168951988220215,0.0,0.0,0.28942832350730896,1.034574665936816e-06,0.0025953478179872036,0.7542604207992554,0.0,0.0,1.0301170349121094,0.37413647770881653,0.013390826061367989,0.16926497220993042,0.008924607187509537,0.2830730080604553,0.3002151846885681,0.025870682671666145,0.0004301818262320012,0.7967372536659241,0.9851366877555847,0.0,0.8731704950332642,0.2406173050403595,0.000573508907109499,0.019711315631866455,0.0,0.0,0.3428539037704468,0.055249039083719254,8.47174451337196e-05,1.2750335931777954,0.0,0.0
271,1.020975112915039,0.48282724618911743,19.153284072875977,8.080434799194336,0.6488574147224426,56.524681091308594,1.1612576246261597,1.1612623929977417,0.35,0.8172077536582947,0.021345501765608788,0.07914622873067856,11.809109687805176,0.0,0.0,0.330477237701416,9.72989437286742e-05,0.0025225086137652397,0.7598881721496582,0.0,0.0,1.0445376634597778,0.38183897733688354,0.01817883551120758,0.31756478548049927,0.016446711495518684,0.5910414457321167,0.29230886697769165,0.020874764770269394,0.0007074234308674932,0.6415182948112488,0.9857456684112549,0.0,0.8822606205940247,0.21982049942016602,0.0005832879105582833,0.020099403336644173,0.0,0.0,0.34235018491744995,0.056037336587905884,6.09740091022104e-05,1.2866886854171753,0.0,0.0
272,1.7548346519470215,0.5930759310722351,36.28470993041992,4.707234859466553,0.5158132314682007,48.269378662109375,1.1830511093139648,1.1825318336486816,37.12,0.8427590131759644,0.009233877994120121,0.07437434047460556,15.103246688842773,0.0,0.0,0.3272712230682373,4.162677578278817e-05,0.0031379947904497385,0.7154154777526855,0.0,0.0,1.0623373985290527,0.3885154724121094,0.01789260283112526,0.24644263088703156,0.015117079019546509,0.4484701156616211,0.285638689994812,0.015714792534708977,0.0007470637210644782,0.5393133163452148,0.992900013923645,0.0,0.7921404838562012,0.28903624415397644,0.0005069399485364556,0.01822524517774582,0.0,0.0,0.34706059098243713,0.0510827861726284,0.00014320942864287645,1.2558852434158325,0.0,0.0
273,1.050296425819397,0.5271477699279785,26.249290466308594,3.6994948387145996,0.5796238780021667,52.90892028808594,1.1196995973587036,1.120111346244812,32.83,0.8015174865722656,0.013789172284305096,0.08684496581554413,14.265352249145508,0.0,0.0,0.3354176878929138,9.716891509015113e-05,0.0026557990349829197,0.7410476207733154,0.0,0.0,1.0432556867599487,0.43400952219963074,0.01600009575486183,0.20098240673542023,0.01172503363341093,0.348867267370224,0.2906973958015442,0.020193975418806076,0.0005455822683870792,0.6468138694763184,0.9894288182258606,0.0,0.8916900753974915,0.21117305755615234,0.0006019758293405175,0.020579053089022636,0.0,0.0,0.3457235097885132,0.05967065319418907,4.9436097469879314e-05,1.2901273965835571,0.0,0.0
274,5.400859355926514,0.590295672416687,15.784174919128418,6.9575042724609375,0.6877549290657043,52.11785888671875,0.9519285559654236,0.950249433517456,185.63,0.971294105052948,0.008272429928183556,0.040647391229867935,18.520723342895508,0.0,0.0,0.2932302951812744,9.78310367827362e-07,0.002747967140749097,0.7220960855484009,0.0,0.0,1.0915417671203613,0.35727551579475403,0.015672659501433372,0.2791651487350464,0.012974077835679054,0.4949549436569214,0.29320451617240906,0.021992875263094902,0.0005440738168545067,0.7286051511764526,0.9714028835296631,0.0,0.8978166580200195,0.22402548789978027,0.0005866352003067732,0.020352166146039963,0.0,0.0,0.3423907458782196,0.05447562411427498,6.762267730664462e-05,1.285624623298645,0.0,0.0
275,1.6132729053497314,0.07639998942613602,16.199073791503906,2.257441282272339,0.4750608503818512,43.438812255859375,0.8420206904411316,0.8424569368362427,61.5,0.8095740079879761,0.16936728358268738,0.031084703281521797,2.4810214042663574,0.0,0.0,0.3882964253425598,0.00023050617892295122,0.005270469468086958,0.9861553907394409,0.0,0.0,1.1306538581848145,0.4394627511501312,0.015466094017028809,0.17349916696548462,0.010060776025056839,0.2832282483577728,0.2766847312450409,0.014944659546017647,0.0004212734929751605,0.5965234637260437,0.980680525302887,0.0,0.8308764100074768,0.23903439939022064,0.0005453056655824184,0.019359007477760315,0.0,0.0,0.34839361906051636,0.05664205178618431,6.624156230827793e-05,1.285291314125061,0.0,0.0
276,2.952535629272461,0.4033341705799103,27.3006591796875,3.2681422233581543,0.5030113458633423,48.3680419921875,1.0469801425933838,1.045512318611145,134.09,0.9506513476371765,0.03647730499505997,0.04502667486667633,9.551813125610352,0.0,0.0,0.3163217008113861,5.97473954258021e-05,0.004011208191514015,0.8052377104759216,0.0,0.0,1.1015299558639526,0.42901161313056946,0.016496049240231514,0.20386354625225067,0.012193102389574051,0.35285988450050354,0.2836201786994934,0.01612730696797371,0.000581195461563766,0.5749727487564087,0.9863952398300171,0.0,0.8295780420303345,0.25103750824928284,0.0005492421332746744,0.019242821261286736,0.0,0.0,0.34809383749961853,0.05771329626441002,7.362469477811828e-05,1.2797420024871826,0.0,0.0
277,4.987637996673584,0.12979993224143982,25.173036575317383,6.12396240234375,0.4534100890159607,45.51263427734375,1.0646324157714844,1.0627390146255493,167.35,1.0421102046966553,0.1209840327501297,0.013896405696868896,2.903301954269409,0.0,0.0,0.32199880480766296,7.778753206366673e-05,0.0061659482307732105,0.942750871181488,0.0,0.0,1.1679682731628418,0.3847983479499817,0.01990133337676525,0.34144216775894165,0.018218711018562317,0.6371312737464905,0.2755066752433777,0.011648149229586124,0.0008181373705156147,0.47121649980545044,0.9796990156173706,0.0,0.7857593297958374,0.2779741883277893,0.0005047968588769436,0.018220050260424614,0.0,0.0,0.34850093722343445,0.055100779980421066,8.888125739758834e-05,1.277182936668396,0.0,0.0
278,3.4234540462493896,0.6963150501251221,22.259700775146484,3.1276934146881104,0.6724636554718018,49.86681365966797,1.0362187623977661,1.0362542867660522,3.31,0.8706628680229187,0.00443878723308444,0.06492912769317627,23.26543426513672,0.0,0.0,0.3153085708618164,1.3596272765425965e-05,0.0026748268865048885,0.6666834950447083,0.0,0.0,1.0190104246139526,0.4094708263874054,0.013427826575934887,0.15611204504966736,0.008563998155295849,0.2542407214641571,0.29778337478637695,0.025149477645754814,0.00039890629705041647,0.7828730940818787,0.9861088395118713,0.0,0.9216753244400024,0.20750689506530762,0.0006210317951627076,0.02097265049815178,0.0,0.0,0.3433549702167511,0.05881284549832344,5.172693636268377e-05,1.287988543510437,0.0,0.0
279,5.147958755493164,0.09727165848016739,12.66064167022705,8.917926788330078,0.7632995247840881,46.605735778808594,0.9172967672348022,0.9169595837593079,40.09,1.0178214311599731,0.148617684841156,0.017599215731024742,3.403388023376465,0.0,0.0,0.3262152075767517,0.00010488712723599747,0.004448004066944122,0.9891883730888367,0.0,0.0,1.0461926460266113,0.35850489139556885,0.014639356173574924,0.27597466111183167,0.012080906890332699,0.5066685080528259,0.2998289465904236,0.025610260665416718,0.0004979927907697856,0.8048179745674133,0.9839092493057251,0.0,0.8809588551521301,0.2168465256690979,0.0005739002954214811,0.01984795741736889,0.0,0.0,0.34191298484802246,0.056721609085798264,5.926415178691968e-05,1.2878130674362183,0.0,0.0
280,4.222207546234131,0.20034842193126678,23.049766540527344,7.046480178833008,0.5327293276786804,52.55181121826172,1.1032516956329346,1.1038377285003662,48.12,1.0264067649841309,0.09500554203987122,0.019326049834489822,3.9835546016693115,0.0,0.0,0.3169250190258026,7.46302685001865e-05,0.005259443074464798,0.8998066782951355,0.0,0.0,1.1280038356781006,0.3863811492919922,0.019757337868213654,0.3443536162376404,0.01810627616941929,0.6459200382232666,0.28252744674682617,0.014960371889173985,0.0007908483385108411,0.5317878723144531,0.9813771843910217,0.0,0.8253902196884155,0.24874453246593475,0.0005388674908317626,0.01895713619887829,0.0,0.0,0.34564217925071716,0.057074036449193954,6.566962110809982e-05,1.285922646522522,0.0,0.0
281,4.5454254150390625,0.7529947757720947,13.413015365600586,7.215786933898926,0.5999910235404968,59.223304748535156,0.8635510206222534,0.8626512885093689,120.78,0.8912235498428345,0.005461778491735458,0.04998864606022835,23.361446380615234,0.0,0.0,0.3179604709148407,9.790592230274342e-07,0.002467462094500661,0.6582635045051575,0.0,0.0,1.1169723272323608,0.33845603466033936,0.01740250736474991,0.3382982313632965,0.015978869050741196,0.6296489238739014,0.2818882465362549,0.016093241050839424,0.0006196821923367679,0.6303406357765198,0.9828096628189087,0.0,0.8360287547111511,0.26040783524513245,0.0005311664426699281,0.01899641938507557,0.0,0.0,0.3426067531108856,0.04985002055764198,0.00011545313464011997,1.2710572481155396,0.0,0.0
282,4.808706283569336,0.7752822637557983,19.234418869018555,3.7679202556610107,0.7030824422836304,48.07913589477539,0.9800961017608643,0.9794003963470459,72.48,0.8807663917541504,0.003414275823161006,0.054760225117206573,27.844074249267578,0.0,0.0,0.31859418749809265,1.0128756002814043e-06,0.0022565156687051058,0.6391686201095581,0.0,0.0,1.0248934030532837,0.3950163424015045,0.012936065904796124,0.16809409856796265,0.00859846267849207,0.28115350008010864,0.29807859659194946,0.02549939602613449,0.0003946272481698543,0.8117605447769165,0.9878637790679932,0.0,0.9148030281066895,0.2107471525669098,0.0006115225260145962,0.02078387700021267,0.0,0.0,0.34274569153785706,0.05771692469716072,5.396091364673339e-05,1.2885584831237793,0.0,0.0
283,1.872780203819275,0.4650467038154602,22.140668869018555,7.9569783210754395,0.6105439066886902,41.452796936035156,1.1737502813339233,1.1739362478256226,13.5,0.8970156908035278,0.027802787721157074,0.05907661095261574,10.71074104309082,0.0,0.0,0.31873223185539246,6.461968587245792e-05,0.0041928598657250404,0.762024462223053,0.0,0.0,1.069158911705017,0.36543887853622437,0.019084209576249123,0.32957592606544495,0.01767769083380699,0.6185351014137268,0.28981152176856995,0.0186793003231287,0.0007816556608304381,0.5936645269393921,0.9860159158706665,0.0,0.8340630531311035,0.2519517242908478,0.0005408013821579516,0.019036563113331795,0.0,0.0,0.3437642753124237,0.054048117250204086,8.718027675058693e-05,1.2762752771377563,0.0,0.0
284,3.3242027759552,0.7239366173744202,28.997987747192383,6.088436603546143,0.45142313838005066,56.4708137512207,1.108120322227478,1.1078954935073853,18.31,0.8895337581634521,0.008434356190264225,0.05927905812859535,20.668193817138672,0.0,0.0,0.32602658867836,9.470384156884393e-07,0.003097949083894491,0.6675858497619629,0.0,0.0,1.153047800064087,0.4187818467617035,0.019875800237059593,0.33239811658859253,0.01856871508061886,0.6232831478118896,0.2760802209377289,0.011774678714573383,0.0008570320787839592,0.4606570899486542,0.985210120677948,0.0,0.8259811401367188,0.24441194534301758,0.0005431892932392657,0.019308259710669518,0.0,0.0,0.34844645857810974,0.056281350553035736,6.89764492562972e-05,1.2866816520690918,0.0,0.0
285,5.163891315460205,0.1352633237838745,16.601011276245117,3.220602035522461,0.5199583172798157,56.52228927612305,0.8484736084938049,0.8488327264785767,49.86,1.007920265197754,0.12574005126953125,0.014269446954131126,3.1955363750457764,0.0,0.0,0.32193490862846375,0.00010055426537292078,0.0048822080716490746,0.9381775856018066,0.0,0.0,1.1346420049667358,0.40365785360336304,0.01579967886209488,0.21126000583171844,0.011337731964886189,0.3586418926715851,0.2802181839942932,0.01550713088363409,0.00047814520075917244,0.6153085231781006,0.9749201536178589,0.0,0.8389319777488708,0.2506513297557831,0.0005439952947199345,0.019222555682063103,0.0,0.0,0.34609749913215637,0.05530900880694389,7.804063352523372e-05,1.2799863815307617,0.0,0.0
286,4.292398929595947,0.28068697452545166,18.483814239501953,6.074609756469727,0.6583583354949951,43.79363250732422,1.0554194450378418,1.0523006916046143,280.81,1.0151151418685913,0.06688115000724792,0.02786565199494362,6.349013805389404,0.0,0.0,0.30599021911621094,5.996797699481249e-05,0.004100268706679344,0.8641983270645142,0.0,0.0,1.077865719795227,0.37268537282943726,0.016217805445194244,0.2588885724544525,0.01304920669645071,0.4664856493473053,0.29356712102890015,0.021692922338843346,0.000572365359403193,0.6986647844314575,0.9807334542274475,0.0,0.8642977476119995,0.23422496020793915,0.0005659405142068863,0.01963064633309841,0.0,0.0,0.3433159291744232,0.056304238736629486,6.700417725369334e-05,1.284144401550293,0.0,0.0
287,2.6917219161987305,0.3755129873752594,16.77456283569336,9.304702758789062,0.41994407773017883,50.15203857421875,0.98982173204422,0.9894574284553528,37.2,0.9854983687400818,0.05110985413193703,0.033982936292886734,7.983998775482178,0.0,0.0,0.30987831950187683,1.3284470696817152e-05,0.0052795447409152985,0.8168408274650574,0.0,0.0,1.2431849241256714,0.33354365825653076,0.02255004085600376,0.505035936832428,0.023983052000403404,0.9776859283447266,0.2639380395412445,0.007760724984109402,0.0009304718696512282,0.43377143144607544,0.9768247008323669,0.0,0.8100290298461914,0.2565213143825531,0.0005141139263287187,0.018840186297893524,0.0,0.0,0.3470974266529083,0.05316581949591637,7.030949200270697e-05,1.2896615266799927,0.0,0.0
288,3.6929683685302734,0.4557363986968994,25.094371795654297,2.573312997817993,0.6008943319320679,45.90745544433594,1.0161503553390503,1.0139323472976685,215.28,0.962133526802063,0.02527649700641632,0.04458419606089592,12.200492858886719,0.0,0.0,0.30508124828338623,4.463697041501291e-05,0.003393033053725958,0.7748429775238037,0.0,0.0,1.0490524768829346,0.41241103410720825,0.014375640079379082,0.154921755194664,0.009152107872068882,0.25142043828964233,0.29284703731536865,0.021591749042272568,0.000431806780397892,0.7061825394630432,0.9868330955505371,0.0,0.8670321106910706,0.23634707927703857,0.0005776092293672264,0.01985061541199684,0.0,0.0,0.3454320430755615,0.057908229529857635,6.885070615680888e-05,1.279784083366394,0.0,0.0
289,1.0453829765319824,0.46406593918800354,15.906609535217285,2.5496156215667725,0.5272061824798584,49.27668762207031,0.8793522119522095,0.8806765675544739,171.01,0.8165686726570129,0.02550223097205162,0.07846014946699142,12.397833824157715,0.0,0.0,0.33663511276245117,9.723390394356102e-05,0.0036736601032316685,0.7847533226013184,0.0,0.0,1.114768624305725,0.4263855218887329,0.015176692046225071,0.1774197220802307,0.010073556564748287,0.28894612193107605,0.2811907231807709,0.0171207282692194,0.0004239998816046864,0.6404774188995361,0.9776113033294678,0.0,0.8660385012626648,0.22833356261253357,0.0005727638490498066,0.02004791982471943,0.0,0.0,0.3463509678840637,0.055927496403455734,6.568952085217461e-05,1.2851048707962036,0.0,0.0
290,1.9230461120605469,0.804762065410614,21.15353012084961,7.492443561553955,0.6773128509521484,57.7639045715332,1.1804066896438599,1.17927086353302,81.6,0.7633765339851379,0.007853545248508453,0.09237431734800339,25.3428897857666,0.0,0.0,0.34104061126708984,4.134776463615708e-05,0.0016873463755473495,0.6254792809486389,0.0,0.0,1.0151023864746094,0.3970693349838257,0.01701417565345764,0.28196829557418823,0.014850073494017124,0.5201058983802795,0.2960290014743805,0.022906484082341194,0.0006564573850482702,0.6817363500595093,0.9890678524971008,0.0,0.9122802019119263,0.20447315275669098,0.0006085288478061557,0.020732495933771133,0.0,0.0,0.3419632911682129,0.05722792446613312,5.463958586915396e-05,1.2880253791809082,0.0,0.0
291,5.380914688110352,0.211187943816185,15.740768432617188,9.770402908325195,0.722080409526825,43.848060607910156,1.0282492637634277,1.0294915437698364,117.35,1.0555609464645386,0.09288307279348373,0.024017056450247765,5.736206531524658,0.0,0.0,0.3032147288322449,5.1025202992605045e-05,0.004309466574341059,0.9151183366775513,0.0,0.0,1.0690776109695435,0.351534903049469,0.016554255038499832,0.3190135955810547,0.014812221750617027,0.5937328934669495,0.2969963550567627,0.02310333028435707,0.0006093346746638417,0.731499195098877,0.9834279417991638,0.0,0.8654406666755676,0.22998616099357605,0.000562704517506063,0.019566459581255913,0.0,0.0,0.3422048091888428,0.05619433522224426,6.38201818219386e-05,1.2869445085525513,0.0,0.0
292,2.7951979637145996,0.6820366382598877,26.594806671142578,3.083008289337158,0.45638737082481384,45.33501052856445,1.0006086826324463,0.998938798904419,167.06,0.8674085736274719,0.00591268902644515,0.0662141665816307,19.435855865478516,0.0,0.0,0.32677629590034485,1.0870698133658152e-05,0.003690888173878193,0.6916021704673767,0.0,0.0,1.1221684217453003,0.43375006318092346,0.01649787649512291,0.20674501359462738,0.012478070333600044,0.35582995414733887,0.2784905731678009,0.01386189740151167,0.0005954157095402479,0.53611820936203,0.9862906336784363,0.0,0.8241177797317505,0.25536680221557617,0.0005429343436844647,0.01929554156959057,0.0,0.0,0.349780797958374,0.05638513341546059,8.131744834827259e-05,1.2775992155075073,0.0,0.0
293,1.0043671131134033,0.19983451068401337,36.113407135009766,3.2615766525268555,0.48866280913352966,41.87215042114258,1.1083240509033203,1.108947515487671,50.73,0.7905375957489014,0.09570673108100891,0.05218501016497612,4.083980083465576,0.0,0.0,0.37438830733299255,0.00022512565192300826,0.004490856546908617,0.913985013961792,0.0,0.0,1.043710470199585,0.3836486339569092,0.016626941040158272,0.19874738156795502,0.012501119635999203,0.34717246890068054,0.28381386399269104,0.015349864959716797,0.0006333109922707081,0.5530949831008911,0.995688796043396,0.0,0.7476512789726257,0.3230416476726532,0.00047039223136380315,0.01722492091357708,0.0,0.0,0.3490006625652313,0.04922657087445259,0.0001826233055908233,1.2403348684310913,0.0,0.0
294,2.92891001701355,0.03215564042329788,31.484926223754883,1.6556594371795654,0.6578185558319092,47.873619079589844,1.009920597076416,1.0100224018096924,9.98,0.8250797986984253,0.18600036203861237,0.020361682400107384,1.6972543001174927,0.0,0.0,0.3855630159378052,0.00029755401192232966,0.00357006280682981,1.0002368688583374,0.0,0.0,0.971200704574585,0.4082915484905243,0.012846872210502625,0.1101272702217102,0.006337981205433607,0.16077975928783417,0.3005431592464447,0.026834018528461456,0.0002990492503158748,0.8057094216346741,0.9897812008857727,0.0,0.8739165663719177,0.2265840321779251,0.0005858243093825877,0.019829465076327324,0.0,0.0,0.34417831897735596,0.05830655246973038,7.052312867017463e-05,1.2759708166122437,0.0,0.0
295,4.414229869842529,0.46511149406433105,27.336013793945312,2.12756085395813,0.49679794907569885,53.55646514892578,0.948981523513794,0.9519435167312622,327.88,0.9978920817375183,0.025586511939764023,0.03852760046720505,12.478713035583496,0.0,0.0,0.3020930886268616,1.8794728021021e-05,0.003518501529470086,0.7774397134780884,0.0,0.0,1.1137746572494507,0.45561179518699646,0.015255146659910679,0.15805917978286743,0.009870692156255245,0.25392353534698486,0.2835616171360016,0.016580913215875626,0.00047661125427111983,0.6021923422813416,0.9832332134246826,0.0,0.8545793294906616,0.23625504970550537,0.0005720697809010744,0.01982693560421467,0.0,0.0,0.348458856344223,0.059335604310035706,6.166457751533017e-05,1.284932017326355,0.0,0.0
296,1.652862787246704,0.10330461710691452,20.295276641845703,3.3153226375579834,0.5415250062942505,52.447505950927734,1.0058009624481201,1.0062215328216553,41.56,0.8137626051902771,0.1422090083360672,0.0348760150372982,2.4802019596099854,0.0,0.0,0.38161522150039673,0.00024247636611107737,0.004419026896357536,0.9607493877410889,0.0,0.0,1.070298671722412,0.4309464991092682,0.016063038259744644,0.20172445476055145,0.011454031802713871,0.3480345606803894,0.284980833530426,0.017958512529730797,0.0005071273189969361,0.6253955960273743,0.9863208532333374,0.0,0.8468388915061951,0.23051878809928894,0.0005657492438331246,0.019600966945290565,0.0,0.0,0.34642136096954346,0.059244368225336075,5.163326932233758e-05,1.2898681163787842,0.0,0.0
297,3.779655694961548,0.25076526403427124,25.494373321533203,1.884592890739441,0.581743597984314,49.180145263671875,0.9507149457931519,0.9489645957946777,194.01,0.9650858044624329,0.0766904279589653,0.029878152534365654,6.0949225425720215,0.0,0.0,0.32306742668151855,0.00012155585136497393,0.003825671970844269,0.8784194588661194,0.0,0.0,1.049420952796936,0.4340582489967346,0.014082896523177624,0.13231025636196136,0.00814277958124876,0.2038569450378418,0.29191866517066956,0.021302418783307076,0.0003837262629531324,0.7051781415939331,0.9864484667778015,0.0,0.869921863079071,0.228776752948761,0.0005847581196576357,0.019975431263446808,0.0,0.0,0.3463001549243927,0.059996407479047775,5.707417585654184e-05,1.284583568572998,0.0,0.0
298,1.1058014631271362,0.11458885669708252,15.35915756225586,6.795830726623535,0.6021268963813782,50.6845817565918,1.0449081659317017,1.0449457168579102,3.44,0.7938382029533386,0.157185360789299,0.04067893326282501,2.7620596885681152,0.0,0.0,0.38110336661338806,0.0002208400546805933,0.004299068823456764,0.9551548361778259,0.0,0.0,1.0895205736160278,0.3737379312515259,0.018272729590535164,0.3130311965942383,0.01561270747333765,0.5786691308021545,0.2862219214439392,0.018594346940517426,0.0006386339664459229,0.6241462230682373,0.9819089770317078,0.0,0.847869873046875,0.229783296585083,0.0005513220676220953,0.01944061554968357,0.0,0.0,0.34351474046707153,0.05369889363646507,7.334602560149506e-05,1.2854543924331665,0.0,0.0
299,1.6068668365478516,0.941708505153656,14.545916557312012,9.414300918579102,0.7374398112297058,50.872283935546875,1.0867984294891357,1.0868257284164429,2.31,0.6719820499420166,0.025793755427002907,0.10532943904399872,31.334087371826172,0.0,0.0,0.36875829100608826,7.71140621509403e-05,0.0014504175633192062,0.5869076251983643,0.0,0.0,0.9918091893196106,0.3695688545703888,0.016003083437681198,0.2986932098865509,0.014358483254909515,0.5587470531463623,0.29737433791160583,0.024451235309243202,0.0005955428350716829,0.746074378490448,0.9929748177528381,0.0,0.9042496085166931,0.20772619545459747,0.000595359830185771,0.020532047376036644,0.0,0.0,0.34091973304748535,0.05475662276148796,6.29174683126621e-05,1.2845200300216675,0.0,0.0
300,2.8026607036590576,0.24549919366836548,44.89113998413086,1.7757405042648315,0.5510857701301575,49.08967590332031,1.0507285594940186,1.0514378547668457,64.2,0.8928127288818359,0.07854143530130386,0.036644238978624344,5.503713607788086,0.0,0.0,0.33778443932533264,0.00016131314623635262,0.0027721163351088762,0.8986402153968811,0.0,0.0,1.011703610420227,0.3666864037513733,0.013994703069329262,0.13667646050453186,0.008253997191786766,0.2139018177986145,0.2895878553390503,0.019190901890397072,0.0004062562366016209,0.6732926368713379,0.9936137199401855,0.0,0.7672894597053528,0.3327358067035675,0.00047384208301082253,0.017202746123075485,0.0,0.0,0.34563547372817993,0.046178169548511505,0.000237859261687845,1.2223048210144043,0.0,0.0
301,2.8628435134887695,0.023675499483942986,22.478700637817383,1.9224518537521362,0.624432384967804,56.472145080566406,0.9539424777030945,0.95405113697052,11.94,0.833193838596344,0.19696570932865143,0.01826930046081543,1.5264711380004883,0.0,0.0,0.3874431550502777,0.00027602651971392334,0.0039061419665813446,1.0038731098175049,0.0,0.0,1.0107593536376953,0.44213172793388367,0.013507130555808544,0.12536154687404633,0.007404590956866741,0.19252681732177734,0.29512959718704224,0.023833859711885452,0.00033576387795619667,0.7595222592353821,0.9907054305076599,0.0,0.8950983285903931,0.20263665914535522,0.000608828675467521,0.020518146455287933,0.0,0.0,0.3451361060142517,0.06202218309044838,3.830115019809455e-05,1.2945085763931274,0.0,0.0
302,3.5312979221343994,0.9806779623031616,25.523162841796875,7.773905277252197,0.5315556526184082,59.4813346862793,1.1377049684524536,1.1357688903808594,149.83,0.733547568321228,0.03148191049695015,0.07250429689884186,30.916183471679688,0.0,0.0,0.37923192977905273,5.542800136026926e-05,0.0019355244003236294,0.5718830823898315,0.0,0.0,1.0778555870056152,0.40698304772377014,0.02030893974006176,0.3625473082065582,0.019508644938468933,0.6972211003303528,0.2819143235683441,0.014660145156085491,0.0008473119232803583,0.5140618681907654,0.9924686551094055,0.0,0.8626334071159363,0.21693991124629974,0.0005687663215212524,0.019956296309828758,0.0,0.0,0.34532108902931213,0.057240959256887436,5.638098809868097e-05,1.2894493341445923,0.0,0.0
303,3.1769728660583496,0.3065847158432007,19.64479637145996,2.9338438510894775,0.6761240363121033,54.49223709106445,0.9891636371612549,0.988608181476593,56.8,0.9307962656021118,0.06062285602092743,0.039193782955408096,7.997217178344727,0.0,0.0,0.32062336802482605,0.00011761307541746646,0.003463381202891469,0.8474579453468323,0.0,0.0,1.0185928344726562,0.40843355655670166,0.013206694275140762,0.1484910547733307,0.008066587150096893,0.24148423969745636,0.2976590096950531,0.025257309898734093,0.0003685577248688787,0.7969524264335632,0.9882444739341736,0.0,0.9173702001571655,0.20309004187583923,0.0006174221634864807,0.020817967131733894,0.0,0.0,0.3433360457420349,0.0597800612449646,4.683531369664706e-05,1.2899575233459473,0.0,0.0
304,2.5959651470184326,0.6299453973770142,23.483932495117188,5.302079200744629,0.4289083182811737,52.92972946166992,1.0276049375534058,1.0235027074813843,390.04,0.8984385132789612,0.009713930077850819,0.06133783608675003,16.90862274169922,0.0,0.0,0.32117557525634766,9.348674439024762e-07,0.003656146116554737,0.7102606296539307,0.0,0.0,1.181571125984192,0.42063358426094055,0.019051508978009224,0.3166103661060333,0.01726669818162918,0.5869492888450623,0.2721799314022064,0.010910523124039173,0.0007702512666583061,0.4676670432090759,0.9832510948181152,0.0,0.8215367794036865,0.24732224643230438,0.0005395531188696623,0.01926581747829914,0.0,0.0,0.3490450084209442,0.05669470503926277,6.281392415985465e-05,1.2890808582305908,0.0,0.0
305,3.2123188972473145,0.5026477575302124,21.236557006835938,7.131842136383057,0.5163414478302002,53.89520263671875,1.073933482170105,1.0743720531463623,38.01,0.9668706655502319,0.023007230833172798,0.04511556774377823,12.128632545471191,0.0,0.0,0.3053721487522125,5.865294497198192e-06,0.0038105903659015894,0.7529373168945312,0.0,0.0,1.1463921070098877,0.3838422894477844,0.019846433773636818,0.3592241406440735,0.01865111105144024,0.6754668951034546,0.27927783131599426,0.013813725672662258,0.0007962145027704537,0.5187364816665649,0.9813137054443359,0.0,0.8376743793487549,0.24357976019382477,0.0005466383299790323,0.019312523305416107,0.0,0.0,0.34566739201545715,0.05588553473353386,6.644091627094895e-05,1.2869819402694702,0.0,0.0
306,4.92647647857666,0.5315665602684021,37.14580535888672,3.0385751724243164,0.5874329805374146,49.06809616088867,1.1361421346664429,1.134450912475586,131.21,0.9814971089363098,0.013792569749057293,0.03975855931639671,14.800237655639648,0.0,0.0,0.29617398977279663,1.0678274975362e-06,0.0029478459618985653,0.748725950717926,0.0,0.0,1.0334511995315552,0.3868420124053955,0.015153573825955391,0.17150647938251495,0.010554742068052292,0.2892189025878906,0.2934379577636719,0.02069270610809326,0.0005260285106487572,0.6658822894096375,0.9912240505218506,0.0,0.8082775473594666,0.2909388840198517,0.0005198133876547217,0.018252674490213394,0.0,0.0,0.3445301055908203,0.051342036575078964,0.00015086497296579182,1.251518726348877,0.0,0.0
307,3.6926982402801514,0.9539062976837158,32.41072463989258,6.9951171875,0.5295761823654175,53.22788619995117,1.1916029453277588,1.1902010440826416,98.85,0.7577949166297913,0.028732022270560265,0.06842811405658722,29.645267486572266,0.0,0.0,0.3709963262081146,4.816462751477957e-05,0.00245700404047966,0.5767566561698914,0.0,0.0,1.0640811920166016,0.40036627650260925,0.01999463140964508,0.3248923420906067,0.01868709735572338,0.6167634725570679,0.284615695476532,0.015246800146996975,0.0008690216345712543,0.5089104175567627,0.9920271635055542,0.0,0.8305057883262634,0.24468573927879333,0.0005401021335273981,0.01915888674557209,0.0,0.0,0.34570756554603577,0.05422571301460266,9.2431997472886e-05,1.2749098539352417,0.0,0.0
308,2.1856658458709717,0.5609971880912781,13.271957397460938,4.1015143394470215,0.5862289071083069,46.403846740722656,0.875015139579773,0.8755028247833252,63.66,0.8872817754745483,0.012936552055180073,0.06585904955863953,16.688199996948242,0.0,0.0,0.3159550428390503,3.0668968975078315e-05,0.0033929392229765654,0.736295223236084,0.0,0.0,1.1296323537826538,0.39240750670433044,0.01567596197128296,0.2293831706047058,0.011626987718045712,0.3963810205459595,0.2836928963661194,0.018284998834133148,0.00047014906886033714,0.6712580323219299,0.9753457903862,0.0,0.8749279975891113,0.2272418886423111,0.0005695350700989366,0.020022422075271606,0.0,0.0,0.34426814317703247,0.05381086841225624,7.70352125982754e-05,1.2824569940567017,0.0,0.0
309,4.18599271774292,0.9838742613792419,38.91527557373047,3.262453079223633,0.5533488392829895,51.19295120239258,1.1423360109329224,1.1408475637435913,114.21,0.7279143333435059,0.030964937061071396,0.06927212327718735,32.20033645629883,0.0,0.0,0.3761979639530182,5.0637474487302825e-05,0.0019120387732982635,0.5792433619499207,0.0,0.0,1.0079963207244873,0.3996782600879669,0.01595357619225979,0.18658694624900818,0.011486342176795006,0.32051682472229004,0.2900198698043823,0.01888730749487877,0.0005689396639354527,0.6214656829833984,0.9934380650520325,0.0,0.8196458220481873,0.2697027325630188,0.0005265888175927103,0.018718812614679337,0.0,0.0,0.3455519676208496,0.050905268639326096,0.00014477793592959642,1.2525883913040161,0.0,0.0
310,3.92191743850708,0.5514085292816162,25.366661071777344,5.261930465698242,0.7255792021751404,59.09562683105469,1.187837839126587,1.186968207359314,61.68,0.9560713171958923,0.012282287701964378,0.04931005463004112,16.399883270263672,0.0,0.0,0.30018672347068787,1.5843512301216833e-05,0.002741966163739562,0.7284125685691833,0.0,0.0,1.0017156600952148,0.4093867242336273,0.014169525355100632,0.19412650167942047,0.010544238612055779,0.3430207073688507,0.30316880345344543,0.02724914811551571,0.0005070487386547029,0.7868965864181519,0.9922428727149963,0.0,0.9323776960372925,0.19797898828983307,0.0006307274452410638,0.021011747419834137,0.0,0.0,0.34157562255859375,0.06047147884964943,4.3448333599371836e-05,1.292338490486145,0.0,0.0
311,5.346286296844482,0.6024379730224609,29.44133758544922,2.5188422203063965,0.47572213411331177,42.142852783203125,0.9751607179641724,0.9757896661758423,66.1,0.9689629673957825,0.007542729843407869,0.04181233420968056,16.922130584716797,0.0,0.0,0.3042249381542206,1.0081226946567767e-06,0.003236915683373809,0.7228899002075195,0.0,0.0,1.1154216527938843,0.41281643509864807,0.01571063883602619,0.17859606444835663,0.010959873907268047,0.2953842878341675,0.28140145540237427,0.015092141926288605,0.0005404700641520321,0.5662685036659241,0.9834961295127869,0.0,0.7978076934814453,0.2883321940898895,0.0005151621298864484,0.018462156876921654,0.0,0.0,0.3491828441619873,0.05288279056549072,0.00012807977327611297,1.2607336044311523,0.0,0.0
312,5.0174970626831055,0.847282886505127,22.361433029174805,9.954797744750977,0.5210751891136169,42.34396743774414,1.0890177488327026,1.0876812934875488,112.83,0.8707980513572693,0.020097533240914345,0.046074122190475464,24.82192039489746,0.0,0.0,0.3434603810310364,4.49974431830924e-05,0.0034434122499078512,0.610305666923523,0.0,0.0,1.1395844221115112,0.34317994117736816,0.021798457950353622,0.45164743065834045,0.022516507655382156,0.8753137588500977,0.2771112620830536,0.012443783693015575,0.0009150131954811513,0.49430206418037415,0.9851157665252686,0.0,0.8244293928146362,0.24847586452960968,0.0005257019074633718,0.019038354977965355,0.0,0.0,0.345639705657959,0.052956853061914444,8.542300929548219e-05,1.2811236381530762,0.0,0.0
313,5.203125953674316,0.3378715515136719,19.82515525817871,9.219552993774414,0.4344853162765503,45.01176071166992,1.0085524320602417,1.0098727941513062,129.64,1.0736294984817505,0.05927671119570732,0.022164544090628624,7.775002956390381,0.0,0.0,0.29151400923728943,8.694142934473348e-07,0.0053604706190526485,0.8279206156730652,0.0,0.0,1.2422857284545898,0.3324892222881317,0.02231833152472973,0.48883259296417236,0.023319486528635025,0.9430461525917053,0.26717984676361084,0.00846139993518591,0.0009288971195928752,0.44016388058662415,0.9755927920341492,0.0,0.799774169921875,0.2665256857872009,0.0005068886675871909,0.01856781169772148,0.0,0.0,0.34765100479125977,0.05347893387079239,7.687255128985271e-05,1.286787748336792,0.0,0.0
314,3.95527720451355,0.23491740226745605,28.559940338134766,4.52894401550293,0.43106985092163086,44.119380950927734,1.0541880130767822,1.0560572147369385,167.9,1.0141302347183228,0.08092385530471802,0.023030411452054977,4.560605525970459,0.0,0.0,0.3198784589767456,6.967152876313776e-05,0.005537271965295076,0.8934957385063171,0.0,0.0,1.1536412239074707,0.40248584747314453,0.01847214624285698,0.2741895318031311,0.015744855627417564,0.5001888275146484,0.2755947709083557,0.011723031289875507,0.0007541101658716798,0.4744333028793335,0.9840731024742126,0.0,0.7724552750587463,0.2922459840774536,0.000496351218316704,0.01798252761363983,0.0,0.0,0.35004279017448425,0.05449669808149338,0.00010843422205653042,1.2680989503860474,0.0,0.0
315,3.894375801086426,0.6361703276634216,18.436416625976562,7.077579975128174,0.7269862294197083,56.20723342895508,1.096136450767517,1.0958412885665894,24.57,0.9256801009178162,0.006350670009851456,0.05320626497268677,20.06907844543457,0.0,0.0,0.3041938841342926,1.1788392839662265e-06,0.0025156610645353794,0.6987041234970093,0.0,0.0,1.027735710144043,0.3800065517425537,0.014928746968507767,0.24808581173419952,0.012403829954564571,0.45004820823669434,0.2993144392967224,0.025103973224759102,0.0005544937448576093,0.762769341468811,0.9881474375724792,0.0,0.8972469568252563,0.21989154815673828,0.00059538334608078,0.020247679203748703,0.0,0.0,0.3413950800895691,0.056882575154304504,6.083668631617911e-05,1.2860509157180786,0.0,0.0
316,4.824217319488525,0.9057862758636475,30.592710494995117,5.447634220123291,0.46567294001579285,49.785987854003906,1.0949851274490356,1.095963478088379,81.52,0.8162553906440735,0.01922032982110977,0.05399011820554733,27.43968391418457,0.0,0.0,0.36005935072898865,3.75119925593026e-05,0.003089931095018983,0.6032401919364929,0.0,0.0,1.1123172044754028,0.40886056423187256,0.019057875499129295,0.3007296025753021,0.017077697440981865,0.5592274069786072,0.2779916822910309,0.012722382321953773,0.0008022162946872413,0.48408591747283936,0.9882484078407288,0.0,0.8138983845710754,0.25660088658332825,0.0005275116418488324,0.018950674682855606,0.0,0.0,0.34827980399131775,0.05441126227378845,9.55570867517963e-05,1.2739014625549316,0.0,0.0
317,3.4759161472320557,0.8619967699050903,25.170177459716797,3.626575231552124,0.6899715065956116,59.32879638671875,1.1111809015274048,1.115525722503662,350.52,0.7940259575843811,0.012078970670700073,0.07651426643133163,30.9287109375,0.0,0.0,0.3415292203426361,2.0877607312286273e-05,0.0018650201382115483,0.6043607592582703,0.0,0.0,0.989991307258606,0.42561113834381104,0.013669900596141815,0.16406844556331635,0.009015187621116638,0.27595263719558716,0.3001492917537689,0.02628527209162712,0.0004238836991135031,0.7873003482818604,0.991705596446991,0.0,0.950783371925354,0.18618929386138916,0.0006469589425250888,0.02159515954554081,0.0,0.0,0.34262675046920776,0.060459841042757034,4.1147213778458536e-05,1.2930443286895752,0.0,0.0
318,4.282894611358643,0.8752956986427307,19.401348114013672,3.6660573482513428,0.5237894058227539,49.436649322509766,0.9262113571166992,0.9252704977989197,109.79,0.814704179763794,0.012710455805063248,0.0611647292971611,29.631813049316406,0.0,0.0,0.34858766198158264,1.6511145076947287e-05,0.002775751054286957,0.6102339029312134,0.0,0.0,1.114161729812622,0.42331448197364807,0.016133809462189674,0.22603467106819153,0.012259234674274921,0.3927798569202423,0.280315637588501,0.015754222869873047,0.0005271879490464926,0.6028908491134644,0.9816082715988159,0.0,0.8688495755195618,0.22605276107788086,0.0005726502276957035,0.020121196284890175,0.0,0.0,0.3464756906032562,0.05660759657621384,6.275784107856452e-05,1.2862579822540283,0.0,0.0
319,5.220785140991211,0.00634336331859231,27.563386917114258,3.308624029159546,0.5618422031402588,50.936832427978516,1.0840314626693726,1.0819213390350342,179.92,0.9799192547798157,0.1875476986169815,0.008422283455729485,1.0320652723312378,0.0,0.0,0.3537619113922119,0.00017604505410417914,0.005401325412094593,1.0183405876159668,0.0,0.0,1.0554320812225342,0.432029664516449,0.015986276790499687,0.1901041567325592,0.011293206363916397,0.3284737169742584,0.2901615500450134,0.019239814952015877,0.0005354123422876,0.6363815665245056,0.9899243116378784,0.0,0.8304761648178101,0.2443302869796753,0.000552396522834897,0.019048215821385384,0.0,0.0,0.34654903411865234,0.06013103574514389,6.216648034751415e-05,1.28336501121521,0.0,0.0
320,3.848872184753418,0.08137177675962448,14.387210845947266,6.327817440032959,0.5706811547279358,57.90458679199219,0.9404473900794983,0.9412831664085388,94.41,0.9565663933753967,0.1588471531867981,0.01246045995503664,1.9847404956817627,0.0,0.0,0.34373706579208374,0.0001424049842171371,0.005340171046555042,0.974001944065094,0.0,0.0,1.1212767362594604,0.35508981347084045,0.01797693595290184,0.3198721408843994,0.015511938370764256,0.5829631686210632,0.2822929620742798,0.01619238406419754,0.0006231488659977913,0.6068354249000549,0.9754062294960022,0.0,0.8227753639221191,0.26108890771865845,0.0005253558629192412,0.018715018406510353,0.0,0.0,0.34372350573539734,0.052262067794799805,9.770150063559413e-05,1.2759777307510376,0.0,0.0
321,4.094543933868408,0.7974686622619629,29.338088989257812,8.600567817687988,0.436923623085022,59.73509216308594,1.1344207525253296,1.1315650939941406,222.46,0.8878003358840942,0.014599508605897427,0.051504507660865784,22.610319137573242,0.0,0.0,0.3352062404155731,3.2121788535732776e-06,0.003029076149687171,0.6354668140411377,0.0,0.0,1.171154499053955,0.38649100065231323,0.022325821220874786,0.4326338768005371,0.0232278760522604,0.8426769971847534,0.27233338356018066,0.009674561209976673,0.0010304867755621672,0.41339176893234253,0.9869592189788818,0.0,0.819602370262146,0.2446492463350296,0.0005323151708580554,0.019140176475048065,0.0,0.0,0.3479173481464386,0.05529656261205673,6.929319351911545e-05,1.2878015041351318,0.0,0.0
322,5.863839149475098,0.4688858687877655,24.06324005126953,3.4840359687805176,0.6457842588424683,50.00783157348633,1.0370100736618042,1.0363612174987793,60.37,1.0307825803756714,0.020385107025504112,0.034840911626815796,13.41592025756836,0.0,0.0,0.288514643907547,1.004954810923664e-06,0.002983174053952098,0.7703465223312378,0.0,0.0,1.0532320737838745,0.40968647599220276,0.014316316694021225,0.1756742000579834,0.009793371893465519,0.29695960879325867,0.29570508003234863,0.02295653708279133,0.0004588963638525456,0.7367580533027649,0.9871262311935425,0.0,0.8804939389228821,0.22708849608898163,0.0005880551761947572,0.020028144121170044,0.0,0.0,0.34413257241249084,0.05905802175402641,5.8591402193997055e-05,1.2863320112228394,0.0,0.0
323,2.2764768600463867,0.3578784763813019,26.924884796142578,3.3783438205718994,0.4068944454193115,59.565940856933594,0.997136116027832,0.9972232580184937,8.76,0.9294739961624146,0.046531111001968384,0.04778660088777542,7.838496208190918,0.0,0.0,0.32946112751960754,6.684898835374042e-05,0.0038974855560809374,0.8381235599517822,0.0,0.0,1.1702485084533691,0.4679316580295563,0.01730852946639061,0.23082327842712402,0.013492676429450512,0.40596532821655273,0.27327200770378113,0.011622017249464989,0.0006477080751210451,0.4856449067592621,0.9832545518875122,0.0,0.8358377814292908,0.2321745604276657,0.0005581274745054543,0.019694866612553596,0.0,0.0,0.35077419877052307,0.059708625078201294,5.0015263695968315e-05,1.292749047279358,0.0,0.0
324,5.424245834350586,0.5950868725776672,33.15472412109375,7.829636096954346,0.5129343867301941,52.6080207824707,1.1890349388122559,1.1896460056304932,43.2,1.0092865228652954,0.016326243057847023,0.03605155646800995,15.29252815246582,0.0,0.0,0.29844099283218384,9.91171873465646e-07,0.003772488795220852,0.7108105421066284,0.0,0.0,1.1233744621276855,0.3737516403198242,0.020848631858825684,0.3603719472885132,0.02043513022363186,0.6875842809677124,0.2824332118034363,0.013682163320481777,0.0009534055134281516,0.4788075387477875,0.9863512516021729,0.0,0.7950031161308289,0.2815774977207184,0.0005083367577753961,0.018197674304246902,0.0,0.0,0.34568625688552856,0.05227894335985184,0.0001224422885570675,1.267547369003296,0.0,0.0
325,5.500818252563477,0.7896744012832642,19.423097610473633,4.189932346343994,0.5258018374443054,59.24200439453125,0.9189236760139465,0.9191038012504578,21.33,0.8778582811355591,0.00666491873562336,0.048125844448804855,28.808595657348633,0.0,0.0,0.3274327516555786,9.186073270939232e-07,0.002392449416220188,0.6382076144218445,0.0,0.0,1.1412174701690674,0.40421223640441895,0.016634853556752205,0.2487560212612152,0.013072110712528229,0.4398559629917145,0.2798038125038147,0.015196050517261028,0.0005570947541855276,0.5936096906661987,0.9789021015167236,0.0,0.8577336668968201,0.23580750823020935,0.0005586242186836898,0.019783973693847656,0.0,0.0,0.34565573930740356,0.05382252857089043,8.111117494991049e-05,1.2820082902908325,0.0,0.0
326,3.4844954013824463,0.711499035358429,15.895089149475098,7.557163715362549,0.6719474196434021,46.79115676879883,1.0231531858444214,1.024944543838501,170.82,0.8829238414764404,0.006392290815711021,0.05940822511911392,22.73073959350586,0.0,0.0,0.31462815403938293,2.9502664347091923e-06,0.0027338028885424137,0.6676053404808044,0.0,0.0,1.0857990980148315,0.36286354064941406,0.01668410375714302,0.30220767855644226,0.014470868743956089,0.5463094115257263,0.29176369309425354,0.021265719085931778,0.0006026470800861716,0.6941765546798706,0.9760956764221191,0.0,0.8930970430374146,0.22191599011421204,0.0005841314559802413,0.020319916307926178,0.0,0.0,0.3424115777015686,0.05409098416566849,6.813951040385291e-05,1.2858045101165771,0.0,0.0
327,1.761111855506897,0.4055284559726715,13.93760871887207,4.057492256164551,0.699560284614563,49.86532211303711,0.9431749582290649,0.9452822804450989,236.36,0.8599197864532471,0.03663649782538414,0.06349505484104156,11.17895793914795,0.0,0.0,0.32616934180259705,0.00011658635048661381,0.0031910871621221304,0.8041104078292847,0.0,0.0,1.0384986400604248,0.3801112473011017,0.01350783184170723,0.18152426183223724,0.008894707076251507,0.306138277053833,0.29597148299217224,0.02522057667374611,0.00038638300611637533,0.8064729571342468,0.9805614948272705,0.0,0.903542160987854,0.2116519659757614,0.0005972456419840455,0.020471571013331413,0.0,0.0,0.3422093093395233,0.05569586157798767,6.351779302349314e-05,1.2837871313095093,0.0,0.0
328,4.26784610748291,0.16007138788700104,22.471040725708008,3.7292795181274414,0.5073116421699524,50.9752311706543,0.9990254640579224,0.9981482028961182,87.97,0.9970303177833557,0.1084909588098526,0.01801598258316517,3.369858980178833,0.0,0.0,0.3280457556247711,0.0001103631584555842,0.005022818688303232,0.9267092943191528,0.0,0.0,1.120935082435608,0.42392343282699585,0.016887255012989044,0.2282341867685318,0.012777735479176044,0.39961016178131104,0.28196126222610474,0.015653060749173164,0.0005768459523096681,0.5761216878890991,0.9803444743156433,0.0,0.8351832032203674,0.2439390867948532,0.0005515719531103969,0.019292525947093964,0.0,0.0,0.34737786650657654,0.05863917991518974,6.0654761909972876e-05,1.2860686779022217,0.0,0.0
329,2.189910650253296,0.5318671464920044,23.367403030395508,4.11251974105835,0.5110527873039246,57.133663177490234,1.0487289428710938,1.044990062713623,341.17,0.8892329931259155,0.015186287462711334,0.06476156413555145,13.85104751586914,0.0,0.0,0.32044604420661926,3.6715537135023624e-05,0.0031461133621633053,0.7462860941886902,0.0,0.0,1.110664963722229,0.43525347113609314,0.017193958163261414,0.24078479409217834,0.013604635372757912,0.4285992980003357,0.28214532136917114,0.01580067351460457,0.0006159647600725293,0.5678322911262512,0.9845449924468994,0.0,0.8665132522583008,0.22338798642158508,0.0005782512598671019,0.020076962187886238,0.0,0.0,0.34688645601272583,0.05868077278137207,5.396079723141156e-05,1.2898528575897217,0.0,0.0
330,1.5348252058029175,0.3355126976966858,32.58706283569336,2.7363107204437256,0.6912844181060791,55.931861877441406,1.15776789188385,1.1576873064041138,6.01,0.8216212391853333,0.05148133262991905,0.06575070321559906,8.927263259887695,0.0,0.0,0.3434481918811798,0.00019123352831229568,0.001979999477043748,0.8224287033081055,0.0,0.0,0.9708196520805359,0.4254858195781708,0.013040482066571712,0.13758428394794464,0.00762752303853631,0.22237904369831085,0.30255556106567383,0.028062233701348305,0.00035827624378725886,0.8131565451622009,0.9958281517028809,0.0,0.9360139966011047,0.19288767874240875,0.0006382205756381154,0.021224407479166985,0.0,0.0,0.34268689155578613,0.06117378920316696,4.432509376783855e-05,1.2906651496887207,0.0,0.0
331,4.734378337860107,0.8046661615371704,25.99892234802246,4.48485803604126,0.5740129351615906,41.62700271606445,1.085008978843689,1.0853911638259888,32.45,0.8726181387901306,0.007329242303967476,0.05358179286122322,25.323713302612305,0.0,0.0,0.33043035864830017,1.1240866115258541e-05,0.002852047560736537,0.6302189230918884,0.0,0.0,1.0664359331130981,0.390606552362442,0.016545560210943222,0.23373940587043762,0.01310871820896864,0.4157792031764984,0.2884385883808136,0.018511805683374405,0.0006069785449653864,0.6212142109870911,0.9873501658439636,0.0,0.837113082408905,0.2548772990703583,0.0005433685146272182,0.019190305843949318,0.0,0.0,0.3454655408859253,0.05355376750230789,0.0001021601929096505,1.2698473930358887,0.0,0.0
332,5.167192459106445,0.4031701982021332,29.368087768554688,3.7133548259735107,0.7245726585388184,48.330162048339844,1.1597408056259155,1.1589339971542358,60.03,1.0159881114959717,0.03207983821630478,0.03364492580294609,10.901165008544922,0.0,0.0,0.2920825481414795,2.460647010593675e-05,0.0032809467520564795,0.8020350337028503,0.0,0.0,0.989195704460144,0.3840419054031372,0.013052611611783504,0.15194937586784363,0.008432657457888126,0.25358107686042786,0.30488190054893494,0.028344303369522095,0.0004230582562740892,0.8259114027023315,0.9914311170578003,0.0,0.8893089294433594,0.23033441603183746,0.0005912493797950447,0.019941296428442,0.0,0.0,0.3416270613670349,0.05740632116794586,7.343526522163302e-05,1.2769864797592163,0.0,0.0
333,2.9699318408966064,0.8793396949768066,17.62129020690918,6.695868015289307,0.5263511538505554,42.668880462646484,0.9992935657501221,0.9996734857559204,38.03,0.7927144169807434,0.015973711386322975,0.0708959549665451,26.978288650512695,0.0,0.0,0.3528537154197693,2.618887992866803e-05,0.0033534965477883816,0.6100358366966248,0.0,0.0,1.1281121969223022,0.3803423047065735,0.018928907811641693,0.34599196910858154,0.017551997676491737,0.6491466164588928,0.27771198749542236,0.013933244161307812,0.000717168441042304,0.5469585061073303,0.9853019118309021,0.0,0.8515204191207886,0.23107664287090302,0.0005530090420506895,0.019757669419050217,0.0,0.0,0.3459304869174957,0.054755404591560364,6.530768587253988e-05,1.2872393131256104,0.0,0.0
334,2.8623340129852295,0.26022422313690186,30.61280632019043,3.6473982334136963,0.5157926678657532,49.80921173095703,1.1044597625732422,1.1054258346557617,79.13,0.941621720790863,0.07375016808509827,0.035023871809244156,5.413923263549805,0.0,0.0,0.3316822648048401,0.00011735974840121344,0.004325054585933685,0.8749850988388062,0.0,0.0,1.0777567625045776,0.4234062135219574,0.016857324168086052,0.21278738975524902,0.012835764326155186,0.3753277361392975,0.2856377363204956,0.016667084768414497,0.0006225520628504455,0.5734128355979919,0.9898726940155029,0.0,0.8184362053871155,0.25729620456695557,0.0005398521898314357,0.018917150795459747,0.0,0.0,0.3476329445838928,0.05719577893614769,8.17081963759847e-05,1.2759894132614136,0.0,0.0
335,5.5810017585754395,0.27131742238998413,22.39761734008789,8.68570613861084,0.4333367347717285,53.042999267578125,1.0432478189468384,1.0422513484954834,91.64,1.0985270738601685,0.0756937712430954,0.018733367323875427,5.885276794433594,0.0,0.0,0.2941827178001404,9.673513886809815e-06,0.005638524424284697,0.8601576685905457,0.0,0.0,1.2205078601837158,0.35141411423683167,0.02200346067547798,0.4587254226207733,0.02282940223813057,0.8921533823013306,0.26925981044769287,0.008916787803173065,0.0009486771305091679,0.4339243173599243,0.9817757606506348,0.0,0.7943390607833862,0.26783233880996704,0.0005075775552541018,0.01843804121017456,0.0,0.0,0.3476421535015106,0.05502735450863838,7.202314009191468e-05,1.2871716022491455,0.0,0.0
336,5.585070610046387,0.2402043640613556,23.852664947509766,9.481451034545898,0.6564604640007019,47.40110397338867,1.1906417608261108,1.1915537118911743,64.28,1.0734013319015503,0.08047737926244736,0.02391767129302025,5.736171722412109,0.0,0.0,0.2987693250179291,4.060397986904718e-05,0.004869028925895691,0.8838719725608826,0.0,0.0,1.0660358667373657,0.3629493713378906,0.018873950466513634,0.33824917674064636,0.017848623916506767,0.6427962779998779,0.2946890592575073,0.020383210852742195,0.0007862595375627279,0.6278228759765625,0.9885342717170715,0.0,0.8307498097419739,0.2532159984111786,0.0005394998006522655,0.018782150000333786,0.0,0.0,0.34261271357536316,0.05614159256219864,7.975587504915893e-05,1.2794189453125,0.0,0.0
337,1.8539937734603882,0.9047569632530212,24.003644943237305,4.791491985321045,0.7286887764930725,45.8498420715332,1.185273289680481,1.1850271224975586,17.53,0.703909158706665,0.019116777926683426,0.10420499742031097,30.822256088256836,0.0,0.0,0.3579668700695038,6.271557504078373e-05,0.0024505837354809046,0.5802946090698242,0.0,0.0,0.9632922410964966,0.3914645314216614,0.01378665491938591,0.181540384888649,0.009736823849380016,0.3137686550617218,0.3033007085323334,0.0280508641153574,0.0004696249379776418,0.8048726916313171,0.992299497127533,0.0,0.9173340797424316,0.20638522505760193,0.0006140806362964213,0.020780667662620544,0.0,0.0,0.3416087031364441,0.05723729729652405,5.939868060522713e-05,1.2831425666809082,0.0,0.0
338,1.9224663972854614,0.6603907942771912,16.787532806396484,9.088506698608398,0.4354860186576843,52.43511962890625,1.0024547576904297,1.0020536184310913,39.93,0.8615593314170837,0.011755600571632385,0.0664151981472969,17.017179489135742,0.0,0.0,0.3246639668941498,9.084022849492612e-07,0.003748822258785367,0.6973975300788879,0.0,0.0,1.2188693284988403,0.3456074893474579,0.022202586755156517,0.48815256357192993,0.023500770330429077,0.9360949397087097,0.265733927488327,0.008609235286712646,0.0009148172684945166,0.44413432478904724,0.9772648811340332,0.0,0.8245124816894531,0.24728386104106903,0.0005273983697406948,0.01921115815639496,0.0,0.0,0.3466903567314148,0.052673183381557465,7.004499639151618e-05,1.289876103401184,0.0,0.0
339,2.5526349544525146,0.355832576751709,18.01858901977539,8.741074562072754,0.5415658354759216,46.81779479980469,1.067899227142334,1.0690134763717651,97.6,0.9639471173286438,0.05210725963115692,0.039142102003097534,7.600904941558838,0.0,0.0,0.31457725167274475,5.1609560614451766e-05,0.004735840018838644,0.8213518261909485,0.0,0.0,1.1416575908660889,0.3553655743598938,0.02064812369644642,0.4059869349002838,0.02030978910624981,0.7754926681518555,0.27954602241516113,0.01404561661183834,0.0008266165968962014,0.5304152965545654,0.9825660586357117,0.0,0.8295119404792786,0.24769580364227295,0.000535937084350735,0.019069725647568703,0.0,0.0,0.34483322501182556,0.05490126833319664,6.968433444853872e-05,1.2861849069595337,0.0,0.0
340,4.776440620422363,0.1310233473777771,32.10973358154297,5.357304573059082,0.5055620074272156,44.35784912109375,1.1482999324798584,1.1470680236816406,93.53,1.021274447441101,0.11982887238264084,0.015858812257647514,2.693242311477661,0.0,0.0,0.3266596496105194,0.00010227069287793711,0.005724807735532522,0.9463269710540771,0.0,0.0,1.0969361066818237,0.37734347581863403,0.01881713792681694,0.2786708176136017,0.01626322790980339,0.5142807364463806,0.2839432954788208,0.014869705773890018,0.0007864912622608244,0.517982542514801,0.9870647192001343,0.0,0.7603706121444702,0.31216803193092346,0.0004817881854251027,0.0173801239579916,0.0,0.0,0.3470691740512848,0.051859717816114426,0.00014598830603063107,1.2547261714935303,0.0,0.0
341,2.779552698135376,0.30223047733306885,13.502013206481934,7.565907001495361,0.6972355246543884,49.17775344848633,0.9887797236442566,0.9911137819290161,238.17,0.9445599317550659,0.06465181708335876,0.03852738440036774,7.022804260253906,0.0,0.0,0.3187713623046875,9.491111995885149e-05,0.0038435214664787054,0.8592309355735779,0.0,0.0,1.057686686515808,0.35755765438079834,0.01600944809615612,0.2858867049217224,0.013571036979556084,0.5265302658081055,0.29390913248062134,0.022495873272418976,0.0005627085920423269,0.7298938035964966,0.984266459941864,0.0,0.8696378469467163,0.2299458384513855,0.0005665081553161144,0.019672708585858345,0.0,0.0,0.3418164849281311,0.054918061941862106,7.068745617289096e-05,1.2829948663711548,0.0,0.0
342,2.7365024089813232,0.7085874080657959,26.79354476928711,7.837657451629639,0.4108867049217224,40.727149963378906,1.0989172458648682,1.0991376638412476,18.25,0.881182849407196,0.012042039074003696,0.05830137059092522,18.20179557800293,0.0,0.0,0.3284265995025635,9.386574220116017e-07,0.004621719475835562,0.6733348965644836,0.0,0.0,1.1832859516143799,0.3590826690196991,0.021821213886141777,0.42047178745269775,0.022606462240219116,0.8097561597824097,0.26952093839645386,0.00869245920330286,0.0010076073231175542,0.4038507640361786,0.9844952821731567,0.0,0.7708432674407959,0.28978729248046875,0.0004872980061918497,0.018066294491291046,0.0,0.0,0.3498246669769287,0.051189906895160675,0.0001183563654194586,1.2707459926605225,0.0,0.0
343,4.982978343963623,0.94678795337677,22.918315887451172,6.132791519165039,0.46709153056144714,55.72574996948242,1.0125043392181396,1.0146348476409912,207.38,0.7893674373626709,0.023998931050300598,0.05395432561635971,30.182132720947266,0.0,0.0,0.37115389108657837,4.791693208971992e-05,0.0027077903505414724,0.5879139304161072,0.0,0.0,1.146083950996399,0.40856605768203735,0.0193870160728693,0.34292230010032654,0.017838694155216217,0.6433387994766235,0.27388256788253784,0.011820257641375065,0.0007656760280951858,0.49164333939552307,0.9840703010559082,0.0,0.8469436764717102,0.22871701419353485,0.0005528607871383429,0.01974100060760975,0.0,0.0,0.3472760319709778,0.056149426847696304,6.199893687153235e-05,1.2883045673370361,0.0,0.0
344,1.9459598064422607,0.7284027338027954,27.79467010498047,2.7893075942993164,0.4569319486618042,59.25288009643555,1.0073920488357544,1.0090969800949097,167.72,0.7948758602142334,0.0025061543565243483,0.08809468895196915,22.6448974609375,0.0,0.0,0.34041523933410645,1.7756034139893018e-05,0.0023278144653886557,0.6777729392051697,0.0,0.0,1.1120367050170898,0.4791654050350189,0.016224632039666176,0.192856103181839,0.01181011088192463,0.3271428644657135,0.27928873896598816,0.01446879468858242,0.0005654655396938324,0.5453984141349792,0.988315999507904,0.0,0.8762017488479614,0.2140498161315918,0.0005926868761889637,0.020612137392163277,0.0,0.0,0.3496135175228119,0.05995922163128853,4.705706305685453e-05,1.2933822870254517,0.0,0.0
345,3.09279727935791,0.8697963953018188,16.903488159179688,4.208853721618652,0.49213993549346924,50.83414840698242,0.9067373871803284,0.9083023071289062,190.01,0.7810108661651611,0.01213720254600048,0.07369846105575562,28.098522186279297,0.0,0.0,0.3518946170806885,1.1336458555888385e-05,0.0030767947901040316,0.6195955872535706,0.0,0.0,1.1431246995925903,0.4090481698513031,0.01698272116482258,0.2615423798561096,0.013744210824370384,0.46372658014297485,0.2753719687461853,0.013640124350786209,0.0005699409521184862,0.5641112327575684,0.9788210391998291,0.0,0.8588806986808777,0.23186758160591125,0.0005612484528683126,0.019953066483139992,0.0,0.0,0.3466031849384308,0.05469673126935959,6.888294592499733e-05,1.2853552103042603,0.0,0.0
346,2.7830188274383545,0.6137326955795288,19.885826110839844,3.310835361480713,0.633183479309082,43.85994338989258,1.0064791440963745,1.0061291456222534,34.56,0.8899732828140259,0.00744650699198246,0.06458763033151627,18.561800003051758,0.0,0.0,0.3137076199054718,2.9425513275782578e-05,0.003193721640855074,0.7038725018501282,0.0,0.0,1.0434852838516235,0.40448078513145447,0.014259048737585545,0.17480356991291046,0.009696939960122108,0.29539233446121216,0.2930352985858917,0.022253336384892464,0.00043707797885872424,0.7314293384552002,0.9903314113616943,0.0,0.8847795724868774,0.22287467122077942,0.0005888171144761145,0.02024054527282715,0.0,0.0,0.34432780742645264,0.0573173351585865,6.207114347489551e-05,1.283888816833496,0.0,0.0
347,2.6306562423706055,0.3101564943790436,20.222562789916992,2.6456048488616943,0.7054125070571899,42.53407669067383,0.9945093393325806,0.9928394556045532,169.12,0.9040998816490173,0.05982903391122818,0.04584240913391113,8.1543550491333,0.0,0.0,0.3267521262168884,0.0001431634445907548,0.003454662626609206,0.8448691368103027,0.0,0.0,0.9971442222595215,0.39042505621910095,0.012307336553931236,0.12889112532138824,0.0068751550279557705,0.20279476046562195,0.3008694648742676,0.027471289038658142,0.0003253205504734069,0.8449558019638062,0.9911177158355713,0.0,0.900883674621582,0.21413937211036682,0.0006030286895111203,0.020431794226169586,0.0,0.0,0.34310415387153625,0.05849562585353851,5.606761988019571e-05,1.2843574285507202,0.0,0.0
348,3.1526691913604736,0.013720678165555,14.221272468566895,2.2092249393463135,0.658428430557251,57.58507537841797,0.817945122718811,0.8177121877670288,34.83,0.8340442776679993,0.23475049436092377,0.014527969062328339,1.4881541728973389,0.0,0.0,0.38283753395080566,0.000250606972258538,0.004008905962109566,1.0149346590042114,0.0,0.0,1.0277217626571655,0.39604488015174866,0.012786871753633022,0.13015244901180267,0.006945044733583927,0.20043687522411346,0.29392561316490173,0.02401353046298027,0.00029267562786117196,0.8063183426856995,0.9839309453964233,0.0,0.8750001192092896,0.2223682701587677,0.0005740489577874541,0.019852515310049057,0.0,0.0,0.3433903455734253,0.05512126535177231,7.445856317644939e-05,1.2794692516326904,0.0,0.0
349,3.951470136642456,0.22980520129203796,36.4106330871582,6.441514015197754,0.4330558776855469,42.08249282836914,1.1406680345535278,1.1396878957748413,75.39,1.0224851369857788,0.08764095604419708,0.02137717232108116,4.206876277923584,0.0,0.0,0.3183768093585968,5.906607839278877e-05,0.006187482737004757,0.8952131867408752,0.0,0.0,1.131089210510254,0.3435501456260681,0.020554395392537117,0.3346855044364929,0.019856933504343033,0.6417942643165588,0.2759495973587036,0.010351384058594704,0.0009821387939155102,0.4223545789718628,0.991737425327301,0.0,0.7000761032104492,0.3807362914085388,0.0004233849176671356,0.01601344905793667,0.0,0.0,0.3489104211330414,0.04552466794848442,0.00025708385510370135,1.2297310829162598,0.0,0.0
350,5.93352746963501,0.6584335565567017,24.050539016723633,5.457425594329834,0.5626277327537537,58.97706604003906,1.0575239658355713,1.059759259223938,199.45,0.9795651435852051,0.007107266690582037,0.03999345377087593,19.982349395751953,0.0,0.0,0.30359819531440735,9.842663075687597e-07,0.0028800477739423513,0.6869279146194458,0.0,0.0,1.1126201152801514,0.41052764654159546,0.017535394057631493,0.27645930647850037,0.014901810325682163,0.5044586658477783,0.28566938638687134,0.016982432454824448,0.0006644727545790374,0.5929005146026611,0.9844770431518555,0.0,0.8607197403907776,0.23215042054653168,0.0005685503128916025,0.019745852798223495,0.0,0.0,0.34510499238967896,0.05742579326033592,6.308057345449924e-05,1.2873408794403076,0.0,0.0
351,2.8448092937469482,0.2141139954328537,39.643898010253906,7.431560039520264,0.40397733449935913,52.73625183105469,1.1822330951690674,1.182015299797058,15.59,0.9746361970901489,0.09139770269393921,0.024186143651604652,3.8030269145965576,0.0,0.0,0.33262282609939575,7.543095853179693e-05,0.005590766668319702,0.899327278137207,0.0,0.0,1.1502487659454346,0.36064252257347107,0.021671440452337265,0.37557077407836914,0.022363631054759026,0.7326961159706116,0.27183255553245544,0.008173009380698204,0.0011129361810162663,0.3792847692966461,0.9920675754547119,0.0,0.7277014255523682,0.33447644114494324,0.00045146033517085016,0.016888504847884178,0.0,0.0,0.34983792901039124,0.04918276518583298,0.00017277506412938237,1.2520402669906616,0.0,0.0
352,5.641736030578613,0.8544148802757263,27.831148147583008,3.268230438232422,0.4411892592906952,49.31303405761719,0.9726848006248474,0.970196545124054,263.67,0.8523334860801697,0.01075682695955038,0.04921352118253708,26.82882308959961,0.0,0.0,0.34860458970069885,2.811707236105576e-05,0.0029242762830108404,0.6252476572990417,0.0,0.0,1.1366617679595947,0.44030311703681946,0.016725193709135056,0.22094377875328064,0.012893902137875557,0.3840746581554413,0.2758687138557434,0.012814026325941086,0.0006147248786874115,0.5179297924041748,0.9841844439506531,0.0,0.8306497931480408,0.24743567407131195,0.0005448621232062578,0.01945587806403637,0.0,0.0,0.3497604727745056,0.056153882294893265,8.057631930569187e-05,1.278864860534668,0.0,0.0
353,2.1802761554718018,0.678265392780304,26.898700714111328,4.319785118103027,0.6099017262458801,54.39555740356445,1.1496224403381348,1.153739094734192,310.37,0.8304732441902161,0.005234477575868368,0.07977639138698578,20.573383331298828,0.0,0.0,0.32586580514907837,3.4219588997075334e-05,0.002462869742885232,0.6736788749694824,0.0,0.0,1.0338176488876343,0.42484477162361145,0.016029877588152885,0.21247121691703796,0.01222887821495533,0.37488844990730286,0.29328131675720215,0.021293822675943375,0.0005703115020878613,0.6635158658027649,0.9904849529266357,0.0,0.9002903699874878,0.21050342917442322,0.0006062113679945469,0.02065296284854412,0.0,0.0,0.34447264671325684,0.058826740831136703,5.321719072526321e-05,1.2886170148849487,0.0,0.0
354,5.134428024291992,0.469888299703598,18.036815643310547,1.9987711906433105,0.6555408239364624,44.47318649291992,0.8116992712020874,0.8120701313018799,56.26,0.9929953813552856,0.020965278148651123,0.03816814348101616,14.927186965942383,0.0,0.0,0.2918415665626526,9.42935366765596e-06,0.0025875703431665897,0.769317090511322,0.0,0.0,1.0675363540649414,0.4013778269290924,0.012452217750251293,0.12361660599708557,0.006669139955192804,0.1828041672706604,0.29449358582496643,0.023986170068383217,0.00029705784982070327,0.8049755096435547,0.9776040315628052,0.0,0.9153897166252136,0.21168245375156403,0.0006084663327783346,0.020848475396633148,0.0,0.0,0.3444077670574188,0.05721350386738777,5.752115248469636e-05,1.286392331123352,0.0,0.0
355,5.495285987854004,0.5564163327217102,36.56352996826172,3.380086660385132,0.4084131419658661,46.44887161254883,1.0318257808685303,1.0330026149749756,110.41,0.9998515844345093,0.013290091417729855,0.03630618751049042,14.030372619628906,0.0,0.0,0.30170395970344543,9.96235030470416e-07,0.003843148471787572,0.754743754863739,0.0,0.0,1.1478341817855835,0.39710259437561035,0.017170030623674393,0.22241981327533722,0.013703130185604095,0.3903191387653351,0.2753075659275055,0.011307974345982075,0.0007156785577535629,0.47340577840805054,0.985611081123352,0.0,0.7467039823532104,0.3339308500289917,0.0004693376540672034,0.017325200140476227,0.0,0.0,0.3510517179965973,0.049510419368743896,0.00018783325504045933,1.2451894283294678,0.0,0.0
356,2.2029507160186768,0.5049175024032593,21.329383850097656,3.486811637878418,0.6153596639633179,51.50835418701172,1.0464050769805908,1.0450257062911987,126.14,0.8772815465927124,0.018011411651968956,0.06516360491514206,13.921582221984863,0.0,0.0,0.318765789270401,6.745854625478387e-05,0.0031515536829829216,0.751241147518158,0.0,0.0,1.0474070310592651,0.4155524671077728,0.01496082916855812,0.18657737970352173,0.01045780535787344,0.3165428042411804,0.2922084927558899,0.021639768034219742,0.0004744528268929571,0.7016580104827881,0.9855796694755554,0.0,0.8971232771873474,0.21499113738536835,0.000602424144744873,0.02053966000676155,0.0,0.0,0.3445098400115967,0.05905372276902199,5.147190313437022e-05,1.2885546684265137,0.0,0.0
357,3.7836101055145264,0.7845169305801392,24.35870933532715,5.638299465179443,0.6277850866317749,54.58050537109375,1.1393052339553833,1.1365565061569214,212.28,0.8630063533782959,0.008029687218368053,0.062377601861953735,25.264516830444336,0.0,0.0,0.32714682817459106,6.1303699112613685e-06,0.0024863476864993572,0.6332373023033142,0.0,0.0,1.0454579591751099,0.40940237045288086,0.01667105220258236,0.2509780526161194,0.013781532645225525,0.457233190536499,0.2928522527217865,0.02087971940636635,0.0006259315996430814,0.657177746295929,0.9902037978172302,0.0,0.8839895129203796,0.21928241848945618,0.0005897086812183261,0.020196691155433655,0.0,0.0,0.34354376792907715,0.05803420767188072,5.726042581954971e-05,1.2876241207122803,0.0,0.0
358,4.627636909484863,0.6264994740486145,23.436790466308594,6.785430431365967,0.5776034593582153,53.99301528930664,1.1082957983016968,1.1062284708023071,168.62,0.9743529558181763,0.01061137393116951,0.04341098666191101,17.861751556396484,0.0,0.0,0.30262598395347595,9.903729960569763e-07,0.0031469138339161873,0.6969892382621765,0.0,0.0,1.103389024734497,0.3939491808414459,0.018487265333533287,0.3133043944835663,0.01672287844121456,0.5860036015510559,0.2866339087486267,0.017134185880422592,0.0007354636327363551,0.5816357135772705,0.9868475198745728,0.0,0.8490661382675171,0.23902206122875214,0.0005585966864600778,0.019446635618805885,0.0,0.0,0.344457745552063,0.05687713250517845,6.626809044973925e-05,1.286120057106018,0.0,0.0
359,5.007436752319336,0.8995927572250366,39.759368896484375,8.89065170288086,0.43595561385154724,40.8822135925293,1.1461302042007446,1.1456303596496582,38.07,0.8162850737571716,0.026696903631091118,0.0458434596657753,21.91922950744629,0.0,0.0,0.3608459234237671,6.112849223427474e-05,0.004432867746800184,0.602385401725769,0.0,0.0,1.0847153663635254,0.3003805875778198,0.022563276812434196,0.41292428970336914,0.024538639932870865,0.8178338408470154,0.2741018533706665,0.008873587474226952,0.0011849473230540752,0.382284551858902,0.997967004776001,0.0,0.6954073905944824,0.3966965675354004,0.0004003892245236784,0.015720078721642494,0.0,0.0,0.34719154238700867,0.03880852833390236,0.00039436484803445637,1.2055742740631104,0.0,0.0
360,4.6266770362854,0.9528111219406128,21.689109802246094,2.471590995788574,0.6551952958106995,70.00353240966797,0.9411537647247314,0.9409880042076111,18.72,0.7524687647819519,0.020593805238604546,0.06881075352430344,34.52252197265625,0.0,0.0,0.36232101917266846,2.798866989905946e-05,0.001406183117069304,0.5831603407859802,0.0,0.0,0.9958528876304626,0.4176536500453949,0.013057572767138481,0.1383543312549591,0.007728638127446175,0.21866852045059204,0.29539763927459717,0.024076709523797035,0.00035423022927716374,0.783336877822876,0.9895829558372498,0.0,0.9283359050750732,0.20000438392162323,0.0006214294699020684,0.02107064798474312,0.0,0.0,0.34324270486831665,0.05702362582087517,6.502763426396996e-05,1.2804036140441895,0.0,0.0
361,3.5187249183654785,0.07684777677059174,16.117231369018555,3.351245403289795,0.7716792225837708,52.92332077026367,0.9404990673065186,0.9397254586219788,87.53,0.8424850106239319,0.26927971839904785,0.02097655087709427,4.87561559677124,0.0,0.0,0.36012107133865356,0.00014824488607700914,0.002718884265050292,0.9831290245056152,0.0,0.0,1.0530903339385986,0.38547059893608093,0.011558406986296177,0.1271183043718338,0.005746904760599136,0.20477473735809326,0.3048802614212036,0.03120688535273075,0.0002668949600774795,0.9234169721603394,0.9863790273666382,0.0,0.9748995900154114,0.1638440489768982,0.0006387166795320809,0.022105133160948753,0.0,0.0,0.3419739305973053,0.05189089849591255,6.197552283992991e-05,1.2915045022964478,0.0,0.0
362,4.027188777923584,0.2804326117038727,18.737560272216797,6.192724704742432,0.5348624587059021,40.51649856567383,1.012851595878601,1.0119907855987549,83.98,1.0230770111083984,0.06884422898292542,0.026086540892720222,5.754721164703369,0.0,0.0,0.3080205023288727,4.7928049752954394e-05,0.0048844837583601475,0.8629699945449829,0.0,0.0,1.1437326669692993,0.37201789021492004,0.018553566187620163,0.32145893573760986,0.016443628817796707,0.5948265194892883,0.2806977331638336,0.014855271205306053,0.0006944380002096295,0.561188280582428,0.9805391430854797,0.0,0.8210627436637878,0.25706788897514343,0.0005292982095852494,0.018887145444750786,0.0,0.0,0.3460249602794647,0.05492712929844856,7.915605965536088e-05,1.2810932397842407,0.0,0.0
363,2.739569664001465,0.5686951279640198,28.26862907409668,6.517242908477783,0.4938919246196747,53.8590087890625,1.1419029235839844,1.1414399147033691,35.52,0.9317001104354858,0.015185380354523659,0.055705562233924866,14.265274047851562,0.0,0.0,0.3139398694038391,7.328318588406546e-06,0.0035097284708172083,0.7235260605812073,0.0,0.0,1.1291890144348145,0.40638670325279236,0.019902391359210014,0.33095455169677734,0.018581992015242577,0.624289333820343,0.28042563796043396,0.013584118336439133,0.0008526145247742534,0.4899517297744751,0.9872836470603943,0.0,0.8258228302001953,0.24768565595149994,0.0005422218819148839,0.01915961131453514,0.0,0.0,0.3470625877380371,0.056345853954553604,7.163739792304114e-05,1.2844318151474,0.0,0.0
364,5.2888031005859375,0.5583491921424866,34.72665786743164,2.981595993041992,0.6297204494476318,43.02262496948242,1.127044677734375,1.1281391382217407,86.08,0.9733482003211975,0.008811293169856071,0.04107213765382767,15.871129989624023,0.0,0.0,0.2945331335067749,1.1006241038558073e-06,0.002805965021252632,0.7350165843963623,0.0,0.0,1.0107303857803345,0.3643115758895874,0.01435066107660532,0.15964452922344208,0.009570126421749592,0.26470762491226196,0.29724982380867004,0.023040687665343285,0.00047781653120182455,0.7191962599754333,0.9912505149841309,0.0,0.8080080151557922,0.30062171816825867,0.0005138189299032092,0.0180914755910635,0.0,0.0,0.34328675270080566,0.0492820180952549,0.00017540337285026908,1.2429536581039429,0.0,0.0
365,4.965972900390625,0.4457041621208191,34.2561149597168,3.2161788940429688,0.5643264055252075,58.56026077270508,1.1173745393753052,1.1162468194961548,90.42,1.0259846448898315,0.02808820828795433,0.03385014459490776,11.887508392333984,0.0,0.0,0.2954942584037781,1.1457443179097027e-05,0.0031799215357750654,0.7860404253005981,0.0,0.0,1.068577527999878,0.43728116154670715,0.015797754749655724,0.18407678604125977,0.01124364323914051,0.3163258135318756,0.2909257411956787,0.019517114385962486,0.0005506245070137084,0.6361768841743469,0.9903398156166077,0.0,0.8588429689407349,0.2353418618440628,0.0005740710766986012,0.019686538726091385,0.0,0.0,0.3458893597126007,0.05874251201748848,6.869420758448541e-05,1.2823822498321533,0.0,0.0
366,3.5837645530700684,0.840571403503418,22.183820724487305,5.22205114364624,0.4860439598560333,40.28976058959961,1.0214290618896484,1.0211763381958008,24.23,0.8344736695289612,0.011582576669752598,0.06217438355088234,25.57929801940918,0.0,0.0,0.34480294585227966,1.823666570999194e-05,0.003601615084335208,0.6249673366546631,0.0,0.0,1.133700966835022,0.39523136615753174,0.018280142918229103,0.2968169152736664,0.016033144667744637,0.5468854904174805,0.27714842557907104,0.013272581622004509,0.0007026962121017277,0.5230260491371155,0.985877513885498,0.0,0.8218816518783569,0.25282275676727295,0.0005319486372172832,0.019146578386425972,0.0,0.0,0.34789007902145386,0.05426590144634247,8.554694068152457e-05,1.2787225246429443,0.0,0.0
367,3.333343744277954,0.040639687329530716,18.78569793701172,6.030074119567871,0.6245147585868835,42.2302131652832,1.0858087539672852,1.084555983543396,106.38,0.9126866459846497,0.17580507695674896,0.015007720328867435,1.4837498664855957,0.0,0.0,0.3638399839401245,0.0001923421077663079,0.005398212932050228,0.996234118938446,0.0,0.0,1.0686653852462769,0.3777400553226471,0.017165007069706917,0.27227383852005005,0.014010659419000149,0.49257928133010864,0.2910584807395935,0.020366216078400612,0.0006095485878176987,0.6575756669044495,0.9809311032295227,0.0,0.8392605185508728,0.24235913157463074,0.0005481100524775684,0.01914224587380886,0.0,0.0,0.3441065847873688,0.056063104420900345,7.057974289637059e-05,1.2828058004379272,0.0,0.0
368,2.289525270462036,0.7994208335876465,16.134021759033203,7.746789932250977,0.6150441765785217,44.9270133972168,1.0417637825012207,1.0428539514541626,100.35,0.804684042930603,0.009942453354597092,0.07827608287334442,24.844741821289062,0.0,0.0,0.3369796574115753,2.4629034669487737e-05,0.002939861500635743,0.6342411041259766,0.0,0.0,1.0988060235977173,0.3672013282775879,0.018318552523851395,0.338542103767395,0.016677850857377052,0.6256063580513,0.2861574590206146,0.01818017102777958,0.0006803700234740973,0.6232888698577881,0.9801410436630249,0.0,0.8787398338317871,0.22241272032260895,0.00057305145310238,0.020158570259809494,0.0,0.0,0.3434772491455078,0.053940676152706146,6.710678280796856e-05,1.2866240739822388,0.0,0.0
369,2.1046383380889893,0.4749520719051361,18.553794860839844,3.106661796569824,0.5750036835670471,48.73230743408203,0.9632951021194458,0.9639608860015869,71.7,0.8816555738449097,0.02315676398575306,0.06247204542160034,12.744057655334473,0.0,0.0,0.3206894099712372,6.970763206481934e-05,0.003538052085787058,0.7699230313301086,0.0,0.0,1.0778123140335083,0.413975328207016,0.015103564597666264,0.18602316081523895,0.010450326837599277,0.3133089244365692,0.28703898191452026,0.019220415502786636,0.0004580969107337296,0.671137809753418,0.9838069081306458,0.0,0.8780554533004761,0.22476015985012054,0.0005844105035066605,0.020204393193125725,0.0,0.0,0.34544554352760315,0.05765306204557419,5.798201163997874e-05,1.2864741086959839,0.0,0.0
370,2.321403980255127,0.5139807462692261,17.521320343017578,5.904425144195557,0.5975101590156555,44.88331985473633,1.0405359268188477,1.0426175594329834,191.88,0.9062483310699463,0.01889927312731743,0.058668483048677444,13.169297218322754,0.0,0.0,0.3134036660194397,3.8408292311942205e-05,0.0037389921490103006,0.7497491240501404,0.0,0.0,1.0956655740737915,0.37905779480934143,0.017286160960793495,0.2833973467350006,0.014638413675129414,0.5152089595794678,0.28676271438598633,0.01838351972401142,0.0006241595256142318,0.631531834602356,0.981669545173645,0.0,0.8655418753623962,0.23262815177440643,0.0005671019316650927,0.019849374890327454,0.0,0.0,0.34425848722457886,0.0553119033575058,6.688608118565753e-05,1.2850240468978882,0.0,0.0
371,5.07181978225708,0.6075087785720825,23.3972110748291,3.5695974826812744,0.5361989736557007,45.45874786376953,0.993425190448761,0.9914834499359131,197.14,0.9727353453636169,0.00823398306965828,0.04242560267448425,17.812328338623047,0.0,0.0,0.3016773462295532,9.931335398505325e-07,0.0031192998867481947,0.7098862528800964,0.0,0.0,1.1129404306411743,0.4131336212158203,0.01605304703116417,0.21396346390247345,0.012062229216098785,0.3704700767993927,0.2842811346054077,0.016848379746079445,0.0005488944589160383,0.6091383099555969,0.9831709861755371,0.0,0.8442176580429077,0.24789264798164368,0.0005551453214138746,0.01946847513318062,0.0,0.0,0.34674498438835144,0.05624803155660629,7.726225885562599e-05,1.2802636623382568,0.0,0.0
372,2.2315313816070557,0.7836804389953613,43.69882583618164,3.240436315536499,0.5101943612098694,51.94335174560547,1.1514396667480469,1.1493842601776123,155.31,0.7710018754005432,0.003921260125935078,0.08451062440872192,23.15824317932129,0.0,0.0,0.34177595376968384,1.806504042178858e-05,0.0018070981604978442,0.6537944078445435,0.0,0.0,1.02968168258667,0.38343000411987305,0.016063135117292404,0.1932232528924942,0.012160191312432289,0.3346298635005951,0.2856253981590271,0.015959464013576508,0.0006158302421681583,0.5774596333503723,0.9963247776031494,0.0,0.7848047614097595,0.30727115273475647,0.0004921387298963964,0.017945345491170883,0.0,0.0,0.34709733724594116,0.04754406213760376,0.00020120438421145082,1.238036870956421,0.0,0.0
373,4.0386810302734375,0.9064780473709106,20.77303695678711,3.5268890857696533,0.6140731573104858,54.35220718383789,0.9929107427597046,0.9948799014091492,199.34,0.7870725989341736,0.01601271890103817,0.06850466132164001,31.67879867553711,0.0,0.0,0.3526308238506317,2.3657712517888285e-05,0.0022361211013048887,0.5942379236221313,0.0,0.0,1.0456105470657349,0.42068153619766235,0.014821763150393963,0.19004353880882263,0.010401534847915173,0.32330894470214844,0.2905774414539337,0.021000953391194344,0.00046285646385513246,0.7026204466819763,0.9860985279083252,0.0,0.9063442349433899,0.20743341743946075,0.0006062071188353002,0.02077207900583744,0.0,0.0,0.34431028366088867,0.05813305452466011,5.3727435442851856e-05,1.2879825830459595,0.0,0.0
374,4.544775485992432,0.7446016073226929,13.497251510620117,5.259479999542236,0.5424346327781677,41.51523971557617,0.8121395707130432,0.8120730519294739,10.09,0.8922231793403625,0.005650726146996021,0.05048035457730293,28.01915740966797,0.0,0.0,0.31816619634628296,8.406275924244255e-07,0.0026106771547347307,0.6588404178619385,0.0,0.0,1.1950374841690063,0.373561829328537,0.017123090103268623,0.2972853183746338,0.01407126896083355,0.5336734056472778,0.2767036557197571,0.014572287909686565,0.0005372819723561406,0.6054310202598572,0.9726803302764893,0.0,0.8685770034790039,0.22552868723869324,0.0005548573099076748,0.020096560940146446,0.0,0.0,0.3454045355319977,0.05058722198009491,8.442463877145201e-05,1.2859327793121338,0.0,0.0
375,1.524770975112915,0.9300557374954224,34.07713317871094,2.911520481109619,0.4465266168117523,40.29446792602539,1.0420526266098022,1.04150390625,50.56,0.6735226511955261,0.01837843842804432,0.10454671084880829,28.019136428833008,0.0,0.0,0.38194146752357483,5.913148561376147e-05,0.0035666986368596554,0.6127610206604004,0.0,0.0,1.0670690536499023,0.4059407413005829,0.01662636175751686,0.19217447936534882,0.012283510528504848,0.3313441574573517,0.2802561819553375,0.013778701424598694,0.0006222227239049971,0.5231970548629761,0.9956505298614502,0.0,0.7659493684768677,0.2987516224384308,0.0004853591963183135,0.017907651141285896,0.0,0.0,0.3510700464248657,0.04975585266947746,0.0001711211516521871,1.2468911409378052,0.0,0.0
376,4.2135443687438965,0.5536453723907471,24.092042922973633,5.412923812866211,0.6919533014297485,52.489479064941406,1.1556594371795654,1.1567660570144653,82.78,0.9686077237129211,0.01258678175508976,0.04588780924677849,16.058618545532227,0.0,0.0,0.2980400621891022,4.51188680017367e-06,0.003020998788997531,0.7271442413330078,0.0,0.0,1.0289942026138306,0.3980894386768341,0.015083076432347298,0.2157394140958786,0.011654906906187534,0.38331249356269836,0.2994089424610138,0.024799002334475517,0.0005480338004417717,0.7413964867591858,0.9877501130104065,0.0,0.8993053436279297,0.21700651943683624,0.0006014450918883085,0.02033942937850952,0.0,0.0,0.34231507778167725,0.05857064574956894,5.578915443038568e-05,1.2873146533966064,0.0,0.0
377,2.123183488845825,0.9211104512214661,20.98794937133789,7.541123867034912,0.64524245262146,48.35944747924805,1.1569844484329224,1.1558356285095215,85.91,0.7163626551628113,0.022081593051552773,0.0931883230805397,30.113037109375,0.0,0.0,0.3633826971054077,5.469883399200626e-05,0.002363522071391344,0.5831795930862427,0.0,0.0,1.0318893194198608,0.39120742678642273,0.017912516370415688,0.302764892578125,0.015875594690442085,0.5605002045631409,0.2924686074256897,0.020911123603582382,0.0006909412331879139,0.6443421840667725,0.9870618581771851,0.0,0.8887463212013245,0.21306098997592926,0.000587532005738467,0.02032993547618389,0.0,0.0,0.34295654296875,0.05632859095931053,5.958922338322736e-05,1.2866363525390625,0.0,0.0
378,2.248525381088257,0.7653771042823792,25.711009979248047,1.808447003364563,0.6503108143806458,51.8736686706543,0.9748483896255493,0.9756252765655518,81.68,0.7782526612281799,0.005728162359446287,0.09104542434215546,26.775436401367188,0.0,0.0,0.33526650071144104,4.489852653932758e-05,0.0022833130788058043,0.6396524906158447,0.0,0.0,0.9984338283538818,0.4298032224178314,0.012866348959505558,0.11555751413106918,0.0067273033782839775,0.17104458808898926,0.29810258746147156,0.0256577730178833,0.0003116575244348496,0.7940992712974548,0.9898333549499512,0.0,0.9510192275047302,0.18748702108860016,0.0006483702454715967,0.021752431988716125,0.0,0.0,0.34432536363601685,0.059718385338783264,4.6279525122372434e-05,1.2899788618087769,0.0,0.0
379,4.411288261413574,0.6466494202613831,30.975135803222656,9.23320198059082,0.4087606370449066,52.74272537231445,1.1412385702133179,1.1414058208465576,12.84,0.9810529947280884,0.017891203984618187,0.03870898485183716,16.202531814575195,0.0,0.0,0.3101377487182617,9.255841746380611e-07,0.0041834330186247826,0.6899983882904053,0.0,0.0,1.204872488975525,0.357001394033432,0.02320488914847374,0.46591174602508545,0.025021212175488472,0.9112493395805359,0.2693004310131073,0.007992901839315891,0.001123020425438881,0.3812437951564789,0.9841381907463074,0.0,0.7800642848014832,0.27950817346572876,0.0004959484795108438,0.01820486970245838,0.0,0.0,0.3488495349884033,0.05238524451851845,0.00010360547457821667,1.2770633697509766,0.0,0.0
380,5.893598556518555,0.37558960914611816,31.83700942993164,4.946196556091309,0.5391239523887634,57.03163528442383,1.13906729221344,1.1399579048156738,68.59,1.076021432876587,0.04252535477280617,0.027129605412483215,8.76709270477295,0.0,0.0,0.29035484790802,4.821981747227255e-06,0.004006647504866123,0.8174750804901123,0.0,0.0,1.1047980785369873,0.41871899366378784,0.017859695479273796,0.25468331575393677,0.014883221127092838,0.46545445919036865,0.28700852394104004,0.01676557958126068,0.0007135368068702519,0.5641425848007202,0.9882472157478333,0.0,0.8301021456718445,0.25088706612586975,0.0005472530028782785,0.0190412737429142,0.0,0.0,0.34610748291015625,0.057526301592588425,7.651079067727551e-05,1.2809687852859497,0.0,0.0
381,4.59498929977417,0.5598324537277222,12.064628601074219,7.497873306274414,0.59835284948349,43.463314056396484,0.817452609539032,0.8160424828529358,211.39,1.0109416246414185,0.014778741635382175,0.03874457627534866,16.599777221679688,0.0,0.0,0.293857216835022,9.066686743608443e-07,0.003112979233264923,0.735689640045166,0.0,0.0,1.1838499307632446,0.3518739342689514,0.01781635358929634,0.3544194996356964,0.016054438427090645,0.6542114615440369,0.28073030710220337,0.015996186062693596,0.0006028732168488204,0.6317646503448486,0.9747607707977295,0.0,0.8568779826164246,0.23546786606311798,0.0005470374599099159,0.019550729542970657,0.0,0.0,0.34369388222694397,0.05251063406467438,8.086929301498458e-05,1.285494089126587,0.0,0.0
382,4.876086235046387,0.6911430954933167,27.357765197753906,3.0173211097717285,0.7429255843162537,53.71821212768555,1.0923123359680176,1.0918241739273071,40.93,0.9182978868484497,0.0032902113161981106,0.051344867795705795,24.495162963867188,0.0,0.0,0.3050195872783661,1.056576252267405e-06,0.0023749994579702616,0.6696409583091736,0.0,0.0,0.979725182056427,0.4028434455394745,0.011810611002147198,0.1275082379579544,0.006805244833230972,0.20243766903877258,0.3057871162891388,0.029952233657240868,0.0003382424474693835,0.8775198459625244,0.9936714172363281,0.0,0.9478023052215576,0.19675222039222717,0.0006440129945985973,0.021359777078032494,0.0,0.0,0.3416505455970764,0.05981505289673805,4.675492164096795e-05,1.290542721748352,0.0,0.0
383,4.020524501800537,0.7180827260017395,39.32728576660156,6.153374195098877,0.4351550042629242,54.85107421875,1.1625622510910034,1.1629698276519775,30.15,0.9101003408432007,0.009040533564984798,0.04991902410984039,19.42169761657715,0.0,0.0,0.3218092620372772,9.864295407169266e-07,0.0031851709354668856,0.6760557889938354,0.0,0.0,1.132150650024414,0.38603028655052185,0.020087378099560738,0.32245486974716187,0.019313033670186996,0.6107263565063477,0.27607399225234985,0.010585243813693523,0.0009605801897123456,0.43003708124160767,0.9900651574134827,0.0,0.7675103545188904,0.30333349108695984,0.0004855828592553735,0.017803888767957687,0.0,0.0,0.3488819897174835,0.05021905153989792,0.00015557832375634462,1.2578169107437134,0.0,0.0
384,2.3139071464538574,0.9239326119422913,13.873597145080566,4.073880195617676,0.6033005118370056,58.22951889038086,0.8866651058197021,0.8861258029937744,68.64,0.6966274380683899,0.01644844375550747,0.09621991217136383,32.396087646484375,0.0,0.0,0.3634635806083679,2.9018490749876946e-05,0.002044309163466096,0.6009990572929382,0.0,0.0,1.0738401412963867,0.3802143633365631,0.01531494315713644,0.2223026156425476,0.011173244565725327,0.3792097866535187,0.2852897047996521,0.019179996103048325,0.00045608062646351755,0.6896859407424927,0.974534809589386,0.0,0.886978268623352,0.2258470505475998,0.0005758305196650326,0.0202203169465065,0.0,0.0,0.3431055545806885,0.051505982875823975,9.438497363589704e-05,1.2731263637542725,0.0,0.0
385,3.5764760971069336,0.9896628260612488,24.53163719177246,6.619192123413086,0.4200332462787628,47.90787124633789,1.0425795316696167,1.0436654090881348,99.8,0.7313541173934937,0.031702108681201935,0.06740865111351013,30.24416732788086,0.0,0.0,0.38812747597694397,5.8385492593515664e-05,0.003445177339017391,0.5810849070549011,0.0,0.0,1.1555752754211426,0.40259355306625366,0.02040218748152256,0.3743751645088196,0.019875632598996162,0.7161198854446411,0.26972725987434387,0.009676202200353146,0.0008666276698932052,0.43778276443481445,0.9883139729499817,0.0,0.8219189643859863,0.23851409554481506,0.0005337264155969024,0.019370650872588158,0.0,0.0,0.3493649363517761,0.05572706088423729,6.568688695551828e-05,1.2870464324951172,0.0,0.0
386,3.306180953979492,0.6388165950775146,18.20447540283203,4.72260046005249,0.6205793023109436,53.39091491699219,1.0105825662612915,1.0091452598571777,140.94,0.89727383852005,0.006552038714289665,0.05897380784153938,19.55876922607422,0.0,0.0,0.3105846345424652,4.950092716171639e-06,0.0028782468289136887,0.6954233646392822,0.0,0.0,1.076492428779602,0.3932632505893707,0.015688851475715637,0.2333763837814331,0.012213255278766155,0.4095694124698639,0.28975987434387207,0.020271142944693565,0.0005306272651068866,0.6831396818161011,0.9810498952865601,0.0,0.886154294013977,0.22576330602169037,0.000586516922339797,0.020227791741490364,0.0,0.0,0.3436721861362457,0.056307703256607056,6.343395943986252e-05,1.2854602336883545,0.0,0.0
387,1.9111963510513306,0.0016868857201188803,33.983341217041016,2.4753432273864746,0.4165002107620239,55.79145431518555,1.0175504684448242,1.016940951347351,58.9,0.8036463856697083,0.1991559863090515,0.02122189849615097,1.3725069761276245,0.0,0.0,0.4095567762851715,0.00026151500060223043,0.0045891860499978065,1.0338393449783325,0.0,0.0,1.1059950590133667,0.48392125964164734,0.016290556639432907,0.1810622215270996,0.0113771827891469,0.3053879141807556,0.27685052156448364,0.012955650687217712,0.0005824131658300757,0.5124093890190125,0.9910880327224731,0.0,0.8054165840148926,0.24465584754943848,0.0005392668535932899,0.019055074080824852,0.0,0.0,0.3521936535835266,0.0606357678771019,5.891311229788698e-05,1.2866705656051636,0.0,0.0
388,5.528116703033447,0.26761043071746826,17.807710647583008,3.3131766319274902,0.5210177898406982,47.87516403198242,0.8646612763404846,0.864877462387085,28.91,1.031013011932373,0.08271407335996628,0.023879490792751312,7.029863357543945,0.0,0.0,0.2998252213001251,3.6663885111920536e-05,0.0038511904422193766,0.8682500123977661,0.0,0.0,1.155893325805664,0.4058784246444702,0.015947308391332626,0.21325911581516266,0.011375609785318375,0.367313414812088,0.28045278787612915,0.01552871149033308,0.00047973706386983395,0.612786591053009,0.9773063063621521,0.0,0.8505491614341736,0.23690564930438995,0.000552176556084305,0.019636452198028564,0.0,0.0,0.34678301215171814,0.05496761202812195,7.18149749445729e-05,1.2846113443374634,0.0,0.0
389,4.5828657150268555,0.9236558079719543,20.896209716796875,2.740507125854492,0.6083298921585083,72.59593963623047,0.935602068901062,0.9351723790168762,49.11,0.7677129507064819,0.014587254263460636,0.06695010513067245,32.23265838623047,0.0,0.0,0.3566582500934601,1.897452057164628e-05,0.0014061426045373082,0.5966200232505798,0.0,0.0,1.022610068321228,0.4121147096157074,0.014065186493098736,0.16196656227111816,0.009126085788011551,0.2654080092906952,0.2903670370578766,0.020952589809894562,0.0004121667589060962,0.7178851962089539,0.9878233075141907,0.0,0.8928910493850708,0.22126227617263794,0.000588240975048393,0.02027316391468048,0.0,0.0,0.3437599539756775,0.05455717071890831,8.827999408822507e-05,1.2714868783950806,0.0,0.0
390,3.086805582046509,0.4563539922237396,14.38224983215332,9.096513748168945,0.43893930315971375,44.477725982666016,0.9269896745681763,0.9243549704551697,307.48,0.9961267113685608,0.03669573366641998,0.03608206287026405,10.803400993347168,0.0,0.0,0.30265384912490845,8.691868629284727e-07,0.004805856384336948,0.7810724973678589,0.0,0.0,1.2673590183258057,0.3284998834133148,0.02194194495677948,0.49620601534843445,0.022935055196285248,0.9517655968666077,0.26412492990493774,0.008230381645262241,0.0008571148500777781,0.46052852272987366,0.9738516807556152,0.0,0.8151037096977234,0.25446298718452454,0.0005148799973540008,0.01894805207848549,0.0,0.0,0.34671393036842346,0.05168267711997032,7.586887659272179e-05,1.2898945808410645,0.0,0.0
391,3.587728261947632,0.6914722323417664,29.137161254882812,6.598124027252197,0.5827227830886841,59.947086334228516,1.1941500902175903,1.1946195363998413,32.91,0.905485212802887,0.00792879331856966,0.057851023972034454,20.499561309814453,0.0,0.0,0.3156069219112396,1.0054964150185697e-06,0.0024551311507821083,0.6686509251594543,0.0,0.0,1.0681196451187134,0.414779931306839,0.01855197176337242,0.29369086027145386,0.016684385016560555,0.5495270490646362,0.2896743416786194,0.018226755782961845,0.0007692173239775002,0.5765193700790405,0.9909240007400513,0.0,0.8651348352432251,0.2275339663028717,0.0005760034546256065,0.01983012445271015,0.0,0.0,0.34429076313972473,0.057665567845106125,6.104838394094259e-05,1.287731409072876,0.0,0.0
392,3.009312868118286,0.27126869559288025,21.136112213134766,6.448912620544434,0.5906376838684082,41.3597297668457,1.1104724407196045,1.1097350120544434,59.84,0.962637186050415,0.07080338895320892,0.03309853374958038,5.5122456550598145,0.0,0.0,0.32148438692092896,9.190830314764753e-05,0.00481403898447752,0.8639051914215088,0.0,0.0,1.087032675743103,0.37227749824523926,0.018196702003479004,0.2974790036678314,0.015739681199193,0.5493044853210449,0.2881116569042206,0.01819010265171528,0.0006945609929971397,0.6041198372840881,0.9833790063858032,0.0,0.828873336315155,0.2537462115287781,0.0005383134703151882,0.018948078155517578,0.0,0.0,0.34464412927627563,0.05509505420923233,8.189034997485578e-05,1.2780096530914307,0.0,0.0
393,5.706332683563232,0.7711321115493774,20.595746994018555,9.87812614440918,0.6636725664138794,57.277679443359375,1.108491063117981,1.1077561378479004,59.85,0.9223250150680542,0.010598080232739449,0.04471494257450104,23.721302032470703,0.0,0.0,0.3212820291519165,1.7504566130810417e-05,0.0024196680169552565,0.6454660892486572,0.0,0.0,1.0581446886062622,0.36806562542915344,0.018326949328184128,0.3538912534713745,0.017728367820382118,0.6755882501602173,0.29208263754844666,0.01987702026963234,0.0007357832510024309,0.644955575466156,0.9915561676025391,0.0,0.875573456287384,0.22405005991458893,0.0005736828898079693,0.019882898777723312,0.0,0.0,0.34228309988975525,0.05655292794108391,6.330261385301128e-05,1.2866021394729614,0.0,0.0
394,1.8139687776565552,0.25955408811569214,11.014142990112305,9.722382545471191,0.6640878319740295,49.2717170715332,0.9447919130325317,0.9436582922935486,127.15,0.9051759839057922,0.08716195821762085,0.042762525379657745,6.201181888580322,0.0,0.0,0.3346874713897705,0.00012367394811008126,0.003937932197004557,0.8852749466896057,0.0,0.0,1.113478422164917,0.338064968585968,0.01843453012406826,0.3738917410373688,0.016833454370498657,0.6921157836914062,0.28794199228286743,0.019777711480855942,0.0006356962840072811,0.6707383394241333,0.9745110869407654,0.0,0.8550182580947876,0.23526816070079803,0.0005465431604534388,0.019357096403837204,0.0,0.0,0.3416757583618164,0.05114981159567833,9.424088057130575e-05,1.279334545135498,0.0,0.0
395,4.713784694671631,0.024686815217137337,23.443870544433594,7.245005130767822,0.5908117294311523,47.705970764160156,1.1550205945968628,1.1521453857421875,216.06,0.9881280064582825,0.17419879138469696,0.009639870375394821,1.5458533763885498,0.0,0.0,0.3479647934436798,0.00014814684982411563,0.0061759185045957565,1.0021690130233765,0.0,0.0,1.0734738111495972,0.3812020421028137,0.01892702467739582,0.3185361325740814,0.017016403377056122,0.5972480773925781,0.28923505544662476,0.01806556060910225,0.0007537729688920081,0.5870701670646667,0.9868149757385254,0.0,0.8143479824066162,0.2561693489551544,0.0005314070731401443,0.01858409494161606,0.0,0.0,0.34455400705337524,0.05721317231655121,7.115086918929592e-05,1.2821977138519287,0.0,0.0
396,4.17711877822876,0.22775046527385712,15.660632133483887,8.399849891662598,0.6864413619041443,58.24923324584961,1.0331237316131592,1.0332965850830078,16.19,0.9929038882255554,0.08780620992183685,0.024035334587097168,5.285879611968994,0.0,0.0,0.3129124343395233,8.340726344613358e-05,0.004232658073306084,0.8993526101112366,0.0,0.0,1.0720746517181396,0.3507916033267975,0.017028598114848137,0.315166175365448,0.014878233894705772,0.572498619556427,0.2940215766429901,0.021938687190413475,0.0006174369482323527,0.6991167068481445,0.9745744466781616,0.0,0.8679582476615906,0.23648688197135925,0.0005627195350825787,0.019562235102057457,0.0,0.0,0.341889888048172,0.05421876534819603,7.93788640294224e-05,1.280051827430725,0.0,0.0
397,5.043040752410889,0.9928795695304871,30.844676971435547,7.676663875579834,0.48650291562080383,54.34989547729492,1.145925521850586,1.146924376487732,76.0,0.7565485239028931,0.036318324506282806,0.053986892104148865,30.68633460998535,0.0,0.0,0.3857511281967163,7.853400165913627e-05,0.0026198511477559805,0.568864643573761,0.0,0.0,1.1040834188461304,0.3957268297672272,0.021083856001496315,0.37410447001457214,0.02054242230951786,0.71684330701828,0.2784947156906128,0.012586023658514023,0.0009283109102398157,0.4640777111053467,0.9884390830993652,0.0,0.8279927968978882,0.24047549068927765,0.0005365428514778614,0.019222227856516838,0.0,0.0,0.346787691116333,0.054536122828722,8.39581698528491e-05,1.2795913219451904,0.0,0.0
398,1.4975767135620117,0.9290478825569153,14.178080558776855,5.697633266448975,0.5849394202232361,46.731258392333984,0.9609485864639282,0.9623000621795654,146.15,0.6853627562522888,0.020120779052376747,0.10553300380706787,31.60188102722168,0.0,0.0,0.37008488178253174,4.490850551519543e-05,0.0027656476013362408,0.5987714529037476,0.0,0.0,1.1053714752197266,0.3860292136669159,0.017312493175268173,0.2892824709415436,0.014345312491059303,0.5185046195983887,0.2828855514526367,0.017583241686224937,0.0005760567146353424,0.6319654583930969,0.9769425988197327,0.0,0.8845838904380798,0.21447694301605225,0.0005777477053925395,0.020414844155311584,0.0,0.0,0.34418538212776184,0.05304860696196556,6.815970118623227e-05,1.2864607572555542,0.0,0.0
399,4.741096019744873,0.9378683567047119,18.735872268676758,3.6010725498199463,0.7769247889518738,43.04713439941406,0.9592717885971069,0.9590714573860168,21.77,0.7828843593597412,0.019795721396803856,0.06446709483861923,36.13951873779297,0.0,0.0,0.3512561321258545,2.425622005830519e-05,0.0018474014941602945,0.5806522369384766,0.0,0.0,0.97929847240448,0.3762269616127014,0.010864931158721447,0.134308323264122,0.0060841916128993034,0.21448680758476257,0.30427008867263794,0.030437761917710304,0.0003028609207831323,0.9222956299781799,0.9885319471359253,0.0,0.9588940739631653,0.1887844204902649,0.0006405330495908856,0.02169431746006012,0.0,0.0,0.34160929918289185,0.05704893171787262,4.9520305765327066e-05,1.288994550704956,0.0,0.0
400,4.280856609344482,0.04567650705575943,24.60162925720215,5.497203826904297,0.42610201239585876,49.469573974609375,1.044015645980835,1.0456477403640747,149.5,0.9957787394523621,0.16215386986732483,0.0076752412132918835,1.7508865594863892,0.0,0.0,0.34847116470336914,0.0001271124929189682,0.006790674291551113,0.9914380311965942,0.0,0.0,1.172261357307434,0.40924814343452454,0.01953713595867157,0.32504427433013916,0.01750030368566513,0.6042926907539368,0.2729834318161011,0.010887079872190952,0.0007891744025982916,0.4602888822555542,0.9810501337051392,0.0,0.7890049815177917,0.2656225860118866,0.0005120966816321015,0.018385358154773712,0.0,0.0,0.34939447045326233,0.057123344391584396,7.107962301233783e-05,1.2839211225509644,0.0,0.0
401,5.923466205596924,0.46313270926475525,24.068349838256836,6.419195652008057,0.6358425617218018,57.621822357177734,1.1233426332473755,1.122710108757019,50.15,1.0550742149353027,0.024727489799261093,0.032488465309143066,12.365657806396484,0.0,0.0,0.2871168255805969,9.885892495731241e-07,0.0034193473402410746,0.7730817198753357,0.0,0.0,1.0813010931015015,0.3985395133495331,0.017121529206633568,0.27275171875953674,0.0145633639767766,0.5011373162269592,0.29325956106185913,0.02058274857699871,0.0006571049452759326,0.6532308459281921,0.985836386680603,0.0,0.8663843870162964,0.22967837750911713,0.0005742702633142471,0.019681846722960472,0.0,0.0,0.34345316886901855,0.05849631875753403,5.8587782405084e-05,1.2884217500686646,0.0,0.0
402,4.300776481628418,0.10328327119350433,23.09818458557129,6.760567665100098,0.5919498801231384,49.1552734375,1.135567307472229,1.1361159086227417,42.52,0.9932833909988403,0.13382026553153992,0.014813181012868881,2.380643606185913,0.0,0.0,0.3351612985134125,0.0001267483166884631,0.005500911269336939,0.9554260969161987,0.0,0.0,1.0800272226333618,0.3870186507701874,0.018547287210822105,0.30461278557777405,0.01623094640672207,0.5640881657600403,0.2892712950706482,0.018395042046904564,0.0007216705707833171,0.5967417359352112,0.9834599494934082,0.0,0.8299906253814697,0.24739685654640198,0.0005441174726001918,0.01894606463611126,0.0,0.0,0.3445117473602295,0.0575430765748024,6.637618207605556e-05,1.2840083837509155,0.0,0.0
403,5.164719581604004,0.8073880076408386,15.130784034729004,8.284825325012207,0.533938467502594,54.34893035888672,0.8958677053451538,0.8949876427650452,109.76,0.8794360160827637,0.011392759159207344,0.04568374902009964,25.058155059814453,0.0,0.0,0.3306679427623749,1.0190063221671153e-05,0.002798862988129258,0.6338822245597839,0.0,0.0,1.167281985282898,0.3409200608730316,0.019656043499708176,0.41395989060401917,0.01912670023739338,0.7764337062835693,0.2746286690235138,0.012625101953744888,0.0007258560508489609,0.548977792263031,0.9755163192749023,0.0,0.8515774607658386,0.24039998650550842,0.0005425982526503503,0.019563332200050354,0.0,0.0,0.3442922532558441,0.051901090890169144,8.385004184674472e-05,1.2827945947647095,0.0,0.0
404,3.167301654815674,0.10195193439722061,41.718013763427734,5.40935754776001,0.4143720269203186,52.46078872680664,1.15415620803833,1.1540322303771973,9.31,0.946296215057373,0.13582506775856018,0.015655189752578735,2.139340877532959,0.0,0.0,0.35343697667121887,0.0001367645600112155,0.005711234174668789,0.9724148511886597,0.0,0.0,1.1207636594772339,0.37807363271713257,0.01944844052195549,0.2950809597969055,0.01808912865817547,0.5566565990447998,0.27437278628349304,0.009750043042004108,0.0009338177624158561,0.4258880615234375,0.992888867855072,0.0,0.7208144664764404,0.3452734351158142,0.00044739001896232367,0.016674956306815147,0.0,0.0,0.3501740097999573,0.04913298785686493,0.00018898281268775463,1.2443569898605347,0.0,0.0
405,3.323194742202759,0.05597366392612457,17.59870147705078,6.92584753036499,0.7366430163383484,47.159446716308594,1.1182496547698975,1.1181989908218384,4.05,0.9015474915504456,0.17211167514324188,0.018030745908617973,1.8248003721237183,0.0,0.0,0.361985445022583,0.0002030062605626881,0.004737578332424164,0.9933394193649292,0.0,0.0,1.0185973644256592,0.37618589401245117,0.015024936757981777,0.238626629114151,0.011703191325068474,0.42608562111854553,0.30125492811203003,0.026672497391700745,0.0005290068802423775,0.7798293828964233,0.9813764691352844,0.0,0.875594973564148,0.2210032194852829,0.0005788752459920943,0.01978331431746483,0.0,0.0,0.34180670976638794,0.057366903871297836,5.6292272347491235e-05,1.2877426147460938,0.0,0.0
406,2.2485833168029785,0.37227171659469604,19.677656173706055,6.89227819442749,0.702734649181366,56.69846725463867,1.1565271615982056,1.1569067239761353,28.37,0.8971883654594421,0.04168957844376564,0.05281822383403778,8.848614692687988,0.0,0.0,0.321723997592926,0.00010655344522092491,0.0031272030901163816,0.8136385083198547,0.0,0.0,1.0177620649337769,0.38591593503952026,0.015877828001976013,0.2537820637226105,0.013134672306478024,0.4626912772655487,0.2984847128391266,0.024521207436919212,0.0005920437397435308,0.7280946373939514,0.9874868392944336,0.0,0.8990394473075867,0.2137041985988617,0.0005989117780700326,0.02032691054046154,0.0,0.0,0.34170371294021606,0.05788903310894966,5.422291360446252e-05,1.2875789403915405,0.0,0.0
407,3.3851916790008545,0.045810043811798096,30.998619079589844,2.823625326156616,0.40165629982948303,48.81230926513672,0.9983915090560913,0.9997879862785339,139.9,0.926167905330658,0.16570398211479187,0.012805718928575516,1.8685804605484009,0.0,0.0,0.3689500093460083,0.00017994528752751648,0.005998846143484116,1.006137728691101,0.0,0.0,1.137938380241394,0.448638379573822,0.016786327585577965,0.20068691670894623,0.012377721257507801,0.3443774878978729,0.274871826171875,0.011887759901583195,0.0006267657154239714,0.48912638425827026,0.9860676527023315,0.0,0.7763510942459106,0.27826988697052,0.0005083745927549899,0.0182533860206604,0.0,0.0,0.35211291909217834,0.057329632341861725,8.797118061920628e-05,1.2743228673934937,0.0,0.0
408,3.4545459747314453,0.13392868638038635,13.228097915649414,6.7091240882873535,0.732886791229248,48.23594284057617,0.9604278206825256,0.959721565246582,76.62,0.9398018717765808,0.1348467469215393,0.022406525909900665,3.336519956588745,0.0,0.0,0.33992600440979004,0.00015109284140635282,0.004217741545289755,0.9547211527824402,0.0,0.0,1.0576729774475098,0.36399534344673157,0.014662318862974644,0.2447180598974228,0.011117846705019474,0.4317162036895752,0.29798126220703125,0.025572573766112328,0.0004746591148432344,0.7932785749435425,0.973871111869812,0.0,0.8885971307754517,0.21746478974819183,0.0005806956323795021,0.020035557448863983,0.0,0.0,0.34179672598838806,0.05526834726333618,6.611077697016299e-05,1.2850863933563232,0.0,0.0
409,3.93595552444458,0.025538718327879906,28.535367965698242,2.4827804565429688,0.7817526459693909,52.19587326049805,1.0846233367919922,1.084225058555603,33.87,0.8777328133583069,0.19724558293819427,0.013578524813055992,1.4888428449630737,0.0,0.0,0.37169402837753296,0.00025679043028503656,0.003896077163517475,1.0081446170806885,0.0,0.0,0.9345528483390808,0.3965834379196167,0.010699485428631306,0.09953402727842331,0.004904287867248058,0.14982588589191437,0.3105911314487457,0.033845990896224976,0.0002476354129612446,0.9525392055511475,1.001116394996643,0.0,0.9547520875930786,0.17918559908866882,0.0006518146255984902,0.021411189809441566,0.0,0.0,0.3413242995738983,0.062183164060115814,3.5682780435308814e-05,1.294077754020691,0.0,0.0
410,3.8601176738739014,0.01663539744913578,24.15177345275879,9.687596321105957,0.45129406452178955,45.71721267700195,1.132697343826294,1.1315135955810547,92.36,0.9789465665817261,0.18166770040988922,0.005176746752113104,3.0777411460876465,0.0,0.0,0.3538192808628082,0.00012647196126636118,0.007837244309484959,0.9977977275848389,0.0,0.0,1.1681642532348633,0.34360623359680176,0.0231444351375103,0.47474756836891174,0.024299493059515953,0.9244133830070496,0.272543340921402,0.009883376769721508,0.0010278376284986734,0.4280475378036499,0.9827386736869812,0.0,0.7770683169364929,0.2776941955089569,0.000493947125505656,0.01797599531710148,0.0,0.0,0.3475150763988495,0.05418326333165169,8.61454609548673e-05,1.2802033424377441,0.0,0.0
411,5.813864231109619,0.28982287645339966,22.082626342773438,3.2969400882720947,0.457806795835495,58.61158752441406,0.9159365892410278,0.9158241748809814,13.4,1.070759892463684,0.0650729387998581,0.022365611046552658,6.46596622467041,0.0,0.0,0.297396183013916,2.8918109819642268e-05,0.0045275078155100346,0.8565104007720947,0.0,0.0,1.1740082502365112,0.43258535861968994,0.01667094975709915,0.22440753877162933,0.012573104351758957,0.3898041844367981,0.2762283980846405,0.013079721480607986,0.0005688187666237354,0.5414974689483643,0.9784286022186279,0.0,0.8295985460281372,0.2494329959154129,0.0005437564104795456,0.019215930253267288,0.0,0.0,0.3482852280139923,0.057520437985658646,6.74956027069129e-05,1.2848585844039917,0.0,0.0
412,3.855905532836914,0.32917162775993347,14.388317108154297,7.947871685028076,0.6195656061172485,52.40679168701172,0.9642043113708496,0.9649415016174316,79.23,1.0102366209030151,0.05868523195385933,0.02996363677084446,7.471303462982178,0.0,0.0,0.302754670381546,3.9751997974235564e-05,0.004125557374209166,0.8420157432556152,0.0,0.0,1.122070074081421,0.34746575355529785,0.01810656115412712,0.34626275300979614,0.016467206180095673,0.6442930102348328,0.28586873412132263,0.017719795927405357,0.0006552946870215237,0.6346945762634277,0.9792129397392273,0.0,0.846825122833252,0.24548442661762238,0.0005450216121971607,0.01924012415111065,0.0,0.0,0.3429017663002014,0.05341155827045441,8.216826972784474e-05,1.281619668006897,0.0,0.0
413,4.043938159942627,0.9848235249519348,28.15610122680664,2.8731560707092285,0.7388458251953125,47.09672164916992,1.0980528593063354,1.0965983867645264,120.79,0.731036365032196,0.03278779983520508,0.07553406059741974,35.41609191894531,0.0,0.0,0.36668795347213745,4.831526894122362e-05,0.002077331766486168,0.5575103163719177,0.0,0.0,0.9406623244285583,0.3869021236896515,0.011873547919094563,0.12511083483695984,0.00657400768250227,0.19718720018863678,0.30559542775154114,0.03007636032998562,0.00032664588070474565,0.8763044476509094,0.995171844959259,0.0,0.9291845560073853,0.20426207780838013,0.0006225051474757493,0.020963115617632866,0.0,0.0,0.3414192199707031,0.05694989114999771,6.530041719088331e-05,1.279510736465454,0.0,0.0
414,2.035334587097168,0.6797218322753906,21.48118782043457,4.356909275054932,0.793225884437561,42.59967803955078,1.1377074718475342,1.1375782489776611,9.98,0.8107081055641174,0.004367120563983917,0.0847475677728653,22.312021255493164,0.0,0.0,0.32132717967033386,5.864728518645279e-05,0.0028982011135667562,0.6666760444641113,0.0,0.0,0.9581297039985657,0.3679148554801941,0.011420461349189281,0.14343884587287903,0.007000995334237814,0.23693878948688507,0.3082937002182007,0.032180748879909515,0.0003629964485298842,0.913611888885498,0.9918749332427979,0.0,0.938420295715332,0.20347978174686432,0.000627877947408706,0.021114913746714592,0.0,0.0,0.3405919373035431,0.056493766605854034,5.8907091442961246e-05,1.2829945087432861,0.0,0.0
415,4.473033905029297,0.222968190908432,36.61530303955078,2.997762680053711,0.6495621800422668,48.433509826660156,1.166203498840332,1.165387511253357,60.04,0.9819225668907166,0.08496570587158203,0.02440800331532955,5.034196376800537,0.0,0.0,0.3174884021282196,0.00011496670049382374,0.0037507370579987764,0.8976396322250366,0.0,0.0,0.9933502674102783,0.3783383369445801,0.014186023734509945,0.1543479561805725,0.009201904758810997,0.25602906942367554,0.29938459396362305,0.02455909736454487,0.00045433681225404143,0.7441797852516174,0.9922885298728943,0.0,0.8258867263793945,0.2752785384654999,0.0005340526695363224,0.018483882769942284,0.0,0.0,0.3427608013153076,0.05283653736114502,0.000129362873849459,1.2543081045150757,0.0,0.0
416,1.6634403467178345,0.05236339941620827,12.204723358154297,7.6090779304504395,0.43444502353668213,45.37778091430664,0.8926723599433899,0.8931336402893066,57.86,0.8795316219329834,0.18839603662490845,0.01871880516409874,2.4030399322509766,0.0,0.0,0.37769266963005066,0.0001575833884999156,0.00686109671369195,0.9974266290664673,0.0,0.0,1.2424256801605225,0.3542086184024811,0.021178700029850006,0.44083479046821594,0.020511867478489876,0.8319329023361206,0.26446008682250977,0.00913967750966549,0.0007619579555466771,0.4744158685207367,0.9732612371444702,0.0,0.7960180640220642,0.256148099899292,0.0005015155184082687,0.018504925072193146,0.0,0.0,0.346598356962204,0.05069078505039215,8.820579387247562e-05,1.286853551864624,0.0,0.0
417,2.075028419494629,0.9591834545135498,21.981582641601562,5.694537162780762,0.5155373215675354,42.995670318603516,1.0703091621398926,1.0705031156539917,16.93,0.6932396292686462,0.02553952857851982,0.09325746446847916,30.09314727783203,0.0,0.0,0.3790068030357361,5.3547057177638635e-05,0.003370891558006406,0.5846135020256042,0.0,0.0,1.0900075435638428,0.4036482274532318,0.018667535856366158,0.3024241626262665,0.01642465591430664,0.5595033764839172,0.2804512679576874,0.014817788265645504,0.0007157835061661899,0.5399705767631531,0.9877978563308716,0.0,0.8485459089279175,0.2294878512620926,0.0005559750134125352,0.019778158515691757,0.0,0.0,0.34701648354530334,0.05555009841918945,6.815863162046298e-05,1.2842469215393066,0.0,0.0
418,3.4674363136291504,0.03870964050292969,28.504985809326172,2.6113202571868896,0.6945280432701111,55.513187408447266,1.1024360656738281,1.10259211063385,12.84,0.8755962252616882,0.1806136518716812,0.01598864421248436,1.5684007406234741,0.0,0.0,0.3737143576145172,0.00025640634703449905,0.003842542879283428,0.9951415657997131,0.0,0.0,0.97718346118927,0.4279431998729706,0.013021673075854778,0.13050012290477753,0.007312566973268986,0.20807801187038422,0.3029152750968933,0.028147339820861816,0.00034793440136127174,0.8219398856163025,0.9936195015907288,0.0,0.9200291633605957,0.19280457496643066,0.0006286559510044754,0.020866136997938156,0.0,0.0,0.3432755768299103,0.06276625394821167,3.5995617508888245e-05,1.2949870824813843,0.0,0.0
419,3.047759532928467,0.31460073590278625,13.456558227539062,6.1941752433776855,0.7336631417274475,50.836090087890625,0.959752082824707,0.9593588709831238,42.71,0.9473986625671387,0.060644712299108505,0.038952283561229706,7.984218597412109,0.0,0.0,0.3158419132232666,9.34951749513857e-05,0.0035165376029908657,0.8544533848762512,0.0,0.0,1.0488530397415161,0.36478912830352783,0.014154830947518349,0.2293340265750885,0.010622983798384666,0.40509259700775146,0.2979942262172699,0.025624945759773254,0.00046016013948246837,0.8026316165924072,0.9790292382240295,0.0,0.8927456140518188,0.21875807642936707,0.0005848213331773877,0.02011331357061863,0.0,0.0,0.3415074050426483,0.05524368956685066,6.815999222453684e-05,1.283094048500061,0.0,0.0
420,4.5246262550354,0.709635853767395,13.514999389648438,8.451732635498047,0.5626165270805359,50.6201057434082,0.8774686455726624,0.8771665096282959,39.25,0.907700777053833,0.010322676040232182,0.04629641771316528,24.038606643676758,0.0,0.0,0.31178078055381775,8.711169243724726e-07,0.0027316587511450052,0.672103762626648,0.0,0.0,1.1778233051300049,0.33258333802223206,0.019359514117240906,0.4051284193992615,0.0183838102966547,0.7578876614570618,0.2770598232746124,0.013882959261536598,0.0006826205644756556,0.578325092792511,0.9736080169677734,0.0,0.857211709022522,0.23569165170192719,0.0005437791114673018,0.01968635804951191,0.0,0.0,0.3437499403953552,0.04998072236776352,9.021447476698086e-05,1.2833709716796875,0.0,0.0
421,2.9477555751800537,0.8990257978439331,25.885263442993164,3.049321413040161,0.6010777950286865,59.67407989501953,1.0624855756759644,1.0663501024246216,341.09,0.7497965693473816,0.015443629585206509,0.08658696711063385,31.595537185668945,0.0,0.0,0.35637322068214417,2.988308551721275e-05,0.0017715940484777093,0.598092257976532,0.0,0.0,1.020516276359558,0.4494052529335022,0.014889571815729141,0.17178621888160706,0.010022786445915699,0.28917306661605835,0.29246756434440613,0.02158917672932148,0.0004628509050235152,0.6927403807640076,0.9918314218521118,0.0,0.9207133650779724,0.19549041986465454,0.0006256321794353426,0.021182268857955933,0.0,0.0,0.3449437916278839,0.060401663184165955,4.3988198740407825e-05,1.2923235893249512,0.0,0.0
422,1.3998620510101318,0.49745339155197144,14.368701934814453,7.460438251495361,0.41193094849586487,57.639495849609375,0.9293888807296753,0.9289331436157227,52.79,0.873077392578125,0.02336118184030056,0.06371769309043884,10.9979829788208,0.0,0.0,0.323495477437973,1.1210745469725225e-05,0.0040637431666255,0.776308536529541,0.0,0.0,1.2427505254745483,0.3463563323020935,0.020989982411265373,0.44217920303344727,0.021022187545895576,0.8282941579818726,0.2628639042377472,0.008176245726644993,0.0008153116796165705,0.44916728138923645,0.9711745977401733,0.0,0.8039111495018005,0.2675371468067169,0.0005056000663898885,0.01868748664855957,0.0,0.0,0.34636783599853516,0.04865851253271103,0.00010894652223214507,1.2791277170181274,0.0,0.0
423,4.494932174682617,0.08863639831542969,23.93186378479004,6.045018196105957,0.6388997435569763,43.588531494140625,1.1577967405319214,1.1590996980667114,97.09,0.980506181716919,0.1395835131406784,0.015790916979312897,2.12949275970459,0.0,0.0,0.3377844989299774,0.00014193876995705068,0.005221005529165268,0.9675753116607666,0.0,0.0,1.0454930067062378,0.37756943702697754,0.017029376700520515,0.25802919268608093,0.013950261287391186,0.4678499400615692,0.29482296109199524,0.02149636298418045,0.0006420339923352003,0.6620479226112366,0.984346330165863,0.0,0.8295018672943115,0.2547742426395416,0.0005415839841589332,0.018823733553290367,0.0,0.0,0.343705952167511,0.05609327182173729,8.074179640971124e-05,1.2766036987304688,0.0,0.0
424,2.30023455619812,0.514434278011322,22.61396026611328,4.072570323944092,0.7190229892730713,55.80288314819336,1.1307926177978516,1.131588101387024,62.17,0.8717494606971741,0.015846464782953262,0.06754108518362045,15.08388614654541,0.0,0.0,0.3164123594760895,7.791443931637332e-05,0.002615836216136813,0.7422259449958801,0.0,0.0,0.9925898313522339,0.40518608689308167,0.013353255577385426,0.16722120344638824,0.008900197222828865,0.283991277217865,0.3022495210170746,0.027690229937434196,0.0004224962031003088,0.8146507740020752,0.9909818768501282,0.0,0.947207510471344,0.19032637774944305,0.000642548780888319,0.021429328247904778,0.0,0.0,0.3420356810092926,0.060060832649469376,4.1570976463845e-05,1.2924742698669434,0.0,0.0
425,1.5431448221206665,0.6198495030403137,26.163406372070312,3.3915419578552246,0.5932704210281372,48.17406463623047,1.1044803857803345,1.103094458580017,113.75,0.8101542592048645,0.006864972412586212,0.08547496795654297,17.87938690185547,0.0,0.0,0.3298722803592682,6.500638119177893e-05,0.0029593349900096655,0.7000194191932678,0.0,0.0,1.0307661294937134,0.4188673496246338,0.01537011656910181,0.18536177277565002,0.010947756469249725,0.3173551857471466,0.292181134223938,0.02092849463224411,0.0005136476247571409,0.671075165271759,0.9916374087333679,0.0,0.8783196210861206,0.22505831718444824,0.0005888935411348939,0.020228222012519836,0.0,0.0,0.3454563319683075,0.05808614194393158,6.210635910974815e-05,1.2835203409194946,0.0,0.0
426,3.010624408721924,0.5285876989364624,14.922490119934082,7.865298748016357,0.4032861292362213,42.86726760864258,0.9080613851547241,0.9092462062835693,143.5,0.9738720655441284,0.024440091103315353,0.041632965207099915,12.926862716674805,0.0,0.0,0.30638182163238525,8.701238130015554e-07,0.0047665867023169994,0.7535229325294495,0.0,0.0,1.2866195440292358,0.346763551235199,0.021226171404123306,0.4634895622730255,0.021697094663977623,0.8806490898132324,0.2611200511455536,0.007268168032169342,0.0008302912465296686,0.44188544154167175,0.9716957211494446,0.0,0.8135207891464233,0.25441455841064453,0.0005147960619069636,0.019037488847970963,0.0,0.0,0.34812426567077637,0.05211595073342323,7.248810288729146e-05,1.2906032800674438,0.0,0.0
427,4.393322944641113,0.7215248346328735,33.977569580078125,7.36344051361084,0.40973469614982605,59.682613372802734,1.1343846321105957,1.1336495876312256,57.16,0.9346736669540405,0.01159583032131195,0.04557398334145546,19.61631965637207,0.0,0.0,0.3213551640510559,9.292173217545496e-07,0.003304610261693597,0.670295774936676,0.0,0.0,1.1820029020309448,0.3990997076034546,0.02150108478963375,0.38909342885017395,0.02178487740457058,0.7492295503616333,0.27154678106307983,0.009028293192386627,0.0010269694030284882,0.3981383144855499,0.9861136078834534,0.0,0.8013792634010315,0.26072049140930176,0.0005186655325815082,0.018773624673485756,0.0,0.0,0.3493958115577698,0.05443768948316574,8.70820731506683e-05,1.2816078662872314,0.0,0.0
428,2.476560115814209,0.20027613639831543,34.05200958251953,5.029938697814941,0.5431668162345886,56.9977912902832,1.1953766345977783,1.196846842765808,102.76,0.9158245325088501,0.09505119174718857,0.03351396694779396,3.788353443145752,0.0,0.0,0.3453737497329712,0.00015111420361790806,0.0038521168753504753,0.9005575180053711,0.0,0.0,1.0629535913467407,0.42671290040016174,0.018008388578891754,0.25196319818496704,0.015004526823759079,0.46260887384414673,0.28779661655426025,0.017301104962825775,0.000724343815818429,0.5624013543128967,0.9920746088027954,0.0,0.8337533473968506,0.24109141528606415,0.0005527307512238622,0.019189348444342613,0.0,0.0,0.34615907073020935,0.058192383497953415,6.928748189238831e-05,1.2822400331497192,0.0,0.0
429,4.345420837402344,0.9767661094665527,34.0295524597168,3.4599719047546387,0.5856593251228333,49.99479675292969,1.1367640495300293,1.1363980770111084,28.33,0.7423494458198547,0.029650520533323288,0.06764722615480423,32.61159896850586,0.0,0.0,0.37276503443717957,5.146593684912659e-05,0.0021042590960860252,0.5735915303230286,0.0,0.0,1.0053400993347168,0.4102783799171448,0.015706680715084076,0.18720456957817078,0.011238309554755688,0.32231229543685913,0.29252928495407104,0.020588772371411324,0.0005455379723571241,0.6538283824920654,0.9927331209182739,0.0,0.8499599695205688,0.24389943480491638,0.0005566810723394156,0.019433265551924706,0.0,0.0,0.34490299224853516,0.05411246418952942,0.00010371651296736673,1.2663801908493042,0.0,0.0
430,1.9256147146224976,0.39376693964004517,20.750900268554688,2.8849661350250244,0.652158260345459,56.34088897705078,1.0230895280838013,1.0236787796020508,56.26,0.8578348755836487,0.03684462979435921,0.06244581192731857,10.500600814819336,0.0,0.0,0.3292255997657776,0.00013018235040362924,0.0028728421311825514,0.8031008243560791,0.0,0.0,1.0201373100280762,0.41769203543663025,0.013737722299993038,0.15437938272953033,0.008568279445171356,0.2515832781791687,0.29594817757606506,0.024330494925379753,0.0003897055285051465,0.7656316161155701,0.9870131015777588,0.0,0.9202547669410706,0.20148047804832458,0.0006227953708730638,0.020982693880796432,0.0,0.0,0.34372225403785706,0.0599554069340229,4.484894816414453e-05,1.290989637374878,0.0,0.0
431,3.1733081340789795,0.7607181072235107,17.345333099365234,4.2897820472717285,0.6583086848258972,40.004520416259766,0.988858699798584,0.9873902797698975,150.39,0.8523451089859009,0.004488639999181032,0.06855545938014984,25.73058319091797,0.0,0.0,0.3239462077617645,1.175053148472216e-05,0.0028242026455700397,0.6462240815162659,0.0,0.0,1.0616693496704102,0.3866618871688843,0.014489242807030678,0.204003244638443,0.010469410568475723,0.3513959050178528,0.292969673871994,0.02265162207186222,0.0004587736329995096,0.7421152591705322,0.9839344620704651,0.0,0.8913652300834656,0.21999084949493408,0.000586372276302427,0.020357530564069748,0.0,0.0,0.34360283613204956,0.05505006015300751,6.907590432092547e-05,1.2832127809524536,0.0,0.0
432,5.775737285614014,0.43404653668403625,35.904296875,4.252020835876465,0.6166162490844727,51.53467559814453,1.1939996480941772,1.1953459978103638,94.33,1.0378888845443726,0.027958715334534645,0.031668826937675476,11.18474292755127,0.0,0.0,0.2886795401573181,1.0420041007819236e-06,0.00338504696264863,0.7922876477241516,0.0,0.0,1.03744637966156,0.38899698853492737,0.015948038548231125,0.20218123495578766,0.012203960679471493,0.3571002185344696,0.29550328850746155,0.021473417058587074,0.0006029407377354801,0.6642817854881287,0.9915294051170349,0.0,0.818752646446228,0.27659931778907776,0.0005306823295541108,0.018439851701259613,0.0,0.0,0.3433924615383148,0.05326630920171738,0.0001251762150786817,1.2610673904418945,0.0,0.0
433,2.921647071838379,0.19407768547534943,16.46917152404785,2.7273523807525635,0.6776779890060425,41.445091247558594,0.9107319712638855,0.9111480712890625,50.14,0.9147764444351196,0.106086365878582,0.03252318501472473,4.976956367492676,0.0,0.0,0.34000828862190247,0.000168175101862289,0.003700682893395424,0.9113799333572388,0.0,0.0,1.0294851064682007,0.3987484872341156,0.01288891676813364,0.14173664152622223,0.007437201216816902,0.22677461802959442,0.2964116334915161,0.025202536955475807,0.0003300539974588901,0.8126039505004883,0.9869549870491028,0.0,0.8890007138252258,0.2141098976135254,0.0005900098476558924,0.020199688151478767,0.0,0.0,0.3437459468841553,0.058008577674627304,5.7349334383616224e-05,1.285229206085205,0.0,0.0
434,3.831829309463501,0.9769359230995178,35.93269729614258,4.901951313018799,0.540802001953125,58.523258209228516,1.1798303127288818,1.1822023391723633,170.06,0.7338575124740601,0.030273834243416786,0.07267431169748306,32.3337287902832,0.0,0.0,0.37581560015678406,4.321883534430526e-05,0.0016722945729270577,0.576836109161377,0.0,0.0,1.0363273620605469,0.42986395955085754,0.017851777374744415,0.24767933785915375,0.014833386987447739,0.45253393054008484,0.28756341338157654,0.017240507528185844,0.0007145794224925339,0.5638839602470398,0.9938793182373047,0.0,0.8563343286514282,0.22908814251422882,0.0005657794536091387,0.019775012508034706,0.0,0.0,0.34588006138801575,0.05598496273159981,8.056041406234726e-05,1.2783024311065674,0.0,0.0
435,3.1573128700256348,0.012404395267367363,11.809097290039062,7.5542683601379395,0.5708760619163513,51.67821502685547,0.9103737473487854,0.9117492437362671,165.72,0.9156152009963989,0.21258150041103363,0.009360173717141151,1.554312825202942,0.0,0.0,0.367875337600708,0.00017522128473501652,0.005814663600176573,1.017909049987793,0.0,0.0,1.153464913368225,0.34262293577194214,0.019078506156802177,0.37029415369033813,0.016955683007836342,0.6784528493881226,0.27984151244163513,0.015533111058175564,0.0006412151851691306,0.5979035496711731,0.9695817232131958,0.0,0.8217998147010803,0.25449398159980774,0.0005202260217629373,0.018714075908064842,0.0,0.0,0.343462735414505,0.05073880776762962,0.00010159634257433936,1.2784405946731567,0.0,0.0
436,2.1148931980133057,0.8712942600250244,22.150463104248047,5.6974639892578125,0.5186153054237366,55.153480529785156,1.076137900352478,1.0773521661758423,104.73,0.7465418577194214,0.012469292618334293,0.09005077928304672,27.23453140258789,0.0,0.0,0.3575102984905243,2.530107849452179e-05,0.002500412752851844,0.614148736000061,0.0,0.0,1.0975581407546997,0.4185517430305481,0.018598604947328568,0.3016805052757263,0.016345728188753128,0.5575742721557617,0.28089794516563416,0.015053126029670238,0.0007119089714251459,0.5431593656539917,0.9868201613426208,0.0,0.867121696472168,0.2187359631061554,0.0005746090901084244,0.020135270431637764,0.0,0.0,0.3461940586566925,0.057173579931259155,5.550331843551248e-05,1.2898879051208496,0.0,0.0
437,2.9589645862579346,0.7723263502120972,34.02216720581055,1.767783761024475,0.7374683618545532,56.4240608215332,1.0343058109283447,1.0346806049346924,35.02,0.8030537962913513,0.007255748845636845,0.08229896426200867,28.90181541442871,0.0,0.0,0.3267061710357666,3.2076317438622937e-05,0.0016063933726400137,0.6306601762771606,0.0,0.0,0.9522443413734436,0.40568462014198303,0.011038236320018768,0.0987333133816719,0.004861957859247923,0.1391461193561554,0.3070700466632843,0.03201525658369064,0.00022011547116562724,0.9146849513053894,0.9914872050285339,0.0,0.9861311316490173,0.18109001219272614,0.0006734730559401214,0.022189602255821228,0.0,0.0,0.3412756323814392,0.05943797901272774,4.840454857912846e-05,1.2885671854019165,0.0,0.0
438,4.397704601287842,0.07633820176124573,21.038007736206055,3.4160242080688477,0.7460331916809082,49.60472106933594,1.0465619564056396,1.0462896823883057,24.87,0.9322888851165771,0.15676599740982056,0.01572902500629425,2.31862211227417,0.0,0.0,0.3477146029472351,0.00018868256302084774,0.004120266996324062,0.9805439114570618,0.0,0.0,0.9825625419616699,0.3935638964176178,0.012141750194132328,0.13770589232444763,0.0070294542238116264,0.22245122492313385,0.3049808144569397,0.029617836698889732,0.0003428947529755533,0.8763648271560669,0.987861156463623,0.0,0.9159951210021973,0.20265111327171326,0.0006184708327054977,0.02069459855556488,0.0,0.0,0.3424881100654602,0.061093904078006744,3.962955452152528e-05,1.2930567264556885,0.0,0.0
439,3.1145458221435547,0.77077716588974,26.713970184326172,8.482754707336426,0.40727248787879944,58.5589485168457,1.1027772426605225,1.1023222208023071,37.43,0.8725293874740601,0.012118716724216938,0.0597313828766346,21.17176055908203,0.0,0.0,0.334927499294281,9.128009423875483e-07,0.0031806398183107376,0.649941086769104,0.0,0.0,1.1958717107772827,0.38570013642311096,0.022372951731085777,0.448411762714386,0.02362486720085144,0.8757965564727783,0.26825612783432007,0.0083174342289567,0.0010290575446560979,0.398028701543808,0.9866682887077332,0.0,0.8152261972427368,0.24421393871307373,0.0005295980372466147,0.01914317160844803,0.0,0.0,0.34880635142326355,0.05553244426846504,6.202159420354292e-05,1.2912906408309937,0.0,0.0
440,3.766266345977783,0.8762291669845581,13.115154266357422,8.249492645263672,0.6887561678886414,58.20313262939453,0.9207391142845154,0.920990526676178,29.65,0.7960648536682129,0.013449220918118954,0.06623963266611099,29.38703727722168,0.0,0.0,0.34348589181900024,2.3488666556659155e-05,0.0017335520824417472,0.6171872615814209,0.0,0.0,1.0565565824508667,0.3419046700000763,0.016255483031272888,0.3153187334537506,0.014448427595198154,0.5801476836204529,0.29072806239128113,0.02094748616218567,0.0005715308943763375,0.7143180966377258,0.9823237061500549,0.0,0.8767383098602295,0.2328333556652069,0.0005635707057081163,0.019832074642181396,0.0,0.0,0.3413044512271881,0.05105869099497795,9.714048792375252e-05,1.2736796140670776,0.0,0.0
441,1.8307418823242188,0.10312134027481079,27.83317756652832,5.363895416259766,0.44147706031799316,54.88641357421875,1.0999459028244019,1.0991170406341553,68.56,0.8696590662002563,0.13537919521331787,0.028328875079751015,2.1864588260650635,0.0,0.0,0.37436461448669434,0.00018325353448744863,0.005242148879915476,0.9604501724243164,0.0,0.0,1.1334960460662842,0.43331649899482727,0.01944158785045147,0.3056386709213257,0.017258895561099052,0.5708323121070862,0.27585697174072266,0.012009174562990665,0.0008037944789975882,0.46699294447898865,0.9878412485122681,0.0,0.8098576664924622,0.24402928352355957,0.0005353193846531212,0.018980858847498894,0.0,0.0,0.34934890270233154,0.05883366987109184,5.552922448259778e-05,1.2901577949523926,0.0,0.0
442,1.7894800901412964,0.37383517622947693,33.3091926574707,7.3444976806640625,0.44524189829826355,40.95081329345703,1.1685876846313477,1.1690834760665894,36.29,0.9205721616744995,0.04768409579992294,0.04808095470070839,7.168591022491455,0.0,0.0,0.3285936117172241,6.368913454934955e-05,0.005518314894288778,0.8129056692123413,0.0,0.0,1.1284053325653076,0.3493461012840271,0.021456291899085045,0.36574649810791016,0.021385256201028824,0.7088648080825806,0.27618852257728577,0.010528463870286942,0.0010219771647825837,0.41954103112220764,0.9923889636993408,0.0,0.7239084243774414,0.341670960187912,0.0004454823210835457,0.01670566014945507,0.0,0.0,0.3487927317619324,0.04727443307638168,0.0002020148967858404,1.2443169355392456,0.0,0.0
443,3.267178535461426,0.13878850638866425,35.96546173095703,3.101288318634033,0.6685951352119446,56.78708267211914,1.188103437423706,1.1867756843566895,94.17,0.9098230600357056,0.12278228998184204,0.0248149111866951,3.2450273036956787,0.0,0.0,0.35020625591278076,0.0002049871109193191,0.0032561991829425097,0.9366976022720337,0.0,0.0,0.9869645237922668,0.4203100800514221,0.013958769850432873,0.1536046415567398,0.008893441408872604,0.25592535734176636,0.30071738362312317,0.026192765682935715,0.00042530131759122014,0.7679157257080078,0.9939972758293152,0.0,0.8850776553153992,0.21964742243289948,0.0005949878832325339,0.019995419308543205,0.0,0.0,0.3428061008453369,0.059610068798065186,6.130465044407174e-05,1.2825512886047363,0.0,0.0
444,4.685962677001953,0.09080291539430618,39.85865020751953,3.132456064224243,0.6413227319717407,45.567142486572266,1.184853434562683,1.1839042901992798,67.66,0.9526887536048889,0.14281043410301208,0.015507244504988194,2.152618885040283,0.0,0.0,0.34011104702949524,0.00017564634617883712,0.0043389564380049706,0.9782228469848633,0.0,0.0,0.9747521877288818,0.35065171122550964,0.014387368224561214,0.15957367420196533,0.009675674140453339,0.26916325092315674,0.2985064387321472,0.023648839443922043,0.0004817837034352124,0.728274941444397,0.9966028332710266,0.0,0.7762348055839539,0.32557979226112366,0.000483974174130708,0.017164520919322968,0.0,0.0,0.3421432673931122,0.047582872211933136,0.00020760677580256015,1.2291510105133057,0.0,0.0
445,3.5954792499542236,0.2302708774805069,31.52421760559082,8.407044410705566,0.4598348140716553,54.31563186645508,1.178619384765625,1.1784257888793945,13.94,1.025643229484558,0.08822857588529587,0.021297983825206757,4.4017534255981445,0.0,0.0,0.3186701536178589,5.9383673942647874e-05,0.005590538494288921,0.8799870014190674,0.0,0.0,1.1491986513137817,0.37595197558403015,0.022149549797177315,0.4041248857975006,0.0226119514554739,0.7885357737541199,0.27657249569892883,0.010882817208766937,0.0010424396023154259,0.42469850182533264,0.9888340830802917,0.0,0.7846564054489136,0.275156170129776,0.000504367402754724,0.018151769414544106,0.0,0.0,0.3475087285041809,0.05468067154288292,9.198257612297311e-05,1.2773375511169434,0.0,0.0
446,2.64074444770813,0.24002428352832794,28.349123001098633,7.5653839111328125,0.4159022271633148,50.53987121582031,1.120625376701355,1.119154691696167,117.27,0.9802366495132446,0.08306097239255905,0.02789420820772648,4.508206844329834,0.0,0.0,0.33022376894950867,7.223361171782017e-05,0.005720207002013922,0.8809912800788879,0.0,0.0,1.1835873126983643,0.3834478259086609,0.021800534799695015,0.4021538197994232,0.021913956850767136,0.7767602205276489,0.27136754989624023,0.009302947670221329,0.0009981760522350669,0.40764203667640686,0.9851926565170288,0.0,0.7798110246658325,0.2727881371974945,0.0005021946271881461,0.018242431804537773,0.0,0.0,0.3493667244911194,0.055133797228336334,8.213063847506419e-05,1.2814662456512451,0.0,0.0
447,3.6492881774902344,0.6270269155502319,19.187026977539062,4.94620418548584,0.7461799383163452,40.831085205078125,1.072679042816162,1.0726191997528076,5.2,0.9222902655601501,0.0047482154332101345,0.05625046417117119,20.130470275878906,0.0,0.0,0.3037479519844055,7.867831300245598e-06,0.0028171748854219913,0.6978998780250549,0.0,0.0,1.0160996913909912,0.3735590875148773,0.012948546558618546,0.18263177573680878,0.009071195498108864,0.314028263092041,0.3023211658000946,0.027849631384015083,0.00043298222590237856,0.836010217666626,0.9881366491317749,0.0,0.9021652340888977,0.21935389935970306,0.0005965037271380424,0.020371166989207268,0.0,0.0,0.34172409772872925,0.05585426092147827,6.707661668770015e-05,1.282453179359436,0.0,0.0
448,2.0622026920318604,0.041222065687179565,36.661651611328125,6.103864669799805,0.4211004972457886,58.64521408081055,1.160596489906311,1.1598507165908813,55.4,0.8688422441482544,0.16819728910923004,0.019173428416252136,1.46651291847229,0.0,0.0,0.38561928272247314,0.00019441770564299077,0.00518355006352067,0.9963776469230652,0.0,0.0,1.1282204389572144,0.4239233434200287,0.02033177763223648,0.3270708918571472,0.019221195951104164,0.6247897148132324,0.2744278013706207,0.01025259681046009,0.0009446360636502504,0.4226321578025818,0.9923192262649536,0.0,0.7812485098838806,0.2642045319080353,0.0005092744831927121,0.018327420577406883,0.0,0.0,0.35020118951797485,0.05694562569260597,7.742382149444893e-05,1.2816393375396729,0.0,0.0
449,2.7652652263641357,0.3232547640800476,28.19929313659668,3.4285833835601807,0.7874326109886169,44.470916748046875,1.1680928468704224,1.1679010391235352,14.06,0.8955526351928711,0.05427234247326851,0.04694172739982605,8.281214714050293,0.0,0.0,0.32349878549575806,0.00015056756092235446,0.0033973627723753452,0.8315162658691406,0.0,0.0,0.9394298195838928,0.36048001050949097,0.011140978895127773,0.12182514369487762,0.0061498465947806835,0.19482100009918213,0.31034860014915466,0.033083390444517136,0.00032451265724375844,0.9269973039627075,0.9961035251617432,0.0,0.9068401455879211,0.22194969654083252,0.0006035967962816358,0.020233632996678352,0.0,0.0,0.34015586972236633,0.0563872866332531,7.282895967364311e-05,1.274670958518982,0.0,0.0
450,4.586360931396484,0.35009413957595825,22.41680908203125,9.1848726272583,0.5730741024017334,57.65809631347656,1.131840467453003,1.1309267282485962,71.38,1.0595308542251587,0.05299745127558708,0.02687676250934601,7.7853169441223145,0.0,0.0,0.2958132028579712,1.9996423361590132e-05,0.004333486780524254,0.8216902017593384,0.0,0.0,1.121066927909851,0.3667052984237671,0.020512647926807404,0.3901026248931885,0.020109640434384346,0.7502261996269226,0.28502172231674194,0.015777554363012314,0.0008501240517944098,0.545432448387146,0.9862085580825806,0.0,0.8313895463943481,0.24690645933151245,0.0005413294420577586,0.018972469493746758,0.0,0.0,0.34398186206817627,0.05651699751615524,6.788929022150114e-05,1.2860714197158813,0.0,0.0
451,4.027878761291504,0.552019476890564,23.43090057373047,4.4070868492126465,0.5391415953636169,52.581642150878906,1.0460119247436523,1.0430927276611328,267.55,0.9714428186416626,0.014582163654267788,0.04482417181134224,15.250486373901367,0.0,0.0,0.3026951849460602,9.817728141570115e-07,0.0033535712864249945,0.7321149706840515,0.0,0.0,1.1142842769622803,0.4187721312046051,0.01701890118420124,0.24467670917510986,0.013623980805277824,0.4372813403606415,0.2844488024711609,0.016680045053362846,0.0006153228459879756,0.5900789499282837,0.9840734004974365,0.0,0.848831295967102,0.23935869336128235,0.0005624348414130509,0.01955789513885975,0.0,0.0,0.3461279571056366,0.05773039534687996,6.374464282998815e-05,1.2861359119415283,0.0,0.0
452,5.706332683563232,0.7711321115493774,20.595746994018555,9.87812614440918,0.6636725664138794,57.277679443359375,1.108491063117981,1.1077561378479004,59.85,0.9223250150680542,0.010598080232739449,0.04471494257450104,23.721302032470703,0.0,0.0,0.3212820291519165,1.7504566130810417e-05,0.0024196680169552565,0.6454660892486572,0.0,0.0,1.0581446886062622,0.36806562542915344,0.018326949328184128,0.3538912534713745,0.017728367820382118,0.6755882501602173,0.29208263754844666,0.01987702026963234,0.0007357832510024309,0.644955575466156,0.9915561676025391,0.0,0.875573456287384,0.22405005991458893,0.0005736828898079693,0.019882898777723312,0.0,0.0,0.34228309988975525,0.05655292794108391,6.330261385301128e-05,1.2866021394729614,0.0,0.0
453,4.021823883056641,0.5797195434570312,20.342695236206055,7.274672985076904,0.4876120388507843,55.38684844970703,1.028936505317688,1.0285083055496216,40.46,0.9763238430023193,0.01570359617471695,0.04189341887831688,14.976005554199219,0.0,0.0,0.3026622533798218,9.506102855993959e-07,0.0036516168620437384,0.7207688689231873,0.0,0.0,1.1739113330841064,0.375760942697525,0.020098794251680374,0.3821587860584259,0.0194132998585701,0.7233609557151794,0.2750186324119568,0.011989613063633442,0.000811204663477838,0.4959138333797455,0.9809817671775818,0.0,0.8282123804092407,0.250250905752182,0.0005365140386857092,0.01913578435778618,0.0,0.0,0.34609171748161316,0.054867714643478394,7.166053546825424e-05,1.2862787246704102,0.0,0.0
454,1.4933007955551147,0.6803158521652222,17.647342681884766,6.517711162567139,0.5578055381774902,54.29356002807617,1.0508946180343628,1.050376296043396,46.96,0.7953412532806396,0.004967174492776394,0.08599606901407242,19.120256423950195,0.0,0.0,0.33104726672172546,2.746474820014555e-05,0.002812571357935667,0.6844460368156433,0.0,0.0,1.1087895631790161,0.3841454088687897,0.0185783039778471,0.32556456327438354,0.016660623252391815,0.5927321910858154,0.28227829933166504,0.01623617671430111,0.000695573166012764,0.5767317414283752,0.9775732755661011,0.0,0.8754963278770447,0.2260463684797287,0.0005738258478231728,0.02016880363225937,0.0,0.0,0.3444482982158661,0.0541532002389431,6.757745723007247e-05,1.2859638929367065,0.0,0.0
455,2.9868781566619873,0.3319622576236725,31.10655403137207,6.655773639678955,0.5455155372619629,41.08558654785156,1.1983126401901245,1.199380874633789,74.33,0.9684168100357056,0.05515652894973755,0.03679598495364189,6.577229976654053,0.0,0.0,0.3164164125919342,6.797255628043786e-05,0.004992236383259296,0.8288915753364563,0.0,0.0,1.0769338607788086,0.35703468322753906,0.019511954858899117,0.3062829077243805,0.017803866416215897,0.5760378241539001,0.28687018156051636,0.01608201675117016,0.0008470653556287289,0.5290942192077637,0.989318311214447,0.0,0.7640345692634583,0.3142768442630768,0.00047930621076375246,0.01735500805079937,0.0,0.0,0.3453505039215088,0.04934432730078697,0.00016844751371536404,1.2491226196289062,0.0,0.0
456,4.178389549255371,0.206998810172081,22.482032775878906,5.316037178039551,0.5512110590934753,41.643646240234375,1.0708993673324585,1.0707714557647705,11.15,1.008237361907959,0.09059450030326843,0.022447260096669197,4.15834903717041,0.0,0.0,0.3185070753097534,8.506892481818795e-05,0.004994737915694714,0.9009327292442322,0.0,0.0,1.1065089702606201,0.38252949714660645,0.017837459221482277,0.2747710943222046,0.014810663647949696,0.5002621412277222,0.2853263020515442,0.01674121804535389,0.0006623537046834826,0.5839692950248718,0.982330322265625,0.0,0.8165158629417419,0.26231062412261963,0.0005293178837746382,0.018731968477368355,0.0,0.0,0.34602266550064087,0.055319733917713165,8.572527440264821e-05,1.2763326168060303,0.0,0.0
457,1.1320356130599976,0.521188497543335,23.66802406311035,4.547722816467285,0.629910945892334,45.55110549926758,1.1466314792633057,1.1466618776321411,2.31,0.8110536336898804,0.015531430020928383,0.0825008898973465,13.58832836151123,0.0,0.0,0.33134332299232483,0.00010130079317605123,0.0033134983386844397,0.7387720942497253,0.0,0.0,1.0243017673492432,0.3976956605911255,0.015855437144637108,0.21445773541927338,0.01209513284265995,0.3784581422805786,0.29425379633903503,0.022088875994086266,0.0005612554959952831,0.6847004890441895,0.9892529845237732,0.0,0.875577986240387,0.22748765349388123,0.0005830920417793095,0.020058589056134224,0.0,0.0,0.3441450297832489,0.057140711694955826,6.389112240867689e-05,1.2827354669570923,0.0,0.0
458,3.3623056411743164,0.8317712545394897,14.639490127563477,4.474316120147705,0.579934298992157,47.935089111328125,0.8831443190574646,0.8832808136940002,17.5,0.8159446120262146,0.008745839819312096,0.06871891766786575,28.499265670776367,0.0,0.0,0.33797556161880493,6.625161859119544e-06,0.002760423580184579,0.6266104578971863,0.0,0.0,1.1101430654525757,0.39047595858573914,0.015899356454610825,0.24557211995124817,0.01239595003426075,0.43218836188316345,0.2827455401420593,0.01741105131804943,0.0005029636085964739,0.6541426181793213,0.9791517853736877,0.0,0.8807268738746643,0.22347690165042877,0.0005748726543970406,0.020230494439601898,0.0,0.0,0.34443485736846924,0.053966816514730453,7.10738604539074e-05,1.2841092348098755,0.0,0.0
459,5.013949871063232,0.4357724189758301,17.768489837646484,8.119032859802246,0.706885576248169,54.699256896972656,1.0642242431640625,1.0644679069519043,21.51,1.0226850509643555,0.029574671760201454,0.03402115777134895,11.830105781555176,0.0,0.0,0.2899305522441864,4.134313712711446e-06,0.0033572630491107702,0.7924697399139404,0.0,0.0,1.0661450624465942,0.36487850546836853,0.01620335318148136,0.28963613510131836,0.014013567939400673,0.528179943561554,0.2967372536659241,0.0231822170317173,0.0006031705997884274,0.7240251302719116,0.9799447059631348,0.0,0.8848847150802612,0.22630131244659424,0.0005809736321680248,0.019976003095507622,0.0,0.0,0.34191974997520447,0.05637354031205177,6.369925540639088e-05,1.2860347032546997,0.0,0.0
460,5.583611011505127,0.5822243094444275,30.8595027923584,6.55694580078125,0.595259964466095,58.758811950683594,1.195785403251648,1.1920969486236572,258.75,1.012639045715332,0.013305434957146645,0.0373334176838398,16.119699478149414,0.0,0.0,0.29485341906547546,1.004588852993038e-06,0.0031977545004338026,0.7176054120063782,0.0,0.0,1.0731269121170044,0.4061893820762634,0.018277432769536972,0.285042405128479,0.01631077565252781,0.5328003168106079,0.291212797164917,0.018749825656414032,0.0007639344548806548,0.5901606678962708,0.9907115697860718,0.0,0.8520229458808899,0.23917508125305176,0.0005631106905639172,0.01941315084695816,0.0,0.0,0.34393060207366943,0.057211555540561676,7.147507858462632e-05,1.283427119255066,0.0,0.0
461,3.2914068698883057,0.320931077003479,21.325246810913086,4.022387981414795,0.43499159812927246,47.114051818847656,0.9615543484687805,0.9577175974845886,416.63,0.9798431396484375,0.05747716501355171,0.032683659344911575,6.8229875564575195,0.0,0.0,0.3164987862110138,5.1227900257799774e-05,0.005011546891182661,0.8486620187759399,0.0,0.0,1.1816420555114746,0.41908758878707886,0.017683258280158043,0.262484610080719,0.014381867833435535,0.46679362654685974,0.27314940094947815,0.011852596886456013,0.0006415028474293649,0.5043914914131165,0.9770042896270752,0.0,0.8203411102294922,0.2540779411792755,0.0005358155467547476,0.019155438989400864,0.0,0.0,0.34927114844322205,0.05677570775151253,6.824242882430553e-05,1.2848137617111206,0.0,0.0
462,4.721940517425537,0.3988599479198456,20.892271041870117,2.0211026668548584,0.460304856300354,43.295249938964844,0.8321548104286194,0.8323219418525696,24.13,1.0198798179626465,0.03785290941596031,0.0328490249812603,10.13989543914795,0.0,0.0,0.30062371492385864,2.1788817321066745e-05,0.003954246640205383,0.8096668720245361,0.0,0.0,1.166906714439392,0.4368014931678772,0.015084809623658657,0.16423723101615906,0.009809469804167747,0.2610994577407837,0.27691876888275146,0.014173747040331364,0.00044346076902002096,0.5794366002082825,0.9770197868347168,0.0,0.8315109014511108,0.2533740997314453,0.0005450194585137069,0.01935245655477047,0.0,0.0,0.349378764629364,0.05667712539434433,7.550464215455577e-05,1.280368685722351,0.0,0.0
463,2.8221096992492676,0.45579037070274353,22.217626571655273,1.5957163572311401,0.5990638136863708,45.09442138671875,0.883226215839386,0.8849179744720459,216.45,0.9122487306594849,0.026358846575021744,0.05460669845342636,12.706210136413574,0.0,0.0,0.31504473090171814,7.513503805967048e-05,0.003367121098563075,0.7760799527168274,0.0,0.0,1.0474711656570435,0.4241696000099182,0.013371712528169155,0.1182062178850174,0.007195210549980402,0.17307497560977936,0.29227256774902344,0.022251736372709274,0.0003297166549600661,0.7397261261940002,0.9845852851867676,0.0,0.8882809281349182,0.22171473503112793,0.0005960830603726208,0.02039365842938423,0.0,0.0,0.34584763646125793,0.058626361191272736,5.9402362239779904e-05,1.2835397720336914,0.0,0.0
464,1.3574734926223755,0.8920183777809143,37.73604965209961,2.001300811767578,0.7405574917793274,58.79189682006836,1.1075679063796997,1.1065336465835571,84.39,0.6324155926704407,0.018679525703191757,0.13024397194385529,34.28981399536133,0.0,0.0,0.35972902178764343,7.781304157106206e-05,0.00015588747919537127,0.5803279280662537,0.0,0.0,0.9035475254058838,0.4156467914581299,0.011114122346043587,0.10913094133138657,0.00506009953096509,0.15892793238162994,0.3072353005409241,0.03260967135429382,0.00021096429554745555,0.9152072072029114,0.9924799203872681,0.0,1.029091477394104,0.16361086070537567,0.0007032182766124606,0.023169541731476784,0.0,0.0,0.34071850776672363,0.05920068547129631,4.681583232013509e-05,1.2887948751449585,0.0,0.0
465,1.2818702459335327,0.22031588852405548,11.366649627685547,6.107876777648926,0.761707603931427,40.443504333496094,0.9451586008071899,0.9450685381889343,10.08,0.8126147985458374,0.11529985070228577,0.05341135710477829,6.094847679138184,0.0,0.0,0.3559776544570923,0.00018793760682456195,0.003457136219367385,0.9067587852478027,0.0,0.0,1.0469598770141602,0.3640241026878357,0.013604024425148964,0.212537482380867,0.009331184439361095,0.3719460964202881,0.29968687891960144,0.028148489072918892,0.00040314457146450877,0.8468913435935974,0.9770269989967346,0.0,0.9126823544502258,0.1969476193189621,0.0005936595262028277,0.020643899217247963,0.0,0.0,0.34134918451309204,0.05249711871147156,7.19322488293983e-05,1.2843263149261475,0.0,0.0
466,5.205413341522217,0.49334654211997986,25.193330764770508,9.860941886901855,0.40597566962242126,47.31437301635742,1.082798957824707,1.0834602117538452,56.36,1.0576332807540894,0.03310837596654892,0.027915095910429955,11.632360458374023,0.0,0.0,0.2930639982223511,8.985404633676808e-07,0.0050224317237734795,0.7524580359458923,0.0,0.0,1.241141438484192,0.33215638995170593,0.023380612954497337,0.5107063055038452,0.02560259774327278,0.999708890914917,0.2660437822341919,0.007340205367654562,0.001073933788575232,0.395839124917984,0.9806194305419922,0.0,0.7790060639381409,0.28018662333488464,0.000492334074806422,0.01817449927330017,0.0,0.0,0.34862592816352844,0.05253031104803085,9.174680599244311e-05,1.2819167375564575,0.0,0.0
467,2.961923360824585,0.573419451713562,22.061321258544922,8.707903861999512,0.676231861114502,42.51959228515625,1.195816993713379,1.1967464685440063,64.95,0.9263151288032532,0.015306646935641766,0.0551065132021904,15.233919143676758,0.0,0.0,0.3070138394832611,2.363801104365848e-05,0.0035631756763905287,0.7130287885665894,0.0,0.0,1.0443153381347656,0.3631867468357086,0.017901917919516563,0.31020495295524597,0.01640118658542633,0.5795822143554688,0.2959040701389313,0.021938422694802284,0.0007319403230212629,0.6587262749671936,0.986925482749939,0.0,0.8518105149269104,0.24548856914043427,0.0005537992692552507,0.01927819848060608,0.0,0.0,0.3420723080635071,0.05404694378376007,8.666751818964258e-05,1.2762913703918457,0.0,0.0
468,4.240080833435059,0.04846256971359253,18.797985076904297,8.664999008178711,0.4124264717102051,45.85108947753906,1.0118199586868286,1.0125383138656616,70.12,1.0115059614181519,0.16701768338680267,0.005268880631774664,3.011979341506958,0.0,0.0,0.3399714529514313,9.332577610621229e-05,0.007580937817692757,0.9847085475921631,0.0,0.0,1.2300479412078857,0.34137824177742004,0.022215958684682846,0.4789261221885681,0.023008061572909355,0.9231213331222534,0.2654583156108856,0.008005579933524132,0.0009203567169606686,0.4291517436504364,0.9768450856208801,0.0,0.7920246124267578,0.26622214913368225,0.0005020466051064432,0.01843363232910633,0.0,0.0,0.3482232987880707,0.054143276065588,7.119990914361551e-05,1.2881298065185547,0.0,0.0
469,4.829024791717529,0.06659374386072159,40.74766540527344,2.6036429405212402,0.67069411277771,55.54490280151367,1.1689027547836304,1.167237401008606,122.06,0.9553394317626953,0.1605248898267746,0.011231453157961369,1.9208674430847168,0.0,0.0,0.3455609083175659,0.0001877736212918535,0.0038373966235667467,0.9930172562599182,0.0,0.0,0.980201005935669,0.394245445728302,0.013412028551101685,0.13904377818107605,0.008049799129366875,0.224644273519516,0.30098429322242737,0.026415588334202766,0.0003816169046331197,0.7879716157913208,0.9933338761329651,0.0,0.847616970539093,0.25293412804603577,0.0005556329269893467,0.0189281664788723,0.0,0.0,0.34197893738746643,0.05535852536559105,0.00010309598292224109,1.2641173601150513,0.0,0.0
470,2.073106288909912,0.6545268297195435,19.658918380737305,8.916518211364746,0.4776712656021118,54.08088684082031,1.0710384845733643,1.0747352838516235,321.16,0.8721659183502197,0.011303418315947056,0.06650598347187042,16.925861358642578,0.0,0.0,0.3230689465999603,3.2479758829140337e-06,0.003382196184247732,0.6923859119415283,0.0,0.0,1.1728144884109497,0.36373794078826904,0.021794872358441353,0.4468899965286255,0.022452475503087044,0.8577657341957092,0.27281713485717773,0.011017954908311367,0.0009128966485150158,0.46679845452308655,0.9816965460777283,0.0,0.8337927460670471,0.2409735918045044,0.0005397317581810057,0.019346321001648903,0.0,0.0,0.3460823595523834,0.054439250379800797,6.528689846163616e-05,1.289458155632019,0.0,0.0
471,5.523065567016602,0.5762001276016235,18.106464385986328,6.5550947189331055,0.44827738404273987,43.956329345703125,0.9190263748168945,0.9195196032524109,58.37,1.0063045024871826,0.01650555245578289,0.03497284650802612,15.925657272338867,0.0,0.0,0.297233521938324,8.842910688144912e-07,0.0037776792887598276,0.7233003973960876,0.0,0.0,1.2395708560943604,0.36740002036094666,0.0195766631513834,0.3833162188529968,0.018491623923182487,0.7115216851234436,0.26879972219467163,0.009951288811862469,0.0007444837829098105,0.4848867952823639,0.971964418888092,0.0,0.8246837854385376,0.2535526752471924,0.0005262643098831177,0.019193360581994057,0.0,0.0,0.3477533161640167,0.05323988199234009,7.736399857094511e-05,1.2865983247756958,0.0,0.0
472,4.081209182739258,0.7301893830299377,23.612276077270508,6.445410251617432,0.5080248117446899,40.94183349609375,1.074406385421753,1.0743470191955566,5.14,0.9043075442314148,0.008599914610385895,0.05100703611969948,20.798263549804688,0.0,0.0,0.3209153115749359,9.749660421221051e-07,0.0036571521777659655,0.6593782305717468,0.0,0.0,1.1312614679336548,0.37572845816612244,0.01924435794353485,0.33453819155693054,0.01782285049557686,0.623721718788147,0.2793942987918854,0.013717851601541042,0.000783159863203764,0.5170864462852478,0.9833512306213379,0.0,0.8134146928787231,0.26492422819137573,0.000523205439094454,0.018810350447893143,0.0,0.0,0.34682756662368774,0.05311828479170799,9.812830103328452e-05,1.274970531463623,0.0,0.0
473,1.6922141313552856,0.7335796356201172,15.918315887451172,7.371420383453369,0.5119549036026001,46.97901916503906,0.9997689723968506,1.0019044876098633,213.19,0.8112597465515137,0.00748446537181735,0.08012279123067856,20.762266159057617,0.0,0.0,0.33453109860420227,1.356695247523021e-05,0.0034890242386609316,0.6672280430793762,0.0,0.0,1.154968500137329,0.3697966933250427,0.01977567747235298,0.3812888264656067,0.019041119143366814,0.7165207862854004,0.2752580940723419,0.012924066744744778,0.0007606879808008671,0.5262457728385925,0.9814094305038452,0.0,0.8501954674720764,0.23453329503536224,0.0005508954054675996,0.019725963473320007,0.0,0.0,0.34558600187301636,0.05372476205229759,6.69217188260518e-05,1.288406491279602,0.0,0.0
474,3.2936763763427734,0.15032188594341278,15.505768775939941,3.6539411544799805,0.7919403314590454,46.66417694091797,0.9361250996589661,0.9361901879310608,7.43,0.8989359736442566,0.12835679948329926,0.02735551819205284,4.219981670379639,0.0,0.0,0.3444625437259674,0.00018596839800011367,0.0036293580196797848,0.9421197772026062,0.0,0.0,0.9846105575561523,0.3752251863479614,0.010719032026827335,0.12810882925987244,0.005706372670829296,0.20409397780895233,0.3060377836227417,0.031701259315013885,0.0002838333894032985,0.9460397958755493,0.9872977137565613,0.0,0.9399935007095337,0.19007858633995056,0.000628588255494833,0.02118619903922081,0.0,0.0,0.3416566252708435,0.058311767876148224,4.450780397746712e-05,1.291157603263855,0.0,0.0
475,3.1020455360412598,0.5155730843544006,27.165285110473633,2.1826601028442383,0.6226072311401367,50.068023681640625,1.0193597078323364,1.0196977853775024,32.53,0.9166557788848877,0.016916919499635696,0.05617694556713104,15.017696380615234,0.0,0.0,0.31071028113365173,5.259527461021207e-05,0.002973713679239154,0.7452670931816101,0.0,0.0,1.0257192850112915,0.42419731616973877,0.0137214669957757,0.13507339358329773,0.008058011531829834,0.21123120188713074,0.2958323061466217,0.023527046665549278,0.0003824955492746085,0.7435098886489868,0.9884417057037354,0.0,0.8984851837158203,0.21726293861865997,0.000605954322963953,0.02053508348762989,0.0,0.0,0.34491226077079773,0.05928092077374458,5.8158952015219256e-05,1.2842332124710083,0.0,0.0
476,2.5558273792266846,0.450539231300354,34.96258544921875,4.498160362243652,0.41937723755836487,58.74811553955078,1.100772500038147,1.0999233722686768,70.13,0.9435982704162598,0.027566110715270042,0.05054055154323578,10.278029441833496,0.0,0.0,0.319407194852829,2.7825022698380053e-05,0.0034057949669659138,0.7926759719848633,0.0,0.0,1.1495201587677002,0.44331297278404236,0.018482450395822525,0.26722756028175354,0.01598401553928852,0.4918195605278015,0.2754788100719452,0.011231784708797932,0.0007981925155036151,0.4586852788925171,0.9900243282318115,0.0,0.8141138553619385,0.2503181993961334,0.0005374036263674498,0.019158123061060905,0.0,0.0,0.3507018983364105,0.05762646347284317,7.126475247787312e-05,1.2841942310333252,0.0,0.0
477,2.0906825065612793,0.5855725407600403,23.7891845703125,3.305917978286743,0.671256422996521,54.9777717590332,1.0961854457855225,1.0941450595855713,170.12,0.8432971239089966,0.00886316504329443,0.0767897218465805,18.011341094970703,0.0,0.0,0.3207121193408966,6.470844527939335e-05,0.0024737445637583733,0.7111720442771912,0.0,0.0,1.0050630569458008,0.41942039132118225,0.013795011676847935,0.1607130467891693,0.008964383974671364,0.2681649625301361,0.2986188232898712,0.025407258421182632,0.00041803118074312806,0.77300626039505,0.9914636015892029,0.0,0.9396358132362366,0.19259090721607208,0.0006383320433087647,0.021393805742263794,0.0,0.0,0.34326520562171936,0.06017585098743439,4.304498725105077e-05,1.2920607328414917,0.0,0.0
478,4.384487152099609,0.9663107395172119,37.97499465942383,7.805237770080566,0.4087117612361908,51.96479034423828,1.1629163026809692,1.163334846496582,30.94,0.7646182775497437,0.032273221760988235,0.05529864877462387,27.088823318481445,0.0,0.0,0.38065415620803833,5.926685844315216e-05,0.0032655110117048025,0.5874844789505005,0.0,0.0,1.128929615020752,0.3652392625808716,0.022070661187171936,0.3956402540206909,0.02281276322901249,0.7691656947135925,0.2717028558254242,0.008598980493843555,0.0010955184698104858,0.3826039135456085,0.9907218217849731,0.0,0.7592052221298218,0.29967057704925537,0.000473042979137972,0.01770111173391342,0.0,0.0,0.3493553698062897,0.04879326373338699,0.0001621343253646046,1.2556816339492798,0.0,0.0
479,5.387659549713135,0.7484056353569031,19.281410217285156,3.1894381046295166,0.7386095523834229,55.891517639160156,0.9376096129417419,0.9369799494743347,71.67,0.8852712512016296,0.001357595669105649,0.05089011788368225,28.344318389892578,0.0,0.0,0.31192827224731445,1.0134328931599157e-06,0.0021864480804651976,0.6516194343566895,0.0,0.0,1.0090705156326294,0.3917064964771271,0.011634144932031631,0.13723167777061462,0.006780840922147036,0.21575215458869934,0.3015935719013214,0.02820243500173092,0.0003218772471882403,0.8776949048042297,0.9831224679946899,0.0,0.9573904275894165,0.1943388283252716,0.0006450251676142216,0.02165341004729271,0.0,0.0,0.342225581407547,0.058141037821769714,4.720290962723084e-05,1.2909486293792725,0.0,0.0
480,5.5795674324035645,0.7289456725120544,27.50848388671875,2.265725612640381,0.5011476874351501,41.26008987426758,0.943035900592804,0.9430176019668579,2.06,0.9083220958709717,0.0022595738992094994,0.047354765236377716,22.148670196533203,0.0,0.0,0.3194638788700104,5.3435614972840995e-06,0.0027111610397696495,0.6687554717063904,0.0,0.0,1.0902187824249268,0.41588085889816284,0.015002060681581497,0.1645267903804779,0.01010538823902607,0.266583651304245,0.28315111994743347,0.016307450830936432,0.0004883648362010717,0.6023222208023071,0.9865372776985168,0.0,0.8227020502090454,0.27019065618515015,0.0005353257874958217,0.01905108615756035,0.0,0.0,0.34844958782196045,0.053648971021175385,0.00011169518256792799,1.2653216123580933,0.0,0.0
481,5.030630111694336,0.06279215216636658,27.352521896362305,6.808041572570801,0.4689289629459381,54.69511795043945,1.1169127225875854,1.1144542694091797,197.51,1.0401732921600342,0.15411187708377838,0.008398122154176235,1.9949426651000977,0.0,0.0,0.3343566656112671,0.0001051318904501386,0.006509934086352587,0.977516770362854,0.0,0.0,1.153623104095459,0.39758387207984924,0.020584218204021454,0.3562300503253937,0.01926419511437416,0.6748693585395813,0.2777564227581024,0.012244419194757938,0.0008720990736037493,0.46784162521362305,0.9830426573753357,0.0,0.7959960699081421,0.2626878321170807,0.0005176839767955244,0.018416190519928932,0.0,0.0,0.3477005660533905,0.057241033762693405,7.05636921338737e-05,1.2845741510391235,0.0,0.0
482,2.4869489669799805,0.46980932354927063,14.191123008728027,3.0648529529571533,0.7812374830245972,57.987972259521484,0.8682941794395447,0.8684486150741577,20.48,0.8628307580947876,0.02355046197772026,0.06371104717254639,15.49013900756836,0.0,0.0,0.3147452473640442,8.791377331363037e-05,0.002774856984615326,0.7750428318977356,0.0,0.0,0.9999867677688599,0.36630865931510925,0.010576465167105198,0.1186804547905922,0.005115505773574114,0.17923900485038757,0.3039216101169586,0.031286269426345825,0.0002451599284540862,0.9488807916641235,0.9774121642112732,0.0,0.9692463874816895,0.18315079808235168,0.0006429724162444472,0.021697932854294777,0.0,0.0,0.34103021025657654,0.0547853484749794,6.512533582281321e-05,1.2810701131820679,0.0,0.0
483,3.7294018268585205,0.5875470638275146,16.985048294067383,5.940616130828857,0.45449894666671753,57.50865936279297,0.9273239374160767,0.9285408854484558,141.33,0.9498180150985718,0.013394119217991829,0.04504340514540672,15.238545417785645,0.0,0.0,0.3056541979312897,9.511608709544817e-07,0.0036578960716724396,0.7240339517593384,0.0,0.0,1.19648277759552,0.374112069606781,0.01893380843102932,0.35125893354415894,0.017581159248948097,0.6520465612411499,0.27011650800704956,0.010653845965862274,0.0007180248503573239,0.49761727452278137,0.9773918986320496,0.0,0.8197792768478394,0.26227113604545593,0.0005247316439636052,0.018946828320622444,0.0,0.0,0.346353143453598,0.05252705514431,9.059908188646659e-05,1.2801520824432373,0.0,0.0
484,4.7717461585998535,0.336489200592041,14.586099624633789,9.53007698059082,0.6812713146209717,57.8109130859375,0.9812685251235962,0.9816760420799255,42.3,1.0335278511047363,0.05532895401120186,0.02793031930923462,8.381376266479492,0.0,0.0,0.294592946767807,2.830432822520379e-05,0.0038573513738811016,0.8457298278808594,0.0,0.0,1.0795243978500366,0.33614760637283325,0.01738930307328701,0.34776392579078674,0.01620836742222309,0.6513612270355225,0.29183080792427063,0.02031860500574112,0.0006438320851884782,0.6861564517021179,0.9832120537757874,0.0,0.8513609766960144,0.24643376469612122,0.0005475375219248235,0.01920197159051895,0.0,0.0,0.34186020493507385,0.05349723994731903,8.648790389997885e-05,1.278165340423584,0.0,0.0
485,4.961115837097168,0.33557868003845215,25.7740421295166,4.8357415199279785,0.5139108300209045,45.25411605834961,1.0672706365585327,1.0680891275405884,71.8,1.0482003688812256,0.05124310776591301,0.027281595394015312,7.304698944091797,0.0,0.0,0.2985042929649353,2.520419548091013e-05,0.004436017945408821,0.8350481986999512,0.0,0.0,1.1277046203613281,0.39743828773498535,0.01791655458509922,0.26707014441490173,0.014871042221784592,0.4838784337043762,0.28280436992645264,0.015257136896252632,0.0006855414831079543,0.5502492189407349,0.9825663566589355,0.0,0.8114703893661499,0.2667523920536041,0.0005268148379400373,0.01868358626961708,0.0,0.0,0.34709054231643677,0.055615201592445374,8.969281770987436e-05,1.2751214504241943,0.0,0.0
486,2.4352269172668457,0.04339144751429558,23.899280548095703,1.7026591300964355,0.7033935785293579,49.6810302734375,0.9505754113197327,0.9505409598350525,3.81,0.7904780507087708,0.1957157552242279,0.02628977596759796,2.1529462337493896,0.0,0.0,0.39098742604255676,0.00030076669645495713,0.0033235542941838503,0.9909489750862122,0.0,0.0,0.9709681868553162,0.4156306982040405,0.011851849965751171,0.09957867860794067,0.00539329694584012,0.1406550407409668,0.30290836095809937,0.029358282685279846,0.00025114783784374595,0.8706802129745483,0.989499032497406,0.0,0.9282165765762329,0.19111745059490204,0.0006330463802441955,0.021133575588464737,0.0,0.0,0.343551367521286,0.06106506660580635,3.87351174140349e-05,1.293290376663208,0.0,0.0
487,4.998556137084961,0.017234131693840027,23.303184509277344,5.175299644470215,0.44468921422958374,41.240726470947266,1.0293954610824585,1.0280309915542603,128.94,1.0004863739013672,0.1759830266237259,0.008480515331029892,1.624818205833435,0.0,0.0,0.3472515344619751,0.00012952492397744209,0.006635815370827913,1.011011004447937,0.0,0.0,1.1617283821105957,0.38933491706848145,0.01891261711716652,0.3075009882450104,0.016469601541757584,0.5667043924331665,0.27473026514053345,0.011716701090335846,0.0007348871440626681,0.48608577251434326,0.9809727668762207,0.0,0.7778618931770325,0.2829373776912689,0.0004983376711606979,0.018071772530674934,0.0,0.0,0.3492298126220703,0.054951537400484085,9.249775030184537e-05,1.2752416133880615,0.0,0.0
488,1.313880443572998,0.868630588054657,14.876999855041504,8.624425888061523,0.6442465782165527,47.105491638183594,1.0591654777526855,1.0576378107070923,136.37,0.712088406085968,0.01496316958218813,0.10214655101299286,27.597625732421875,0.0,0.0,0.3565906882286072,5.391871673054993e-05,0.0023985153529793024,0.6116041541099548,0.0,0.0,1.0736976861953735,0.3636372685432434,0.01838921196758747,0.3484833240509033,0.01687876135110855,0.642396867275238,0.2882978916168213,0.019590327516198158,0.0006778950337320566,0.6447716951370239,0.979392409324646,0.0,0.8903668522834778,0.21420882642269135,0.0005815733456984162,0.020414141938090324,0.0,0.0,0.3426247835159302,0.05301237851381302,6.61157100694254e-05,1.2868468761444092,0.0,0.0
489,2.4650652408599854,0.589249849319458,38.097713470458984,1.927361249923706,0.5831743478775024,48.01567459106445,1.0633724927902222,1.0657689571380615,211.46,0.8510773777961731,0.007812356110662222,0.06979107856750488,16.956607818603516,0.0,0.0,0.32003557682037354,5.372749728849158e-05,0.0024238431360572577,0.7201654314994812,0.0,0.0,1.0086803436279297,0.38991278409957886,0.013981802389025688,0.13508816063404083,0.008275318890810013,0.20927706360816956,0.2937910258769989,0.021602287888526917,0.0004052022995892912,0.7014248371124268,0.9905423521995544,0.0,0.8306715488433838,0.2752786874771118,0.0005369471036829054,0.018871625885367393,0.0,0.0,0.34540656208992004,0.05126786604523659,0.00014364448725245893,1.2505614757537842,0.0,0.0
490,5.078131198883057,0.224398672580719,21.313579559326172,8.597858428955078,0.506309986114502,57.74879837036133,1.0697654485702515,1.069370985031128,34.48,1.0722886323928833,0.08906843513250351,0.017457690089941025,4.804264545440674,0.0,0.0,0.30280131101608276,3.880051735904999e-05,0.005373653024435043,0.8861967921257019,0.0,0.0,1.1671963930130005,0.3594018220901489,0.021188953891396523,0.4180564284324646,0.020889662206172943,0.7992762923240662,0.27750465273857117,0.012503180652856827,0.00086779153207317,0.49516087770462036,0.979854166507721,0.0,0.818053662776947,0.2541649341583252,0.0005273522692732513,0.018783701583743095,0.0,0.0,0.34554409980773926,0.055551156401634216,7.06748542143032e-05,1.286103367805481,0.0,0.0
491,3.9091570377349854,0.4281010031700134,27.407920837402344,2.496656894683838,0.5023421049118042,44.1574821472168,0.9897488355636597,0.9876182079315186,217.97,0.981881320476532,0.03078802116215229,0.03947540745139122,10.592859268188477,0.0,0.0,0.3063506782054901,3.693771213875152e-05,0.003918358590453863,0.7960137724876404,0.0,0.0,1.0982117652893066,0.4218040406703949,0.015572893433272839,0.17215411365032196,0.010587913915514946,0.28453031182289124,0.28406456112861633,0.016520675271749496,0.0005120704299770296,0.5959575772285461,0.9852121472358704,0.0,0.8202459216117859,0.26496294140815735,0.0005384234245866537,0.018977345898747444,0.0,0.0,0.3484298586845398,0.05611725524067879,9.166756353806704e-05,1.2714163064956665,0.0,0.0
492,1.7795363664627075,0.5464022755622864,25.58599281311035,3.5964419841766357,0.7013107538223267,41.57258987426758,1.1491055488586426,1.1491143703460693,0.67,0.8365747332572937,0.012451183050870895,0.07627376168966293,15.244099617004395,0.0,0.0,0.32201912999153137,9.229091665474698e-05,0.003242147620767355,0.7231383919715881,0.0,0.0,0.9767267107963562,0.37728095054626465,0.013430407270789146,0.15799134969711304,0.008784725330770016,0.26451173424720764,0.30205070972442627,0.02704804204404354,0.00042942867730744183,0.80045086145401,0.9934236407279968,0.0,0.8812863826751709,0.2331557422876358,0.0005835614865645766,0.019930480048060417,0.0,0.0,0.3424527943134308,0.05557775869965553,8.068229362834245e-05,1.2728285789489746,0.0,0.0
493,3.152606725692749,0.9712553024291992,13.538201332092285,5.044530868530273,0.7131061553955078,44.29584503173828,0.9001660943031311,0.9005681872367859,49.6,0.725649893283844,0.028161857277154922,0.08252692967653275,36.55529022216797,0.0,0.0,0.3662118911743164,4.218771937303245e-05,0.0022061127237975597,0.5764405727386475,0.0,0.0,1.027252435684204,0.37955817580223083,0.0136162294074893,0.2081208974123001,0.009670453146100044,0.363278865814209,0.2948438227176666,0.024661406874656677,0.0004090131842531264,0.8042426109313965,0.9846786856651306,0.0,0.9257441163063049,0.19499576091766357,0.0006092604016885161,0.021060770377516747,0.0,0.0,0.3421704173088074,0.055078040808439255,5.756332029704936e-05,1.2868207693099976,0.0,0.0
494,5.641398906707764,0.7286575436592102,30.927867889404297,7.0104756355285645,0.5619775652885437,74.21371459960938,1.1801680326461792,1.1794910430908203,48.63,0.943888247013092,0.006443588994443417,0.04355694353580475,22.321714401245117,0.0,0.0,0.3140488564968109,9.86846316664014e-07,0.0020289975218474865,0.6657450795173645,0.0,0.0,1.0873470306396484,0.4177815616130829,0.01916254498064518,0.3163365423679352,0.017743978649377823,0.5962051749229431,0.28722864389419556,0.01683669351041317,0.0008168732165358961,0.5481594204902649,0.9898573160171509,0.0,0.8687947392463684,0.2238026261329651,0.0005771824507974088,0.019917648285627365,0.0,0.0,0.34458938241004944,0.05771823227405548,5.993809099891223e-05,1.2889312505722046,0.0,0.0
495,2.4922285079956055,0.9941256642341614,22.288066864013672,7.03523588180542,0.5422133803367615,44.931236267089844,1.1054579019546509,1.106655240058899,97.87,0.6845937967300415,0.034073617309331894,0.08763768523931503,31.726421356201172,0.0,0.0,0.38555920124053955,6.575872248504311e-05,0.0029946828726679087,0.5673372745513916,0.0,0.0,1.0823278427124023,0.3927135765552521,0.01961781084537506,0.3406895399093628,0.017961550503969193,0.6359798312187195,0.2823360562324524,0.015519803389906883,0.0007709349156357348,0.5413020253181458,0.9845187664031982,0.0,0.8564733862876892,0.2244672030210495,0.000559970096219331,0.01986803486943245,0.0,0.0,0.3457905352115631,0.054986950010061264,6.743143603671342e-05,1.2850492000579834,0.0,0.0
496,4.4491658210754395,0.5102161765098572,38.88500213623047,8.491981506347656,0.40319544076919556,44.24199676513672,1.1629209518432617,1.1644366979599,111.93,1.0199432373046875,0.02811345085501671,0.03177716210484505,10.641739845275879,0.0,0.0,0.2994506359100342,9.856496490101563e-07,0.005264019127935171,0.7549612522125244,0.0,0.0,1.1598049402236938,0.3127710223197937,0.022560277953743935,0.41584300994873047,0.0244922898709774,0.821817934513092,0.2710038423538208,0.007581993471831083,0.0011943052522838116,0.36357590556144714,0.993418276309967,0.0,0.684297502040863,0.4079321026802063,0.0004044656816404313,0.015660107135772705,0.0,0.0,0.34890326857566833,0.042144615203142166,0.0003234917239751667,1.2231087684631348,0.0,0.0
497,4.769930362701416,0.13341565430164337,24.079267501831055,8.057694435119629,0.45370540022850037,51.49995040893555,1.0874649286270142,1.0900371074676514,216.99,1.0572398900985718,0.1223064661026001,0.011916117742657661,3.247785806655884,0.0,0.0,0.32013583183288574,6.907682836754248e-05,0.006389553193002939,0.9347591400146484,0.0,0.0,1.1835310459136963,0.37052270770072937,0.021639754995703697,0.41780126094818115,0.021525895223021507,0.8035920262336731,0.2735742926597595,0.010567870922386646,0.0009270482114516199,0.44721293449401855,0.9816436171531677,0.0,0.7932074666023254,0.26543667912483215,0.0005103894509375095,0.01837017573416233,0.0,0.0,0.3475663959980011,0.0559396855533123,7.246617315104231e-05,1.2851461172103882,0.0,0.0
498,2.279778480529785,0.8477296233177185,14.473389625549316,4.675959587097168,0.4567117989063263,59.81050491333008,0.8671860694885254,0.8668743968009949,41.46,0.7441754937171936,0.007319197058677673,0.0853741317987442,26.296775817871094,0.0,0.0,0.35221725702285767,9.625814527680632e-07,0.0026754080317914486,0.6386664509773254,0.0,0.0,1.1709113121032715,0.3792960047721863,0.017613086849451065,0.29869338870048523,0.015132518485188484,0.5338553190231323,0.26965630054473877,0.011387410573661327,0.0006070762756280601,0.5280337929725647,0.9742850661277771,0.0,0.8280509114265442,0.2608785629272461,0.0005274512805044651,0.019152628257870674,0.0,0.0,0.3458041548728943,0.04927211254835129,0.00011615260154940188,1.2717797756195068,0.0,0.0
499,1.8288862705230713,0.9522062540054321,20.376859664916992,5.280405044555664,0.504696786403656,41.94178009033203,1.0350279808044434,1.0339992046356201,96.13,0.6879305839538574,0.023713646456599236,0.09721184521913528,30.111488342285156,0.0,0.0,0.37891918420791626,5.107282777316868e-05,0.003521924139931798,0.5911837220191956,0.0,0.0,1.1055536270141602,0.4051770567893982,0.01834927871823311,0.29317203164100647,0.0158091988414526,0.5373964905738831,0.2787628173828125,0.01437872089445591,0.0006804511067457497,0.5418952703475952,0.9855147004127502,0.0,0.8482829928398132,0.2292625457048416,0.0005558079574257135,0.019828980788588524,0.0,0.0,0.347407728433609,0.05541198328137398,6.588258838746697e-05,1.2858279943466187,0.0,0.0
