sample_idx,b4c_r,cr_frac,fuel_r,enrichment,f_mod,water_r,keff_ref,keff_pred,delta_rho_pcm,CR_D1,CR_D2,CR_Sa1,CR_Sa2,CR_nSf1,CR_nSf2,CR_Ss11,CR_Ss22,CR_Ss12,CR_Ss21,CR_chi1,CR_chi2,Core_D1,Core_D2,Core_Sa1,Core_Sa2,Core_nSf1,Core_nSf2,Core_Ss11,Core_Ss22,Core_Ss12,Core_Ss21,Core_chi1,Core_chi2,Mod_D1,Mod_D2,Mod_Sa1,Mod_Sa2,Mod_nSf1,Mod_nSf2,Mod_Ss11,Mod_Ss22,Mod_Ss12,Mod_Ss21,Mod_chi1,Mod_chi2
0,2.428574800491333,0.8104845881462097,35.73987579345703,4.523444652557373,0.6465937495231628,51.928462982177734,1.2438210248947144,1.2435023784637451,20.6,0.7924634218215942,0.00936940498650074,0.0848354920744896,19.13568115234375,0.0,0.0,0.3387729227542877,2.9916747735114768e-05,0.0019332709489390254,0.6159259080886841,0.0,0.0,0.9979360699653625,0.5337312817573547,0.015767795965075493,0.20039860904216766,0.011905377730727196,0.3533278703689575,0.298227995634079,0.023438114672899246,0.0005794827593490481,0.693732500076294,1.0,0.0,0.9155787229537964,0.19745229184627533,0.0005897643859498203,0.020151304081082344,0.0,0.0,0.342508465051651,0.06087145209312439,8.382005762541667e-05,1.2664451599121094,0.0,0.0
1,3.693047046661377,0.31387773156166077,27.581602096557617,3.272472858428955,0.7327488660812378,56.823795318603516,1.1371420621871948,1.137516736984253,28.97,1.090983271598816,0.08217191696166992,0.034853119403123856,5.5267486572265625,0.0,0.0,0.31433939933776855,9.820826380746439e-05,0.002436353825032711,0.8415317535400391,0.0,0.0,1.022961974143982,0.5566848516464233,0.012798714451491833,0.13741382956504822,0.007526085712015629,0.22726567089557648,0.30549779534339905,0.029617400839924812,0.000375146308215335,0.8531901240348816,1.0,0.0,0.9646849632263184,0.14570599794387817,0.0006498132133856416,0.020531944930553436,0.0,0.0,0.34197768568992615,0.08777179569005966,2.9859156711609103e-05,1.294987678527832,0.0,0.0
2,1.7346545457839966,0.5767543315887451,33.48297119140625,3.8607258796691895,0.5107541680335999,59.861324310302734,1.137428879737854,1.136098027229309,102.99,0.8582766056060791,0.007948744110763073,0.07144540548324585,12.064777374267578,0.0,0.0,0.3285323977470398,5.4670679674018174e-05,0.002450833562761545,0.7273662686347961,0.0,0.0,1.0805282592773438,0.5463370680809021,0.01717163808643818,0.22203533351421356,0.01330095250159502,0.39152246713638306,0.2852167785167694,0.016621949151158333,0.0006478000432252884,0.5623118281364441,1.0,0.0,0.8812786340713501,0.21473555266857147,0.0005903566488996148,0.02012183889746666,0.0,0.0,0.3478175401687622,0.06238631159067154,5.238495214143768e-05,1.2904280424118042,0.0,0.0
3,4.734378337860107,0.8046661615371704,25.99892234802246,4.48485803604126,0.5740129351615906,41.62700271606445,1.085008978843689,1.0850706100463867,5.23,0.9136951565742493,0.007278041448444128,0.05166914314031601,18.406007766723633,0.0,0.0,0.33043035864830017,1.0636595106916502e-05,0.003710702992975712,0.6302189230918884,0.0,0.0,1.0814458131790161,0.48125651478767395,0.01663116179406643,0.23585306107997894,0.013088583014905453,0.4128250777721405,0.2884385883808136,0.018717313185334206,0.000600803061388433,0.6212142109870911,1.0,0.0,0.8643234968185425,0.2294735312461853,0.0005542250582948327,0.019574694335460663,0.0,0.0,0.3454655408859253,0.055610623210668564,0.00010038402979262173,1.2698473930358887,0.0,0.0
4,1.0138044357299805,0.7004956603050232,35.06553268432617,3.6949708461761475,0.6623942852020264,50.94021987915039,1.2279071807861328,1.2253867387771606,167.51,0.7423952221870422,0.003670936916023493,0.10580715537071228,15.567230224609375,0.0,0.0,0.33970075845718384,8.337027247762308e-05,0.0015043785097077489,0.6536908149719238,0.0,0.0,0.9746679663658142,0.6032231450080872,0.014595254324376583,0.1728575974702835,0.010164073668420315,0.2945392429828644,0.30002886056900024,0.025223907083272934,0.0004939761711284518,0.74083012342453,1.0,0.0,0.9440965056419373,0.1765993982553482,0.0006121370824985206,0.02049875073134899,0.0,0.0,0.34266212582588196,0.06728582829236984,6.837246473878622e-05,1.2706454992294312,0.0,0.0
5,2.2138185501098633,0.482358455657959,23.161718368530273,8.455509185791016,0.4753132164478302,45.504459381103516,1.114526629447937,1.1143531799316406,13.97,0.9837355613708496,0.023214230313897133,0.047165222465991974,8.95950984954834,0.0,0.0,0.3150940537452698,2.0459327060962096e-05,0.00849602185189724,0.7600342631340027,0.0,0.0,1.1835237741470337,0.33809545636177063,0.021980347111821175,0.42788347601890564,0.021799925714731216,0.7909402847290039,0.27508968114852905,0.01183605007827282,0.0009041567682288587,0.45691177248954773,1.0,0.0,0.7773860692977905,0.2937462627887726,0.0005013116751797497,0.018452275544404984,0.0,0.0,0.34713485836982727,0.04564082249999046,0.00010626766743371263,1.28313148021698,0.0,0.0
6,4.164783000946045,0.1945522278547287,23.350238800048828,7.002357006072998,0.7361241579055786,41.067264556884766,1.2087377309799194,1.2103198766708374,108.15,1.0855234861373901,0.1119268387556076,0.0253136046230793,3.217770576477051,0.0,0.0,0.32061171531677246,7.874672883190215e-05,0.00467946520075202,0.9100923538208008,0.0,0.0,1.0315899848937988,0.4416710436344147,0.01533419918268919,0.2325277179479599,0.012307772412896156,0.41640064120292664,0.3035283088684082,0.026863455772399902,0.0005880367243662477,0.7636002898216248,1.0,0.0,0.8345574140548706,0.22763021290302277,0.0005413184990175068,0.01859067939221859,0.0,0.0,0.34129849076271057,0.06023310497403145,8.743466605665162e-05,1.2730921506881714,0.0,0.0
7,5.79300594329834,0.9592241048812866,21.062679290771484,7.9869256019592285,0.5564696788787842,52.67019271850586,1.035102128982544,1.0372509956359863,200.14,0.8107333183288574,0.02364981546998024,0.04422587528824806,22.522520065307617,0.0,0.0,0.37326398491859436,7.73894353187643e-05,0.0033021122217178345,0.5772775411605835,0.0,0.0,1.1003117561340332,0.4603782892227173,0.019727442413568497,0.38032299280166626,0.018552271649241447,0.6952921152114868,0.28088366985321045,0.01552379410713911,0.0007459064363501966,0.5543819069862366,1.0,0.0,0.8632867932319641,0.21218635141849518,0.0005580447032116354,0.0197612252086401,0.0,0.0,0.3447417616844177,0.0532202273607254,6.557986489497125e-05,1.2886008024215698,0.0,0.0
8,1.6068668365478516,0.941708505153656,14.545916557312012,9.414300918579102,0.7374398112297058,50.872283935546875,1.0867984294891357,1.0868160724639893,1.49,0.727539598941803,0.023109974339604378,0.09237498790025711,18.341703414916992,0.0,0.0,0.36875829100608826,6.98076983098872e-05,0.0014974414370954037,0.5869076251983643,0.0,0.0,1.0052597522735596,0.5373122692108154,0.016247134655714035,0.3012118935585022,0.014477191492915154,0.556485652923584,0.29737433791160583,0.02529425173997879,0.000589198840316385,0.746074378490448,1.0,0.0,0.9492537379264832,0.15916070342063904,0.000607503519859165,0.02071235328912735,0.0,0.0,0.34091973304748535,0.06200983747839928,5.6962679082062095e-05,1.2845200300216675,0.0,0.0
9,2.1630263328552246,0.11129538714885712,34.744415283203125,4.507826805114746,0.621508777141571,41.753807067871094,1.2260158061981201,1.2252709865570068,49.58,0.886826753616333,0.1295025497674942,0.03180672600865364,2.142970323562622,0.0,0.0,0.37065601348876953,0.00019391403475310653,0.005660157650709152,0.9472181797027588,0.0,0.0,0.9659413695335388,0.3776928782463074,0.016246579587459564,0.2082654982805252,0.012457897886633873,0.36655059456825256,0.2959265410900116,0.022135920822620392,0.0006017953273840249,0.6618348360061646,1.0,0.0,0.7742964029312134,0.28335872292518616,0.0004910633433610201,0.017546115443110466,0.0,0.0,0.343323677778244,0.0496680922806263,0.00017329106049146503,1.2397373914718628,0.0,0.0
10,3.510739326477051,0.7432973980903625,32.721431732177734,8.23177719116211,0.5190411806106567,51.46657943725586,1.2121796607971191,1.2132397890090942,72.08,0.9799949526786804,0.009164183400571346,0.0504690557718277,14.23946475982666,0.0,0.0,0.32499441504478455,2.1764210487162927e-06,0.005139711778610945,0.6453874111175537,0.0,0.0,1.1217095851898193,0.3524777889251709,0.02127901092171669,0.36866506934165955,0.02078663557767868,0.7022035717964172,0.28302258253097534,0.014088736847043037,0.0009312692563980818,0.47582942247390747,1.0,0.0,0.8166555762290955,0.27521637082099915,0.0005192054668441415,0.019071215763688087,0.0,0.0,0.3455762267112732,0.04553133621811867,0.00013229910109657794,1.2686530351638794,0.0,0.0
11,2.2595553398132324,0.2959756851196289,24.05634880065918,4.734549045562744,0.684782087802887,55.74042892456055,1.1674213409423828,1.1692638397216797,134.98,0.9721055626869202,0.07684353739023209,0.04459041357040405,4.805213928222656,0.0,0.0,0.3335360586643219,0.00013729628699366003,0.002991837915033102,0.8475293517112732,0.0,0.0,1.0268021821975708,0.583547830581665,0.015207196585834026,0.2010563462972641,0.010920122265815735,0.34740298986434937,0.29954925179481506,0.026162758469581604,0.0005109988851472735,0.747852087020874,1.0,0.0,0.9177624583244324,0.16991278529167175,0.0006137517630122602,0.020134026184678078,0.0,0.0,0.3426561951637268,0.07124249637126923,4.1715436964295805e-05,1.2921637296676636,0.0,0.0
12,2.8409600257873535,0.8336126208305359,30.487316131591797,8.350196838378906,0.5911082029342651,52.48166275024414,1.2444605827331543,1.2419878244400024,159.99,0.8265994787216187,0.012865860015153885,0.06936006993055344,19.13629150390625,0.0,0.0,0.3425273001194,2.7821684852824546e-05,0.003178785555064678,0.6060570478439331,0.0,0.0,1.0498250722885132,0.4408293664455414,0.02017759531736374,0.33705320954322815,0.019114069640636444,0.6359461545944214,0.29017287492752075,0.01820754073560238,0.0008632552926428616,0.548880934715271,1.0,0.0,0.859804093837738,0.22314107418060303,0.0005555996322073042,0.019538678228855133,0.0,0.0,0.343599408864975,0.0534837581217289,8.437207725364715e-05,1.276161551475525,0.0,0.0
13,4.673191070556641,0.696277916431427,28.293668746948242,7.5527520179748535,0.6906275153160095,75.28384399414062,1.2452239990234375,1.2457969188690186,36.93,0.9751493334770203,0.0041343700140714645,0.05130072310566902,15.76441478729248,0.0,0.0,0.3087312579154968,1.0407086392660858e-06,0.0013033741852268577,0.6771248579025269,0.0,0.0,1.0743378400802612,0.5799353718757629,0.01689697988331318,0.26499509811401367,0.014770827256143093,0.49373844265937805,0.29961058497428894,0.02382834255695343,0.0006950658280402422,0.6857120394706726,1.0,0.0,0.9332370162010193,0.18069660663604736,0.0006124805076979101,0.020474392920732498,0.0,0.0,0.3416382670402527,0.06778517365455627,4.483325028559193e-05,1.2885016202926636,0.0,0.0
14,4.907784461975098,0.8066907525062561,43.826778411865234,7.420812606811523,0.4975315034389496,57.59897232055664,1.238169550895691,1.2376081943511963,36.63,0.9339860081672668,0.009447861462831497,0.04527223855257034,17.948829650878906,0.0,0.0,0.33108392357826233,9.61147293310205e-07,0.0045963614247739315,0.637336015701294,0.0,0.0,1.0925586223602295,0.3135637938976288,0.020556343719363213,0.3342742621898651,0.020291604101657867,0.6383562684059143,0.28140100836753845,0.012639048509299755,0.0009690496954135597,0.45720019936561584,1.0,0.0,0.7705599665641785,0.33607807755470276,0.0004745757032651454,0.018011024221777916,0.0,0.0,0.3451315462589264,0.040671877562999725,0.00021617879974655807,1.2422864437103271,0.0,0.0
15,2.440096855163574,0.9150956869125366,29.744356155395508,9.009170532226562,0.5330149531364441,47.436912536621094,1.214778184890747,1.2125465869903564,151.5,0.7534161806106567,0.018688127398490906,0.07376345247030258,21.321802139282227,0.0,0.0,0.3655458390712738,5.260607576929033e-05,0.004688158165663481,0.5806004405021667,0.0,0.0,1.0531660318374634,0.3904336988925934,0.021831277757883072,0.3934638202190399,0.021667631343007088,0.7387773990631104,0.28354334831237793,0.01496077235788107,0.0009430924546904862,0.48265352845191956,1.0,0.0,0.8280339241027832,0.24368831515312195,0.0005296544404700398,0.019199857488274574,0.0,0.0,0.34538474678993225,0.04712819308042526,0.00011156339314766228,1.2713347673416138,0.0,0.0
16,5.463180065155029,0.5066495537757874,21.916391372680664,8.005125999450684,0.7287113666534424,59.59649658203125,1.159615159034729,1.1595417261123657,5.46,1.129462480545044,0.02126440778374672,0.03723869472742081,10.244268417358398,0.0,0.0,0.28908205032348633,8.647485287838208e-07,0.0029129344038665295,0.7589457035064697,0.0,0.0,1.1152645349502563,0.5540064573287964,0.016008004546165466,0.2663433849811554,0.013543100096285343,0.4790245592594147,0.3010219931602478,0.025706501677632332,0.0006173252477310598,0.7414394617080688,1.0,0.0,0.9328181147575378,0.17408686876296997,0.0006082281470298767,0.02042524889111519,0.0,0.0,0.3414946496486664,0.06795347481966019,4.9479891458759084e-05,1.2886368036270142,0.0,0.0
17,5.287524700164795,0.7293592095375061,39.69208526611328,1.9790416955947876,0.7892159819602966,42.29121780395508,1.0511994361877441,1.0509387254714966,23.6,0.9377371072769165,1.6487211951243808e-06,0.06280379742383957,15.377437591552734,0.0,0.0,0.3038337528705597,8.316540061059641e-07,0.0011953595094382763,0.6610220670700073,0.0,0.0,0.9776319265365601,0.5006107687950134,0.009462570771574974,0.0945914164185524,0.004204536788165569,0.13263697922229767,0.31096351146698,0.03254984691739082,0.00021056180412415415,0.9825005531311035,1.0,0.0,0.9833162426948547,0.16871219873428345,0.0005801761290058494,0.01968907192349434,0.0,0.0,0.337011456489563,0.07610739767551422,0.0001097367494367063,1.2214620113372803,0.0,0.0
18,2.285322427749634,0.9456135034561157,28.16341781616211,2.497220516204834,0.6865314245223999,47.84555435180664,1.084606647491455,1.0822150707244873,203.75,0.7097539901733398,0.032494161278009415,0.09833534806966782,22.38813591003418,0.0,0.0,0.3665003180503845,6.351670890580863e-05,0.0017820846987888217,0.5701472759246826,0.0,0.0,0.9689491987228394,0.5822775363922119,0.013069629669189453,0.1301976889371872,0.007315745577216148,0.20288079977035522,0.30173709988594055,0.02782045491039753,0.0003534760617185384,0.8161907196044922,1.0,0.0,1.0025871992111206,0.1402728408575058,0.0006606944953091443,0.021436545997858047,0.0,0.0,0.34300553798675537,0.07658524066209793,4.708379856310785e-05,1.281373143196106,0.0,0.0
19,4.945267677307129,0.9717020988464355,22.94474220275879,4.34169864654541,0.6169106960296631,68.26707458496094,1.045162558555603,1.0448156595230103,31.77,0.7566550374031067,0.02625085599720478,0.059841953217983246,24.964008331298828,0.0,0.0,0.37000977993011475,4.366211942397058e-05,0.0014457771321758628,0.5780901908874512,0.0,0.0,1.0291953086853027,0.6139772534370422,0.015755364671349525,0.21833506226539612,0.011751974932849407,0.37847819924354553,0.2910562753677368,0.02110656537115574,0.0005298028117977083,0.6814794540405273,1.0,0.0,0.9515383243560791,0.16778047382831573,0.0006239875801838934,0.02093645930290222,0.0,0.0,0.34367096424102783,0.06508602946996689,5.399991277954541e-05,1.2832478284835815,0.0,0.0
20,5.890533924102783,0.8883967995643616,22.11882972717285,9.691570281982422,0.4509921669960022,53.9331169128418,1.028207778930664,1.0273545980453491,80.77,0.8841476440429688,0.01804732345044613,0.037095047533512115,19.654775619506836,0.0,0.0,0.3580141067504883,6.605005182791501e-05,0.006138629745692015,0.6005300283432007,0.0,0.0,1.185811161994934,0.354572057723999,0.022656230255961418,0.5031299591064453,0.023634981364011765,0.9358879327774048,0.26840412616729736,0.00957468245178461,0.000908154877834022,0.4449656307697296,1.0,0.0,0.808845579624176,0.2552098333835602,0.00051815842743963,0.019095659255981445,0.0,0.0,0.3468833863735199,0.04625069350004196,7.943675154820085e-05,1.2903443574905396,0.0,0.0
21,1.161380648612976,0.016237737610936165,37.681419372558594,4.449162483215332,0.5063443779945374,44.90703582763672,1.1803898811340332,1.1804125308990479,1.63,0.87534499168396,0.1407836228609085,0.02539249137043953,0.8560051918029785,0.0,0.0,0.4161006212234497,0.0002819960645865649,0.006892271339893341,1.0097540616989136,0.0,0.0,0.9901098608970642,0.34508398175239563,0.017840111628174782,0.23963160812854767,0.014552361331880093,0.42930901050567627,0.2844890058040619,0.015906792134046555,0.0006864361348561943,0.5363967418670654,1.0,0.0,0.717052161693573,0.34039247035980225,0.00045453489292412996,0.01688625104725361,0.0,0.0,0.3476085960865021,0.04291677474975586,0.00023223385505843908,1.2419642210006714,0.0,0.0
22,2.4371912479400635,0.0269814170897007,29.680383682250977,9.271759986877441,0.40259990096092224,54.2692985534668,1.1612941026687622,1.1630167961120605,127.55,0.9956111907958984,0.14349795877933502,0.009165097028017044,2.5163815021514893,0.0,0.0,0.3739469051361084,0.00015097338473424315,0.01265140064060688,0.9912823438644409,0.0,0.0,1.1456035375595093,0.27657508850097656,0.023717748001217842,0.4763214886188507,0.02494390495121479,0.9031690955162048,0.2691134810447693,0.008459622040390968,0.0010665850713849068,0.3758600950241089,1.0,0.0,0.6933426856994629,0.3535445034503937,0.00045748185948468745,0.01699516549706459,0.0,0.0,0.3493055999279022,0.0430176816880703,0.00010365297930547968,1.2850388288497925,0.0,0.0
23,1.913365125656128,0.5453490018844604,25.017183303833008,5.0001749992370605,0.7824668288230896,44.3275146484375,1.221287727355957,1.2218732833862305,39.24,0.9050893783569336,0.016310006380081177,0.07523231953382492,10.600534439086914,0.0,0.0,0.3183533251285553,7.542302773799747e-05,0.0023129016626626253,0.7199118137359619,0.0,0.0,0.988639235496521,0.5344345569610596,0.012608026154339314,0.1612546145915985,0.008514446206390858,0.2756771445274353,0.30859997868537903,0.03148509934544563,0.0004452193679753691,0.8723706007003784,1.0,0.0,0.9774603843688965,0.15361660718917847,0.0006360323750413954,0.02081460691988468,0.0,0.0,0.3402085602283478,0.07473939657211304,5.1049970352323726e-05,1.2785013914108276,0.0,0.0
24,1.8428740501403809,0.556289792060852,24.513076782226562,6.414416790008545,0.46437060832977295,54.07289123535156,1.0967628955841064,1.0951037406921387,138.14,0.9236406683921814,0.012446842156350613,0.059389833360910416,10.835371017456055,0.0,0.0,0.3230542242527008,2.322989166714251e-05,0.0056454152800142765,0.7349812388420105,0.0,0.0,1.1551554203033447,0.406372994184494,0.02016114816069603,0.3499397933483124,0.018710244446992874,0.6444176435470581,0.2759741544723511,0.012497943826019764,0.0008179710130207241,0.4734363257884979,1.0,0.0,0.8252840042114258,0.2530823051929474,0.0005426078569144011,0.019356707111001015,0.0,0.0,0.34781473875045776,0.051750946789979935,6.956501601962373e-05,1.2899479866027832,0.0,0.0
25,3.5600781440734863,0.3446407616138458,32.45119857788086,7.042111396789551,0.557352602481842,53.458160400390625,1.2201504707336426,1.2165197134017944,244.6,1.0651946067810059,0.046801045536994934,0.03206676244735718,5.893369197845459,0.0,0.0,0.3085012435913086,4.291751974960789e-05,0.005875732749700546,0.8210102319717407,0.0,0.0,1.0967271327972412,0.362485408782959,0.01974116452038288,0.31390058994293213,0.017996771261096,0.5867104530334473,0.28796496987342834,0.016857067123055458,0.0008378964266739786,0.5336083173751831,1.0,0.0,0.8019466996192932,0.2731061577796936,0.0005233197007328272,0.018570970743894577,0.0,0.0,0.34478938579559326,0.051740311086177826,0.00010356400889577344,1.273292899131775,0.0,0.0
26,2.9150547981262207,0.09948555380105972,18.815872192382812,7.8715901374816895,0.5952426791191101,50.01390838623047,1.102051854133606,1.1050961017608643,249.96,1.0460553169250488,0.14453698694705963,0.01770702376961708,1.8535898923873901,0.0,0.0,0.35237178206443787,0.00012174356379546225,0.008214065805077553,0.9577848315238953,0.0,0.0,1.116589069366455,0.3921315371990204,0.019593073055148125,0.3531763255596161,0.017420951277017593,0.6327198147773743,0.2869424819946289,0.01859731413424015,0.0007056067697703838,0.5919313430786133,1.0,0.0,0.7706467509269714,0.2639579772949219,0.0005041141994297504,0.017889464274048805,0.0,0.0,0.34389689564704895,0.05113619938492775,9.211765427608043e-05,1.2863754034042358,0.0,0.0
27,3.630335807800293,0.9167815446853638,17.57478141784668,6.120245456695557,0.7686494588851929,42.30973434448242,1.0622731447219849,1.0613441467285156,82.4,0.8293332457542419,0.022207705304026604,0.06884042918682098,20.33721923828125,0.0,0.0,0.3494511544704437,3.1388022762257606e-05,0.001855570706538856,0.5884814262390137,0.0,0.0,1.0049538612365723,0.5304775834083557,0.01312314160168171,0.202041357755661,0.009757155552506447,0.36050868034362793,0.3025069534778595,0.02818404883146286,0.0004619713290594518,0.8429340720176697,1.0,0.0,0.9821973443031311,0.14859625697135925,0.0006351246265694499,0.021071700379252434,0.0,0.0,0.3412139117717743,0.07322385907173157,4.255912426742725e-05,1.286399483680725,0.0,0.0
28,3.935013771057129,0.3541673719882965,35.58984375,7.173686504364014,0.555579662322998,57.01968765258789,1.2400182485580444,1.241788625717163,114.97,1.0870567560195923,0.04395144060254097,0.029930617660284042,6.010005474090576,0.0,0.0,0.30371221899986267,2.961837344628293e-05,0.005624580197036266,0.817908763885498,0.0,0.0,1.0986148118972778,0.35307323932647705,0.019878022372722626,0.3132423758506775,0.01831645704805851,0.589591920375824,0.2880181670188904,0.016541097313165665,0.0008650676463730633,0.5252550840377808,1.0,0.0,0.7977244853973389,0.2815200388431549,0.0005193468532525003,0.018480530008673668,0.0,0.0,0.34453561902046204,0.0510593019425869,0.0001086318152374588,1.271753191947937,0.0,0.0
29,4.538477420806885,0.9022397994995117,30.848003387451172,3.483757972717285,0.5350847244262695,59.39433670043945,1.0828207731246948,1.0839489698410034,96.12,0.8276806473731995,0.01617341674864292,0.0559663251042366,22.056072235107422,0.0,0.0,0.3549277186393738,2.7782460165326484e-05,0.0023494171909987926,0.6028591394424438,0.0,0.0,1.0649890899658203,0.593748927116394,0.016475824639201164,0.2039366364479065,0.012089959345757961,0.3536221981048584,0.2867988049983978,0.0179057065397501,0.0005786942201666534,0.6008210778236389,1.0,0.0,0.9049328565597534,0.1983816921710968,0.000602295040152967,0.020404646173119545,0.0,0.0,0.3466729521751404,0.06370195746421814,5.441631219582632e-05,1.2877038717269897,0.0,0.0
30,4.873961925506592,0.33028095960617065,41.18267822265625,2.6013026237487793,0.4443413317203522,50.4044189453125,1.0489970445632935,1.0472900867462158,155.38,1.1002224683761597,0.04808354005217552,0.025781268253922462,5.965134620666504,0.0,0.0,0.3044026792049408,3.4013854019576684e-05,0.007018182892352343,0.8643323183059692,0.0,0.0,1.0919890403747559,0.34100326895713806,0.015998050570487976,0.17995789647102356,0.011453207582235336,0.30317309498786926,0.27995026111602783,0.01329233031719923,0.0006013560923747718,0.5271577835083008,1.0,0.0,0.7632735967636108,0.3497687876224518,0.00048458180390298367,0.01793348789215088,0.0,0.0,0.34988605976104736,0.0459551103413105,0.00021761449170298874,1.2390960454940796,0.0,0.0
31,5.539647102355957,0.36488616466522217,37.03720474243164,6.903020858764648,0.576894998550415,41.036048889160156,1.2206928730010986,1.218664526939392,136.35,1.1472394466400146,0.03613068908452988,0.03186115622520447,6.8491034507751465,0.0,0.0,0.29079169034957886,8.790826768745319e-07,0.0072420998476445675,0.8225738406181335,0.0,0.0,1.0750188827514648,0.28536105155944824,0.018858149647712708,0.2908543646335602,0.017526529729366302,0.5527759790420532,0.29056766629219055,0.017079662531614304,0.0008347098482772708,0.549606204032898,1.0,0.0,0.7411040663719177,0.36204344034194946,0.000446298741735518,0.0170349832624197,0.0,0.0,0.3429540991783142,0.04042230173945427,0.0002831242745742202,1.2169339656829834,0.0,0.0
32,2.5289154052734375,0.23081989586353302,31.220909118652344,4.636107444763184,0.6684740781784058,51.7329216003418,1.229897141456604,1.22623872756958,242.58,1.4534357786178589,0.06767793744802475,0.020318739116191864,0.8037906289100647,0.0,0.0,0.34004825353622437,0.00013048270193394274,0.005023189354687929,0.8783990740776062,0.0,0.0,1.1324552297592163,0.5737484693527222,0.016244102269411087,0.196432963013649,0.01096020545810461,0.3499234616756439,0.29984039068222046,0.025480959564447403,0.00048150232760235667,0.7204943299293518,1.0,0.0,0.8618435263633728,0.20223362743854523,0.0005496865487657487,0.01909756287932396,0.0,0.0,0.34260356426239014,0.05927750840783119,0.00010826035577338189,1.2790242433547974,0.0,0.0
33,2.2075119018554688,0.04537450149655342,16.211597442626953,6.303885459899902,0.7376379370689392,53.05717086791992,1.095138430595398,1.0966062545776367,122.22,1.2312558889389038,0.18219047784805298,0.017610983923077583,0.44087523221969604,0.0,0.0,0.38519448041915894,0.0001882183860288933,0.005358630791306496,0.9987900853157043,0.0,0.0,1.0839300155639648,0.5436063408851624,0.015083256177604198,0.22831138968467712,0.010838717222213745,0.3926795721054077,0.3008137047290802,0.028317244723439217,0.0004572192265186459,0.7955048084259033,1.0,0.0,0.8205863237380981,0.20271407067775726,0.0005327638355083764,0.018265044316649437,0.0,0.0,0.341560423374176,0.060658250004053116,7.937329064588994e-05,1.287726879119873,0.0,0.0
34,3.9670827388763428,0.456118106842041,19.37984275817871,6.071563243865967,0.6600366234779358,41.289581298828125,1.0762896537780762,1.0731219053268433,274.27,1.0815778970718384,0.028760073706507683,0.03970830887556076,8.146268844604492,0.0,0.0,0.29743242263793945,1.4055163774173707e-05,0.004305294714868069,0.7750415205955505,0.0,0.0,1.1170592308044434,0.46752506494522095,0.01627829298377037,0.25963538885116577,0.013176429085433483,0.4588755965232849,0.29386773705482483,0.022077757865190506,0.0005804910906590521,0.6976304054260254,1.0,0.0,0.8616442680358887,0.22000610828399658,0.0005560949794016778,0.019368069246411324,0.0,0.0,0.34320202469825745,0.05868620052933693,7.860453479224816e-05,1.2807925939559937,0.0,0.0
35,1.5725926160812378,0.22777557373046875,20.133731842041016,9.555341720581055,0.6273440718650818,44.673561096191406,1.1789146661758423,1.1823859214782715,249.03,0.9565515518188477,0.08180244266986847,0.03949570655822754,3.7882609367370605,0.0,0.0,0.3459565043449402,0.0001187904053949751,0.006833665072917938,0.8800866603851318,0.0,0.0,1.0789563655853271,0.3945297598838806,0.020115574821829796,0.3711470067501068,0.019044389948248863,0.6839621663093567,0.29020002484321594,0.019753992557525635,0.0007841484039090574,0.5958626866340637,1.0,0.0,0.7900427579879761,0.25250840187072754,0.0005125439492985606,0.01818634755909443,0.0,0.0,0.343043714761734,0.05101194977760315,9.450364450458437e-05,1.282167673110962,0.0,0.0
36,5.4623703956604,0.7106748819351196,35.42210006713867,3.978841543197632,0.6283719539642334,43.59128189086914,1.178746223449707,1.1803549528121948,115.62,0.9733033776283264,0.002918096026405692,0.049856312572956085,16.50990104675293,0.0,0.0,0.3093639314174652,9.158987950286246e-07,0.0028955882880836725,0.6693928837776184,0.0,0.0,1.0461463928222656,0.4610309302806854,0.015305100940167904,0.19177575409412384,0.01142977923154831,0.3321748673915863,0.29644232988357544,0.021994708105921745,0.0005653105326928198,0.686144232749939,1.0,0.0,0.8657576441764832,0.24159331619739532,0.0005364706157706678,0.019139891490340233,0.0,0.0,0.3427422046661377,0.054016999900341034,0.0001507943234173581,1.2401410341262817,0.0,0.0
37,4.954608917236328,0.364378958940506,33.556610107421875,6.170729160308838,0.6411128640174866,55.79123306274414,1.249986171722412,1.2524189949035645,155.4,1.1201000213623047,0.04604398086667061,0.02902822196483612,6.557054042816162,0.0,0.0,0.2947015166282654,1.995453749259468e-05,0.004175231792032719,0.817272961139679,0.0,0.0,1.0732439756393433,0.4184536933898926,0.017372403293848038,0.24804916977882385,0.014552227221429348,0.4574103355407715,0.296857625246048,0.021702159196138382,0.0007039338233880699,0.6451743841171265,1.0,0.0,0.8477663993835449,0.23835644125938416,0.0005552289658226073,0.019093181937932968,0.0,0.0,0.34253349900245667,0.059030238538980484,8.135558891808614e-05,1.2755728960037231,0.0,0.0
38,5.71833610534668,0.6432219743728638,37.713050842285156,5.661725044250488,0.5435295701026917,52.04771041870117,1.1992942094802856,1.2002977132797241,69.71,1.0608352422714233,0.007510440889745951,0.0385926328599453,13.24760627746582,0.0,0.0,0.30216580629348755,9.456881002734008e-07,0.004625605419278145,0.699432909488678,0.0,0.0,1.1101999282836914,0.37050554156303406,0.018435413017868996,0.27110618352890015,0.016132384538650513,0.4998442828655243,0.28741613030433655,0.016363533213734627,0.0007777998107485473,0.5443283915519714,1.0,0.0,0.8121049404144287,0.28870871663093567,0.0005113707738928497,0.018655691295862198,0.0,0.0,0.34485605359077454,0.048115894198417664,0.00015931441157590598,1.2526869773864746,0.0,0.0
39,5.440449237823486,0.9555418491363525,31.730690002441406,4.937556743621826,0.6455719470977783,53.22039031982422,1.189569115638733,1.1950913667678833,388.44,0.8121679425239563,0.025919724255800247,0.052462492138147354,22.46757698059082,0.0,0.0,0.3639926016330719,4.726512270281091e-05,0.0019959122873842716,0.5756562352180481,0.0,0.0,1.0094013214111328,0.5606038570404053,0.01616615615785122,0.2170051783323288,0.012343444861471653,0.38530880212783813,0.2966214418411255,0.02299785427749157,0.0005887479637749493,0.6864559650421143,1.0,0.0,0.9219090342521667,0.18535268306732178,0.0006009467178955674,0.020364461466670036,0.0,0.0,0.3428295850753784,0.06255654990673065,6.778963870601729e-05,1.277230978012085,0.0,0.0
40,1.6919727325439453,0.28714707493782043,32.066314697265625,7.895689964294434,0.6279554963111877,44.680519104003906,1.2891395092010498,1.2896836996078491,32.73,0.9161763191223145,0.057961415499448776,0.04885238781571388,4.907599449157715,0.0,0.0,0.33866873383522034,0.00011433301551733166,0.005725398194044828,0.8372356295585632,0.0,0.0,1.0085722208023071,0.36808866262435913,0.019114451482892036,0.2997492849826813,0.017667975276708603,0.5557928085327148,0.29476070404052734,0.0206831656396389,0.0008245421340689063,0.5898420810699463,1.0,0.0,0.7935004234313965,0.27038970589637756,0.0005044061108492315,0.01806904934346676,0.0,0.0,0.3423953652381897,0.04881475120782852,0.00014485514839179814,1.25412917137146,0.0,0.0
41,3.35204815864563,0.74222731590271,26.644790649414062,3.4637200832366943,0.5150210857391357,51.5250358581543,1.0452362298965454,1.0444316864013672,73.7,0.8759361505508423,0.005990661680698395,0.06197996065020561,18.20265769958496,0.0,0.0,0.3278120160102844,6.150653916847659e-06,0.0035937398206442595,0.6592028737068176,0.0,0.0,1.1076700687408447,0.550331711769104,0.016556914895772934,0.21248669922351837,0.01237353403121233,0.36226725578308105,0.28399157524108887,0.016788341104984283,0.0005813255556859076,0.5837337970733643,1.0,0.0,0.8905708193778992,0.21171510219573975,0.0005883711273781955,0.020242681726813316,0.0,0.0,0.3474302887916565,0.060917552560567856,6.365328590618446e-05,1.2845101356506348,0.0,0.0
42,2.128506660461426,0.2091502547264099,28.882970809936523,2.937991142272949,0.6006145477294922,54.871360778808594,1.1066299676895142,1.1063483953475952,23.0,0.9356353282928467,0.11190403997898102,0.038077618926763535,3.55698299407959,0.0,0.0,0.3532443344593048,0.00020609746570698917,0.003297839080914855,0.8962489366531372,0.0,0.0,1.0282208919525146,0.5944209694862366,0.015235114842653275,0.1681254357099533,0.009891869500279427,0.2793254256248474,0.29391250014305115,0.02255655825138092,0.0004690240602940321,0.6912971138954163,1.0,0.0,0.8848509788513184,0.1908462643623352,0.0005996318650431931,0.019743915647268295,0.0,0.0,0.34542879462242126,0.0701414942741394,4.641096165869385e-05,1.2906394004821777,0.0,0.0
43,3.398749589920044,0.5594590306282043,37.083133697509766,9.481583595275879,0.4835895001888275,56.838470458984375,1.2385979890823364,1.2397516965866089,75.13,1.0323182344436646,0.015436164103448391,0.042466528713703156,10.863548278808594,0.0,0.0,0.30573713779449463,9.454050768908928e-07,0.006246552802622318,0.7178078293800354,0.0,0.0,1.1533653736114502,0.2971189320087433,0.022762158885598183,0.4141883850097656,0.023844681680202484,0.8013456463813782,0.27910932898521423,0.011460527777671814,0.0010885234223678708,0.419360488653183,1.0,0.0,0.7681312561035156,0.32341593503952026,0.0004877209721598774,0.018206678330898285,0.0,0.0,0.34606125950813293,0.043032433837652206,0.00015032126975711435,1.265810489654541,0.0,0.0
44,1.3725312948226929,0.10856940597295761,26.167009353637695,2.932950735092163,0.6820018291473389,52.1292839050293,1.1198502779006958,1.1184643507003784,110.65,1.0962650775909424,0.1597849577665329,0.030078543350100517,0.8843702077865601,0.0,0.0,0.39085063338279724,0.00028470344841480255,0.0030511992517858744,0.947969913482666,0.0,0.0,1.0304304361343384,0.58551025390625,0.013989211060106754,0.14612063765525818,0.007996858097612858,0.23676171898841858,0.3008093535900116,0.027995305135846138,0.00036107952473685145,0.7969381213188171,1.0,0.0,0.8964934349060059,0.16990773379802704,0.0005969652556814253,0.019626066088676453,0.0,0.0,0.34344959259033203,0.07198011875152588,4.8025380237959325e-05,1.293156623840332,0.0,0.0
45,4.851493835449219,0.05132639780640602,25.281179428100586,5.8891191482543945,0.6155340075492859,52.00205993652344,1.1605076789855957,1.1594103574752808,81.55,1.1154932975769043,0.18595175445079803,0.010459253564476967,1.247836709022522,0.0,0.0,0.3427862226963043,0.00012399871775414795,0.006716507021337748,0.9880318641662598,0.0,0.0,1.0704938173294067,0.44209080934524536,0.017721252515912056,0.2652539014816284,0.014408568851649761,0.47503671050071716,0.2931545674800873,0.02102486789226532,0.0006494999979622662,0.6357825994491577,1.0,0.0,0.7921991944313049,0.2438717931509018,0.000528995762579143,0.01813344657421112,0.0,0.0,0.3442610204219818,0.059877533465623856,7.111790910130367e-05,1.2858405113220215,0.0,0.0
46,4.0197978019714355,0.4230227470397949,25.004261016845703,4.780407905578613,0.5117307305335999,58.262855529785156,1.0659005641937256,1.0648815631866455,89.78,1.0671374797821045,0.034251656383275986,0.03412766009569168,8.101912498474121,0.0,0.0,0.30197787284851074,1.8553484551375732e-05,0.005160573869943619,0.7914796471595764,0.0,0.0,1.1582810878753662,0.45038041472435,0.018051253631711006,0.2694607377052307,0.014735315926373005,0.4782242476940155,0.28225284814834595,0.015586007386446,0.0006690970622003078,0.550446629524231,1.0,0.0,0.8438416123390198,0.2391890436410904,0.0005598117713816464,0.019460907205939293,0.0,0.0,0.3466755747795105,0.057455480098724365,6.57211130601354e-05,1.288118839263916,0.0,0.0
47,5.679449081420898,0.8812144994735718,24.65230369567871,3.082874298095703,0.6421822905540466,64.35548400878906,1.0151052474975586,1.0188791751861572,364.89,0.8734419345855713,0.014766032807528973,0.051077794283628464,21.543128967285156,0.0,0.0,0.34378400444984436,1.665032141318079e-05,0.0016794048715382814,0.6041769981384277,0.0,0.0,1.0478339195251465,0.6095176339149475,0.014183762483298779,0.16366985440254211,0.009227392263710499,0.2705202102661133,0.29493260383605957,0.02324211411178112,0.00043529842514544725,0.7444900870323181,1.0,0.0,0.9720680117607117,0.15656213462352753,0.0006446738261729479,0.021081512793898582,0.0,0.0,0.34385502338409424,0.07553252577781677,3.901472518919036e-05,1.2904167175292969,0.0,0.0
48,5.465811729431152,0.46440738439559937,26.38703727722168,9.774701118469238,0.42659974098205566,57.50160598754883,1.1035679578781128,1.1037437915802002,14.44,1.187624216079712,0.029936620965600014,0.024906320497393608,8.657098770141602,0.0,0.0,0.2899254858493805,8.754408895583765e-07,0.009622126817703247,0.7650449872016907,0.0,0.0,1.2804120779037476,0.3014500141143799,0.02334808185696602,0.5002039670944214,0.024752721190452576,0.9447498321533203,0.26923927664756775,0.00877438299357891,0.001017432427033782,0.4074573218822479,1.0,0.0,0.7669974565505981,0.30502036213874817,0.0004941360675729811,0.018389379605650902,0.0,0.0,0.34766414761543274,0.04497268795967102,9.931619570124894e-05,1.2867695093154907,0.0,0.0
49,2.402555465698242,0.2786240577697754,30.16011619567871,6.261094093322754,0.7259365320205688,44.748512268066406,1.2929540872573853,1.2928715944290161,4.93,0.9601835608482361,0.07254257053136826,0.044724393635988235,4.709110260009766,0.0,0.0,0.33161795139312744,0.00011839563376270235,0.0038087491411715746,0.8481629490852356,0.0,0.0,0.991222620010376,0.4651666283607483,0.015449825674295425,0.2125437706708908,0.01219466608017683,0.37965863943099976,0.3044882118701935,0.027442244812846184,0.0006042510503903031,0.7511876225471497,1.0,0.0,0.8631377220153809,0.21277593076229095,0.000556579849217087,0.01900317333638668,0.0,0.0,0.34040868282318115,0.05991839990019798,9.580464393366128e-05,1.2627876996994019,0.0,0.0
50,1.2820026874542236,0.8120684623718262,22.899818420410156,4.65114164352417,0.5046914219856262,58.217594146728516,1.0674560070037842,1.0687386989593506,112.43,0.739595353603363,0.004283754620701075,0.09253143519163132,18.057321548461914,0.0,0.0,0.35469895601272583,3.501909304759465e-05,0.0028694551438093185,0.6404693126678467,0.0,0.0,1.0895040035247803,0.585473358631134,0.0180040430277586,0.2693052589893341,0.014782005921006203,0.4695899188518524,0.28088903427124023,0.01598871313035488,0.000648923683911562,0.5501269102096558,1.0,0.0,0.9005271792411804,0.19243724644184113,0.0005942167481407523,0.020492540672421455,0.0,0.0,0.34693390130996704,0.05877438187599182,5.340184725355357e-05,1.2917429208755493,0.0,0.0
51,2.5942459106445312,0.15875397622585297,34.17110061645508,4.4644598960876465,0.6647842526435852,48.18559646606445,1.2445214986801147,1.2424932718276978,131.17,0.9379079937934875,0.1206638514995575,0.03192385658621788,2.756145715713501,0.0,0.0,0.3532381057739258,0.00017797747568693012,0.0039335391484200954,0.9187356233596802,0.0,0.0,0.989144504070282,0.44937753677368164,0.015456963330507278,0.19224143028259277,0.011301464401185513,0.33769601583480835,0.29986682534217834,0.02472895383834839,0.0005516457604244351,0.7181776165962219,1.0,0.0,0.8321887254714966,0.23260939121246338,0.0005426779971458018,0.018558459356427193,0.0,0.0,0.34224650263786316,0.05934020131826401,0.00010169832967221737,1.2623300552368164,0.0,0.0
52,4.280856609344482,0.04567650705575943,24.60162925720215,5.497203826904297,0.42610201239585876,49.469573974609375,1.044015645980835,1.0440876483917236,6.61,1.0917266607284546,0.16643334925174713,0.006890804972499609,1.608059287071228,0.0,0.0,0.34847116470336914,0.00011732496932381764,0.011471346952021122,0.9914380311965942,0.0,0.0,1.1725112199783325,0.3359203040599823,0.01982114091515541,0.3317176103591919,0.017214206978678703,0.5920071005821228,0.2729834318161011,0.011374465189874172,0.0007482381188310683,0.4602888822555542,1.0,0.0,0.7222396731376648,0.3313067555427551,0.0004791505343746394,0.01744961179792881,0.0,0.0,0.34939447045326233,0.04726338014006615,0.00010602092515910044,1.2839211225509644,0.0,0.0
53,1.7050271034240723,0.41255006194114685,27.05011558532715,9.824851036071777,0.4732664227485657,55.089412689208984,1.180424690246582,1.1799049377441406,37.32,0.9782491326332092,0.03122945874929428,0.04718038812279701,7.259684085845947,0.0,0.0,0.3229996860027313,4.793522384716198e-05,0.00697904359549284,0.7851951718330383,0.0,0.0,1.1531825065612793,0.3363422155380249,0.02327887713909149,0.45932313799858093,0.024286983534693718,0.8776140213012695,0.2757633626461029,0.01141058187931776,0.0010264348238706589,0.42918190360069275,1.0,0.0,0.7840416431427002,0.2758611738681793,0.0005119979614391923,0.018559060990810394,0.0,0.0,0.3467639684677124,0.047985196113586426,8.175968832802027e-05,1.287966251373291,0.0,0.0
54,3.2665328979492188,0.5735360980033875,14.457453727722168,9.82993221282959,0.6458243727684021,59.72172546386719,1.0067919492721558,1.0035957098007202,316.33,1.0711898803710938,0.013280692510306835,0.04797783121466637,9.494599342346191,0.0,0.0,0.303912490606308,6.892188139318023e-06,0.0038781538605690002,0.7316210865974426,0.0,0.0,1.173323631286621,0.4240075945854187,0.019021514803171158,0.3929823040962219,0.017903940752148628,0.6997637748718262,0.287526398897171,0.019427727907896042,0.0006698431679978967,0.6394625306129456,1.0,0.0,0.854037344455719,0.2233223170042038,0.0005333245499059558,0.01927587389945984,0.0,0.0,0.3416915237903595,0.049332451075315475,0.00012255410547368228,1.2738239765167236,0.0,0.0
55,3.5537002086639404,0.42490828037261963,41.65907287597656,5.911901473999023,0.422225683927536,53.99197006225586,1.1649852991104126,1.1638544797897339,83.4,1.0847240686416626,0.024634478613734245,0.03320477902889252,7.264055252075195,0.0,0.0,0.306884229183197,2.2528211047756486e-06,0.008410386741161346,0.803767740726471,0.0,0.0,1.146950125694275,0.2773393392562866,0.019787250086665154,0.31386467814445496,0.01874207891523838,0.5896585583686829,0.27486321330070496,0.009884273633360863,0.0009217803599312901,0.42132601141929626,1.0,0.0,0.7389982342720032,0.3811894655227661,0.00046406491310335696,0.017795711755752563,0.0,0.0,0.34941765666007996,0.03920776769518852,0.00022086407989263535,1.2469390630722046,0.0,0.0
56,2.937312602996826,0.8293699026107788,23.53470802307129,8.573023796081543,0.45514166355133057,58.9431037902832,1.0937281847000122,1.095672607421875,162.26,0.8446356058120728,0.010204967111349106,0.05990803614258766,18.957260131835938,0.0,0.0,0.3453131914138794,1.0693301192077342e-05,0.004549556877464056,0.6272230744361877,0.0,0.0,1.1611990928649902,0.3850423991680145,0.02200591191649437,0.44203782081604004,0.022409792989492416,0.8334639668464661,0.2721838355064392,0.010746235959231853,0.0009215287282131612,0.44216468930244446,1.0,0.0,0.825119137763977,0.24928051233291626,0.000535308790858835,0.01936742104589939,0.0,0.0,0.3469755947589874,0.04883763566613197,6.988982204347849e-05,1.2904207706451416,0.0,0.0
57,4.473033905029297,0.222968190908432,36.61530303955078,2.997762680053711,0.6495621800422668,48.433509826660156,1.166203498840332,1.1655645370483398,47.01,1.0608222484588623,0.09935357421636581,0.025118112564086914,4.061661243438721,0.0,0.0,0.3174884021282196,9.443393355468288e-05,0.00368490326218307,0.8976396322250366,0.0,0.0,1.0159143209457397,0.4452853500843048,0.014272578991949558,0.1545237898826599,0.009172944352030754,0.25648418068885803,0.29938459396362305,0.024252040311694145,0.00045352440793067217,0.7441797852516174,1.0,0.0,0.8490484952926636,0.2384195625782013,0.0005484666908159852,0.018815916031599045,0.0,0.0,0.3427608013153076,0.06012319028377533,0.00011549130431376398,1.2543081045150757,0.0,0.0
58,3.333343744277954,0.040639687329530716,18.78569793701172,6.030074119567871,0.6245147585868835,42.2302131652832,1.0858087539672852,1.0901819467544556,369.44,1.087259292602539,0.19252608716487885,0.013029416091740131,0.9242497682571411,0.0,0.0,0.3638399839401245,0.00013727403711527586,0.00816010870039463,0.996234118938446,0.0,0.0,1.0977071523666382,0.44612613320350647,0.01751931942999363,0.2789345383644104,0.013998402282595634,0.4824102520942688,0.2910584807395935,0.02133030816912651,0.0005839797086082399,0.6575756669044495,1.0,0.0,0.7615598440170288,0.25883492827415466,0.0004974839393980801,0.01754622906446457,0.0,0.0,0.3441065847873688,0.053596124053001404,0.00010097305494127795,1.2828058004379272,0.0,0.0
59,1.823206901550293,0.7561905384063721,25.523422241210938,7.6832685470581055,0.5141445994377136,52.374732971191406,1.1552276611328125,1.1572835445404053,153.78,0.8256263136863708,0.006974917836487293,0.07453624159097672,16.76624870300293,0.0,0.0,0.3388124108314514,2.2653093765256926e-05,0.0041792429983615875,0.6464064121246338,0.0,0.0,1.106459140777588,0.4340771436691284,0.020755944773554802,0.37031644582748413,0.02000875398516655,0.6921751499176025,0.28090226650238037,0.014418473467230797,0.0008672988624311984,0.49422478675842285,1.0,0.0,0.8479393720626831,0.23056477308273315,0.000553331570699811,0.019613899290561676,0.0,0.0,0.34621456265449524,0.05284736678004265,6.780745752621442e-05,1.287539005279541,0.0,0.0
60,3.522813558578491,0.9136333465576172,21.532194137573242,7.255366802215576,0.5346702933311462,58.091941833496094,1.075787901878357,1.07426118850708,132.11,0.7925979495048523,0.016450194641947746,0.06212940439581871,22.595495223999023,0.0,0.0,0.3597431778907776,3.4622389648575336e-05,0.003048674436286092,0.5958789587020874,0.0,0.0,1.0902990102767944,0.4677697420120239,0.01963033340871334,0.3562948405742645,0.018395405262708664,0.6659142374992371,0.28056809306144714,0.015046175569295883,0.0007655790541321039,0.5354690551757812,1.0,0.0,0.8718128800392151,0.21132057905197144,0.0005672044935636222,0.01988309808075428,0.0,0.0,0.34504279494285583,0.05508945509791374,6.193436274770647e-05,1.2875207662582397,0.0,0.0
61,2.3515732288360596,0.600735068321228,18.976781845092773,5.28249454498291,0.5722078680992126,41.992820739746094,1.0405640602111816,1.0463446378707886,530.92,0.9545442461967468,0.010076366364955902,0.06033964455127716,11.076175689697266,0.0,0.0,0.3166111409664154,2.0702027541119605e-05,0.005392938852310181,0.7125667333602905,0.0,0.0,1.1424612998962402,0.49225571751594543,0.017497939988970757,0.27634045481681824,0.014315570704638958,0.4778255820274353,0.2852690815925598,0.018221640959382057,0.000606479006819427,0.6133314371109009,1.0,0.0,0.8524335026741028,0.22516539692878723,0.0005497477250173688,0.019454116001725197,0.0,0.0,0.3452623188495636,0.054403211921453476,8.55011458043009e-05,1.2829315662384033,0.0,0.0
62,1.399093508720398,0.6336828470230103,28.940351486206055,5.134547710418701,0.658769965171814,52.76606369018555,1.230407476425171,1.2326538562774658,148.11,0.8194497227668762,0.006750646512955427,0.08711685985326767,13.473142623901367,0.0,0.0,0.32974347472190857,6.847625627415255e-05,0.002134311478585005,0.683020830154419,0.0,0.0,1.0164432525634766,0.6033720374107361,0.016120202839374542,0.2185659110546112,0.012531792744994164,0.38535046577453613,0.29824110865592957,0.024344459176063538,0.0005977260880172253,0.6968722343444824,1.0,0.0,0.9349257946014404,0.17374074459075928,0.0006160426419228315,0.02054283581674099,0.0,0.0,0.3428928852081299,0.06726881861686707,5.128255361341871e-05,1.2849406003952026,0.0,0.0
63,1.8307418823242188,0.10312134027481079,27.83317756652832,5.363895416259766,0.44147706031799316,54.88641357421875,1.0999459028244019,1.0983680486679077,130.6,0.9296310544013977,0.11920560151338577,0.024066073819994926,1.9182602167129517,0.0,0.0,0.37436461448669434,0.00020147868781350553,0.008579196408390999,0.9604501724243164,0.0,0.0,1.108506202697754,0.3814513385295868,0.01967642270028591,0.30992835760116577,0.017029564827680588,0.5622571110725403,0.27585697174072266,0.012528136372566223,0.0007705952739343047,0.46699294447898865,1.0,0.0,0.7595524191856384,0.287872850894928,0.0005107450415380299,0.01815006323158741,0.0,0.0,0.34934890270233154,0.050832003355026245,7.799684681231156e-05,1.2901577949523926,0.0,0.0
64,2.705625534057617,0.8636896014213562,28.319353103637695,4.185446262359619,0.7016400694847107,41.251258850097656,1.1908882856369019,1.1912662982940674,26.65,0.7918439507484436,0.015521903522312641,0.0844368189573288,20.469566345214844,0.0,0.0,0.3444274961948395,3.7565296224784106e-05,0.0024927870836108923,0.5950406789779663,0.0,0.0,0.9748179316520691,0.5650557279586792,0.014094267971813679,0.17366382479667664,0.009791659191250801,0.2995850443840027,0.3023284077644348,0.026658065617084503,0.0004830476827919483,0.7797797322273254,1.0,0.0,0.9375153183937073,0.17958100140094757,0.0005995140527375042,0.020328326150774956,0.0,0.0,0.341836154460907,0.06439963728189468,8.195069676730782e-05,1.2637079954147339,0.0,0.0
65,3.6699628829956055,0.8414362072944641,33.081634521484375,9.023409843444824,0.5900698900222778,50.67873764038086,1.262834906578064,1.262862205505371,1.71,0.8693709373474121,0.014569140039384365,0.05846389755606651,18.275482177734375,0.0,0.0,0.3404528796672821,2.5244062271667644e-05,0.0038495440967381,0.6017024517059326,0.0,0.0,1.0467302799224854,0.38828909397125244,0.020681433379650116,0.3498510420322418,0.020149458199739456,0.6652302742004395,0.2901558578014374,0.01765293814241886,0.0009120813920162618,0.5330299139022827,1.0,0.0,0.8347488641738892,0.24772848188877106,0.0005296338349580765,0.019037632271647453,0.0,0.0,0.3430444896221161,0.04900031164288521,0.00011969509068876505,1.2636247873306274,0.0,0.0
66,2.4920358657836914,0.2125692367553711,28.6208438873291,6.422524452209473,0.6533980965614319,41.83627700805664,1.2452495098114014,1.2455689907073975,20.6,0.9638099074363708,0.08860308676958084,0.03553600609302521,3.5348825454711914,0.0,0.0,0.34003233909606934,0.0001225324667757377,0.005676702130585909,0.8867225646972656,0.0,0.0,1.0166136026382446,0.39082860946655273,0.017369544133543968,0.25523316860198975,0.014491800218820572,0.460353285074234,0.29736462235450745,0.02286834642291069,0.0006813990767113864,0.6576318144798279,1.0,0.0,0.8048788905143738,0.2578940689563751,0.0005173180252313614,0.018243512138724327,0.0,0.0,0.34253084659576416,0.05228060483932495,0.0001281871518585831,1.259973406791687,0.0,0.0
67,4.06335973739624,0.1568591296672821,31.341426849365234,4.638052463531494,0.7287657856941223,41.47694778442383,1.24042809009552,1.2406569719314575,14.87,1.050866723060608,0.13424895703792572,0.02453177236020565,2.655747652053833,0.0,0.0,0.33199435472488403,0.00011135070235468447,0.00412749033421278,0.928839921951294,0.0,0.0,0.9816786646842957,0.4517510235309601,0.013981233350932598,0.17226780951023102,0.009794075042009354,0.29820677638053894,0.3056802451610565,0.028134619817137718,0.0004959259531460702,0.7998884320259094,1.0,0.0,0.8406867384910583,0.22694739699363708,0.0005375706823542714,0.018429266288876534,0.0,0.0,0.340605765581131,0.0605422705411911,0.00011685978824971244,1.2521138191223145,0.0,0.0
68,3.465714454650879,0.264530211687088,36.47869873046875,3.229238271713257,0.47690001130104065,41.59122085571289,1.0778659582138062,1.0783371925354004,40.54,1.010763168334961,0.06410752981901169,0.030607860535383224,4.913426399230957,0.0,0.0,0.32458528876304626,8.536883979104459e-05,0.007907750084996223,0.8855485916137695,0.0,0.0,1.0481765270233154,0.3366745412349701,0.016560330986976624,0.2022080421447754,0.01257857121527195,0.34648647904396057,0.28294557332992554,0.014867580495774746,0.0006303965346887708,0.5396583080291748,1.0,0.0,0.7478958368301392,0.3459354043006897,0.0004700849240180105,0.017505403608083725,0.0,0.0,0.34876546263694763,0.04426218569278717,0.00023598478583153337,1.2315624952316284,0.0,0.0
69,4.181374549865723,0.29852190613746643,43.43782424926758,5.824552536010742,0.5921248197555542,51.12870407104492,1.2749545574188232,1.2753431797027588,23.9,1.0728217363357544,0.052398718893527985,0.02848576009273529,4.966716766357422,0.0,0.0,0.30623486638069153,3.69406770914793e-05,0.005898397881537676,0.8546445369720459,0.0,0.0,1.0308228731155396,0.2927393913269043,0.01771259866654873,0.24883560836315155,0.015475793741643429,0.4614897072315216,0.29182687401771545,0.01828950271010399,0.0007561484235338867,0.5877765417098999,1.0,0.0,0.7587107419967651,0.3444227874279022,0.0004649564216379076,0.01731041818857193,0.0,0.0,0.3419988453388214,0.04293064400553703,0.00023657506972085685,1.2245346307754517,0.0,0.0
70,3.7308013439178467,0.3704904019832611,26.100872039794922,9.724283218383789,0.5002484321594238,49.72571563720703,1.161850929260254,1.1633191108703613,108.63,1.119748592376709,0.04297018051147461,0.0281254630535841,6.631002902984619,0.0,0.0,0.30200403928756714,1.6594263797742315e-05,0.008679789490997791,0.8052371144294739,0.0,0.0,1.1791492700576782,0.3147314190864563,0.02260936237871647,0.4470518231391907,0.023196697235107422,0.843636155128479,0.27834680676460266,0.012560637667775154,0.000971703848335892,0.45940715074539185,1.0,0.0,0.7700507044792175,0.2961978018283844,0.0004969851579517126,0.018196992576122284,0.0,0.0,0.3459302484989166,0.046632278710603714,0.00010940307402051985,1.2798646688461304,0.0,0.0
71,5.132141590118408,0.06406427174806595,27.20244598388672,4.384096622467041,0.6151831746101379,46.31694412231445,1.1382625102996826,1.1368757486343384,107.16,1.1000642776489258,0.1802055537700653,0.013055295683443546,1.4195517301559448,0.0,0.0,0.33884403109550476,0.00012307112046983093,0.005962953437119722,0.9844005107879639,0.0,0.0,1.0524979829788208,0.43732258677482605,0.01632223092019558,0.21421125531196594,0.012085487134754658,0.3713291883468628,0.2945275604724884,0.021766606718301773,0.000565984402783215,0.6683327555656433,1.0,0.0,0.798345148563385,0.2502616047859192,0.0005290423869155347,0.01820177398622036,0.0,0.0,0.34466859698295593,0.059345636516809464,8.95970079000108e-05,1.275872826576233,0.0,0.0
72,1.5480166673660278,0.45961225032806396,21.591045379638672,9.210817337036133,0.5179411768913269,54.51220703125,1.1360257863998413,1.1373625993728638,103.46,0.9632969498634338,0.02408151514828205,0.05361500009894371,7.869482040405273,0.0,0.0,0.32266688346862793,4.860016269958578e-05,0.0055595580488443375,0.7691478133201599,0.0,0.0,1.143601655960083,0.35890671610832214,0.02182844653725624,0.4282028377056122,0.021931611001491547,0.8094379901885986,0.2787623107433319,0.013655511662364006,0.0008938819519244134,0.4891735911369324,1.0,0.0,0.8123894929885864,0.25733429193496704,0.0005278962780721486,0.01896633766591549,0.0,0.0,0.3452722430229187,0.049431636929512024,7.529812137363479e-05,1.2892075777053833,0.0,0.0
73,4.297530651092529,0.0026158166583627462,17.555997848510742,6.5856194496154785,0.7755762934684753,47.0354118347168,1.125697374343872,1.1271244287490845,112.47,1.2094637155532837,0.2490837424993515,0.00956951454281807,0.4894573986530304,0.0,0.0,0.36435750126838684,0.00014197162818163633,0.005330332554876804,1.033732295036316,0.0,0.0,1.0510334968566895,0.5300381779670715,0.013845809735357761,0.2093207836151123,0.009945591911673546,0.36203575134277344,0.3052172064781189,0.029831618070602417,0.00045642023906111717,0.8421518802642822,1.0,0.0,0.8203967809677124,0.20481427013874054,0.0005400594673119485,0.018189089372754097,0.0,0.0,0.3416445553302765,0.06704100221395493,5.968922778265551e-05,1.2902913093566895,0.0,0.0
74,4.644014358520508,0.24204345047473907,38.39116287231445,6.295938491821289,0.5301306843757629,56.5870361328125,1.2240207195281982,1.2217292785644531,153.23,1.128406286239624,0.07113926112651825,0.019613202661275864,3.8411269187927246,0.0,0.0,0.3087446689605713,4.7770034143468365e-05,0.007099545560777187,0.8836004137992859,0.0,0.0,1.094232439994812,0.32704657316207886,0.01944526843726635,0.2939938008785248,0.01747114025056362,0.5489569902420044,0.28609588742256165,0.015543598681688309,0.0008397227502427995,0.5148458480834961,1.0,0.0,0.7655943632125854,0.31435301899909973,0.0004960677470080554,0.017888683825731277,0.0,0.0,0.34538769721984863,0.04859662801027298,0.00014045837451703846,1.2631670236587524,0.0,0.0
75,5.760064601898193,0.8902249932289124,37.455909729003906,3.9559061527252197,0.4134967625141144,58.623626708984375,1.0612767934799194,1.0617759227752686,44.29,0.869244396686554,0.012436949647963047,0.0416385792195797,20.32688331604004,0.0,0.0,0.3583877384662628,3.852933150483295e-05,0.004582396242767572,0.6262404322624207,0.0,0.0,1.1091033220291138,0.4436802864074707,0.017911165952682495,0.2480420470237732,0.014678651466965675,0.44040822982788086,0.27483537793159485,0.011536008678376675,0.0007319423020817339,0.46634557843208313,1.0,0.0,0.8167895078659058,0.2729509770870209,0.0005333532462827861,0.01924102194607258,0.0,0.0,0.3505346179008484,0.050152454525232315,0.00011587898916332051,1.272774338722229,0.0,0.0
76,1.1402777433395386,0.3077980875968933,20.458507537841797,6.5770463943481445,0.5719780325889587,45.629249572753906,1.1196695566177368,1.1185311079025269,90.9,0.9494636058807373,0.05608300119638443,0.04989048093557358,4.237536907196045,0.0,0.0,0.3441449999809265,0.00011703388736350462,0.006697593256831169,0.8447550535202026,0.0,0.0,1.1079474687576294,0.4445248544216156,0.019072428345680237,0.31661084294319153,0.01651705987751484,0.5657094120979309,0.28590357303619385,0.01823100820183754,0.0006942533073015511,0.5810160636901855,1.0,0.0,0.8075408339500427,0.24230627715587616,0.0005266355583444238,0.01864592172205448,0.0,0.0,0.3449511229991913,0.05207992345094681,8.806102414382622e-05,1.2853147983551025,0.0,0.0
77,2.30023455619812,0.514434278011322,22.61396026611328,4.072570323944092,0.7190229892730713,55.80288314819336,1.1307926177978516,1.1308578252792358,5.1,0.9515491127967834,0.023919206112623215,0.06463093310594559,9.599798202514648,0.0,0.0,0.3164123594760895,6.710448360536247e-05,0.002270480850711465,0.7422259449958801,0.0,0.0,1.016848087310791,0.5618657469749451,0.01365375891327858,0.16833335161209106,0.008958367630839348,0.28425779938697815,0.3022495210170746,0.028378328308463097,0.00042642882908694446,0.8146507740020752,1.0,0.0,0.9880974292755127,0.13869145512580872,0.0006551432888954878,0.02109622396528721,0.0,0.0,0.3420356810092926,0.08009390532970428,3.569963519112207e-05,1.2924742698669434,0.0,0.0
78,5.007437229156494,0.19336268305778503,44.595123291015625,2.3102071285247803,0.7957559823989868,52.36781692504883,1.145209550857544,1.1458790302276611,51.02,1.0930328369140625,0.12360896170139313,0.022058973088860512,3.4741322994232178,0.0,0.0,0.31538403034210205,8.010790043044835e-05,0.002158259740099311,0.925650417804718,0.0,0.0,0.9812532067298889,0.49586576223373413,0.00995329488068819,0.10495714098215103,0.004522584844380617,0.15422077476978302,0.31015366315841675,0.03379538282752037,0.0001908933772938326,0.9855554699897766,1.0,0.0,0.9217103123664856,0.18535996973514557,0.0005748785915784538,0.0190760288387537,0.0,0.0,0.33628976345062256,0.0709787905216217,0.0001082007001969032,1.2397208213806152,0.0,0.0
79,1.628585696220398,0.27701330184936523,12.68301010131836,7.740666389465332,0.7177731990814209,49.6646614074707,1.0072282552719116,1.0133652687072754,601.26,1.06119704246521,0.07426635175943375,0.043041251599788666,3.0014259815216064,0.0,0.0,0.3391055762767792,0.00010358767030993477,0.004991648718714714,0.873663067817688,0.0,0.0,1.1121529340744019,0.5247254967689514,0.016136690974235535,0.28742170333862305,0.013109590858221054,0.49563875794410706,0.2956295907497406,0.025417877361178398,0.0005237751174718142,0.7521923184394836,1.0,0.0,0.8573647737503052,0.19705088436603546,0.0005460079410113394,0.019100992009043694,0.0,0.0,0.34129491448402405,0.05562465637922287,9.442187001695856e-05,1.2818032503128052,0.0,0.0
80,4.62373161315918,0.887486457824707,41.23406982421875,9.961484909057617,0.5217099189758301,45.07101821899414,1.2523479461669922,1.2522752285003662,4.64,0.8401880264282227,0.016642797738313675,0.05089667811989784,20.208160400390625,0.0,0.0,0.35220658779144287,3.691752499435097e-05,0.007119839079678059,0.5903892517089844,0.0,0.0,1.0098097324371338,0.2360103726387024,0.02228582464158535,0.39330941438674927,0.023867346346378326,0.7693072557449341,0.2830093204975128,0.012647407129406929,0.0010866537922993302,0.4384608268737793,1.0,0.0,0.7160497307777405,0.4030994772911072,0.00041919591603800654,0.016736915335059166,0.0,0.0,0.3432152271270752,0.032856982201337814,0.0003452664823271334,1.2073731422424316,0.0,0.0
81,4.121628284454346,0.8122977614402771,25.85014533996582,2.458892822265625,0.6497346758842468,46.54430389404297,1.0192146301269531,1.0200788974761963,83.13,0.8848043084144592,0.00944599974900484,0.06276951730251312,19.111005783081055,0.0,0.0,0.3302570879459381,1.3687663340533618e-05,0.00214228592813015,0.623192310333252,0.0,0.0,1.0440806150436401,0.6088534593582153,0.013542326167225838,0.13926029205322266,0.007968743331730366,0.21930089592933655,0.2971820831298828,0.02450140006840229,0.0003841737052425742,0.7704539895057678,1.0,0.0,0.9734207391738892,0.1624290943145752,0.0006381807615980506,0.021113786846399307,0.0,0.0,0.3440548777580261,0.0733914002776146,5.35521176061593e-05,1.2807247638702393,0.0,0.0
82,4.799086093902588,0.8627423644065857,20.429094314575195,7.040166854858398,0.5090047121047974,55.944175720214844,1.0138068199157715,1.0106335878372192,309.71,0.8915309309959412,0.012398907914757729,0.04636525362730026,19.650510787963867,0.0,0.0,0.34555450081825256,2.1700341676478274e-05,0.004187822341918945,0.6125144362449646,0.0,0.0,1.1541298627853394,0.43769732117652893,0.01967816986143589,0.37113258242607117,0.018398644402623177,0.6757904291152954,0.2766415774822235,0.013526609167456627,0.000747100857552141,0.5210978984832764,1.0,0.0,0.8438493013381958,0.23459498584270477,0.0005442776600830257,0.019488925114274025,0.0,0.0,0.3456549644470215,0.05142013356089592,7.48145321267657e-05,1.286783218383789,0.0,0.0
83,2.3185226917266846,0.59669029712677,33.058555603027344,6.055803298950195,0.4220755696296692,59.21041488647461,1.1310571432113647,1.1304099559783936,50.62,0.9257907867431641,0.008443064987659454,0.05754199996590614,12.491007804870605,0.0,0.0,0.3220817446708679,1.1485016102597e-06,0.005024277605116367,0.723099410533905,0.0,0.0,1.1768354177474976,0.3968152105808258,0.02023248001933098,0.3355046212673187,0.018917130306363106,0.6218401193618774,0.27421313524246216,0.010691279545426369,0.0008934578509069979,0.4293997287750244,1.0,0.0,0.808687150478363,0.2777371406555176,0.000532983394805342,0.019237736240029335,0.0,0.0,0.3498677611351013,0.04980846866965294,8.086176967481151e-05,1.2873836755752563,0.0,0.0
84,4.300936222076416,0.10548504441976547,19.14383316040039,6.551319122314453,0.6870189309120178,50.08597183227539,1.1041185855865479,1.1026121377944946,123.74,1.1028224229812622,0.16332180798053741,0.015510683879256248,1.7780312299728394,0.0,0.0,0.3361080288887024,0.00010449675028212368,0.005672160070389509,0.9617422819137573,0.0,0.0,1.0779520273208618,0.45718684792518616,0.016331728547811508,0.26028522849082947,0.012972728349268436,0.4546814560890198,0.29715612530708313,0.02426486648619175,0.0005665102507919073,0.7213644981384277,1.0,0.0,0.8275331258773804,0.22209733724594116,0.0005448671290650964,0.01868845336139202,0.0,0.0,0.3427012860774994,0.05967134237289429,6.815821689087898e-05,1.2880768775939941,0.0,0.0
85,2.123183488845825,0.9211104512214661,20.98794937133789,7.541123867034912,0.64524245262146,48.35944747924805,1.1569844484329224,1.1576776504516602,51.75,0.7320764064788818,0.019552189856767654,0.08545155823230743,21.66085433959961,0.0,0.0,0.3633826971054077,5.4383748647524044e-05,0.002648489084094763,0.5831795930862427,0.0,0.0,1.0348377227783203,0.5465617775917053,0.018092159181833267,0.30700311064720154,0.015978287905454636,0.5540784001350403,0.2924686074256897,0.021683691069483757,0.0006866303738206625,0.6443421840667725,1.0,0.0,0.9091960191726685,0.1838219314813614,0.0005911078187637031,0.02031071111559868,0.0,0.0,0.34295654296875,0.05881638824939728,5.7469231251161546e-05,1.2866363525390625,0.0,0.0
86,5.103149890899658,0.5719689130783081,29.79754066467285,7.353399753570557,0.6227496862411499,53.82878875732422,1.219784140586853,1.221176028251648,93.44,1.0769191980361938,0.014207134023308754,0.03903181478381157,12.002392768859863,0.0,0.0,0.29511559009552,9.409465633325453e-07,0.0037901801988482475,0.7179691195487976,0.0,0.0,1.115296721458435,0.43131670355796814,0.018511267378926277,0.29529598355293274,0.016626397147774696,0.5523074865341187,0.293477863073349,0.019833646714687347,0.0007718350971117616,0.6056916117668152,1.0,0.0,0.8578475117683411,0.23269648849964142,0.0005564815946854651,0.019399084150791168,0.0,0.0,0.3430042862892151,0.05716151371598244,7.966037810547277e-05,1.2781063318252563,0.0,0.0
87,4.725555419921875,0.6815773844718933,25.127784729003906,4.447505950927734,0.5039949417114258,58.13910675048828,1.0369620323181152,1.0340317487716675,273.28,0.982276439666748,0.006793939042836428,0.04451849311590195,16.07423210144043,0.0,0.0,0.311918169260025,1.1156117807331611e-06,0.003883195575326681,0.6808232665061951,0.0,0.0,1.167582392692566,0.49415791034698486,0.017533373087644577,0.2587657570838928,0.014321466907858849,0.4581252634525299,0.28106996417045593,0.015087259002029896,0.0006534515414386988,0.5518179535865784,1.0,0.0,0.8694592118263245,0.22857923805713654,0.0005719040636904538,0.019938165321946144,0.0,0.0,0.34691596031188965,0.05804005265235901,6.378177204169333e-05,1.2874146699905396,0.0,0.0
88,1.7187250852584839,0.8684042096138,36.679962158203125,7.312476634979248,0.4684838652610779,48.33489990234375,1.2066253423690796,1.2074953317642212,59.71,0.738677978515625,0.010587307624518871,0.0827590674161911,19.848770141601562,0.0,0.0,0.3621838390827179,3.4754659282043576e-05,0.005470585078001022,0.6080612540245056,0.0,0.0,1.046846866607666,0.3385246992111206,0.02107253298163414,0.3530716896057129,0.02079724334180355,0.6681448817253113,0.27923667430877686,0.01202356442809105,0.0009666587575338781,0.4362597167491913,1.0,0.0,0.7843816876411438,0.3015165328979492,0.0004931357107125223,0.018521735444664955,0.0,0.0,0.34793248772621155,0.041953444480895996,0.00017394345195498317,1.254130244255066,0.0,0.0
89,3.3709850311279297,0.9873429536819458,25.28839111328125,4.9810028076171875,0.640820324420929,55.73893737792969,1.143575668334961,1.1444412469863892,66.14,0.7127071619033813,0.0323697067797184,0.07669569551944733,25.286251068115234,0.0,0.0,0.37541481852531433,5.7974582887254655e-05,0.001757487771101296,0.5636014938354492,0.0,0.0,1.0069910287857056,0.6047941446304321,0.01624765619635582,0.2260393649339676,0.012386648915708065,0.3981417119503021,0.2947808802127838,0.02302592620253563,0.0005678964080289006,0.687289297580719,1.0,0.0,0.9545301198959351,0.1603633165359497,0.0006320580723695457,0.020985063165426254,0.0,0.0,0.3434205949306488,0.0673508271574974,4.304210960981436e-05,1.2896678447723389,0.0,0.0
90,2.3890552520751953,0.4519428014755249,18.430896759033203,6.102402210235596,0.5402088761329651,45.961517333984375,1.0336520671844482,1.0344829559326172,77.7,1.027708888053894,0.028512125834822655,0.0464741475880146,7.220571994781494,0.0,0.0,0.3141840696334839,3.319884854136035e-05,0.006896371953189373,0.7792260050773621,0.0,0.0,1.176726222038269,0.43660497665405273,0.018857257440686226,0.32279589772224426,0.016241680830717087,0.567200243473053,0.2812138497829437,0.016096681356430054,0.0006658553029410541,0.5656206607818604,1.0,0.0,0.8192821145057678,0.24638263881206512,0.0005295315058901906,0.018971506506204605,0.0,0.0,0.34553855657577515,0.05094663053750992,9.219425555784255e-05,1.2855807542800903,0.0,0.0
91,3.970031261444092,0.13574998080730438,21.946678161621094,6.230323791503906,0.5215895771980286,43.90226745605469,1.0734102725982666,1.0711917877197266,192.94,1.0928022861480713,0.12116944789886475,0.015553468838334084,2.3434019088745117,0.0,0.0,0.3317508101463318,8.863758557708934e-05,0.009524726308882236,0.9383079409599304,0.0,0.0,1.1412408351898193,0.3498713970184326,0.019348962232470512,0.3276970386505127,0.016841715201735497,0.5861754417419434,0.28148019313812256,0.01525192055851221,0.0007134212064556777,0.5377609133720398,1.0,0.0,0.75230473279953,0.3027456998825073,0.0004915049066767097,0.017757665365934372,0.0,0.0,0.3464542627334595,0.048687927424907684,0.00011196647392353043,1.2803229093551636,0.0,0.0
92,1.6379402875900269,0.31959885358810425,21.697927474975586,3.9567368030548096,0.604547917842865,41.69332504272461,1.0825212001800537,1.08013916015625,203.72,0.924597442150116,0.05913782864809036,0.051099732518196106,5.322544574737549,0.0,0.0,0.33874478936195374,0.00013748847413808107,0.00476453173905611,0.840465247631073,0.0,0.0,1.0529133081436157,0.48514553904533386,0.0158217940479517,0.20700597763061523,0.01158006303012371,0.3546072244644165,0.2913745045661926,0.021222181618213654,0.0005246367654763162,0.6747308969497681,1.0,0.0,0.8544053435325623,0.2209753841161728,0.0005613521207123995,0.01931346207857132,0.0,0.0,0.3450676202774048,0.05960512533783913,7.583647675346583e-05,1.279858946800232,0.0,0.0
93,4.939266681671143,0.3747079074382782,25.808578491210938,4.2066545486450195,0.5262936353683472,42.44780731201172,1.0551550388336182,1.0568020343780518,147.7,1.1144500970840454,0.043480049818754196,0.02977583557367325,6.745128631591797,0.0,0.0,0.29705649614334106,1.7757249224814586e-05,0.0061902739107608795,0.817266047000885,0.0,0.0,1.1383658647537231,0.40282556414604187,0.01717360131442547,0.24107955396175385,0.013403058983385563,0.41977500915527344,0.28448671102523804,0.016448037698864937,0.0006150712724775076,0.577216625213623,1.0,0.0,0.8112209439277649,0.2728804647922516,0.0005257594748400152,0.01879449188709259,0.0,0.0,0.3470017910003662,0.05255493149161339,0.000116648108814843,1.2705518007278442,0.0,0.0
94,2.5526349544525146,0.355832576751709,18.01858901977539,8.741074562072754,0.5415658354759216,46.81779479980469,1.067899227142334,1.0695370435714722,143.4,1.0602155923843384,0.04747466370463371,0.035996463149785995,5.76395320892334,0.0,0.0,0.31457725167274475,4.116421041544527e-05,0.008014126680791378,0.8213518261909485,0.0,0.0,1.1818057298660278,0.3631438612937927,0.020988591015338898,0.4150250554084778,0.020166490226984024,0.7592468857765198,0.27954602241516113,0.01469492632895708,0.0007900692871771753,0.5304152965545654,1.0,0.0,0.7829338908195496,0.2725723683834076,0.0005041397525928915,0.018308818340301514,0.0,0.0,0.34483322501182556,0.048006873577833176,9.7963675216306e-05,1.2861849069595337,0.0,0.0
95,3.879481077194214,0.8283359408378601,31.244722366333008,5.970800399780273,0.658298671245575,43.14937210083008,1.2373850345611572,1.2380417585372925,42.87,0.8639281392097473,0.01127372495830059,0.0639021024107933,19.88544273376465,0.0,0.0,0.3335850238800049,1.5817904568393715e-05,0.0031288329046219587,0.6104685068130493,0.0,0.0,1.0085798501968384,0.45742788910865784,0.01663472130894661,0.2387046068906784,0.013777253217995167,0.4330235719680786,0.2979390025138855,0.022886155173182487,0.0006607702234759927,0.6720851063728333,1.0,0.0,0.8778216242790222,0.21988576650619507,0.0005532486829906702,0.019456207752227783,0.0,0.0,0.3419726490974426,0.054846908897161484,0.00011703548807417974,1.2546602487564087,0.0,0.0
96,4.866985321044922,0.09179746359586716,37.38546371459961,4.163556098937988,0.7466350793838501,45.444480895996094,1.2642731666564941,1.2642488479614258,1.52,1.0625847578048706,0.17559418082237244,0.01766788400709629,1.8165693283081055,0.0,0.0,0.33700889348983765,0.00011456847278168425,0.003872067201882601,0.9745908975601196,0.0,0.0,0.9670296311378479,0.4336073398590088,0.013166219927370548,0.1520232856273651,0.008728872053325176,0.2603955566883087,0.3075953423976898,0.0292520672082901,0.0004444221267476678,0.8369783163070679,1.0,0.0,0.82731032371521,0.2389877289533615,0.0005232866969890893,0.017981674522161484,0.0,0.0,0.3389955759048462,0.05974990129470825,0.00013593885523732752,1.2408313751220703,0.0,0.0
97,2.805551290512085,0.08418038487434387,24.5646915435791,5.630050182342529,0.4852324426174164,52.777591705322266,1.0929899215698242,1.0934317111968994,36.97,1.0045222043991089,0.14140142500400543,0.015954194590449333,1.6814523935317993,0.0,0.0,0.36131301522254944,0.00016231165500357747,0.00897532794624567,0.9671006798744202,0.0,0.0,1.1146012544631958,0.3795595169067383,0.019478945061564445,0.3119305670261383,0.016688061878085136,0.562972903251648,0.27932193875312805,0.014316531829535961,0.0007297443808056414,0.5070135593414307,1.0,0.0,0.7642983198165894,0.2814966142177582,0.0005103208823129535,0.01808878593146801,0.0,0.0,0.3475361168384552,0.05150337517261505,8.330439595738426e-05,1.2878940105438232,0.0,0.0
98,5.596281051635742,0.6254060864448547,42.320709228515625,5.77090311050415,0.45411160588264465,49.16918182373047,1.1627827882766724,1.1615601778030396,90.52,1.0599405765533447,0.0074041979387402534,0.03657740354537964,12.522234916687012,0.0,0.0,0.30324986577033997,9.122232995650847e-07,0.007545800413936377,0.7194949388504028,0.0,0.0,1.1188832521438599,0.27314499020576477,0.01920532062649727,0.2988087236881256,0.018132666125893593,0.560919463634491,0.2782248556613922,0.011349250562489033,0.000890347408130765,0.4505791664123535,1.0,0.0,0.7327209711074829,0.40220916271209717,0.0004428188258316368,0.017330842092633247,0.0,0.0,0.34738636016845703,0.03729536384344101,0.000296953076031059,1.2225452661514282,0.0,0.0
99,5.3595991134643555,0.11955582350492477,26.738588333129883,8.995612144470215,0.6506971716880798,57.2952880859375,1.2328767776489258,1.2341341972351074,82.64,1.1702519655227661,0.1371685415506363,0.0150457713752985,2.5511529445648193,0.0,0.0,0.3199732005596161,7.626976730534807e-05,0.006739653181284666,0.9489137530326843,0.0,0.0,1.0851073265075684,0.42454689741134644,0.019379520788788795,0.3281174600124359,0.017638497054576874,0.6064600348472595,0.29577910900115967,0.02153860777616501,0.0007819993188604712,0.617733359336853,1.0,0.0,0.8049726486206055,0.23524358868598938,0.0005333931767381728,0.018328651785850525,0.0,0.0,0.3426494300365448,0.05889381840825081,6.924106855876744e-05,1.2861987352371216,0.0,0.0
100,4.418366432189941,0.6107948422431946,27.225271224975586,5.011949062347412,0.6966736912727356,59.00298309326172,1.1854352951049805,1.1852599382400513,12.48,1.0219900608062744,0.00970320962369442,0.0487024262547493,13.853937149047852,0.0,0.0,0.30049607157707214,1.0096352980326628e-06,0.0021663419902324677,0.7028614282608032,0.0,0.0,1.0834254026412964,0.5804262161254883,0.014943682588636875,0.2003651261329651,0.011145706288516521,0.3525606393814087,0.30098646879196167,0.02566552720963955,0.0005424867267720401,0.753063976764679,1.0,0.0,0.9541148543357849,0.16877888143062592,0.0006312349578365684,0.020764607936143875,0.0,0.0,0.34212273359298706,0.0733771100640297,3.938125882996246e-05,1.2912113666534424,0.0,0.0
101,5.795215606689453,0.9328665137290955,34.16376876831055,3.5410313606262207,0.6950865387916565,40.82798385620117,1.163932204246521,1.1629434823989868,73.04,0.8175516128540039,0.02030002884566784,0.05753844603896141,22.76285171508789,0.0,0.0,0.3541218936443329,3.1847404898144305e-05,0.0017249280354008079,0.5854810476303101,0.0,0.0,0.9604691863059998,0.5212618112564087,0.013620560057461262,0.1576322615146637,0.008886165916919708,0.26699593663215637,0.3022311329841614,0.02613941766321659,0.000445383571786806,0.7876927852630615,1.0,0.0,0.9167305827140808,0.19808684289455414,0.0005679646856151521,0.019762076437473297,0.0,0.0,0.34094810485839844,0.058861758559942245,0.00012705809785984457,1.239601492881775,0.0,0.0
102,4.681065082550049,0.38729792833328247,37.64280319213867,5.212672710418701,0.553507387638092,54.20197296142578,1.2078243494033813,1.2082061767578125,26.17,1.1162227392196655,0.03698798269033432,0.029547467827796936,6.83333683013916,0.0,0.0,0.2970433831214905,1.37940996864927e-05,0.005258138757199049,0.8115111589431763,0.0,0.0,1.0945719480514526,0.36750614643096924,0.018005603924393654,0.2518378794193268,0.015110808424651623,0.4610418379306793,0.2889767289161682,0.017296208068728447,0.0007357486174441874,0.5651415586471558,1.0,0.0,0.806218683719635,0.2851739227771759,0.000519262976013124,0.01854502037167549,0.0,0.0,0.34495481848716736,0.05122479051351547,0.00013315379328560084,1.260791540145874,0.0,0.0
103,2.091818332672119,0.17800818383693695,26.69516944885254,7.7211222648620605,0.7120170593261719,56.9785041809082,1.2834290266036987,1.284320592880249,54.09,0.9702712893486023,0.11054442822933197,0.03504655882716179,2.665283679962158,0.0,0.0,0.3539621829986572,0.00017469080921728164,0.0034049951937049627,0.9046561121940613,0.0,0.0,1.004763126373291,0.52215176820755,0.017006000503897667,0.25671765208244324,0.014284361153841019,0.4709194600582123,0.30199533700942993,0.026435010135173798,0.0006659255013801157,0.7062997817993164,1.0,0.0,0.8697370886802673,0.19097554683685303,0.0005798847996629775,0.019287103787064552,0.0,0.0,0.3412320911884308,0.06533316522836685,4.970701047568582e-05,1.289638638496399,0.0,0.0
104,3.6035561561584473,0.8395338654518127,21.826154708862305,5.811989784240723,0.7152804732322693,40.84576416015625,1.1419357061386108,1.1381518840789795,291.13,0.8664268851280212,0.011457419954240322,0.06603015214204788,19.10173988342285,0.0,0.0,0.33447664976119995,1.99035548575921e-05,0.002428952371701598,0.6101806163787842,0.0,0.0,1.0189555883407593,0.5533008575439453,0.01469438150525093,0.21766000986099243,0.011418852023780346,0.38992583751678467,0.30010005831718445,0.025575857609510422,0.0005387670826166868,0.7664982080459595,1.0,0.0,0.9387190937995911,0.17783260345458984,0.0006043690373189747,0.0204903706908226,0.0,0.0,0.3418900668621063,0.0657568946480751,6.130943802418187e-05,1.2778815031051636,0.0,0.0
105,4.824217319488525,0.9057862758636475,30.592710494995117,5.447634220123291,0.46567294001579285,49.785987854003906,1.0949851274490356,1.0947215557098389,21.99,0.8384037613868713,0.015399902127683163,0.048148129135370255,21.27908706665039,0.0,0.0,0.36005935072898865,4.2605341150192544e-05,0.005067581310868263,0.6032401919364929,0.0,0.0,1.0949808359146118,0.41314297914505005,0.01916101574897766,0.30352598428726196,0.016871683299541473,0.5535656809806824,0.2779916822910309,0.013057773932814598,0.0007745541515760124,0.48408591747283936,1.0,0.0,0.828881561756134,0.2564687430858612,0.0005370822618715465,0.01936420239508152,0.0,0.0,0.34827980399131775,0.049497783184051514,0.00010697232210077345,1.2739014625549316,0.0,0.0
106,3.8860907554626465,0.8504561185836792,20.228195190429688,7.508439064025879,0.7980850338935852,41.946380615234375,1.1630325317382812,1.1637870073318481,55.74,0.8717207312583923,0.014504495076835155,0.06518460065126419,18.84103012084961,0.0,0.0,0.3337289094924927,1.9395078197703697e-05,0.0019562847446650267,0.6097134351730347,0.0,0.0,1.0058494806289673,0.5320737957954407,0.013332522474229336,0.21092207729816437,0.010351361706852913,0.3764135241508484,0.30652666091918945,0.029870955273509026,0.0005113927181810141,0.8465487360954285,1.0,0.0,0.9739392399787903,0.15763722360134125,0.0006267036078497767,0.020910928025841713,0.0,0.0,0.34028440713882446,0.07041072845458984,5.066526136943139e-05,1.2818589210510254,0.0,0.0
107,3.2001760005950928,0.18031518161296844,39.982967376708984,6.2615461349487305,0.4807252883911133,50.2353630065918,1.2082712650299072,1.206851601600647,97.36,1.023932695388794,0.0807601809501648,0.021861523389816284,2.954500436782837,0.0,0.0,0.3355475068092346,9.3855443992652e-05,0.009204632602632046,0.9166056513786316,0.0,0.0,1.0652869939804077,0.2698825001716614,0.01984836906194687,0.30820417404174805,0.018469013273715973,0.5767320394515991,0.2809284031391144,0.012803887948393822,0.0008899580570869148,0.4648014008998871,1.0,0.0,0.7115224003791809,0.3852463960647583,0.0004488676495384425,0.01694001816213131,0.0,0.0,0.34704893827438354,0.04064524918794632,0.00023490734747610986,1.2411869764328003,0.0,0.0
108,1.671942114830017,0.0868615061044693,18.48054313659668,5.1520280838012695,0.5252025127410889,44.31227111816406,1.0309996604919434,1.026018500328064,470.89,0.9860402941703796,0.14256687462329865,0.024094387888908386,1.2923203706741333,0.0,0.0,0.37941330671310425,0.00018017627007793635,0.008616636507213116,0.970629096031189,0.0,0.0,1.1255701780319214,0.44206714630126953,0.018478866666555405,0.2906354069709778,0.014937304891645908,0.5013852715492249,0.28103548288345337,0.01662123017013073,0.0006081089377403259,0.568852424621582,1.0,0.0,0.7539185881614685,0.27256539463996887,0.0004941012593917549,0.017679577693343163,0.0,0.0,0.34643834829330444,0.05005061998963356,0.00010123795073013753,1.2859214544296265,0.0,0.0
109,2.3330740928649902,0.39725634455680847,29.824583053588867,8.196815490722656,0.5942614078521729,47.00331497192383,1.2485114336013794,1.2480288743972778,30.97,0.9841855764389038,0.03584077209234238,0.04760590195655823,7.0551533699035645,0.0,0.0,0.3175015449523926,5.752308061346412e-05,0.005791129544377327,0.786868155002594,0.0,0.0,1.067468523979187,0.3790436387062073,0.02005992829799652,0.33302953839302063,0.018850263208150864,0.6177616119384766,0.2907504141330719,0.018589137122035027,0.0008566944161430001,0.5535399913787842,1.0,0.0,0.8132908344268799,0.25643065571784973,0.0005227886140346527,0.018646778538823128,0.0,0.0,0.34357234835624695,0.05035849288105965,0.00011795622413046658,1.266722559928894,0.0,0.0
110,3.148285388946533,0.1260618418455124,22.461807250976562,6.855535507202148,0.5261480808258057,43.36677932739258,1.1062837839126587,1.1076289415359497,109.78,1.0359673500061035,0.12322205305099487,0.018091345205903053,2.311245918273926,0.0,0.0,0.3438901901245117,0.00010579082299955189,0.010031113401055336,0.941882312297821,0.0,0.0,1.12412691116333,0.35346680879592896,0.02002808265388012,0.34619268774986267,0.017851879820227623,0.6250416040420532,0.2819194793701172,0.015406138263642788,0.0007518593338318169,0.5283010601997375,1.0,0.0,0.7419537901878357,0.30457913875579834,0.0004839952744077891,0.017527032643556595,0.0,0.0,0.3461987376213074,0.04782450944185257,0.00012013816740363836,1.2791167497634888,0.0,0.0
111,5.699770450592041,0.836006224155426,42.209022521972656,7.58723783493042,0.49160388112068176,52.64299774169922,1.2220715284347534,1.2217894792556763,18.89,0.9284951090812683,0.011034135706722736,0.04112570732831955,17.46240997314453,0.0,0.0,0.33915525674819946,1.6577454516664147e-05,0.006026950199157,0.6275939345359802,0.0,0.0,1.0682841539382935,0.28776636719703674,0.02082652598619461,0.3458775281906128,0.02062508836388588,0.6601799726486206,0.2807499170303345,0.012427650392055511,0.0009709757869131863,0.4496995508670807,1.0,0.0,0.7542081475257874,0.35322555899620056,0.000459227740066126,0.017675811424851418,0.0,0.0,0.3452396094799042,0.0383138544857502,0.0002551782818045467,1.2326037883758545,0.0,0.0
112,5.752362251281738,0.37363573908805847,34.127891540527344,4.334842681884766,0.7421766519546509,56.89763641357422,1.2360200881958008,1.235305905342102,46.77,1.1710716485977173,0.051418107002973557,0.029450200498104095,6.945293426513672,0.0,0.0,0.2891019284725189,1.4432251191465184e-05,0.0026765037328004837,0.8219323754310608,0.0,0.0,1.0502703189849854,0.5604875087738037,0.013473639264702797,0.15896570682525635,0.009100259281694889,0.27412545680999756,0.30684036016464233,0.028948523104190826,0.0004651661147363484,0.8280928134918213,1.0,0.0,0.9324554800987244,0.17749688029289246,0.0006154546281322837,0.020095637068152428,0.0,0.0,0.3405521512031555,0.07539907097816467,5.089081605547108e-05,1.2831686735153198,0.0,0.0
113,3.4967544078826904,0.9294878244400024,24.332475662231445,7.145193576812744,0.6052650213241577,57.20781326293945,1.1560688018798828,1.1599328517913818,288.16,0.7762929797172546,0.020716236904263496,0.06749123334884644,22.81117820739746,0.0,0.0,0.36130908131599426,4.255500971339643e-05,0.0022777931299060583,0.583457350730896,0.0,0.0,1.0520424842834473,0.5463472008705139,0.018696540966629982,0.31141284108161926,0.016557807102799416,0.5708116292953491,0.2896661162376404,0.019534802064299583,0.0007227956084534526,0.6014024019241333,1.0,0.0,0.9060788154602051,0.18547660112380981,0.0005940894479863346,0.020311355590820312,0.0,0.0,0.3436574637889862,0.06001037731766701,5.292218702379614e-05,1.2884701490402222,0.0,0.0
114,1.3414814472198486,0.2337540239095688,20.10331916809082,4.569559574127197,0.7442553043365479,49.39604949951172,1.1379281282424927,1.1356086730957031,179.49,1.026647686958313,0.09987063705921173,0.04478258639574051,2.311584234237671,0.0,0.0,0.3586718738079071,0.00019538073684088886,0.003104312578216195,0.8819260001182556,0.0,0.0,1.031315565109253,0.5457170605659485,0.01353451982140541,0.17326150834560394,0.008779924362897873,0.29082927107810974,0.30368679761886597,0.029883624985814095,0.0004110316513106227,0.8387295007705688,1.0,0.0,0.9168789982795715,0.16581784188747406,0.0006042975001037121,0.019936982542276382,0.0,0.0,0.3416772782802582,0.0709497258067131,4.743633689940907e-05,1.2908329963684082,0.0,0.0
115,5.255494594573975,0.46636223793029785,27.0403995513916,3.8231635093688965,0.5213210582733154,48.72664260864258,1.0466210842132568,1.047318935394287,63.66,1.1070613861083984,0.025893915444612503,0.03345374017953873,9.494799613952637,0.0,0.0,0.29410016536712646,9.873722319753142e-07,0.004892731551080942,0.773262083530426,0.0,0.0,1.1685900688171387,0.4599997401237488,0.016856422647833824,0.22645457088947296,0.012860226444900036,0.39022088050842285,0.2844654619693756,0.016533173620700836,0.000602570828050375,0.5802179574966431,1.0,0.0,0.8512314558029175,0.2427777796983719,0.0005571084329858422,0.01956268399953842,0.0,0.0,0.3471231162548065,0.056700292974710464,8.854843326844275e-05,1.2781848907470703,0.0,0.0
116,4.185878753662109,0.6207388043403625,25.826963424682617,6.055727481842041,0.7366310954093933,40.013710021972656,1.21463143825531,1.2137537002563477,59.54,1.0079554319381714,0.007445072289556265,0.05382010340690613,13.336294174194336,0.0,0.0,0.3005286157131195,8.356160492439813e-07,0.002838405314832926,0.6959328651428223,0.0,0.0,1.054461121559143,0.5139011144638062,0.014506570063531399,0.20887036621570587,0.011289738118648529,0.3695695996284485,0.30394867062568665,0.027021193876862526,0.0005601680022664368,0.7804822325706482,1.0,0.0,0.9078957438468933,0.1996781826019287,0.0005754214944317937,0.019819987937808037,0.0,0.0,0.3408389985561371,0.062070008367300034,8.984928717836738e-05,1.2651331424713135,0.0,0.0
117,4.634029388427734,0.340695321559906,21.439838409423828,3.450599431991577,0.7551882266998291,42.034751892089844,1.0374687910079956,1.0343530178070068,290.35,1.1385278701782227,0.06603988260030746,0.03297615423798561,5.725538730621338,0.0,0.0,0.2994753420352936,4.720893412013538e-05,0.0025271314661949873,0.8353246450424194,0.0,0.0,1.041707158088684,0.5360070466995239,0.011807664297521114,0.1349112093448639,0.006872791796922684,0.22148779034614563,0.3052654564380646,0.02919766679406166,0.0003519217134453356,0.888422429561615,1.0,0.0,0.9514421224594116,0.16182544827461243,0.0006232187151908875,0.02038656175136566,0.0,0.0,0.34203049540519714,0.07962723076343536,4.7947600251063704e-05,1.2833101749420166,0.0,0.0
118,4.929864883422852,0.9075137972831726,40.882530212402344,4.248435020446777,0.5195581316947937,43.91458511352539,1.1398106813430786,1.1407198905944824,69.93,0.8065510988235474,0.013075696304440498,0.056017737835645676,22.12952423095703,0.0,0.0,0.3562673330307007,3.1747345929034054e-05,0.004450185690075159,0.609686553478241,0.0,0.0,0.9954761862754822,0.33129259943962097,0.017053062096238136,0.2274443805217743,0.014024251140654087,0.40979158878326416,0.286034494638443,0.015725163742899895,0.0006924736080691218,0.552111804485321,1.0,0.0,0.7792943716049194,0.33394545316696167,0.0004695288953371346,0.017856359481811523,0.0,0.0,0.3455912470817566,0.04077368602156639,0.00025983984232880175,1.2142530679702759,0.0,0.0
119,2.221721649169922,0.33022281527519226,26.333663940429688,8.331572532653809,0.6603677868843079,46.20664596557617,1.2564960718154907,1.2547012567520142,113.85,0.9640680551528931,0.05258651450276375,0.04592333734035492,5.837574005126953,0.0,0.0,0.32465994358062744,8.712515409570187e-05,0.004902517423033714,0.8209184408187866,0.0,0.0,1.041223168373108,0.41213667392730713,0.018624059855937958,0.30330130457878113,0.016823703423142433,0.5588098764419556,0.2965605854988098,0.02229597046971321,0.0007664416916668415,0.6324411630630493,1.0,0.0,0.8317276239395142,0.23625130951404572,0.0005394370527938008,0.018811076879501343,0.0,0.0,0.34212160110473633,0.054616719484329224,9.312957263318822e-05,1.2734018564224243,0.0,0.0
120,1.6799601316452026,0.17752811312675476,34.01369094848633,7.966674327850342,0.5788245797157288,43.653236389160156,1.2721047401428223,1.272255539894104,9.32,0.8999819755554199,0.08433706313371658,0.037758924067020416,3.188076972961426,0.0,0.0,0.3574754595756531,0.00014196636038832366,0.008010243996977806,0.8974004983901978,0.0,0.0,1.0062229633331299,0.3177027404308319,0.020160268992185593,0.3248952627182007,0.019250907003879547,0.6049776673316956,0.2899860143661499,0.017806053161621094,0.0008893139893189073,0.5318154096603394,1.0,0.0,0.7412766814231873,0.32019856572151184,0.0004665348678827286,0.017200183123350143,0.0,0.0,0.3436594009399414,0.04341752082109451,0.00019690973567776382,1.2441483736038208,0.0,0.0
121,3.0157954692840576,0.7125667929649353,35.508148193359375,8.390520095825195,0.5082924365997314,50.07806396484375,1.2314810752868652,1.2316921949386597,13.92,0.9229857921600342,0.008817566558718681,0.057537417858839035,15.248489379882812,0.0,0.0,0.3235117197036743,1.4015253100296832e-06,0.005555479787290096,0.6557096242904663,0.0,0.0,1.1053557395935059,0.32354632019996643,0.02147752232849598,0.372163861989975,0.021612025797367096,0.7098071575164795,0.28238123655319214,0.01332656666636467,0.0009919791482388973,0.4567059874534607,1.0,0.0,0.7863813638687134,0.3062526285648346,0.0004939624341204762,0.018431423231959343,0.0,0.0,0.3457016348838806,0.04318820312619209,0.00016553395835217088,1.2567051649093628,0.0,0.0
122,5.2888031005859375,0.5583491921424866,34.72665786743164,2.981595993041992,0.6297204494476318,43.02262496948242,1.127044677734375,1.1268471479415894,15.55,1.0425785779953003,0.009773731231689453,0.044826678931713104,12.469123840332031,0.0,0.0,0.2945331335067749,9.015951150104229e-07,0.002922163577750325,0.7350165843963623,0.0,0.0,1.058713674545288,0.4736332893371582,0.014390295371413231,0.1598307192325592,0.009544759057462215,0.26545172929763794,0.29724982380867004,0.022696755826473236,0.0004771169042214751,0.7191962599754333,1.0,0.0,0.8761826157569885,0.2351488322019577,0.0005489559844136238,0.019320504739880562,0.0,0.0,0.34328675270080566,0.05718249827623367,0.00014071680197957903,1.2429536581039429,0.0,0.0
123,4.027577877044678,0.6099871397018433,33.696842193603516,9.549872398376465,0.5691214203834534,50.11928939819336,1.2605148553848267,1.2613883018493652,54.93,1.0431172847747803,0.013831175863742828,0.04409082978963852,12.049635887145996,0.0,0.0,0.303962379693985,8.811932730168337e-07,0.005512325558811426,0.6917181015014648,0.0,0.0,1.1175811290740967,0.3370339572429657,0.021415794268250465,0.37463489174842834,0.021524254232645035,0.7145763039588928,0.28792887926101685,0.01605152152478695,0.0009723732364363968,0.5033400058746338,1.0,0.0,0.798751711845398,0.2864822447299957,0.0005023269914090633,0.01844584383070469,0.0,0.0,0.3433675765991211,0.045888740569353104,0.00015072042879182845,1.2584160566329956,0.0,0.0
124,4.949856281280518,0.370935320854187,16.949275970458984,9.430904388427734,0.6236499547958374,53.20125198364258,1.0297834873199463,1.0285582542419434,115.68,1.174599528312683,0.04885970801115036,0.02754329703748226,6.548244476318359,0.0,0.0,0.29112353920936584,7.877684765844606e-06,0.005867649335414171,0.8192717432975769,0.0,0.0,1.1957018375396729,0.38485467433929443,0.01945282332599163,0.39088281989097595,0.01817319728434086,0.7034937739372253,0.28701889514923096,0.018292970955371857,0.0007065625977702439,0.6158978939056396,1.0,0.0,0.8220992684364319,0.2442353069782257,0.0005262058111838996,0.018848000094294548,0.0,0.0,0.34300994873046875,0.05151998996734619,9.107881487580016e-05,1.2847565412521362,0.0,0.0
125,2.0279645919799805,0.46386757493019104,27.272817611694336,8.902806282043457,0.6506920456886292,56.039798736572266,1.2691172361373901,1.2674943208694458,100.89,0.9507998824119568,0.02626625820994377,0.05795241892337799,8.579629898071289,0.0,0.0,0.31790873408317566,6.278762884903699e-05,0.0032329699024558067,0.7551851272583008,0.0,0.0,1.0545769929885864,0.47045445442199707,0.019301841035485268,0.3203243315219879,0.017894050106406212,0.600481390953064,0.2954971194267273,0.02159481681883335,0.0008078867685981095,0.6102855205535889,1.0,0.0,0.8708006739616394,0.20621243119239807,0.0005717196618206799,0.01955246739089489,0.0,0.0,0.3421545624732971,0.05939535051584244,6.150281114969403e-05,1.285115361213684,0.0,0.0
126,2.2474300861358643,0.36452704668045044,23.177719116210938,6.366771221160889,0.7743021249771118,54.23509979248047,1.2324787378311157,1.230679988861084,118.59,0.9758356809616089,0.05612591281533241,0.05228434503078461,6.103870391845703,0.0,0.0,0.32400184869766235,0.00010782825847854838,0.0024885658640414476,0.8125377893447876,0.0,0.0,1.0040040016174316,0.5444643497467041,0.013977703638374805,0.1973702311515808,0.010347454808652401,0.34724780917167664,0.30698996782302856,0.030680228024721146,0.0005106045282445848,0.8272597789764404,1.0,0.0,0.9542196393013,0.15366628766059875,0.0006322874105535448,0.020537452772259712,0.0,0.0,0.34050244092941284,0.07479826360940933,3.883709359797649e-05,1.2909471988677979,0.0,0.0
127,5.447211265563965,0.16646376252174377,22.68364143371582,4.343635082244873,0.5069625377655029,42.621070861816406,1.0067273378372192,1.0051383972167969,157.03,1.1399641036987305,0.11269161105155945,0.017802197486162186,2.8267667293548584,0.0,0.0,0.313811331987381,6.379131809808314e-05,0.007985886186361313,0.9253287315368652,0.0,0.0,1.1530506610870361,0.3766668438911438,0.017569852992892265,0.2590078115463257,0.013729236088693142,0.4466315507888794,0.2813538908958435,0.015347433276474476,0.0006025928887538612,0.5623214840888977,1.0,0.0,0.7752170562744141,0.29310423135757446,0.0005071769701316953,0.01821088045835495,0.0,0.0,0.34757864475250244,0.05114283040165901,0.00011035882926080376,1.2776703834533691,0.0,0.0
128,1.9319583177566528,0.019877620041370392,43.751731872558594,8.899723052978516,0.48294615745544434,45.48274230957031,1.249462604522705,1.2499110698699951,28.72,0.8773808479309082,0.11677094548940659,0.017841747030615807,2.142024278640747,0.0,0.0,0.3886245787143707,0.00015082414029166102,0.010871777310967445,0.9908577799797058,0.0,0.0,0.9843167662620544,0.17921629548072815,0.02185293473303318,0.375373899936676,0.023389318957924843,0.7311582565307617,0.2787977457046509,0.010672216303646564,0.0010896954918280244,0.4113636910915375,1.0,0.0,0.6238430738449097,0.4524971544742584,0.00036838799132965505,0.015054751187562943,0.0,0.0,0.34520652890205383,0.029362287372350693,0.00036194294807501137,1.1996585130691528,0.0,0.0
129,5.338996887207031,0.3181011974811554,30.219066619873047,5.0884575843811035,0.4288964867591858,42.23127746582031,1.065675139427185,1.0643523931503296,116.62,1.1335961818695068,0.05147002637386322,0.024334141984581947,5.633786678314209,0.0,0.0,0.29868778586387634,1.4432410353037994e-05,0.01022903248667717,0.8515864014625549,0.0,0.0,1.1750612258911133,0.30801892280578613,0.01903894543647766,0.302598237991333,0.016674073413014412,0.541951596736908,0.27508166432380676,0.01140320859849453,0.0007738387212157249,0.4584118127822876,1.0,0.0,0.7395258545875549,0.3562786877155304,0.00047150300815701485,0.0177580825984478,0.0,0.0,0.3497733473777771,0.04265096038579941,0.00018688722047954798,1.2570271492004395,0.0,0.0
130,3.5663700103759766,0.9611040353775024,32.325809478759766,7.451227188110352,0.5427441000938416,42.86730194091797,1.2056270837783813,1.2054338455200195,13.3,0.8178757429122925,0.021877765655517578,0.059072788804769516,17.485729217529297,0.0,0.0,0.3732110857963562,5.6392320402665064e-05,0.005554393865168095,0.5700996518135071,0.0,0.0,1.0404466390609741,0.3748965263366699,0.020396322011947632,0.33634114265441895,0.018915938213467598,0.6248798966407776,0.2858304977416992,0.016001394018530846,0.0008396538905799389,0.511084794998169,1.0,0.0,0.7937215566635132,0.28044724464416504,0.0004933851305395365,0.01839025691151619,0.0,0.0,0.345113605260849,0.04274186119437218,0.00018787028966471553,1.251213788986206,0.0,0.0
131,1.9484400749206543,0.6862516403198242,28.08650016784668,3.417806625366211,0.6606816053390503,43.63798141479492,1.1493606567382812,1.148860216140747,37.9,0.8244118094444275,0.00562097504734993,0.0850536897778511,15.709206581115723,0.0,0.0,0.3274397552013397,5.333686203812249e-05,0.00265573151409626,0.6653137803077698,0.0,0.0,1.0038342475891113,0.5786297917366028,0.014313780702650547,0.16628184914588928,0.009619668126106262,0.2776954472064972,0.2990730404853821,0.02494468353688717,0.0004694205999840051,0.7500173449516296,1.0,0.0,0.9371225237846375,0.18214668333530426,0.0006081853643991053,0.02047867700457573,0.0,0.0,0.3433718681335449,0.06649768352508545,7.063236262183636e-05,1.2709475755691528,0.0,0.0
132,1.3321385383605957,0.5337241888046265,31.00177574157715,8.566303253173828,0.5261572003364563,51.75363540649414,1.2298009395599365,1.229736328125,4.27,0.8870878219604492,0.015049129724502563,0.06751824170351028,10.22519302368164,0.0,0.0,0.3267980217933655,4.7657853428972885e-05,0.005104624200612307,0.7256207466125488,0.0,0.0,1.0917531251907349,0.3828631639480591,0.02165323682129383,0.3785898983478546,0.021321386098861694,0.7115660309791565,0.28360190987586975,0.014756019227206707,0.0009560946491546929,0.47738343477249146,1.0,0.0,0.8166759610176086,0.25404229760169983,0.0005290386034175754,0.01899905316531658,0.0,0.0,0.34567609429359436,0.04934460297226906,9.921887249220163e-05,1.2766352891921997,0.0,0.0
133,4.83597993850708,0.5001241564750671,23.225923538208008,5.533358097076416,0.5979725122451782,54.208805084228516,1.0898067951202393,1.08576500415802,341.58,1.0977181196212769,0.021670864894986153,0.03655138611793518,10.333845138549805,0.0,0.0,0.2937513291835785,9.557924158798414e-07,0.003881880547851324,0.7530324459075928,0.0,0.0,1.1547800302505493,0.49402445554733276,0.017240850254893303,0.26612305641174316,0.014252196997404099,0.475161612033844,0.28960517048835754,0.019275980070233345,0.0006404828745871782,0.6288231611251831,1.0,0.0,0.8774253129959106,0.2146524339914322,0.0005750832497142255,0.019807960838079453,0.0,0.0,0.3443652391433716,0.06097935140132904,6.160114571684971e-05,1.286840558052063,0.0,0.0
134,3.345566987991333,0.5989300608634949,30.403650283813477,7.744139194488525,0.5231642127037048,40.23441696166992,1.188590407371521,1.1873743534088135,86.17,0.9776479601860046,0.011942863464355469,0.05035676434636116,12.64612865447998,0.0,0.0,0.30938348174095154,1.9062324554397492e-06,0.007430041208863258,0.7045198082923889,0.0,0.0,1.1191692352294922,0.32071685791015625,0.020624572411179543,0.35873401165008545,0.020010631531476974,0.6664205193519592,0.283407598733902,0.014485917054116726,0.0008997689583338797,0.4896637201309204,1.0,0.0,0.769031822681427,0.32017236948013306,0.0004782030882779509,0.01800570823252201,0.0,0.0,0.3457537293434143,0.042265284806489944,0.00019838578009512275,1.249758005142212,0.0,0.0
135,4.840404033660889,0.9506344795227051,22.627059936523438,6.256767272949219,0.5307202339172363,46.738285064697266,1.0455576181411743,1.0448353290557861,66.12,0.800844669342041,0.02139800786972046,0.05029095709323883,23.209327697753906,0.0,0.0,0.36931708455085754,5.969851554255001e-05,0.003942128270864487,0.5811641812324524,0.0,0.0,1.0898736715316772,0.45841240882873535,0.018835533410310745,0.3249777853488922,0.016718581318855286,0.5904616713523865,0.28065255284309387,0.015294736251235008,0.0007074131281115115,0.5478348731994629,1.0,0.0,0.8603814840316772,0.22156502306461334,0.0005583584425039589,0.01977335661649704,0.0,0.0,0.3460305333137512,0.05341571941971779,7.317788549698889e-05,1.284656047821045,0.0,0.0
136,4.221656322479248,0.9295122623443604,24.138784408569336,6.493703842163086,0.705826997756958,57.161380767822266,1.1787289381027222,1.1781015396118164,45.18,0.8011677265167236,0.02402442879974842,0.06422607600688934,23.26395034790039,0.0,0.0,0.3552740812301636,3.66722815670073e-05,0.0016291796928271651,0.5818015933036804,0.0,0.0,1.0141963958740234,0.5686033964157104,0.015801243484020233,0.23892159759998322,0.01265146117657423,0.43020695447921753,0.29971182346343994,0.025548512116074562,0.0005864353734068573,0.73529452085495,1.0,0.0,0.9666436910629272,0.1546584963798523,0.000636054843198508,0.02100263722240925,0.0,0.0,0.34168437123298645,0.06994985789060593,4.0567047108197585e-05,1.2896437644958496,0.0,0.0
137,5.256978511810303,0.8928399085998535,41.2943229675293,4.144687175750732,0.5313701033592224,52.4099235534668,1.170912265777588,1.1703757047653198,39.15,0.8595564365386963,0.013423070311546326,0.05005218833684921,20.294763565063477,0.0,0.0,0.3508165180683136,2.1631251001963392e-05,0.0032715676352381706,0.6142659783363342,0.0,0.0,1.0308890342712402,0.41002386808395386,0.01709427312016487,0.22220923006534576,0.013539605773985386,0.39522817730903625,0.28703218698501587,0.016795722767710686,0.0006638271734118462,0.5699897408485413,1.0,0.0,0.8274233937263489,0.27238431572914124,0.0005172568489797413,0.018851464614272118,0.0,0.0,0.3454214930534363,0.047636728733778,0.00017485108401160687,1.2425191402435303,0.0,0.0
138,3.831829309463501,0.9769359230995178,35.93269729614258,4.901951313018799,0.540802001953125,58.523258209228516,1.1798303127288818,1.1819754838943481,153.83,0.7480430603027344,0.02530207857489586,0.06480949372053146,23.347782135009766,0.0,0.0,0.37581560015678406,5.061262709205039e-05,0.002081457991153002,0.576836109161377,0.0,0.0,1.0271166563034058,0.522853672504425,0.01800541952252388,0.2484464794397354,0.014702510088682175,0.45110055804252625,0.28756341338157654,0.017508305609226227,0.0007000404293648899,0.5638839602470398,1.0,0.0,0.8804839253425598,0.21205763518810272,0.000577230064664036,0.019994525238871574,0.0,0.0,0.34588006138801575,0.056858934462070465,7.763114263070747e-05,1.2783024311065674,0.0,0.0
139,1.1597458124160767,0.49802839756011963,23.00889778137207,5.732889652252197,0.5427993535995483,48.940345764160156,1.1205443143844604,1.12044095993042,8.23,0.875037431716919,0.018383635208010674,0.06901665776968002,9.29050064086914,0.0,0.0,0.33104902505874634,7.289993664016947e-05,0.004968991503119469,0.7553774118423462,0.0,0.0,1.1044175624847412,0.464061975479126,0.018725525587797165,0.29524263739585876,0.015965057536959648,0.5256395936012268,0.2844369113445282,0.017118044197559357,0.0007010893896222115,0.5618529319763184,1.0,0.0,0.8500776886940002,0.2280593365430832,0.0005583137390203774,0.019564593210816383,0.0,0.0,0.34598419070243835,0.054577991366386414,7.125686533981934e-05,1.2870732545852661,0.0,0.0
140,4.636634826660156,0.6700271368026733,35.97050857543945,5.467724800109863,0.7258551120758057,56.2336540222168,1.2919747829437256,1.2921675443649292,11.55,1.012261986732483,0.007284100167453289,0.050742167979478836,14.619695663452148,0.0,0.0,0.3027746379375458,9.597174539521802e-07,0.002003077184781432,0.6757916808128357,0.0,0.0,1.0464119911193848,0.5582374334335327,0.014692077413201332,0.19077391922473907,0.011262946762144566,0.3427571654319763,0.30481600761413574,0.02704564295709133,0.0005659550079144537,0.7702347040176392,1.0,0.0,0.930387020111084,0.1888488084077835,0.0005995999090373516,0.020127540454268456,0.0,0.0,0.3398006558418274,0.06704044342041016,6.905101326992735e-05,1.2728427648544312,0.0,0.0
141,2.237185478210449,0.8357839584350586,32.47964859008789,2.8250222206115723,0.6991692781448364,53.57378387451172,1.1555453538894653,1.1529672145843506,193.51,0.7865840196609497,0.014179413206875324,0.0933503806591034,18.97137451171875,0.0,0.0,0.34354594349861145,4.76280038128607e-05,0.0012861128197982907,0.6055679321289062,0.0,0.0,0.9837861657142639,0.5749691128730774,0.013103412464261055,0.13708050549030304,0.007699945010244846,0.22052960097789764,0.30343782901763916,0.02829999476671219,0.00037380820140242577,0.8204320073127747,1.0,0.0,1.0010758638381958,0.14333827793598175,0.0006603543879464269,0.02127116173505783,0.0,0.0,0.34212997555732727,0.07954628020524979,4.339162114774808e-05,1.2833784818649292,0.0,0.0
142,1.4466928243637085,0.21637144684791565,21.096088409423828,9.853924751281738,0.5494878888130188,48.86152648925781,1.1563106775283813,1.1561872959136963,9.23,0.9837749004364014,0.08006323873996735,0.03577549755573273,3.4582581520080566,0.0,0.0,0.3485715687274933,0.0001112540194299072,0.008570483885705471,0.885215163230896,0.0,0.0,1.1357516050338745,0.36215054988861084,0.02224402129650116,0.4338284432888031,0.021725209429860115,0.7975708246231079,0.2820141911506653,0.015518059954047203,0.0008650771342217922,0.51250159740448,1.0,0.0,0.7669851779937744,0.27334290742874146,0.0004980216035619378,0.018010994419455528,0.0,0.0,0.344635546207428,0.0470292828977108,9.859594865702093e-05,1.286430835723877,0.0,0.0
143,2.289525270462036,0.7994208335876465,16.134021759033203,7.746789932250977,0.6150441765785217,44.9270133972168,1.0417637825012207,1.0438579320907593,192.57,0.8844527006149292,0.008920998312532902,0.0698704794049263,14.728538513183594,0.0,0.0,0.3369796574115753,2.040074105025269e-05,0.004416076000779867,0.6342411041259766,0.0,0.0,1.1373486518859863,0.5166686773300171,0.018645966425538063,0.34707748889923096,0.016732698306441307,0.612251341342926,0.2861574590206146,0.01913408190011978,0.000660562131088227,0.6232888698577881,1.0,0.0,0.8680226802825928,0.20394082367420197,0.000553688092622906,0.01964966207742691,0.0,0.0,0.3434772491455078,0.0533648282289505,7.827304216334596e-05,1.2866240739822388,0.0,0.0
144,3.1420013904571533,0.8362544178962708,26.24408721923828,4.833285808563232,0.5303985476493835,43.890892028808594,1.0989710092544556,1.098314642906189,54.38,0.8216689825057983,0.010097438469529152,0.06667881458997726,20.500322341918945,0.0,0.0,0.34430545568466187,2.2485903173219413e-05,0.004494147840887308,0.6211183667182922,0.0,0.0,1.0792497396469116,0.4628848135471344,0.017817387357354164,0.2625715732574463,0.014645222574472427,0.4638047218322754,0.2844201922416687,0.01668652519583702,0.000666376028675586,0.564549446105957,1.0,0.0,0.8565451502799988,0.2338142991065979,0.0005550489877350628,0.019650842994451523,0.0,0.0,0.3467310965061188,0.05359002202749252,9.352616325486451e-05,1.2747379541397095,0.0,0.0
145,4.819064617156982,0.2314995676279068,39.21719741821289,5.762337684631348,0.5894647240638733,44.23722839355469,1.2386906147003174,1.2406103610992432,124.92,1.103018879890442,0.071905218064785,0.02415771782398224,3.9755849838256836,0.0,0.0,0.30891191959381104,4.5740649511571974e-05,0.007295894902199507,0.8922414779663086,0.0,0.0,1.0248538255691528,0.2938629388809204,0.017793212085962296,0.250910222530365,0.01539215911179781,0.4660293161869049,0.2924531400203705,0.018527289852499962,0.0007480780477635562,0.5870617032051086,1.0,0.0,0.7409393191337585,0.35105806589126587,0.0004534473700914532,0.01694752462208271,0.0,0.0,0.34272027015686035,0.04277423396706581,0.00025525566888973117,1.2197450399398804,0.0,0.0
146,2.5726406574249268,0.6568175554275513,31.66959571838379,3.8663995265960693,0.7349517345428467,43.99163818359375,1.220369815826416,1.2225428819656372,145.65,0.8979210257530212,0.006813521031290293,0.07662331312894821,14.421788215637207,0.0,0.0,0.3162342607975006,3.794501753873192e-05,0.002213090192526579,0.6713270545005798,0.0,0.0,0.9858354926109314,0.5588191151618958,0.013029628433287144,0.15152399241924286,0.0085284523665905,0.257360577583313,0.3061330318450928,0.02876110188663006,0.00043580689816735685,0.8326296210289001,1.0,0.0,0.9429882168769836,0.1773560345172882,0.0006010563811287284,0.020149126648902893,0.0,0.0,0.34047430753707886,0.0686594694852829,8.06497992016375e-05,1.2599908113479614,0.0,0.0
147,1.540724515914917,0.5063037276268005,40.37855529785156,3.6878204345703125,0.5286852121353149,45.72473907470703,1.1670451164245605,1.165551781654358,109.78,0.8517354726791382,0.013026170432567596,0.07237226516008377,10.200692176818848,0.0,0.0,0.32981762290000916,7.31550098862499e-05,0.004426594357937574,0.7569330334663391,0.0,0.0,1.005937933921814,0.36351150274276733,0.016365615651011467,0.20522601902484894,0.012819796800613403,0.3611452579498291,0.2873959243297577,0.01665722206234932,0.0006375610828399658,0.5802896618843079,1.0,0.0,0.7946679592132568,0.30608081817626953,0.0004928846610710025,0.01820196583867073,0.0,0.0,0.34649574756622314,0.045784760266542435,0.0002018457162193954,1.2308052778244019,0.0,0.0
148,5.299773216247559,0.24168504774570465,37.916866302490234,1.986096739768982,0.7272953987121582,52.960693359375,1.0807090997695923,1.0828304290771484,181.28,1.1397708654403687,0.10657588392496109,0.023745201528072357,4.359936237335205,0.0,0.0,0.3071085512638092,7.570152229163796e-05,0.002409180160611868,0.8937735557556152,0.0,0.0,1.0152770280838013,0.5554732084274292,0.011720647104084492,0.1074894592165947,0.005746558774262667,0.15896521508693695,0.3064091205596924,0.030073044821619987,0.000275627855444327,0.8886622190475464,1.0,0.0,0.9304730892181396,0.1740345060825348,0.0006086704670451581,0.019753023982048035,0.0,0.0,0.34082216024398804,0.07829010486602783,6.950630631763488e-05,1.268341302871704,0.0,0.0
149,2.682922601699829,0.009235741570591927,33.016807556152344,6.609740734100342,0.5575758814811707,59.55622482299805,1.2379313707351685,1.2375152111053467,27.17,0.9660196900367737,0.17819708585739136,0.012505106627941132,0.7571125626564026,0.0,0.0,0.38500678539276123,0.00021774921333417296,0.006591294892132282,1.0041314363479614,0.0,0.0,1.040476679801941,0.3972364068031311,0.019652262330055237,0.29965800046920776,0.01720481738448143,0.557969868183136,0.28835004568099976,0.01784900575876236,0.00079196912702173,0.5420918464660645,1.0,0.0,0.7546120882034302,0.2744285762310028,0.0005082381539978087,0.01761282980442047,0.0,0.0,0.34527549147605896,0.055179156363010406,7.481696957256645e-05,1.2870930433273315,0.0,0.0
150,2.4674580097198486,0.9315337538719177,33.35770034790039,5.800975799560547,0.7123207449913025,47.65864944458008,1.2932441234588623,1.2942347526550293,59.19,0.7200927138328552,0.02508014813065529,0.09272343665361404,22.620079040527344,0.0,0.0,0.3603113293647766,4.964347317581996e-05,0.0019454838475212455,0.5640183091163635,0.0,0.0,0.9537977576255798,0.5404847264289856,0.01546270027756691,0.20692874491214752,0.012044464237987995,0.36961716413497925,0.3036796450614929,0.02687050774693489,0.0005913491477258503,0.7426673769950867,1.0,0.0,0.9263375401496887,0.1839902549982071,0.0005901665426790714,0.020139669999480247,0.0,0.0,0.34030792117118835,0.05991793051362038,8.82977619767189e-05,1.261136531829834,0.0,0.0
151,1.325406789779663,0.033452991396188736,23.373302459716797,7.634317874908447,0.4775135815143585,43.552711486816406,1.1254007816314697,1.12491774559021,38.16,0.9521754384040833,0.14247249066829681,0.01992729678750038,1.3225476741790771,0.0,0.0,0.3959560990333557,0.00018722735694609582,0.01086048036813736,0.9937754273414612,0.0,0.0,1.119788408279419,0.35625460743904114,0.02172156795859337,0.3955706059932709,0.02038673870265484,0.718027651309967,0.2766469717025757,0.013140741735696793,0.0008324107620865107,0.4672335088253021,1.0,0.0,0.703584611415863,0.32309237122535706,0.0004580396634992212,0.016921475529670715,0.0,0.0,0.34757816791534424,0.0436335988342762,0.00011452494072727859,1.2813115119934082,0.0,0.0
152,4.485848903656006,0.5648688077926636,37.68259048461914,5.758713722229004,0.6331372261047363,58.88811492919922,1.2669700384140015,1.2697466611862183,172.6,1.0445442199707031,0.013131390325725079,0.0432281531393528,11.897676467895508,0.0,0.0,0.2970949113368988,9.638013125368161e-07,0.0028468759264796972,0.723347008228302,0.0,0.0,1.085031509399414,0.4590761363506317,0.017109360545873642,0.2373158186674118,0.014281639829277992,0.4351902902126312,0.29621320962905884,0.02140011079609394,0.0006977414013817906,0.6424165368080139,1.0,0.0,0.8696684241294861,0.230930358171463,0.0005629105726256967,0.019452610984444618,0.0,0.0,0.3422405421733856,0.05862608551979065,8.688356319908053e-05,1.2719751596450806,0.0,0.0
153,2.000835657119751,0.3404025733470917,25.55196189880371,8.276026725769043,0.4454420208930969,55.318382263183594,1.1270391941070557,1.1275094747543335,37.01,1.0071070194244385,0.043515339493751526,0.038048408925533295,5.526562213897705,0.0,0.0,0.3257296681404114,5.886112921871245e-05,0.008191495202481747,0.828081488609314,0.0,0.0,1.170947790145874,0.32922542095184326,0.022235095500946045,0.4271729290485382,0.022212263196706772,0.8057494163513184,0.2730526626110077,0.010694289579987526,0.0009448167402297258,0.4282066226005554,1.0,0.0,0.7750061750411987,0.2894502580165863,0.0005090138874948025,0.018493492156267166,0.0,0.0,0.34783050417900085,0.047531306743621826,8.123936277115718e-05,1.289975881576538,0.0,0.0
154,3.837092399597168,0.5802912712097168,29.683759689331055,4.014580249786377,0.6939031481742859,42.782745361328125,1.1827611923217773,1.1814136505126953,96.44,0.9962291121482849,0.01048262044787407,0.0539066307246685,12.4762601852417,0.0,0.0,0.30202367901802063,1.2677553968387656e-05,0.002772168954834342,0.7126898765563965,0.0,0.0,1.0303853750228882,0.5151165127754211,0.014104580506682396,0.17119555175304413,0.009746155701577663,0.2944891154766083,0.3019908666610718,0.02583291567862034,0.0004877748724538833,0.7732492685317993,1.0,0.0,0.9179282784461975,0.19706174731254578,0.0005870077293366194,0.019988106563687325,0.0,0.0,0.34188833832740784,0.06445945799350739,8.896154031390324e-05,1.2616794109344482,0.0,0.0
155,3.5157134532928467,0.24223069846630096,32.784610748291016,6.578089714050293,0.46637412905693054,53.618717193603516,1.1619898080825806,1.1617642641067505,16.71,1.1318656206130981,0.06658618152141571,0.021189989522099495,3.4682891368865967,0.0,0.0,0.32090282440185547,6.584808579646051e-05,0.0090605104342103,0.879946768283844,0.0,0.0,1.138128399848938,0.321122944355011,0.020560994744300842,0.338542640209198,0.019017577171325684,0.6321516633033752,0.27879226207733154,0.012512322515249252,0.0008740916382521391,0.4560043215751648,1.0,0.0,0.7649269700050354,0.31241530179977417,0.0004998057847842574,0.018245216459035873,0.0,0.0,0.34795740246772766,0.046206340193748474,0.00012860023707617074,1.2747198343276978,0.0,0.0
156,3.6458523273468018,0.8345378041267395,29.764081954956055,2.756612539291382,0.5884156823158264,49.435367584228516,1.070373773574829,1.0721019506454468,150.6,0.8434059023857117,0.010799975134432316,0.0665508583188057,20.165809631347656,0.0,0.0,0.33956485986709595,2.1587355149677023e-05,0.002511365571990609,0.6195268034934998,0.0,0.0,1.039892554283142,0.6069740653038025,0.014943515881896019,0.16350430250167847,0.009833856485784054,0.2697252929210663,0.29262426495552063,0.021179912611842155,0.00047536182682961226,0.6815906763076782,1.0,0.0,0.9258098602294922,0.18893645703792572,0.0006084979395382106,0.020514359697699547,0.0,0.0,0.3454969823360443,0.0660925880074501,6.597787432838231e-05,1.2773364782333374,0.0,0.0
157,3.8231945037841797,0.5502222776412964,24.277616500854492,6.567719459533691,0.5707713961601257,55.963008880615234,1.1290301084518433,1.127073884010315,153.73,1.040135145187378,0.01567099429666996,0.04416164010763168,11.487740516662598,0.0,0.0,0.3020763099193573,9.767884421307826e-07,0.004036803729832172,0.7290171980857849,0.0,0.0,1.1553438901901245,0.46596091985702515,0.018748223781585693,0.3103247880935669,0.01661648042500019,0.5672425627708435,0.2868109941482544,0.017536383122205734,0.0007357274298556149,0.5745601654052734,1.0,0.0,0.8598641157150269,0.22499626874923706,0.0005627500358968973,0.019592760130763054,0.0,0.0,0.34463196992874146,0.05765214189887047,6.52020244160667e-05,1.2869819402694702,0.0,0.0
158,4.4243903160095215,0.19083279371261597,29.303077697753906,2.1943061351776123,0.7890981435775757,49.65849685668945,1.0367741584777832,1.0363651514053345,38.07,1.1442207098007202,0.13118192553520203,0.023911764845252037,3.0692429542541504,0.0,0.0,0.32527032494544983,0.00011859989899676293,0.0023842710070312023,0.9135844707489014,0.0,0.0,0.9917663335800171,0.5106310248374939,0.010377686470746994,0.09071407467126846,0.004364177118986845,0.13066063821315765,0.31123942136764526,0.03430648893117905,0.00023062752734404057,0.9739131927490234,1.0,0.0,0.9830524921417236,0.12987810373306274,0.00065524474484846,0.020380763337016106,0.0,0.0,0.3408696949481964,0.09505604952573776,3.662849485408515e-05,1.2870970964431763,0.0,0.0
159,5.167192459106445,0.4031701982021332,29.368087768554688,3.7133548259735107,0.7245726585388184,48.330162048339844,1.1597408056259155,1.1598901748657227,11.1,1.1342453956604004,0.04300107806921005,0.03423454612493515,7.574910640716553,0.0,0.0,0.2920825481414795,2.077562930935528e-05,0.0026693453546613455,0.8020350337028503,0.0,0.0,1.0495905876159668,0.5650408864021301,0.01324232667684555,0.1516997069120407,0.008442549034953117,0.2552204728126526,0.30488190054893494,0.02795916423201561,0.0004296039114706218,0.8259114027023315,1.0,0.0,0.9339459538459778,0.1782848834991455,0.0006114235729910433,0.02018418163061142,0.0,0.0,0.3416270613670349,0.07342781871557236,6.061651947675273e-05,1.2769864797592163,0.0,0.0
160,2.4454360008239746,0.6369832754135132,16.38802719116211,8.551651954650879,0.728101909160614,53.00331115722656,1.1073240041732788,1.104114055633545,262.55,0.9498895406723022,0.007907954975962639,0.06542752683162689,11.569404602050781,0.0,0.0,0.3147403299808502,2.5677627490949817e-05,0.0027085375040769577,0.6981187462806702,0.0,0.0,1.0805153846740723,0.5449255704879761,0.016201073303818703,0.28991398215293884,0.013999991118907928,0.5163450241088867,0.2981111407279968,0.02532467246055603,0.0005939911352470517,0.7412837743759155,1.0,0.0,0.9254204034805298,0.17784669995307922,0.0005927991005592048,0.020343557000160217,0.0,0.0,0.34107309579849243,0.06085591018199921,6.549891259055585e-05,1.2842330932617188,0.0,0.0
161,2.2692484855651855,0.10212109982967377,18.39057731628418,6.770435810089111,0.5638922452926636,44.387779235839844,1.071991205215454,1.070992112159729,87.02,1.044312596321106,0.13791224360466003,0.020870545879006386,1.5129563808441162,0.0,0.0,0.36255165934562683,0.00013442097406368703,0.009070473723113537,0.9580041766166687,0.0,0.0,1.133756399154663,0.41415655612945557,0.019385945051908493,0.33578217029571533,0.016670754179358482,0.5898040533065796,0.2839781641960144,0.017635539174079895,0.0006690497975796461,0.5775559544563293,1.0,0.0,0.7537084221839905,0.27226877212524414,0.0004903246299363673,0.017618224024772644,0.0,0.0,0.3450237512588501,0.04909028112888336,0.00010398411541245878,1.284896731376648,0.0,0.0
162,1.4968358278274536,0.5325149297714233,37.564476013183594,9.286770820617676,0.4378480315208435,55.10252380371094,1.2255802154541016,1.2250280380249023,36.78,0.9039057493209839,0.013613204471766949,0.05971413478255272,10.193199157714844,0.0,0.0,0.3252088725566864,1.9772167433984578e-05,0.006660975981503725,0.7312073111534119,0.0,0.0,1.1209832429885864,0.2806217074394226,0.02313091792166233,0.4292214512825012,0.024798572063446045,0.8326229453086853,0.2742682099342346,0.009205338545143604,0.0011392637388780713,0.3812094032764435,1.0,0.0,0.7557146549224854,0.3356752097606659,0.0004810370155610144,0.0181738194078207,0.0,0.0,0.34827756881713867,0.04102565348148346,0.00015444438031408936,1.2669955492019653,0.0,0.0
163,2.739569664001465,0.5686951279640198,28.26862907409668,6.517242908477783,0.4938919246196747,53.8590087890625,1.1419029235839844,1.1412250995635986,52.01,0.9654479622840881,0.01285804808139801,0.05235812067985535,11.735158920288086,0.0,0.0,0.3139398694038391,7.935764188005123e-06,0.005213317461311817,0.7235260605812073,0.0,0.0,1.1460293531417847,0.40763145685195923,0.020012127235531807,0.334174245595932,0.018438417464494705,0.6178363561630249,0.28042563796043396,0.01389862410724163,0.000835192680824548,0.4899517297744751,1.0,0.0,0.8265212774276733,0.2546967566013336,0.0005421718233264983,0.019275695085525513,0.0,0.0,0.3470625877380371,0.05246282368898392,7.879447366576642e-05,1.2844318151474,0.0,0.0
164,4.5624518394470215,0.3077033460140228,36.01227569580078,2.87715220451355,0.5296736359596252,58.427608489990234,1.0954574346542358,1.0958893299102783,35.98,1.0929564237594604,0.06480936706066132,0.025424625724554062,5.63310432434082,0.0,0.0,0.30727940797805786,6.253840547287837e-05,0.004327866714447737,0.857322633266449,0.0,0.0,1.0919350385665894,0.4736841917037964,0.01598220504820347,0.17917339503765106,0.01104237325489521,0.30333977937698364,0.2880779802799225,0.01792505383491516,0.0005519623518921435,0.6075945496559143,1.0,0.0,0.8418260812759399,0.24557845294475555,0.0005632185493595898,0.01924816146492958,0.0,0.0,0.34719184041023254,0.06148549169301987,7.71346312831156e-05,1.2797083854675293,0.0,0.0
165,4.845129013061523,0.6650406122207642,33.37211227416992,6.180081844329834,0.6003701090812683,43.77004623413086,1.2187610864639282,1.217829704284668,62.75,1.0105926990509033,0.007037311792373657,0.04709970951080322,14.544135093688965,0.0,0.0,0.3058261275291443,8.73819431035372e-07,0.004354861564934254,0.6804935336112976,0.0,0.0,1.078752875328064,0.39509910345077515,0.017906561493873596,0.2691822052001953,0.015708452090620995,0.4927685558795929,0.29252976179122925,0.01927103102207184,0.0007463688962161541,0.5967680215835571,1.0,0.0,0.8264204263687134,0.26672831177711487,0.0005143369780853391,0.018684986978769302,0.0,0.0,0.3432607650756836,0.0492069348692894,0.0001616788504179567,1.2464592456817627,0.0,0.0
166,1.1711276769638062,0.49593809247016907,30.44132423400879,4.589139461517334,0.6698545217514038,58.93790817260742,1.234460473060608,1.2335411310195923,60.37,0.8480811715126038,0.019443023949861526,0.07930321246385574,9.233701705932617,0.0,0.0,0.33317452669143677,0.00012260599760338664,0.0014292949344962835,0.7437416911125183,0.0,0.0,1.0134371519088745,0.5971990823745728,0.015471127815544605,0.19808992743492126,0.011309025809168816,0.3466472327709198,0.2996395230293274,0.02559548057615757,0.0005420249653980136,0.7255923748016357,1.0,0.0,0.9539024233818054,0.160751074552536,0.0006385460146702826,0.02081380970776081,0.0,0.0,0.3427903950214386,0.07328671216964722,3.519988604239188e-05,1.2939069271087646,0.0,0.0
167,2.3484060764312744,0.6220993399620056,25.295974731445312,7.775607109069824,0.5569056272506714,41.100704193115234,1.1730951070785522,1.1709057092666626,159.39,0.9181832671165466,0.010444965213537216,0.061330266296863556,12.887317657470703,0.0,0.0,0.31800663471221924,1.8510980225983076e-05,0.006041473709046841,0.6935105323791504,0.0,0.0,1.107890248298645,0.3773331642150879,0.020204482600092888,0.35316741466522217,0.01897086203098297,0.6490136384963989,0.28539326786994934,0.01634618453681469,0.0008287744130939245,0.5331970453262329,1.0,0.0,0.8110806345939636,0.26791146397590637,0.0005167535273358226,0.01877109333872795,0.0,0.0,0.345151424407959,0.04814102128148079,0.00012199456978123635,1.2697645425796509,0.0,0.0
168,2.0915603637695312,0.1749695986509323,39.91666030883789,7.267587184906006,0.4653075635433197,47.774818420410156,1.217788815498352,1.2164716720581055,88.91,0.937289297580719,0.07533638924360275,0.029366595670580864,3.154501438140869,0.0,0.0,0.3515274226665497,0.00011791212455136701,0.009585199877619743,0.9128599166870117,0.0,0.0,1.0472773313522339,0.24309475719928741,0.020886117592453957,0.34595444798469543,0.020737819373607635,0.6568742990493774,0.27853819727897644,0.011358932591974735,0.0009852593066170812,0.4296407401561737,1.0,0.0,0.6916142106056213,0.41422104835510254,0.00043043005280196667,0.01661597192287445,0.0,0.0,0.3474131226539612,0.03703899681568146,0.0002574360987637192,1.2342720031738281,0.0,0.0
169,3.7079648971557617,0.5748187303543091,22.979679107666016,4.290709018707275,0.6737092137336731,56.843345642089844,1.1034282445907593,1.1053686141967773,159.09,1.0096707344055176,0.012997201643884182,0.05144234746694565,12.423328399658203,0.0,0.0,0.30365699529647827,1.4229780390451197e-05,0.0024898750707507133,0.7185574173927307,0.0,0.0,1.0703752040863037,0.5876272320747375,0.014688006602227688,0.19252710044384003,0.01054632943123579,0.3325665593147278,0.297756165266037,0.024612748995423317,0.0004960367805324495,0.749058187007904,1.0,0.0,0.9520503282546997,0.1645757257938385,0.0006297375657595694,0.020711028948426247,0.0,0.0,0.34290915727615356,0.0740697905421257,4.1256131225964054e-05,1.2902628183364868,0.0,0.0
170,1.7170385122299194,0.729428768157959,14.79478645324707,5.880212306976318,0.6415858864784241,50.13343048095703,1.001901626586914,1.0044831037521362,256.51,0.8774945139884949,0.0037711963523179293,0.07833639532327652,13.036775588989258,0.0,0.0,0.33143341541290283,2.769481397990603e-05,0.0033394871279597282,0.66396564245224,0.0,0.0,1.1056630611419678,0.5735827684402466,0.01640235260128975,0.27119743824005127,0.01344108022749424,0.4716305434703827,0.2893621027469635,0.02129664272069931,0.0005486895679496229,0.6889755725860596,1.0,0.0,0.9076119661331177,0.18642455339431763,0.0005796547629870474,0.020157163962721825,0.0,0.0,0.3428163230419159,0.058699142187833786,7.113499304978177e-05,1.2840365171432495,0.0,0.0
171,2.209686040878296,0.4518217444419861,27.801040649414062,7.996413230895996,0.6072393655776978,45.38847732543945,1.2352583408355713,1.237963080406189,176.87,0.9561735391616821,0.026877325028181076,0.053835656493902206,8.532899856567383,0.0,0.0,0.3161395788192749,5.0451977585908026e-05,0.005288927815854549,0.7621111273765564,0.0,0.0,1.0659503936767578,0.39092734456062317,0.019563879817724228,0.32421067357063293,0.018108628690242767,0.5990864634513855,0.291629821062088,0.019299102947115898,0.0008193017565645278,0.575056791305542,1.0,0.0,0.8240320682525635,0.24997033178806305,0.0005300382617861032,0.018820496276021004,0.0,0.0,0.34344494342803955,0.05145880579948425,0.00010869305697269738,1.2693111896514893,0.0,0.0
172,4.735318660736084,0.42327114939689636,34.84092330932617,7.834133625030518,0.5822276473045349,41.65878677368164,1.2422397136688232,1.2392140626907349,196.55,1.1093711853027344,0.02857920341193676,0.03499580919742584,7.922611236572266,0.0,0.0,0.29348456859588623,9.01698001598561e-07,0.007005698978900909,0.7849819660186768,0.0,0.0,1.0863330364227295,0.29593318700790405,0.019628247246146202,0.31922322511672974,0.01879570633172989,0.602098286151886,0.2904415428638458,0.01721801795065403,0.000880104023963213,0.539837658405304,1.0,0.0,0.760305643081665,0.3366526663303375,0.0004641261475626379,0.01749539002776146,0.0,0.0,0.3429713249206543,0.04195208102464676,0.00023768773826304823,1.2299062013626099,0.0,0.0
173,3.3291280269622803,0.3020657002925873,26.104965209960938,6.896233558654785,0.6728745698928833,52.693115234375,1.2257256507873535,1.2257580757141113,2.16,1.044744849205017,0.06652383506298065,0.03444770723581314,5.198856830596924,0.0,0.0,0.31544241309165955,7.749149517621845e-05,0.004086752887815237,0.8429914116859436,0.0,0.0,1.058366298675537,0.4862058460712433,0.01725585013628006,0.26278164982795715,0.014417237602174282,0.47572043538093567,0.29822298884391785,0.023796703666448593,0.0006707481807097793,0.6775621771812439,1.0,0.0,0.8691491484642029,0.20453153550624847,0.0005746411625295877,0.01942015439271927,0.0,0.0,0.34227362275123596,0.06291370093822479,6.071626194170676e-05,1.2844924926757812,0.0,0.0
174,4.470916748046875,0.6981523036956787,21.85952377319336,6.688549518585205,0.5764337182044983,54.00231170654297,1.0800817012786865,1.082026720046997,166.43,0.9953777194023132,0.00755468150600791,0.046804022043943405,15.537991523742676,0.0,0.0,0.31180694699287415,9.784707799553871e-07,0.0036737113259732723,0.6690400838851929,0.0,0.0,1.1660943031311035,0.48837172985076904,0.018562952056527138,0.3207705616950989,0.016465412452816963,0.5746629238128662,0.28563007712364197,0.017538076266646385,0.0007060007192194462,0.5863971710205078,1.0,0.0,0.8741708993911743,0.216111958026886,0.0005666232900694013,0.019844532012939453,0.0,0.0,0.34442436695098877,0.05688248574733734,6.662440864602104e-05,1.2866042852401733,0.0,0.0
175,4.400296688079834,0.07661503553390503,31.994417190551758,3.6051900386810303,0.606734037399292,57.3149299621582,1.1553610563278198,1.1583576202392578,223.9,1.062433123588562,0.18545831739902496,0.011949517764151096,1.5246589183807373,0.0,0.0,0.34699317812919617,0.0001648681500228122,0.004788538906723261,0.9755494594573975,0.0,0.0,1.0410163402557373,0.5001345872879028,0.015911919996142387,0.18770433962345123,0.011072982102632523,0.3213002383708954,0.2949695289134979,0.022215213626623154,0.0005335797322914004,0.6747087836265564,1.0,0.0,0.8219205737113953,0.2290946990251541,0.000557642022613436,0.01859966665506363,0.0,0.0,0.3449303209781647,0.06632450222969055,5.749286356149241e-05,1.2874776124954224,0.0,0.0
176,1.0203547477722168,0.15237627923488617,16.844484329223633,6.7319488525390625,0.7763542532920837,45.79526901245117,1.1488621234893799,1.148749589920044,8.53,1.2068320512771606,0.11928717792034149,0.03381916135549545,0.832538366317749,0.0,0.0,0.3786846399307251,0.0001895252789836377,0.004697097465395927,0.9322696328163147,0.0,0.0,1.0801836252212524,0.5334594249725342,0.014357851818203926,0.21337369084358215,0.010138176381587982,0.3672860860824585,0.30454543232917786,0.03106902353465557,0.00044727890053763986,0.8353757858276367,1.0,0.0,0.8563113212585449,0.1799231916666031,0.0005511711351573467,0.01879165507853031,0.0,0.0,0.34087109565734863,0.06295289844274521,7.521339284721762e-05,1.287516474723816,0.0,0.0
177,2.8655781745910645,0.0754401832818985,36.031394958496094,3.599079132080078,0.6730196475982666,53.58940124511719,1.2231385707855225,1.2232272624969482,5.93,0.9457553625106812,0.1848578006029129,0.021718420088291168,1.4826802015304565,0.0,0.0,0.37122413516044617,0.00022857201111037284,0.003259711666032672,0.9701420664787292,0.0,0.0,0.9830053448677063,0.5171146392822266,0.014522504061460495,0.16642017662525177,0.00965859368443489,0.28289780020713806,0.30087849497795105,0.026149770244956017,0.0004666644672397524,0.7567518353462219,1.0,0.0,0.8423347473144531,0.2145681083202362,0.0005602563614957035,0.018650300800800323,0.0,0.0,0.34235554933547974,0.06622542440891266,7.466285751434043e-05,1.274207592010498,0.0,0.0
178,5.397037982940674,0.4036858379840851,19.436792373657227,9.84878921508789,0.7704873085021973,43.83637619018555,1.1465091705322266,1.1458017826080322,53.85,1.150290846824646,0.04143087938427925,0.035140786319971085,7.570846080780029,0.0,0.0,0.28848281502723694,3.4326849345234223e-06,0.0036197444424033165,0.8130518794059753,0.0,0.0,1.0973058938980103,0.48081958293914795,0.015463384799659252,0.2760801911354065,0.013432241976261139,0.5005995631217957,0.3036300241947174,0.02682504989206791,0.0006046462804079056,0.777069628238678,1.0,0.0,0.8839135766029358,0.2020445466041565,0.0005697556771337986,0.01956196129322052,0.0,0.0,0.34105750918388367,0.06265909969806671,6.625706737395376e-05,1.2833271026611328,0.0,0.0
179,2.023451805114746,0.8085508942604065,28.09062957763672,7.492140769958496,0.4258142411708832,43.743507385253906,1.1230559349060059,1.1234105825424194,28.11,0.8044987320899963,0.008923732675611973,0.06939057260751724,18.326860427856445,0.0,0.0,0.34961560368537903,1.976687963178847e-05,0.008292212150990963,0.6367040276527405,0.0,0.0,1.1343027353286743,0.3457602560520172,0.021658502519130707,0.4027319550514221,0.021567896008491516,0.7449264526367188,0.2722381055355072,0.010146158747375011,0.0009411441278643906,0.41539812088012695,1.0,0.0,0.7794625163078308,0.29860955476760864,0.0004987975698895752,0.018666820600628853,0.0,0.0,0.3495909869670868,0.043052949011325836,0.00013318966375663877,1.2741036415100098,0.0,0.0
180,1.2036473751068115,0.19185198843479156,36.612464904785156,3.908116102218628,0.7450294494628906,43.703887939453125,1.2701749801635742,1.2691727876663208,62.17,0.8659748435020447,0.11154957115650177,0.052994195371866226,2.761225700378418,0.0,0.0,0.37175795435905457,0.00021991878747940063,0.002667310880497098,0.8898627758026123,0.0,0.0,0.9295915961265564,0.48511770367622375,0.012875042855739594,0.1505817472934723,0.008298148401081562,0.25282755494117737,0.306709349155426,0.0301313865929842,0.0004079251375515014,0.8449675440788269,1.0,0.0,0.86811763048172,0.2101289927959442,0.0005448054289445281,0.01870083436369896,0.0,0.0,0.33923661708831787,0.059093914926052094,0.00012764414714183658,1.2420682907104492,0.0,0.0
181,2.7646825313568115,0.9474760293960571,29.802522659301758,2.6324851512908936,0.6257372498512268,52.11664581298828,1.087315320968628,1.0896258354187012,195.02,0.7278059124946594,0.027322661131620407,0.08618537336587906,23.190452575683594,0.0,0.0,0.3675957918167114,5.630920350085944e-05,0.0017347834073007107,0.5769802331924438,0.0,0.0,0.9929055571556091,0.6275350451469421,0.014331192709505558,0.1495879888534546,0.008897584863007069,0.2432646006345749,0.2963932156562805,0.023832937702536583,0.0004262484435457736,0.7318490147590637,1.0,0.0,0.9588615894317627,0.16268427670001984,0.0006366807501763105,0.02092037908732891,0.0,0.0,0.3445446491241455,0.07223814725875854,4.8649581003701314e-05,1.2840838432312012,0.0,0.0
182,4.829024791717529,0.06659374386072159,40.74766540527344,2.6036429405212402,0.67069411277771,55.54490280151367,1.1689027547836304,1.166524052619934,174.45,1.061976432800293,0.20471647381782532,0.011218763887882233,1.517753005027771,0.0,0.0,0.3455609083175659,0.00015423606964759529,0.0034869720693677664,0.9930172562599182,0.0,0.0,0.9965059757232666,0.5016622543334961,0.01352922897785902,0.13945071399211884,0.008064833469688892,0.22485221922397614,0.30098429322242737,0.026180926710367203,0.00038429335108958185,0.7879716157913208,1.0,0.0,0.8341954946517944,0.2276962846517563,0.0005490358453243971,0.018356071785092354,0.0,0.0,0.34197893738746643,0.06638850271701813,9.342611156171188e-05,1.2641173601150513,0.0,0.0
183,1.3318637609481812,0.3103642761707306,37.568912506103516,1.853731393814087,0.6555177569389343,48.90415954589844,1.0830219984054565,1.0863820314407349,285.58,0.8491038680076599,0.07247282564640045,0.06459900736808777,5.491835117340088,0.0,0.0,0.35128992795944214,0.00020543820573948324,0.0018403589492663741,0.8395326137542725,0.0,0.0,0.9806383848190308,0.6036483645439148,0.012933575548231602,0.12245561927556992,0.006734452210366726,0.18367144465446472,0.29983487725257874,0.02629200555384159,0.0003126953379251063,0.7981783151626587,1.0,0.0,0.9243593215942383,0.1835172176361084,0.0005999844870530069,0.020014913752675056,0.0,0.0,0.3432528078556061,0.06785541027784348,8.789969433564693e-05,1.2602171897888184,0.0,0.0
184,5.0861687660217285,0.6879487037658691,28.012039184570312,4.978722095489502,0.40091562271118164,50.93406677246094,1.017875075340271,1.0177005529403687,16.85,1.004973292350769,0.007825794629752636,0.03826102986931801,15.493870735168457,0.0,0.0,0.3162137269973755,1.1065868648074684e-06,0.006983533035963774,0.6863674521446228,0.0,0.0,1.2150572538375854,0.39402881264686584,0.018896279856562614,0.31044042110443115,0.016810676082968712,0.5591256618499756,0.27053967118263245,0.010087705217301846,0.0007727578049525619,0.44416937232017517,1.0,0.0,0.8098810315132141,0.28381067514419556,0.0005264834617264569,0.01925329491496086,0.0,0.0,0.35039886832237244,0.04868096858263016,0.00010298540291842073,1.2806288003921509,0.0,0.0
185,5.679089546203613,0.9372163414955139,32.23338317871094,9.625006675720215,0.6178805828094482,52.298805236816406,1.2529386281967163,1.251322865486145,103.06,0.8473498821258545,0.024599719792604446,0.045626137405633926,20.118234634399414,0.0,0.0,0.3641238808631897,6.933373515494168e-05,0.0032403699588030577,0.5754731297492981,0.0,0.0,1.0282363891601562,0.41769957542419434,0.020447492599487305,0.3523726165294647,0.019721273332834244,0.6697332262992859,0.2918885350227356,0.018958160653710365,0.0008745693485252559,0.5621170997619629,1.0,0.0,0.8488912582397461,0.22751177847385406,0.0005408343859016895,0.01920628920197487,0.0,0.0,0.3422345221042633,0.05120514705777168,0.0001048744743457064,1.2682313919067383,0.0,0.0
186,3.9897608757019043,0.3244495093822479,24.799863815307617,6.299389362335205,0.431308388710022,50.24957275390625,1.054602861404419,1.0552170276641846,55.19,1.118583083152771,0.05247637256979942,0.024118367582559586,5.435437202453613,0.0,0.0,0.3061763048171997,2.3417736883857287e-05,0.009804103523492813,0.8402054905891418,0.0,0.0,1.216332197189331,0.34538379311561584,0.020385073497891426,0.3636738061904907,0.018767062574625015,0.6595790386199951,0.2724047005176544,0.010864634066820145,0.0008149925270117819,0.4497302174568176,1.0,0.0,0.7696963548660278,0.302839070558548,0.0005038564559072256,0.018392842262983322,0.0,0.0,0.34880679845809937,0.04764041304588318,0.00010159619705518708,1.2841095924377441,0.0,0.0
187,2.537470817565918,0.2981032133102417,38.603092193603516,2.694159507751465,0.6293946504592896,54.49801254272461,1.1618682146072388,1.1612508296966553,45.76,0.9520533680915833,0.07101305574178696,0.044131577014923096,5.413061618804932,0.0,0.0,0.33240532875061035,0.0001448202383471653,0.002363116480410099,0.8510157465934753,0.0,0.0,1.0118753910064697,0.5342589020729065,0.014226718805730343,0.15212920308113098,0.008958786725997925,0.2512064278125763,0.29712656140327454,0.023604990914463997,0.0004315078549552709,0.7323023676872253,1.0,0.0,0.8832157850265503,0.20919851958751678,0.0005806265398859978,0.019497772678732872,0.0,0.0,0.3436553180217743,0.06559691578149796,8.150399662554264e-05,1.2689919471740723,0.0,0.0
188,1.1944586038589478,0.4761488735675812,28.263336181640625,3.6737194061279297,0.6497057676315308,40.58552169799805,1.1687941551208496,1.167201280593872,116.76,0.8379924893379211,0.02367871254682541,0.07877467572689056,9.41259479522705,0.0,0.0,0.33293306827545166,0.00011074801295762882,0.00363269355148077,0.7558366656303406,0.0,0.0,0.9991667866706848,0.5120146870613098,0.014874310232698917,0.1780036985874176,0.010303943417966366,0.29931727051734924,0.298109769821167,0.024371715262532234,0.0004978547804057598,0.7273786067962646,1.0,0.0,0.8856539130210876,0.20746953785419464,0.0005712738493457437,0.01962425746023655,0.0,0.0,0.3436654806137085,0.06023118272423744,9.623639925848693e-05,1.2635077238082886,0.0,0.0
189,4.148209095001221,0.28549301624298096,21.0526123046875,3.8133316040039062,0.7078652381896973,51.104835510253906,1.0574517250061035,1.0571919679641724,23.24,1.0931687355041504,0.09074971079826355,0.029404981061816216,5.051876544952393,0.0,0.0,0.31064602732658386,7.877592724980786e-05,0.003217587945982814,0.8600237965583801,0.0,0.0,1.0564392805099487,0.5659570097923279,0.0135344872251153,0.16617625951766968,0.008783475495874882,0.27559658885002136,0.30083101987838745,0.026936553418636322,0.00041907269041985273,0.8110285997390747,1.0,0.0,0.9233540892601013,0.17156407237052917,0.0006141586345620453,0.020142734050750732,0.0,0.0,0.3427458107471466,0.07473327964544296,4.276098115951754e-05,1.2903274297714233,0.0,0.0
190,3.902491569519043,0.09797360748052597,23.59405517578125,8.620007514953613,0.47163110971450806,56.06191635131836,1.110713243484497,1.1129064559936523,177.43,1.1254912614822388,0.13319891691207886,0.009745839983224869,2.408923387527466,0.0,0.0,0.3362959325313568,8.957933459896594e-05,0.011605428531765938,0.9530873894691467,0.0,0.0,1.1815624237060547,0.32223939895629883,0.02234462834894657,0.43941235542297363,0.021811556071043015,0.8077244162559509,0.27518001198768616,0.011958958581089973,0.0008929692558012903,0.45501992106437683,1.0,0.0,0.7346855998039246,0.3072550892829895,0.00048313854495063424,0.017553940415382385,0.0,0.0,0.346699059009552,0.04734556004405022,9.521941683487967e-05,1.2879868745803833,0.0,0.0
191,4.012317657470703,0.14075219631195068,39.310760498046875,5.2297821044921875,0.5431060194969177,56.210941314697266,1.2194448709487915,1.2197433710098267,20.07,1.0590834617614746,0.11226336658000946,0.016090616583824158,2.29512095451355,0.0,0.0,0.3342069387435913,0.00011185101902810857,0.006588971242308617,0.9401866793632507,0.0,0.0,1.0553606748580933,0.35108357667922974,0.018256928771734238,0.25466951727867126,0.015340493060648441,0.46537017822265625,0.28792405128479004,0.016985327005386353,0.0007453583530150354,0.5528825521469116,1.0,0.0,0.7614267468452454,0.30689120292663574,0.0004972809110768139,0.017703762277960777,0.0,0.0,0.3453930616378784,0.050697725266218185,0.00013487949036061764,1.262726068496704,0.0,0.0
192,3.4058115482330322,0.9669526219367981,22.756439208984375,5.927379608154297,0.6786630749702454,46.381996154785156,1.1465762853622437,1.1478012800216675,93.08,0.7441657185554504,0.029143227264285088,0.07374170422554016,23.955322265625,0.0,0.0,0.3676779568195343,5.308111212798394e-05,0.002322136890143156,0.5666851997375488,0.0,0.0,1.0122292041778564,0.5797179937362671,0.016029542312026024,0.24162860214710236,0.012673074379563332,0.4245801568031311,0.29688289761543274,0.0243668295443058,0.0005769752897322178,0.7151133418083191,1.0,0.0,0.9402644634246826,0.17038875818252563,0.0006129309185780585,0.02071460522711277,0.0,0.0,0.3425452709197998,0.06332697719335556,5.525535380002111e-05,1.2837828397750854,0.0,0.0
193,5.550739288330078,0.35252511501312256,32.451927185058594,8.876579284667969,0.6765621900558472,58.197837829589844,1.2938177585601807,1.2917803525924683,121.9,1.1719251871109009,0.049603421241045,0.027605310082435608,6.319091796875,0.0,0.0,0.29002270102500916,1.0182088772126008e-05,0.0045297518372535706,0.8234259486198425,0.0,0.0,1.0817866325378418,0.41143813729286194,0.01858975552022457,0.2922446131706238,0.01701882667839527,0.554604172706604,0.29928046464920044,0.022433940321207047,0.0008035944774746895,0.6363231539726257,1.0,0.0,0.8399316668510437,0.23626397550106049,0.0005484541179612279,0.01888606883585453,0.0,0.0,0.34118303656578064,0.058717139065265656,7.750662189209834e-05,1.2780613899230957,0.0,0.0
194,3.3555564880371094,0.3261951208114624,20.484615325927734,5.601587772369385,0.743331253528595,40.099693298339844,1.1363279819488525,1.1376616954803467,103.17,1.0583449602127075,0.06542890518903732,0.038229942321777344,5.269362926483154,0.0,0.0,0.3119566738605499,6.68652864987962e-05,0.003686876269057393,0.8388753533363342,0.0,0.0,1.045154333114624,0.5113388895988464,0.013941111043095589,0.19982607662677765,0.010191039182245731,0.3463093340396881,0.3031750023365021,0.02777356281876564,0.000491463637445122,0.8113175630569458,1.0,0.0,0.8891674876213074,0.1958346664905548,0.0005769050912931561,0.01953582651913166,0.0,0.0,0.341614305973053,0.06515822559595108,6.912495155120268e-05,1.2786108255386353,0.0,0.0
195,4.017642974853516,0.38414958119392395,40.25457000732422,4.1720404624938965,0.6788195371627808,55.54317855834961,1.2612864971160889,1.2630420923233032,110.2,1.0593111515045166,0.04271922633051872,0.03698289394378662,7.029702663421631,0.0,0.0,0.30208542943000793,4.216008892399259e-05,0.0027570617385208607,0.8086442351341248,0.0,0.0,1.0273683071136475,0.4608512222766876,0.014699787832796574,0.1781810224056244,0.010574844665825367,0.31204700469970703,0.300864040851593,0.02494107186794281,0.0005195952253416181,0.7447786927223206,1.0,0.0,0.8779954314231873,0.223246768116951,0.0005644154152832925,0.01926690898835659,0.0,0.0,0.3407905101776123,0.06125221773982048,9.911749657476321e-05,1.2602994441986084,0.0,0.0
196,3.172459602355957,0.25480708479881287,30.31586265563965,3.4581031799316406,0.40953439474105835,46.071998596191406,1.023224949836731,1.0213322639465332,181.11,1.0119932889938354,0.0717729851603508,0.027560962364077568,4.592109203338623,0.0,0.0,0.3292904794216156,9.159771434497088e-05,0.009217832237482071,0.8898619413375854,0.0,0.0,1.133453369140625,0.370046466588974,0.017503129318356514,0.23254932463169098,0.013590969145298004,0.39823654294013977,0.27476999163627625,0.0119421212002635,0.0006619871128350496,0.47916340827941895,1.0,0.0,0.7676364779472351,0.3140002191066742,0.000506147276610136,0.01835504360496998,0.0,0.0,0.3514598309993744,0.04862145707011223,0.00013498359476216137,1.269547939300537,0.0,0.0
197,1.5631637573242188,0.9874811768531799,18.13681411743164,6.974591255187988,0.7172141075134277,40.31522750854492,1.1390726566314697,1.1384528875350952,47.79,0.6778167486190796,0.03270462155342102,0.09917750954627991,21.058454513549805,0.0,0.0,0.3797067105770111,7.719414861639962e-05,0.0027221201453357935,0.5607389807701111,0.0,0.0,0.9904887080192566,0.5563421249389648,0.015661077573895454,0.25198009610176086,0.012793166562914848,0.45219847559928894,0.2984521687030792,0.02584116719663143,0.0005640768213197589,0.7492551207542419,1.0,0.0,0.9283515214920044,0.16680102050304413,0.0005990307545289397,0.020374998450279236,0.0,0.0,0.34192517399787903,0.06259136646986008,5.7710756664164364e-05,1.2837053537368774,0.0,0.0
198,5.975586414337158,0.6537015438079834,29.057249069213867,8.238396644592285,0.4608067572116852,58.271244049072266,1.1182805299758911,1.118363618850708,6.64,1.0806808471679688,0.011621242389082909,0.03305087983608246,13.38038444519043,0.0,0.0,0.30593791604042053,9.900804798235185e-07,0.006469252053648233,0.6880882382392883,0.0,0.0,1.2167304754257202,0.35055452585220337,0.021703515201807022,0.41586431860923767,0.021717317402362823,0.7856764793395996,0.27485594153404236,0.011036861687898636,0.0009427092154510319,0.4405934512615204,1.0,0.0,0.8002455830574036,0.28075453639030457,0.0005175046971999109,0.01890757866203785,0.0,0.0,0.3471955955028534,0.048118580132722855,9.313454938819632e-05,1.284255862236023,0.0,0.0
199,5.330305099487305,0.47503799200057983,19.273324966430664,5.680592060089111,0.7382902503013611,49.70516586303711,1.055870771408081,1.0554019212722778,42.07,1.1252204179763794,0.025165196508169174,0.037201475352048874,9.357721328735352,0.0,0.0,0.28834062814712524,8.385276828448696e-07,0.002726783510297537,0.7724995017051697,0.0,0.0,1.1190223693847656,0.544939398765564,0.01390546653419733,0.20861198008060455,0.01028771884739399,0.3601231276988983,0.3013245463371277,0.026745377108454704,0.00048430729657411575,0.8091045618057251,1.0,0.0,0.9458173513412476,0.1702599823474884,0.0006157923489809036,0.020630545914173126,0.0,0.0,0.3419792652130127,0.07049231231212616,4.6884833864169195e-05,1.289430856704712,0.0,0.0
200,5.961935043334961,0.1718575358390808,23.437084197998047,6.103143692016602,0.622352123260498,42.898773193359375,1.1132993698120117,1.1127500534057617,44.34,1.1752971410751343,0.1119065061211586,0.02143307588994503,2.8664162158966064,0.0,0.0,0.3072502315044403,4.8972939111990854e-05,0.006150506436824799,0.92463219165802,0.0,0.0,1.1057064533233643,0.400634765625,0.01736260950565338,0.27251681685447693,0.014318319968879223,0.4894324541091919,0.2925313711166382,0.020312536507844925,0.0006372709758579731,0.6458734273910522,1.0,0.0,0.7996687293052673,0.25889506936073303,0.0005199798615649343,0.01832609437406063,0.0,0.0,0.3442510962486267,0.05529794469475746,9.72678026300855e-05,1.2769157886505127,0.0,0.0
201,4.694946765899658,0.5771201252937317,28.41031265258789,2.867826461791992,0.6769627332687378,40.62919998168945,1.0866695642471313,1.0856105089187622,89.77,1.0457146167755127,0.009068531915545464,0.04818104952573776,12.003686904907227,0.0,0.0,0.2973096966743469,1.8909604477812536e-06,0.0025114668533205986,0.7199525237083435,0.0,0.0,1.0552068948745728,0.5682675838470459,0.013299397192895412,0.1436488926410675,0.008184337988495827,0.23429915308952332,0.300523042678833,0.025339076295495033,0.00040814216481521726,0.78883957862854,1.0,0.0,0.9258158802986145,0.19275781512260437,0.0005907741724513471,0.020103637129068375,0.0,0.0,0.3429376780986786,0.06708145886659622,9.060886804945767e-05,1.261741280555725,0.0,0.0
202,1.570669412612915,0.5007365942001343,31.408802032470703,5.929040431976318,0.6997338533401489,42.42451477050781,1.287617802619934,1.2886782884597778,63.91,0.868419349193573,0.01906542107462883,0.07544349879026413,10.01815128326416,0.0,0.0,0.3237738013267517,8.001775859156623e-05,0.0033612854313105345,0.733644962310791,0.0,0.0,0.978668212890625,0.45145124197006226,0.015721231698989868,0.2160050868988037,0.012718789279460907,0.3888426423072815,0.30231595039367676,0.025679508224129677,0.0006273099570535123,0.722576379776001,1.0,0.0,0.870948851108551,0.22003231942653656,0.0005513070500455797,0.019169339910149574,0.0,0.0,0.34087979793548584,0.056487392634153366,0.0001132652469095774,1.2530996799468994,0.0,0.0
203,2.2369120121002197,0.06580059230327606,31.509742736816406,4.600539207458496,0.7385073900222778,58.43263244628906,1.266605257987976,1.2663153409957886,18.08,0.9752421379089355,0.2059543877840042,0.024627555161714554,1.0087817907333374,0.0,0.0,0.38530582189559937,0.0002632063697092235,0.0025040542241185904,0.970905601978302,0.0,0.0,0.9764971733093262,0.5600294470787048,0.014013491570949554,0.16979491710662842,0.00941182766109705,0.2936442494392395,0.3060607314109802,0.03052985854446888,0.000455408007837832,0.8160750865936279,1.0,0.0,0.9020808339118958,0.1647668182849884,0.0006095834542065859,0.019565921276807785,0.0,0.0,0.3411460816860199,0.0769798681139946,3.5342385672265664e-05,1.2951127290725708,0.0,0.0
204,1.9224663972854614,0.6603907942771912,16.787532806396484,9.088506698608398,0.4354860186576843,52.43511962890625,1.0024547576904297,1.00065279006958,179.64,0.9544981718063354,0.009039964526891708,0.0585777685046196,12.440105438232422,0.0,0.0,0.3246639668941498,8.477133519591007e-07,0.007606857921928167,0.6973975300788879,0.0,0.0,1.2888902425765991,0.36166396737098694,0.022601056843996048,0.5031017661094666,0.023266054689884186,0.9081417322158813,0.265733927488327,0.009184758178889751,0.0008639516890980303,0.44413432478904724,1.0,0.0,0.7838190197944641,0.28152796626091003,0.0004963349201716483,0.01863405480980873,0.0,0.0,0.3466903567314148,0.04300298914313316,9.034462709678337e-05,1.289876103401184,0.0,0.0
205,2.4973807334899902,0.43320173025131226,23.138879776000977,7.046463489532471,0.6751548647880554,54.94075393676758,1.1990268230438232,1.1967147588729858,161.13,0.9828627705574036,0.032432083040475845,0.05135858431458473,7.84453821182251,0.0,0.0,0.3142384886741638,6.233865133253857e-05,0.0032471066806465387,0.778566300868988,0.0,0.0,1.0634151697158813,0.5175322890281677,0.01719757355749607,0.27180975675582886,0.014434125274419785,0.48679521679878235,0.2971777021884918,0.023912832140922546,0.0006529395468533039,0.6827999353408813,1.0,0.0,0.9057012796401978,0.18692827224731445,0.0005958430701866746,0.020125433802604675,0.0,0.0,0.3422129452228546,0.06285997480154037,5.414956103777513e-05,1.2881416082382202,0.0,0.0
206,3.5712337493896484,0.9454945921897888,25.464452743530273,6.605057239532471,0.693647563457489,43.80952072143555,1.2061375379562378,1.2069975137710571,59.07,0.7752264738082886,0.02589317038655281,0.07054389268159866,23.014841079711914,0.0,0.0,0.36100003123283386,4.8300629714503884e-05,0.0024741620291024446,0.5695828199386597,0.0,0.0,0.9909660220146179,0.5325978994369507,0.016176078468561172,0.24483253061771393,0.01335134357213974,0.44565415382385254,0.2992537319660187,0.024634620174765587,0.0006230450235307217,0.7123223543167114,1.0,0.0,0.9117385745048523,0.18710941076278687,0.0005876418435946107,0.020082473754882812,0.0,0.0,0.34180623292922974,0.06104566156864166,7.197231752797961e-05,1.274417757987976,0.0,0.0
207,3.401411771774292,0.8936776518821716,32.13218307495117,3.3380489349365234,0.40660083293914795,42.17207717895508,1.0150002241134644,1.0156000852584839,58.19,0.7772409915924072,0.012010295875370502,0.06401277333498001,21.799001693725586,0.0,0.0,0.364370733499527,3.702335379784927e-05,0.006688843481242657,0.6260079741477966,0.0,0.0,1.0858806371688843,0.4207885265350342,0.01721031963825226,0.22629329562187195,0.013456192798912525,0.3842198848724365,0.27459919452667236,0.01189337857067585,0.000659132027067244,0.4775683581829071,1.0,0.0,0.798988938331604,0.2898119390010834,0.000511516525875777,0.018903981894254684,0.0,0.0,0.351826936006546,0.04609489440917969,0.00016643933486193419,1.256612777709961,0.0,0.0
208,3.272439956665039,0.4281783699989319,29.85357666015625,5.669317722320557,0.7568075060844421,43.20147705078125,1.2746820449829102,1.2752702236175537,36.18,1.015429139137268,0.034586481750011444,0.04943470656871796,7.966949939727783,0.0,0.0,0.30564406514167786,4.9069007218349725e-05,0.0031257111113518476,0.7775148153305054,0.0,0.0,1.002840518951416,0.4938030242919922,0.013984019868075848,0.1844414472579956,0.010360575281083584,0.3247646689414978,0.3073311150074005,0.029122229665517807,0.0005336097092367709,0.8103199005126953,1.0,0.0,0.9062764048576355,0.19606828689575195,0.0005790070863440633,0.019627392292022705,0.0,0.0,0.3397338390350342,0.06365574896335602,8.999827696243301e-05,1.2603693008422852,0.0,0.0
209,2.465315103530884,0.49674010276794434,15.258533477783203,7.874445915222168,0.5665839910507202,51.138973236083984,1.0010896921157837,1.0003385543823242,75.01,1.0752522945404053,0.021988458931446075,0.04677620530128479,7.279996395111084,0.0,0.0,0.3099740445613861,1.7046111679519527e-05,0.00651328032836318,0.7607109546661377,0.0,0.0,1.213437795639038,0.42829927802085876,0.019789814949035645,0.3844878673553467,0.018014049157500267,0.6762433648109436,0.28070566058158875,0.016269411891698837,0.0006853299564681947,0.5744614005088806,1.0,0.0,0.8195760250091553,0.24098987877368927,0.0005200000596232712,0.018888114020228386,0.0,0.0,0.3438242971897125,0.04823480173945427,0.0001080342844943516,1.2837772369384766,0.0,0.0
210,4.364599227905273,0.5203615427017212,22.92459487915039,4.700164318084717,0.5895600914955139,76.66802978515625,1.0676828622817993,1.0678707361221313,16.48,1.0297061204910278,0.014731778763234615,0.043731898069381714,10.713519096374512,0.0,0.0,0.29856565594673157,2.5031765744643053e-06,0.0026932545006275177,0.7537604570388794,0.0,0.0,1.1207369565963745,0.497683584690094,0.016523338854312897,0.24316103756427765,0.013012607581913471,0.42237040400505066,0.2891623079776764,0.019396260380744934,0.0005888916784897447,0.6376946568489075,1.0,0.0,0.8973392844200134,0.2069372832775116,0.0005788218695670366,0.020058047026395798,0.0,0.0,0.3438454866409302,0.058232612907886505,8.837933273753151e-05,1.2720502614974976,0.0,0.0
211,3.4375197887420654,0.06333655118942261,43.88861846923828,3.647822141647339,0.6449527144432068,44.2336540222168,1.2199997901916504,1.2216923236846924,113.56,0.9616217613220215,0.16283202171325684,0.019246244803071022,1.4815763235092163,0.0,0.0,0.3629622459411621,0.00014589120110031217,0.005445401184260845,0.9889417290687561,0.0,0.0,0.9392020106315613,0.31393757462501526,0.014580139890313148,0.17392376065254211,0.010426782071590424,0.3012280762195587,0.2974017560482025,0.022824233397841454,0.0005003963015042245,0.7170957326889038,1.0,0.0,0.7444375157356262,0.33942678570747375,0.00044658174738287926,0.016540681943297386,0.0,0.0,0.3405694365501404,0.04410460591316223,0.0002795943000819534,1.2004921436309814,0.0,0.0
212,1.965658187866211,0.037890031933784485,20.15374755859375,8.427475929260254,0.4883367717266083,51.210205078125,1.09577214717865,1.095855712890625,6.96,0.9772425889968872,0.15423008799552917,0.015509265474975109,1.6645495891571045,0.0,0.0,0.380398690700531,0.000158505848958157,0.010585176758468151,0.9907878041267395,0.0,0.0,1.1477608680725098,0.34077057242393494,0.0220370851457119,0.42967694997787476,0.021076617762446404,0.7838022112846375,0.2756664454936981,0.012961850501596928,0.0008308190735988319,0.47807076573371887,1.0,0.0,0.72203528881073,0.30814021825790405,0.00047328651999123394,0.01726805977523327,0.0,0.0,0.3462565839290619,0.04551587626338005,9.262302774004638e-05,1.2891104221343994,0.0,0.0
213,5.058790683746338,0.17466874420642853,20.765775680541992,8.023893356323242,0.6890987753868103,44.12689971923828,1.1438827514648438,1.1457223892211914,140.37,1.1307317018508911,0.11878985166549683,0.021026020869612694,3.142486810684204,0.0,0.0,0.31298932433128357,5.6736455007921904e-05,0.005780046805739403,0.9240461587905884,0.0,0.0,1.0875545740127563,0.41171035170555115,0.017217043787240982,0.2937803268432617,0.014758720062673092,0.5288189053535461,0.29734382033348083,0.02326701022684574,0.0006467876373790205,0.6947023868560791,1.0,0.0,0.8172277212142944,0.23840634524822235,0.0005322598153725266,0.018534526228904724,0.0,0.0,0.3424954116344452,0.05703059956431389,8.160868310369551e-05,1.2819485664367676,0.0,0.0
214,1.8907759189605713,0.10180595517158508,25.927513122558594,4.680816650390625,0.5324155688285828,48.58736038208008,1.1201611757278442,1.1223863363265991,176.99,0.9110347628593445,0.13307659327983856,0.027137134224176407,1.8445106744766235,0.0,0.0,0.37569907307624817,0.00021634597214870155,0.0067760092206299305,0.9568999409675598,0.0,0.0,1.0619653463363647,0.4308200776576996,0.018036650493741035,0.2549251317977905,0.014283610507845879,0.44894132018089294,0.2854602336883545,0.01758763939142227,0.000645006715785712,0.5701290965080261,1.0,0.0,0.7859445810317993,0.2599100172519684,0.0005251153488643467,0.018315328285098076,0.0,0.0,0.3468363583087921,0.054538190364837646,8.32140794955194e-05,1.2837269306182861,0.0,0.0
215,1.588701605796814,0.8652240633964539,17.957183837890625,6.83058500289917,0.6083784103393555,46.60523986816406,1.083223819732666,1.0862854719161987,260.19,0.7661775350570679,0.011868789792060852,0.0871487706899643,18.508514404296875,0.0,0.0,0.3554430902004242,4.305709444452077e-05,0.0035532622132450342,0.60994952917099,0.0,0.0,1.0731334686279297,0.5386563539505005,0.018109383061528206,0.3113892078399658,0.015958251431584358,0.560562789440155,0.28743404150009155,0.019464021548628807,0.0006596851162612438,0.6236728429794312,1.0,0.0,0.8884516954421997,0.1941758692264557,0.0005745677626691759,0.020006591454148293,0.0,0.0,0.34387150406837463,0.05701122060418129,6.282673712121323e-05,1.2876249551773071,0.0,0.0
216,1.0753953456878662,0.2959762215614319,37.194068908691406,8.243337631225586,0.4080811142921448,42.45586013793945,1.178177833557129,1.1787655353546143,42.32,0.9009952545166016,0.041174646466970444,0.04607516899704933,5.307676315307617,0.0,0.0,0.3468130826950073,8.913004421629012e-05,0.01116854790598154,0.8501989245414734,0.0,0.0,1.0771422386169434,0.22443662583827972,0.022273056209087372,0.40755704045295715,0.02383081428706646,0.7832985520362854,0.2717736065387726,0.008218723349273205,0.001099892659112811,0.36930879950523376,1.0,0.0,0.6743808388710022,0.4397854506969452,0.00041413179133087397,0.016512233763933182,0.0,0.0,0.34991273283958435,0.03361053392291069,0.00026059584342874587,1.2331949472427368,0.0,0.0
217,1.5314393043518066,0.9800269603729248,19.5010929107666,5.389827251434326,0.6454111933708191,51.640777587890625,1.1024872064590454,1.1029603481292725,38.91,0.658868134021759,0.026975013315677643,0.10073383152484894,23.036462783813477,0.0,0.0,0.3817366063594818,7.419779285555705e-05,0.002016692655161023,0.5700690746307373,0.0,0.0,0.9958913326263428,0.5914892554283142,0.0162359531968832,0.24142761528491974,0.012897754088044167,0.4311710000038147,0.2928958833217621,0.02275070920586586,0.0005596276023425162,0.6922313570976257,1.0,0.0,0.9497188925743103,0.15813541412353516,0.0006229045684449375,0.020905297249555588,0.0,0.0,0.3432830274105072,0.06522154808044434,4.5340017095441e-05,1.2893891334533691,0.0,0.0
218,3.7466065883636475,0.5238979458808899,37.83639144897461,2.524484634399414,0.640046238899231,40.81459426879883,1.1126245260238647,1.1092112064361572,276.58,0.9862829446792603,0.013865113258361816,0.05377831310033798,10.887129783630371,0.0,0.0,0.30302906036376953,2.4671355276950635e-05,0.003150617005303502,0.7471725344657898,0.0,0.0,0.994010865688324,0.4193013906478882,0.01359827071428299,0.14222577214241028,0.008502003736793995,0.2314845770597458,0.2986699044704437,0.02329959347844124,0.00042475585360080004,0.7472497820854187,1.0,0.0,0.8561232686042786,0.2591002285480499,0.0005241070757620037,0.018719593062996864,0.0,0.0,0.34245291352272034,0.05340194329619408,0.00017616136756259948,1.221789002418518,0.0,0.0
219,2.9543755054473877,0.7052154541015625,30.301288604736328,5.776632308959961,0.46875154972076416,42.25809860229492,1.124354362487793,1.1233454942703247,79.88,0.8970513343811035,0.006672419607639313,0.05924518033862114,15.981120109558105,0.0,0.0,0.3259853720664978,4.863442427449627e-06,0.007071023806929588,0.6735627055168152,0.0,0.0,1.1204252243041992,0.36313122510910034,0.01944424770772457,0.3138023614883423,0.01771285943686962,0.5693039298057556,0.2788763642311096,0.012996019795536995,0.0008166407933458686,0.47628581523895264,1.0,0.0,0.7883868217468262,0.3011901080608368,0.000499908288475126,0.018572013825178146,0.0,0.0,0.3484320640563965,0.04490030184388161,0.00016145274275913835,1.259766936302185,0.0,0.0
220,5.948785781860352,0.30374425649642944,26.824020385742188,4.571033477783203,0.616355836391449,54.78944778442383,1.1159605979919434,1.112389087677002,287.7,1.1666696071624756,0.0670713558793068,0.024779707193374634,5.55039644241333,0.0,0.0,0.29368531703948975,2.90007683361182e-05,0.004265171010047197,0.8518956899642944,0.0,0.0,1.1043788194656372,0.49014320969581604,0.01631411537528038,0.22008319199085236,0.012366991490125656,0.3895348608493805,0.2937617897987366,0.02103917859494686,0.0005839033983647823,0.6664842963218689,1.0,0.0,0.8722100257873535,0.21306490898132324,0.0005800175131298602,0.019593503326177597,0.0,0.0,0.3444744944572449,0.06546331942081451,5.669497841154225e-05,1.2871063947677612,0.0,0.0
221,2.8508541584014893,0.10048940777778625,31.131818771362305,7.982265472412109,0.4098241925239563,51.16126251220703,1.1493905782699585,1.1498680114746094,36.12,1.0332481861114502,0.11200496554374695,0.01356444600969553,2.5202319622039795,0.0,0.0,0.3523271679878235,0.00011773581354646012,0.012188591994345188,0.9544873833656311,0.0,0.0,1.1447441577911377,0.2800939679145813,0.022410552948713303,0.41986432671546936,0.02261359430849552,0.7907679677009583,0.2712903916835785,0.009259656071662903,0.0010044293012470007,0.3911953270435333,1.0,0.0,0.7042530179023743,0.3592080771923065,0.0004613648634403944,0.017194658517837524,0.0,0.0,0.3495618999004364,0.04278121516108513,0.00012973610137123615,1.2761532068252563,0.0,0.0
222,5.6869659423828125,0.5747068524360657,29.538572311401367,6.539165496826172,0.6039496064186096,40.52952575683594,1.182176113128662,1.1827638149261475,42.03,1.0788414478302002,0.010521702468395233,0.040282201021909714,11.9716215133667,0.0,0.0,0.2942824363708496,8.346499953404418e-07,0.004725022707134485,0.7215474247932434,0.0,0.0,1.1018540859222412,0.3720104992389679,0.01793307438492775,0.28373390436172485,0.0159068014472723,0.5238016843795776,0.2917362153530121,0.01886727102100849,0.0007380314636975527,0.6010985970497131,1.0,0.0,0.8178003430366516,0.2747546136379242,0.0005109746125526726,0.018616827204823494,0.0,0.0,0.3436235785484314,0.049209609627723694,0.00015523767797276378,1.2526358366012573,0.0,0.0
223,5.181358814239502,0.417865127325058,33.29085922241211,6.312972545623779,0.4562962055206299,46.454627990722656,1.1355153322219849,1.13540518283844,8.54,1.14790940284729,0.030448447912931442,0.0282882247120142,7.471830368041992,0.0,0.0,0.2940571904182434,8.720303981135658e-07,0.009090369567275047,0.7981466054916382,0.0,0.0,1.1807814836502075,0.3067483901977539,0.02010379731655121,0.3346768915653229,0.018758825957775116,0.619569718837738,0.2777213752269745,0.01188200805336237,0.0008733055437915027,0.45208674669265747,1.0,0.0,0.7560848593711853,0.341644287109375,0.0004775599227286875,0.017985019832849503,0.0,0.0,0.348148375749588,0.042973581701517105,0.0001940867368830368,1.255133032798767,0.0,0.0
224,5.346199989318848,0.18137773871421814,35.44247055053711,7.47042989730835,0.537932813167572,42.0219841003418,1.2163861989974976,1.217389702796936,67.77,1.1461622714996338,0.08234065026044846,0.019940946251153946,3.3095998764038086,0.0,0.0,0.3098691403865814,4.129247827222571e-05,0.010560539551079273,0.9160356521606445,0.0,0.0,1.0705299377441406,0.26580166816711426,0.020190315321087837,0.3308556377887726,0.019282810389995575,0.6224084496498108,0.2864428162574768,0.015298753045499325,0.0008942170534282923,0.5013728141784668,1.0,0.0,0.7122012376785278,0.38016071915626526,0.0004386545333545655,0.01668342389166355,0.0,0.0,0.34458401799201965,0.040080443024635315,0.0002717489842325449,1.2289807796478271,0.0,0.0
225,4.716347694396973,0.16888004541397095,26.727062225341797,7.449713706970215,0.6177160739898682,40.55571746826172,1.1987535953521729,1.1990820169448853,22.85,1.114804744720459,0.1032707467675209,0.020270206034183502,2.987264633178711,0.0,0.0,0.3176727592945099,6.396543903974816e-05,0.007552894297987223,0.9196996688842773,0.0,0.0,1.0684623718261719,0.3351422846317291,0.01871947944164276,0.3058496117591858,0.016683295369148254,0.5645911693572998,0.2928543984889984,0.0196828655898571,0.0007515809265896678,0.6033903956413269,1.0,0.0,0.7671497464179993,0.29583021998405457,0.0004910987336188555,0.017695914953947067,0.0,0.0,0.3435061275959015,0.04926068335771561,0.0001429723051842302,1.2613774538040161,0.0,0.0
226,2.252734661102295,0.6987262964248657,39.19091796875,3.468169689178467,0.6064621806144714,48.71558380126953,1.1997289657592773,1.2005667686462402,58.17,0.8338334560394287,0.00395155930891633,0.080886110663414,15.570684432983398,0.0,0.0,0.3269844055175781,3.2197218388319016e-05,0.00247353408485651,0.666293740272522,0.0,0.0,1.0006437301635742,0.4763125479221344,0.015223842114210129,0.18075361847877502,0.010989539325237274,0.3094375431537628,0.29500630497932434,0.02137436345219612,0.000538423249963671,0.676247775554657,1.0,0.0,0.8763189911842346,0.23215168714523315,0.0005504742148332298,0.019415253773331642,0.0,0.0,0.3436470925807953,0.05509129539132118,0.0001313329703407362,1.2456408739089966,0.0,0.0
227,2.192948341369629,0.04685613885521889,26.04861068725586,9.931396484375,0.47162002325057983,43.771114349365234,1.1756339073181152,1.1757605075836182,9.16,0.9525241851806641,0.13682174682617188,0.014543811790645123,2.871959924697876,0.0,0.0,0.37231701612472534,0.00013604499690700322,0.012867179699242115,0.9762535691261292,0.0,0.0,1.115202784538269,0.275362104177475,0.02357041835784912,0.4705902636051178,0.024325335398316383,0.8781136870384216,0.27555742859840393,0.011495394632220268,0.000999569776467979,0.4303802251815796,1.0,0.0,0.6906396746635437,0.36153340339660645,0.00044562312541529536,0.016722599044442177,0.0,0.0,0.3470780849456787,0.040817659348249435,0.00013714481610804796,1.2736663818359375,0.0,0.0
228,4.566103935241699,0.8241887092590332,34.5559196472168,7.478984832763672,0.5611432194709778,43.678035736083984,1.224897861480713,1.224526286125183,24.77,0.9471213221549988,0.010855448432266712,0.048476144671440125,15.604792594909668,0.0,0.0,0.33537557721138,1.6069507182692178e-05,0.005532410927116871,0.6171038150787354,0.0,0.0,1.0561041831970215,0.3382706940174103,0.019915804266929626,0.32310667634010315,0.01857663318514824,0.6055725812911987,0.28797677159309387,0.016518713906407356,0.000847985502332449,0.5260353684425354,1.0,0.0,0.7952601313591003,0.2969960868358612,0.0004863815556745976,0.01830133982002735,0.0,0.0,0.343950092792511,0.042234670370817184,0.00021179825125727803,1.2408804893493652,0.0,0.0
229,3.062567949295044,0.18170833587646484,18.229442596435547,8.838223457336426,0.5973411202430725,46.31827926635742,1.0975408554077148,1.0972436666488647,24.68,1.0879498720169067,0.10601086914539337,0.022338831797242165,2.9734809398651123,0.0,0.0,0.33142849802970886,8.035686187213287e-05,0.008485324680805206,0.9116913080215454,0.0,0.0,1.144193410873413,0.3788132071495056,0.020159471780061722,0.38363590836524963,0.018605049699544907,0.6910194754600525,0.28611403703689575,0.0180027075111866,0.0007376852445304394,0.5840836763381958,1.0,0.0,0.7721850872039795,0.2669263482093811,0.0004998220829293132,0.017941249534487724,0.0,0.0,0.34376460313796997,0.04949408024549484,0.00010121806553797796,1.2848596572875977,0.0,0.0
230,4.359333515167236,0.5685798525810242,25.98133659362793,4.087155342102051,0.47376927733421326,54.323978424072266,1.0271832942962646,1.0277541875839233,54.08,1.0304409265518188,0.013659854419529438,0.040651917457580566,12.46151351928711,0.0,0.0,0.3038155138492584,1.0811381798703223e-06,0.005023596342653036,0.7297269105911255,0.0,0.0,1.19098961353302,0.4671779274940491,0.017606645822525024,0.25229355692863464,0.01407566200941801,0.4395204782485962,0.27885761857032776,0.014083382673561573,0.0006511211977340281,0.5289736390113831,1.0,0.0,0.8501299023628235,0.24411989748477936,0.0005606876802630723,0.01971585489809513,0.0,0.0,0.3481775224208832,0.055966816842556,7.337545685004443e-05,1.2857253551483154,0.0,0.0
231,2.9589645862579346,0.7723263502120972,34.02216720581055,1.767783761024475,0.7374683618545532,56.4240608215332,1.0343058109283447,1.0387502908706665,413.68,0.9040265083312988,0.010270384140312672,0.07990706712007523,15.826842308044434,0.0,0.0,0.3267061710357666,3.120599649264477e-05,0.001054674037732184,0.6306601762771606,0.0,0.0,1.006548523902893,0.5396417379379272,0.011211236007511616,0.09878122806549072,0.004969400353729725,0.14024168252944946,0.3070700466632843,0.031667932868003845,0.00023247180797625333,0.9146849513053894,1.0,0.0,1.0539032220840454,0.1196519285440445,0.0006973320269025862,0.021739039570093155,0.0,0.0,0.3412756323814392,0.0952402725815773,3.226651097065769e-05,1.2885671854019165,0.0,0.0
232,4.769930362701416,0.13341565430164337,24.079267501831055,8.057694435119629,0.45370540022850037,51.49995040893555,1.0874649286270142,1.0866930484771729,65.32,1.172634243965149,0.11638817936182022,0.010931598022580147,2.811175584793091,0.0,0.0,0.32013583183288574,5.9577887441264465e-05,0.012335152365267277,0.9347591400146484,0.0,0.0,1.2071478366851807,0.31230252981185913,0.02195596694946289,0.42806532979011536,0.021257951855659485,0.7846205830574036,0.2735742926597595,0.011145652271807194,0.0008792727021500468,0.44721293449401855,1.0,0.0,0.7297977805137634,0.3233287036418915,0.00047720310976728797,0.017521895468235016,0.0,0.0,0.3475663959980011,0.04614124074578285,0.00010323384776711464,1.2851461172103882,0.0,0.0
233,3.280158281326294,0.6733323335647583,24.16053009033203,6.917920112609863,0.747695803642273,57.575382232666016,1.2278107404708862,1.22666597366333,76.01,0.939781904220581,0.007265073247253895,0.06340198963880539,14.657678604125977,0.0,0.0,0.3120315670967102,1.5065264960867353e-05,0.0018772048642858863,0.6741366386413574,0.0,0.0,1.0323647260665894,0.5565913915634155,0.014966042712330818,0.2242823988199234,0.012010316364467144,0.4013409912586212,0.30425316095352173,0.02818646840751171,0.0005779709317721426,0.7778182625770569,1.0,0.0,0.9747588038444519,0.15255282819271088,0.000640335725620389,0.02097756415605545,0.0,0.0,0.3407534956932068,0.07374422997236252,3.877575363731012e-05,1.2899689674377441,0.0,0.0
234,2.1378800868988037,0.5783772468566895,32.969451904296875,3.1088578701019287,0.7971312403678894,50.25653076171875,1.1877355575561523,1.1866323947906494,78.27,0.9253823161125183,0.014341296628117561,0.07970015704631805,11.149088859558105,0.0,0.0,0.31725436449050903,7.304498285520822e-05,0.0014764589723199606,0.7009247541427612,0.0,0.0,0.978944718837738,0.5082364082336426,0.010793322697281837,0.11400723457336426,0.005558974575251341,0.17841602861881256,0.31156647205352783,0.034233659505844116,0.000288698443910107,0.9522270560264587,1.0,0.0,1.0245877504348755,0.13152900338172913,0.0006665235850960016,0.021154075860977173,0.0,0.0,0.33912163972854614,0.08702095597982407,4.563386755762622e-05,1.2769676446914673,0.0,0.0
235,2.7225375175476074,0.3105379045009613,33.75196838378906,2.852134943008423,0.6610179543495178,46.95395278930664,1.1541872024536133,1.1505753993988037,271.98,0.9650518298149109,0.06802166998386383,0.04484126344323158,5.778506278991699,0.0,0.0,0.3272591531276703,0.0001276944240089506,0.00295774033293128,0.8411614298820496,0.0,0.0,1.0035351514816284,0.5152654051780701,0.01390094868838787,0.1476738005876541,0.008615732192993164,0.24208712577819824,0.30023643374443054,0.025344982743263245,0.00042353765456937253,0.765657901763916,1.0,0.0,0.8853920102119446,0.20785854756832123,0.000576700025703758,0.019436808302998543,0.0,0.0,0.34295135736465454,0.06488168239593506,8.993499795906246e-05,1.2626047134399414,0.0,0.0
236,1.8712550401687622,0.23808248341083527,32.71487045288086,3.011223554611206,0.4611895680427551,52.86224365234375,1.063785433769226,1.063429594039917,31.46,0.8996852040290833,0.07813146710395813,0.03981969505548477,4.376194477081299,0.0,0.0,0.3523867130279541,0.0001819260505726561,0.005554454866796732,0.8948176503181458,0.0,0.0,1.0738459825515747,0.4461427628993988,0.016740497201681137,0.19935829937458038,0.012128207832574844,0.33880260586738586,0.28087443113327026,0.014815650880336761,0.0006002067239023745,0.537138044834137,1.0,0.0,0.808579683303833,0.26477259397506714,0.0005440700333565474,0.018946969881653786,0.0,0.0,0.3500632047653198,0.05613177269697189,8.356165199074894e-05,1.2810001373291016,0.0,0.0
237,4.116612434387207,0.8652328848838806,25.06161117553711,7.890658855438232,0.7332128286361694,56.20223617553711,1.2329312562942505,1.2334662675857544,35.18,0.8511993885040283,0.016879407688975334,0.06268173456192017,21.051532745361328,0.0,0.0,0.3395092487335205,2.522063186916057e-05,0.0017088385066017509,0.6016116738319397,0.0,0.0,1.0178290605545044,0.5624946355819702,0.016063401475548744,0.2520308196544647,0.013525258749723434,0.46266648173332214,0.3024671673774719,0.026460805907845497,0.0006351571064442396,0.7390385866165161,1.0,0.0,0.9556277394294739,0.1613350659608841,0.0006264062249101698,0.020755445584654808,0.0,0.0,0.3408186435699463,0.06917645037174225,4.319142681197263e-05,1.2877839803695679,0.0,0.0
238,2.2730019092559814,0.5515169501304626,24.40708351135254,6.318728446960449,0.557029128074646,45.284053802490234,1.141265869140625,1.1388922929763794,182.61,0.9292044639587402,0.014400927349925041,0.059102367609739304,11.272099494934082,0.0,0.0,0.31635531783103943,2.9367676688707434e-05,0.005285372491925955,0.7275503277778625,0.0,0.0,1.1079597473144531,0.4231921136379242,0.018901744857430458,0.30746597051620483,0.016666941344738007,0.5542356371879578,0.28595393896102905,0.017215238884091377,0.0007405971409752965,0.5618837475776672,1.0,0.0,0.8374468088150024,0.24454689025878906,0.0005437841755338013,0.019265061244368553,0.0,0.0,0.34545770287513733,0.05286349356174469,8.915933722164482e-05,1.2791165113449097,0.0,0.0
239,1.3900059461593628,0.9352443814277649,36.88034439086914,5.3303937911987305,0.5425909757614136,59.02370071411133,1.2209516763687134,1.2210487127304077,6.51,0.6374922394752502,0.01668892242014408,0.10404045879840851,22.09878921508789,0.0,0.0,0.376952201128006,5.962003706372343e-05,0.0009157616877928376,0.5854634642601013,0.0,0.0,1.0028371810913086,0.5636165142059326,0.018470752984285355,0.2603815197944641,0.015518507920205593,0.4750819802284241,0.2880227267742157,0.0175621435046196,0.0007384707569144666,0.5540593862533569,1.0,0.0,0.9097646474838257,0.19374866783618927,0.0005977942491881549,0.02060364931821823,0.0,0.0,0.34616002440452576,0.05792064592242241,6.586022936971858e-05,1.2822604179382324,0.0,0.0
240,4.207403182983398,0.8895183801651001,23.019807815551758,3.73561954498291,0.6914052367210388,40.981624603271484,1.0683845281600952,1.0677073001861572,59.37,0.8475708961486816,0.01655968464910984,0.0636739656329155,20.53504180908203,0.0,0.0,0.3441866338253021,2.4819441023282707e-05,0.002104828367009759,0.5943077802658081,0.0,0.0,1.0177079439163208,0.575476884841919,0.013643314130604267,0.16888247430324554,0.009000985883176327,0.28509843349456787,0.29900458455085754,0.025539876893162727,0.0004307309282012284,0.7892662882804871,1.0,0.0,0.9679586887359619,0.16333672404289246,0.0006262250244617462,0.020972950384020805,0.0,0.0,0.34286510944366455,0.06982983648777008,5.8880959841189906e-05,1.277492642402649,0.0,0.0
241,4.580491065979004,0.36795347929000854,40.60435485839844,5.844435691833496,0.4652698040008545,51.930355072021484,1.1805304288864136,1.1830576658248901,180.95,1.140222430229187,0.035530559718608856,0.026094969362020493,6.069151878356934,0.0,0.0,0.2992928922176361,5.7329984883836005e-06,0.008661183528602123,0.8279040455818176,0.0,0.0,1.1248729228973389,0.2763572037220001,0.01947411522269249,0.29935410618782043,0.01792209967970848,0.5596656203269958,0.27960512042045593,0.01209467463195324,0.000873158744070679,0.46016091108322144,1.0,0.0,0.7429631352424622,0.3736531436443329,0.00046493057743646204,0.017668308690190315,0.0,0.0,0.34749680757522583,0.04015994817018509,0.00023592845536768436,1.2417830228805542,0.0,0.0
242,5.594485282897949,0.0566927045583725,33.9483642578125,9.408086776733398,0.551545262336731,41.460628509521484,1.2460201978683472,1.2458293437957764,12.29,1.1332730054855347,0.12638549506664276,0.014739097096025944,2.713594436645508,0.0,0.0,0.3286680579185486,6.600491178687662e-05,0.012627399526536465,0.9820293188095093,0.0,0.0,1.0565780401229858,0.24979135394096375,0.02151881903409958,0.380194753408432,0.02184203453361988,0.7261390686035156,0.28697332739830017,0.015286261215806007,0.0009747063741087914,0.48953700065612793,1.0,0.0,0.6865861415863037,0.3957316279411316,0.0004236797394696623,0.016173863783478737,0.0,0.0,0.34383711218833923,0.03899788856506348,0.00026306157815270126,1.2318967580795288,0.0,0.0
243,1.7048230171203613,0.7792437076568604,17.225317001342773,8.06571102142334,0.7914886474609375,44.01015090942383,1.1610041856765747,1.161377191543579,27.66,0.8214790225028992,0.008416587486863136,0.08880005776882172,15.650040626525879,0.0,0.0,0.3348614275455475,4.876126695307903e-05,0.002187322825193405,0.634402871131897,0.0,0.0,1.0059733390808105,0.5346587300300598,0.01390312984585762,0.22856175899505615,0.011300481855869293,0.41140615940093994,0.30500170588493347,0.029486626386642456,0.0005329561536200345,0.8291409611701965,1.0,0.0,0.9606336951255798,0.15766438841819763,0.0006194148445501924,0.0206911638379097,0.0,0.0,0.3403719365596771,0.06927543878555298,4.818133311346173e-05,1.2850227355957031,0.0,0.0
244,5.030630111694336,0.06279215216636658,27.352521896362305,6.808041572570801,0.4689289629459381,54.69511795043945,1.1169127225875854,1.1161900758743286,57.97,1.1558465957641602,0.15489616990089417,0.007710946258157492,1.7615907192230225,0.0,0.0,0.3343566656112671,9.313961345469579e-05,0.011523578315973282,0.977516770362854,0.0,0.0,1.1595901250839233,0.3479067385196686,0.020823713392019272,0.3632628321647644,0.01908387802541256,0.6625089049339294,0.2777564227581024,0.012845413759350777,0.0008342028595507145,0.46784162521362305,1.0,0.0,0.7343241572380066,0.3066023290157318,0.0004875864542555064,0.0175330750644207,0.0,0.0,0.3477005660533905,0.04962611943483353,0.00010043682414107025,1.2845741510391235,0.0,0.0
245,2.930198907852173,0.9473392367362976,19.5991153717041,9.382408142089844,0.6739435791969299,59.59363555908203,1.1494272947311401,1.1485644578933716,65.36,0.7446123361587524,0.023786604404449463,0.07557480782270432,21.752506256103516,0.0,0.0,0.36632630228996277,6.035962360328995e-05,0.0012437027180567384,0.5812546610832214,0.0,0.0,1.014750361442566,0.5532500743865967,0.01832401752471924,0.3370843231678009,0.01702849194407463,0.6290772557258606,0.2935889959335327,0.022042270749807358,0.0007023307261988521,0.6565336585044861,1.0,0.0,0.9395139217376709,0.16675104200839996,0.0006071191164664924,0.02071291208267212,0.0,0.0,0.3417148292064667,0.06029607355594635,5.5726664868416265e-05,1.2846649885177612,0.0,0.0
246,1.5337419509887695,0.9147719144821167,39.333282470703125,5.255380630493164,0.46093568205833435,45.90412139892578,1.1668466329574585,1.1673662662506104,38.15,0.6764623522758484,0.011894261464476585,0.09364379197359085,21.980411529541016,0.0,0.0,0.37524735927581787,4.790226375916973e-05,0.005116125103086233,0.6047582626342773,0.0,0.0,1.0069481134414673,0.3526124656200409,0.01891542226076126,0.2790181338787079,0.017102595418691635,0.5133477449417114,0.28016334772109985,0.012672568671405315,0.0008281786576844752,0.47033947706222534,1.0,0.0,0.7789292931556702,0.31251224875450134,0.0004829827230423689,0.01831485703587532,0.0,0.0,0.3489636778831482,0.040902864187955856,0.000215850755921565,1.2379906177520752,0.0,0.0
247,5.274914741516113,0.847515881061554,22.528518676757812,7.627560138702393,0.62689208984375,49.7946662902832,1.1109122037887573,1.114050030708313,253.54,0.8920815587043762,0.01276218518614769,0.0477130264043808,20.175573348999023,0.0,0.0,0.3377731442451477,2.4832192139001563e-05,0.0029428109992295504,0.6118237376213074,0.0,0.0,1.0802420377731323,0.485911101102829,0.018182022497057915,0.3200850784778595,0.01637694053351879,0.5860805511474609,0.2901141047477722,0.01961440034210682,0.0007056680042296648,0.62562096118927,1.0,0.0,0.8992525935173035,0.19767948985099792,0.0005824036779813468,0.020184257999062538,0.0,0.0,0.34335023164749146,0.058647118508815765,6.100081736803986e-05,1.285538673400879,0.0,0.0
248,5.8867340087890625,0.9338542222976685,34.480350494384766,5.728202819824219,0.5881110429763794,43.62366485595703,1.1929001808166504,1.1936951875686646,55.83,0.8314463496208191,0.01880871318280697,0.049391236156225204,21.631580352783203,0.0,0.0,0.36240696907043457,5.0848862883867696e-05,0.0035106029827147722,0.5871458053588867,0.0,0.0,1.00892174243927,0.42027944326400757,0.017800219357013702,0.26198962330818176,0.01510423980653286,0.47619715332984924,0.29107698798179626,0.01911252923309803,0.0007091474253684282,0.5944324135780334,1.0,0.0,0.8329138159751892,0.25004246830940247,0.0005173015524633229,0.018790021538734436,0.0,0.0,0.3435952961444855,0.048240453004837036,0.00016733768279664218,1.2432022094726562,0.0,0.0
249,4.94586706161499,0.6058526635169983,32.27801513671875,9.906147003173828,0.4214240312576294,58.61441421508789,1.1639808416366577,1.1621062755584717,138.58,1.0958329439163208,0.01548417005687952,0.031140409409999847,11.911328315734863,0.0,0.0,0.30232539772987366,9.68569224824023e-07,0.008168901316821575,0.7044252753257751,0.0,0.0,1.2281984090805054,0.28397032618522644,0.023636694997549057,0.4827190637588501,0.025543726980686188,0.9328815937042236,0.27060043811798096,0.008494889363646507,0.0011080647818744183,0.3833208978176117,1.0,0.0,0.7619131207466125,0.32495754957199097,0.0004892728175036609,0.01833895966410637,0.0,0.0,0.3480475842952728,0.043210502713918686,0.00011729323159670457,1.2806791067123413,0.0,0.0
250,2.7652652263641357,0.3232547640800476,28.19929313659668,3.4285833835601807,0.7874326109886169,44.470916748046875,1.1680928468704224,1.16771399974823,27.77,1.0074690580368042,0.07515563070774078,0.04739903286099434,5.469256401062012,0.0,0.0,0.32349878549575806,0.00011728020763257518,0.0023945870343595743,0.8315162658691406,0.0,0.0,0.9789907932281494,0.5209329128265381,0.01133287139236927,0.12167923897504807,0.006204391364008188,0.19658716022968292,0.31034860014915466,0.03288300335407257,0.0003318933886475861,0.9269973039627075,1.0,0.0,0.9659205675125122,0.15165147185325623,0.0006310105673037469,0.02037173882126808,0.0,0.0,0.34015586972236633,0.0805342048406601,5.506730667548254e-05,1.274670958518982,0.0,0.0
251,2.5208370685577393,0.786076009273529,27.047101974487305,7.1870222091674805,0.749863862991333,48.59468078613281,1.282894492149353,1.2793200016021729,217.79,1.3529269695281982,0.006824533920735121,0.033439189195632935,3.8630454540252686,0.0,0.0,0.3309752345085144,2.5227764126611874e-05,0.003761617699638009,0.6185494065284729,0.0,0.0,1.1807003021240234,0.5635253190994263,0.016285989433526993,0.2204677164554596,0.011676550842821598,0.40743592381477356,0.3054558038711548,0.02883634716272354,0.0004963764804415405,0.7672551870346069,1.0,0.0,0.9291855096817017,0.16547903418540955,0.0005679684691131115,0.020054537802934647,0.0,0.0,0.3401503264904022,0.05847232788801193,0.00012114675337215886,1.2778675556182861,0.0,0.0
252,1.3373991250991821,0.3783362805843353,22.541624069213867,8.217602729797363,0.6152816414833069,40.128761291503906,1.1940667629241943,1.195214867591858,80.45,0.9383527040481567,0.03926984593272209,0.055429261177778244,6.00064754486084,0.0,0.0,0.3312535285949707,8.63203895278275e-05,0.006492232903838158,0.8012336492538452,0.0,0.0,1.0745320320129395,0.3946358561515808,0.019491879269480705,0.33671289682388306,0.017934149131178856,0.6163806319236755,0.29055121541023254,0.019576124846935272,0.0007721142028458416,0.5922461152076721,1.0,0.0,0.8049901723861694,0.2546422779560089,0.0005163561436347663,0.018495701253414154,0.0,0.0,0.3436395227909088,0.04975682497024536,0.00011363745579728857,1.273376226425171,0.0,0.0
253,1.8834062814712524,0.7506681084632874,38.009918212890625,6.995150089263916,0.43717846274375916,46.64583969116211,1.184332251548767,1.184198260307312,9.55,0.8184300661087036,0.005661779548972845,0.0733313262462616,16.527692794799805,0.0,0.0,0.3411678075790405,1.1448163604654837e-05,0.0072761233896017075,0.6562119722366333,0.0,0.0,1.0814474821090698,0.2998872697353363,0.020864030346274376,0.35311266779899597,0.020898224785923958,0.6648843884468079,0.2761099934577942,0.01039239950478077,0.0009890100918710232,0.41319939494132996,1.0,0.0,0.7544636726379395,0.3478166162967682,0.0004673194489441812,0.01801156811416149,0.0,0.0,0.3490837514400482,0.038776181638240814,0.00022770671057514846,1.2433627843856812,0.0,0.0
254,5.069182395935059,0.7635287642478943,29.069040298461914,8.601831436157227,0.4988274872303009,51.66069412231445,1.154099464416504,1.1546070575714111,38.09,0.9838569164276123,0.011126413010060787,0.04040628299117088,16.099599838256836,0.0,0.0,0.32476523518562317,8.948816685006022e-06,0.005846963729709387,0.641451895236969,0.0,0.0,1.1524358987808228,0.3665596544742584,0.021647470071911812,0.40679821372032166,0.021565565839409828,0.765575110912323,0.2789878249168396,0.012880081310868263,0.000933577015530318,0.4654867947101593,1.0,0.0,0.8135094046592712,0.2638346254825592,0.0005222699837759137,0.01900574378669262,0.0,0.0,0.34614673256874084,0.048209577798843384,0.0001043241863953881,1.2774101495742798,0.0,0.0
255,5.893598556518555,0.37558960914611816,31.83700942993164,4.946196556091309,0.5391239523887634,57.03163528442383,1.13906729221344,1.1380618810653687,77.56,1.1627867221832275,0.04231227561831474,0.026193533092737198,6.866965293884277,0.0,0.0,0.29035484790802,4.791651917912532e-06,0.0052510472014546394,0.8174750804901123,0.0,0.0,1.144688367843628,0.41665229201316833,0.017986001446843147,0.25616133213043213,0.014739597216248512,0.4627656042575836,0.28700852394104004,0.016874799504876137,0.0007030951092019677,0.5641425848007202,1.0,0.0,0.8312140107154846,0.25503262877464294,0.0005485995789058506,0.01915418542921543,0.0,0.0,0.34610748291015625,0.0567556694149971,8.194020483642817e-05,1.2809687852859497,0.0,0.0
256,4.18599271774292,0.9838742613792419,38.91527557373047,3.262453079223633,0.5533488392829895,51.19295120239258,1.1423360109329224,1.142451286315918,8.83,0.7487627863883972,0.027426904067397118,0.06491418182849884,23.340457916259766,0.0,0.0,0.3761979639530182,5.242524275672622e-05,0.0023963882122188807,0.5792433619499207,0.0,0.0,0.9937838912010193,0.4961841404438019,0.016010167077183723,0.18705104291439056,0.01140902191400528,0.3201656639575958,0.2900198698043823,0.019009089097380638,0.0005569558124989271,0.6214656829833984,1.0,0.0,0.8705010414123535,0.2286815643310547,0.000554526224732399,0.019582198932766914,0.0,0.0,0.3455519676208496,0.053377341479063034,0.00013027201930526644,1.2525883913040161,0.0,0.0
257,1.313880443572998,0.868630588054657,14.876999855041504,8.624425888061523,0.6442465782165527,47.105491638183594,1.0591654777526855,1.0569543838500977,197.51,0.8049792647361755,0.013028889894485474,0.08658097684383392,14.424735069274902,0.0,0.0,0.3565906882286072,4.267850817996077e-05,0.00368111883290112,0.6116041541099548,0.0,0.0,1.1105308532714844,0.5587648153305054,0.01883108913898468,0.3575197160243988,0.01690330170094967,0.6290026307106018,0.2882978916168213,0.02085394412279129,0.0006489584920927882,0.6447716951370239,1.0,0.0,0.8842296600341797,0.18533582985401154,0.0005618394934572279,0.01985349878668785,0.0,0.0,0.3426247835159302,0.053409505635499954,7.857030868763104e-05,1.2868468761444092,0.0,0.0
258,2.023862600326538,0.8833449482917786,33.41130828857422,8.581476211547852,0.4815973937511444,43.05674743652344,1.2080947160720825,1.206911325454712,81.16,0.7539147734642029,0.01382081862539053,0.07713084667921066,20.03929328918457,0.0,0.0,0.3627152740955353,4.166314101894386e-05,0.007099302485585213,0.5958210825920105,0.0,0.0,1.0552031993865967,0.32697412371635437,0.022149985656142235,0.39862528443336487,0.022663643583655357,0.749901533126831,0.27933764457702637,0.012296301312744617,0.0010087051196023822,0.431918203830719,1.0,0.0,0.7699477672576904,0.3062893748283386,0.0004785963101312518,0.0181747954338789,0.0,0.0,0.3471311032772064,0.040106307715177536,0.00019717043323908,1.250361442565918,0.0,0.0
259,5.5814290046691895,0.18145334720611572,22.416526794433594,8.78161907196045,0.5780304670333862,43.66861343383789,1.1212184429168701,1.1205652952194214,51.99,1.2774415016174316,0.09837182611227036,0.01787475310266018,2.6776862144470215,0.0,0.0,0.3056600093841553,3.6057812394574285e-05,0.0095440074801445,0.9132493734359741,0.0,0.0,1.1747214794158936,0.34974396228790283,0.020550386980175972,0.3844285309314728,0.0190021563321352,0.7031616568565369,0.2859809100627899,0.016717642545700073,0.0007713178056292236,0.5580947399139404,1.0,0.0,0.7586020827293396,0.29108524322509766,0.00048576973495073617,0.01775326579809189,0.0,0.0,0.3445814549922943,0.04773335158824921,0.0001235131494468078,1.2784096002578735,0.0,0.0
260,4.736327171325684,0.1665821075439453,32.30937957763672,6.531128406524658,0.4859989285469055,53.26356506347656,1.1618130207061768,1.162301778793335,36.19,1.1370333433151245,0.09892133623361588,0.014475403353571892,2.821002721786499,0.0,0.0,0.3186785876750946,6.84285259922035e-05,0.009609363041818142,0.9214404821395874,0.0,0.0,1.1288940906524658,0.3245790898799896,0.02029462717473507,0.3314818739891052,0.018559707328677177,0.6147368550300598,0.2809748649597168,0.013577505014836788,0.000856913800816983,0.4762873649597168,1.0,0.0,0.7488355040550232,0.31697437167167664,0.0004918043268844485,0.017771508544683456,0.0,0.0,0.3472652733325958,0.04849546402692795,0.00012323980627115816,1.2734758853912354,0.0,0.0
261,3.1378324031829834,0.11647376418113708,21.862964630126953,3.563242197036743,0.7276005148887634,49.145301818847656,1.0884284973144531,1.0881562232971191,22.99,1.0223348140716553,0.17814739048480988,0.022928111255168915,1.854566216468811,0.0,0.0,0.3555651009082794,0.00018580499454401433,0.0034476586151868105,0.950987696647644,0.0,0.0,1.0102726221084595,0.5550937056541443,0.013039681129157543,0.1501530557870865,0.007884773425757885,0.2447415143251419,0.30348479747772217,0.02906867116689682,0.0003803226281888783,0.8436695337295532,1.0,0.0,0.8984853625297546,0.17359568178653717,0.0006018594722263515,0.019591741263866425,0.0,0.0,0.34247007966041565,0.07551326602697372,4.254209125065245e-05,1.2909256219863892,0.0,0.0
262,5.027144908905029,0.7516641616821289,20.37970542907715,9.686014175415039,0.5631645917892456,46.36658477783203,1.072806715965271,1.0714874267578125,114.77,0.9797314405441284,0.011446923948824406,0.04166775196790695,16.2622127532959,0.0,0.0,0.3202604651451111,1.1509930118336342e-05,0.0049253348261117935,0.6464684009552002,0.0,0.0,1.1625804901123047,0.3866071403026581,0.02084096521139145,0.4289730489253998,0.020766716450452805,0.7949715852737427,0.2811301350593567,0.014966671355068684,0.0008197166607715189,0.5418197512626648,1.0,0.0,0.826750636100769,0.24567405879497528,0.000528644013684243,0.019090702757239342,0.0,0.0,0.3444734513759613,0.05057733505964279,8.114255615510046e-05,1.2857725620269775,0.0,0.0
263,3.0036466121673584,0.4127206802368164,18.758020401000977,6.439531326293945,0.6384056210517883,52.243011474609375,1.0837700366973877,1.0853849649429321,137.29,1.0296961069107056,0.03689855709671974,0.04267148673534393,7.2462944984436035,0.0,0.0,0.3086700141429901,4.411806366988458e-05,0.004246394149959087,0.7947267293930054,0.0,0.0,1.1116472482681274,0.4590798616409302,0.017218735069036484,0.2833789587020874,0.014358759857714176,0.5020935535430908,0.2915060520172119,0.02111673541367054,0.0006165977683849633,0.6639111042022705,1.0,0.0,0.8724160194396973,0.21317270398139954,0.0005684163188561797,0.019663428887724876,0.0,0.0,0.3430899381637573,0.05804149806499481,6.783591379644349e-05,1.2861530780792236,0.0,0.0
264,2.5558273792266846,0.450539231300354,34.96258544921875,4.498160362243652,0.41937723755836487,58.74811553955078,1.100772500038147,1.1012200117111206,36.92,0.9804484248161316,0.023121410980820656,0.044955890625715256,8.396158218383789,0.0,0.0,0.319407194852829,3.430258948355913e-05,0.00560854421928525,0.7926759719848633,0.0,0.0,1.1431576013565063,0.403473436832428,0.018539441749453545,0.26890435814857483,0.015795404091477394,0.48763522505760193,0.2754788100719452,0.011441324837505817,0.0007793566328473389,0.4586852788925171,1.0,0.0,0.801037073135376,0.28543052077293396,0.000533113838173449,0.019029974937438965,0.0,0.0,0.3507018983364105,0.05203138664364815,8.63176683196798e-05,1.2841942310333252,0.0,0.0
265,1.680324673652649,0.4855683445930481,18.874380111694336,9.241894721984863,0.4475235641002655,48.933448791503906,1.0556401014328003,1.0564688444137573,74.31,0.987293541431427,0.02280341275036335,0.049459125846624374,8.516369819641113,0.0,0.0,0.31944704055786133,1.9136790797347203e-05,0.009089160710573196,0.7649329900741577,0.0,0.0,1.2375270128250122,0.336455374956131,0.022836968302726746,0.4884779453277588,0.023419413715600967,0.899217426776886,0.26888778805732727,0.009940358810126781,0.0009022573940455914,0.44232749938964844,1.0,0.0,0.769615650177002,0.29199734330177307,0.0004942275118082762,0.018358120694756508,0.0,0.0,0.34704673290252686,0.04430681839585304,8.698840974830091e-05,1.2909059524536133,0.0,0.0
266,3.2397775650024414,0.7558249235153198,31.62462043762207,4.57257604598999,0.41439729928970337,51.775787353515625,1.0671546459197998,1.0698935985565186,239.89,0.887894868850708,0.005926329642534256,0.0571625679731369,17.636043548583984,0.0,0.0,0.3345845639705658,1.175376041828713e-06,0.005703832022845745,0.6659613847732544,0.0,0.0,1.1592481136322021,0.4194452166557312,0.018584270030260086,0.27960896492004395,0.016045039519667625,0.49980491399765015,0.27417242527008057,0.011258498765528202,0.0007686454337090254,0.4559594690799713,1.0,0.0,0.8145354390144348,0.27901536226272583,0.0005320786731317639,0.019304051995277405,0.0,0.0,0.35067933797836304,0.049460649490356445,0.00010436021693749353,1.2777782678604126,0.0,0.0
267,2.68866229057312,0.7298475503921509,42.80607604980469,5.409185886383057,0.4645790159702301,47.011165618896484,1.1726102828979492,1.1723458766937256,19.23,0.8535749912261963,0.0040057506412267685,0.06814346462488174,16.901094436645508,0.0,0.0,0.3308461308479309,9.880218385660555e-07,0.005951777566224337,0.6712559461593628,0.0,0.0,1.0611647367477417,0.2880077362060547,0.018626542761921883,0.2790067493915558,0.01740485057234764,0.5207999348640442,0.2798481583595276,0.011891958303749561,0.0008621429442428052,0.4674088954925537,1.0,0.0,0.744372546672821,0.38754981756210327,0.0004472964210435748,0.01752687245607376,0.0,0.0,0.3477255403995514,0.0370318703353405,0.0002975269453600049,1.218513011932373,0.0,0.0
268,4.234828948974609,0.6557142734527588,35.73533248901367,2.9082796573638916,0.7149444222450256,47.473106384277344,1.168148159980774,1.1685813665390015,31.73,0.9864987134933472,0.005591728258877993,0.0582645945250988,14.767106056213379,0.0,0.0,0.30401286482810974,9.300069336859451e-07,0.0019237763481214643,0.6829890608787537,0.0,0.0,1.0298956632614136,0.5685049891471863,0.012629046104848385,0.13424228131771088,0.007561902981251478,0.21760061383247375,0.3048529326915741,0.027933888137340546,0.0003796399396378547,0.8362044095993042,1.0,0.0,0.9414487481117249,0.1847507357597351,0.0005959680420346558,0.020073631778359413,0.0,0.0,0.34061187505722046,0.06867715716362,9.112463885685429e-05,1.2554539442062378,0.0,0.0
269,5.560945987701416,0.07672107964754105,21.83837127685547,5.99078369140625,0.6488960385322571,58.04316711425781,1.1108481884002686,1.1110756397247314,18.43,1.157888650894165,0.17920853197574615,0.01200995221734047,1.534511685371399,0.0,0.0,0.32939353585243225,0.00010237373498966917,0.005896740593016148,0.9779560565948486,0.0,0.0,1.0829581022262573,0.4687800109386444,0.01687268167734146,0.25879883766174316,0.013492878526449203,0.45928704738616943,0.2949819266796112,0.022390266880393028,0.000597843958530575,0.6812761425971985,1.0,0.0,0.8255452513694763,0.2208085060119629,0.0005500345723703504,0.018667688593268394,0.0,0.0,0.3436218798160553,0.0632697120308876,5.789285205537453e-05,1.2903447151184082,0.0,0.0
270,1.979818344116211,0.2613212466239929,21.021270751953125,7.399636745452881,0.7089723944664001,46.8699836730957,1.1997865438461304,1.2039051055908203,285.13,0.9584567546844482,0.0789426639676094,0.04322456195950508,4.108781337738037,0.0,0.0,0.33838555216789246,0.0001265811442863196,0.004232665058225393,0.8652679920196533,0.0,0.0,1.0346102714538574,0.48189184069633484,0.016501104459166527,0.2622792720794678,0.013746787793934345,0.47036322951316833,0.29976198077201843,0.025625823065638542,0.0006228929269127548,0.7219923138618469,1.0,0.0,0.8602281212806702,0.20614199340343475,0.0005637182621285319,0.01920299232006073,0.0,0.0,0.3417026996612549,0.06041029095649719,6.6301719925832e-05,1.2840993404388428,0.0,0.0
271,1.3512990474700928,0.48391392827033997,24.637306213378906,6.9286208152771,0.7207551598548889,56.20102310180664,1.255752682685852,1.256251573562622,31.62,0.8794093132019043,0.022986290976405144,0.07390033453702927,8.637434959411621,0.0,0.0,0.32780081033706665,9.905161277856678e-05,0.002081903861835599,0.7492781281471252,0.0,0.0,1.0090436935424805,0.5695526599884033,0.016055060550570488,0.23919621109962463,0.012989240698516369,0.42814743518829346,0.30225318670272827,0.027347102761268616,0.0006094661075621843,0.7377748489379883,1.0,0.0,0.9491822719573975,0.15847370028495789,0.0006271831807680428,0.020668553188443184,0.0,0.0,0.3412074148654938,0.06920473277568817,4.238577821524814e-05,1.2905396223068237,0.0,0.0
272,4.269606590270996,0.13401713967323303,24.115283966064453,6.50591516494751,0.6252694725990295,54.42544174194336,1.1615052223205566,1.1624462604522705,69.7,1.105911374092102,0.13719330728054047,0.016194604337215424,2.2420716285705566,0.0,0.0,0.3305850327014923,0.0001041674695443362,0.005944435019046068,0.938371479511261,0.0,0.0,1.0845329761505127,0.45556578040122986,0.01802213117480278,0.2823841869831085,0.01501613762229681,0.5060935616493225,0.29320040345191956,0.02126358449459076,0.0006685814587399364,0.6355856657028198,1.0,0.0,0.8208378553390503,0.2271561473608017,0.0005460002576000988,0.01867569610476494,0.0,0.0,0.3437178432941437,0.060091134160757065,6.514442065963522e-05,1.2878457307815552,0.0,0.0
273,5.2449541091918945,0.23526622354984283,26.240615844726562,7.89118766784668,0.7022049427032471,49.096614837646484,1.235106348991394,1.2354838848114014,24.74,1.1564370393753052,0.08804082125425339,0.023829298093914986,4.042375087738037,0.0,0.0,0.30357587337493896,4.5938679249957204e-05,0.004889668896794319,0.8876107931137085,0.0,0.0,1.0633537769317627,0.4391404986381531,0.017037944868206978,0.2687193751335144,0.014662891626358032,0.4929593503475189,0.30088233947753906,0.024497689679265022,0.0006853894446976483,0.6975578665733337,1.0,0.0,0.8434342741966248,0.2236216813325882,0.0005519700353033841,0.01889052614569664,0.0,0.0,0.3416461944580078,0.06085966154932976,7.467671821359545e-05,1.2789192199707031,0.0,0.0
274,3.0246825218200684,0.07989461719989777,20.44813346862793,4.654704570770264,0.569261372089386,42.57466506958008,1.055618166923523,1.0535129308700562,189.3,1.0350171327590942,0.1642714887857437,0.017130566760897636,1.3848026990890503,0.0,0.0,0.36039313673973083,0.00015108870866242796,0.007948068901896477,0.9724457263946533,0.0,0.0,1.097156047821045,0.44034087657928467,0.01726718619465828,0.2507197856903076,0.013248107396066189,0.42905259132385254,0.287015825510025,0.019063718616962433,0.0005673075793311,0.6216376423835754,1.0,0.0,0.7681044936180115,0.26656049489974976,0.00050528155406937,0.017806315794587135,0.0,0.0,0.34573787450790405,0.05368276685476303,9.933608816936612e-05,1.281624674797058,0.0,0.0
275,3.5299463272094727,0.9568646550178528,27.160764694213867,9.239362716674805,0.5011043548583984,44.108924865722656,1.1595823764801025,1.1597415208816528,11.83,0.7712585926055908,0.023381706327199936,0.05767170712351799,22.39432716369629,0.0,0.0,0.3749317228794098,6.88589716446586e-05,0.005939281079918146,0.5725827217102051,0.0,0.0,1.0757776498794556,0.3534259498119354,0.022181566804647446,0.4282272458076477,0.02258075587451458,0.8105071783065796,0.27839428186416626,0.012867416255176067,0.0009452325175516307,0.46157023310661316,1.0,0.0,0.7987257242202759,0.26844871044158936,0.0005089616752229631,0.018745487555861473,0.0,0.0,0.34636327624320984,0.04499546438455582,0.000119361313409172,1.2732305526733398,0.0,0.0
276,5.350906848907471,0.9346750378608704,43.420127868652344,3.1685194969177246,0.7784956693649292,49.825096130371094,1.2232930660247803,1.2201988697052002,207.29,0.8439704179763794,0.029317138716578484,0.06362908333539963,21.55401611328125,0.0,0.0,0.3453928530216217,2.4903627036110265e-06,0.0012279185466468334,0.5843178033828735,0.0,0.0,0.9583276510238647,0.5181818008422852,0.01118873804807663,0.12486663460731506,0.006282395217567682,0.1998492181301117,0.30900782346725464,0.031608697026968,0.00030009361216798425,0.9235314130783081,1.0,0.0,0.953432559967041,0.18212980031967163,0.0005757982726208866,0.01977897435426712,0.0,0.0,0.33608949184417725,0.06184689700603485,0.0001278805430047214,1.2284491062164307,0.0,0.0
277,1.870888590812683,0.5248398780822754,42.46876907348633,6.450761318206787,0.4809783101081848,46.1671257019043,1.207936406135559,1.2086718082427979,50.37,0.8898537158966064,0.011386162601411343,0.06345412135124207,10.394304275512695,0.0,0.0,0.3225678503513336,2.5920082407537848e-05,0.007255298551172018,0.7441185116767883,0.0,0.0,1.0408544540405273,0.25218433141708374,0.019613275304436684,0.30763545632362366,0.019094808027148247,0.5838703513145447,0.2806881368160248,0.011974862776696682,0.0009308309527114034,0.4574710726737976,1.0,0.0,0.725851833820343,0.4061083197593689,0.0004357291618362069,0.017131101340055466,0.0,0.0,0.3467228412628174,0.03575902432203293,0.00031181512167677283,1.2159587144851685,0.0,0.0
278,3.7927260398864746,0.9727814793586731,31.295757293701172,3.742398738861084,0.46883511543273926,47.03285217285156,1.0635108947753906,1.061409592628479,186.15,0.7420892715454102,0.02279648371040821,0.06306158006191254,23.923681259155273,0.0,0.0,0.3803142011165619,6.28607376711443e-05,0.00450480030849576,0.5876500010490417,0.0,0.0,1.0509929656982422,0.4769004285335541,0.017433853819966316,0.2307237982749939,0.013534310273826122,0.40220528841018677,0.2802959382534027,0.014586511999368668,0.000643410487100482,0.5249180793762207,1.0,0.0,0.8494529724121094,0.2381129264831543,0.0005518074613064528,0.01966216042637825,0.0,0.0,0.3491041362285614,0.052066151052713394,0.00010951163858408108,1.2692492008209229,0.0,0.0
279,1.2009751796722412,0.7780163884162903,38.348236083984375,4.804209232330322,0.4457293152809143,48.62160110473633,1.1510083675384521,1.1512547731399536,18.6,0.7375748753547668,0.003057603258639574,0.09103100746870041,17.553678512573242,0.0,0.0,0.353411465883255,3.3135445846710354e-05,0.004968142602592707,0.65593421459198,0.0,0.0,1.0533519983291626,0.39473894238471985,0.018596667796373367,0.2696423828601837,0.01637449488043785,0.48523494601249695,0.27873748540878296,0.01236652210354805,0.0008032077457755804,0.46960389614105225,1.0,0.0,0.8012697696685791,0.2895919382572174,0.0005072216736152768,0.01884857378900051,0.0,0.0,0.35000771284103394,0.04497450962662697,0.00016846469952724874,1.2529906034469604,0.0,0.0
280,5.820979118347168,0.9332891702651978,25.973791122436523,9.745415687561035,0.5684831738471985,54.151634216308594,1.1511253118515015,1.1490272283554077,158.62,0.8500480055809021,0.02356126345694065,0.042715735733509064,20.634845733642578,0.0,0.0,0.3662613332271576,8.023992995731533e-05,0.0035636662505567074,0.581163227558136,0.0,0.0,1.0866755247116089,0.4354782700538635,0.021250031888484955,0.40953391790390015,0.020917600020766258,0.7708050012588501,0.28410467505455017,0.01597720757126808,0.0008646685746498406,0.530143678188324,1.0,0.0,0.8557084202766418,0.21437261998653412,0.0005531773786060512,0.01956053078174591,0.0,0.0,0.3441394567489624,0.05305655673146248,7.226337038446218e-05,1.2849985361099243,0.0,0.0
281,1.5152809619903564,0.4825056195259094,39.51664352416992,2.5665135383605957,0.6020050644874573,47.34085464477539,1.1466065645217896,1.1460686922073364,40.93,0.8415637612342834,0.019008051604032516,0.07641594856977463,9.807792663574219,0.0,0.0,0.3309101164340973,0.00010702352301450446,0.0025307333562523127,0.7608311176300049,0.0,0.0,0.9864932298660278,0.46716833114624023,0.014302702620625496,0.15361985564231873,0.009235486388206482,0.25219160318374634,0.2948395013809204,0.02172071859240532,0.00044971893657930195,0.7027150392532349,1.0,0.0,0.8686910271644592,0.23654960095882416,0.0005490825860761106,0.019251080229878426,0.0,0.0,0.34433460235595703,0.05616749823093414,0.00013476457388605922,1.2431560754776,0.0,0.0
282,1.84629225730896,0.7199063301086426,24.148372650146484,2.1138224601745605,0.7549176812171936,43.06079864501953,1.0067176818847656,1.0059983730316162,71.02,0.8491390347480774,0.006872493773698807,0.09407422691583633,13.796306610107422,0.0,0.0,0.32910624146461487,6.246734119486064e-05,0.0020035994239151478,0.6485894918441772,0.0,0.0,0.9783552885055542,0.5294315218925476,0.01085651945322752,0.09809252619743347,0.0049647316336631775,0.14311107993125916,0.3068110942840576,0.03155277669429779,0.0002549166383687407,0.9293003082275391,1.0,0.0,1.0379054546356201,0.12273931503295898,0.0006782413111068308,0.021540584042668343,0.0,0.0,0.3417584300041199,0.09079266339540482,3.991400444647297e-05,1.2818951606750488,0.0,0.0
283,5.604639530181885,0.634509801864624,29.21984100341797,8.001219749450684,0.48679521679878235,43.280792236328125,1.1356569528579712,1.1355477571487427,8.47,1.0660604238510132,0.011205560527741909,0.03652263805270195,13.193692207336426,0.0,0.0,0.30410540103912354,8.503365052092704e-07,0.007676256354898214,0.6951640844345093,0.0,0.0,1.1763122081756592,0.3167283535003662,0.02104717493057251,0.3930380642414093,0.020958440378308296,0.7361534237861633,0.27815115451812744,0.012317159213125706,0.0009147531818598509,0.46203336119651794,1.0,0.0,0.7704814672470093,0.3172318637371063,0.0004835907893721014,0.018209420144557953,0.0,0.0,0.34675970673561096,0.04308917373418808,0.0001721265580272302,1.2617312669754028,0.0,0.0
284,4.941709518432617,0.7009799480438232,39.453102111816406,3.760160446166992,0.503950297832489,41.43998718261719,1.0949656963348389,1.0929622650146484,167.41,0.9420065879821777,0.002955689327791333,0.05011949688196182,16.772932052612305,0.0,0.0,0.3147847354412079,9.440609574085101e-07,0.00516798160970211,0.6876648664474487,0.0,0.0,1.056411623954773,0.32835763692855835,0.01654934510588646,0.2146444171667099,0.01338669378310442,0.38084208965301514,0.28497573733329773,0.015086800791323185,0.0006745844730176032,0.549261748790741,1.0,0.0,0.7717412710189819,0.3552991449832916,0.00046362276771105826,0.01774035580456257,0.0,0.0,0.34659644961357117,0.04136098548769951,0.0002733637811616063,1.2123680114746094,0.0,0.0
285,5.169078350067139,0.7882456183433533,33.199405670166016,8.016773223876953,0.5251509547233582,42.97825241088867,1.1949107646942139,1.1947298049926758,12.68,0.9457986354827881,0.010101117193698883,0.04446462169289589,17.218687057495117,0.0,0.0,0.3290550708770752,1.5076830095495097e-05,0.0064075905829668045,0.632971465587616,0.0,0.0,1.082144021987915,0.32354849576950073,0.020721284672617912,0.36257436871528625,0.020344534888863564,0.6812180280685425,0.28345027565956116,0.01438030693680048,0.0009182182839140296,0.4855169951915741,1.0,0.0,0.7835384607315063,0.30450883507728577,0.00048415549099445343,0.01819920726120472,0.0,0.0,0.3451407253742218,0.04247131198644638,0.00019852310651913285,1.2448551654815674,0.0,0.0
286,3.782942295074463,0.2044277787208557,25.64560890197754,9.584309577941895,0.7052726745605469,58.086490631103516,1.27022385597229,1.2716467380523682,88.09,1.086759090423584,0.10196200758218765,0.024532264098525047,3.7257678508758545,0.0,0.0,0.3224625289440155,9.12383256945759e-05,0.0046089692041277885,0.8974225521087646,0.0,0.0,1.047061562538147,0.46721774339675903,0.018216051161289215,0.3018631935119629,0.016486920416355133,0.5619373321533203,0.30064815282821655,0.024558698758482933,0.0007461044588126242,0.6720675826072693,1.0,0.0,0.8431863188743591,0.21074625849723816,0.0005589401116594672,0.018874309957027435,0.0,0.0,0.34123745560646057,0.06236656382679939,5.8315192291047424e-05,1.2869160175323486,0.0,0.0
287,3.5740489959716797,0.37851083278656006,23.1518497467041,8.442032814025879,0.5060065984725952,46.494693756103516,1.113243579864502,1.1128603219985962,30.94,1.0818815231323242,0.041370414197444916,0.03069281205534935,6.856431484222412,0.0,0.0,0.3035949766635895,1.8586963051347993e-05,0.008251351304352283,0.8063575625419617,0.0,0.0,1.1786417961120605,0.3262711465358734,0.021371889859437943,0.41033026576042175,0.02090906724333763,0.7635684609413147,0.2784315049648285,0.013151668012142181,0.0008721538470126688,0.48634567856788635,1.0,0.0,0.7754794955253601,0.2963714599609375,0.0005012461915612221,0.018300294876098633,0.0,0.0,0.3461199700832367,0.04730214551091194,0.00010428871610201895,1.2815052270889282,0.0,0.0
288,3.700558662414551,0.770797073841095,27.012178421020508,2.759551525115967,0.659743070602417,55.30259704589844,1.0696499347686768,1.0694500207901,17.48,0.9054306745529175,0.007847946137189865,0.06503108143806458,17.9763240814209,0.0,0.0,0.3248070478439331,1.1844580512843095e-05,0.001850044704042375,0.6378011107444763,0.0,0.0,1.0433942079544067,0.6026726365089417,0.013685280457139015,0.1456206738948822,0.008439971134066582,0.23680754005908966,0.2984856963157654,0.02507701888680458,0.0004077999328728765,0.7725921273231506,1.0,0.0,0.9766663908958435,0.1546417474746704,0.0006493028486147523,0.02105172537267208,0.0,0.0,0.3436092138290405,0.07935092598199844,3.745275898836553e-05,1.290251612663269,0.0,0.0
289,5.78774356842041,0.7980484962463379,31.841947555541992,5.377988815307617,0.4424138069152832,46.754051208496094,1.0798592567443848,1.0795280933380127,28.41,0.9417738318443298,0.007863585837185383,0.04016701877117157,17.759323120117188,0.0,0.0,0.3350847363471985,1.9828486983897164e-05,0.00646983552724123,0.6437494158744812,0.0,0.0,1.1275533437728882,0.3705889880657196,0.019146138802170753,0.3075200617313385,0.01708698831498623,0.5625302195549011,0.2757226824760437,0.01176462322473526,0.0007935125031508505,0.4632053077220917,1.0,0.0,0.8058217763900757,0.28766965866088867,0.000510897021740675,0.01895822398364544,0.0,0.0,0.3490022122859955,0.04629096761345863,0.00014897766232024878,1.2631903886795044,0.0,0.0
290,3.9928643703460693,0.5406312942504883,39.51823806762695,2.9976532459259033,0.6919229626655579,46.64421081542969,1.1925760507583618,1.1935997009277344,71.91,1.0034968852996826,0.01346589159220457,0.05259692668914795,11.35530948638916,0.0,0.0,0.2990970015525818,1.3097241208015475e-05,0.002439491916447878,0.735545814037323,0.0,0.0,1.0058640241622925,0.47002100944519043,0.013136184774339199,0.14379622042179108,0.008272538892924786,0.23778362572193146,0.30270951986312866,0.026087509468197823,0.00040861338493414223,0.8008691072463989,1.0,0.0,0.8910046219825745,0.22598853707313538,0.0005519354017451406,0.019213136285543442,0.0,0.0,0.3403173089027405,0.058812178671360016,0.0001371378602925688,1.2353110313415527,0.0,0.0
291,2.9477555751800537,0.8990257978439331,25.885263442993164,3.049321413040161,0.6010777950286865,59.67407989501953,1.0624855756759644,1.0632301568984985,65.91,0.7563725709915161,0.017473943531513214,0.08037400990724564,22.035444259643555,0.0,0.0,0.35637322068214417,3.521686085150577e-05,0.0016612374456599355,0.598092257976532,0.0,0.0,1.0280160903930664,0.6390725374221802,0.015073893591761589,0.17308205366134644,0.010045790113508701,0.287833571434021,0.29246756434440613,0.021910857409238815,0.00046985188964754343,0.6927403807640076,1.0,0.0,0.965987503528595,0.16106532514095306,0.0006458359421230853,0.021204935386776924,0.0,0.0,0.3449437916278839,0.0719224214553833,3.764273787965067e-05,1.2923235893249512,0.0,0.0
292,1.2669566869735718,0.4193820357322693,16.9654598236084,7.501513481140137,0.4663752615451813,54.82607650756836,1.0148868560791016,1.0149695873260498,8.03,0.9910020232200623,0.02903851866722107,0.052093446254730225,5.98507022857666,0.0,0.0,0.32873955368995667,4.599870226229541e-05,0.00802640151232481,0.8022066950798035,0.0,0.0,1.2240198850631714,0.3815534710884094,0.02116061933338642,0.418626606464386,0.019986867904663086,0.7458961606025696,0.27132371068000793,0.011757145635783672,0.0007694246014580131,0.4802989363670349,1.0,0.0,0.7868592739105225,0.27237486839294434,0.000504066760186106,0.01858990266919136,0.0,0.0,0.3461132049560547,0.044532135128974915,0.00010143000690732151,1.2863928079605103,0.0,0.0
293,2.2018232345581055,0.31453877687454224,32.06641387939453,5.069106578826904,0.6785738468170166,44.55116653442383,1.2569748163223267,1.2580103874206543,65.49,0.9319850206375122,0.05902596935629845,0.049954455345869064,5.606896877288818,0.0,0.0,0.3308471441268921,0.00011849524162244052,0.003786394838243723,0.8310256004333496,0.0,0.0,0.9933270812034607,0.44963863492012024,0.015607764944434166,0.20455245673656464,0.011935892514884472,0.3611520826816559,0.30074334144592285,0.025127358734607697,0.0005853641196154058,0.7189587354660034,1.0,0.0,0.8565717935562134,0.22391831874847412,0.0005505109438672662,0.0189792700111866,0.0,0.0,0.34175416827201843,0.057942744344472885,0.00010763877799035981,1.2578747272491455,0.0,0.0
294,3.880551338195801,0.8067857623100281,32.139801025390625,5.8096842765808105,0.7235304713249207,46.18515396118164,1.2755424976348877,1.274315595626831,75.48,0.8823913335800171,0.01078472938388586,0.06583443284034729,18.896663665771484,0.0,0.0,0.32660356163978577,9.27253313420806e-06,0.002339210594072938,0.6152960658073425,0.0,0.0,0.9982501268386841,0.5166687965393066,0.014974189922213554,0.20231956243515015,0.011659426614642143,0.3634739816188812,0.3042779862880707,0.026803437620401382,0.0005824859836138785,0.7593240141868591,1.0,0.0,0.9216715693473816,0.19242551922798157,0.0005843378603458405,0.019999176263809204,0.0,0.0,0.3400898873806,0.06125058978796005,9.155040606856346e-05,1.2597922086715698,0.0,0.0
295,1.6299152374267578,0.160340815782547,13.356578826904297,7.713659286499023,0.7065321803092957,53.13978958129883,1.0320600271224976,1.0263144969940186,542.43,1.0666307210922241,0.11724501103162766,0.032786302268505096,1.6359338760375977,0.0,0.0,0.36174312233924866,0.0001432747667422518,0.005470317788422108,0.9358229041099548,0.0,0.0,1.0956122875213623,0.505063533782959,0.016548214480280876,0.29120978713035583,0.013485589995980263,0.5081150531768799,0.2952238917350769,0.024970637634396553,0.0005343396333046257,0.7359108328819275,1.0,0.0,0.8276647329330444,0.20981723070144653,0.0005290777189657092,0.018550964072346687,0.0,0.0,0.3413757085800171,0.05450409650802612,0.00010264787124469876,1.2808295488357544,0.0,0.0
296,2.166419744491577,0.35966426134109497,37.765357971191406,9.33027172088623,0.4873097240924835,58.30462646484375,1.2527847290039062,1.2522141933441162,36.37,0.9846190214157104,0.036747902631759644,0.04095812886953354,6.150271415710449,0.0,0.0,0.32164743542671204,5.10871504957322e-05,0.006452987436205149,0.8061420917510986,0.0,0.0,1.104458212852478,0.29108330607414246,0.022684995085000992,0.40352123975753784,0.02354460582137108,0.7828633785247803,0.2795797288417816,0.01171160489320755,0.001084940042346716,0.4214308261871338,1.0,0.0,0.7573968768119812,0.32315680384635925,0.00048769707791507244,0.01799994334578514,0.0,0.0,0.34619906544685364,0.04400930181145668,0.0001343889452982694,1.2699573040008545,0.0,0.0
297,5.890512943267822,0.20962168276309967,20.280874252319336,5.250235080718994,0.6799633502960205,57.62510299682617,1.0508383512496948,1.050018310546875,74.32,1.1849995851516724,0.11130622029304504,0.020230600610375404,3.5565731525421143,0.0,0.0,0.30345842242240906,5.52265191799961e-05,0.004311984870582819,0.9059357047080994,0.0,0.0,1.0980191230773926,0.5130524039268494,0.015328655950725079,0.22362639009952545,0.011523180641233921,0.38915717601776123,0.2971794307231903,0.02394297532737255,0.0005217021680437028,0.7403527498245239,1.0,0.0,0.8778038024902344,0.19699476659297943,0.0005806121625937521,0.01952366717159748,0.0,0.0,0.3431931734085083,0.06740354746580124,5.1949005865026265e-05,1.2900114059448242,0.0,0.0
298,4.776440620422363,0.1310233473777771,32.10973358154297,5.357304573059082,0.5055620074272156,44.35784912109375,1.1482999324798584,1.1480859518051147,16.23,1.1014896631240845,0.11483129113912582,0.015579115599393845,2.4268903732299805,0.0,0.0,0.3266596496105194,8.260682807303965e-05,0.009788839146494865,0.9463269710540771,0.0,0.0,1.0890249013900757,0.3241721987724304,0.01884658820927143,0.2818840742111206,0.016128502786159515,0.5089965462684631,0.2839432954788208,0.015240496024489403,0.0007554400363005698,0.517982542514801,1.0,0.0,0.7386133670806885,0.33091363310813904,0.0004756363632623106,0.017403054982423782,0.0,0.0,0.3470691740512848,0.04642360284924507,0.0001782063045538962,1.2547261714935303,0.0,0.0
299,2.4923269748687744,0.11304119229316711,28.737409591674805,4.316040515899658,0.42801907658576965,54.97526168823242,1.0636032819747925,1.0645331144332886,82.12,0.972402811050415,0.12287276238203049,0.020115308463573456,2.096923589706421,0.0,0.0,0.36301764845848083,0.00018057096167467535,0.008651439100503922,0.9588111042976379,0.0,0.0,1.120687484741211,0.3973187506198883,0.01862890087068081,0.26896777749061584,0.015093890018761158,0.47516870498657227,0.2755620777606964,0.012517082504928112,0.0007040580967441201,0.4773096740245819,1.0,0.0,0.7647886276245117,0.2891554832458496,0.0005159092834219337,0.018259145319461823,0.0,0.0,0.3502040505409241,0.05215226486325264,8.076851372607052e-05,1.2885494232177734,0.0,0.0
300,2.4056713581085205,0.23218820989131927,33.36252975463867,9.515833854675293,0.5658959150314331,54.37739181518555,1.275498390197754,1.2749996185302734,30.67,0.9964680075645447,0.07285884767770767,0.032111261039972305,4.099448204040527,0.0,0.0,0.33395102620124817,9.848642366705462e-05,0.00668127927929163,0.8663026690483093,0.0,0.0,1.06614351272583,0.3392520248889923,0.02176312357187271,0.3742901682853699,0.021564677357673645,0.7130405306816101,0.28779172897338867,0.016386613249778748,0.0009736823267303407,0.4985888600349426,1.0,0.0,0.7730456590652466,0.2823435962200165,0.0005020604585297406,0.017986422404646873,0.0,0.0,0.34381547570228577,0.04863426089286804,0.00011562365398276597,1.2712844610214233,0.0,0.0
301,5.484230041503906,0.34727364778518677,28.422706604003906,4.4894514083862305,0.45204591751098633,51.04839324951172,1.0453020334243774,1.0463957786560059,100.0,1.1563007831573486,0.04870020970702171,0.02420945279300213,6.1517653465271,0.0,0.0,0.2957223653793335,1.2067901479895227e-05,0.007750212214887142,0.8325580358505249,0.0,0.0,1.190260648727417,0.3859279155731201,0.018320679664611816,0.272589772939682,0.015138105489313602,0.48354479670524597,0.27737048268318176,0.0128775117918849,0.0007054966990835965,0.49572503566741943,1.0,0.0,0.7992578148841858,0.2836945950984955,0.0005255601718090475,0.018850259482860565,0.0,0.0,0.34900227189064026,0.051584016531705856,0.00010375210695201531,1.2785398960113525,0.0,0.0
302,5.792954444885254,0.24746276438236237,24.126537322998047,5.792768478393555,0.5985320806503296,44.297367095947266,1.1043217182159424,1.1050012111663818,55.68,1.1687160730361938,0.08018659055233002,0.023719580844044685,4.149058818817139,0.0,0.0,0.2986661195755005,3.2577769161434844e-05,0.005923958029597998,0.881193995475769,0.0,0.0,1.1179009675979614,0.39657044410705566,0.017519541084766388,0.2725798487663269,0.014527608640491962,0.49003568291664124,0.2903681993484497,0.019120313227176666,0.0006507285870611668,0.6232890486717224,1.0,0.0,0.8104203939437866,0.2587815523147583,0.0005274159484542906,0.018607579171657562,0.0,0.0,0.344736248254776,0.05503087863326073,9.4927083409857e-05,1.2771689891815186,0.0,0.0
303,4.090847969055176,0.049362000077962875,31.223003387451172,7.440378665924072,0.49354052543640137,51.222164154052734,1.1848174333572388,1.1849218606948853,7.44,1.0867048501968384,0.15312977135181427,0.008419394493103027,1.7137396335601807,0.0,0.0,0.3488459587097168,0.00011655390699161217,0.011243017390370369,0.9831408858299255,0.0,0.0,1.1049883365631104,0.3216453492641449,0.02118530310690403,0.362320214509964,0.01996556855738163,0.6725979447364807,0.28115808963775635,0.01378487516194582,0.000895272009074688,0.4684500992298126,1.0,0.0,0.7210198044776917,0.3237664997577667,0.00047382662887685,0.017181264236569405,0.0,0.0,0.34684324264526367,0.04730934649705887,0.00013394815323408693,1.2725481986999512,0.0,0.0
304,4.446120738983154,0.38558387756347656,26.90032958984375,4.114940166473389,0.6930386424064636,40.24642562866211,1.1502101421356201,1.1505813598632812,28.05,1.0799260139465332,0.045064814388751984,0.03735112026333809,7.0655646324157715,0.0,0.0,0.29814794659614563,3.235551412217319e-05,0.0034781184513121843,0.8085463643074036,0.0,0.0,1.0456384420394897,0.48221999406814575,0.014224078506231308,0.17690473794937134,0.009750924073159695,0.3002880811691284,0.301341712474823,0.02576841413974762,0.00048131769290193915,0.7728768587112427,1.0,0.0,0.888348400592804,0.20979467034339905,0.0005708784447051585,0.01955406181514263,0.0,0.0,0.34238773584365845,0.06254556775093079,9.482964378548786e-05,1.2642256021499634,0.0,0.0
305,1.848537564277649,0.9617738723754883,21.485044479370117,6.707934379577637,0.6732357740402222,51.862545013427734,1.1705881357192993,1.1693429946899414,90.96,0.6844224333763123,0.025615373626351357,0.09520630538463593,22.754179000854492,0.0,0.0,0.37416985630989075,6.935430428711697e-05,0.001835485571064055,0.5693906545639038,0.0,0.0,0.9969324469566345,0.5791758894920349,0.016835540533065796,0.2649395763874054,0.014065714552998543,0.47791653871536255,0.2960206866264343,0.023972809314727783,0.0006212616572156549,0.691817045211792,1.0,0.0,0.9485018849372864,0.1605684906244278,0.000620924518443644,0.02086770348250866,0.0,0.0,0.3424335718154907,0.06412064284086227,4.623955464921892e-05,1.2888479232788086,0.0,0.0
306,5.4754767417907715,0.46725326776504517,29.63404655456543,3.176417112350464,0.5337040424346924,47.56011199951172,1.0509237051010132,1.0523643493652344,130.26,1.095606803894043,0.024827608838677406,0.03434377163648605,9.786069869995117,0.0,0.0,0.29352104663848877,1.286471274397627e-06,0.0042952727526426315,0.7756644487380981,0.0,0.0,1.13625967502594,0.45700863003730774,0.016036247834563255,0.1939096301794052,0.011499821208417416,0.3286817669868469,0.2870277762413025,0.017548462375998497,0.0005576022085733712,0.6068452000617981,1.0,0.0,0.8569862842559814,0.24526962637901306,0.0005592233501374722,0.019574599340558052,0.0,0.0,0.34699007868766785,0.05744997411966324,9.842174767982215e-05,1.2711164951324463,0.0,0.0
307,4.7618279457092285,0.5620790123939514,21.88859748840332,8.719255447387695,0.621766209602356,51.96258544921875,1.1316648721694946,1.1315348148345947,10.16,1.0892027616500854,0.01620040088891983,0.038521815091371536,11.793096542358398,0.0,0.0,0.29543328285217285,9.082917813429958e-07,0.004059892613440752,0.7239276170730591,0.0,0.0,1.1487172842025757,0.4319714903831482,0.019036905840039253,0.35102251172065735,0.018094617873430252,0.6578495502471924,0.28964993357658386,0.018683943897485733,0.0007684740121476352,0.6035543084144592,1.0,0.0,0.8586134910583496,0.2249494045972824,0.0005548901972360909,0.019460489973425865,0.0,0.0,0.34318387508392334,0.056750617921352386,6.88189102220349e-05,1.2853384017944336,0.0,0.0
308,3.627858877182007,0.16296710073947906,23.887462615966797,9.252033233642578,0.5421160459518433,56.03948211669922,1.1595922708511353,1.1605809926986694,73.47,1.114288330078125,0.10563244670629501,0.01690477877855301,3.0704617500305176,0.0,0.0,0.32775798439979553,8.412997703999281e-05,0.008296065963804722,0.9154618382453918,0.0,0.0,1.1395773887634277,0.3533948063850403,0.02173398621380329,0.4132721424102783,0.02114260010421276,0.7695265412330627,0.2827947437763214,0.015248856507241726,0.0008776484755799174,0.5077160596847534,1.0,0.0,0.7702009677886963,0.2732884883880615,0.0005061315605416894,0.01801663264632225,0.0,0.0,0.3448006808757782,0.051148299127817154,8.359313505934551e-05,1.2868419885635376,0.0,0.0
309,3.9966301918029785,0.27552881836891174,20.68871307373047,3.5272068977355957,0.7397924065589905,58.62822723388672,1.0423760414123535,1.0420818328857422,27.09,1.1197632551193237,0.09731762111186981,0.029655341058969498,4.555230617523193,0.0,0.0,0.31494975090026855,8.732062269700691e-05,0.0030651064589619637,0.8670814633369446,0.0,0.0,1.0287754535675049,0.5472772717475891,0.012602677568793297,0.14445844292640686,0.007476127706468105,0.23757588863372803,0.30376681685447693,0.029412252828478813,0.0003602498909458518,0.8634295463562012,1.0,0.0,0.9545668363571167,0.1417943388223648,0.0006363276042975485,0.020337926223874092,0.0,0.0,0.34217190742492676,0.08522284030914307,3.5735629353439435e-05,1.2931734323501587,0.0,0.0
310,2.0657660961151123,0.3890126347541809,28.33022689819336,3.365673303604126,0.5321052074432373,52.317359924316406,1.0869603157043457,1.0869767665863037,1.39,0.9172163605690002,0.04119856283068657,0.052699893712997437,7.563797473907471,0.0,0.0,0.32864490151405334,0.00010632962948875502,0.004165808670222759,0.8091369271278381,0.0,0.0,1.0741063356399536,0.5105022192001343,0.016493922099471092,0.20165880024433136,0.011918275617063046,0.34387195110321045,0.2868233621120453,0.018123524263501167,0.0005676817963831127,0.6015217304229736,1.0,0.0,0.8635216951370239,0.22045336663722992,0.0005787759437225759,0.019704554229974747,0.0,0.0,0.34723061323165894,0.06179610639810562,6.222998490557075e-05,1.2856981754302979,0.0,0.0
311,2.400204658508301,0.8238099813461304,40.47636795043945,1.6234856843948364,0.7321916818618774,45.1292839050293,1.0414915084838867,1.0433940887451172,175.08,0.7856677174568176,0.01398406457155943,0.10111197084188461,17.378976821899414,0.0,0.0,0.3368581533432007,3.729180389200337e-05,0.0014099663821980357,0.6090230345726013,0.0,0.0,0.9488829970359802,0.536159336566925,0.010925676673650742,0.10266686975955963,0.004702051170170307,0.14255259931087494,0.30658695101737976,0.030770935118198395,0.0002054466458503157,0.9148527383804321,1.0,0.0,0.985362708568573,0.1669263243675232,0.0006030405056662858,0.02043481543660164,0.0,0.0,0.33930712938308716,0.06631433218717575,0.00011596972763072699,1.2316374778747559,0.0,0.0
312,1.243619680404663,0.1368218958377838,35.39992141723633,6.71616268157959,0.5121363401412964,41.20438003540039,1.2122458219528198,1.2123836278915405,9.38,0.8566620945930481,0.08962863683700562,0.03699255362153053,2.5370543003082275,0.0,0.0,0.37585920095443726,0.00017070800822693855,0.009106911718845367,0.929785430431366,0.0,0.0,1.007484793663025,0.2820713222026825,0.02001626044511795,0.31731611490249634,0.018860207870602608,0.5856006741523743,0.28385841846466064,0.014711464755237103,0.0008750122506171465,0.4871635437011719,1.0,0.0,0.700115978717804,0.3804134428501129,0.00043595730676315725,0.016634266823530197,0.0,0.0,0.3464161455631256,0.038112275302410126,0.0002556687977630645,1.2344743013381958,0.0,0.0
313,2.5673105716705322,0.6725038886070251,37.21296691894531,7.209345817565918,0.49847865104675293,50.71809005737305,1.2222450971603394,1.223495602607727,83.62,0.9174658060073853,0.007180331740528345,0.06146472319960594,13.859655380249023,0.0,0.0,0.32281264662742615,2.595126716187224e-06,0.005358985625207424,0.6765320897102356,0.0,0.0,1.0970025062561035,0.33722174167633057,0.020524732768535614,0.33613112568855286,0.019953720271587372,0.6365156173706055,0.282239705324173,0.013335449621081352,0.0009393396321684122,0.4649122357368469,1.0,0.0,0.7858258485794067,0.30838316679000854,0.0004940672079101205,0.01840372383594513,0.0,0.0,0.3464151918888092,0.04384555667638779,0.000169957012985833,1.2544186115264893,0.0,0.0
314,1.1933138370513916,0.7709330916404724,30.28099250793457,5.942776203155518,0.46815329790115356,43.60050582885742,1.1465171575546265,1.1468945741653442,28.7,0.750406801700592,0.005434717051684856,0.088075652718544,17.94938087463379,0.0,0.0,0.3503040075302124,3.570445187506266e-05,0.006518678739666939,0.6493034362792969,0.0,0.0,1.0786347389221191,0.4085591435432434,0.01984468102455139,0.3196084499359131,0.018194597214460373,0.5763776898384094,0.27911534905433655,0.013277430087327957,0.0008340725908055902,0.47145384550094604,1.0,0.0,0.806548535823822,0.26991719007492065,0.0005167151102796197,0.01896062307059765,0.0,0.0,0.3488757610321045,0.046423837542533875,0.00013435135770123452,1.2671873569488525,0.0,0.0
315,3.9693846702575684,0.0988926887512207,41.36203384399414,3.5746352672576904,0.6082810163497925,50.30464553833008,1.2117502689361572,1.211289644241333,31.38,1.0110234022140503,0.14534299075603485,0.01670117862522602,1.9057881832122803,0.0,0.0,0.3468061685562134,0.0001430385746061802,0.005095178727060556,0.9691535830497742,0.0,0.0,0.9919676184654236,0.3694188594818115,0.015424944460391998,0.18248553574085236,0.01110361609607935,0.3155943751335144,0.29480108618736267,0.021336035802960396,0.0005414950428530574,0.6739301085472107,1.0,0.0,0.7708050608634949,0.29960450530052185,0.0004901628708466887,0.01743384078145027,0.0,0.0,0.3431275188922882,0.051213644444942474,0.0001739173603709787,1.2394129037857056,0.0,0.0
316,1.9338843822479248,0.8077177405357361,27.923812866210938,2.3473827838897705,0.7401410341262817,42.27342224121094,1.0765478610992432,1.0755960941314697,82.2,0.7983953356742859,0.012970175594091415,0.0992855653166771,16.919401168823242,0.0,0.0,0.339397132396698,5.690347825293429e-05,0.002002354944124818,0.6125839352607727,0.0,0.0,0.9676002860069275,0.54258131980896,0.011571410112082958,0.11037897318601608,0.005783360451459885,0.16662666201591492,0.306559681892395,0.030785851180553436,0.00029295519925653934,0.8960763216018677,1.0,0.0,1.0112950801849365,0.1380440890789032,0.0006539667956531048,0.021222224459052086,0.0,0.0,0.3415514826774597,0.08019503206014633,5.614342444459908e-05,1.2712395191192627,0.0,0.0
317,1.7548346519470215,0.5930759310722351,36.28470993041992,4.707234859466553,0.5158132314682007,48.269378662109375,1.1830511093139648,1.1816179752349854,102.52,0.8626872301101685,0.007601561490446329,0.07198488712310791,12.294489860534668,0.0,0.0,0.3272712230682373,4.1425053495913744e-05,0.004554504528641701,0.7154154777526855,0.0,0.0,1.0523868799209595,0.3993878662586212,0.017894446849822998,0.2478121668100357,0.015018776059150696,0.4460935890674591,0.285638689994812,0.0159175805747509,0.0007306127226911485,0.5393133163452148,1.0,0.0,0.8197792768478394,0.272734671831131,0.0005231918185018003,0.018918432295322418,0.0,0.0,0.34706059098243713,0.04928981885313988,0.00014203823229763657,1.2558852434158325,0.0,0.0
318,3.8488409519195557,0.3531724214553833,16.533470153808594,6.099050045013428,0.6545425057411194,58.672096252441406,1.009964942932129,1.0101171731948853,14.92,1.0978145599365234,0.05253402143716812,0.032479461282491684,5.867750644683838,0.0,0.0,0.3038732409477234,4.127368811168708e-05,0.004179766867309809,0.8291871547698975,0.0,0.0,1.109962821006775,0.44582924246788025,0.016307208687067032,0.2676013708114624,0.013214263133704662,0.4748757481575012,0.2919643819332123,0.02142668329179287,0.0005574456881731749,0.6969054341316223,1.0,0.0,0.8758898377418518,0.2117871344089508,0.0005652746767736971,0.019619334489107132,0.0,0.0,0.3425408601760864,0.05818689614534378,7.985041884239763e-05,1.2803881168365479,0.0,0.0
319,2.0065157413482666,0.8413870930671692,17.75690269470215,6.3432936668396,0.5163564682006836,51.51050567626953,1.0156272649765015,1.0169538259506226,128.44,0.808168351650238,0.008672941476106644,0.0760740116238594,17.89663314819336,0.0,0.0,0.3508416712284088,1.9789413272519596e-05,0.0044828420504927635,0.6274487972259521,0.0,0.0,1.1484943628311157,0.49147921800613403,0.01923876255750656,0.34494519233703613,0.017244623973965645,0.6099989414215088,0.2775442898273468,0.014738373458385468,0.0006919131265021861,0.5408017635345459,1.0,0.0,0.8567225337028503,0.22077162563800812,0.0005522234132513404,0.019702287390828133,0.0,0.0,0.3456692397594452,0.0517314150929451,7.484077650588006e-05,1.2879055738449097,0.0,0.0
320,3.3555564880371094,0.3261951208114624,20.484615325927734,5.601587772369385,0.743331253528595,40.099693298339844,1.1363279819488525,1.1376615762710571,103.16,1.0583449602127075,0.06542890518903732,0.038229942321777344,5.269362926483154,0.0,0.0,0.3119566738605499,6.68652864987962e-05,0.0036868760362267494,0.8388753533363342,0.0,0.0,1.045154333114624,0.5113388895988464,0.013941111043095589,0.19982607662677765,0.010191039182245731,0.3463093042373657,0.3031750023365021,0.02777356281876564,0.000491463637445122,0.8113175630569458,1.0,0.0,0.8891674876213074,0.1958346664905548,0.0005769050912931561,0.01953582651913166,0.0,0.0,0.341614305973053,0.06515822559595108,6.912495155120268e-05,1.2786108255386353,0.0,0.0
321,1.8978002071380615,0.5132734179496765,39.074928283691406,3.208735227584839,0.5279840230941772,59.89827346801758,1.148544192314148,1.1455280780792236,229.24,0.8878816962242126,0.01393761858344078,0.06574790179729462,10.16508674621582,0.0,0.0,0.3261728584766388,7.286432810360566e-05,0.0019349863287061453,0.7567151188850403,0.0,0.0,1.0604830980300903,0.5426098108291626,0.01613505929708481,0.19131852686405182,0.011677243746817112,0.33051782846450806,0.2873901128768921,0.01761111058294773,0.0005785165703855455,0.598550021648407,1.0,0.0,0.8832880854606628,0.21713852882385254,0.0005861951503902674,0.020026763901114464,0.0,0.0,0.347323477268219,0.062250614166259766,6.9479996454902e-05,1.2808566093444824,0.0,0.0
322,1.986336588859558,0.42998161911964417,32.7244758605957,4.824188709259033,0.5894069671630859,51.10715866088867,1.2093796730041504,1.210590124130249,82.68,0.9121465086936951,0.029643436893820763,0.05846402794122696,8.320332527160645,0.0,0.0,0.3243366777896881,8.6673790065106e-05,0.0036623007617890835,0.7794774174690247,0.0,0.0,1.041853666305542,0.4515876770019531,0.01715114712715149,0.23133185505867004,0.013669054955244064,0.4141812324523926,0.2923890948295593,0.020069893449544907,0.0006575090810656548,0.618466317653656,1.0,0.0,0.8566854000091553,0.23013059794902802,0.0005619864678010345,0.019411833956837654,0.0,0.0,0.34470611810684204,0.05762944743037224,8.577417611377314e-05,1.273285150527954,0.0,0.0
323,5.333001613616943,0.5178016424179077,29.683473587036133,7.622146129608154,0.41516420245170593,62.89704513549805,1.0990759134292603,1.1008814573287964,149.22,1.1231868267059326,0.02008197270333767,0.028078870847821236,10.059309005737305,0.0,0.0,0.2942535877227783,1.0008196795752156e-06,0.007638046983629465,0.7492225766181946,0.0,0.0,1.245895504951477,0.32339558005332947,0.02162705920636654,0.4122488796710968,0.021563097834587097,0.7772919535636902,0.27079522609710693,0.009275563061237335,0.0009594704606570303,0.4094071686267853,1.0,0.0,0.7806476354598999,0.3069862127304077,0.0005095961969345808,0.018706995993852615,0.0,0.0,0.3486710488796234,0.04686060547828674,9.039434371516109e-05,1.2873611450195312,0.0,0.0
324,4.2524027824401855,0.07390239089727402,35.221012115478516,9.847336769104004,0.44442877173423767,58.08148956298828,1.2162097692489624,1.214860439300537,91.32,1.1234421730041504,0.12713436782360077,0.00651794346049428,2.8655242919921875,0.0,0.0,0.3364187777042389,8.468627493130043e-05,0.01285664364695549,0.9627631902694702,0.0,0.0,1.1390801668167114,0.253310889005661,0.02372581698000431,0.45524919033050537,0.02509738877415657,0.8775883316993713,0.2747233211994171,0.009813477285206318,0.0011144569143652916,0.39001134037971497,1.0,0.0,0.6915669441223145,0.3759993612766266,0.00045082232099957764,0.016799580305814743,0.0,0.0,0.34746018052101135,0.04250776022672653,0.00013815422425977886,1.2735214233398438,0.0,0.0
325,5.706332683563232,0.7711321115493774,20.595746994018555,9.87812614440918,0.6636725664138794,57.277679443359375,1.108491063117981,1.1080832481384277,33.2,0.9801843762397766,0.010360323823988438,0.04320602864027023,17.568401336669922,0.0,0.0,0.3212820291519165,1.6259080439340323e-05,0.002708301180973649,0.6454660892486572,0.0,0.0,1.091670036315918,0.49246329069137573,0.018492329865694046,0.3569868803024292,0.017809715121984482,0.671714723110199,0.29208263754844666,0.020330460742115974,0.0007336258422583342,0.644955575466156,1.0,0.0,0.894717812538147,0.19281135499477386,0.0005769194103777409,0.019911080598831177,0.0,0.0,0.34228309988975525,0.060805510729551315,5.778633203590289e-05,1.2866021394729614,0.0,0.0
326,3.5544888973236084,0.480611652135849,20.02347183227539,3.339061975479126,0.7621597647666931,52.015953063964844,1.0216201543807983,1.0209544897079468,63.82,1.065159559249878,0.029738329350948334,0.04897497966885567,8.998801231384277,0.0,0.0,0.30265918374061584,4.1960964153986424e-05,0.0023131559137254953,0.7625771760940552,0.0,0.0,1.0377835035324097,0.5310836434364319,0.011585996486246586,0.1303563266992569,0.006574457045644522,0.21075472235679626,0.30516836047172546,0.030294429510831833,0.00033065135357901454,0.9029628038406372,1.0,0.0,0.9983095526695251,0.13383199274539948,0.0006600617780350149,0.021056663244962692,0.0,0.0,0.3417009115219116,0.0879708081483841,3.252581518609077e-05,1.2921229600906372,0.0,0.0
327,1.2867954969406128,0.3796710669994354,18.547883987426758,7.291567802429199,0.664634644985199,53.41659927368164,1.142615795135498,1.1423249244689941,22.28,0.9604400992393494,0.040084436535835266,0.05713997781276703,5.346286773681641,0.0,0.0,0.33366888761520386,0.00010639291576808318,0.003640518058091402,0.8091261982917786,0.0,0.0,1.0710721015930176,0.4907739758491516,0.017504043877124786,0.2914072573184967,0.014822366647422314,0.5245639681816101,0.2940087616443634,0.0228197630494833,0.0006291766767390072,0.6755882501602173,1.0,0.0,0.8816311359405518,0.1980748176574707,0.0005737937171943486,0.01974320225417614,0.0,0.0,0.3423132300376892,0.058123230934143066,6.645821849815547e-05,1.287018060684204,0.0,0.0
328,1.5612906217575073,0.7859941124916077,24.568960189819336,5.305561065673828,0.6855061650276184,46.36856460571289,1.197890281677246,1.1983962059020996,35.24,0.7637061476707458,0.007921143434941769,0.09494230896234512,18.700756072998047,0.0,0.0,0.34098315238952637,5.525439337361604e-05,0.0023543392308056355,0.6240643858909607,0.0,0.0,0.9909833669662476,0.583850085735321,0.015402945689857006,0.21392454206943512,0.011973807588219643,0.3806668519973755,0.29940295219421387,0.025264563038945198,0.0005672619445249438,0.7321988344192505,1.0,0.0,0.9448165893554688,0.16971375048160553,0.0006172758294269443,0.020644094794988632,0.0,0.0,0.3424431383609772,0.06717152893543243,5.311108543537557e-05,1.2819290161132812,0.0,0.0
329,3.925912857055664,0.7622405290603638,34.255531311035156,3.1817610263824463,0.5755472779273987,51.37325668334961,1.1255006790161133,1.1251940727233887,24.21,0.9044942259788513,0.0062203966081142426,0.05944860354065895,17.879562377929688,0.0,0.0,0.32526451349258423,4.813223313249182e-06,0.0026878234930336475,0.6485826373100281,0.0,0.0,1.0588265657424927,0.5376656651496887,0.015558821149170399,0.1803332269191742,0.010960000567138195,0.30631959438323975,0.29197242856025696,0.020075561478734016,0.0005379106150940061,0.6499945521354675,1.0,0.0,0.8941285610198975,0.21521252393722534,0.0005805558175779879,0.019989797845482826,0.0,0.0,0.34538525342941284,0.06083066016435623,8.857846114551648e-05,1.2689001560211182,0.0,0.0
330,4.5345458984375,0.9093832969665527,25.44125747680664,4.2099528312683105,0.6409460306167603,77.71408081054688,1.1012989282608032,1.1015675067901611,22.14,1.053821325302124,0.011382587254047394,0.04791887849569321,9.967405319213867,0.0,0.0,0.3518397808074951,1.6425514331785962e-05,0.0007710434147156775,0.6036609411239624,0.0,0.0,1.0733975172042847,0.6059026718139648,0.015540883876383305,0.20153184235095978,0.010875150561332703,0.3498266339302063,0.2948850989341736,0.022950956597924232,0.00048541289288550615,0.708827793598175,1.0,0.0,0.9753487706184387,0.16476686298847198,0.0006270840531215072,0.021305439993739128,0.0,0.0,0.3431391716003418,0.06322751939296722,6.978294550208375e-05,1.279876470565796,0.0,0.0
331,3.4523885250091553,0.9563500285148621,38.50870132446289,2.368992328643799,0.5767502188682556,58.24936294555664,1.0992950201034546,1.099979281425476,56.59,0.7393844127655029,0.02669471874833107,0.07609160244464874,22.8459529876709,0.0,0.0,0.3686569333076477,4.3093878048239276e-05,0.0011246216017752886,0.5865047574043274,0.0,0.0,1.0032860040664673,0.6677969098091125,0.014799835160374641,0.15157939493656158,0.00922637153416872,0.24539066851139069,0.29278916120529175,0.021271411329507828,0.00044810029794462025,0.6806046366691589,1.0,0.0,0.944976270198822,0.17770370841026306,0.0006224436219781637,0.020832249894738197,0.0,0.0,0.3455478250980377,0.06687212735414505,6.671850860584527e-05,1.276207447052002,0.0,0.0
332,5.881062984466553,0.36320576071739197,28.962364196777344,9.04654598236084,0.6209040880203247,50.102073669433594,1.2266860008239746,1.2244986295700073,145.62,1.2029805183410645,0.045020703226327896,0.028469635173678398,6.431828498840332,0.0,0.0,0.2879309058189392,2.2302745037450222e-06,0.005912324413657188,0.8168089985847473,0.0,0.0,1.1342235803604126,0.374936580657959,0.019818587228655815,0.343029648065567,0.018827218562364578,0.6450510621070862,0.2926587164402008,0.019103704020380974,0.0008430194575339556,0.5796746015548706,1.0,0.0,0.8164023756980896,0.2562129497528076,0.0005250339163467288,0.01865951344370842,0.0,0.0,0.34285596013069153,0.052961986511945724,0.00010522700904402882,1.2722697257995605,0.0,0.0
333,2.726355791091919,0.7073487639427185,32.34025573730469,8.027904510498047,0.6615843176841736,46.8000602722168,1.2980852127075195,1.2981985807418823,6.73,0.896882951259613,0.008984578773379326,0.06868037581443787,15.05288314819336,0.0,0.0,0.3206902742385864,1.901321593322791e-05,0.0034261017572134733,0.6461458802223206,0.0,0.0,1.0205199718475342,0.430129736661911,0.018306680023670197,0.2837083339691162,0.016775023192167282,0.5291261672973633,0.2979593575000763,0.02217283844947815,0.0007941683870740235,0.6274965405464172,1.0,0.0,0.861165463924408,0.22952687740325928,0.000543491099961102,0.019201401621103287,0.0,0.0,0.3412311375141144,0.05298341438174248,0.00011605102918110788,1.2573267221450806,0.0,0.0
334,5.4094414710998535,0.5433399081230164,43.81059646606445,2.468226194381714,0.6578720211982727,56.03602981567383,1.1550648212432861,1.1569688320159912,142.48,1.0767520666122437,0.01271068211644888,0.04009512811899185,11.470769882202148,0.0,0.0,0.2904413640499115,9.058682621798653e-07,0.002075127325952053,0.7508251070976257,0.0,0.0,1.0615791082382202,0.5195098519325256,0.013316936790943146,0.14006903767585754,0.008108298294246197,0.22492459416389465,0.2991516888141632,0.024546179920434952,0.0003866555343847722,0.7776100635528564,1.0,0.0,0.9035124778747559,0.21822728216648102,0.0005690527614206076,0.019591903313994408,0.0,0.0,0.34122583270072937,0.06175944581627846,0.00011871541209984571,1.2489752769470215,0.0,0.0
335,3.2160379886627197,0.5929053425788879,22.085397720336914,7.352846145629883,0.6414363980293274,49.794071197509766,1.1558167934417725,1.158194899559021,177.65,0.9816935658454895,0.012096335180103779,0.053252145648002625,12.31539249420166,0.0,0.0,0.30705055594444275,1.0925319656962529e-05,0.0036089292261749506,0.7078770995140076,0.0,0.0,1.1025103330612183,0.4736272692680359,0.017912674695253372,0.30150261521339417,0.015830131247639656,0.5464028716087341,0.2927999496459961,0.02102344110608101,0.0006978405290283263,0.641624391078949,1.0,0.0,0.8820378184318542,0.21019558608531952,0.0005730199045501649,0.01982525736093521,0.0,0.0,0.3429553806781769,0.05859804153442383,6.521338218590245e-05,1.2847371101379395,0.0,0.0
336,3.2629361152648926,0.8957058191299438,34.175472259521484,3.171114444732666,0.5380417108535767,41.8071403503418,1.1017831563949585,1.101444125175476,27.94,0.7717092037200928,0.014174279756844044,0.07402615249156952,22.180299758911133,0.0,0.0,0.357181191444397,3.802857099799439e-05,0.00390711659565568,0.6056506633758545,0.0,0.0,1.0077946186065674,0.4654025435447693,0.016034984961152077,0.1890469193458557,0.011533120647072792,0.31931978464126587,0.28862059116363525,0.018336856737732887,0.000562586821615696,0.6068586111068726,1.0,0.0,0.8477326035499573,0.24666620790958405,0.0005342376534827054,0.01920398138463497,0.0,0.0,0.3467213809490204,0.05098439007997513,0.00015470042126253247,1.2445948123931885,0.0,0.0
337,1.4596854448318481,0.011431493796408176,28.990070343017578,2.5601353645324707,0.7178563475608826,41.36901092529297,1.1268575191497803,1.1259812116622925,69.06,1.1746457815170288,0.18980123102664948,0.014581962488591671,0.2579622268676758,0.0,0.0,0.41848164796829224,0.00024892869987525046,0.004067535977810621,1.0053874254226685,0.0,0.0,1.0967148542404175,0.560272216796875,0.013266980648040771,0.12248010188341141,0.006343048997223377,0.1937108188867569,0.3048725724220276,0.030955098569393158,0.00027032787329517305,0.8566936254501343,1.0,0.0,0.8344066739082336,0.18264418840408325,0.00052113167475909,0.01807520166039467,0.0,0.0,0.34227946400642395,0.06320516765117645,0.0001552580506540835,1.2675105333328247,0.0,0.0
338,1.4151114225387573,0.00534356152638793,19.71394920349121,6.411557674407959,0.66168612241745,50.257755279541016,1.1612398624420166,1.1603962182998657,62.61,1.2256120443344116,0.13786019384860992,0.011722649447619915,0.16293001174926758,0.0,0.0,0.4105921685695648,0.00021082322928123176,0.00642765499651432,1.0122578144073486,0.0,0.0,1.1796596050262451,0.5812100172042847,0.01813308708369732,0.26377710700035095,0.013133019208908081,0.4751863479614258,0.29515624046325684,0.024620993062853813,0.0004991117166355252,0.687174916267395,1.0,0.0,0.7801762819290161,0.214202880859375,0.0004946187837049365,0.017651939764618874,0.0,0.0,0.3429432809352875,0.05346686765551567,9.062868048204109e-05,1.2893258333206177,0.0,0.0
339,4.840638637542725,0.9198641180992126,25.689058303833008,2.881178379058838,0.6337706446647644,56.51660919189453,1.0311980247497559,1.03113853931427,5.59,0.8317503929138184,0.022969499230384827,0.058328524231910706,22.513851165771484,0.0,0.0,0.3541204333305359,2.990805842273403e-05,0.0017888176953420043,0.5881374478340149,0.0,0.0,1.0272183418273926,0.6174152493476868,0.014226965606212616,0.15768538415431976,0.00908289197832346,0.2607755959033966,0.29493167996406555,0.023270409554243088,0.0004287332994863391,0.7383275628089905,1.0,0.0,0.966829776763916,0.15519103407859802,0.0006430213688872755,0.02098708227276802,0.0,0.0,0.3442065715789795,0.0762096643447876,3.91321700590197e-05,1.290388822555542,0.0,0.0
340,4.982978343963623,0.94678795337677,22.918315887451172,6.132791519165039,0.46709153056144714,55.72574996948242,1.0125043392181396,1.0126947164535522,18.57,0.8012449741363525,0.019788511097431183,0.04786123335361481,22.78309440612793,0.0,0.0,0.37115389108657837,5.580676588579081e-05,0.004445377271622419,0.5879139304161072,0.0,0.0,1.1334925889968872,0.4584542512893677,0.019575882703065872,0.34941473603248596,0.01768629252910614,0.6312896609306335,0.27388256788253784,0.012328444048762321,0.00074319465784356,0.49164333939552307,1.0,0.0,0.8530240058898926,0.22604554891586304,0.0005562544101849198,0.019815560430288315,0.0,0.0,0.3472760319709778,0.051743313670158386,6.971370748942718e-05,1.2883045673370361,0.0,0.0
341,4.88996696472168,0.1244489923119545,26.186948776245117,4.878758907318115,0.7901573777198792,47.173343658447266,1.1986666917800903,1.1991366147994995,32.69,1.1359105110168457,0.1673131138086319,0.01859312877058983,2.058161973953247,0.0,0.0,0.3297988474369049,0.00011300147161819041,0.0033665390219539404,0.9561202526092529,0.0,0.0,1.0001031160354614,0.5310275554656982,0.012426930479705334,0.15233802795410156,0.008028829470276833,0.26073578000068665,0.310159832239151,0.03191463276743889,0.00042380878585390747,0.8884060382843018,1.0,0.0,0.9022258520126343,0.17369699478149414,0.0005980132264085114,0.01944178156554699,0.0,0.0,0.34065672755241394,0.07765533030033112,4.97923101647757e-05,1.2836947441101074,0.0,0.0
342,2.650693893432617,0.24483267962932587,17.946556091308594,6.617085933685303,0.5680913925170898,56.958919525146484,1.048973560333252,1.0498077869415283,75.75,1.0436162948608398,0.07850128412246704,0.03043278306722641,3.5898962020874023,0.0,0.0,0.32970693707466125,9.099664748646319e-05,0.0061921486631035805,0.8810240030288696,0.0,0.0,1.1381940841674805,0.400683730840683,0.018843257799744606,0.32837677001953125,0.016305183991789818,0.5840232372283936,0.2839384973049164,0.017341405153274536,0.0006653029122389853,0.585648775100708,1.0,0.0,0.810536801815033,0.25088930130004883,0.0005267622764222324,0.018690766766667366,0.0,0.0,0.3441321849822998,0.051473792642354965,9.254107135348022e-05,1.283810019493103,0.0,0.0
343,2.64074444770813,0.24002428352832794,28.349123001098633,7.5653839111328125,0.4159022271633148,50.53987121582031,1.120625376701355,1.1192952394485474,106.05,1.0424370765686035,0.06787104904651642,0.025147855281829834,4.032164573669434,0.0,0.0,0.33022376894950867,7.255812670337036e-05,0.011199493892490864,0.8809912800788879,0.0,0.0,1.1732138395309448,0.30935680866241455,0.021898023784160614,0.4091479480266571,0.021680867299437523,0.7625601887702942,0.27136754989624023,0.00973567459732294,0.0009525969508104026,0.40764203667640686,1.0,0.0,0.7404142022132874,0.3243718147277832,0.0004851408884860575,0.01790791004896164,0.0,0.0,0.3493667244911194,0.04481607675552368,0.00011406327394070104,1.2814662456512451,0.0,0.0
344,3.322549343109131,0.5014633536338806,43.129295349121094,3.953040361404419,0.6719416975975037,55.246158599853516,1.2656744718551636,1.2665151357650757,52.44,0.9855073690414429,0.01849837601184845,0.052963513880968094,9.89622688293457,0.0,0.0,0.30417653918266296,2.6761537810671143e-05,0.0021088835783302784,0.7505645751953125,0.0,0.0,1.0169799327850342,0.4591757655143738,0.014445627108216286,0.1757829785346985,0.010363572277128696,0.3054406940937042,0.2996976971626282,0.024380693212151527,0.000501051195897162,0.7444872260093689,1.0,0.0,0.8859341144561768,0.22602792084217072,0.0005573347443714738,0.019329719245433807,0.0,0.0,0.3403382897377014,0.05808531865477562,0.00011983153672190383,1.2486439943313599,0.0,0.0
345,4.433643817901611,0.9633401036262512,35.05421447753906,3.1159932613372803,0.7340253591537476,55.0174674987793,1.1789482831954956,1.1791948080062866,17.73,0.8069549202919006,0.037834182381629944,0.06772938370704651,22.264530181884766,0.0,0.0,0.35946086049079895,3.086412834818475e-05,0.0011643479811027646,0.5674508213996887,0.0,0.0,0.9731848835945129,0.5529947876930237,0.01256638951599598,0.13402564823627472,0.00733921118080616,0.21784627437591553,0.30612263083457947,0.02993692457675934,0.0003614784509409219,0.8585837483406067,1.0,0.0,0.9988179802894592,0.14399489760398865,0.0006524241180159152,0.02108204923570156,0.0,0.0,0.3404839336872101,0.07813961058855057,5.019030868425034e-05,1.27847158908844,0.0,0.0
346,4.454761028289795,0.2504114806652069,27.262969970703125,3.7572696208953857,0.552725076675415,49.536258697509766,1.0804996490478516,1.0813910961151123,76.29,1.0911251306533813,0.08412180840969086,0.023663366213440895,4.396945476531982,0.0,0.0,0.31283336877822876,7.555809861514717e-05,0.005410939455032349,0.8783277273178101,0.0,0.0,1.1030889749526978,0.45550376176834106,0.016640353947877884,0.21336804330348969,0.012226609513163567,0.3653095066547394,0.2883482277393341,0.01862894557416439,0.0005753939040005207,0.6138916611671448,1.0,0.0,0.8351733088493347,0.24024982750415802,0.0005551015492528677,0.019116351380944252,0.0,0.0,0.3463638126850128,0.059529341757297516,7.874298898968846e-05,1.2800971269607544,0.0,0.0
347,4.579383373260498,0.741162896156311,24.79620933532715,8.841068267822266,0.6129560470581055,51.48862838745117,1.1752938032150269,1.1753243207931519,2.21,0.975681722164154,0.010298359207808971,0.04719815030694008,16.55790138244629,0.0,0.0,0.31771793961524963,4.894459834758891e-06,0.003639001864939928,0.6469014883041382,0.0,0.0,1.111450433731079,0.4511951506137848,0.019620604813098907,0.3537134826183319,0.018658338114619255,0.6625787019729614,0.2897631824016571,0.018583931028842926,0.0008061243570409715,0.5834000110626221,1.0,0.0,0.8651986122131348,0.2175711691379547,0.0005591419176198542,0.019573969766497612,0.0,0.0,0.34323886036872864,0.0563940666615963,7.107012788765132e-05,1.2828911542892456,0.0,0.0
348,3.7384326457977295,0.61007159948349,27.244876861572266,6.819206237792969,0.7511348724365234,51.281070709228516,1.263499140739441,1.262844443321228,41.03,0.9959349036216736,0.010815254412591457,0.05515966936945915,13.35294246673584,0.0,0.0,0.30303433537483215,8.495452675560955e-06,0.0023482039105147123,0.6972154378890991,0.0,0.0,1.0389808416366577,0.5609457492828369,0.01488043274730444,0.2135675996541977,0.011894120834767818,0.3891292214393616,0.30564650893211365,0.027866147458553314,0.000592962431255728,0.7788596749305725,1.0,0.0,0.9418672919273376,0.17380255460739136,0.0006142826750874519,0.02039502188563347,0.0,0.0,0.3403126001358032,0.07019554078578949,5.2498577133519575e-05,1.281604528427124,0.0,0.0
349,1.6479060649871826,0.19627179205417633,30.264780044555664,6.762600421905518,0.5069546699523926,50.6141471862793,1.187244176864624,1.1839015483856201,237.81,0.9206081032752991,0.08268697559833527,0.03603715822100639,3.262547254562378,0.0,0.0,0.35555920004844666,0.00015420785348396748,0.007471506018191576,0.8984093070030212,0.0,0.0,1.0763990879058838,0.3693207800388336,0.02037946507334709,0.3324088454246521,0.018672673031687737,0.6128750443458557,0.28250956535339355,0.014903026632964611,0.0008490640320815146,0.4918277859687805,1.0,0.0,0.7753165364265442,0.2774500846862793,0.0005113386432640254,0.0182502344250679,0.0,0.0,0.34688887000083923,0.049758512526750565,0.00010261348506901413,1.2778642177581787,0.0,0.0
350,2.0801806449890137,0.7792159914970398,22.845882415771484,5.998388767242432,0.7955893874168396,41.99446105957031,1.2202917337417603,1.2219969034194946,114.35,0.8223851323127747,0.009126713499426842,0.08921269327402115,16.99029541015625,0.0,0.0,0.33139532804489136,4.3289743189234287e-05,0.0021585680078715086,0.6240909695625305,0.0,0.0,0.9784381985664368,0.5323110818862915,0.012755832634866238,0.1773594319820404,0.00921626016497612,0.30983415246009827,0.30857500433921814,0.03139977902173996,0.00047892125439830124,0.8677917122840881,1.0,0.0,0.984402060508728,0.15047457814216614,0.0006349910399876535,0.02095113694667816,0.0,0.0,0.33998793363571167,0.07272461801767349,5.1751976570812985e-05,1.2777886390686035,0.0,0.0
351,3.451300859451294,0.4715072512626648,26.997175216674805,6.391228675842285,0.5726290345191956,50.79255676269531,1.1677707433700562,1.1696250438690186,135.76,1.03622567653656,0.025299103930592537,0.04226083308458328,9.087201118469238,0.0,0.0,0.3040713667869568,1.948407771124039e-05,0.004870327189564705,0.7619259357452393,0.0,0.0,1.1171071529388428,0.4337979853153229,0.018810784444212914,0.2985557019710541,0.016415124759078026,0.5422497391700745,0.2883983552455902,0.01808887906372547,0.000745877216104418,0.5726416707038879,1.0,0.0,0.8449673056602478,0.2348545342683792,0.0005529172485694289,0.01932518742978573,0.0,0.0,0.34479743242263794,0.05587287247180939,8.002165850484744e-05,1.2806177139282227,0.0,0.0
352,3.5744287967681885,0.005351684521883726,42.022621154785156,6.182070732116699,0.5596168637275696,43.831661224365234,1.2463644742965698,1.2454077005386353,61.64,0.9657072424888611,0.15782998502254486,0.011115548200905323,1.088496208190918,0.0,0.0,0.37137240171432495,0.00013554736506193876,0.009222461842000484,1.0170526504516602,0.0,0.0,0.9663349390029907,0.23195108771324158,0.018532628193497658,0.27031680941581726,0.016857102513313293,0.5069106221199036,0.2888835370540619,0.01656058430671692,0.0008094577351585031,0.5418245196342468,1.0,0.0,0.6619671583175659,0.4513947367668152,0.0003992284182459116,0.015457299537956715,0.0,0.0,0.34321653842926025,0.0362771600484848,0.00034965542727150023,1.2035011053085327,0.0,0.0
353,3.8664703369140625,0.4952634274959564,21.55866050720215,8.73771858215332,0.6072555780410767,58.29561996459961,1.136525273323059,1.137492060661316,74.78,1.073974370956421,0.023208003491163254,0.03933373838663101,9.649925231933594,0.0,0.0,0.2983866035938263,6.679864327452378e-06,0.0041081104427576065,0.7538579702377319,0.0,0.0,1.1357609033584595,0.4191821217536926,0.019549457356333733,0.3611448407173157,0.01851804181933403,0.6754595637321472,0.2883407473564148,0.018196512013673782,0.0007792537799105048,0.5860900282859802,1.0,0.0,0.8602766990661621,0.2222837507724762,0.0005582126323133707,0.01950564794242382,0.0,0.0,0.3431876301765442,0.05641741305589676,6.837264663772658e-05,1.285730242729187,0.0,0.0
354,3.8028831481933594,0.0723852664232254,38.27305221557617,1.944764256477356,0.6564767360687256,48.34739303588867,1.0851773023605347,1.0852508544921875,6.25,0.9760817289352417,0.20095603168010712,0.017603116109967232,1.7844831943511963,0.0,0.0,0.3594428300857544,0.00019221377442590892,0.0033298099879175425,0.9839488863945007,0.0,0.0,0.9802971482276917,0.5026782155036926,0.013115541078150272,0.12277951091527939,0.007028341293334961,0.18642129004001617,0.3003278970718384,0.02595357410609722,0.0003347736201249063,0.7924196720123291,1.0,0.0,0.840345025062561,0.22854523360729218,0.0005458452505990863,0.01847066730260849,0.0,0.0,0.3428613841533661,0.0634908676147461,0.00011573071969905868,1.2519280910491943,0.0,0.0
355,1.652862787246704,0.10330461710691452,20.295276641845703,3.3153226375579834,0.5415250062942505,52.447505950927734,1.0058009624481201,1.0045875310897827,120.09,0.9351147413253784,0.1463990956544876,0.028720691800117493,1.5972542762756348,0.0,0.0,0.38161522150039673,0.00023999673430807889,0.005744536407291889,0.9607493877410889,0.0,0.0,1.0765950679779053,0.5091663002967834,0.0163642019033432,0.2056463211774826,0.011393972672522068,0.3419881761074066,0.284980833530426,0.01873577944934368,0.0004918859922327101,0.6253955960273743,1.0,0.0,0.815231204032898,0.2333383858203888,0.0005453226040117443,0.018731866031885147,0.0,0.0,0.34642136096954346,0.0585995614528656,6.740017124684528e-05,1.2898681163787842,0.0,0.0
356,5.784564971923828,0.782562255859375,23.76178741455078,8.224726676940918,0.7078930735588074,44.727867126464844,1.1738768815994263,1.1733217239379883,40.31,0.9658271670341492,0.00763597059994936,0.046357426792383194,17.43706703186035,0.0,0.0,0.32125839591026306,8.963364962255582e-06,0.0025208236183971167,0.6371936202049255,0.0,0.0,1.0560529232025146,0.49748438596725464,0.01650090143084526,0.27968138456344604,0.014603815972805023,0.5188915729522705,0.298749178647995,0.02365909144282341,0.0006646813126280904,0.7086182832717896,1.0,0.0,0.9042699933052063,0.19628439843654633,0.0005796723999083042,0.019977470859885216,0.0,0.0,0.34161466360092163,0.06167769059538841,6.8235895014368e-05,1.2786349058151245,0.0,0.0
357,1.641096830368042,0.9282153248786926,32.512062072753906,3.557243824005127,0.6817521452903748,50.68043899536133,1.2033761739730835,1.204223871231079,58.5,0.6785358190536499,0.02462097629904747,0.10834882408380508,22.111116409301758,0.0,0.0,0.3671111762523651,7.211607589852065e-05,0.001395486411638558,0.5715587139129639,0.0,0.0,0.9527709484100342,0.5890967845916748,0.014172811061143875,0.16200295090675354,0.009385273791849613,0.2748318910598755,0.3017898201942444,0.026689646765589714,0.0004545146075543016,0.7716682553291321,1.0,0.0,0.9670102000236511,0.15912537276744843,0.000632893294095993,0.020861990749835968,0.0,0.0,0.3423879146575928,0.07051445543766022,5.6295910326298326e-05,1.276695728302002,0.0,0.0
358,4.746040344238281,0.8697926998138428,28.29094123840332,4.913961887359619,0.40412983298301697,58.49569320678711,1.0223220586776733,1.0208015441894531,145.7,0.8601002097129822,0.011510293930768967,0.046095553785562515,20.416837692260742,0.0,0.0,0.3532360792160034,2.0381208742037416e-05,0.0052167209796607494,0.6230385899543762,0.0,0.0,1.158124327659607,0.4385625123977661,0.01892925053834915,0.30591872334480286,0.016609515994787216,0.5505350828170776,0.2708708345890045,0.010471605695784092,0.0007627764716744423,0.4487519860267639,1.0,0.0,0.8286644816398621,0.25758180022239685,0.0005462615517899394,0.019578654319047928,0.0,0.0,0.3500727415084839,0.05106562748551369,7.506897964049131e-05,1.288025140762329,0.0,0.0
359,5.6716766357421875,0.36606553196907043,31.553964614868164,3.5091075897216797,0.6086443066596985,44.72962951660156,1.123375415802002,1.1233128309249878,4.96,1.122012972831726,0.0447276309132576,0.03108835220336914,7.064640522003174,0.0,0.0,0.2923927903175354,1.851862543844618e-05,0.003945295233279467,0.8247452974319458,0.0,0.0,1.070735216140747,0.4281763434410095,0.015365555882453918,0.18285797536373138,0.01082801166921854,0.3152344524860382,0.2947838306427002,0.02114691585302353,0.0005319908377714455,0.6794757843017578,1.0,0.0,0.8552504181861877,0.24304726719856262,0.0005510659539140761,0.01920965686440468,0.0,0.0,0.34444335103034973,0.05806084722280502,0.00011448685108916834,1.2595058679580688,0.0,0.0
360,2.1325178146362305,0.06900612264871597,26.744367599487305,8.034942626953125,0.723351001739502,45.287715911865234,1.2989780902862549,1.3001474142074585,69.24,0.9588717818260193,0.15480120480060577,0.02571827359497547,1.3629486560821533,0.0,0.0,0.37807202339172363,0.0001948242133948952,0.005292761605232954,0.965412437915802,0.0,0.0,0.9890983700752258,0.4434393346309662,0.016945745795965195,0.25478363037109375,0.014290562830865383,0.4649653732776642,0.30323126912117004,0.026821494102478027,0.0006680212682113051,0.713979184627533,1.0,0.0,0.8020801544189453,0.23571936786174774,0.0005228170193731785,0.018009455874562263,0.0,0.0,0.34076520800590515,0.05657332018017769,9.795211371965706e-05,1.2718353271484375,0.0,0.0
361,1.757112979888916,0.2629605531692505,15.507444381713867,6.993957042694092,0.6349536776542664,47.07155990600586,1.0471478700637817,1.046923041343689,20.51,1.0417404174804688,0.07271257787942886,0.038916751742362976,3.2412900924682617,0.0,0.0,0.33916643261909485,0.00010996752826031297,0.005972647573798895,0.873396098613739,0.0,0.0,1.1144121885299683,0.4578913748264313,0.017770813778042793,0.30748218297958374,0.015079042874276638,0.5471416115760803,0.28934434056282043,0.02078608237206936,0.0006073452532291412,0.6575274467468262,1.0,0.0,0.8309944868087769,0.22268587350845337,0.0005363408126868308,0.018870819360017776,0.0,0.0,0.3430514633655548,0.05427514389157295,8.489329047733918e-05,1.2852098941802979,0.0,0.0
362,3.735485553741455,0.35933175683021545,20.261394500732422,5.007650375366211,0.6313417553901672,44.90700912475586,1.06488037109375,1.0630568265914917,161.09,1.0640734434127808,0.05179094523191452,0.034829236567020416,6.320842742919922,0.0,0.0,0.30551859736442566,4.545996853266843e-05,0.004526097793132067,0.82085120677948,0.0,0.0,1.1022109985351562,0.4628463089466095,0.016138926148414612,0.2370450496673584,0.012449038214981556,0.4138224720954895,0.2923196256160736,0.021314112469553947,0.0005551236681640148,0.6843501329421997,1.0,0.0,0.8600255846977234,0.22181357443332672,0.0005626733764074743,0.01939973793923855,0.0,0.0,0.34397247433662415,0.06009028106927872,7.019087934168056e-05,1.2834033966064453,0.0,0.0
363,5.014150619506836,0.30264705419540405,34.95195388793945,2.086507797241211,0.7550972104072571,52.705047607421875,1.0738164186477661,1.0710331201553345,242.01,1.1656166315078735,0.08135288953781128,0.028426576405763626,5.296441555023193,0.0,0.0,0.3020783066749573,6.365572335198522e-05,0.002175363712012768,0.8564551472663879,0.0,0.0,1.0201056003570557,0.5349194407463074,0.011158899404108524,0.10107570886611938,0.005217686761170626,0.14876830577850342,0.3087300956249237,0.03181383013725281,0.00025845892378129065,0.9253278970718384,1.0,0.0,0.9664720296859741,0.15093405544757843,0.000636882206890732,0.020236054435372353,0.0,0.0,0.340625137090683,0.08761824667453766,5.080661503598094e-05,1.2778706550598145,0.0,0.0
364,4.147690773010254,0.4822579026222229,39.99343490600586,3.518734931945801,0.7402979731559753,52.66073989868164,1.2455345392227173,1.2461912631988525,42.31,1.0550063848495483,0.024702273309230804,0.045807044953107834,9.51341438293457,0.0,0.0,0.29619503021240234,1.907250589283649e-05,0.0020890897139906883,0.7604609131813049,0.0,0.0,1.0141910314559937,0.5415723919868469,0.012592972256243229,0.1425095498561859,0.007954224944114685,0.23851145803928375,0.30643248558044434,0.029034767299890518,0.00039296451723203063,0.8517914414405823,1.0,0.0,0.9246969819068909,0.19319307804107666,0.000586357549764216,0.019690122455358505,0.0,0.0,0.33887049555778503,0.06738381832838058,9.317376679973677e-05,1.2548105716705322,0.0,0.0
365,3.0036301612854004,0.8389300107955933,18.82029914855957,5.43331241607666,0.6704697012901306,44.634124755859375,1.0671216249465942,1.070885181427002,329.34,0.8346849679946899,0.01112911757081747,0.07199633121490479,19.169170379638672,0.0,0.0,0.3386003077030182,2.2294529117061757e-05,0.002766116289421916,0.6146580576896667,0.0,0.0,1.059114694595337,0.5763147473335266,0.015515110455453396,0.23571079969406128,0.012051629833877087,0.41102859377861023,0.2944735586643219,0.023322096094489098,0.0005340616917237639,0.7249300479888916,1.0,0.0,0.9322450160980225,0.17794004082679749,0.0006045077461749315,0.020567379891872406,0.0,0.0,0.34293290972709656,0.06397023797035217,5.489454269991256e-05,1.285531759262085,0.0,0.0
366,4.043938159942627,0.9848235249519348,28.15610122680664,2.8731560707092285,0.7388458251953125,47.09672164916992,1.0980528593063354,1.0965654850006104,123.53,0.7881897687911987,0.0441148541867733,0.0728834867477417,22.176841735839844,0.0,0.0,0.36668795347213745,4.58541871921625e-05,0.0015352319460362196,0.5575103163719177,0.0,0.0,0.9717609286308289,0.5471349954605103,0.012105690315365791,0.1249714344739914,0.006619720719754696,0.1988273561000824,0.30559542775154114,0.030062440782785416,0.00033299208735115826,0.8763044476509094,1.0,0.0,1.0064008235931396,0.1356879621744156,0.000657411408610642,0.02122367173433304,0.0,0.0,0.3414192199707031,0.08053406327962875,4.755503323394805e-05,1.279510736465454,0.0,0.0
367,5.775737285614014,0.43404653668403625,35.904296875,4.252020835876465,0.6166162490844727,51.53467559814453,1.1939996480941772,1.1946064233779907,42.54,1.140665054321289,0.029157649725675583,0.03241840749979019,8.422012329101562,0.0,0.0,0.2886795401573181,9.108346148423152e-07,0.0037508783861994743,0.7922876477241516,0.0,0.0,1.092908501625061,0.43245813250541687,0.01602855511009693,0.20203033089637756,0.012110942043364048,0.35791414976119995,0.29550328850746155,0.021206727251410484,0.0005969631019979715,0.6642817854881287,1.0,0.0,0.8549922704696655,0.24530357122421265,0.0005491584888659418,0.019186243414878845,0.0,0.0,0.3433924615383148,0.05700131133198738,0.00011455637286417186,1.2610673904418945,0.0,0.0
368,3.448256731033325,0.592941403388977,33.16804885864258,8.527226448059082,0.6251747608184814,42.483543395996094,1.2801967859268188,1.279767632484436,26.19,0.9876125454902649,0.012895072810351849,0.05336425453424454,12.174819946289062,0.0,0.0,0.3054640591144562,5.422235062724212e-06,0.005326003301888704,0.696881115436554,0.0,0.0,1.0528925657272339,0.3538367450237274,0.01945684663951397,0.31687790155410767,0.01859603077173233,0.5902361869812012,0.29426276683807373,0.01967451348900795,0.0008655936690047383,0.5752719044685364,1.0,0.0,0.8033055067062378,0.28187838196754456,0.0004948642454110086,0.018199613317847252,0.0,0.0,0.3418102562427521,0.04559753090143204,0.00018463234300725162,1.2402232885360718,0.0,0.0
369,4.8040618896484375,0.6229296326637268,37.61882781982422,9.404610633850098,0.5656266212463379,44.75453186035156,1.2681595087051392,1.2658222913742065,145.6,1.0497543811798096,0.012095395475625992,0.042231976985931396,12.547889709472656,0.0,0.0,0.3015238046646118,7.91859292803565e-07,0.006887384224683046,0.6900673508644104,0.0,0.0,1.0857332944869995,0.2778390347957611,0.021158309653401375,0.36299994587898254,0.02167312428355217,0.697553277015686,0.28799206018447876,0.015427148900926113,0.0009981122566387057,0.4936910569667816,1.0,0.0,0.7515650987625122,0.3527854382991791,0.00045139933354221284,0.01736128330230713,0.0,0.0,0.34251949191093445,0.03874671831727028,0.000265890994342044,1.224488615989685,0.0,0.0
370,5.046627521514893,0.45961102843284607,24.494356155395508,7.923288822174072,0.48676371574401855,47.47665786743164,1.0918084383010864,1.0904380083084106,115.11,1.1363599300384521,0.02809854969382286,0.029457589611411095,8.85547924041748,0.0,0.0,0.29225221276283264,8.490683285344858e-07,0.007882010191679,0.769900381565094,0.0,0.0,1.2246026992797852,0.33607348799705505,0.021017221733927727,0.4027101695537567,0.02051982283592224,0.7461525201797485,0.27672529220581055,0.01230162475258112,0.000865150592289865,0.47562655806541443,1.0,0.0,0.7827767133712769,0.294707715511322,0.0005033945199102163,0.018517402932047844,0.0,0.0,0.34676051139831543,0.046835724264383316,0.0001109976801672019,1.280395746231079,0.0,0.0
371,1.070909023284912,0.7335554957389832,18.51186180114746,9.65027141571045,0.41162315011024475,58.23853302001953,1.0445067882537842,1.0447415113449097,21.51,0.8472437858581543,0.005331165157258511,0.07365954667329788,13.77793025970459,0.0,0.0,0.34252357482910156,4.580399490805576e-06,0.0058457935228943825,0.6743736863136292,0.0,0.0,1.2308176755905151,0.33762139081954956,0.02325977198779583,0.5255076885223389,0.024941252544522285,0.9797772765159607,0.2639089524745941,0.00806847307831049,0.0009417497785761952,0.4152926504611969,1.0,0.0,0.7991098165512085,0.27431535720825195,0.0005081463023088872,0.019046075642108917,0.0,0.0,0.34721067547798157,0.042708054184913635,8.693291601957753e-05,1.290999174118042,0.0,0.0
372,1.040578007698059,0.9003696441650391,24.966796875,4.386455059051514,0.6826292872428894,45.311805725097656,1.1799293756484985,1.1790854930877686,60.66,0.6659041047096252,0.01879693940281868,0.11369568854570389,21.343196868896484,0.0,0.0,0.3660368323326111,7.930178981041536e-05,0.002272788668051362,0.5834847092628479,0.0,0.0,0.9692792892456055,0.5851556062698364,0.01488106045871973,0.18987210094928741,0.010594780556857586,0.3247576057910919,0.2998295724391937,0.02632780186831951,0.0005001966492272913,0.7532379627227783,1.0,0.0,0.9648616313934326,0.15600202977657318,0.0006314715719781816,0.021011142060160637,0.0,0.0,0.3428635001182556,0.06775692850351334,5.2947863878216594e-05,1.2819572687149048,0.0,0.0
373,5.874814033508301,0.215861976146698,36.02659606933594,4.156723499298096,0.49902263283729553,42.599769592285156,1.11531400680542,1.1148285865783691,39.04,1.1388859748840332,0.07629064470529556,0.02261137217283249,3.8002445697784424,0.0,0.0,0.3053393065929413,4.402803460834548e-05,0.008176002651453018,0.9116722345352173,0.0,0.0,1.0767368078231812,0.30910351872444153,0.017446041107177734,0.23307277262210846,0.014063218608498573,0.41830411553382874,0.2845187783241272,0.015122645534574986,0.0006888468051329255,0.5360021591186523,1.0,0.0,0.7398317456245422,0.35847148299217224,0.00046322098933160305,0.01729697734117508,0.0,0.0,0.3472468852996826,0.0441095270216465,0.00023911661992315203,1.232869267463684,0.0,0.0
374,5.845885276794434,0.9682136178016663,20.6561336517334,7.090939998626709,0.7015184760093689,56.85600280761719,1.0765455961227417,1.076930284500122,33.18,0.8189164996147156,0.02818753942847252,0.0496872141957283,23.931385040283203,0.0,0.0,0.3685055375099182,5.996641266392544e-05,0.0015641729114577174,0.5768723487854004,0.0,0.0,1.024704933166504,0.5554670691490173,0.015874261036515236,0.2642761170864105,0.013212669640779495,0.48081570863723755,0.2964405417442322,0.024096550419926643,0.000578637991566211,0.7308389544487,1.0,0.0,0.955007016658783,0.15304286777973175,0.0006220710929483175,0.02077970840036869,0.0,0.0,0.3420460820198059,0.06888731569051743,4.397219527163543e-05,1.2892932891845703,0.0,0.0
375,2.1875674724578857,0.9354003071784973,39.12932205200195,6.809853553771973,0.5583937764167786,52.84162139892578,1.2646262645721436,1.2650418281555176,25.98,0.7026873230934143,0.018586229532957077,0.08747337758541107,21.990497589111328,0.0,0.0,0.3696487247943878,4.478880509850569e-05,0.0025407392531633377,0.5757134556770325,0.0,0.0,0.996419370174408,0.4089782238006592,0.01951736770570278,0.29545506834983826,0.017870008945465088,0.5523815751075745,0.28880587220191956,0.01700301468372345,0.0008433940820395947,0.5309734344482422,1.0,0.0,0.8378379344940186,0.24997025728225708,0.0005281789344735444,0.019142962992191315,0.0,0.0,0.34431612491607666,0.04706866666674614,0.00014039879897609353,1.2543556690216064,0.0,0.0
376,2.7504794597625732,0.2510676681995392,17.023128509521484,9.646127700805664,0.43127456307411194,51.432559967041016,1.0076391696929932,1.005611777305603,200.08,1.1214933395385742,0.07386919111013412,0.021825402975082397,4.223524570465088,0.0,0.0,0.32040703296661377,3.8777168811066076e-05,0.01190066896378994,0.8762802481651306,0.0,0.0,1.2842588424682617,0.29399582743644714,0.023333590477705002,0.5275929570198059,0.023867204785346985,0.9565504193305969,0.265516072511673,0.008849081583321095,0.0008733599679544568,0.4388100504875183,1.0,0.0,0.7245457172393799,0.3292052447795868,0.0004623099521268159,0.017485879361629486,0.0,0.0,0.3466997444629669,0.0411142036318779,9.440128633286804e-05,1.2888818979263306,0.0,0.0
377,3.950376510620117,0.7236579060554504,22.955596923828125,7.234969139099121,0.602371096611023,49.132476806640625,1.1317328214645386,1.1307592391967773,76.08,0.9502468109130859,0.008019774220883846,0.05301739647984505,16.83651351928711,0.0,0.0,0.31699615716934204,9.706089940664242e-07,0.003564209211617708,0.6557589173316956,0.0,0.0,1.1271218061447144,0.4710480570793152,0.01854310929775238,0.31909820437431335,0.016763439401984215,0.5824806094169617,0.2887727916240692,0.018699277192354202,0.0007306938641704619,0.6000076532363892,1.0,0.0,0.8704578876495361,0.21902906894683838,0.0005632658139802516,0.019721733406186104,0.0,0.0,0.34388497471809387,0.056668441742658615,6.971500988584012e-05,1.2838926315307617,0.0,0.0
378,2.450570821762085,0.445284903049469,33.42205810546875,8.178412437438965,0.6361066102981567,48.21185302734375,1.296445369720459,1.2956539392471313,47.12,0.9693105220794678,0.028043260797858238,0.053179409354925156,8.22433090209961,0.0,0.0,0.31348952651023865,4.7387082304339856e-05,0.004687867593020201,0.7596862316131592,0.0,0.0,1.036563515663147,0.3855487108230591,0.019164953380823135,0.30042433738708496,0.017760172486305237,0.5590585470199585,0.2955847382545471,0.020776357501745224,0.0008360245847143233,0.592693567276001,1.0,0.0,0.8245643377304077,0.2527397871017456,0.0005237935110926628,0.01864391751587391,0.0,0.0,0.3418196737766266,0.050638649612665176,0.0001296180416829884,1.2569665908813477,0.0,0.0
379,4.491919994354248,0.2508430480957031,33.412628173828125,7.419709205627441,0.6200702786445618,46.66780471801758,1.2640634775161743,1.2650346755981445,60.73,1.1188477277755737,0.07239404320716858,0.02481154166162014,4.095944404602051,0.0,0.0,0.3081662952899933,4.7303634346462786e-05,0.006670850329101086,0.8711678385734558,0.0,0.0,1.0580872297286987,0.3468133807182312,0.018880723044276237,0.2918024957180023,0.0169915072619915,0.5403436422348022,0.2944864332675934,0.02010173723101616,0.0008000729721970856,0.5919044613838196,1.0,0.0,0.7866455316543579,0.28392672538757324,0.0004999895463697612,0.0179520882666111,0.0,0.0,0.3424742519855499,0.04942740499973297,0.00015340153186116368,1.25235915184021,0.0,0.0
380,2.806818962097168,0.5766021013259888,39.55756759643555,8.422717094421387,0.5496723055839539,53.475032806396484,1.281102180480957,1.2826108932495117,91.82,0.9641537666320801,0.012218641117215157,0.05463125556707382,11.457061767578125,0.0,0.0,0.31078270077705383,3.5802281672658864e-06,0.004801763221621513,0.7061393857002258,0.0,0.0,1.077591061592102,0.31345751881599426,0.020818717777729034,0.34092506766319275,0.02075202204287052,0.6547138690948486,0.28681468963623047,0.015056737698614597,0.000979392440058291,0.48906299471855164,1.0,0.0,0.7835978865623474,0.31425946950912476,0.0004885537200607359,0.01816272735595703,0.0,0.0,0.3437013626098633,0.04336690530180931,0.00017801692592911422,1.2486652135849,0.0,0.0
381,4.583133220672607,0.6939759254455566,22.953351974487305,4.318797588348389,0.6911217570304871,56.34339904785156,1.089522123336792,1.088254690170288,106.9,0.9954251646995544,0.005203609354794025,0.051934510469436646,16.36929702758789,0.0,0.0,0.30810490250587463,1.0128962912858697e-06,0.00210809544660151,0.6699438691139221,0.0,0.0,1.083839774131775,0.5765999555587769,0.014187085442245007,0.1865885853767395,0.010124175809323788,0.3218851387500763,0.29895079135894775,0.025250008329749107,0.00048079926637001336,0.7721662521362305,1.0,0.0,0.9655723571777344,0.15840081870555878,0.0006347156595438719,0.020871756598353386,0.0,0.0,0.34260186553001404,0.07603570073843002,3.968923192587681e-05,1.2903996706008911,0.0,0.0
382,4.8571391105651855,0.9534255266189575,27.335041046142578,9.082941055297852,0.676423966884613,52.962154388427734,1.2377971410751343,1.2379735708236694,11.51,0.8096659779548645,0.02820989489555359,0.05429726466536522,22.147857666015625,0.0,0.0,0.36488428711891174,6.414734525606036e-05,0.0021768806036561728,0.5698919892311096,0.0,0.0,1.0137913227081299,0.52165687084198,0.018513571470975876,0.31129658222198486,0.01690300926566124,0.5840886235237122,0.29689911007881165,0.022576598450541496,0.0007546677370555699,0.6454028487205505,1.0,0.0,0.9040164947509766,0.18578866124153137,0.0005864998092874885,0.020050285384058952,0.0,0.0,0.34158214926719666,0.05992027372121811,6.32252631476149e-05,1.2812721729278564,0.0,0.0
383,2.0578596591949463,0.6006336808204651,20.81814956665039,9.800819396972656,0.44747328758239746,57.159034729003906,1.086037039756775,1.0868797302246094,71.39,0.9745930433273315,0.011920150369405746,0.05469917878508568,11.34096622467041,0.0,0.0,0.3189522624015808,9.34547756514803e-07,0.0061555104330182076,0.7136176228523254,0.0,0.0,1.247371792793274,0.33884871006011963,0.023190785199403763,0.5025216937065125,0.024372750893235207,0.9364615082740784,0.2694363296031952,0.009803524240851402,0.0009522729669697583,0.43260982632637024,1.0,0.0,0.7913441061973572,0.2802288234233856,0.0005073564825579524,0.018790479749441147,0.0,0.0,0.3466167449951172,0.04486307129263878,8.684550994075835e-05,1.2903634309768677,0.0,0.0
384,3.534810781478882,0.2103453427553177,24.922304153442383,3.301313877105713,0.5848294496536255,50.82422637939453,1.060528039932251,1.0676738023757935,631.08,1.536458134651184,0.08316794782876968,0.015709055587649345,0.8916605710983276,0.0,0.0,0.33009007573127747,0.00011123168224003166,0.006340447347611189,0.8977932333946228,0.0,0.0,1.176803708076477,0.5613678693771362,0.016258403658866882,0.18669486045837402,0.010417155921459198,0.3167971670627594,0.29113683104515076,0.02095991000533104,0.0004479062044993043,0.6657029390335083,1.0,0.0,0.8432974219322205,0.21827667951583862,0.0005474595818668604,0.01906183920800686,0.0,0.0,0.34564974904060364,0.05948895215988159,9.089678496820852e-05,1.2863054275512695,0.0,0.0
385,1.3053042888641357,0.6475805640220642,26.586441040039062,4.850858688354492,0.588295042514801,43.09844207763672,1.163702368736267,1.1648253202438354,82.84,0.8028987646102905,0.0061209299601614475,0.08615980297327042,14.630617141723633,0.0,0.0,0.3326292932033539,5.7355951867066324e-05,0.004104361869394779,0.6854934692382812,0.0,0.0,1.044335961341858,0.4966634213924408,0.017117125913500786,0.24005641043186188,0.013718107715249062,0.42002472281455994,0.2910461127758026,0.020126517862081528,0.0006375325610861182,0.6233677864074707,1.0,0.0,0.8723733425140381,0.21779631078243256,0.0005655239219777286,0.019717346876859665,0.0,0.0,0.3452000916004181,0.05667850375175476,8.871083991834894e-05,1.2731822729110718,0.0,0.0
386,4.453423023223877,0.6716780662536621,36.60884094238281,3.0675768852233887,0.41458064317703247,56.81806182861328,1.0332729816436768,1.0374494791030884,389.61,0.9812836050987244,0.005659086629748344,0.04429440200328827,15.347516059875488,0.0,0.0,0.31680455803871155,1.1984370758000296e-06,0.00481973122805357,0.7061036229133606,0.0,0.0,1.1614198684692383,0.4651777744293213,0.0167845468968153,0.20839744806289673,0.012821495532989502,0.3567357063293457,0.27617019414901733,0.012096025049686432,0.0006612773286178708,0.49016398191452026,1.0,0.0,0.8238407969474792,0.27674055099487305,0.0005405572010204196,0.019353225827217102,0.0,0.0,0.3511708080768585,0.053136780858039856,0.0001093086539185606,1.2736750841140747,0.0,0.0
387,3.191587209701538,0.4432247579097748,19.743793487548828,8.351040840148926,0.6091374158859253,58.975433349609375,1.1151727437973022,1.1166210174560547,116.31,1.0615249872207642,0.029710276052355766,0.04058418050408363,7.643772602081299,0.0,0.0,0.30458128452301025,2.6537658413872123e-05,0.0042843809351325035,0.7799397110939026,0.0,0.0,1.1259855031967163,0.4015985131263733,0.01924930512905121,0.354036808013916,0.017810067161917686,0.6534954309463501,0.28798675537109375,0.018470847979187965,0.0007369173690676689,0.5970337390899658,1.0,0.0,0.8560502529144287,0.2268962264060974,0.0005535139353014529,0.019461140036582947,0.0,0.0,0.34304019808769226,0.05408507585525513,7.713012746535242e-05,1.284214735031128,0.0,0.0
388,4.992486953735352,0.5219036936759949,32.69842529296875,9.172722816467285,0.6110655665397644,54.59492111206055,1.2645310163497925,1.2645972967147827,4.14,1.1038293838500977,0.02058536931872368,0.03607543557882309,10.39681339263916,0.0,0.0,0.2924496829509735,8.842022225508117e-07,0.004681518767029047,0.7357378602027893,0.0,0.0,1.117007851600647,0.3674124777317047,0.020238198339939117,0.3411250710487366,0.01957806572318077,0.6510446667671204,0.2922869622707367,0.018416741862893105,0.0008980724960565567,0.5563583374023438,1.0,0.0,0.8223538994789124,0.26246196031570435,0.000527437194250524,0.01879071444272995,0.0,0.0,0.34248799085617065,0.051614731550216675,0.00010674747318262234,1.2702101469039917,0.0,0.0
389,4.47337532043457,0.89667147397995,38.07278823852539,3.447112560272217,0.723809540271759,48.11273193359375,1.218799114227295,1.2173080444335938,100.5,0.8395557999610901,0.020433679223060608,0.06741095334291458,21.23647689819336,0.0,0.0,0.34188908338546753,1.2503603102231864e-05,0.0016597043722867966,0.5903413891792297,0.0,0.0,0.9732460379600525,0.5636477470397949,0.01300929393619299,0.14593085646629333,0.008154536597430706,0.24290211498737335,0.3052700161933899,0.02834376133978367,0.000404432590585202,0.8303088545799255,1.0,0.0,0.9426261782646179,0.18371182680130005,0.0005894959322176874,0.020080531015992165,0.0,0.0,0.33947592973709106,0.06313806772232056,0.0001054527674568817,1.2468398809432983,0.0,0.0
390,2.478538751602173,0.06167370080947876,31.831865310668945,4.373934745788574,0.5897570848464966,47.54158401489258,1.1919817924499512,1.193433403968811,102.04,0.9487773776054382,0.15895137190818787,0.021210800856351852,1.2979607582092285,0.0,0.0,0.3781764805316925,0.00022137127234600484,0.005758857354521751,0.9778473973274231,0.0,0.0,1.013370156288147,0.42949411273002625,0.01689060591161251,0.21730227768421173,0.012779058888554573,0.3830101490020752,0.29276812076568604,0.020827632397413254,0.0006036441191099584,0.6320089101791382,1.0,0.0,0.7890559434890747,0.25742998719215393,0.0005203418550081551,0.018077077344059944,0.0,0.0,0.3450200855731964,0.055548377335071564,0.00010925134120043367,1.2684216499328613,0.0,0.0
391,2.3559153079986572,0.005818657111376524,14.396631240844727,9.234682083129883,0.5051626563072205,40.98100280761719,1.0033785104751587,1.0028268098831177,54.83,1.1218504905700684,0.19428180158138275,0.008764505386352539,1.4003417491912842,0.0,0.0,0.3781774342060089,0.0001035153545672074,0.01199420727789402,1.0165928602218628,0.0,0.0,1.2360962629318237,0.3661593198776245,0.022463172674179077,0.47899267077445984,0.02127535454928875,0.8318438529968262,0.27332067489624023,0.013166112825274467,0.0007379101007245481,0.5091167092323303,1.0,0.0,0.6785120964050293,0.3223293125629425,0.00043126509990543127,0.016313333064317703,0.0,0.0,0.3456142842769623,0.040686484426259995,9.874699753709137e-05,1.287267804145813,0.0,0.0
392,4.006174564361572,0.5254339575767517,38.748016357421875,7.7036638259887695,0.46182724833488464,56.59674072265625,1.2062572240829468,1.2045934200286865,114.5,1.0692579746246338,0.016508039087057114,0.036319855600595474,10.005661010742188,0.0,0.0,0.3010864853858948,9.60935381044692e-07,0.006849401630461216,0.7442002296447754,0.0,0.0,1.1588283777236938,0.296645849943161,0.021358825266361237,0.36723026633262634,0.021402152255177498,0.7027342319488525,0.2778710424900055,0.011085810139775276,0.0010109827853739262,0.42418739199638367,1.0,0.0,0.7594081163406372,0.3429584801197052,0.0004822122282348573,0.018073795363307,0.0,0.0,0.3472435474395752,0.04279132932424545,0.00016866580699570477,1.2612918615341187,0.0,0.0
393,1.9064661264419556,0.7377121448516846,20.648216247558594,7.460453510284424,0.731968104839325,45.0360221862793,1.1982089281082153,1.202542781829834,300.77,0.8273863196372986,0.0072516873478889465,0.08370094001293182,16.220436096191406,0.0,0.0,0.32926425337791443,4.1164927097270265e-05,0.002553796861320734,0.6447423696517944,0.0,0.0,1.019948959350586,0.5582109689712524,0.015643471851944923,0.25046369433403015,0.01312144473195076,0.4499584138393402,0.30127790570259094,0.02652844972908497,0.0006072766263969243,0.7513580322265625,1.0,0.0,0.9350290894508362,0.17505180835723877,0.0006051638629287481,0.020453937351703644,0.0,0.0,0.3412047028541565,0.0646275132894516,5.5556865845574066e-05,1.283045768737793,0.0,0.0
394,5.893598556518555,0.37558960914611816,31.83700942993164,4.946196556091309,0.5391239523887634,57.03163528442383,1.13906729221344,1.1380618810653687,77.56,1.1627867221832275,0.04231227561831474,0.026193533092737198,6.866965293884277,0.0,0.0,0.29035484790802,4.791651917912532e-06,0.0052510472014546394,0.8174750804901123,0.0,0.0,1.144688367843628,0.41665229201316833,0.017986001446843147,0.25616133213043213,0.014739597216248512,0.4627656042575836,0.28700852394104004,0.016874799504876137,0.0007030951092019677,0.5641425848007202,1.0,0.0,0.8312140107154846,0.25503262877464294,0.0005485995789058506,0.01915418542921543,0.0,0.0,0.34610748291015625,0.0567556694149971,8.194020483642817e-05,1.2809687852859497,0.0,0.0
395,1.3792552947998047,0.5083698034286499,34.34038543701172,4.749527931213379,0.5807926654815674,43.101478576660156,1.2123851776123047,1.2102537155151367,145.26,0.842026948928833,0.015438147820532322,0.07562652230262756,10.347816467285156,0.0,0.0,0.3294776976108551,7.711894431849942e-05,0.0045300135388970375,0.7428019642829895,0.0,0.0,1.009828805923462,0.4072478413581848,0.017102066427469254,0.2310742884874344,0.013882617466151714,0.40789827704429626,0.29193049669265747,0.01962052285671234,0.0006697941571474075,0.6077553033828735,1.0,0.0,0.8286839127540588,0.2587358355522156,0.0005230114329606295,0.018804017454385757,0.0,0.0,0.3448018431663513,0.049666061997413635,0.00015300425002351403,1.2470613718032837,0.0,0.0
396,5.731757164001465,0.08050822466611862,24.387041091918945,5.157025337219238,0.6688913702964783,51.84169006347656,1.1389070749282837,1.139011025428772,8.01,1.1558823585510254,0.17723889648914337,0.014015618711709976,1.5596400499343872,0.0,0.0,0.3284185826778412,0.0001061353032127954,0.005072963424026966,0.9774035811424255,0.0,0.0,1.058577299118042,0.4843415319919586,0.015792129561305046,0.21890364587306976,0.011913985013961792,0.3860320448875427,0.2983783185482025,0.024045974016189575,0.0005548446206375957,0.7196991443634033,1.0,0.0,0.835288941860199,0.2167731672525406,0.0005583100137300789,0.01876099221408367,0.0,0.0,0.3434957265853882,0.06617876887321472,5.542642611544579e-05,1.2887431383132935,0.0,0.0
397,3.6807684898376465,0.7950109243392944,42.500972747802734,9.281087875366211,0.4637313485145569,43.493797302246094,1.2050544023513794,1.2044346332550049,42.7,0.8751679062843323,0.0100290197879076,0.054242365062236786,18.06102752685547,0.0,0.0,0.33499985933303833,7.023252692306414e-06,0.008608344942331314,0.6293582320213318,0.0,0.0,1.0409029722213745,0.19719667732715607,0.022248374298214912,0.40234267711639404,0.02451225183904171,0.7884905338287354,0.27726784348487854,0.009695705957710743,0.001135211088694632,0.39227205514907837,1.0,0.0,0.6864967346191406,0.45317909121513367,0.0003946690703742206,0.01636071503162384,0.0,0.0,0.3456515967845917,0.02926044538617134,0.0003745955182239413,1.1973117589950562,0.0,0.0
398,1.9674140214920044,0.7361933588981628,36.57465744018555,6.584331035614014,0.5163008570671082,44.33795928955078,1.2180052995681763,1.2184216976165771,28.06,0.8172852396965027,0.005920188035815954,0.07763206213712692,16.51630401611328,0.0,0.0,0.3356051445007324,2.1043764718342572e-05,0.005727438721805811,0.65067458152771,0.0,0.0,1.0397218465805054,0.3360730707645416,0.019683441147208214,0.31002315878868103,0.018601877614855766,0.5758092403411865,0.284661203622818,0.01468727458268404,0.0008814029861241579,0.4930976331233978,1.0,0.0,0.7874088883399963,0.30693280696868896,0.00048685166984796524,0.01829446293413639,0.0,0.0,0.346105694770813,0.042231325060129166,0.00020231145026627928,1.239417314529419,0.0,0.0
399,4.4259490966796875,0.7647345662117004,18.66119384765625,8.279465675354004,0.5480995774269104,41.357086181640625,1.023459792137146,1.0236730575561523,20.36,0.9646023511886597,0.009531698189675808,0.04559069499373436,15.651565551757812,0.0,0.0,0.3234683573246002,6.151324669190217e-06,0.005567919462919235,0.64482182264328,0.0,0.0,1.19480562210083,0.4139840006828308,0.02027776651084423,0.403746098279953,0.01900247298181057,0.7197743654251099,0.2792898714542389,0.014833237044513226,0.0007442673086188734,0.5459152460098267,1.0,0.0,0.8278491497039795,0.24436235427856445,0.0005262272316031158,0.019179023802280426,0.0,0.0,0.34519705176353455,0.04890226945281029,9.412381768925115e-05,1.2846615314483643,0.0,0.0
400,4.7652177810668945,0.5046420693397522,19.83411407470703,4.633435249328613,0.773577094078064,41.02003860473633,1.0546382665634155,1.0587337017059326,366.78,1.1034198999404907,0.018618717789649963,0.04292546585202217,9.590153694152832,0.0,0.0,0.2910308539867401,8.385332534999179e-07,0.0021801607217639685,0.7573624849319458,0.0,0.0,1.078984022140503,0.5271949172019958,0.01203403901308775,0.16093651950359344,0.007822815328836441,0.27274325489997864,0.30527639389038086,0.02920772321522236,0.0003983244823757559,0.8835709095001221,1.0,0.0,0.9694900512695312,0.16185341775417328,0.0006262165843509138,0.020799512043595314,0.0,0.0,0.3414985239505768,0.07559346407651901,4.98072367918212e-05,1.2836066484451294,0.0,0.0
401,5.611809730529785,0.7275410890579224,28.00467300415039,4.308998107910156,0.7390585541725159,45.53425598144531,1.162729263305664,1.163496732711792,56.73,1.0094503164291382,0.0020346606615930796,0.04942484200000763,16.168689727783203,0.0,0.0,0.30802270770072937,9.609498192730825e-07,0.0018353862687945366,0.6576849222183228,0.0,0.0,1.0507146120071411,0.5548662543296814,0.013080381788313389,0.16309604048728943,0.00887576024979353,0.27972450852394104,0.3049103617668152,0.028016891330480576,0.000453137734439224,0.8305997848510742,1.0,0.0,0.9634112119674683,0.16608671844005585,0.0006178759504109621,0.020597316324710846,0.0,0.0,0.34112101793289185,0.0736568421125412,6.19370985077694e-05,1.2741997241973877,0.0,0.0
402,5.657217502593994,0.4645397961139679,21.309350967407227,7.37171745300293,0.451558381319046,42.60040283203125,1.0030977725982666,1.0018354654312134,125.61,1.1729679107666016,0.02710365317761898,0.028084317222237587,8.310318946838379,0.0,0.0,0.29028552770614624,8.062661436269991e-07,0.009071567095816135,0.770966112613678,0.0,0.0,1.2709285020828247,0.33232447504997253,0.020623741671442986,0.4111163318157196,0.019983341917395592,0.7542906403541565,0.27102014422416687,0.010418119840323925,0.0008055972866714001,0.46568286418914795,1.0,0.0,0.763891339302063,0.31418001651763916,0.00048659744788892567,0.01824362203478813,0.0,0.0,0.34792599081993103,0.044774290174245834,0.00011371753498679027,1.281821608543396,0.0,0.0
403,4.693617820739746,0.8137083649635315,39.17167663574219,5.956859588623047,0.5973330140113831,40.627323150634766,1.2136815786361694,1.2133387327194214,23.28,0.87692791223526,0.007811982650309801,0.057228974997997284,19.624662399291992,0.0,0.0,0.3301379680633545,6.49448611511616e-06,0.00456850603222847,0.6257207989692688,0.0,0.0,0.9912424087524414,0.305979460477829,0.01751464605331421,0.254207968711853,0.015613504685461521,0.47405150532722473,0.2927834093570709,0.01847420446574688,0.0007584051927551627,0.5907418727874756,1.0,0.0,0.7776170372962952,0.33820652961730957,0.0004590791941154748,0.01754637248814106,0.0,0.0,0.34202542901039124,0.03998177871108055,0.00027086830232292414,1.2063902616500854,0.0,0.0
404,1.8502614498138428,0.3342191278934479,31.52876091003418,6.235895156860352,0.5387409925460815,40.4769401550293,1.2000900506973267,1.1993385553359985,52.21,0.9134848117828369,0.044251035898923874,0.04936029016971588,6.1517720222473145,0.0,0.0,0.3321675658226013,8.842819806886837e-05,0.007737546693533659,0.8270928263664246,0.0,0.0,1.0422642230987549,0.32907694578170776,0.019169433042407036,0.2974814474582672,0.0173176359385252,0.5439249873161316,0.28654050827026367,0.016405830159783363,0.0008072158088907599,0.5292061567306519,1.0,0.0,0.7651368975639343,0.31226104497909546,0.0004835344443563372,0.017834262922406197,0.0,0.0,0.34587499499320984,0.04445561394095421,0.0001856572343967855,1.2480906248092651,0.0,0.0
405,3.2169463634490967,0.8899400234222412,27.443191528320312,4.1924638748168945,0.7591594457626343,46.43498611450195,1.1887916326522827,1.1888340711593628,3.0,0.8133114576339722,0.022095415741205215,0.079826220870018,20.792943954467773,0.0,0.0,0.3449050188064575,3.168664261465892e-05,0.0017871307209134102,0.5850247740745544,0.0,0.0,0.9781143069267273,0.5422992706298828,0.01269602682441473,0.15189345180988312,0.008089444600045681,0.2565917670726776,0.3070346713066101,0.0304096769541502,0.00041385769145563245,0.8617497086524963,1.0,0.0,0.9973657727241516,0.1450587660074234,0.0006483161705546081,0.021164899691939354,0.0,0.0,0.3405989110469818,0.0756726861000061,5.0445036322344095e-05,1.2780851125717163,0.0,0.0
406,5.961282253265381,0.3661124110221863,39.5853271484375,7.117729187011719,0.6012994647026062,57.180423736572266,1.2753781080245972,1.2738533020019531,93.85,1.1766462326049805,0.040638554841279984,0.026818018406629562,6.532331943511963,0.0,0.0,0.2870456576347351,8.359342587027641e-07,0.005381471011787653,0.8231881260871887,0.0,0.0,1.107165813446045,0.34586548805236816,0.01890885829925537,0.28403544425964355,0.017214998602867126,0.5343735814094543,0.2927282750606537,0.018621359020471573,0.0008303810027427971,0.5723091959953308,1.0,0.0,0.7985967993736267,0.291853129863739,0.0005076603265479207,0.01825716905295849,0.0,0.0,0.342367023229599,0.049550481140613556,0.0001443725632270798,1.2572572231292725,0.0,0.0
407,1.5786056518554688,0.023806683719158173,24.641096115112305,6.069860935211182,0.501655101776123,46.074546813964844,1.1271724700927734,1.1294516324996948,179.03,0.8936123251914978,0.15996840596199036,0.020525675266981125,1.1431992053985596,0.0,0.0,0.3985680639743805,0.00022706484014634043,0.009258286096155643,1.0011430978775024,0.0,0.0,1.0757120847702026,0.3847656846046448,0.01986405998468399,0.32134348154067993,0.01729758270084858,0.5787447094917297,0.28090518712997437,0.015243050642311573,0.0007457489846274257,0.5120794773101807,1.0,0.0,0.7331826686859131,0.2973577678203583,0.0004855488077737391,0.017413480207324028,0.0,0.0,0.34733134508132935,0.048639729619026184,0.00010739828576333821,1.2823611497879028,0.0,0.0
408,4.165778636932373,0.027187250554561615,33.77507019042969,2.236306667327881,0.5412850975990295,46.21756362915039,1.0527989864349365,1.0550576448440552,203.34,0.9958690404891968,0.21287716925144196,0.011349178850650787,1.299659013748169,0.0,0.0,0.36472970247268677,0.00019443103519733995,0.006094318348914385,1.0129468441009521,0.0,0.0,1.0199689865112305,0.4326222836971283,0.015224065631628036,0.15270330011844635,0.00952896848320961,0.24362899363040924,0.28996938467025757,0.019444793462753296,0.0004690392524935305,0.6404693722724915,1.0,0.0,0.7762641310691833,0.28048449754714966,0.0005129394703544676,0.017850680276751518,0.0,0.0,0.34729310870170593,0.05656788498163223,0.00013045345258433372,1.2593204975128174,0.0,0.0
409,3.670501947402954,0.21691054105758667,24.004314422607422,8.447381019592285,0.609432578086853,46.42146682739258,1.1852953433990479,1.1869709491729736,119.1,1.0694365501403809,0.08779074251651764,0.02396421507000923,3.890998601913452,0.0,0.0,0.31997841596603394,7.110317528713495e-05,0.006929110735654831,0.8878384232521057,0.0,0.0,1.09318208694458,0.36291423439979553,0.019700344651937485,0.3452255129814148,0.018212754279375076,0.6376900672912598,0.29045772552490234,0.018961669877171516,0.0007894710870459676,0.5838025212287903,1.0,0.0,0.7880434989929199,0.2693791091442108,0.0005131735815666616,0.0181869063526392,0.0,0.0,0.3435845673084259,0.051929667592048645,9.74909562501125e-05,1.2781939506530762,0.0,0.0
410,5.800577163696289,0.15172140300273895,24.384307861328125,6.999583721160889,0.5715591907501221,60.38724136352539,1.1241470575332642,1.1236423254013062,39.96,1.20223069190979,0.12084925919771194,0.014976664446294308,2.6471025943756104,0.0,0.0,0.31058716773986816,6.137684249551967e-05,0.007428096141666174,0.9301153421401978,0.0,0.0,1.1387208700180054,0.4143061935901642,0.019300006330013275,0.3259553611278534,0.017059145495295525,0.5958245396614075,0.28734904527664185,0.0175730399787426,0.0007413381827063859,0.5704420208930969,1.0,0.0,0.7970889210700989,0.24912215769290924,0.0005281729972921312,0.018389355391263962,0.0,0.0,0.34482356905937195,0.05703061446547508,7.060609641484916e-05,1.288480520248413,0.0,0.0
411,5.2713117599487305,0.581777811050415,28.71103858947754,2.7183897495269775,0.7227174639701843,40.44002914428711,1.0777961015701294,1.078025221824646,19.72,1.0751268863677979,0.00622388394549489,0.04716407507658005,11.915568351745605,0.0,0.0,0.2933787703514099,8.848331276567478e-07,0.001964420545846224,0.7198115587234497,0.0,0.0,1.0537374019622803,0.5604932308197021,0.012159954756498337,0.12542173266410828,0.006812292616814375,0.1989392191171646,0.3046342730522156,0.028032125905156136,0.00035168894100934267,0.8567399382591248,1.0,0.0,0.9591370224952698,0.17201216518878937,0.0006092171533964574,0.02043730951845646,0.0,0.0,0.34176313877105713,0.07294844835996628,8.191532833734527e-05,1.2617297172546387,0.0,0.0
412,2.1700851917266846,0.23213417828083038,25.140615463256836,5.706845760345459,0.6700246334075928,51.907108306884766,1.2059751749038696,1.2051353454589844,57.79,0.9571895599365234,0.09119611233472824,0.03917167708277702,3.6624367237091064,0.0,0.0,0.34329867362976074,0.00015482839080505073,0.0037357909604907036,0.8785207867622375,0.0,0.0,1.0266339778900146,0.5146380662918091,0.01642649620771408,0.2336186021566391,0.012824373319745064,0.4139251410961151,0.29818984866142273,0.02467244304716587,0.0005956823588348925,0.70186847448349,1.0,0.0,0.8751903772354126,0.19608362019062042,0.000582560314796865,0.019524743780493736,0.0,0.0,0.342731773853302,0.0642385482788086,5.5057531426427886e-05,1.2873529195785522,0.0,0.0
413,3.25935435295105,0.6010744571685791,29.216262817382812,6.7193193435668945,0.5273571014404297,52.22026062011719,1.1691714525222778,1.1683253049850464,61.94,0.9857239127159119,0.01139836199581623,0.05099248141050339,12.828117370605469,0.0,0.0,0.31047511100769043,1.007045284495689e-06,0.0047888546250760555,0.7061769962310791,0.0,0.0,1.1453800201416016,0.4156934916973114,0.019773025065660477,0.32534876465797424,0.018103813752532005,0.6007096171379089,0.28406253457069397,0.015451565384864807,0.0008248696685768664,0.5160470008850098,1.0,0.0,0.8336158394813538,0.25034022331237793,0.0005422772374004126,0.019291628152132034,0.0,0.0,0.3459480404853821,0.052517566829919815,8.888640149962157e-05,1.279361367225647,0.0,0.0
414,4.781664848327637,0.6162175536155701,26.692848205566406,9.74740219116211,0.5707504153251648,47.72541809082031,1.188024640083313,1.1873964071273804,44.53,1.0664007663726807,0.014346404932439327,0.03923792019486427,12.982261657714844,0.0,0.0,0.3012946844100952,8.990268725028727e-07,0.005433094687759876,0.6944820880889893,0.0,0.0,1.1499426364898682,0.363140732049942,0.021130694076418877,0.3996320366859436,0.02125726081430912,0.7596753835678101,0.2857688367366791,0.01585066318511963,0.0009096395806409419,0.5242660045623779,1.0,0.0,0.819342851638794,0.2594756484031677,0.0005228726076893508,0.018895110115408897,0.0,0.0,0.3440290093421936,0.049936965107917786,0.00010489184933248907,1.274512767791748,0.0,0.0
415,3.5051357746124268,0.9366047978401184,28.59125328063965,3.0275723934173584,0.6979503035545349,41.69732666015625,1.1175352334976196,1.1182701587677002,58.81,1.2742719650268555,0.01854715123772621,0.0349777489900589,5.530298709869385,0.0,0.0,0.3572283089160919,3.285967613919638e-05,0.003692639758810401,0.5740290880203247,0.0,0.0,1.1486098766326904,0.5768885612487793,0.01397342886775732,0.14145097136497498,0.007468790281563997,0.23367604613304138,0.3022942841053009,0.02786105126142502,0.0003245084953960031,0.8122400045394897,1.0,0.0,0.9362616539001465,0.16360881924629211,0.0005711460835300386,0.020101893693208694,0.0,0.0,0.34226468205451965,0.06102956086397171,0.00014425729750655591,1.2654869556427002,0.0,0.0
416,3.523620128631592,0.9061579704284668,23.569135665893555,8.065109252929688,0.5052371621131897,41.472434997558594,1.1022539138793945,1.1019188165664673,27.59,0.9216170907020569,0.016250042244791985,0.05004536733031273,14.183534622192383,0.0,0.0,0.36001056432724,4.2359901271993294e-05,0.006807688158005476,0.5941275358200073,0.0,0.0,1.1421517133712769,0.39678505063056946,0.02127380296587944,0.39897647500038147,0.020155660808086395,0.7376410961151123,0.27788272500038147,0.013376300223171711,0.0008158399141393602,0.4896427094936371,1.0,0.0,0.8022132515907288,0.26269933581352234,0.0005088108009658754,0.01881500706076622,0.0,0.0,0.3465934991836548,0.04553152248263359,0.00012148306996095926,1.2780439853668213,0.0,0.0
417,3.4500796794891357,0.6878788471221924,28.685672760009766,3.533494472503662,0.5247418880462646,45.9343376159668,1.0745590925216675,1.0779833793640137,295.62,0.9166726469993591,0.005862962920218706,0.05797577276825905,16.246145248413086,0.0,0.0,0.3196569085121155,7.180359716585372e-06,0.004131364170461893,0.6793553829193115,0.0,0.0,1.0964807271957397,0.4873313307762146,0.016510235145688057,0.2102452665567398,0.012407653033733368,0.360710084438324,0.28572672605514526,0.01715119183063507,0.0005928663886152208,0.5880914926528931,1.0,0.0,0.8716018199920654,0.2307102531194687,0.0005675218999385834,0.019864873960614204,0.0,0.0,0.3472670614719391,0.05713595822453499,9.176759340334684e-05,1.2721388339996338,0.0,0.0
418,4.686223983764648,0.8026251792907715,30.070585250854492,8.041543960571289,0.559192419052124,53.15060043334961,1.196112036705017,1.1943943500518799,120.23,0.9377447366714478,0.011484729126095772,0.04682650417089462,17.432735443115234,0.0,0.0,0.3307023048400879,1.2361054359644186e-05,0.004104433581233025,0.6247448325157166,0.0,0.0,1.0984619855880737,0.4104119837284088,0.020335182547569275,0.35032761096954346,0.019322525709867477,0.6602067351341248,0.2863297760486603,0.01630714349448681,0.0008625540067441761,0.5260664820671082,1.0,0.0,0.8419748544692993,0.24031424522399902,0.0005431656027212739,0.01931493915617466,0.0,0.0,0.3444936275482178,0.052120864391326904,9.075187699636444e-05,1.276963710784912,0.0,0.0
419,1.2924151420593262,0.6090415716171265,32.471290588378906,4.779828071594238,0.43407437205314636,49.11624526977539,1.112423062324524,1.1107227802276611,137.61,0.8333547115325928,0.006303477566689253,0.07424364238977432,12.746905326843262,0.0,0.0,0.33596235513687134,3.946748984162696e-05,0.006046425551176071,0.7212413549423218,0.0,0.0,1.1085078716278076,0.41552191972732544,0.018840020522475243,0.2802683711051941,0.016351312398910522,0.5005459189414978,0.27674809098243713,0.012218263000249863,0.0007840379257686436,0.46547919511795044,1.0,0.0,0.8146082758903503,0.26973408460617065,0.000531852594576776,0.019246501848101616,0.0,0.0,0.3504628837108612,0.049409255385398865,0.00011071312474086881,1.2740793228149414,0.0,0.0
420,1.126185417175293,0.8642705082893372,16.102062225341797,7.059817790985107,0.709555983543396,54.882266998291016,1.1034345626831055,1.1046838760375977,102.49,0.737646758556366,0.010526287369430065,0.1020369604229927,16.539461135864258,0.0,0.0,0.3567579388618469,5.516914825420827e-05,0.00169493502471596,0.6114824414253235,0.0,0.0,1.0289115905761719,0.5533047914505005,0.015895919874310493,0.264856219291687,0.013037537224590778,0.46699580550193787,0.2966988682746887,0.025469539687037468,0.0005510012269951403,0.7424913048744202,1.0,0.0,0.9579157829284668,0.15740236639976501,0.0006148865213617682,0.020910626277327538,0.0,0.0,0.3413664996623993,0.06184186413884163,6.0555154050234705e-05,1.2843166589736938,0.0,0.0
421,5.970893383026123,0.2819892168045044,44.14815902709961,3.8188271522521973,0.699194073677063,50.73945236206055,1.257705807685852,1.2569197416305542,49.72,1.1355228424072266,0.06717991828918457,0.026477253064513206,5.060800552368164,0.0,0.0,0.29319146275520325,2.0959814719390124e-05,0.0035916611086577177,0.8811460733413696,0.0,0.0,1.0061442852020264,0.37408289313316345,0.013744940981268883,0.16153857111930847,0.009611022658646107,0.2784382700920105,0.3023932874202728,0.0255682822316885,0.0004718851996585727,0.783044695854187,1.0,0.0,0.8280393481254578,0.27273857593536377,0.0005070367478765547,0.018043208867311478,0.0,0.0,0.3387027978897095,0.052406974136829376,0.00018141674809157848,1.2244865894317627,0.0,0.0
422,5.717195510864258,0.9799667596817017,31.9002628326416,4.123135089874268,0.46676725149154663,50.37434768676758,1.0582274198532104,1.0587260723114014,44.51,0.7789533138275146,0.02361299656331539,0.046173688024282455,23.080734252929688,0.0,0.0,0.383492648601532,8.634130063001066e-05,0.004040456376969814,0.5840578079223633,0.0,0.0,1.064924716949463,0.46625789999961853,0.017831284552812576,0.24929451942443848,0.014203871600329876,0.4397444725036621,0.27908626198768616,0.014054317027330399,0.0006693545146845281,0.5144501328468323,1.0,0.0,0.8472971320152283,0.23943816125392914,0.000550141790881753,0.01964147575199604,0.0,0.0,0.34865736961364746,0.051616426557302475,0.00010659431427484378,1.2718915939331055,0.0,0.0
423,1.8539937734603882,0.9047569632530212,24.003644943237305,4.791491985321045,0.7286887764930725,45.8498420715332,1.185273289680481,1.1852093935012817,4.55,0.7184038758277893,0.02161301299929619,0.10008224844932556,21.821319580078125,0.0,0.0,0.3579668700695038,6.1022139561828226e-05,0.0019873434212058783,0.5802946090698242,0.0,0.0,0.971375048160553,0.559112548828125,0.013968932442367077,0.1823149472475052,0.009831158444285393,0.313987135887146,0.3033007085323334,0.028439326211810112,0.00047791373799555004,0.8048726916313171,1.0,0.0,0.9830099940299988,0.14936956763267517,0.0006431220099329948,0.02116619609296322,0.0,0.0,0.3416087031364441,0.07139522582292557,4.6507288061548024e-05,1.2831425666809082,0.0,0.0
424,4.615259170532227,0.7531343698501587,37.262367248535156,4.536296367645264,0.7185419797897339,42.09521484375,1.2532455921173096,1.253625750541687,24.2,0.9373947381973267,0.004925777204334736,0.06099341809749603,18.288829803466797,0.0,0.0,0.31357088685035706,8.376322853109741e-07,0.0024401703849434853,0.6430599093437195,0.0,0.0,0.9916394352912903,0.4676537811756134,0.01383463479578495,0.17218242585659027,0.010156240314245224,0.3031045198440552,0.3045714795589447,0.026521343737840652,0.0005147976335138083,0.7848624587059021,1.0,0.0,0.875730037689209,0.2317741960287094,0.0005293245194479823,0.018857769668102264,0.0,0.0,0.33903107047080994,0.054185088723897934,0.00016209628665819764,1.225738763809204,0.0,0.0
425,2.3803224563598633,0.43100106716156006,25.67612648010254,7.799984931945801,0.7480270862579346,46.1380500793457,1.2822375297546387,1.283348560333252,67.52,0.9588305354118347,0.034111689776182175,0.056282490491867065,8.04010009765625,0.0,0.0,0.3148570954799652,6.881110311951488e-05,0.00327606825158,0.7728212475776672,0.0,0.0,1.012628436088562,0.5048180222511292,0.015753457322716713,0.23811255395412445,0.013166606426239014,0.42981553077697754,0.305011510848999,0.027866385877132416,0.0006407550536096096,0.7534081935882568,1.0,0.0,0.899917483329773,0.1921839863061905,0.0005839081131853163,0.01973467878997326,0.0,0.0,0.3402692973613739,0.06297172605991364,7.057678885757923e-05,1.2751823663711548,0.0,0.0
426,4.100435733795166,0.7961742877960205,31.192428588867188,9.847580909729004,0.41477033495903015,43.45600128173828,1.1545130014419556,1.1531144380569458,105.05,0.9230661392211914,0.013086752034723759,0.043220262974500656,17.00054168701172,0.0,0.0,0.33727648854255676,1.9900591723853722e-05,0.009910544380545616,0.6309986114501953,0.0,0.0,1.1575095653533936,0.2637307941913605,0.023650353774428368,0.49056506156921387,0.025792161002755165,0.9301251173019409,0.2695622146129608,0.008268684148788452,0.0010964835528284311,0.3777358829975128,1.0,0.0,0.7369269132614136,0.3524053990840912,0.0004589799791574478,0.017826208844780922,0.0,0.0,0.34878647327423096,0.037571609020233154,0.00018257691408507526,1.259518027305603,0.0,0.0
427,5.809182643890381,0.27624228596687317,18.95986557006836,5.681209087371826,0.7076922059059143,42.89398193359375,1.0364341735839844,1.038423776626587,184.86,1.1784921884536743,0.08014306426048279,0.027004852890968323,4.468016147613525,0.0,0.0,0.29474058747291565,2.4989203666336834e-05,0.0037381553556770086,0.8738914132118225,0.0,0.0,1.1044502258300781,0.4865616261959076,0.01470039039850235,0.22463758289813995,0.011072678491473198,0.3915613293647766,0.2986217141151428,0.024712011218070984,0.0005028762388974428,0.7710164785385132,1.0,0.0,0.8751201629638672,0.2061227262020111,0.0005696360603906214,0.019483011215925217,0.0,0.0,0.3428664803504944,0.06437438726425171,6.25852044322528e-05,1.285751223564148,0.0,0.0
428,4.603692054748535,0.7775830626487732,29.411344528198242,4.585413932800293,0.6139411330223083,46.55622100830078,1.1539252996444702,1.1518731117248535,154.4,0.9268551468849182,0.007029631175100803,0.053665705025196075,18.716075897216797,0.0,0.0,0.3235757350921631,2.9737163913523545e-06,0.0029653075616806746,0.636922299861908,0.0,0.0,1.063320517539978,0.5086607336997986,0.016204817220568657,0.21893776953220367,0.012593165040016174,0.3888871967792511,0.29367905855178833,0.0209757462143898,0.0006003441521897912,0.6583754420280457,1.0,0.0,0.8945693373680115,0.2096843123435974,0.0005762848304584622,0.019944265484809875,0.0,0.0,0.34401118755340576,0.05981097370386124,8.714779687579721e-05,1.2699215412139893,0.0,0.0
429,1.698265552520752,0.06719309836626053,35.1453742980957,5.569900035858154,0.5246017575263977,55.99042510986328,1.2112938165664673,1.2132536172866821,133.36,0.8774123191833496,0.13651059567928314,0.02587980031967163,1.382041335105896,0.0,0.0,0.38831228017807007,0.00024955032858997583,0.005857459269464016,0.9726668000221252,0.0,0.0,1.0325145721435547,0.39532479643821716,0.01900770142674446,0.276192307472229,0.016211315989494324,0.5086894035339355,0.2855309545993805,0.01644466631114483,0.0007646914455108345,0.5291565656661987,1.0,0.0,0.7661463022232056,0.2771185040473938,0.000511869031470269,0.01794598065316677,0.0,0.0,0.3467106521129608,0.05290362611413002,9.226044494425878e-05,1.2796978950500488,0.0,0.0
430,2.068246603012085,0.26223641633987427,32.610450744628906,4.4123854637146,0.7023705244064331,55.16381072998047,1.2513678073883057,1.2522470951080322,56.11,0.92718106508255,0.08605539798736572,0.04643917828798294,4.424009323120117,0.0,0.0,0.34293270111083984,0.00017617421690374613,0.002337894169613719,0.858733594417572,0.0,0.0,0.9975683689117432,0.5765610933303833,0.014599069952964783,0.17897069454193115,0.010203341022133827,0.31058046221733093,0.302975058555603,0.027445515617728233,0.0005001552635803819,0.7711678743362427,1.0,0.0,0.90898197889328,0.1811305731534958,0.0006067188223823905,0.01986103132367134,0.0,0.0,0.34167763590812683,0.07105787098407745,4.928358976030722e-05,1.285045862197876,0.0,0.0
431,5.698784828186035,0.7561858892440796,35.678768157958984,6.387556076049805,0.6416414976119995,70.032958984375,1.2580556869506836,1.2601277828216553,130.71,0.9911447763442993,0.00682513602077961,0.043380334973335266,17.000167846679688,0.0,0.0,0.3155995309352875,1.06331822280481e-06,0.0018218930345028639,0.6533034443855286,0.0,0.0,1.0888798236846924,0.5668931007385254,0.01749076135456562,0.25293126702308655,0.014897091314196587,0.46914660930633545,0.2963216006755829,0.02181946486234665,0.0007165074930526316,0.6424388289451599,1.0,0.0,0.9099278450012207,0.19442452490329742,0.0006003861199133098,0.020184457302093506,0.0,0.0,0.3424765169620514,0.06603366136550903,4.5726974349236116e-05,1.291204571723938,0.0,0.0
432,5.660465717315674,0.7156031131744385,37.906280517578125,5.4309983253479,0.4200544059276581,50.51669692993164,1.1140652894973755,1.1145360469818115,37.91,1.0115716457366943,0.0064199804328382015,0.037725795060396194,15.001648902893066,0.0,0.0,0.3187960982322693,1.008181357065041e-06,0.007231295108795166,0.6824464201927185,0.0,0.0,1.1547762155532837,0.3238760828971863,0.019342923536896706,0.3056081533432007,0.017725586891174316,0.5642741322517395,0.274660587310791,0.010513282380998135,0.0008594533428549767,0.4341549277305603,1.0,0.0,0.765354335308075,0.3445308208465576,0.0004794918349944055,0.01822960190474987,0.0,0.0,0.34951913356781006,0.04172525182366371,0.00021145195933058858,1.2497308254241943,0.0,0.0
433,1.1198986768722534,0.5758854150772095,26.54273796081543,4.137177467346191,0.6670061945915222,50.26758575439453,1.1823753118515015,1.18218994140625,13.26,0.826026201248169,0.01105488371104002,0.08681527525186539,11.530009269714355,0.0,0.0,0.3321232497692108,9.604194929124787e-05,0.002293720142915845,0.7098646759986877,0.0,0.0,1.0009639263153076,0.5964544415473938,0.015015492215752602,0.18741856515407562,0.0106439758092165,0.3220123052597046,0.2989080846309662,0.025534965097904205,0.0005051895277574658,0.7383702993392944,1.0,0.0,0.9509351253509521,0.160838782787323,0.0006287808646447957,0.020707853138446808,0.0,0.0,0.3431755006313324,0.07161113619804382,4.70077502541244e-05,1.2864031791687012,0.0,0.0
434,5.844661235809326,0.2582710087299347,32.5386962890625,3.291912317276001,0.5151257514953613,59.731319427490234,1.074958324432373,1.076436996459961,127.79,1.1496524810791016,0.08064816892147064,0.01990128681063652,4.686351299285889,0.0,0.0,0.30104753375053406,5.108524055685848e-05,0.005381724331527948,0.8810339570045471,0.0,0.0,1.1212422847747803,0.4560912251472473,0.01664336770772934,0.2003818154335022,0.012068635784089565,0.34561699628829956,0.286065012216568,0.016851909458637238,0.0005947364261373878,0.5816159844398499,1.0,0.0,0.8294205665588379,0.25188520550727844,0.0005579472053796053,0.019110016524791718,0.0,0.0,0.3475971817970276,0.06123099848628044,6.771005428163335e-05,1.285707712173462,0.0,0.0
435,1.050296425819397,0.5271477699279785,26.249290466308594,3.6994948387145996,0.5796238780021667,52.90892028808594,1.1196995973587036,1.1193389892578125,28.77,0.8277028799057007,0.015163242816925049,0.08023232221603394,10.469449996948242,0.0,0.0,0.3354176878929138,0.0001038003247231245,0.0029010840225964785,0.7410476207733154,0.0,0.0,1.0430552959442139,0.6141579151153564,0.016211336478590965,0.2032392919063568,0.011760981753468513,0.346151202917099,0.2906973958015442,0.02084515243768692,0.0005462550325319171,0.6468138694763184,1.0,0.0,0.9160277843475342,0.18055379390716553,0.0006115321884863079,0.020459098741412163,0.0,0.0,0.3457235097885132,0.06647275388240814,4.84284246340394e-05,1.2901273965835571,0.0,0.0
436,3.71806263923645,0.8955507278442383,33.93270492553711,4.562484264373779,0.5819266438484192,47.149898529052734,1.1834418773651123,1.1830297708511353,29.44,0.8106980323791504,0.01582588441669941,0.0660286396741867,21.29194450378418,0.0,0.0,0.352491557598114,3.0104254619800486e-05,0.003189469687640667,0.5961406230926514,0.0,0.0,1.0163240432739258,0.4663204550743103,0.016932830214500427,0.22492069005966187,0.013322443701326847,0.40149667859077454,0.2917519211769104,0.019631175324320793,0.0006381500279530883,0.6164060831069946,1.0,0.0,0.8698980808258057,0.227081760764122,0.0005549727939069271,0.01957106962800026,0.0,0.0,0.3446005880832672,0.053860053420066833,0.00011722827184712514,1.2582427263259888,0.0,0.0
437,4.397704601287842,0.07633820176124573,21.038007736206055,3.4160242080688477,0.7460331916809082,49.60472106933594,1.0465619564056396,1.0478887557983398,120.98,1.1063590049743652,0.2000829577445984,0.014365218579769135,1.3657621145248413,0.0,0.0,0.3477146029472351,0.000154416702571325,0.003585127415135503,0.9805439114570618,0.0,0.0,1.0227551460266113,0.5425093173980713,0.012382255867123604,0.13891209661960602,0.0071021332405507565,0.22181758284568787,0.3049808144569397,0.02993767336010933,0.00034859150764532387,0.8763648271560669,1.0,0.0,0.89676433801651,0.171209454536438,0.0006012717494741082,0.019487924873828888,0.0,0.0,0.3424881100654602,0.07871672511100769,3.915618799510412e-05,1.2930567264556885,0.0,0.0
438,2.6956372261047363,0.566680371761322,16.151592254638672,7.63450813293457,0.6581384539604187,44.51258087158203,1.0529991388320923,1.051445722579956,140.3,1.0178496837615967,0.013640151359140873,0.053758006542921066,9.687175750732422,0.0,0.0,0.3084392249584198,1.7876927813631482e-05,0.004367788787931204,0.7262835502624512,0.0,0.0,1.1312509775161743,0.4857710599899292,0.017400948330760002,0.31337544322013855,0.015292449854314327,0.5602201223373413,0.29106616973876953,0.021193640306591988,0.0006284189294092357,0.6734618544578552,1.0,0.0,0.8670181035995483,0.21004687249660492,0.0005553365917876363,0.01948961429297924,0.0,0.0,0.342681348323822,0.05656697601079941,7.514310709666461e-05,1.2848892211914062,0.0,0.0
439,3.006727933883667,0.694987416267395,17.418434143066406,9.302778244018555,0.7217374444007874,46.14594650268555,1.123439073562622,1.1198153495788574,288.04,0.9510914087295532,0.008539021946489811,0.06093255430459976,13.712146759033203,0.0,0.0,0.3153725266456604,1.6579859220655635e-05,0.0029883068054914474,0.6708657741546631,0.0,0.0,1.0803359746932983,0.5234382748603821,0.01675281673669815,0.3074680268764496,0.015090322121977806,0.5589288473129272,0.2975503206253052,0.02434021234512329,0.0006405097665265203,0.7213228344917297,1.0,0.0,0.9027992486953735,0.18926474452018738,0.000579354353249073,0.01996503211557865,0.0,0.0,0.34138181805610657,0.060765549540519714,6.259480869630352e-05,1.284932255744934,0.0,0.0
440,1.3765608072280884,0.27928227186203003,16.554424285888672,9.738781929016113,0.5335078835487366,48.205623626708984,1.0672158002853394,1.0675816535949707,32.11,1.0657316446304321,0.06126897409558296,0.03743596747517586,3.576073169708252,0.0,0.0,0.337871789932251,8.096647798083723e-05,0.009194712154567242,0.8613266348838806,0.0,0.0,1.1930968761444092,0.36263176798820496,0.02215109020471573,0.4578164219856262,0.021660294383764267,0.8346957564353943,0.2774513065814972,0.014204422011971474,0.0008060147520154715,0.5165016055107117,1.0,0.0,0.770734429359436,0.27007660269737244,0.0004932103329338133,0.018108101561665535,0.0,0.0,0.34461408853530884,0.045496780425310135,9.687910642242059e-05,1.2877254486083984,0.0,0.0
441,2.839275360107422,0.8890473246574402,21.523033142089844,4.714404106140137,0.6884726285934448,49.07244873046875,1.1098229885101318,1.1088124513626099,82.12,0.7894697785377502,0.01765417493879795,0.07967282831668854,22.205461502075195,0.0,0.0,0.34984317421913147,3.577133975340985e-05,0.0021071513183414936,0.5936903357505798,0.0,0.0,1.010406494140625,0.5757142305374146,0.014644565992057323,0.19996409118175507,0.010754598304629326,0.3493101894855499,0.29809609055519104,0.025347139686346054,0.0004982028622180223,0.7593601942062378,1.0,0.0,0.9639279246330261,0.15497149527072906,0.0006327941082417965,0.02092926949262619,0.0,0.0,0.3425835967063904,0.07125335186719894,4.3349013139959425e-05,1.2876932621002197,0.0,0.0
442,2.872356653213501,0.2733430862426758,39.27983474731445,7.7512898445129395,0.6035351157188416,40.05744934082031,1.268343448638916,1.269078254699707,45.65,0.9807936549186707,0.053320903331041336,0.037770312279462814,4.853862762451172,0.0,0.0,0.3229941129684448,6.210316496435553e-05,0.00863481592386961,0.8506132960319519,0.0,0.0,0.9831454157829285,0.23370450735092163,0.01908212900161743,0.2941760718822479,0.0183718279004097,0.5579652786254883,0.2927679419517517,0.01796054095029831,0.0008793312008492649,0.554370105266571,1.0,0.0,0.7129579186439514,0.4103182554244995,0.0004206637677270919,0.016384294256567955,0.0,0.0,0.34129273891448975,0.03554892539978027,0.0003449217474553734,1.1998016834259033,0.0,0.0
443,2.2602429389953613,0.7817409634590149,25.2760009765625,8.103456497192383,0.6116430759429932,42.822025299072266,1.2070969343185425,1.2066282033920288,32.18,0.8242230415344238,0.009715926833450794,0.07525395601987839,17.990049362182617,0.0,0.0,0.3359195590019226,3.0128370781312697e-05,0.0042121573351323605,0.6259035468101501,0.0,0.0,1.0588085651397705,0.4318503141403198,0.019441664218902588,0.3317328691482544,0.017975693568587303,0.6091741323471069,0.2908906042575836,0.01934955082833767,0.0007937352056615055,0.5847653150558472,1.0,0.0,0.8525370359420776,0.23053127527236938,0.000545231276191771,0.019365953281521797,0.0,0.0,0.3435727059841156,0.05195830762386322,9.79584947344847e-05,1.2724313735961914,0.0,0.0
444,2.621554136276245,0.2974527180194855,22.284772872924805,3.6411123275756836,0.6560186147689819,42.186248779296875,1.081845998764038,1.0771052837371826,406.84,0.9789842367172241,0.07450645416975021,0.04150427132844925,5.1512980461120605,0.0,0.0,0.32758840918540955,0.00011812502634711564,0.003869057632982731,0.8504302501678467,0.0,0.0,1.0379185676574707,0.5056819915771484,0.014531777240335941,0.1779978722333908,0.009847062639892101,0.29897379875183105,0.29672661423683167,0.02408658340573311,0.000462006515590474,0.745395302772522,1.0,0.0,0.8800523281097412,0.20606371760368347,0.0005793391028419137,0.01957513950765133,0.0,0.0,0.3438487648963928,0.0647905170917511,6.716227653669193e-05,1.2794198989868164,0.0,0.0
445,2.684782028198242,0.014939690940082073,32.8061637878418,3.902517795562744,0.6641217470169067,59.99189376831055,1.2203567028045654,1.2194204330444336,62.92,0.9807112812995911,0.24315766990184784,0.01568853296339512,0.5794239044189453,0.0,0.0,0.39175793528556824,0.00027102656895294785,0.0032524140551686287,1.005077600479126,0.0,0.0,0.9924556016921997,0.6041103601455688,0.015169542282819748,0.1789422631263733,0.010301653295755386,0.3094028830528259,0.29984721541404724,0.026152612641453743,0.0004862057394348085,0.7372717261314392,1.0,0.0,0.8549033999443054,0.18907928466796875,0.0005827873828820884,0.018946995958685875,0.0,0.0,0.34328922629356384,0.07304130494594574,3.983117494499311e-05,1.2951033115386963,0.0,0.0
446,2.2404332160949707,0.2532638907432556,21.89003562927246,9.991788864135742,0.4775983989238739,42.254356384277344,1.1227877140045166,1.1233160495758057,41.89,1.0273404121398926,0.06865190714597702,0.02856110781431198,4.699988842010498,0.0,0.0,0.32897695899009705,6.210721767274663e-05,0.01200934313237667,0.8672964572906494,0.0,0.0,1.1814242601394653,0.2935933470726013,0.023354874923825264,0.48457902669906616,0.02387181855738163,0.8987508416175842,0.27397051453590393,0.01135317049920559,0.0009416997781954706,0.44945579767227173,1.0,0.0,0.7291715145111084,0.3276272714138031,0.0004674778028856963,0.017499595880508423,0.0,0.0,0.34675705432891846,0.04227675125002861,0.00011602266749832779,1.280894160270691,0.0,0.0
447,1.279577374458313,0.03567419946193695,14.149710655212402,8.27670669555664,0.6974572539329529,53.530086517333984,1.078005075454712,1.0784573554992676,38.9,1.2515785694122314,0.13254638016223907,0.01583155430853367,0.2747938334941864,0.0,0.0,0.40039026737213135,0.00017063115956261754,0.006114412564784288,1.0052088499069214,0.0,0.0,1.1868786811828613,0.5463501214981079,0.01808762550354004,0.3101426959037781,0.014015614986419678,0.5430433750152588,0.29488494992256165,0.02530744858086109,0.0005050257313996553,0.7123844623565674,1.0,0.0,0.7698867321014404,0.2241639792919159,0.0004812840197701007,0.017430059611797333,0.0,0.0,0.3415205478668213,0.04918359965085983,0.00011218272993573919,1.28266179561615,0.0,0.0
448,4.087202548980713,0.669167160987854,28.516263961791992,9.313448905944824,0.47858095169067383,59.99030685424805,1.1606416702270508,1.1623866558074951,129.34,1.0022587776184082,0.011309374123811722,0.042362030595541,14.481391906738281,0.0,0.0,0.3119197189807892,1.0099540759256342e-06,0.005235387943685055,0.6779322624206543,0.0,0.0,1.187877893447876,0.34760773181915283,0.02248787321150303,0.43902990221977234,0.023170119151473045,0.8412590026855469,0.276499480009079,0.011531464755535126,0.0009960642782971263,0.4404943287372589,1.0,0.0,0.8071582317352295,0.27278056740760803,0.0005237087607383728,0.018999269232153893,0.0,0.0,0.3463931977748871,0.048578470945358276,8.08726399554871e-05,1.2868256568908691,0.0,0.0
449,3.4234540462493896,0.6963150501251221,22.259700775146484,3.1276934146881104,0.6724636554718018,49.86681365966797,1.0362187623977661,1.0367772579193115,51.99,0.9287724494934082,0.00573561480268836,0.06361110508441925,16.244888305664062,0.0,0.0,0.3153085708618164,1.3417353329714388e-05,0.0022638787049800158,0.6666834950447083,0.0,0.0,1.0607129335403442,0.5888881683349609,0.01361840683966875,0.15722554922103882,0.008672304451465607,0.25385844707489014,0.29778337478637695,0.025426704436540604,0.00041081997915171087,0.7828730940818787,1.0,0.0,0.9778677225112915,0.15435956418514252,0.0006439066492021084,0.021132037043571472,0.0,0.0,0.3433549702167511,0.07596170157194138,4.214074579067528e-05,1.287988543510437,0.0,0.0
450,2.9833004474639893,0.5461825728416443,37.78681182861328,7.181980133056641,0.5460704565048218,50.30509948730469,1.2523401975631714,1.2532665729522705,59.02,0.9883497357368469,0.01394102443009615,0.05115779861807823,10.387900352478027,0.0,0.0,0.30909547209739685,7.624342288181651e-06,0.005420068744570017,0.7250170111656189,0.0,0.0,1.078765869140625,0.3288772404193878,0.01987304911017418,0.3132166564464569,0.01878943294286728,0.589867889881134,0.28715550899505615,0.01572364941239357,0.0008919509127736092,0.510429322719574,1.0,0.0,0.7883949875831604,0.3062540292739868,0.000493814644869417,0.01824846863746643,0.0,0.0,0.34443923830986023,0.04462592303752899,0.00017674501577857882,1.248339295387268,0.0,0.0
451,1.4659250974655151,0.9627863168716431,37.12234878540039,8.066947937011719,0.4947425127029419,51.78984451293945,1.2389318943023682,1.2391290664672852,12.84,0.6476419568061829,0.019508082419633865,0.09414981305599213,22.63052749633789,0.0,0.0,0.38498759269714355,6.341885455185547e-05,0.00353172211907804,0.5703994631767273,0.0,0.0,1.0171527862548828,0.3816676437854767,0.021699734032154083,0.3657704293727875,0.021471932530403137,0.6913701295852661,0.2816641926765442,0.013235993683338165,0.000983192934654653,0.44656455516815186,1.0,0.0,0.8123096227645874,0.2621523439884186,0.0005151009536348283,0.019000191241502762,0.0,0.0,0.3467715084552765,0.04395982623100281,0.00014162248407956213,1.2615957260131836,0.0,0.0
452,5.741888999938965,0.9384915232658386,40.569522857666016,4.222134590148926,0.5445345044136047,45.74900817871094,1.1594473123550415,1.1590851545333862,26.95,0.8079217672348022,0.01689090020954609,0.05085507035255432,22.111053466796875,0.0,0.0,0.3640936315059662,4.615482612280175e-05,0.0035378618631511927,0.5986577868461609,0.0,0.0,0.9888544082641602,0.367233544588089,0.016836047172546387,0.221334308385849,0.013509565033018589,0.39566534757614136,0.2882350981235504,0.017225289717316628,0.0006611378048546612,0.5804451704025269,1.0,0.0,0.8015993237495422,0.299873024225235,0.00048765065730549395,0.01821199059486389,0.0,0.0,0.3446260988712311,0.04335455223917961,0.00022745117894373834,1.2221994400024414,0.0,0.0
453,4.786470890045166,0.8037737607955933,28.18829345703125,6.258239269256592,0.6946159601211548,45.27618408203125,1.2187879085540771,1.2189067602157593,8.0,0.9240405559539795,0.009347649291157722,0.05435270816087723,18.837947845458984,0.0,0.0,0.3251103162765503,5.888130090170307e-06,0.0025815009139478207,0.6227916479110718,0.0,0.0,1.0331438779830933,0.5177273154258728,0.015869708731770515,0.23271942138671875,0.012945074588060379,0.4216671586036682,0.3002355098724365,0.024592163041234016,0.0006215149187482893,0.7176699042320251,1.0,0.0,0.9114564657211304,0.19435878098011017,0.0005830033333040774,0.020014548674225807,0.0,0.0,0.34150269627571106,0.06138885021209717,8.171347144525498e-05,1.2694646120071411,0.0,0.0
454,5.60408353805542,0.4083963930606842,36.19660949707031,5.852562427520752,0.6802542209625244,49.127471923828125,1.277146816253662,1.2763582468032837,48.38,1.1446747779846191,0.03348497301340103,0.03334272280335426,7.630748748779297,0.0,0.0,0.2878955006599426,8.221144298659055e-07,0.003856896422803402,0.8007420897483826,0.0,0.0,1.0653316974639893,0.4014260172843933,0.01610998623073101,0.21894583106040955,0.013115862384438515,0.40042731165885925,0.300856351852417,0.023725371807813644,0.0006499137962237,0.6981976628303528,1.0,0.0,0.8455533981323242,0.250558465719223,0.00053322350140661,0.01878558099269867,0.0,0.0,0.3406658470630646,0.05465373024344444,0.0001330180384684354,1.2510244846343994,0.0,0.0
455,5.605978965759277,0.4933411777019501,30.29136085510254,3.913424253463745,0.42004019021987915,56.939430236816406,1.0175284147262573,1.0171759128570557,34.06,1.1178866624832153,0.02167353220283985,0.02968786470592022,9.951281547546387,0.0,0.0,0.29565122723579407,1.0939644425889128e-06,0.006399603560566902,0.7684774994850159,0.0,0.0,1.2138160467147827,0.4130762219429016,0.01780119724571705,0.25293517112731934,0.014439607970416546,0.445840448141098,0.2746690809726715,0.011694652959704399,0.0006978305173106492,0.47899970412254333,1.0,0.0,0.8137662410736084,0.2817809581756592,0.000537525862455368,0.01923183538019657,0.0,0.0,0.35015133023262024,0.052624959498643875,9.039895667228848e-05,1.2830216884613037,0.0,0.0
456,4.660393714904785,0.8534880876541138,25.006315231323242,5.618497371673584,0.594055712223053,47.51387405395508,1.1127604246139526,1.1108243465423584,156.63,0.8800542950630188,0.012192310765385628,0.05270581692457199,20.63057518005371,0.0,0.0,0.34018707275390625,1.9945155145251192e-05,0.0032240275759249926,0.6096552610397339,0.0,0.0,1.075249195098877,0.5037566423416138,0.017413392663002014,0.26802077889442444,0.014490241184830666,0.4821767807006836,0.2892840802669525,0.019198065623641014,0.0006515718996524811,0.6193384528160095,1.0,0.0,0.8885528445243835,0.20591892302036285,0.0005771022406406701,0.02000749483704567,0.0,0.0,0.3445231020450592,0.05862757936120033,7.127132994355634e-05,1.2808014154434204,0.0,0.0
457,3.541135311126709,0.23145821690559387,22.541439056396484,6.297367572784424,0.44346439838409424,49.48492431640625,1.0415215492248535,1.0419933795928955,43.48,1.0914322137832642,0.0779426246881485,0.020353348925709724,3.8268215656280518,0.0,0.0,0.32044872641563416,6.155927258078009e-05,0.010182241909205914,0.8875741958618164,0.0,0.0,1.1940728425979614,0.3335075378417969,0.020217368379235268,0.3614484667778015,0.018491916358470917,0.6584873795509338,0.2729259133338928,0.01131769735366106,0.000784770876634866,0.46504801511764526,1.0,0.0,0.7552636861801147,0.3135375380516052,0.0004954967298544943,0.01806778833270073,0.0,0.0,0.34828636050224304,0.047393396496772766,9.881681035039946e-05,1.2858268022537231,0.0,0.0
458,2.7087438106536865,0.1327134370803833,25.650726318359375,2.1526591777801514,0.6743561029434204,47.70911407470703,1.0245405435562134,1.027920126914978,320.9,0.9759450554847717,0.1700511872768402,0.028350021690130234,2.2979352474212646,0.0,0.0,0.36090490221977234,0.00021491566440090537,0.0031979545019567013,0.9389879107475281,0.0,0.0,0.9896271824836731,0.5920369625091553,0.013052903115749359,0.12142818421125412,0.0069491444155573845,0.18687747418880463,0.30056700110435486,0.027211593464016914,0.00033008260652422905,0.8129280209541321,1.0,0.0,0.906851053237915,0.16710254549980164,0.0006096305442042649,0.01968506909906864,0.0,0.0,0.3438994884490967,0.07944709807634354,4.761983291245997e-05,1.2861287593841553,0.0,0.0
459,4.978871822357178,0.5090876221656799,20.86342430114746,6.128783702850342,0.520561933517456,41.50027847290039,1.016992211341858,1.0185920000076294,154.43,1.1166976690292358,0.020016560330986977,0.034275613725185394,9.570313453674316,0.0,0.0,0.2939392030239105,8.191333904505882e-07,0.006423447281122208,0.7515792846679688,0.0,0.0,1.2208176851272583,0.3999992311000824,0.018852120265364647,0.330151230096817,0.016558948904275894,0.5883010029792786,0.2795819640159607,0.014514395967125893,0.0006924908375367522,0.5441634058952332,1.0,0.0,0.80652916431427,0.271353155374527,0.0005162811139598489,0.01881752721965313,0.0,0.0,0.34643983840942383,0.049518655985593796,0.00010902059875661507,1.2797256708145142,0.0,0.0
460,3.693047046661377,0.31387773156166077,27.581602096557617,3.272472858428955,0.7327488660812378,56.823795318603516,1.1371420621871948,1.137516736984253,28.97,1.090983271598816,0.08217191696166992,0.034853119403123856,5.5267486572265625,0.0,0.0,0.31433939933776855,9.820826380746439e-05,0.002436353825032711,0.8415317535400391,0.0,0.0,1.022961974143982,0.5566848516464233,0.012798714451491833,0.13741382956504822,0.007526085712015629,0.22726567089557648,0.30549779534339905,0.029617400839924812,0.000375146308215335,0.8531901240348816,1.0,0.0,0.9646849632263184,0.14570599794387817,0.0006498132133856416,0.020531944930553436,0.0,0.0,0.34197768568992615,0.08777179569005966,2.9859156711609103e-05,1.294987678527832,0.0,0.0
461,5.316768646240234,0.21495845913887024,22.692222595214844,7.421798229217529,0.5369195938110352,42.69709014892578,1.087942123413086,1.087159514427185,66.17,1.161916971206665,0.08680284768342972,0.019764427095651627,3.7030928134918213,0.0,0.0,0.30405086278915405,3.4386095649097115e-05,0.008934742771089077,0.8947733044624329,0.0,0.0,1.1660109758377075,0.32703012228012085,0.020014476031064987,0.3632006347179413,0.018292179331183434,0.6609534621238708,0.2823193371295929,0.015061061829328537,0.0007680151029489934,0.5339066982269287,1.0,0.0,0.7628700733184814,0.3029867708683014,0.0004922722582705319,0.01796620897948742,0.0,0.0,0.3458268940448761,0.047607313841581345,0.00012064001202816144,1.2771172523498535,0.0,0.0
462,3.699699878692627,0.5819276571273804,20.5085391998291,9.364544868469238,0.5964704751968384,57.82072067260742,1.1208726167678833,1.121655821800232,62.3,1.0427404642105103,0.014278975315392017,0.044876184314489365,11.965825080871582,0.0,0.0,0.3027783930301666,9.167655434794142e-07,0.003790411399677396,0.7161039113998413,0.0,0.0,1.1569715738296509,0.41255947947502136,0.02005101554095745,0.3888794779777527,0.019636493176221848,0.7305493354797363,0.28614526987075806,0.017170194536447525,0.0008029050077311695,0.5711910724639893,1.0,0.0,0.856782853603363,0.22713544964790344,0.0005512339994311333,0.019486714154481888,0.0,0.0,0.3432260751724243,0.05424025282263756,7.310942601179704e-05,1.28511381149292,0.0,0.0
463,4.586360931396484,0.35009413957595825,22.41680908203125,9.1848726272583,0.5730741024017334,57.65809631347656,1.131840467453003,1.132055401802063,16.77,1.1722514629364014,0.05042288079857826,0.025649528950452805,6.1238861083984375,0.0,0.0,0.2958132028579712,1.7337188182864338e-05,0.0061113955453038216,0.8216902017593384,0.0,0.0,1.1660220623016357,0.37935128808021545,0.020708924159407616,0.39603665471076965,0.020068736746907234,0.7400276064872742,0.28502172231674194,0.016311610117554665,0.0008307427633553743,0.545432448387146,1.0,0.0,0.8081488013267517,0.25346267223358154,0.0005258189630694687,0.018630031496286392,0.0,0.0,0.34398186206817627,0.05337762460112572,7.818252925062552e-05,1.2860714197158813,0.0,0.0
464,5.352745532989502,0.6554664969444275,26.465166091918945,5.241236686706543,0.45366495847702026,59.29485321044922,1.0368732213974,1.037092685699463,20.41,1.0312193632125854,0.008615237660706043,0.03738829866051674,14.52029800415039,0.0,0.0,0.30792519450187683,1.0811792208187399e-06,0.005247484892606735,0.6929816007614136,0.0,0.0,1.2110702991485596,0.43168142437934875,0.018888341262936592,0.30831533670425415,0.01652822457253933,0.5553196668624878,0.27545976638793945,0.012251118198037148,0.0007467414834536612,0.4866325855255127,1.0,0.0,0.834488034248352,0.25595802068710327,0.0005468676681630313,0.019511081278324127,0.0,0.0,0.34811726212501526,0.05295826122164726,7.580644160043448e-05,1.2870210409164429,0.0,0.0
465,3.6554131507873535,0.2750387191772461,30.00275421142578,7.707862377166748,0.6240292191505432,47.27627182006836,1.2483749389648438,1.2483024597167969,4.65,1.0770341157913208,0.06683528423309326,0.029204407706856728,4.584622859954834,0.0,0.0,0.313711553812027,6.247233250178397e-05,0.006028983276337385,0.8541045188903809,0.0,0.0,1.0623767375946045,0.376080721616745,0.018999310210347176,0.30255386233329773,0.017197147011756897,0.5611394643783569,0.29413703083992004,0.020326176658272743,0.0007953754393383861,0.5962725281715393,1.0,0.0,0.8063739538192749,0.25984957814216614,0.0005206270725466311,0.01838558167219162,0.0,0.0,0.34282049536705017,0.05266904458403587,0.00011488848394947127,1.2657697200775146,0.0,0.0
466,1.3400944471359253,0.4427646994590759,19.65007209777832,5.710176467895508,0.715871274471283,46.825286865234375,1.1524684429168701,1.152919888496399,33.98,0.9365929961204529,0.030739054083824158,0.06602881103754044,6.98787784576416,0.0,0.0,0.3291335701942444,0.0001026789250317961,0.0032020723447203636,0.7753404974937439,0.0,0.0,1.0403374433517456,0.5613337755203247,0.014994231052696705,0.21781912446022034,0.011304748244583607,0.3798752427101135,0.3002167344093323,0.026892216876149178,0.0005185208283364773,0.7707703709602356,1.0,0.0,0.9254963994026184,0.17241114377975464,0.0006043201428838074,0.020287804305553436,0.0,0.0,0.34188443422317505,0.06597788631916046,5.5016491387505084e-05,1.28662109375,0.0,0.0
467,4.500913143157959,0.8819581866264343,38.71589660644531,7.109838485717773,0.45253828167915344,59.90726089477539,1.1824580430984497,1.1836177110671997,82.86,0.8746697902679443,0.013324168510735035,0.04692346230149269,19.09037208557129,0.0,0.0,0.3528526723384857,1.9537452317308635e-05,0.004485129378736019,0.6133214831352234,0.0,0.0,1.1006447076797485,0.35990238189697266,0.02101760171353817,0.35345160961151123,0.020383255556225777,0.6713303923606873,0.2770029306411743,0.011282223276793957,0.0009558841120451689,0.42950063943862915,1.0,0.0,0.7998551726341248,0.28854334354400635,0.0005134871462360024,0.01889186166226864,0.0,0.0,0.3478587567806244,0.04531147703528404,0.00012937485007569194,1.2703551054000854,0.0,0.0
468,1.617626428604126,0.04014682024717331,38.06536102294922,8.739259719848633,0.43605539202690125,50.28230667114258,1.2232826948165894,1.2239854335784912,46.93,0.8852552175521851,0.11700662225484848,0.019151801243424416,2.2306463718414307,0.0,0.0,0.38838931918144226,0.00018569098028820008,0.010782038792967796,0.9816014170646667,0.0,0.0,1.0536776781082153,0.23985277116298676,0.022701937705278397,0.4108751118183136,0.023915989324450493,0.7909751534461975,0.2743093967437744,0.00950192753225565,0.0010966118425130844,0.3850734233856201,1.0,0.0,0.6698672771453857,0.41662564873695374,0.0004261290014255792,0.016360586509108543,0.0,0.0,0.3484162390232086,0.0374063141644001,0.00020346665405668318,1.2519363164901733,0.0,0.0
469,5.141427516937256,0.4530825614929199,30.840486526489258,9.072278022766113,0.5368870496749878,43.012081146240234,1.2033884525299072,1.2037485837936401,24.86,1.1367483139038086,0.0275728739798069,0.03208480402827263,8.586712837219238,0.0,0.0,0.2912590801715851,7.672101105526963e-07,0.00821653101593256,0.7692740559577942,0.0,0.0,1.1529998779296875,0.2976280450820923,0.021404534578323364,0.3926980793476105,0.021522492170333862,0.7382673025131226,0.2840881049633026,0.014502783305943012,0.000950060726609081,0.48715031147003174,1.0,0.0,0.7628820538520813,0.3231092095375061,0.00047528999857604504,0.017865244299173355,0.0,0.0,0.34474891424179077,0.04253733903169632,0.000195829983567819,1.251962661743164,0.0,0.0
470,2.834946632385254,0.07096397131681442,41.7607421875,8.423881530761719,0.5191503763198853,56.09370422363281,1.2810018062591553,1.2806531190872192,21.25,0.9812023639678955,0.1188182532787323,0.015135234221816063,1.8590145111083984,0.0,0.0,0.36095649003982544,0.00013822106120642275,0.008945020847022533,0.9638949632644653,0.0,0.0,1.0382299423217773,0.26487278938293457,0.021394310519099236,0.3524797856807709,0.021436067298054695,0.6782817840576172,0.2832266390323639,0.01349995844066143,0.001007612212561071,0.457853227853775,1.0,0.0,0.6963645219802856,0.38220110535621643,0.00044248346239328384,0.016542654484510422,0.0,0.0,0.34470853209495544,0.041054755449295044,0.000207789009436965,1.2491614818572998,0.0,0.0
471,3.9192466735839844,0.2784959375858307,40.79408645629883,3.718468189239502,0.5356210470199585,42.21054458618164,1.1360846757888794,1.135440468788147,49.94,1.0238854885101318,0.05698229745030403,0.03112388774752617,5.169335842132568,0.0,0.0,0.31548643112182617,6.136236333986744e-05,0.007003601640462875,0.8762018084526062,0.0,0.0,1.012413501739502,0.28388768434524536,0.016299868002533913,0.20341601967811584,0.012716958299279213,0.36094146966934204,0.2881983518600464,0.01666734553873539,0.0006366760935634375,0.583537757396698,1.0,0.0,0.7402095198631287,0.3810015022754669,0.00044862888171337545,0.017023948952555656,0.0,0.0,0.3453636169433594,0.040998317301273346,0.00029260764131322503,1.2081786394119263,0.0,0.0
472,1.634007215499878,0.04955696687102318,29.810749053955078,8.635004043579102,0.505180299282074,47.04132843017578,1.2142903804779053,1.2160261869430542,117.55,0.895923376083374,0.13337546586990356,0.021848110482096672,2.046518087387085,0.0,0.0,0.38610005378723145,0.00018923776224255562,0.010352916084229946,0.9737512469291687,0.0,0.0,1.0562560558319092,0.31616678833961487,0.02208632417023182,0.39511558413505554,0.0218748077750206,0.7397267818450928,0.28119516372680664,0.01395548228174448,0.0009557415614835918,0.4603132903575897,1.0,0.0,0.7206541895866394,0.31998515129089355,0.00046919050510041416,0.017181772738695145,0.0,0.0,0.34638845920562744,0.04436132311820984,0.0001437588216504082,1.2703241109848022,0.0,0.0
473,1.0679585933685303,0.5327095985412598,19.555204391479492,8.826502799987793,0.538629412651062,56.31756591796875,1.1167160272598267,1.116168737411499,43.91,0.9104247689247131,0.014232352375984192,0.0673116147518158,8.9385986328125,0.0,0.0,0.3281309902667999,4.8157224227907136e-05,0.00451715849339962,0.7409844398498535,0.0,0.0,1.135764241218567,0.39464524388313293,0.021196415647864342,0.411251038312912,0.02065337635576725,0.7631616592407227,0.28020140528678894,0.014902466908097267,0.0008274552528746426,0.5176966786384583,1.0,0.0,0.8387749195098877,0.23627889156341553,0.0005419148365035653,0.019403748214244843,0.0,0.0,0.34455564618110657,0.04973328858613968,7.762053428450599e-05,1.2881925106048584,0.0,0.0
474,4.081209182739258,0.7301893830299377,23.612276077270508,6.445410251617432,0.5080248117446899,40.94183349609375,1.074406385421753,1.075523018836975,96.63,0.9637749791145325,0.007417919114232063,0.048167333006858826,15.96876049041748,0.0,0.0,0.3209153115749359,9.370033922095899e-07,0.005871365778148174,0.6593782305717468,0.0,0.0,1.1669716835021973,0.3932962417602539,0.01936301961541176,0.3385683298110962,0.017692944034934044,0.6162359714508057,0.2793942987918854,0.014017313718795776,0.0007601944380439818,0.5170864462852478,1.0,0.0,0.8127630949020386,0.2722049951553345,0.0005185131449252367,0.01897003874182701,0.0,0.0,0.34682756662368774,0.04841167479753494,0.00011440397065598518,1.274970531463623,0.0,0.0
475,1.7050271034240723,0.41255006194114685,27.05011558532715,9.824851036071777,0.4732664227485657,55.089412689208984,1.180424690246582,1.1799049377441406,37.32,0.9782491326332092,0.03122945874929428,0.04718038812279701,7.259685039520264,0.0,0.0,0.3229996860027313,4.7935227485140786e-05,0.00697904359549284,0.7851951718330383,0.0,0.0,1.1531825065612793,0.3363422155380249,0.02327887713909149,0.45932313799858093,0.024286983534693718,0.8776140213012695,0.2757633626461029,0.01141058187931776,0.0010264349402859807,0.42918190360069275,1.0,0.0,0.7840416431427002,0.2758611738681793,0.0005119979614391923,0.018559060990810394,0.0,0.0,0.3467639684677124,0.047985196113586426,8.175968105206266e-05,1.287966251373291,0.0,0.0
476,5.1706767082214355,0.1769460290670395,27.481985092163086,6.383377552032471,0.4860067069530487,51.76223373413086,1.1111884117126465,1.1121219396591187,75.54,1.1714112758636475,0.1003372073173523,0.015125157311558723,2.9844048023223877,0.0,0.0,0.31248217821121216,5.604182661045343e-05,0.009653327986598015,0.9148721098899841,0.0,0.0,1.163291096687317,0.3563132584095001,0.020085765048861504,0.3382563889026642,0.018065478652715683,0.6169362664222717,0.2797066271305084,0.013658042997121811,0.0008028603624552488,0.4897271990776062,1.0,0.0,0.7650439143180847,0.29262638092041016,0.0005038013914600015,0.01808486506342888,0.0,0.0,0.3473413288593292,0.05044538527727127,0.0001033012376865372,1.2806957960128784,0.0,0.0
477,5.481000900268555,0.8986036777496338,27.938642501831055,4.40081262588501,0.6874530911445618,54.826759338378906,1.1483384370803833,1.1511521339416504,212.85,0.8607016205787659,0.018445050343871117,0.05262763425707817,21.839872360229492,0.0,0.0,0.346129447221756,2.277656130900141e-05,0.001726215472444892,0.593941330909729,0.0,0.0,1.0276172161102295,0.5833316445350647,0.014653735794126987,0.18803982436656952,0.010349567979574203,0.3240412473678589,0.29984036087989807,0.025554677471518517,0.0005001675453968346,0.7592155933380127,1.0,0.0,0.9684049487113953,0.15986289083957672,0.0006381291314028203,0.02103174850344658,0.0,0.0,0.342412531375885,0.07169295102357864,4.406486914376728e-05,1.2875595092773438,0.0,0.0
478,1.9459598064422607,0.7284027338027954,27.79467010498047,2.7893075942993164,0.4569319486618042,59.25288009643555,1.0073920488357544,1.0080184936523438,61.69,0.7908601760864258,0.002416369505226612,0.0795978456735611,17.129804611206055,0.0,0.0,0.34041523933410645,2.422865327389445e-05,0.0029569517355412245,0.6777729392051697,0.0,0.0,1.1089359521865845,0.6089359521865845,0.016339940950274467,0.19520136713981628,0.01178602036088705,0.3232167065143585,0.27928873896598816,0.014764324761927128,0.0005697985179722309,0.5453984141349792,1.0,0.0,0.8937650322914124,0.20900487899780273,0.000599720689933747,0.020481374114751816,0.0,0.0,0.3496135175228119,0.06285671889781952,4.695745155913755e-05,1.2933822870254517,0.0,0.0
479,3.1799089908599854,0.4782593846321106,36.315696716308594,3.6132583618164062,0.42691540718078613,56.7111701965332,1.0785853862762451,1.0769418478012085,141.49,1.0048861503601074,0.020517274737358093,0.042454637587070465,9.330796241760254,0.0,0.0,0.31331172585487366,1.949041325133294e-05,0.005507988855242729,0.7832310795783997,0.0,0.0,1.139496088027954,0.4159439504146576,0.01747770793735981,0.22913141548633575,0.013829688541591167,0.40244489908218384,0.2771614193916321,0.012310799211263657,0.0006996260490268469,0.4862135648727417,1.0,0.0,0.8087523579597473,0.285260409116745,0.0005348592530936003,0.019098909571766853,0.0,0.0,0.350728839635849,0.052355099469423294,0.00010382979962741956,1.2764297723770142,0.0,0.0
480,2.4550845623016357,0.8563904166221619,25.94499969482422,9.974626541137695,0.4813082218170166,44.18716812133789,1.1609941720962524,1.1609702110290527,1.78,0.8038976192474365,0.01492984127253294,0.06505946815013885,19.426939010620117,0.0,0.0,0.3536088168621063,3.708160875248723e-05,0.006996560376137495,0.6054543256759644,0.0,0.0,1.1217275857925415,0.33908507227897644,0.023223787546157837,0.4692314565181732,0.024210594594478607,0.8773300051689148,0.2756720781326294,0.011650730855762959,0.000994943780824542,0.43917956948280334,1.0,0.0,0.7915116548538208,0.2768633961677551,0.0005045131547376513,0.01872815191745758,0.0,0.0,0.3469085097312927,0.043673302978277206,0.00011668742081383243,1.2777336835861206,0.0,0.0
481,3.0804624557495117,0.5715229511260986,19.61545181274414,9.525888442993164,0.43699589371681213,54.08823776245117,1.041398286819458,1.0436475276947021,206.95,1.04625403881073,0.016106419265270233,0.041377026587724686,10.967596054077148,0.0,0.0,0.30784016847610474,8.74746433510154e-07,0.007772569544613361,0.7249687314033508,0.0,0.0,1.2878663539886475,0.32256069779396057,0.02295045554637909,0.5077157020568848,0.02391398698091507,0.9352124333381653,0.267309308052063,0.009121552109718323,0.0009188849944621325,0.434234619140625,1.0,0.0,0.7738955616950989,0.2987781763076782,0.0004939508507959545,0.0184717308729887,0.0,0.0,0.3468511700630188,0.04371482506394386,9.117908484768122e-05,1.2894983291625977,0.0,0.0
482,4.952106952667236,0.6757998466491699,29.94499969482422,4.6089582443237305,0.49832630157470703,50.59286880493164,1.0912518501281738,1.091343879699707,7.73,1.0090407133102417,0.0070491055957973,0.042493727058172226,15.042006492614746,0.0,0.0,0.3111325800418854,1.0571960729066632e-06,0.004697499331086874,0.6845442652702332,0.0,0.0,1.1526926755905151,0.44561660289764404,0.017929568886756897,0.2604592740535736,0.014830454252660275,0.4643596112728119,0.2821839451789856,0.01498508919030428,0.000697720272000879,0.5334668159484863,1.0,0.0,0.844218373298645,0.250867635011673,0.0005484880530275404,0.019505515694618225,0.0,0.0,0.3474576771259308,0.05372904613614082,9.767636947799474e-05,1.275387167930603,0.0,0.0
483,3.1145458221435547,0.77077716588974,26.713970184326172,8.482754707336426,0.40727248787879944,58.5589485168457,1.1027772426605225,1.1010812520980835,139.67,0.8975449204444885,0.008847489953041077,0.05338718742132187,17.56951904296875,0.0,0.0,0.334927499294281,1.0971834853990003e-06,0.005919131450355053,0.649941086769104,0.0,0.0,1.2105729579925537,0.35128355026245117,0.022482283413410187,0.4546228051185608,0.023356229066848755,0.8616290092468262,0.26825612783432007,0.008626471273601055,0.0009921095333993435,0.398028701543808,1.0,0.0,0.7988141179084778,0.278844952583313,0.0005192534881643951,0.01909552700817585,0.0,0.0,0.34880635142326355,0.04632016271352768,7.626255683135241e-05,1.2912906408309937,0.0,0.0
484,3.31419038772583,0.5975761413574219,22.973857879638672,7.787540912628174,0.6360917687416077,44.575172424316406,1.1720050573349,1.1718178987503052,13.63,0.9780923128128052,0.012386453337967396,0.05282708629965782,12.626513481140137,0.0,0.0,0.3064156770706177,8.581887414038647e-06,0.004235271830111742,0.7040759921073914,0.0,0.0,1.1031725406646729,0.4360322654247284,0.018431244418025017,0.31509509682655334,0.016551248729228973,0.5731052756309509,0.29244405031204224,0.02044937200844288,0.0007297565462067723,0.6255682706832886,1.0,0.0,0.8590632081031799,0.22736398875713348,0.0005530955386348069,0.019431062042713165,0.0,0.0,0.3430628478527069,0.05514994263648987,8.3818071288988e-05,1.278306484222412,0.0,0.0
485,4.62406587600708,0.7136150598526001,27.62863540649414,2.5267343521118164,0.7446867227554321,50.57268142700195,1.0551806688308716,1.0541080236434937,96.44,1.0290268659591675,0.00503051420673728,0.055837687104940414,15.051111221313477,0.0,0.0,0.30865785479545593,9.460435990149563e-07,0.0016618219669908285,0.6589941382408142,0.0,0.0,1.0451788902282715,0.5433319211006165,0.011539829894900322,0.11275766789913177,0.0060386634431779385,0.17528070509433746,0.3062341809272766,0.03013160079717636,0.000308678369037807,0.8966754674911499,1.0,0.0,1.0163365602493286,0.13104546070098877,0.00066590920323506,0.021193858236074448,0.0,0.0,0.341632217168808,0.09174457937479019,3.762588676181622e-05,1.2866261005401611,0.0,0.0
486,1.9390064477920532,0.47947877645492554,35.85724639892578,3.6373329162597656,0.7897779941558838,53.50727844238281,1.2508269548416138,1.2518032789230347,62.35,0.9251915812492371,0.029284141957759857,0.07300849258899689,8.818028450012207,0.0,0.0,0.32146623730659485,0.0001045036333380267,0.0013199375243857503,0.7443398237228394,0.0,0.0,0.9775617122650146,0.5177507400512695,0.011434432119131088,0.12916873395442963,0.006613259669393301,0.2109321802854538,0.31064924597740173,0.03333873301744461,0.0003338879905641079,0.9221034049987793,1.0,0.0,0.9962651133537292,0.14436635375022888,0.0006489365478046238,0.020777463912963867,0.0,0.0,0.3386758267879486,0.08149771392345428,4.911995347356424e-05,1.2765239477157593,0.0,0.0
487,1.6739603281021118,0.8173947930335999,16.703275680541992,9.80115032196045,0.5396612286567688,46.58378219604492,1.0603352785110474,1.059019684791565,117.16,0.848563015460968,0.010594946332275867,0.07115443795919418,15.33048152923584,0.0,0.0,0.34696516394615173,3.1622592359781265e-05,0.005154190585017204,0.6295589804649353,0.0,0.0,1.1474714279174805,0.4128167927265167,0.021571427583694458,0.45242515206336975,0.021903622895479202,0.8426319360733032,0.2772953510284424,0.014010719023644924,0.0008234938723035157,0.5225274562835693,1.0,0.0,0.8319363594055176,0.23216958343982697,0.000530873890966177,0.01924121007323265,0.0,0.0,0.34474653005599976,0.049124348908662796,7.529673166573048e-05,1.2899717092514038,0.0,0.0
488,3.0506973266601562,0.5598224997520447,18.582958221435547,5.015076637268066,0.6348747611045837,46.827144622802734,1.0408138036727905,1.0435278415679932,249.88,0.9965698719024658,0.013379307463765144,0.05272442474961281,10.919323921203613,0.0,0.0,0.30738288164138794,1.9282788343844004e-05,0.0036175623536109924,0.727421224117279,0.0,0.0,1.105139136314392,0.5131053924560547,0.01587570272386074,0.2375972718000412,0.012420614250004292,0.4157409965991974,0.29147735238075256,0.021289406344294548,0.0005450723692774773,0.6916913986206055,1.0,0.0,0.902458131313324,0.19914580881595612,0.0005865711718797684,0.020146381109952927,0.0,0.0,0.3436625897884369,0.061858002096414566,6.105825013946742e-05,1.2855368852615356,0.0,0.0
489,3.764270305633545,0.5498219132423401,24.84027671813965,9.486543655395508,0.672100305557251,56.17609405517578,1.230819821357727,1.2306861877441406,8.82,1.0372049808502197,0.018174968659877777,0.04628261923789978,11.296805381774902,0.0,0.0,0.3005782663822174,1.0124897926289123e-05,0.003261912614107132,0.7244887948036194,0.0,0.0,1.0909932851791382,0.4734111726284027,0.018814032897353172,0.3265509307384491,0.017559992149472237,0.6121342778205872,0.2963622808456421,0.021969176828861237,0.0007794293342158198,0.6371672749519348,1.0,0.0,0.878553569316864,0.20557625591754913,0.0005734105361625552,0.0196338202804327,0.0,0.0,0.34176334738731384,0.0607730895280838,6.00062521698419e-05,1.285086750984192,0.0,0.0
490,4.4715657234191895,0.33857813477516174,29.012693405151367,6.21451473236084,0.406017005443573,42.53767395019531,1.0747661590576172,1.0748761892318726,9.52,1.1060471534729004,0.04632514342665672,0.024551717564463615,6.029140472412109,0.0,0.0,0.30251166224479675,1.152452387032099e-05,0.011502030305564404,0.8382700085639954,0.0,0.0,1.2009022235870361,0.28655290603637695,0.020415544509887695,0.36093682050704956,0.01915663667023182,0.6547806262969971,0.2712820768356323,0.009740926325321198,0.0008622768800705671,0.42067110538482666,1.0,0.0,0.728436291217804,0.36863934993743896,0.0004649892507586628,0.01768580824136734,0.0,0.0,0.3501954674720764,0.040773358196020126,0.0001688804040895775,1.2630175352096558,0.0,0.0
491,2.7951979637145996,0.6820366382598877,26.594806671142578,3.083008289337158,0.45638737082481384,45.33501052856445,1.0006086826324463,0.9999961853027344,61.21,0.8817768692970276,0.005655888933688402,0.06199714541435242,16.335176467895508,0.0,0.0,0.32677629590034485,1.2918096217617858e-05,0.005280905403196812,0.6916021704673767,0.0,0.0,1.1208677291870117,0.4801391661167145,0.016558043658733368,0.20855958759784698,0.012402808293700218,0.35277029871940613,0.2784905731678009,0.014097388833761215,0.0005901555996388197,0.53611820936203,1.0,0.0,0.8532706499099731,0.24513018131256104,0.0005604750476777554,0.019779261201620102,0.0,0.0,0.349780797958374,0.055701661854982376,8.723230712348595e-05,1.2775992155075073,0.0,0.0
492,5.226855278015137,0.6086037755012512,38.962337493896484,4.328033924102783,0.6723129153251648,50.71542739868164,1.2455782890319824,1.2450799942016602,32.13,1.0404212474822998,0.007474133279174566,0.044919539242982864,13.291732788085938,0.0,0.0,0.2953973114490509,9.016544595397136e-07,0.002661743201315403,0.7099133133888245,0.0,0.0,1.0483323335647583,0.4528445303440094,0.014861680567264557,0.18431229889392853,0.011055337265133858,0.32374808192253113,0.30041924118995667,0.0240936316549778,0.0005505010485649109,0.730409562587738,1.0,0.0,0.8798819780349731,0.23344963788986206,0.0005508711328729987,0.019293595105409622,0.0,0.0,0.34075257182121277,0.05676637217402458,0.00012780034739989787,1.247477412223816,0.0,0.0
493,1.7980659008026123,0.5213152766227722,30.691110610961914,4.897096633911133,0.7419120669364929,50.334510803222656,1.2683266401290894,1.2695226669311523,74.28,0.8895611763000488,0.018925482407212257,0.07525192946195602,10.47213363647461,0.0,0.0,0.3214873969554901,8.786287799011916e-05,0.0019987556152045727,0.7264756560325623,0.0,0.0,0.9845547676086426,0.5597324967384338,0.01384985912591219,0.17406156659126282,0.009847145527601242,0.30503225326538086,0.30623048543930054,0.029145123437047005,0.0004973792820237577,0.8112050294876099,1.0,0.0,0.9526703953742981,0.16594120860099792,0.0006234206375665963,0.020447108894586563,0.0,0.0,0.34045109152793884,0.07244451344013214,5.403665272751823e-05,1.2778674364089966,0.0,0.0
494,4.50148868560791,0.8801459670066833,38.21113586425781,6.436629295349121,0.5861626863479614,52.586055755615234,1.2507215738296509,1.250659465789795,3.97,0.9035474061965942,0.014761630445718765,0.052313368767499924,17.498788833618164,0.0,0.0,0.34592607617378235,1.8213821022072807e-05,0.00337582896463573,0.5999161601066589,0.0,0.0,1.038311243057251,0.4072645604610443,0.01870168000459671,0.276013046503067,0.016416143625974655,0.5116351246833801,0.2913033962249756,0.01857774890959263,0.0007728701457381248,0.571203887462616,1.0,0.0,0.8478956818580627,0.24821141362190247,0.000531761150341481,0.019240591675043106,0.0,0.0,0.34311482310295105,0.04761527478694916,0.00015092018293216825,1.252848505973816,0.0,0.0
495,1.2509222030639648,0.006270145531743765,22.043140411376953,4.212481498718262,0.5479679703712463,58.99112319946289,1.0819766521453857,1.0785140991210938,296.72,1.1980657577514648,0.14501115679740906,0.01449304074048996,0.155980184674263,0.0,0.0,0.4169328212738037,0.0002690538240130991,0.005585324950516224,1.0149424076080322,0.0,0.0,1.1500734090805054,0.584218442440033,0.01803065836429596,0.2371334433555603,0.012520790100097656,0.4135238826274872,0.28582078218460083,0.01941688545048237,0.000494932581204921,0.6053401231765747,1.0,0.0,0.7875179648399353,0.2267027348279953,0.0005130630452185869,0.018106652423739433,0.0,0.0,0.3459766209125519,0.05411933735013008,8.025359420571476e-05,1.2933201789855957,0.0,0.0
496,3.323194742202759,0.05597366392612457,17.59870147705078,6.92584753036499,0.7366430163383484,47.159446716308594,1.1182496547698975,1.1279228925704956,766.93,1.1033999919891357,0.19740310311317444,0.0155647536739707,0.9931870698928833,0.0,0.0,0.361985445022583,0.00014452570758294314,0.0055699776858091354,0.9933394193649292,0.0,0.0,1.0587689876556396,0.5146178603172302,0.015323083847761154,0.2428303360939026,0.011782058514654636,0.4204985201358795,0.30125492811203003,0.027561211958527565,0.0005183175089769065,0.7798293828964233,1.0,0.0,0.8200421333312988,0.21133166551589966,0.0005379307549446821,0.018342845141887665,0.0,0.0,0.34180670976638794,0.061538033187389374,6.939291051821783e-05,1.2877426147460938,0.0,0.0
497,1.8797316551208496,0.24908587336540222,15.329621315002441,9.43248462677002,0.5839457511901855,54.656307220458984,1.0499773025512695,1.0467337369918823,295.13,1.066447138786316,0.07506849616765976,0.034483786672353745,3.3073644638061523,0.0,0.0,0.33588898181915283,8.236848952947184e-05,0.007547728251665831,0.880396842956543,0.0,0.0,1.1698781251907349,0.388081431388855,0.0208100788295269,0.4210275709629059,0.019602667540311813,0.753035843372345,0.2825004458427429,0.0170095544308424,0.0007298553828150034,0.5717297792434692,1.0,0.0,0.7836757898330688,0.2558440864086151,0.0004994117771275342,0.01814994029700756,0.0,0.0,0.3430676758289337,0.04671671241521835,0.00011391927546355873,1.2821580171585083,0.0,0.0
498,4.261786460876465,0.16182772815227509,17.702354431152344,9.003029823303223,0.711327075958252,51.82915496826172,1.1126688718795776,1.1122345924377441,35.09,1.1403260231018066,0.1245151087641716,0.019173908978700638,2.787177562713623,0.0,0.0,0.32309049367904663,7.865582301747054e-05,0.005603053141385317,0.9337367415428162,0.0,0.0,1.0882298946380615,0.43080762028694153,0.017125627025961876,0.3086847960948944,0.014898092485964298,0.5551570653915405,0.29782453179359436,0.024201838299632072,0.0006249250145629048,0.7145155668258667,1.0,0.0,0.8339189291000366,0.2214788794517517,0.0005434014019556344,0.01879812590777874,0.0,0.0,0.3418642580509186,0.05797836184501648,7.276130781974643e-05,1.2865818738937378,0.0,0.0
499,4.094543933868408,0.7974686622619629,29.338088989257812,8.600567817687988,0.436923623085022,59.73509216308594,1.1344207525253296,1.1327954530715942,126.48,0.9180553555488586,0.010740558616816998,0.04617631435394287,17.792207717895508,0.0,0.0,0.3352062404155731,3.716889523275313e-06,0.00543074868619442,0.6354668140411377,0.0,0.0,1.1795005798339844,0.3557896614074707,0.02241702377796173,0.4373767375946045,0.022967854514718056,0.8315047025680542,0.27233338356018066,0.009962444193661213,0.0009946192149072886,0.41339176893234253,1.0,0.0,0.803558886051178,0.2744539976119995,0.0005224027554504573,0.019070353358983994,0.0,0.0,0.3479173481464386,0.04725748300552368,8.156216063071042e-05,1.2878015041351318,0.0,0.0
500,4.337907791137695,0.5416510105133057,25.77493667602539,3.0040438175201416,0.6040751934051514,55.75275421142578,1.0432815551757812,1.0426081418991089,61.91,1.0287705659866333,0.018130289390683174,0.04405105859041214,11.852133750915527,0.0,0.0,0.3002052307128906,8.97800964594353e-06,0.002941286889836192,0.7351903915405273,0.0,0.0,1.0957096815109253,0.6215132474899292,0.014958797954022884,0.17107483744621277,0.009921373799443245,0.28370043635368347,0.29283419251441956,0.021573785692453384,0.00047165158321149647,0.6964475512504578,1.0,0.0,0.9346866607666016,0.17984071373939514,0.0006225344259291887,0.02063337154686451,0.0,0.0,0.3449932634830475,0.07162250578403473,4.645773151423782e-05,1.2890424728393555,0.0,0.0
501,1.3323858976364136,0.3626917600631714,31.0687198638916,6.098796367645264,0.673046886920929,45.288978576660156,1.279675006866455,1.2790127992630005,40.46,0.874263346195221,0.04369308426976204,0.06404615938663483,6.408831596374512,0.0,0.0,0.3372405767440796,0.00012690539006143808,0.00377177563495934,0.8008013367652893,0.0,0.0,0.9937363266944885,0.45554375648498535,0.016673291102051735,0.23455636203289032,0.013676547445356846,0.4206206798553467,0.2996484339237213,0.02447751723229885,0.0006586649105884135,0.6850826740264893,1.0,0.0,0.8565245866775513,0.22087274491786957,0.0005513099022209644,0.01908254250884056,0.0,0.0,0.3418225347995758,0.05637626349925995,0.00010348820796934888,1.2626378536224365,0.0,0.0
502,5.8520636558532715,0.398829847574234,33.46949005126953,6.671148300170898,0.7060717344284058,59.76909637451172,1.2835947275161743,1.2819737195968628,98.51,1.1700767278671265,0.03977915644645691,0.030123675242066383,7.516998767852783,0.0,0.0,0.28689756989479065,8.858752948981419e-07,0.003302881959825754,0.806694746017456,0.0,0.0,1.088643193244934,0.4906878173351288,0.01625642739236355,0.22806210815906525,0.013370136730372906,0.4201739430427551,0.30278852581977844,0.025224855169653893,0.0006595923332497478,0.7158876657485962,1.0,0.0,0.8855020403862,0.20790815353393555,0.0005818347563035786,0.019578631967306137,0.0,0.0,0.3409520387649536,0.06542866677045822,6.009256685501896e-05,1.2832978963851929,0.0,0.0
503,4.021823883056641,0.5797195434570312,20.342695236206055,7.274672985076904,0.4876120388507843,55.38684844970703,1.028936505317688,1.025702953338623,306.39,1.0667152404785156,0.013736283406615257,0.03918538987636566,11.468613624572754,0.0,0.0,0.3026622533798218,9.272791317016527e-07,0.005856499541550875,0.7207688689231873,0.0,0.0,1.2411808967590332,0.384747713804245,0.020351722836494446,0.39006954431533813,0.019255947321653366,0.7086880207061768,0.2750186324119568,0.012473184615373611,0.0007848022505640984,0.4959138333797455,1.0,0.0,0.808987021446228,0.2704489827156067,0.0005205855704843998,0.01894172839820385,0.0,0.0,0.34609171748161316,0.04874151572585106,8.928897295845672e-05,1.2862787246704102,0.0,0.0
504,5.9524078369140625,0.1516534686088562,30.086524963378906,6.420048713684082,0.7357508540153503,44.01939392089844,1.263850450515747,1.2642178535461426,22.99,1.1642986536026,0.12349750101566315,0.022702038288116455,2.574747085571289,0.0,0.0,0.3119036555290222,6.022517118253745e-05,0.004581080749630928,0.9426778554916382,0.0,0.0,1.0167500972747803,0.4297347068786621,0.015138871036469936,0.2098880261182785,0.011927345767617226,0.3793090283870697,0.30571460723876953,0.0272170752286911,0.0005957141402177513,0.7653210163116455,1.0,0.0,0.839073896408081,0.2291775345802307,0.000539835134986788,0.01854298636317253,0.0,0.0,0.34057363867759705,0.060524165630340576,0.00010359324369346723,1.2614974975585938,0.0,0.0
505,5.905554294586182,0.9342727065086365,25.313554763793945,3.4666247367858887,0.6216264367103577,67.58732604980469,1.0328121185302734,1.0313100814819336,141.02,0.8187600374221802,0.021074898540973663,0.050693362951278687,23.401264190673828,0.0,0.0,0.35957929491996765,3.72894573956728e-05,0.0015678200870752335,0.5889342427253723,0.0,0.0,1.038081407546997,0.6205845475196838,0.014969862066209316,0.18368956446647644,0.010282853618264198,0.3101288378238678,0.2928158938884735,0.021964088082313538,0.00048027653247117996,0.707673192024231,1.0,0.0,0.9601912498474121,0.16314314305782318,0.0006363129359669983,0.021013986319303513,0.0,0.0,0.3441257178783417,0.07094581425189972,4.347577487351373e-05,1.288772702217102,0.0,0.0
506,2.8949813842773438,0.895225465297699,25.004674911499023,2.937270402908325,0.734912097454071,41.82695388793945,1.083575963973999,1.084444284439087,73.89,0.8043435215950012,0.023041116073727608,0.0843556672334671,19.822246551513672,0.0,0.0,0.34840336441993713,4.0329174225917086e-05,0.0020060744136571884,0.5857058167457581,0.0,0.0,0.9814521670341492,0.5488358736038208,0.012128343805670738,0.12817448377609253,0.006757296621799469,0.20419178903102875,0.3046708405017853,0.029473986476659775,0.00034031696850433946,0.8704206347465515,1.0,0.0,1.0036938190460205,0.1424919068813324,0.0006512656109407544,0.021284496411681175,0.0,0.0,0.341841459274292,0.07718781381845474,5.2821847930317745e-05,1.2762672901153564,0.0,0.0
507,1.4656543731689453,0.5731781721115112,34.65568542480469,8.587076187133789,0.4281366169452667,52.21384811401367,1.195745587348938,1.1954963207244873,17.44,0.8958891034126282,0.011046627536416054,0.06270739436149597,11.03984546661377,0.0,0.0,0.3277033269405365,1.7302851119893603e-05,0.007350889965891838,0.7192192077636719,0.0,0.0,1.137040138244629,0.3069867491722107,0.022709546610713005,0.42098474502563477,0.023720087483525276,0.8025621771812439,0.27346640825271606,0.009417160414159298,0.0010796203278005123,0.38758358359336853,1.0,0.0,0.7674956321716309,0.31618523597717285,0.0004916624748148024,0.018443914130330086,0.0,0.0,0.3490423560142517,0.04245178401470184,0.00014011403254698962,1.2711000442504883,0.0,0.0
508,4.701624870300293,0.26548710465431213,34.260379791259766,4.675002098083496,0.5120844841003418,40.00022888183594,1.1318577527999878,1.1311371326446533,56.29,1.091964602470398,0.06256617605686188,0.025797396898269653,4.790524482727051,0.0,0.0,0.308184415102005,4.41783013229724e-05,0.008307765237987041,0.8783621191978455,0.0,0.0,1.0674090385437012,0.310508131980896,0.017820002511143684,0.24980506300926208,0.014888150617480278,0.4520847201347351,0.2852640748023987,0.015522451139986515,0.000716782349627465,0.536635160446167,1.0,0.0,0.7403285503387451,0.35316064953804016,0.0004617377126123756,0.017280887812376022,0.0,0.0,0.3467545807361603,0.04349345713853836,0.0002393442700849846,1.2326260805130005,0.0,0.0
509,5.39510440826416,0.3206724226474762,40.750648498535156,8.428132057189941,0.5742024183273315,56.95943069458008,1.288167119026184,1.2891484498977661,59.09,1.162333369255066,0.04900236800312996,0.023726368322968483,5.532349109649658,0.0,0.0,0.29203152656555176,4.6971867959655356e-06,0.006886455230414867,0.8395628929138184,0.0,0.0,1.098708987236023,0.2940535247325897,0.020480429753661156,0.3280388414859772,0.019930969923734665,0.6267731785774231,0.2893933653831482,0.016392450779676437,0.0009469926590099931,0.5157837867736816,1.0,0.0,0.7616339921951294,0.3308497667312622,0.00047928481944836676,0.01764558255672455,0.0,0.0,0.34254002571105957,0.04461843892931938,0.0001805963838705793,1.2497529983520508,0.0,0.0
510,4.133283615112305,0.3373740613460541,25.5218448638916,6.341846466064453,0.6869070529937744,43.6463623046875,1.2026253938674927,1.2043391466140747,118.32,1.0790867805480957,0.05389188602566719,0.033286213874816895,5.984481334686279,0.0,0.0,0.3029273748397827,4.33584900747519e-05,0.004239711910486221,0.8292529582977295,0.0,0.0,1.0539371967315674,0.4292391836643219,0.016187788918614388,0.24097804725170135,0.01318876352161169,0.4343949854373932,0.29951801896095276,0.02412888966500759,0.0006257291533984244,0.7093057632446289,1.0,0.0,0.8612619638442993,0.22411194443702698,0.000558326137252152,0.019242435693740845,0.0,0.0,0.34212782979011536,0.0593147873878479,8.565603638999164e-05,1.2723830938339233,0.0,0.0
511,3.6492881774902344,0.6270269155502319,19.187026977539062,4.94620418548584,0.7461799383163452,40.831085205078125,1.072679042816162,1.0718858242034912,68.99,0.9982727766036987,0.00592273473739624,0.05596045404672623,12.475482940673828,0.0,0.0,0.3037479519844055,6.7718938225880265e-06,0.0024257695768028498,0.6978998780250549,0.0,0.0,1.0593159198760986,0.5421498417854309,0.013042192906141281,0.18321873247623444,0.009171029552817345,0.31445565819740295,0.3023211658000946,0.027564087882637978,0.0004449631960596889,0.836010217666626,1.0,0.0,0.9575983881950378,0.16919955611228943,0.0006171789136715233,0.02068517915904522,0.0,0.0,0.34172409772872925,0.07133758813142776,5.289294131216593e-05,1.282453179359436,0.0,0.0
512,2.4102165699005127,0.05719887465238571,33.65395736694336,8.505627632141113,0.41103923320770264,46.75108337402344,1.1785422563552856,1.1808478832244873,165.67,0.9720029830932617,0.12017130851745605,0.013399134390056133,2.5504941940307617,0.0,0.0,0.3691311478614807,0.00013934772869106382,0.012885571457445621,0.9770053029060364,0.0,0.0,1.103339672088623,0.2437867671251297,0.022810140624642372,0.42986488342285156,0.023781009018421173,0.8155014514923096,0.27159589529037476,0.008879708126187325,0.0010634746868163347,0.37820833921432495,1.0,0.0,0.6747789978981018,0.40705281496047974,0.0004324593173805624,0.016572503373026848,0.0,0.0,0.34949153661727905,0.03813447058200836,0.0001820205943658948,1.2586870193481445,0.0,0.0
513,4.139751434326172,0.3275092840194702,28.545305252075195,5.176867961883545,0.6904086470603943,45.35346984863281,1.212246298789978,1.2115675210952759,46.22,1.0777945518493652,0.0579502247273922,0.03334789723157883,5.8576979637146,0.0,0.0,0.30503836274147034,5.508964022737928e-05,0.003763512708246708,0.834136426448822,0.0,0.0,1.0415446758270264,0.46092644333839417,0.015332271344959736,0.2048359364271164,0.011559717357158661,0.36318033933639526,0.301215797662735,0.025198960676789284,0.0005668396479450166,0.7369736433029175,1.0,0.0,0.8779705166816711,0.21244147419929504,0.0005710021359845996,0.019437210634350777,0.0,0.0,0.341988205909729,0.06247851625084877,8.362305379705504e-05,1.2695854902267456,0.0,0.0
514,4.561684608459473,0.3985256850719452,29.877052307128906,5.9579854011535645,0.7046123147010803,47.53656005859375,1.247324824333191,1.248219609260559,57.47,1.0994316339492798,0.03922140970826149,0.03558456152677536,7.368762969970703,0.0,0.0,0.2955668568611145,2.293372199346777e-05,0.0035555758513510227,0.7987571954727173,0.0,0.0,1.048587441444397,0.46133506298065186,0.015586268156766891,0.2163465917110443,0.012345582246780396,0.3911515176296234,0.3024213910102844,0.02544492483139038,0.0006092336843721569,0.7337383031845093,1.0,0.0,0.8824965357780457,0.2121446281671524,0.0005713170394301414,0.019477631896734238,0.0,0.0,0.3412175476551056,0.06222863867878914,8.329612319357693e-05,1.2693827152252197,0.0,0.0
515,3.9700260162353516,0.32409459352493286,23.674684524536133,8.638071060180664,0.6829929351806641,55.565162658691406,1.2142460346221924,1.2124242782592773,123.75,1.1050478219985962,0.059870123863220215,0.0306717436760664,5.7107439041137695,0.0,0.0,0.30473384261131287,4.8617919674143195e-05,0.004198424052447081,0.8357309699058533,0.0,0.0,1.0748581886291504,0.46069416403770447,0.017995918169617653,0.30257898569107056,0.01608944870531559,0.5617181062698364,0.2976697087287903,0.023100797086954117,0.0007192253833636642,0.6653985381126404,1.0,0.0,0.8680890202522278,0.20612631738185883,0.0005710148834623396,0.019406519830226898,0.0,0.0,0.3419003188610077,0.06216179579496384,5.867976869922131e-05,1.2865653038024902,0.0,0.0
516,1.0680660009384155,0.5135226845741272,17.430091857910156,5.993175506591797,0.7817956805229187,44.28999710083008,1.1394938230514526,1.1384369134902954,81.47,0.9014759063720703,0.018910711631178856,0.07920175045728683,8.238218307495117,0.0,0.0,0.32863959670066833,9.535598655929789e-05,0.0028041861951351166,0.7444817423820496,0.0,0.0,1.0256601572036743,0.5298905968666077,0.013097025454044342,0.19164231419563293,0.009431524202227592,0.33052653074264526,0.3051467835903168,0.030554458498954773,0.0004562741087283939,0.8588187098503113,1.0,0.0,0.9552809596061707,0.15541474521160126,0.0006196321919560432,0.02056252397596836,0.0,0.0,0.34075474739074707,0.07092716544866562,4.9398320697946474e-05,1.2863314151763916,0.0,0.0
517,2.2357699871063232,0.7316449880599976,26.550771713256836,3.885263204574585,0.6218072772026062,57.36532211303711,1.1345938444137573,1.135034441947937,34.21,0.8255757689476013,0.004981479607522488,0.08085285127162933,16.88402557373047,0.0,0.0,0.33105722069740295,3.445239781285636e-05,0.001965743023902178,0.653636634349823,0.0,0.0,1.037287712097168,0.6235944032669067,0.015566863119602203,0.1955977827310562,0.01123496051877737,0.33668336272239685,0.29449793696403503,0.022669803351163864,0.0005281954072415829,0.690833330154419,1.0,0.0,0.9566018581390381,0.16330818831920624,0.0006363697466440499,0.020970672369003296,0.0,0.0,0.3442491888999939,0.0718754380941391,3.9138518332038075e-05,1.2917934656143188,0.0,0.0
518,4.150643825531006,0.05972589924931526,22.794286727905273,9.918028831481934,0.6782205700874329,55.56222152709961,1.223490834236145,1.222685694694519,53.82,1.0974525213241577,0.17565590143203735,0.012603428214788437,2.076590061187744,0.0,0.0,0.3459222912788391,0.00011747459939215332,0.00667743431404233,0.9826507568359375,0.0,0.0,1.0635653734207153,0.41847890615463257,0.01915067806839943,0.33893412351608276,0.017502151429653168,0.6211031675338745,0.2970169484615326,0.022939711809158325,0.0007459525368176401,0.6459569334983826,1.0,0.0,0.7987745404243469,0.23558944463729858,0.0005278752068988979,0.01818804442882538,0.0,0.0,0.3420751988887787,0.05725649371743202,7.20993775757961e-05,1.2868778705596924,0.0,0.0
519,4.034961700439453,0.3968331217765808,33.183170318603516,4.135704517364502,0.7038814425468445,59.24200439453125,1.2239686250686646,1.2234599590301514,33.97,1.0725997686386108,0.045690491795539856,0.03726353496313095,7.447216510772705,0.0,0.0,0.3022548258304596,5.152458106749691e-05,0.002393438946455717,0.8000204563140869,0.0,0.0,1.0428019762039185,0.5813062191009521,0.0142638199031353,0.17021878063678741,0.009777247905731201,0.2941526174545288,0.3033417761325836,0.027079707011580467,0.00048604351468384266,0.7816307544708252,1.0,0.0,0.9336403608322144,0.17738033831119537,0.0006233993335627019,0.0202872846275568,0.0,0.0,0.34169527888298035,0.07485517114400864,4.230581544106826e-05,1.2889357805252075,0.0,0.0
520,2.6868841648101807,0.5140080451965332,33.91605758666992,3.9578609466552734,0.6107237935066223,49.39745330810547,1.1924161911010742,1.1912596225738525,81.42,0.9437118172645569,0.01754177361726761,0.058103084564208984,10.499632835388184,0.0,0.0,0.31355053186416626,4.8637517465977e-05,0.003223509294912219,0.7428542971611023,0.0,0.0,1.0369611978530884,0.4695156514644623,0.015853241086006165,0.1958906352519989,0.01171258557587862,0.34219181537628174,0.29503512382507324,0.02151426486670971,0.0005728781106881797,0.666886568069458,1.0,0.0,0.8768062591552734,0.2243666797876358,0.0005688778473995626,0.019608477130532265,0.0,0.0,0.34407222270965576,0.05916932597756386,9.417225373908877e-05,1.2656824588775635,0.0,0.0
521,3.6649577617645264,0.7437017560005188,28.814769744873047,8.052221298217773,0.6554001569747925,43.966888427734375,1.2516194581985474,1.251306176185608,20.0,0.9238727688789368,0.009429290890693665,0.058640241622924805,16.904874801635742,0.0,0.0,0.32005366683006287,1.0160911187995225e-05,0.0036862059496343136,0.6387287974357605,0.0,0.0,1.0405607223510742,0.4263244569301605,0.018271343782544136,0.2952078580856323,0.01671355403959751,0.5517137050628662,0.2963119447231293,0.021509747952222824,0.0007732145022600889,0.6286724805831909,1.0,0.0,0.8621397018432617,0.2284863293170929,0.0005458974046632648,0.01929655484855175,0.0,0.0,0.3419071435928345,0.05363193526864052,0.00010926840332103893,1.2623062133789062,0.0,0.0
522,2.6194887161254883,0.8724390864372253,30.457406997680664,3.2435264587402344,0.5994247794151306,53.5064582824707,1.124517798423767,1.1213910579681396,247.95,0.7665534615516663,0.01415330357849598,0.0825895294547081,21.406442642211914,0.0,0.0,0.35231244564056396,3.9566715713590384e-05,0.001970002194866538,0.6038736701011658,0.0,0.0,1.017706036567688,0.6367932558059692,0.015362616628408432,0.17726558446884155,0.010574936866760254,0.30078399181365967,0.2937542200088501,0.02177983708679676,0.0005076663801446557,0.6795811653137207,1.0,0.0,0.9364415407180786,0.17922736704349518,0.0006210061255842447,0.02070562168955803,0.0,0.0,0.3450738191604614,0.0678458958864212,5.2556955779436976e-05,1.2841778993606567,0.0,0.0
523,5.859381675720215,0.23633548617362976,27.034048080444336,7.912020683288574,0.7069430947303772,44.199588775634766,1.239410638809204,1.2402594089508057,55.22,1.1777516603469849,0.08358531445264816,0.026126226410269737,4.033429145812988,0.0,0.0,0.29874223470687866,3.1144223612500355e-05,0.005109649617224932,0.8912354111671448,0.0,0.0,1.056463360786438,0.4043635129928589,0.016794411465525627,0.26423144340515137,0.014531395398080349,0.4874981641769409,0.3015371561050415,0.024451838806271553,0.0006850779172964394,0.7026354074478149,1.0,0.0,0.8298000693321228,0.23932813107967377,0.0005345001700334251,0.018603267148137093,0.0,0.0,0.34141552448272705,0.057457730174064636,9.928568761097267e-05,1.268704891204834,0.0,0.0
524,3.476337194442749,0.1649952232837677,32.735599517822266,3.992121934890747,0.6894904375076294,45.82773208618164,1.2184042930603027,1.2173118591308594,73.65,1.0076401233673096,0.12620964646339417,0.02656802348792553,2.8751986026763916,0.0,0.0,0.33922332525253296,0.00014433542673941702,0.0038032191805541515,0.9205521941184998,0.0,0.0,0.9956730008125305,0.46529942750930786,0.014474427327513695,0.171173557639122,0.0098801851272583,0.2926534414291382,0.3024040460586548,0.02641613781452179,0.0004894320736639202,0.7655727863311768,1.0,0.0,0.8501389026641846,0.22207550704479218,0.0005529862828552723,0.018771067261695862,0.0,0.0,0.34182360768318176,0.06208290904760361,9.91517081274651e-05,1.2607959508895874,0.0,0.0
525,1.576021671295166,0.7681152820587158,34.540897369384766,8.190725326538086,0.5110415816307068,58.38264083862305,1.2366572618484497,1.238063931465149,91.88,0.78328537940979,0.006191564258188009,0.08162788301706314,17.013687133789062,0.0,0.0,0.3431282043457031,2.447375482006464e-05,0.0026832534931600094,0.6359650492668152,0.0,0.0,1.06975519657135,0.41309183835983276,0.02138974331319332,0.36503639817237854,0.02123110368847847,0.6996346712112427,0.28275734186172485,0.013897854834794998,0.0009759181994013488,0.46472403407096863,1.0,0.0,0.8368926048278809,0.24603313207626343,0.0005441842367872596,0.01941821537911892,0.0,0.0,0.346186101436615,0.05104915425181389,8.083839202299714e-05,1.281626582145691,0.0,0.0
526,2.1325953006744385,0.6653519868850708,21.34925079345703,5.768990993499756,0.7731372714042664,48.4281005859375,1.1832051277160645,1.182477593421936,52.0,0.8789405822753906,0.006552837323397398,0.07919461280107498,14.142916679382324,0.0,0.0,0.31999921798706055,4.4648975745076314e-05,0.002096453681588173,0.6743324398994446,0.0,0.0,1.0097332000732422,0.53848797082901,0.01327599585056305,0.1872127503156662,0.009666173718869686,0.3245816230773926,0.30601635575294495,0.03021242283284664,0.0004811599792446941,0.8447723984718323,1.0,0.0,0.9870582818984985,0.14724849164485931,0.0006448610220104456,0.021097980439662933,0.0,0.0,0.3406718075275421,0.07517266273498535,4.058322883793153e-05,1.2874187231063843,0.0,0.0
527,2.2315313816070557,0.7836804389953613,43.69882583618164,3.240436315536499,0.5101943612098694,51.94335174560547,1.1514396667480469,1.1499348878860474,113.65,0.7819575071334839,0.0032150442712008953,0.083412304520607,18.33220672607422,0.0,0.0,0.34177595376968384,1.8580480173113756e-05,0.002527983160689473,0.6537944078445435,0.0,0.0,1.0185041427612305,0.4342367649078369,0.015989672392606735,0.19369882345199585,0.012112073600292206,0.33398541808128357,0.2856253981590271,0.015947554260492325,0.0006064296467229724,0.5774596333503723,1.0,0.0,0.8329978585243225,0.275319904088974,0.0005180922453291714,0.018966514617204666,0.0,0.0,0.34709733724594116,0.0484887957572937,0.00017580046551302075,1.238036870956421,0.0,0.0
528,4.373542308807373,0.5096365213394165,23.20975685119629,5.0571184158325195,0.7303857803344727,40.39268112182617,1.1413764953613281,1.1428200006484985,110.67,1.062463402748108,0.018646150827407837,0.04484426602721214,9.911494255065918,0.0,0.0,0.2944737672805786,6.565963758475846e-06,0.00288979965262115,0.7493420839309692,0.0,0.0,1.0631812810897827,0.5263411402702332,0.01385266613215208,0.19024638831615448,0.009937893599271774,0.32812753319740295,0.3028395175933838,0.02702150121331215,0.0004891001735813916,0.8033458590507507,1.0,0.0,0.920653760433197,0.19000960886478424,0.0005921244155615568,0.020101401954889297,0.0,0.0,0.34171226620674133,0.06603012979030609,7.227464811876416e-05,1.2742081880569458,0.0,0.0
529,4.090617656707764,0.2243451029062271,24.22279930114746,4.527192115783691,0.7061238884925842,41.19892501831055,1.1450716257095337,1.144317865371704,57.52,1.0724353790283203,0.10576050728559494,0.027428463101387024,3.7020347118377686,0.0,0.0,0.3188076615333557,8.798122144071385e-05,0.0039172000251710415,0.8925685882568359,0.0,0.0,1.0321216583251953,0.48177865147590637,0.014261608943343163,0.18450024724006653,0.009954295121133327,0.3162924349308014,0.30182084441185,0.026430396363139153,0.00048377973143942654,0.7827069759368896,1.0,0.0,0.8659977316856384,0.21109361946582794,0.0005651269457302988,0.01915811002254486,0.0,0.0,0.3424140214920044,0.06432664394378662,7.847443339414895e-05,1.2737457752227783,0.0,0.0
530,3.6958601474761963,0.10593800246715546,33.61885452270508,4.997586727142334,0.6877427101135254,41.852027893066406,1.25883150100708,1.2569267749786377,120.38,1.0012166500091553,0.14552262425422668,0.021844476461410522,1.9973101615905762,0.0,0.0,0.34726861119270325,0.00013722894072998315,0.00502757728099823,0.9549965858459473,0.0,0.0,0.9737997055053711,0.39289993047714233,0.015326033346354961,0.19648496806621552,0.011560788378119469,0.3481515347957611,0.3020575940608978,0.02546064741909504,0.0005713163409382105,0.7316420674324036,1.0,0.0,0.7970277070999146,0.26283353567123413,0.0005060434923507273,0.01774938777089119,0.0,0.0,0.34114381670951843,0.054174162447452545,0.00015022682782728225,1.2425761222839355,0.0,0.0
531,3.0816211700439453,0.3840809166431427,37.58914566040039,3.048386573791504,0.6677529215812683,57.87929916381836,1.190211534500122,1.191410779953003,84.57,1.0003546476364136,0.04787701740860939,0.04536161571741104,7.155581474304199,0.0,0.0,0.3148193955421448,9.027848136611283e-05,0.0019850577227771282,0.805849552154541,0.0,0.0,1.026297926902771,0.5907843112945557,0.013943525962531567,0.15300515294075012,0.008844329975545406,0.2548983097076416,0.30046892166137695,0.025698641315102577,0.00042805782868526876,0.7691875696182251,1.0,0.0,0.9243775606155396,0.18488448858261108,0.0006125014624558389,0.020133057609200478,0.0,0.0,0.34243860840797424,0.071840301156044,5.746319948229939e-05,1.2797176837921143,0.0,0.0
532,5.060056686401367,0.7149888873100281,24.78437614440918,3.722379207611084,0.6008667945861816,45.573184967041016,1.0492522716522217,1.04966139793396,37.15,0.9815912842750549,0.004093318711966276,0.047842878848314285,16.825178146362305,0.0,0.0,0.3125433325767517,1.059414103110612e-06,0.002795366570353508,0.6632944345474243,0.0,0.0,1.1063610315322876,0.5561135411262512,0.015371263027191162,0.19928091764450073,0.011226844973862171,0.3421473205089569,0.29113322496414185,0.02032891847193241,0.0005247278022579849,0.6743170619010925,1.0,0.0,0.9098232388496399,0.200785830616951,0.0005907482118345797,0.020263953134417534,0.0,0.0,0.34497302770614624,0.06389865279197693,6.871290679555386e-05,1.279017686843872,0.0,0.0
533,5.0174970626831055,0.847282886505127,22.361433029174805,9.954797744750977,0.5210751891136169,42.34396743774414,1.0890177488327026,1.0890583992004395,3.43,0.9178341627120972,0.015839215368032455,0.04184183478355408,17.929189682006836,0.0,0.0,0.3434603810310364,4.106586493435316e-05,0.006057172082364559,0.610305666923523,0.0,0.0,1.1460731029510498,0.3551913797855377,0.021964283660054207,0.4607090353965759,0.022427286952733994,0.8580965995788574,0.2771112620830536,0.012960541993379593,0.0008809112478047609,0.49430206418037415,1.0,0.0,0.8022216558456421,0.2642723619937897,0.0005093035870231688,0.018763907253742218,0.0,0.0,0.345639705657959,0.04646771401166916,0.00010375515557825565,1.2811236381530762,0.0,0.0
534,1.1846747398376465,0.30784812569618225,20.449317932128906,9.430404663085938,0.6574441194534302,43.239707946777344,1.202975869178772,1.2000224590301514,204.59,0.95438551902771,0.05825723335146904,0.05102863907814026,4.489307403564453,0.0,0.0,0.3405918478965759,0.00010808390652528033,0.006065884605050087,0.8364568948745728,0.0,0.0,1.0728576183319092,0.43410417437553406,0.01940220221877098,0.3463805615901947,0.017947856336832047,0.6321021318435669,0.2935481071472168,0.021743355318903923,0.0007519448990933597,0.6278199553489685,1.0,0.0,0.8096078038215637,0.23585067689418793,0.0005222306936047971,0.018458325415849686,0.0,0.0,0.3424369990825653,0.05196487158536911,9.714715270092711e-05,1.280074119567871,0.0,0.0
535,5.452348709106445,0.9566763043403625,35.553199768066406,6.164996147155762,0.7414120435714722,49.31279754638672,1.2996493577957153,1.299506425857544,8.46,0.8156383037567139,0.028756843879818916,0.05639759078621864,22.21550750732422,0.0,0.0,0.35906097292900085,3.469242437859066e-05,0.0018173879943788052,0.5701541304588318,0.0,0.0,0.962468147277832,0.5181296467781067,0.014878923073410988,0.1993456929922104,0.0115275289863348,0.3589910566806793,0.30568379163742065,0.027788545936346054,0.0005766737158410251,0.7734820246696472,1.0,0.0,0.9240164160728455,0.1887253224849701,0.0005820796359330416,0.019950659945607185,0.0,0.0,0.3388156592845917,0.05953788757324219,9.834406955633312e-05,1.2553380727767944,0.0,0.0
536,2.9225151538848877,0.6933251023292542,24.903934478759766,9.83941650390625,0.738709032535553,54.25181198120117,1.2822837829589844,1.2823659181594849,4.99,0.908771276473999,0.01048946287482977,0.06666013598442078,15.366045951843262,0.0,0.0,0.3170662224292755,2.6703153707785532e-05,0.0020736847072839737,0.6596928834915161,0.0,0.0,1.0252978801727295,0.5562330484390259,0.017134759575128555,0.2828131914138794,0.015572872944176197,0.5278567671775818,0.3030548095703125,0.02610081061720848,0.0007202395354397595,0.7102457284927368,1.0,0.0,0.926773726940155,0.17693834006786346,0.0006040018051862717,0.02025747112929821,0.0,0.0,0.34031763672828674,0.06557951122522354,5.187493661651388e-05,1.2838902473449707,0.0,0.0
537,3.090270757675171,0.20457245409488678,33.85578536987305,3.4734039306640625,0.6337465047836304,51.1214714050293,1.1829371452331543,1.181628942489624,93.59,0.9839181900024414,0.10558582097291946,0.030464662238955498,3.6117799282073975,0.0,0.0,0.3380674421787262,0.00015432671352755278,0.003619913710281253,0.8988404273986816,0.0,0.0,1.0177937746047974,0.482646644115448,0.015141340903937817,0.17431014776229858,0.010295327752828598,0.29692378640174866,0.2974868416786194,0.023514382541179657,0.0005022960249334574,0.7103540897369385,1.0,0.0,0.8541005849838257,0.22274306416511536,0.0005652468535117805,0.01907999999821186,0.0,0.0,0.3437236547470093,0.06318335980176926,8.133861410897225e-05,1.2719471454620361,0.0,0.0
538,4.522096157073975,0.7185782790184021,38.31475067138672,9.414555549621582,0.4690583050251007,51.43014144897461,1.2250571250915527,1.2234179973602295,109.37,1.0117931365966797,0.01077550370246172,0.04089789092540741,14.085697174072266,0.0,0.0,0.318063884973526,8.847304115988663e-07,0.007715032901614904,0.6576359272003174,0.0,0.0,1.1420258283615112,0.2691466510295868,0.022799644619226456,0.42040157318115234,0.024089086800813675,0.8085945248603821,0.2774803042411804,0.010680114850401878,0.0010907204123213887,0.4068073332309723,1.0,0.0,0.7477924823760986,0.3581490218639374,0.0004604235873557627,0.01779850758612156,0.0,0.0,0.3461989462375641,0.0377412810921669,0.00022360836737789214,1.2464475631713867,0.0,0.0
539,2.520167827606201,0.9550225734710693,25.439729690551758,5.519534111022949,0.6051059365272522,46.7672119140625,1.1559369564056396,1.1565749645233154,47.72,1.1854087114334106,0.017608394846320152,0.047188930213451385,4.953788757324219,0.0,0.0,0.371488094329834,5.0180744437966496e-05,0.00439803209155798,0.572855532169342,0.0,0.0,1.134706974029541,0.6195746064186096,0.01810082420706749,0.255001038312912,0.013714970089495182,0.4632958769798279,0.29140350222587585,0.02080991305410862,0.0005666821380145848,0.6301116943359375,1.0,0.0,0.8788703083992004,0.1943182349205017,0.0005536115495488048,0.019720260053873062,0.0,0.0,0.34440699219703674,0.05409770458936691,0.0001061856746673584,1.2810684442520142,0.0,0.0
540,1.4002468585968018,0.06646842509508133,26.564149856567383,7.3175811767578125,0.4961574375629425,43.65324783325195,1.1637338399887085,1.1619279384613037,133.56,0.9427952766418457,0.12290991097688675,0.023784495890140533,1.5225800275802612,0.0,0.0,0.38750573992729187,0.0001933901512529701,0.010152542032301426,0.9718930125236511,0.0,0.0,1.0906479358673096,0.3437735438346863,0.021187162026762962,0.3643130362033844,0.01963101513683796,0.6689147353172302,0.2801336944103241,0.014164051972329617,0.0008400650694966316,0.4794396460056305,1.0,0.0,0.7205190658569336,0.31945815682411194,0.00046842943993397057,0.017231347039341927,0.0,0.0,0.347223699092865,0.044135965406894684,0.00013634531933348626,1.2738875150680542,0.0,0.0
541,3.410775661468506,0.9980552792549133,40.32093048095703,3.042966842651367,0.4012511372566223,54.043941497802734,1.0460041761398315,1.0457030534744263,27.53,0.7030261158943176,0.022863414138555527,0.0673452839255333,23.659175872802734,0.0,0.0,0.3924582004547119,6.146127998363227e-05,0.003673501778393984,0.6037829518318176,0.0,0.0,1.0467036962509155,0.45918914675712585,0.016849039122462273,0.20535627007484436,0.012756101787090302,0.35141462087631226,0.2752993106842041,0.011641890741884708,0.0006580179324373603,0.4794684052467346,1.0,0.0,0.8158159255981445,0.27420666813850403,0.0005271366680972278,0.01924029178917408,0.0,0.0,0.3521067500114441,0.047852423042058945,0.00015060119039844722,1.259578824043274,0.0,0.0
542,4.172710418701172,0.7656623721122742,26.1283016204834,3.0448899269104004,0.5568097829818726,54.337467193603516,1.0295343399047852,1.0275250673294067,189.94,0.899265706539154,0.006545806769281626,0.05692566558718681,19.24260139465332,0.0,0.0,0.3257722854614258,1.9181431980541674e-06,0.002733196597546339,0.6467401385307312,0.0,0.0,1.1052266359329224,0.6116600036621094,0.015571796335279942,0.1856124997138977,0.010869056917726994,0.3092700242996216,0.2880050539970398,0.019011419266462326,0.000513150473125279,0.6412403583526611,1.0,0.0,0.9209173321723938,0.19269335269927979,0.0006097974255681038,0.02060745283961296,0.0,0.0,0.3461962044239044,0.06589702516794205,5.309219704940915e-05,1.2870869636535645,0.0,0.0
543,2.548260450363159,0.9675566554069519,37.37615203857422,8.235015869140625,0.4479379653930664,47.65863800048828,1.2024388313293457,1.2033954858779907,66.11,0.716376781463623,0.01971590332686901,0.0713050365447998,21.891765594482422,0.0,0.0,0.38292044401168823,5.899287134525366e-05,0.006091931834816933,0.5763995051383972,0.0,0.0,1.0406633615493774,0.3076947033405304,0.022131850942969322,0.39274701476097107,0.022815914824604988,0.7523398399353027,0.2763211131095886,0.010537433438003063,0.0010385162895545363,0.4036334455013275,1.0,0.0,0.759723961353302,0.32371366024017334,0.00047191756311804056,0.0180855393409729,0.0,0.0,0.3481467366218567,0.038626596331596375,0.00020904027041979134,1.24783194065094,0.0,0.0
544,1.8802188634872437,0.5228513479232788,30.097087860107422,2.5105056762695312,0.798424243927002,56.63759231567383,1.1071579456329346,1.10731840133667,13.09,0.9458000063896179,0.021411553025245667,0.0784493237733841,9.061178207397461,0.0,0.0,0.3227321207523346,0.00010497381299501285,0.0012013608356937766,0.7289087176322937,0.0,0.0,0.9847507476806641,0.5006049871444702,0.010351492092013359,0.09947898983955383,0.004524013493210077,0.1478637009859085,0.31149426102638245,0.035665277391672134,0.0002288672694703564,0.9782244563102722,1.0,0.0,1.0801551342010498,0.10190123319625854,0.0007224586443044245,0.021925823763012886,0.0,0.0,0.34021905064582825,0.09632403403520584,2.0075849533895962e-05,1.2978922128677368,0.0,0.0
545,1.6043965816497803,0.37780269980430603,19.3386173248291,8.78432559967041,0.5668054819107056,43.23170852661133,1.1223844289779663,1.1197408437728882,210.35,0.9756123423576355,0.04079027473926544,0.04847045615315437,6.151391506195068,0.0,0.0,0.3258077800273895,6.520708120660856e-05,0.007413417100906372,0.8076769709587097,0.0,0.0,1.1339147090911865,0.38236451148986816,0.02074243314564228,0.3934915363788605,0.019838755950331688,0.7229953408241272,0.2833177149295807,0.01635020226240158,0.0008004538249224424,0.5463181734085083,1.0,0.0,0.7899947166442871,0.2630707025527954,0.0005091645289212465,0.018372612074017525,0.0,0.0,0.3445693552494049,0.048844799399375916,9.940232848748565e-05,1.2835408449172974,0.0,0.0
546,4.931140422821045,0.46808090806007385,32.0199089050293,7.231127738952637,0.43565380573272705,53.05801773071289,1.1325092315673828,1.132089614868164,32.73,1.14276123046875,0.02470986917614937,0.028175512328743935,8.499373435974121,0.0,0.0,0.2949005663394928,9.488850878369703e-07,0.008637649938464165,0.7710651159286499,0.0,0.0,1.2134007215499878,0.3103371858596802,0.02119385451078415,0.3800108730792999,0.020711099728941917,0.7153034806251526,0.2743648290634155,0.010428858920931816,0.0009425767348147929,0.42295345664024353,1.0,0.0,0.7649099826812744,0.3266628682613373,0.0004931772127747536,0.01831967383623123,0.0,0.0,0.3485332429409027,0.0448489673435688,0.00013536066398955882,1.2735215425491333,0.0,0.0
547,5.650054454803467,0.6017845273017883,27.690519332885742,8.381620407104492,0.7561538815498352,43.038909912109375,1.2696166038513184,1.2696188688278198,0.14,1.0803511142730713,0.009379514493048191,0.04438062012195587,12.383927345275879,0.0,0.0,0.2934602200984955,8.317464335050317e-07,0.0029686701018363237,0.7104197144508362,0.0,0.0,1.0543339252471924,0.4774869680404663,0.01546408236026764,0.24118946492671967,0.013377869501709938,0.4453391134738922,0.3055309057235718,0.02679838426411152,0.0006573031423613429,0.7559460401535034,1.0,0.0,0.8907355666160583,0.20939937233924866,0.0005621974705718458,0.01948552019894123,0.0,0.0,0.33981525897979736,0.060276925563812256,9.53235721681267e-05,1.2637027502059937,0.0,0.0
548,5.648728847503662,0.38335806131362915,33.77617645263672,4.450220584869385,0.7101730704307556,42.548309326171875,1.2248615026474,1.2239952087402344,57.78,1.1212714910507202,0.039022255688905716,0.035270947962999344,7.431450843811035,0.0,0.0,0.28906872868537903,7.96320728113642e-06,0.003201097948476672,0.8165401816368103,0.0,0.0,1.028493046760559,0.4267183244228363,0.01412959024310112,0.17354480922222137,0.010060391388833523,0.30525919795036316,0.30402854084968567,0.026099996641278267,0.0005129841156303883,0.7786585688591003,1.0,0.0,0.8703051209449768,0.2321237325668335,0.0005459392559714615,0.019020475447177887,0.0,0.0,0.34056729078292847,0.05847714841365814,0.00013030901027377695,1.2443866729736328,0.0,0.0
549,3.8072638511657715,0.9749752879142761,15.244335174560547,8.339781761169434,0.7739382386207581,49.94552993774414,1.023565411567688,1.023613691329956,4.61,0.78101646900177,0.03290792927145958,0.06691402196884155,20.61403465270996,0.0,0.0,0.3665613532066345,5.280435289023444e-05,0.0014526915038004518,0.5780712962150574,0.0,0.0,1.0107704401016235,0.5260370373725891,0.014263548888266087,0.2549454867839813,0.011650546453893185,0.45840710401535034,0.3006944954395294,0.0274424459785223,0.000505369680467993,0.8141031265258789,1.0,0.0,0.9753406643867493,0.15069174766540527,0.0006283813272602856,0.02108168788254261,0.0,0.0,0.34086528420448303,0.06784459203481674,4.560034358291887e-05,1.2872503995895386,0.0,0.0
550,4.178389549255371,0.206998810172081,22.482032775878906,5.316037178039551,0.5512110590934753,41.643646240234375,1.0708993673324585,1.0684000253677368,218.45,1.0930712223052979,0.09837562590837479,0.021542511880397797,3.36169695854187,0.0,0.0,0.3185070753097534,6.711344030918553e-05,0.007723834365606308,0.9009327292442322,0.0,0.0,1.1283217668533325,0.387553870677948,0.018080979585647583,0.2800811231136322,0.014708545990288258,0.4916289746761322,0.2853263020515442,0.017248425632715225,0.0006404687301255763,0.5839692950248718,1.0,0.0,0.7771210074424744,0.28156542778015137,0.0005060533294454217,0.018102506175637245,0.0,0.0,0.34602266550064087,0.051145367324352264,0.00011384997924324125,1.2763326168060303,0.0,0.0
551,5.61317777633667,0.24015431106090546,29.107717514038086,6.606964588165283,0.5513744950294495,45.557830810546875,1.1626688241958618,1.162506341934204,12.02,1.1752967834472656,0.07607727497816086,0.021922536194324493,4.02840518951416,0.0,0.0,0.30060875415802,3.171438947902061e-05,0.007857508026063442,0.8830430507659912,0.0,0.0,1.1192034482955933,0.3459015488624573,0.019249292090535164,0.31195446848869324,0.01721324771642685,0.5736858248710632,0.2869206368923187,0.01663707010447979,0.000781139126047492,0.5447739958763123,1.0,0.0,0.7788645029067993,0.2902226448059082,0.0005019294912926853,0.01811404712498188,0.0,0.0,0.34536781907081604,0.049642108380794525,0.00013535450852941722,1.2658038139343262,0.0,0.0
552,1.4091089963912964,0.353368878364563,34.755271911621094,4.4849653244018555,0.558761715888977,48.16639709472656,1.1982060670852661,1.1975666284561157,44.56,0.8694251775741577,0.04243103042244911,0.059399500489234924,6.433448791503906,0.0,0.0,0.3402365446090698,0.00013047379616182297,0.0044875238090753555,0.8193830251693726,0.0,0.0,1.0273045301437378,0.4165098965167999,0.017288655042648315,0.22935523092746735,0.013704370707273483,0.4056670069694519,0.2897820472717285,0.018693765625357628,0.0006612022407352924,0.5918303728103638,1.0,0.0,0.8262453675270081,0.25263190269470215,0.0005359476781450212,0.018926067277789116,0.0,0.0,0.34579241275787354,0.052454762160778046,0.00012070136290276423,1.2617387771606445,0.0,0.0
553,5.043040752410889,0.9928795695304871,30.844676971435547,7.676663875579834,0.48650291562080383,54.34989547729492,1.145925521850586,1.1487268209457397,212.81,0.7758925557136536,0.026822514832019806,0.046720027923583984,22.33867835998535,0.0,0.0,0.3857511281967163,8.832885214360431e-05,0.0043737804517149925,0.568864643573761,0.0,0.0,1.0769068002700806,0.40257447957992554,0.02121308073401451,0.37807497382164,0.020326273515820503,0.7084367275238037,0.2784947156906128,0.013016870245337486,0.0008911883924156427,0.4640777111053467,1.0,0.0,0.8247894048690796,0.24644331634044647,0.0005346816033124924,0.019266335293650627,0.0,0.0,0.346787691116333,0.048468004912137985,9.413593943463638e-05,1.2795913219451904,0.0,0.0
554,1.7287743091583252,0.6581879258155823,27.447696685791016,5.419193267822266,0.6353373527526855,44.01470947265625,1.2065868377685547,1.2051289081573486,100.26,0.8303170204162598,0.006641850341111422,0.08170993626117706,15.1165132522583,0.0,0.0,0.3268977403640747,4.8300978960469365e-05,0.0034023793414235115,0.6749407649040222,0.0,0.0,1.0224995613098145,0.49232494831085205,0.0166707094758749,0.23671095073223114,0.013604586012661457,0.4234142601490021,0.2955404818058014,0.02219822071492672,0.0006434736424125731,0.6619759798049927,1.0,0.0,0.8861622214317322,0.20988862216472626,0.0005726820672862232,0.019780926406383514,0.0,0.0,0.34349963068962097,0.05877181142568588,8.367215923499316e-05,1.2711410522460938,0.0,0.0
555,2.897573947906494,0.47988322377204895,28.61853790283203,7.8859477043151855,0.4434265196323395,53.802555084228516,1.1386358737945557,1.1387401819229126,8.04,1.0255801677703857,0.022480038926005363,0.04065364971756935,9.109785079956055,0.0,0.0,0.30974847078323364,5.329457508196356e-06,0.007464956492185593,0.762241780757904,0.0,0.0,1.186151146888733,0.3286011219024658,0.02179216779768467,0.4057748317718506,0.021754371002316475,0.7682746052742004,0.27404099702835083,0.010608591139316559,0.000961195444688201,0.42464321851730347,1.0,0.0,0.7832410335540771,0.29605087637901306,0.0005111214704811573,0.01868072710931301,0.0,0.0,0.34819653630256653,0.04713800922036171,9.468506323173642e-05,1.284023642539978,0.0,0.0
556,5.631026268005371,0.9702938199043274,27.909006118774414,3.978891611099243,0.6839839220046997,45.51472091674805,1.1245698928833008,1.1255419254302979,76.79,0.8042423129081726,0.02921086922287941,0.054169911891222,23.108232498168945,0.0,0.0,0.36663690209388733,5.2078485168749467e-05,0.0016634012572467327,0.5697027444839478,0.0,0.0,0.9910005331039429,0.5844932794570923,0.014241755940020084,0.17695018649101257,0.009689864702522755,0.30310630798339844,0.29948627948760986,0.025425495579838753,0.00046847196063026786,0.7667793035507202,1.0,0.0,0.957327663898468,0.16551873087882996,0.0006198797491379082,0.020778838545084,0.0,0.0,0.3425227701663971,0.06766576319932938,6.525435310322791e-05,1.2745566368103027,0.0,0.0
557,1.4424667358398438,0.9798411726951599,27.321077346801758,7.17264461517334,0.5297141671180725,51.74746322631836,1.1782642602920532,1.1777108907699585,39.88,0.6399071216583252,0.023166393861174583,0.09572282433509827,23.194686889648438,0.0,0.0,0.38840538263320923,7.535523764090613e-05,0.003118321765214205,0.5700235962867737,0.0,0.0,1.0369071960449219,0.5071341395378113,0.02046116627752781,0.3435603082180023,0.018819566816091537,0.629119336605072,0.2837243974208832,0.01615879498422146,0.0008216973510570824,0.5129567980766296,1.0,0.0,0.8735142350196838,0.2017805427312851,0.0005724335787817836,0.020079076290130615,0.0,0.0,0.3462091088294983,0.05311062932014465,6.653872696915641e-05,1.286867380142212,0.0,0.0
558,4.4672040939331055,0.11504936963319778,35.40867233276367,8.204092979431152,0.5293293595314026,44.55618667602539,1.2366219758987427,1.237945795059204,86.47,1.1022169589996338,0.1087222695350647,0.014600729569792747,2.592393636703491,0.0,0.0,0.3292376399040222,7.233136420836672e-05,0.011495064944028854,0.9457252025604248,0.0,0.0,1.0657150745391846,0.26798734068870544,0.0211263969540596,0.3571697175502777,0.02067442052066326,0.6720633506774902,0.28517094254493713,0.014739202335476875,0.0009464516770094633,0.47986194491386414,1.0,0.0,0.7022303342819214,0.3764048218727112,0.0004384810454212129,0.01656021550297737,0.0,0.0,0.344783753156662,0.04047900065779686,0.00024634922738187015,1.2374614477157593,0.0,0.0
559,2.827967643737793,0.22810570895671844,43.29707336425781,3.766153335571289,0.7401400208473206,50.210086822509766,1.2819993495941162,1.279541015625,149.86,0.9531551599502563,0.09691041707992554,0.0392894484102726,3.9250333309173584,0.0,0.0,0.33597469329833984,0.00012964238703716546,0.0024289581924676895,0.8823590874671936,0.0,0.0,0.9582648277282715,0.4368404150009155,0.012657412327826023,0.1503235548734665,0.008269701153039932,0.253680944442749,0.30525732040405273,0.0287834033370018,0.0003944637137465179,0.844919741153717,1.0,0.0,0.8598521947860718,0.23112143576145172,0.0005323254154063761,0.018447337672114372,0.0,0.0,0.33771559596061707,0.057302627712488174,0.0001426849776180461,1.232404112815857,0.0,0.0
560,2.089966058731079,0.9041245579719543,39.766258239746094,4.932819366455078,0.6690837144851685,49.635162353515625,1.2903162240982056,1.28857421875,104.77,0.7096011638641357,0.01843036524951458,0.0997246727347374,21.688020706176758,0.0,0.0,0.3572865426540375,4.291610457585193e-05,0.0016996582271531224,0.5766266584396362,0.0,0.0,0.9495733976364136,0.47867149114608765,0.015598505735397339,0.20059427618980408,0.012057866901159286,0.3575769066810608,0.3001285791397095,0.024230364710092545,0.0005851404857821763,0.7082473039627075,1.0,0.0,0.8972530961036682,0.21225541830062866,0.000558688014280051,0.019620878621935844,0.0,0.0,0.3406924307346344,0.05393192172050476,0.00012623773363884538,1.2437667846679688,0.0,0.0
561,2.4421496391296387,0.9965279698371887,29.71392250061035,8.855874061584473,0.4673648774623871,48.831939697265625,1.1739014387130737,1.1738921403884888,0.67,0.6877551078796387,0.02551889419555664,0.07270243018865585,23.645423889160156,0.0,0.0,0.39121749997138977,7.937129703350365e-05,0.005444370675832033,0.5648031830787659,0.0,0.0,1.0670117139816284,0.37582695484161377,0.02266681008040905,0.42708027362823486,0.022992491722106934,0.8044845461845398,0.27629491686820984,0.011738802306354046,0.0009852575603872538,0.4286065101623535,1.0,0.0,0.8105515241622925,0.2538100481033325,0.0005221238825470209,0.019136127084493637,0.0,0.0,0.3476398289203644,0.04511820152401924,0.00010590990132186562,1.2776718139648438,0.0,0.0
562,5.462546348571777,0.5585930943489075,39.526371002197266,8.94648551940918,0.5336460471153259,54.582828521728516,1.2600232362747192,1.2610690593719482,65.82,1.1084526777267456,0.01579952798783779,0.033679813146591187,10.820270538330078,0.0,0.0,0.2933503985404968,8.55967414281622e-07,0.006509742233902216,0.7253144383430481,0.0,0.0,1.1272614002227783,0.2855750322341919,0.021474307402968407,0.367264062166214,0.021757492795586586,0.7060372829437256,0.28477171063423157,0.01397520862519741,0.0010132126044481993,0.4694739878177643,1.0,0.0,0.7644770741462708,0.3394552767276764,0.0004745233163703233,0.01785353571176529,0.0,0.0,0.3437897264957428,0.0417509451508522,0.00020100458641536534,1.2472288608551025,0.0,0.0
563,1.729561448097229,0.04451057314872742,27.133983612060547,4.645769119262695,0.7165178060531616,40.90333557128906,1.226992130279541,1.2280406951904297,69.59,0.9684467315673828,0.18924173712730408,0.02679968997836113,0.7519323229789734,0.0,0.0,0.39768993854522705,0.0002447832084726542,0.00480321841314435,0.9841299057006836,0.0,0.0,0.9764052629470825,0.5233992338180542,0.014512988738715649,0.180576890707016,0.010010593570768833,0.3106650114059448,0.3036959767341614,0.028484690934419632,0.0004766398051287979,0.7874619960784912,1.0,0.0,0.8065145015716553,0.2229853868484497,0.0005227752262726426,0.017887039110064507,0.0,0.0,0.341757595539093,0.060353297740221024,0.00010742810991359875,1.2671167850494385,0.0,0.0
564,4.2135443687438965,0.5536453723907471,24.092042922973633,5.412923812866211,0.6919533014297485,52.489479064941406,1.1556594371795654,1.1545206308364868,85.35,1.0431294441223145,0.014846673235297203,0.04603404924273491,11.935969352722168,0.0,0.0,0.2980400621891022,4.1598254938435275e-06,0.002724255667999387,0.7271442413330078,0.0,0.0,1.0860322713851929,0.5780803561210632,0.015282508917152882,0.217219278216362,0.01171337254345417,0.3822900354862213,0.2994089424610138,0.02504381537437439,0.0005561424186453223,0.7413964867591858,1.0,0.0,0.9378949999809265,0.17526556551456451,0.0006161964847706258,0.02053494192659855,0.0,0.0,0.34231507778167725,0.06978123635053635,4.810206883121282e-05,1.2873146533966064,0.0,0.0
565,5.599613189697266,0.5799556374549866,19.71195411682129,9.04899787902832,0.7964434623718262,42.473724365234375,1.137552261352539,1.1382973194122314,57.54,1.116102933883667,0.009328335523605347,0.042694687843322754,11.462248802185059,0.0,0.0,0.2915249168872833,8.582318287153612e-07,0.002322332700714469,0.7318371534347534,0.0,0.0,1.0744566917419434,0.5326719880104065,0.013864674605429173,0.23851647973060608,0.011798478662967682,0.4427655339241028,0.30586105585098267,0.028003821149468422,0.0005625088233500719,0.8231841325759888,1.0,0.0,0.9256483912467957,0.1795250028371811,0.0005937404348514974,0.020078854635357857,0.0,0.0,0.3406863808631897,0.07024995237588882,5.409256482380442e-05,1.2832101583480835,0.0,0.0
566,2.3633406162261963,0.1047808900475502,32.95762634277344,9.574031829833984,0.4899308681488037,50.48308181762695,1.2322372198104858,1.232339859008789,6.76,0.98828125,0.1094149574637413,0.019312310963869095,2.7974159717559814,0.0,0.0,0.3578224182128906,0.00013003080675844103,0.01098904013633728,0.9390362501144409,0.0,0.0,1.0859849452972412,0.2864893674850464,0.02305532805621624,0.4245612323284149,0.023733045905828476,0.8064004182815552,0.2795734703540802,0.012414325959980488,0.001047100406140089,0.4294576644897461,1.0,0.0,0.7180218696594238,0.3357108235359192,0.00046373531222343445,0.01717170886695385,0.0,0.0,0.3462963104248047,0.04290923848748207,0.00015852133219595999,1.2663114070892334,0.0,0.0
567,1.0874289274215698,0.34155645966529846,22.430376052856445,6.032096862792969,0.6857491135597229,45.12294387817383,1.1982810497283936,1.1943578720092773,274.12,0.9003643989562988,0.05207592993974686,0.06095213443040848,5.227451801300049,0.0,0.0,0.3428092896938324,0.00014090836339164525,0.0038955940399318933,0.8204721808433533,0.0,0.0,1.0277146100997925,0.5209591388702393,0.016201049089431763,0.23770542442798615,0.012826912105083466,0.42037132382392883,0.2985655963420868,0.02522381581366062,0.0005881502293050289,0.7177673578262329,1.0,0.0,0.8740953207015991,0.1984715461730957,0.0005721419584006071,0.019464880228042603,0.0,0.0,0.342417448759079,0.061178285628557205,6.772201595595106e-05,1.2825082540512085,0.0,0.0
568,2.937312602996826,0.8293699026107788,23.53470802307129,8.573023796081543,0.45514166355133057,58.9431037902832,1.0937281847000122,1.095672607421875,162.26,0.8446356058120728,0.010204967111349106,0.05990803614258766,18.957260131835938,0.0,0.0,0.3453131914138794,1.0693301192077342e-05,0.004549556877464056,0.6272230744361877,0.0,0.0,1.1611990928649902,0.3850423991680145,0.02200591191649437,0.44203782081604004,0.022409792989492416,0.8334639668464661,0.2721838355064392,0.010746235959231853,0.0009215287282131612,0.44216468930244446,1.0,0.0,0.825119137763977,0.24928051233291626,0.000535308790858835,0.01936742104589939,0.0,0.0,0.3469755947589874,0.04883763566613197,6.988982204347849e-05,1.2904207706451416,0.0,0.0
569,4.073570728302002,0.5383827090263367,35.84318923950195,3.23233699798584,0.547868549823761,46.99565887451172,1.1237986087799072,1.1253942251205444,126.16,1.0093145370483398,0.01383413840085268,0.04547286033630371,11.365836143493652,0.0,0.0,0.3033275604248047,8.690373761055525e-06,0.004134482238441706,0.7448499798774719,0.0,0.0,1.0678844451904297,0.4131205379962921,0.015905551612377167,0.18746091425418854,0.01151833962649107,0.32182055711746216,0.2896074950695038,0.018235454335808754,0.0005732280551455915,0.6148537993431091,1.0,0.0,0.8399587273597717,0.2669045031070709,0.0005354756722226739,0.019079266116023064,0.0,0.0,0.34605681896209717,0.052962642163038254,0.00014191777154337615,1.250834584236145,0.0,0.0
570,3.0225167274475098,0.7488259673118591,30.692230224609375,6.283203125,0.591231107711792,48.51994705200195,1.2127031087875366,1.2137019634246826,67.86,0.8785059452056885,0.007726545911282301,0.06554525345563889,17.259241104125977,0.0,0.0,0.32671552896499634,1.2656257240450941e-05,0.003592917462810874,0.6419453620910645,0.0,0.0,1.057276725769043,0.44440340995788574,0.018329113721847534,0.2783548831939697,0.0160500667989254,0.5117347240447998,0.29129141569137573,0.019075702875852585,0.0007508820854127407,0.5875556468963623,1.0,0.0,0.8650673031806946,0.22894804179668427,0.0005569795030169189,0.019590480253100395,0.0,0.0,0.3441172242164612,0.054413989186286926,9.56584481173195e-05,1.26978600025177,0.0,0.0
571,1.737962245941162,0.6247333288192749,29.10271644592285,5.585294246673584,0.7345513701438904,58.17732620239258,1.2740349769592285,1.2755674123764038,94.3,0.8576461672782898,0.007523715496063232,0.08320317417383194,12.76305103302002,0.0,0.0,0.3241223394870758,6.938873411854729e-05,0.0013185474090278149,0.6841303706169128,0.0,0.0,0.9997199773788452,0.5645573139190674,0.014601028524339199,0.19472123682498932,0.010992977768182755,0.34740501642227173,0.3050202429294586,0.02850847691297531,0.0005435208440758288,0.7836959362030029,1.0,0.0,0.9819276332855225,0.1503879427909851,0.0006512480904348195,0.02104867622256279,0.0,0.0,0.34085193276405334,0.07699991017580032,3.3389529562555254e-05,1.291953682899475,0.0,0.0
572,5.930984020233154,0.4332248270511627,26.850133895874023,7.571444511413574,0.7604266405105591,48.09072494506836,1.2449932098388672,1.2456283569335938,40.96,1.1695948839187622,0.03125379979610443,0.03562178835272789,8.188158988952637,0.0,0.0,0.28570911288261414,8.518420031577989e-07,0.0030966168269515038,0.7927525043487549,0.0,0.0,1.0790495872497559,0.5109102129936218,0.014952640980482101,0.22440767288208008,0.012259913608431816,0.40983274579048157,0.30622929334640503,0.027636175975203514,0.0006085717468522489,0.7800835371017456,1.0,0.0,0.9077194333076477,0.1934572160243988,0.0005870910827070475,0.01985964924097061,0.0,0.0,0.3404136896133423,0.06623093783855438,6.69115106575191e-05,1.2777007818222046,0.0,0.0
573,5.7234272956848145,0.2353457808494568,32.773677825927734,5.521719455718994,0.7453427910804749,49.84638977050781,1.2714558839797974,1.2726469039916992,73.61,1.1613487005233765,0.09260348975658417,0.024486646056175232,4.017480850219727,0.0,0.0,0.30146896839141846,4.663187064579688e-05,0.0036294020246714354,0.8940549492835999,0.0,0.0,1.0230202674865723,0.4736104905605316,0.014301358722150326,0.18297480046749115,0.010589777491986752,0.3279052972793579,0.30699625611305237,0.02817644365131855,0.0005420100060291588,0.7978269457817078,1.0,0.0,0.8766023516654968,0.2089092880487442,0.000569881231058389,0.019151629880070686,0.0,0.0,0.3401259481906891,0.06607520580291748,8.053107012528926e-05,1.2688419818878174,0.0,0.0
574,5.005773544311523,0.4060719311237335,23.285398483276367,9.932633399963379,0.4053885042667389,54.5295524597168,1.0636144876480103,1.0627639293670654,75.25,1.2057663202285767,0.03908085823059082,0.021719614043831825,7.495395660400391,0.0,0.0,0.29089033603668213,8.280956649286964e-07,0.011107880622148514,0.7923117876052856,0.0,0.0,1.3167318105697632,0.28321415185928345,0.023598434403538704,0.5312647223472595,0.025260036811232567,0.995177686214447,0.26520606875419617,0.007614361122250557,0.0009956106077879667,0.40195566415786743,1.0,0.0,0.7446739673614502,0.3276180326938629,0.000477239431347698,0.018008070066571236,0.0,0.0,0.3480478823184967,0.042901698499917984,9.379589755553752e-05,1.2886725664138794,0.0,0.0
575,2.7834343910217285,0.14547856152057648,21.200666427612305,3.9798102378845215,0.5051957368850708,47.680877685546875,1.0104252099990845,1.0101615190505981,25.83,0.9978979229927063,0.12484600394964218,0.02251935377717018,2.4158360958099365,0.0,0.0,0.35017409920692444,0.000146100515848957,0.007794512435793877,0.9367353320121765,0.0,0.0,1.119388461112976,0.42920082807540894,0.017393723130226135,0.24427033960819244,0.01323421485722065,0.41543659567832947,0.2810893952846527,0.016068866476416588,0.0005757827311754227,0.5697211623191833,1.0,0.0,0.7859476804733276,0.2683151960372925,0.0005219873855821788,0.018373088911175728,0.0,0.0,0.34739598631858826,0.053577207028865814,8.56023543747142e-05,1.285739779472351,0.0,0.0
576,4.362912654876709,0.6516485214233398,30.766525268554688,6.267938137054443,0.6022425293922424,40.78431701660156,1.2029200792312622,1.202762484550476,10.89,0.9788088202476501,0.007444646675139666,0.05044219642877579,14.926722526550293,0.0,0.0,0.30630895495414734,8.682786756253336e-07,0.004533975385129452,0.6841397285461426,0.0,0.0,1.0776032209396362,0.3830292820930481,0.017887679859995842,0.2748730778694153,0.015711119398474693,0.4999299943447113,0.29225337505340576,0.01930433139204979,0.0007398403831757605,0.600170373916626,1.0,0.0,0.8274649977684021,0.2680661678314209,0.0005164025351405144,0.018774623051285744,0.0,0.0,0.3435556888580322,0.04877915978431702,0.00015658821212127805,1.2489385604858398,0.0,0.0
577,4.4643144607543945,0.017042655497789383,20.27000617980957,7.327496528625488,0.6912041902542114,46.09754180908203,1.15815269947052,1.1489650011062622,690.45,1.114035725593567,0.21811282634735107,0.010393047705292702,0.9547135233879089,0.0,0.0,0.3549216091632843,0.0001206658489536494,0.006880495697259903,1.014628529548645,0.0,0.0,1.065959095954895,0.44391199946403503,0.01693502813577652,0.2762216329574585,0.013870852999389172,0.4872526228427887,0.29808738827705383,0.024511361494660378,0.0006024556932970881,0.7091484665870667,1.0,0.0,0.7822686433792114,0.24261799454689026,0.0005144202150404453,0.01780024543404579,0.0,0.0,0.34263360500335693,0.05762860178947449,8.118586265482008e-05,1.285305380821228,0.0,0.0
578,5.461952209472656,0.8618699312210083,22.9053955078125,3.928861618041992,0.7072060108184814,74.61051940917969,1.0538520812988281,1.0534074306488037,40.05,0.882199227809906,0.009984401054680347,0.05598041042685509,20.330230712890625,0.0,0.0,0.33668991923332214,4.537677796179196e-06,0.0013324590399861336,0.6180475950241089,0.0,0.0,1.0341743230819702,0.5662413239479065,0.013480817899107933,0.17049981653690338,0.00895688496530056,0.2828790843486786,0.30004584789276123,0.026582002639770508,0.00042637670412659645,0.8056122064590454,1.0,0.0,1.0032023191452026,0.14235536754131317,0.000651852460578084,0.021384797990322113,0.0,0.0,0.3421318531036377,0.07485613971948624,5.1214352424722165e-05,1.2796807289123535,0.0,0.0
579,2.713191270828247,0.7543363571166992,27.71660041809082,5.321444034576416,0.48218274116516113,56.24922561645508,1.1040971279144287,1.105193853378296,89.88,0.8546463251113892,0.005797342862933874,0.06603913009166718,17.863840103149414,0.0,0.0,0.3340049684047699,3.859627668134635e-06,0.0038647481705993414,0.6557818055152893,0.0,0.0,1.1318827867507935,0.47562161087989807,0.01889045163989067,0.2948110103607178,0.016491573303937912,0.5349187254905701,0.27969086170196533,0.014041381888091564,0.0007559664663858712,0.5051494240760803,1.0,0.0,0.8557236790657043,0.23378467559814453,0.0005645186174660921,0.01982644945383072,0.0,0.0,0.3477642834186554,0.05527418106794357,6.384796142810956e-05,1.288604974746704,0.0,0.0
580,1.5547839403152466,0.5297307968139648,36.83199691772461,4.045471668243408,0.496478796005249,41.89521026611328,1.1385047435760498,1.1378270387649536,52.32,0.8494541049003601,0.011386808939278126,0.07166489958763123,11.03503704071045,0.0,0.0,0.32988253235816956,6.136209412943572e-05,0.006155658513307571,0.749200165271759,0.0,0.0,1.0251209735870361,0.34424450993537903,0.017212068662047386,0.22701850533485413,0.014071696437895298,0.40457281470298767,0.2843070328235626,0.015069209039211273,0.000696335278917104,0.5361753702163696,1.0,0.0,0.7812252044677734,0.31876474618911743,0.0004869897966273129,0.018145382404327393,0.0,0.0,0.3480159044265747,0.04424307495355606,0.00020866013073828071,1.2340677976608276,0.0,0.0
581,5.510272979736328,0.2927296757698059,43.95783996582031,6.082948207855225,0.41811466217041016,58.366424560546875,1.1666874885559082,1.166837215423584,11.0,1.1882821321487427,0.04901876673102379,0.017981769517064095,4.752469062805176,0.0,0.0,0.29657769203186035,2.4686330561962677e-06,0.009992129169404507,0.875690758228302,0.0,0.0,1.1632970571517944,0.256346732378006,0.01997760683298111,0.31978991627693176,0.019101794809103012,0.6039627194404602,0.2741125822067261,0.009458872489631176,0.0009486001799814403,0.41406863927841187,1.0,0.0,0.711985170841217,0.4170694947242737,0.0004484318196773529,0.017208928242325783,0.0,0.0,0.34901589155197144,0.03926067054271698,0.0002222604671260342,1.246414065361023,0.0,0.0
582,2.553380250930786,0.08325590938329697,21.160194396972656,5.550178050994873,0.7862523198127747,45.877681732177734,1.1824363470077515,1.182648777961731,15.19,1.002170443534851,0.1951245218515396,0.024662170559167862,1.2551720142364502,0.0,0.0,0.3713679313659668,0.00020294619025662541,0.0036872774362564087,0.9715592265129089,0.0,0.0,0.988296627998352,0.5311326384544373,0.012950271368026733,0.17371591925621033,0.008797789923846722,0.299325555562973,0.30792683362960815,0.0316372849047184,0.00043988131801597774,0.8703622817993164,1.0,0.0,0.8766440153121948,0.18099157512187958,0.0005811148439534009,0.019096963107585907,0.0,0.0,0.34089192748069763,0.0720401480793953,4.966412961948663e-05,1.2874521017074585,0.0,0.0
583,4.561684608459473,0.3985256850719452,29.877052307128906,5.9579854011535645,0.7046123147010803,47.53656005859375,1.247324824333191,1.248219609260559,57.47,1.0994316339492798,0.03922140970826149,0.03558456152677536,7.368762969970703,0.0,0.0,0.2955668568611145,2.293372199346777e-05,0.0035555758513510227,0.7987571954727173,0.0,0.0,1.048587441444397,0.46133506298065186,0.015586268156766891,0.2163465917110443,0.012345582246780396,0.3911515176296234,0.3024213910102844,0.02544492483139038,0.0006092336843721569,0.7337383031845093,1.0,0.0,0.8824965357780457,0.2121446281671524,0.0005713170394301414,0.019477631896734238,0.0,0.0,0.3412175476551056,0.06222863867878914,8.329612319357693e-05,1.2693827152252197,0.0,0.0
584,3.2219347953796387,0.2556745111942291,34.21770477294922,7.449653625488281,0.4434002935886383,47.18394470214844,1.1739070415496826,1.1731148958206177,57.52,1.0657198429107666,0.06081373244524002,0.02453126385807991,4.223429203033447,0.0,0.0,0.32160627841949463,5.474697900353931e-05,0.011110669001936913,0.87208491563797,0.0,0.0,1.1282083988189697,0.2719811797142029,0.02149578183889389,0.3768731951713562,0.021209225058555603,0.7077454328536987,0.2759777903556824,0.010792432352900505,0.0009753918275237083,0.4174995720386505,1.0,0.0,0.719954788684845,0.36879637837409973,0.00045832101022824645,0.017336057499051094,0.0,0.0,0.3484356999397278,0.040741126984357834,0.00019236013758927584,1.2554657459259033,0.0,0.0
585,2.737851142883301,0.6211239695549011,17.67137908935547,9.15023422241211,0.6389954686164856,44.996681213378906,1.1004605293273926,1.100879430770874,34.58,0.9912899732589722,0.011200630106031895,0.05470588430762291,11.593830108642578,0.0,0.0,0.3113255202770233,1.4948210264265072e-05,0.004271043464541435,0.6994462013244629,0.0,0.0,1.1205501556396484,0.43433526158332825,0.018897544592618942,0.3611898422241211,0.01793895848095417,0.668038010597229,0.2892659306526184,0.019410474225878716,0.00072816526517272,0.6256489157676697,1.0,0.0,0.8588445782661438,0.22098316252231598,0.00055015116231516,0.019435985013842583,0.0,0.0,0.3428405821323395,0.054821375757455826,7.38459057174623e-05,1.28475022315979,0.0,0.0
586,2.61303448677063,0.8773937821388245,22.973268508911133,4.7285332679748535,0.7876553535461426,53.905521392822266,1.1648200750350952,1.1677062511444092,212.19,0.8041500449180603,0.022410577163100243,0.08895234763622284,19.822349548339844,0.0,0.0,0.34550222754478455,3.752583506866358e-05,0.0014783921651542187,0.593270480632782,0.0,0.0,0.976860761642456,0.5257463455200195,0.012204914353787899,0.1538388431072235,0.007808719761669636,0.2626304030418396,0.3079906404018402,0.032191235572099686,0.00039717863546684384,0.8929874300956726,1.0,0.0,1.0375226736068726,0.1190698966383934,0.0006841676076874137,0.02170455828309059,0.0,0.0,0.34050148725509644,0.08631230145692825,2.9271655876073055e-05,1.2925794124603271,0.0,0.0
587,4.020524501800537,0.7180827260017395,39.32728576660156,6.153374195098877,0.4351550042629242,54.85107421875,1.1625622510910034,1.1633851528167725,60.84,0.9700840711593628,0.0065292492508888245,0.04635830968618393,15.160205841064453,0.0,0.0,0.3218092620372772,1.048992203322996e-06,0.006002312526106834,0.6760557889938354,0.0,0.0,1.1434346437454224,0.3329792320728302,0.020032944157719612,0.32395288348197937,0.01905851997435093,0.6065452694892883,0.27607399225234985,0.01072829682379961,0.0009205207461491227,0.43003708124160767,1.0,0.0,0.7721462845802307,0.3316842317581177,0.0004885320668108761,0.01836506649851799,0.0,0.0,0.3488819897174835,0.04295813664793968,0.0001781007304089144,1.2578169107437134,0.0,0.0
588,3.243492841720581,0.1483849585056305,31.401287078857422,5.2370171546936035,0.6248509287834167,57.04497528076172,1.223123550415039,1.222440481185913,45.68,1.0123540163040161,0.12661147117614746,0.022569838911294937,2.3825061321258545,0.0,0.0,0.3443012535572052,0.00015514537517447025,0.004430083557963371,0.9269164204597473,0.0,0.0,1.0388274192810059,0.4743829071521759,0.017114797607064247,0.2325783669948578,0.01342034712433815,0.41740405559539795,0.2955579161643982,0.02222471311688423,0.0006379768019542098,0.6507401466369629,1.0,0.0,0.829695999622345,0.22565221786499023,0.0005572731024585664,0.018767736852169037,0.0,0.0,0.3437444567680359,0.06291563808917999,6.0255049902480096e-05,1.286325216293335,0.0,0.0
589,3.705291509628296,0.5214390754699707,29.734481811523438,7.20595121383667,0.6375111937522888,46.37752151489258,1.2418701648712158,1.2402396202087402,105.86,1.0352089405059814,0.018260279670357704,0.04573402553796768,10.334775924682617,0.0,0.0,0.3008319139480591,1.0331295015930664e-05,0.004293105565011501,0.7344139814376831,0.0,0.0,1.0700130462646484,0.4078165292739868,0.0181133896112442,0.2820265293121338,0.01613450050354004,0.5241546034812927,0.2953406572341919,0.020911939442157745,0.0007576420903205872,0.6219582557678223,1.0,0.0,0.850868284702301,0.23857858777046204,0.0005447538569569588,0.019168561324477196,0.0,0.0,0.3425232172012329,0.05453892797231674,0.00010554235632298514,1.2651268243789673,0.0,0.0
590,5.566812992095947,0.7604292631149292,30.116371154785156,5.980588436126709,0.7073606848716736,53.19374084472656,1.231581449508667,1.229752779006958,120.74,0.9844440221786499,0.006832941900938749,0.047732558101415634,17.50988006591797,0.0,0.0,0.31523093581199646,9.934835816238774e-07,0.0021564261987805367,0.6436002850532532,0.0,0.0,1.0602080821990967,0.5706658363342285,0.015433345921337605,0.21677754819393158,0.012258496135473251,0.3930433988571167,0.3019455671310425,0.02546209841966629,0.0005994973471388221,0.7393988966941833,1.0,0.0,0.9310013651847839,0.18298740684986115,0.0006037618732079864,0.02032894268631935,0.0,0.0,0.3412173390388489,0.06683295220136642,6.0229380324017256e-05,1.2798166275024414,0.0,0.0
591,1.9070419073104858,0.5997326374053955,24.435569763183594,4.097924709320068,0.5405129194259644,57.73960494995117,1.081804633140564,1.0798755884170532,165.13,0.8725723624229431,0.00819267239421606,0.07084476947784424,12.708333015441895,0.0,0.0,0.32533732056617737,4.2853054765146226e-05,0.0031273348722606897,0.7148882150650024,0.0,0.0,1.0898547172546387,0.5717555284500122,0.016978686675429344,0.23238764703273773,0.013165554031729698,0.40373799204826355,0.2856588065624237,0.01798340678215027,0.000600568309891969,0.596417248249054,1.0,0.0,0.9024234414100647,0.1945730596780777,0.0006001776200719178,0.02036443166434765,0.0,0.0,0.34623101353645325,0.06329414248466492,4.981995152775198e-05,1.2911845445632935,0.0,0.0
592,1.9403337240219116,0.5498140454292297,20.905914306640625,9.627333641052246,0.5836116075515747,40.842567443847656,1.1573327779769897,1.1543083190917969,226.4,0.9509556889533997,0.01696629822254181,0.05773744732141495,10.221341133117676,0.0,0.0,0.31640756130218506,3.10503201035317e-05,0.0063569932244718075,0.7235215306282043,0.0,0.0,1.1204274892807007,0.37075120210647583,0.02092185989022255,0.4025782346725464,0.020617671310901642,0.7467374801635742,0.28532326221466064,0.016741475090384483,0.0008443195838481188,0.5485610961914062,1.0,0.0,0.809229850769043,0.2590292692184448,0.0005164495087228715,0.018716661259531975,0.0,0.0,0.3441453278064728,0.04838035628199577,0.00010502845543669537,1.2783920764923096,0.0,0.0
593,2.2878715991973877,0.2707515060901642,23.417192459106445,7.073955059051514,0.48249754309654236,48.4968147277832,1.1030076742172241,1.1010128259658813,164.26,1.0043562650680542,0.06466570496559143,0.03292213752865791,4.4344801902771,0.0,0.0,0.33084186911582947,8.000608067959547e-05,0.008942696265876293,0.8642343878746033,0.0,0.0,1.159720778465271,0.3574270009994507,0.020843511447310448,0.37273699045181274,0.01927182450890541,0.6783142685890198,0.27725255489349365,0.013149315491318703,0.0008180261356756091,0.48101264238357544,1.0,0.0,0.7670877575874329,0.29227131605148315,0.0005024259444326162,0.018192481249570847,0.0,0.0,0.34718483686447144,0.047765035182237625,9.845064050750807e-05,1.2851107120513916,0.0,0.0
594,3.4674363136291504,0.03870964050292969,28.504985809326172,2.6113202571868896,0.6945280432701111,55.513187408447266,1.1024360656738281,1.1027663946151733,27.17,1.053967833518982,0.22748412191867828,0.013817409053444862,0.9540444016456604,0.0,0.0,0.3737143576145172,0.00023018449428491294,0.003281216835603118,0.9951415657997131,0.0,0.0,0.9970980882644653,0.5809942483901978,0.013300471939146519,0.13144300878047943,0.007372202351689339,0.2078903764486313,0.3029152750968933,0.028737716376781464,0.00035087598371319473,0.8219398856163025,1.0,0.0,0.8911363482475281,0.16685518622398376,0.0006070601521059871,0.019358938559889793,0.0,0.0,0.3432755768299103,0.08199063688516617,3.561434641596861e-05,1.2949870824813843,0.0,0.0
595,5.186540603637695,0.9587412476539612,39.67751693725586,4.165507793426514,0.6604865789413452,48.865264892578125,1.2326202392578125,1.232025384902954,39.17,0.79708331823349,0.025877945125102997,0.058543652296066284,22.67734718322754,0.0,0.0,0.36150431632995605,3.327128433738835e-05,0.002005411311984062,0.5774164795875549,0.0,0.0,0.9637777209281921,0.47055354714393616,0.015049806796014309,0.1847594678401947,0.010943855158984661,0.32247617840766907,0.29922008514404297,0.023963704705238342,0.0005340526113286614,0.7208840250968933,1.0,0.0,0.8855933547019958,0.2212742418050766,0.0005491116316989064,0.019366787746548653,0.0,0.0,0.3408413827419281,0.053515560925006866,0.0001415036094840616,1.238985300064087,0.0,0.0
596,2.695188283920288,0.43129825592041016,36.83475875854492,1.809671401977539,0.6572468876838684,44.4112663269043,1.0590813159942627,1.061392903327942,205.64,0.9455409049987793,0.03524554520845413,0.058490097522735596,8.534968376159668,0.0,0.0,0.3172719180583954,8.783279918134212e-05,0.0025294243823736906,0.7848586440086365,0.0,0.0,0.9936099052429199,0.5397199392318726,0.01276787556707859,0.1179630383849144,0.006737092975527048,0.17689913511276245,0.30045798420906067,0.025661254301667213,0.0003259284421801567,0.7984143495559692,1.0,0.0,0.9021363854408264,0.20767462253570557,0.0005720140761695802,0.01951439119875431,0.0,0.0,0.3428039848804474,0.06369093805551529,0.00011774746235460043,1.2440752983093262,0.0,0.0
597,3.8067855834960938,0.5639922022819519,21.13340187072754,5.280292987823486,0.5522477030754089,50.39503860473633,1.042202115058899,1.0381860733032227,371.17,1.0202510356903076,0.013921419158577919,0.04528089240193367,12.153095245361328,0.0,0.0,0.3033992648124695,9.665809557191096e-07,0.004427914507687092,0.7262272834777832,0.0,0.0,1.17052161693573,0.4646582305431366,0.017670314759016037,0.2801390588283539,0.014783957973122597,0.4957225024700165,0.2840539515018463,0.016895562410354614,0.0006439409917220473,0.5889479517936707,1.0,0.0,0.8601828217506409,0.23163172602653503,0.0005604229518212378,0.019680991768836975,0.0,0.0,0.345449298620224,0.056205715984106064,7.125688716769218e-05,1.285764217376709,0.0,0.0
598,1.5402809381484985,0.3764827847480774,26.785247802734375,3.7006914615631104,0.717364490032196,54.46953201293945,1.178086280822754,1.1774173974990845,48.22,0.8993150591850281,0.05595684424042702,0.06478653103113174,6.70379638671875,0.0,0.0,0.33645403385162354,0.00015865170280449092,0.0019805056508630514,0.8019762635231018,0.0,0.0,0.9947686791419983,0.5650944113731384,0.013544254936277866,0.15638241171836853,0.008567539975047112,0.26281440258026123,0.30369114875793457,0.028967304155230522,0.0004174128989689052,0.8186779618263245,1.0,0.0,0.9699135422706604,0.1458147019147873,0.0006511677638627589,0.02078942582011223,0.0,0.0,0.34210005402565,0.08125318586826324,3.26019071508199e-05,1.2932714223861694,0.0,0.0
599,3.664393663406372,0.5549222230911255,33.516014099121094,6.132340431213379,0.4826655983924866,53.77994918823242,1.1624102592468262,1.1618553400039673,41.09,1.0262867212295532,0.013849735260009766,0.0428711362183094,11.273744583129883,0.0,0.0,0.30620184540748596,1.0273915904690512e-06,0.0055951024405658245,0.7320916056632996,0.0,0.0,1.1508843898773193,0.3661293387413025,0.01971089094877243,0.3146877586841583,0.018091125413775444,0.5858279466629028,0.28070199489593506,0.013324758037924767,0.0008532637730240822,0.4784720540046692,1.0,0.0,0.8013724088668823,0.2906544804573059,0.0005193399847485125,0.018818873912096024,0.0,0.0,0.3474573791027069,0.04901374503970146,0.00011494140926515684,1.2729610204696655,0.0,0.0
600,2.6069276332855225,0.7313697338104248,22.717239379882812,6.230172634124756,0.46477049589157104,52.57829666137695,1.0574555397033691,1.057192087173462,23.57,0.8891357779502869,0.0063735367730259895,0.06199245899915695,16.868549346923828,0.0,0.0,0.3305876851081848,1.1129684480692958e-06,0.005009945016354322,0.6655429005622864,0.0,0.0,1.175144076347351,0.43643033504486084,0.01967337168753147,0.3472689688205719,0.018371952697634697,0.6379105448722839,0.27487772703170776,0.01231601182371378,0.0007878008764237165,0.4829266667366028,1.0,0.0,0.8351638913154602,0.24750390648841858,0.0005441426183097064,0.01949385553598404,0.0,0.0,0.34762299060821533,0.05186615511775017,7.065865065669641e-05,1.289001703262329,0.0,0.0
601,5.745948791503906,0.39978131651878357,30.110157012939453,7.640690803527832,0.5137142539024353,44.77788162231445,1.1602038145065308,1.160210371017456,0.49,1.1744641065597534,0.03493376076221466,0.028663519769906998,7.269968032836914,0.0,0.0,0.28935497999191284,8.045817594393156e-07,0.008174661546945572,0.800494909286499,0.0,0.0,1.173500418663025,0.3155944347381592,0.02055814117193222,0.3633827567100525,0.01977880485355854,0.6784977316856384,0.2821674048900604,0.013956215232610703,0.0008825454278849065,0.4887465238571167,1.0,0.0,0.7695418000221252,0.3149874210357666,0.0004861594643443823,0.018092520534992218,0.0,0.0,0.34599044919013977,0.04476969689130783,0.00016952828445937485,1.2604060173034668,0.0,0.0
602,1.8863438367843628,0.28928449749946594,35.775482177734375,2.4515717029571533,0.5761153697967529,40.362850189208984,1.092875599861145,1.0931694507598877,24.6,0.8775002956390381,0.06438308209180832,0.05240510404109955,5.591594219207764,0.0,0.0,0.3439059555530548,0.00015568708477076143,0.004602713976055384,0.8605117201805115,0.0,0.0,0.9776135087013245,0.4108133912086487,0.014647748321294785,0.15365184843540192,0.009494146332144737,0.24941836297512054,0.2928883731365204,0.020640429109334946,0.0004693640221375972,0.6730735898017883,1.0,0.0,0.8107784986495972,0.2743505537509918,0.0005115487147122622,0.01827406883239746,0.0,0.0,0.3456709086894989,0.05148845165967941,0.00017308903625234962,1.2340610027313232,0.0,0.0
603,5.19357442855835,0.36556947231292725,43.09337615966797,8.058993339538574,0.5870994329452515,46.12133026123047,1.2807035446166992,1.281954288482666,76.18,1.1050972938537598,0.034718748182058334,0.03138930723071098,7.038240432739258,0.0,0.0,0.29070061445236206,6.952172384444566e-07,0.00786129105836153,0.8185628056526184,0.0,0.0,1.0518494844436646,0.23070268332958221,0.01953296735882759,0.30527395009994507,0.019269520416855812,0.5869291424751282,0.29066282510757446,0.01641952618956566,0.0009285327978432178,0.5301481485366821,1.0,0.0,0.7142764925956726,0.42478254437446594,0.0004181104013696313,0.016423383727669716,0.0,0.0,0.34079521894454956,0.035056617110967636,0.0003573932917788625,1.1985844373703003,0.0,0.0
604,4.0089216232299805,0.3810884952545166,31.948436737060547,4.281290054321289,0.4268670082092285,45.38790512084961,1.0662260055541992,1.066450834274292,19.77,1.0717321634292603,0.037911687046289444,0.03072522208094597,6.910237789154053,0.0,0.0,0.3069078326225281,2.3498301743529737e-05,0.009100178256630898,0.8233582973480225,0.0,0.0,1.1498632431030273,0.34274861216545105,0.01825648732483387,0.2634904980659485,0.015192951075732708,0.4665166139602661,0.2760986387729645,0.011925647035241127,0.0007332814857363701,0.471051961183548,1.0,0.0,0.7693930864334106,0.32453325390815735,0.0004963347455486655,0.01832401752471924,0.0,0.0,0.3502964675426483,0.046079881489276886,0.00016517034964635968,1.2607086896896362,0.0,0.0
605,1.6947201490402222,0.7670280337333679,30.759159088134766,3.388258934020996,0.48150205612182617,50.67540740966797,1.0797972679138184,1.0780824422836304,147.31,0.7652726173400879,0.004070188384503126,0.08499374985694885,18.568490982055664,0.0,0.0,0.34659484028816223,3.798317993641831e-05,0.0036650083493441343,0.6572774052619934,0.0,0.0,1.0668363571166992,0.529794454574585,0.016873810440301895,0.21172869205474854,0.012847517617046833,0.36391565203666687,0.2823850214481354,0.015500199049711227,0.0006230829167179763,0.5474726557731628,1.0,0.0,0.8705657124519348,0.22545798122882843,0.0005756220198236406,0.020009933039546013,0.0,0.0,0.3491496443748474,0.05818277224898338,7.387371442746371e-05,1.2807292938232422,0.0,0.0
606,3.0354068279266357,0.42430970072746277,22.2414493560791,8.133593559265137,0.7405911684036255,49.85234451293945,1.2244168519973755,1.2228175401687622,106.82,1.0079113245010376,0.03628392890095711,0.04701711982488632,7.940844535827637,0.0,0.0,0.3074309527873993,5.014050839236006e-05,0.0032567461021244526,0.7847182154655457,0.0,0.0,1.0414199829101562,0.4999741315841675,0.015947192907333374,0.2561872601509094,0.01351091917604208,0.4649905562400818,0.3028714060783386,0.026743829250335693,0.000632000039331615,0.747344970703125,1.0,0.0,0.9065166711807251,0.18985599279403687,0.0005926864105276763,0.019972743466496468,0.0,0.0,0.3408861756324768,0.0642966628074646,5.643494296236895e-05,1.2845736742019653,0.0,0.0
607,5.923466205596924,0.46313270926475525,24.068349838256836,6.419195652008057,0.6358425617218018,57.621822357177734,1.1233426332473755,1.1246260404586792,101.59,1.1549161672592163,0.02717939205467701,0.03242364525794983,9.274290084838867,0.0,0.0,0.2871168255805969,9.160864351542841e-07,0.0037782685831189156,0.7730817198753357,0.0,0.0,1.1486886739730835,0.4973248541355133,0.01725817658007145,0.2747238576412201,0.014599466696381569,0.49872729182243347,0.29325956106185913,0.020775819197297096,0.000660313933622092,0.6532308459281921,1.0,0.0,0.8824841976165771,0.20739522576332092,0.0005787414847873151,0.019793758168816566,0.0,0.0,0.34345316886901855,0.06307876855134964,5.655734275933355e-05,1.2884217500686646,0.0,0.0
608,4.6320013999938965,0.9178975224494934,43.540245056152344,2.552370548248291,0.6383069753646851,45.17142868041992,1.1311962604522705,1.1309739351272583,17.38,0.8025539517402649,0.018019812181591988,0.06720331311225891,21.95236587524414,0.0,0.0,0.3502725064754486,1.8364009520155378e-05,0.0020244040060788393,0.5989758968353271,0.0,0.0,0.9493228197097778,0.4290635585784912,0.01355165895074606,0.14536812901496887,0.008547632023692131,0.23830699920654297,0.2977515161037445,0.023045506328344345,0.00041252796654589474,0.7471163272857666,1.0,0.0,0.857021689414978,0.25946179032325745,0.0005103044677525759,0.018588177859783173,0.0,0.0,0.34106406569480896,0.04884940758347511,0.0002070147020276636,1.207285761833191,0.0,0.0
609,1.6266220808029175,0.9957473278045654,27.745101928710938,6.595876216888428,0.41785308718681335,58.47298049926758,1.101986289024353,1.1039879322052002,164.53,0.6253750324249268,0.020144017413258553,0.08817162364721298,24.597030639648438,0.0,0.0,0.3973333537578583,6.472109816968441e-05,0.0034256093204021454,0.5870132446289062,0.0,0.0,1.086771845817566,0.46364712715148926,0.02092384546995163,0.369017630815506,0.019904378801584244,0.6859996914863586,0.2718932032585144,0.010615683160722256,0.0008771441644057631,0.4271261990070343,1.0,0.0,0.8417631387710571,0.229474738240242,0.0005580456927418709,0.019872011616826057,0.0,0.0,0.3497065305709839,0.05076340213418007,5.428867370937951e-05,1.2953181266784668,0.0,0.0
610,4.921050071716309,0.8591299057006836,23.78321647644043,5.459908962249756,0.739803671836853,54.68476104736328,1.147157073020935,1.1470422744750977,8.72,0.9019045233726501,0.014783809892833233,0.05601527914404869,20.473236083984375,0.0,0.0,0.33504095673561096,1.0148442015633918e-05,0.0017328675603494048,0.6075192093849182,0.0,0.0,1.023061752319336,0.5520890355110168,0.013949529267847538,0.19467876851558685,0.010254688560962677,0.3454028367996216,0.3030140995979309,0.02770518697798252,0.00049598328769207,0.8066160678863525,1.0,0.0,0.9838985800743103,0.14482523500919342,0.0006463503814302385,0.021063271909952164,0.0,0.0,0.34138908982276917,0.0774235725402832,3.678723078337498e-05,1.2905715703964233,0.0,0.0
611,5.074760913848877,0.7686870098114014,22.633012771606445,6.570389747619629,0.48681530356407166,46.50272750854492,1.0305383205413818,1.0287493467330933,168.74,0.9555596709251404,0.008366299793124199,0.042148441076278687,17.597902297973633,0.0,0.0,0.32594040036201477,4.576721039484255e-06,0.005549135152250528,0.645157516002655,0.0,0.0,1.1789345741271973,0.4032266139984131,0.019576597958803177,0.35797587037086487,0.018176425248384476,0.6518327593803406,0.27589473128318787,0.012732325121760368,0.0007647555321455002,0.5015027523040771,1.0,0.0,0.8278089165687561,0.25625836849212646,0.0005332555738277733,0.019336573779582977,0.0,0.0,0.34706833958625793,0.04992241784930229,8.785185491433367e-05,1.283728003501892,0.0,0.0
612,3.658907175064087,0.818202555179596,31.27548599243164,8.206438064575195,0.6420891284942627,47.17747116088867,1.269866943359375,1.268846035003662,63.36,0.8823598027229309,0.012777779251337051,0.061115797609090805,18.241823196411133,0.0,0.0,0.3336215615272522,1.9938142941100523e-05,0.0034415442496538162,0.6094087362289429,0.0,0.0,1.0282353162765503,0.4294337034225464,0.018853481858968735,0.3020835816860199,0.017424488440155983,0.5677873492240906,0.2954920828342438,0.020876193419098854,0.0008067794842645526,0.6057865023612976,1.0,0.0,0.8617386221885681,0.22696223855018616,0.000546275288797915,0.01931479386985302,0.0,0.0,0.34191349148750305,0.052840422838926315,0.00011013440962415189,1.2617405652999878,0.0,0.0
613,3.903942108154297,0.03295201435685158,19.92514419555664,7.491964340209961,0.7391455769538879,54.62382507324219,1.1785203218460083,1.1773451566696167,84.7,1.0942100286483765,0.2163262665271759,0.011835768818855286,0.9591396450996399,0.0,0.0,0.360503226518631,0.00014886884309817106,0.005241008009761572,1.007189393043518,0.0,0.0,1.0328114032745361,0.4857500493526459,0.015718724578619003,0.24878542125225067,0.012495746836066246,0.4420486092567444,0.3026321530342102,0.027454545721411705,0.0005603719619102776,0.7656763792037964,1.0,0.0,0.821621835231781,0.21399030089378357,0.000545373244676739,0.01838492974638939,0.0,0.0,0.3416353762149811,0.06351983547210693,5.866094943485223e-05,1.2902100086212158,0.0,0.0
614,1.1854091882705688,0.6074538230895996,33.05112075805664,3.6819732189178467,0.4212688207626343,46.58856964111328,1.0720986127853394,1.0726426839828491,47.31,0.8134289383888245,0.005571289919316769,0.0772470235824585,12.83761978149414,0.0,0.0,0.33938318490982056,5.097945177112706e-05,0.006364754401147366,0.7293939590454102,0.0,0.0,1.0945810079574585,0.43185311555862427,0.017604315653443336,0.23585852980613708,0.01421455480158329,0.4066423177719116,0.27650919556617737,0.012369037605822086,0.0007012676214799285,0.4810992181301117,1.0,0.0,0.8134607076644897,0.27426692843437195,0.0005296181770972908,0.01920936070382595,0.0,0.0,0.3515908122062683,0.04947763308882713,0.000126038707094267,1.2679136991500854,0.0,0.0
615,2.630976438522339,0.07223048061132431,31.31907844543457,9.870603561401367,0.46356019377708435,52.77956008911133,1.2102047204971313,1.2090152502059937,81.29,1.0133135318756104,0.12465957552194595,0.013474552892148495,2.7752318382263184,0.0,0.0,0.35986998677253723,0.00013148247671779245,0.011799723841249943,0.9589553475379944,0.0,0.0,1.111976146697998,0.2833433747291565,0.02361396700143814,0.454701691865921,0.024709567427635193,0.8678440451622009,0.276157408952713,0.011039875447750092,0.001068481826223433,0.4104313552379608,1.0,0.0,0.7102115154266357,0.3377363681793213,0.0004636833618860692,0.01711258664727211,0.0,0.0,0.3471164405345917,0.043806176632642746,0.00013063872756902128,1.2759567499160767,0.0,0.0
616,2.262964963912964,0.5333468914031982,18.564655303955078,9.761999130249023,0.5352222919464111,41.95479965209961,1.088010311126709,1.0901545286178589,180.78,1.0171761512756348,0.019563116133213043,0.04860394820570946,9.143802642822266,0.0,0.0,0.3121914267539978,1.675753628660459e-05,0.007899400778114796,0.736652672290802,0.0,0.0,1.1915007829666138,0.3555174469947815,0.021853450685739517,0.45110374689102173,0.021880924701690674,0.8292245268821716,0.27830007672309875,0.013899052515625954,0.0008468219893984497,0.5124318599700928,1.0,0.0,0.7932907938957214,0.26934146881103516,0.0005051663029007614,0.018584202975034714,0.0,0.0,0.34515345096588135,0.04621022567152977,0.00010386350186308846,1.2847439050674438,0.0,0.0
617,4.94586706161499,0.8029263019561768,35.34751892089844,9.906147003173828,0.46189871430397034,58.61441421508789,1.2048344612121582,1.2030775547027588,121.21,0.9517347812652588,0.013204275630414486,0.03935014829039574,16.745162963867188,0.0,0.0,0.3338923156261444,1.692928526608739e-05,0.005911734886467457,0.6272746324539185,0.0,0.0,1.134047031402588,0.3062783181667328,0.023332230746746063,0.4485377073287964,0.02475885860621929,0.8696624040603638,0.27574312686920166,0.010427054017782211,0.0010931816650554538,0.4060392379760742,1.0,0.0,0.7780154347419739,0.3048388659954071,0.0004967176937498152,0.018460458144545555,0.0,0.0,0.34666183590888977,0.04369513317942619,0.00012660423817578703,1.2732468843460083,0.0,0.0
618,4.0822367668151855,0.7030412554740906,35.164466857910156,5.789278030395508,0.5021157264709473,42.25048065185547,1.1630527973175049,1.1625374555587769,38.11,0.9583469033241272,0.00629481952637434,0.0513908714056015,15.683019638061523,0.0,0.0,0.3178083300590515,9.080514473680523e-07,0.006281350739300251,0.6729598045349121,0.0,0.0,1.0986709594726562,0.34427911043167114,0.018989497795701027,0.2936685383319855,0.01727869361639023,0.5391895771026611,0.2832097113132477,0.014361878857016563,0.0008190430817194283,0.499599426984787,1.0,0.0,0.7754763960838318,0.32194462418556213,0.00047732036910019815,0.01803678274154663,0.0,0.0,0.34660521149635315,0.042565423995256424,0.00022399968293029815,1.2365844249725342,0.0,0.0
619,4.578641891479492,0.09948281943798065,14.989548683166504,8.0335054397583,0.6970583200454712,48.06103515625,1.0098679065704346,1.0084433555603027,139.88,1.1835746765136719,0.16463400423526764,0.014339934103190899,1.7025707960128784,0.0,0.0,0.33135607838630676,8.04192095529288e-05,0.0067570568062365055,0.9727756977081299,0.0,0.0,1.1247588396072388,0.44663241505622864,0.016781378537416458,0.30557528138160706,0.014041079208254814,0.5329074263572693,0.29504042863845825,0.02354915626347065,0.0005646939389407635,0.7224380373954773,1.0,0.0,0.8035181164741516,0.23100925981998444,0.0005197676364332438,0.018234077841043472,0.0,0.0,0.3424329459667206,0.055876463651657104,8.517284004483372e-05,1.286630392074585,0.0,0.0
620,3.3153576850891113,0.3740852475166321,21.40298080444336,4.162412166595459,0.6799265742301941,48.42719650268555,1.0843720436096191,1.0828114748001099,132.91,1.0307579040527344,0.051728688180446625,0.04082927480340004,6.859269618988037,0.0,0.0,0.31021398305892944,6.759965617675334e-05,0.0033814471680670977,0.811827540397644,0.0,0.0,1.0643898248672485,0.5564984679222107,0.014490519650280476,0.18805667757987976,0.010066788643598557,0.3175186514854431,0.2981208860874176,0.025116970762610435,0.0004711872315965593,0.7629888653755188,1.0,0.0,0.9141651391983032,0.18406906723976135,0.0006038215360604227,0.020151274278759956,0.0,0.0,0.34305647015571594,0.06847544759511948,5.165045877220109e-05,1.2869484424591064,0.0,0.0
621,1.9618958234786987,0.6474851369857788,24.616456985473633,8.973840713500977,0.4971292316913605,40.059478759765625,1.151072382926941,1.1505181789398193,41.85,0.9044608473777771,0.010511340573430061,0.06181171536445618,13.106302261352539,0.0,0.0,0.32424619793891907,1.7222342648892663e-05,0.008068948052823544,0.6854116320610046,0.0,0.0,1.1443824768066406,0.335910439491272,0.022153163328766823,0.4281606674194336,0.022308578714728355,0.7948885560035706,0.27785879373550415,0.012705475091934204,0.000933032832108438,0.46349313855171204,1.0,0.0,0.7795400023460388,0.29458263516426086,0.0004942391533404589,0.018408440053462982,0.0,0.0,0.34674370288848877,0.04384775087237358,0.0001365034986520186,1.2724164724349976,0.0,0.0
622,3.4420483112335205,0.16747356951236725,39.06568908691406,2.6716341972351074,0.6564393639564514,44.9100227355957,1.1596254110336304,1.1603658199310303,55.02,0.9725236296653748,0.12330959737300873,0.028346357867121696,3.1976633071899414,0.0,0.0,0.34087008237838745,0.00014488027954939753,0.0036293508019298315,0.926367461681366,0.0,0.0,0.9703258872032166,0.41826745867729187,0.013649707660079002,0.14392194151878357,0.008403991349041462,0.23429648578166962,0.2998521327972412,0.02476598508656025,0.00040977454045787454,0.7650288343429565,1.0,0.0,0.8228582143783569,0.2591107189655304,0.0005180254229344428,0.018121566623449326,0.0,0.0,0.34200161695480347,0.055569056421518326,0.00015844139852561057,1.2331572771072388,0.0,0.0
623,3.999345302581787,0.14422476291656494,30.974586486816406,5.034575462341309,0.7093450427055359,51.34400939941406,1.2465503215789795,1.2470788955688477,34.0,1.0580565929412842,0.14209051430225372,0.020774494856595993,2.428722858428955,0.0,0.0,0.33559900522232056,0.00013353706162888557,0.003899290459230542,0.9331100583076477,0.0,0.0,1.01213538646698,0.5034770965576172,0.015003403648734093,0.1910482794046402,0.010916108265519142,0.3362727761268616,0.3036715090274811,0.027137627825140953,0.0005394429317675531,0.763039767742157,1.0,0.0,0.8578645586967468,0.2066175639629364,0.0005692470003850758,0.018938148394227028,0.0,0.0,0.3415073752403259,0.06721803545951843,6.658885831711814e-05,1.278038501739502,0.0,0.0
624,4.297153949737549,0.5345166325569153,20.0546932220459,5.501241207122803,0.6550543308258057,46.46356964111328,1.066434621810913,1.0639032125473022,223.11,1.0466976165771484,0.01673036254942417,0.043685153126716614,11.078575134277344,0.0,0.0,0.29647719860076904,8.618507081337157e-07,0.0034614221658557653,0.7383087873458862,0.0,0.0,1.1346185207366943,0.505111575126648,0.015941401943564415,0.2446630895137787,0.012539946474134922,0.42636093497276306,0.2937834858894348,0.022152727469801903,0.0005604501347988844,0.7028541564941406,1.0,0.0,0.9017354846000671,0.20190881192684174,0.0005847468855790794,0.020144902169704437,0.0,0.0,0.3432861864566803,0.06136803701519966,6.415863754227757e-05,1.284881353378296,0.0,0.0
625,1.5431448221206665,0.6198495030403137,26.163406372070312,3.3915419578552246,0.5932704210281372,48.17406463623047,1.1044803857803345,1.1031060218811035,112.8,0.8215774297714233,0.007451601326465607,0.08186223357915878,14.074280738830566,0.0,0.0,0.3298722803592682,6.945484346942976e-05,0.002969945315271616,0.7000194191932678,0.0,0.0,1.034327745437622,0.5814861059188843,0.015494481660425663,0.18671482801437378,0.011003117077052593,0.31595730781555176,0.292181134223938,0.021272489801049232,0.0005201349267736077,0.671075165271759,1.0,0.0,0.9174929261207581,0.18939588963985443,0.0006071384996175766,0.02042885310947895,0.0,0.0,0.3454563319683075,0.06603803485631943,5.631226667901501e-05,1.2835203409194946,0.0,0.0
626,4.8483805656433105,0.8910554051399231,31.68182373046875,5.540107250213623,0.5461331605911255,51.781455993652344,1.156065583229065,1.1558043956756592,19.55,0.8517968654632568,0.015272078104317188,0.05087345093488693,20.915273666381836,0.0,0.0,0.35142165422439575,3.116893640253693e-05,0.003494426142424345,0.6006205677986145,0.0,0.0,1.0599061250686646,0.45276597142219543,0.018369369208812714,0.27458953857421875,0.01564653404057026,0.5011153817176819,0.28671973943710327,0.017044445499777794,0.0007285193423740566,0.5578868389129639,1.0,0.0,0.8591940999031067,0.23165445029735565,0.0005570035427808762,0.019618874415755272,0.0,0.0,0.34555748105049133,0.053902458399534225,9.264508116757497e-05,1.273518681526184,0.0,0.0
627,4.202051162719727,0.33386746048927307,36.36031723022461,9.712189674377441,0.5838184952735901,75.0686264038086,1.2917696237564087,1.2910544872283936,42.88,1.1185238361358643,0.04981023073196411,0.02672913856804371,5.604776382446289,0.0,0.0,0.3003928065299988,2.976401628984604e-05,0.0036445986479520798,0.8295503258705139,0.0,0.0,1.1127134561538696,0.3921007812023163,0.021411927416920662,0.36254122853279114,0.021054403856396675,0.7018244862556458,0.2896434962749481,0.01709918864071369,0.0009715217165648937,0.5143827795982361,1.0,0.0,0.8194741010665894,0.248912051320076,0.0005434947088360786,0.01884150132536888,0.0,0.0,0.3433009386062622,0.056281667202711105,5.791568764834665e-05,1.2913621664047241,0.0,0.0
628,5.353663444519043,0.3281882405281067,25.407299041748047,3.4582221508026123,0.6903604865074158,46.02334976196289,1.0849945545196533,1.0850576162338257,5.36,1.1397417783737183,0.06660042703151703,0.02939974144101143,5.9366960525512695,0.0,0.0,0.2958323359489441,3.735776772373356e-05,0.003043569391593337,0.8404819369316101,0.0,0.0,1.06222665309906,0.5532057881355286,0.013681210577487946,0.15850190818309784,0.008758521638810635,0.26400184631347656,0.30090275406837463,0.025860756635665894,0.00043041465687565506,0.7922276854515076,1.0,0.0,0.9173935651779175,0.18575336039066315,0.0006041284650564194,0.020081326365470886,0.0,0.0,0.34309646487236023,0.0716024711728096,5.846108615514822e-05,1.2808809280395508,0.0,0.0
629,4.459063529968262,0.1768743395805359,25.29756736755371,3.430527448654175,0.7368338704109192,50.03668975830078,1.112051248550415,1.1104273796081543,131.5,1.1095914840698242,0.14280828833580017,0.02161952294409275,2.956037759780884,0.0,0.0,0.3253716230392456,0.00011779494525399059,0.003159186104312539,0.9199689030647278,0.0,0.0,1.0177321434020996,0.5532389283180237,0.012773087248206139,0.14083948731422424,0.007560619153082371,0.2299705296754837,0.30548393726348877,0.029625410214066505,0.00037858603172935545,0.8564188480377197,1.0,0.0,0.9253968596458435,0.16319283843040466,0.0006195792811922729,0.01996329426765442,0.0,0.0,0.342192679643631,0.08063327521085739,4.097147757420316e-05,1.2893515825271606,0.0,0.0
630,1.4917751550674438,0.07589061558246613,18.454858779907227,9.57919692993164,0.4017381966114044,45.960205078125,1.0428571701049805,1.0436079502105713,68.98,1.009389877319336,0.12787745893001556,0.016745053231716156,2.519397020339966,0.0,0.0,0.37317290902137756,0.000115220456791576,0.013413404114544392,0.9728450179100037,0.0,0.0,1.2403647899627686,0.29824018478393555,0.024021372199058533,0.5344712138175964,0.02469436265528202,0.9700319766998291,0.26353010535240173,0.008063633926212788,0.0009102430776692927,0.4097874164581299,1.0,0.0,0.6843408942222595,0.35102689266204834,0.00044064634130336344,0.016790324822068214,0.0,0.0,0.3483743667602539,0.039412721991539,8.432006143266335e-05,1.292170524597168,0.0,0.0
631,4.039640426635742,0.023613939061760902,27.831615447998047,4.139597415924072,0.4338081181049347,42.76007080078125,1.0481960773468018,1.0470497608184814,104.45,1.027221918106079,0.1792616993188858,0.008463392034173012,1.4207642078399658,0.0,0.0,0.36127471923828125,0.00014641182497143745,0.010382523760199547,1.01205575466156,0.0,0.0,1.1091010570526123,0.33845072984695435,0.0182559285312891,0.26191091537475586,0.014647639356553555,0.4550457000732422,0.27636656165122986,0.012726026587188244,0.0006747079314664006,0.48726561665534973,1.0,0.0,0.7065759897232056,0.356001615524292,0.00046508826198987663,0.01703798770904541,0.0,0.0,0.350237637758255,0.04622373729944229,0.00015318175428546965,1.2677425146102905,0.0,0.0
632,3.364346504211426,0.14461936056613922,38.39828872680664,3.30485200881958,0.7009023427963257,42.129486083984375,1.2088053226470947,1.2094650268554688,45.12,0.9722049832344055,0.13707761466503143,0.028350261971354485,2.7166476249694824,0.0,0.0,0.34571075439453125,0.00014204936451278627,0.0038492048624902964,0.9356701374053955,0.0,0.0,0.9449313879013062,0.4114818871021271,0.013312216848134995,0.14858274161815643,0.008549372665584087,0.24820752441883087,0.3035470247268677,0.026934416964650154,0.0004220866539981216,0.8017468452453613,1.0,0.0,0.8127918839454651,0.2590923607349396,0.0005039689131081104,0.017729731276631355,0.0,0.0,0.34015530347824097,0.054169028997421265,0.00017388480773661286,1.2245590686798096,0.0,0.0
633,1.4226438999176025,0.6894358992576599,17.278865814208984,9.16940689086914,0.6121326088905334,40.04153823852539,1.1088976860046387,1.1064479351043701,199.66,0.9086682200431824,0.00864042341709137,0.07285437732934952,11.524575233459473,0.0,0.0,0.32948756217956543,3.078742520301603e-05,0.005937954410910606,0.6715261936187744,0.0,0.0,1.1406018733978271,0.4773213565349579,0.020042182877659798,0.38574230670928955,0.01889238879084587,0.6919539570808411,0.28641965985298157,0.01867491751909256,0.0007414896390400827,0.5944919586181641,1.0,0.0,0.82872074842453,0.2242971509695053,0.0005259534809738398,0.018950430676341057,0.0,0.0,0.3436366021633148,0.05023790895938873,9.775276703294367e-05,1.28376042842865,0.0,0.0
634,4.830557823181152,0.6899371147155762,29.407474517822266,7.195646286010742,0.6903379559516907,55.46123504638672,1.2506580352783203,1.251806616783142,73.36,1.0064449310302734,0.00818900391459465,0.047984879463911057,15.503605842590332,0.0,0.0,0.30664777755737305,9.783998393686488e-07,0.002509125042706728,0.6677341461181641,0.0,0.0,1.0756745338439941,0.5240237712860107,0.016812678426504135,0.2543271481990814,0.01442292146384716,0.4717991352081299,0.30001652240753174,0.023879986256361008,0.0006880815490148962,0.6896814703941345,1.0,0.0,0.9063360691070557,0.1963251233100891,0.0005899097886867821,0.02001165598630905,0.0,0.0,0.34141379594802856,0.06401386111974716,5.985557072563097e-05,1.2821654081344604,0.0,0.0
635,4.986881256103516,0.8262742161750793,20.360591888427734,3.7122933864593506,0.7312909364700317,48.52349090576172,1.0038700103759766,1.003062129020691,80.23,0.9351580739021301,0.008500715717673302,0.055972278118133545,19.67681121826172,0.0,0.0,0.32708320021629333,9.92559193946363e-07,0.0016355016268789768,0.6196866035461426,0.0,0.0,1.0648984909057617,0.5476165413856506,0.012473268434405327,0.15504483878612518,0.007893233560025692,0.2562278211116791,0.30119600892066956,0.0276348739862442,0.0003822963626589626,0.8499494194984436,1.0,0.0,1.0036317110061646,0.13955186307430267,0.0006550019606947899,0.0213792622089386,0.0,0.0,0.34223228693008423,0.08064217865467072,3.714231570484117e-05,1.2897326946258545,0.0,0.0
636,2.2037203311920166,0.6654505729675293,29.3007869720459,3.4168076515197754,0.4580119550228119,41.34004211425781,1.0480784177780151,1.0479073524475098,15.58,0.8476811647415161,0.005233321338891983,0.06952202320098877,15.297624588012695,0.0,0.0,0.3303913176059723,2.570920878497418e-05,0.006331196986138821,0.6993587613105774,0.0,0.0,1.095671534538269,0.43576809763908386,0.01702761836349964,0.22081318497657776,0.013171788305044174,0.37465620040893555,0.27956634759902954,0.014156137593090534,0.0006335357902571559,0.523910641670227,1.0,0.0,0.8165916204452515,0.27527791261672974,0.000526747084222734,0.019070392474532127,0.0,0.0,0.34999027848243713,0.05016421899199486,0.00013315034448169172,1.2635877132415771,0.0,0.0
637,3.280830144882202,0.24840062856674194,41.62567901611328,9.563218116760254,0.5914520621299744,41.857933044433594,1.2904425859451294,1.2906476259231567,12.31,1.0259795188903809,0.05859416723251343,0.031038792803883553,4.673679351806641,0.0,0.0,0.31894880533218384,4.562692265608348e-05,0.010263193398714066,0.8586547374725342,0.0,0.0,0.9886019229888916,0.19905588030815125,0.020700862631201744,0.33625930547714233,0.021363476291298866,0.6498652696609497,0.29064157605171204,0.016161326318979263,0.0010027089156210423,0.5063318610191345,1.0,0.0,0.6854104995727539,0.4570985734462738,0.00039532530354335904,0.015850111842155457,0.0,0.0,0.34044039249420166,0.03153270110487938,0.0003986202063970268,1.1879597902297974,0.0,0.0
638,3.0535686016082764,0.13730013370513916,37.72827911376953,4.3960161209106445,0.6993635892868042,44.29010009765625,1.2700167894363403,1.272318959236145,142.47,0.9482519030570984,0.12926098704338074,0.028854113072156906,2.5224545001983643,0.0,0.0,0.35057222843170166,0.00015345588326454163,0.004076563753187656,0.9338129162788391,0.0,0.0,0.9540629982948303,0.39082950353622437,0.01443917490541935,0.1756976991891861,0.010375456884503365,0.3077023923397064,0.30299416184425354,0.026209194213151932,0.0005149620701558888,0.7633505463600159,1.0,0.0,0.8065823912620544,0.26278313994407654,0.0005062071140855551,0.017772695049643517,0.0,0.0,0.3401027321815491,0.053702592849731445,0.0001583177800057456,1.234145998954773,0.0,0.0
639,1.6201221942901611,0.7679298520088196,34.79685592651367,5.186206340789795,0.6229662299156189,41.426761627197266,1.2445149421691895,1.2444665431976318,3.13,0.7617530822753906,0.006131333764642477,0.09513396769762039,18.283296585083008,0.0,0.0,0.3398182690143585,4.4701737351715565e-05,0.003566477447748184,0.6289761662483215,0.0,0.0,0.9724474549293518,0.41849905252456665,0.016674214974045753,0.22679395973682404,0.01375567726790905,0.40805864334106445,0.29593968391418457,0.021400436758995056,0.0006671528681181371,0.6435586810112,1.0,0.0,0.84685218334198,0.24772576987743378,0.0005247248918749392,0.018910469487309456,0.0,0.0,0.3429846465587616,0.049691010266542435,0.0001554453483549878,1.2383193969726562,0.0,0.0
640,2.0906825065612793,0.5855725407600403,23.7891845703125,3.305917978286743,0.671256422996521,54.9777717590332,1.0961854457855225,1.0951098203659058,89.6,0.9039213061332703,0.01258932426571846,0.07294833660125732,11.7877836227417,0.0,0.0,0.3207121193408966,6.108607340138406e-05,0.0022190141025930643,0.7111720442771912,0.0,0.0,1.0228781700134277,0.5914310216903687,0.01405867375433445,0.16173799335956573,0.009030497632920742,0.2682584822177887,0.2986188232898712,0.026004796847701073,0.00042366617708466947,0.77300626039505,1.0,0.0,0.981494665145874,0.14449802041053772,0.0006526380311697721,0.021110020577907562,0.0,0.0,0.34326520562171936,0.07891122251749039,3.682741225929931e-05,1.2920607328414917,0.0,0.0
641,5.043939590454102,0.8548845648765564,26.14378547668457,8.957619667053223,0.7444541454315186,46.29829406738281,1.2530008554458618,1.2510613203048706,123.73,0.8986859321594238,0.01625547930598259,0.05326727032661438,19.237533569335938,0.0,0.0,0.3361360728740692,2.584001049399376e-05,0.0023198500275611877,0.6048958897590637,0.0,0.0,1.0133514404296875,0.529272198677063,0.01629106141626835,0.2642928659915924,0.01424598041921854,0.48763933777809143,0.30338501930236816,0.026355048641562462,0.0006700378144159913,0.7339903712272644,1.0,0.0,0.9167388081550598,0.18475210666656494,0.0005875597125850618,0.020047208294272423,0.0,0.0,0.340257465839386,0.06210339069366455,7.137732609407976e-05,1.2743338346481323,0.0,0.0
642,2.372577667236328,0.5699658393859863,31.47616195678711,2.4016106128692627,0.5308579802513123,46.76814270019531,1.048101544380188,1.0484617948532104,32.78,0.8867412209510803,0.011269398033618927,0.06570777297019958,12.657781600952148,0.0,0.0,0.321729451417923,5.227714063948952e-05,0.0037622740492224693,0.730518639087677,0.0,0.0,1.0592705011367798,0.516480565071106,0.015334932133555412,0.1619780957698822,0.010056564584374428,0.2608843147754669,0.2881428003311157,0.01856316812336445,0.0004964529071003199,0.6260499954223633,1.0,0.0,0.8813184499740601,0.22341452538967133,0.0005780887440778315,0.01994861289858818,0.0,0.0,0.347684770822525,0.06001882627606392,9.121623588725924e-05,1.2691526412963867,0.0,0.0
643,4.240080833435059,0.04846256971359253,18.797985076904297,8.664999008178711,0.4124264717102051,45.85108947753906,1.0118199586868286,1.0113111734390259,49.72,1.1648075580596924,0.16595526039600372,0.004622781183570623,2.4329779148101807,0.0,0.0,0.3399714529514313,7.005521183600649e-05,0.01410030946135521,0.9847085475921631,0.0,0.0,1.2648214101791382,0.2732539176940918,0.022761041298508644,0.4954628646373749,0.022550292313098907,0.8921075463294983,0.2654583156108856,0.008555005304515362,0.0008473438792861998,0.4291517436504364,1.0,0.0,0.6795184016227722,0.3758125901222229,0.0004382964107207954,0.01667162962257862,0.0,0.0,0.3482232987880707,0.04046481475234032,9.53479902818799e-05,1.2881298065185547,0.0,0.0
644,1.8195010423660278,0.1355886310338974,36.9887580871582,2.2503609657287598,0.6282264590263367,55.46711730957031,1.1204396486282349,1.12172532081604,102.3,0.8638303279876709,0.15536069869995117,0.03752373531460762,2.5217926502227783,0.0,0.0,0.3771432936191559,0.0002855227212421596,0.002036904450505972,0.9371660947799683,0.0,0.0,0.9881252646446228,0.6142603158950806,0.013934480026364326,0.13984455168247223,0.00804978795349598,0.22148321568965912,0.29714035987854004,0.024689964950084686,0.00037866036291234195,0.7480264902114868,1.0,0.0,0.8863651156425476,0.19058312475681305,0.0005956576787866652,0.019562464207410812,0.0,0.0,0.3444492518901825,0.07071173191070557,5.9864345530513674e-05,1.2806549072265625,0.0,0.0
645,1.6438348293304443,0.9681780338287354,29.047569274902344,6.655829429626465,0.43954694271087646,47.46729278564453,1.1283667087554932,1.129241943359375,68.69,0.6671319007873535,0.018940778449177742,0.08497289568185806,23.291410446166992,0.0,0.0,0.38875269889831543,6.572886923095211e-05,0.005806746426969767,0.5869396328926086,0.0,0.0,1.0712916851043701,0.4190116822719574,0.020859189331531525,0.3597842752933502,0.019850704818964005,0.6652525663375854,0.2748927175998688,0.011584280990064144,0.0008807972772046924,0.43797072768211365,1.0,0.0,0.8182200789451599,0.2500092685222626,0.0005323954974301159,0.019349725916981697,0.0,0.0,0.34953463077545166,0.04736889898777008,9.688401769381016e-05,1.280220866203308,0.0,0.0
646,5.203125953674316,0.3378715515136719,19.82515525817871,9.219552993774414,0.4344853162765503,45.01176071166992,1.0085524320602417,1.0097393989562988,116.55,1.197363257408142,0.053014125674963,0.02091902866959572,6.189924716949463,0.0,0.0,0.29151400923728943,7.192990665316756e-07,0.011760284192860126,0.8279206156730652,0.0,0.0,1.31931471824646,0.2857414782047272,0.02265692874789238,0.5017516613006592,0.02300555631518364,0.9180965423583984,0.26717984676361084,0.008866662159562111,0.0008772743749432266,0.44016388058662415,1.0,0.0,0.7395675778388977,0.33466437458992004,0.0004708007909357548,0.017868127673864365,0.0,0.0,0.34765100479125977,0.04201172664761543,9.933786350302398e-05,1.286787748336792,0.0,0.0
647,3.243382692337036,0.03117085061967373,40.725563049316406,4.968656063079834,0.6765722632408142,43.45393753051758,1.2847539186477661,1.285844087600708,65.99,0.9455843567848206,0.17277885973453522,0.017799824476242065,1.0034183263778687,0.0,0.0,0.3732875883579254,0.0001619397517060861,0.0058033401146531105,0.9984420537948608,0.0,0.0,0.9320361614227295,0.3180060088634491,0.015350748784840107,0.19637416303157806,0.011962982825934887,0.3511878550052643,0.30041739344596863,0.024276716634631157,0.0005833533359691501,0.7143670916557312,1.0,0.0,0.7389015555381775,0.330459326505661,0.00045096181565895677,0.016487235203385353,0.0,0.0,0.33974096179008484,0.04532366618514061,0.00024265631509479135,1.2129708528518677,0.0,0.0
648,2.5615386962890625,0.39635923504829407,20.085128784179688,8.83367919921875,0.49923649430274963,59.77323913574219,1.0835318565368652,1.0843850374221802,72.61,1.049831748008728,0.03532261773943901,0.03860841318964958,6.54477071762085,0.0,0.0,0.31252384185791016,3.137492967653088e-05,0.00632444629445672,0.8029001951217651,0.0,0.0,1.1884552240371704,0.33849862217903137,0.021679816767573357,0.4370327293872833,0.0214938223361969,0.8122058510780334,0.2759033441543579,0.012665096670389175,0.0008571394719183445,0.48446425795555115,1.0,0.0,0.7922651171684265,0.276885062456131,0.0005112822982482612,0.018583962693810463,0.0,0.0,0.3451923429965973,0.04736045375466347,9.355947258882225e-05,1.285428762435913,0.0,0.0
649,5.013949871063232,0.4357724189758301,17.768489837646484,8.119032859802246,0.706885576248169,54.699256896972656,1.0642242431640625,1.0639516115188599,24.08,1.1192353963851929,0.03357594460248947,0.03421618416905403,8.308880805969238,0.0,0.0,0.2899305522441864,3.2899808957154164e-06,0.003682957496494055,0.7924697399139404,0.0,0.0,1.1339362859725952,0.47015130519866943,0.01641375757753849,0.2934623956680298,0.01406840980052948,0.5230790376663208,0.2967372536659241,0.023595711216330528,0.0006027052877470851,0.7240251302719116,1.0,0.0,0.9003559947013855,0.1979871243238449,0.000581440282985568,0.020054159685969353,0.0,0.0,0.34191974997520447,0.0603073425590992,6.464988109655678e-05,1.2860347032546997,0.0,0.0
650,5.220785140991211,0.00634336331859231,27.563386917114258,3.308624029159546,0.5618422031402588,50.936832427978516,1.0840314626693726,1.0848546028137207,69.99,1.1020290851593018,0.2345612496137619,0.0076952725648880005,0.8638433814048767,0.0,0.0,0.3537619113922119,0.0001618571113795042,0.0065077729523181915,1.0183405876159668,0.0,0.0,1.057080864906311,0.4730287194252014,0.0161761362105608,0.19215402007102966,0.0112721286714077,0.3258506655693054,0.2901615500450134,0.019708752632141113,0.0005279345787130296,0.6363815665245056,1.0,0.0,0.7864084243774414,0.2517707943916321,0.0005304474616423249,0.01805374026298523,0.0,0.0,0.34654903411865234,0.062498897314071655,7.446122617693618e-05,1.28336501121521,0.0,0.0
651,5.583611011505127,0.5822243094444275,30.8595027923584,6.55694580078125,0.595259964466095,58.758811950683594,1.195785403251648,1.1945098638534546,89.3,1.0836414098739624,0.012648743577301502,0.03659093379974365,12.386298179626465,0.0,0.0,0.29485341906547546,9.929135558195412e-07,0.0036551393568515778,0.7176054120063782,0.0,0.0,1.1265021562576294,0.44309335947036743,0.018397176638245583,0.28514179587364197,0.016212256625294685,0.5325758457183838,0.291212797164917,0.018697666004300117,0.0007591025205329061,0.5901606678962708,1.0,0.0,0.8581810593605042,0.2341269999742508,0.0005616741837002337,0.0194757878780365,0.0,0.0,0.34393060207366943,0.05860484391450882,6.90917659085244e-05,1.283427119255066,0.0,0.0
652,2.976069688796997,0.6092337965965271,27.665184020996094,6.743445873260498,0.6139146089553833,43.727272033691406,1.208280086517334,1.2092443704605103,66.0,0.9489411115646362,0.01040242426097393,0.05779577046632767,13.207077026367188,0.0,0.0,0.31112614274024963,1.5097221876203548e-05,0.004367368295788765,0.696672797203064,0.0,0.0,1.0683870315551758,0.41590186953544617,0.01819305494427681,0.2856285572052002,0.016074353829026222,0.5248885154724121,0.2926293611526489,0.01988891325891018,0.0007430242840200663,0.6075651049613953,1.0,0.0,0.8506103754043579,0.23878246545791626,0.0005446458235383034,0.019256988540291786,0.0,0.0,0.343557745218277,0.05361287668347359,0.00010439691686769947,1.2671066522598267,0.0,0.0
653,1.7984201908111572,0.14740966260433197,33.11847686767578,8.688543319702148,0.5038082599639893,52.82356262207031,1.233150839805603,1.2355093955993652,154.8,0.9379664659500122,0.09354240447282791,0.02871674671769142,2.8488149642944336,0.0,0.0,0.35977378487586975,0.0001502948289271444,0.008612576872110367,0.9168367981910706,0.0,0.0,1.0703206062316895,0.31696102023124695,0.02211284078657627,0.3878679573535919,0.022035880014300346,0.7379500865936279,0.28148743510246277,0.01351722702383995,0.0009914628462865949,0.4517759680747986,1.0,0.0,0.7424290180206299,0.309041291475296,0.00048473410424776375,0.017618328332901,0.0,0.0,0.34621065855026245,0.046031318604946136,0.00012482167221605778,1.2728840112686157,0.0,0.0
654,1.7945107221603394,0.09123142063617706,24.26197052001953,7.606875419616699,0.7278717160224915,51.9514274597168,1.2668653726577759,1.2680178880691528,71.74,0.9493473172187805,0.15111444890499115,0.029721243306994438,1.4313035011291504,0.0,0.0,0.37956851720809937,0.00022114277817308903,0.0039552259258925915,0.9555283188819885,0.0,0.0,0.9947248697280884,0.5105805993080139,0.016473008319735527,0.2482214868068695,0.01347691286355257,0.4504217505455017,0.3029553294181824,0.027545934543013573,0.0006217785994522274,0.7337850332260132,1.0,0.0,0.8445008397102356,0.2013041228055954,0.0005609180079773068,0.018811972811818123,0.0,0.0,0.34115317463874817,0.06304077059030533,5.8015273680211976e-05,1.2874969244003296,0.0,0.0
655,1.9934576749801636,0.2775704264640808,40.6466178894043,4.909887313842773,0.537629246711731,57.723121643066406,1.2237237691879272,1.22328519821167,29.3,0.9244303107261658,0.05884083732962608,0.043049074709415436,4.571589469909668,0.0,0.0,0.34023115038871765,0.000133366760564968,0.0037377667613327503,0.8619346618652344,0.0,0.0,1.0426748991012573,0.39674195647239685,0.01782584749162197,0.24515841901302338,0.014839540235698223,0.4473486542701721,0.28695905208587646,0.016721749678254128,0.0007235878729261458,0.5568169355392456,1.0,0.0,0.8057194352149963,0.2718043327331543,0.0005259476602077484,0.01859976351261139,0.0,0.0,0.34591713547706604,0.05236545950174332,0.00011344189988449216,1.267420768737793,0.0,0.0
656,1.2517906427383423,0.9858136177062988,24.62527847290039,5.519855976104736,0.724653422832489,41.340538024902344,1.223182201385498,1.223892092704773,47.42,0.6318799257278442,0.03406543657183647,0.11358898878097534,22.822132110595703,0.0,0.0,0.38144367933273315,8.879703818820417e-05,0.0023828165140002966,0.5498834252357483,0.0,0.0,0.9430981278419495,0.564831554889679,0.014789169654250145,0.20214389264583588,0.011029808782041073,0.3536764979362488,0.3031151592731476,0.028087833896279335,0.0005283213686197996,0.7773450016975403,1.0,0.0,0.9559603929519653,0.15934975445270538,0.0006171925342641771,0.020755531266331673,0.0,0.0,0.341537207365036,0.06437018513679504,6.397286051651463e-05,1.274741768836975,0.0,0.0
657,2.9079525470733643,0.4996723234653473,17.916854858398438,9.303942680358887,0.7017266154289246,57.746482849121094,1.1355910301208496,1.135022521018982,44.11,1.0135416984558105,0.021485453471541405,0.0506560392677784,9.10661792755127,0.0,0.0,0.3062049150466919,3.1940784538164735e-05,0.003032373497262597,0.7576481699943542,0.0,0.0,1.0883711576461792,0.4658612012863159,0.017479484900832176,0.32118603587150574,0.015802690759301186,0.5836392641067505,0.2962978780269623,0.02342185750603676,0.0006632499862462282,0.693846583366394,1.0,0.0,0.8938843607902527,0.19932956993579865,0.0005760620697401464,0.01988869719207287,0.0,0.0,0.3413103222846985,0.05829666927456856,7.016112067503855e-05,1.2828973531723022,0.0,0.0
658,2.3938612937927246,0.19209714233875275,18.38035774230957,6.007262229919434,0.7277652025222778,47.48542404174805,1.1226928234100342,1.1211096048355103,125.79,1.0319771766662598,0.11667999625205994,0.03259184584021568,2.516746997833252,0.0,0.0,0.3458518385887146,0.0001407842501066625,0.004324344918131828,0.9097172617912292,0.0,0.0,1.0527713298797607,0.5394191145896912,0.014910269528627396,0.22253653407096863,0.01110829971730709,0.38369208574295044,0.30085423588752747,0.027434132993221283,0.0005024461424909532,0.783998429775238,1.0,0.0,0.8698620796203613,0.1925557404756546,0.000570697127841413,0.01926896907389164,0.0,0.0,0.341817706823349,0.06381185352802277,6.094940545153804e-05,1.2874925136566162,0.0,0.0
659,5.11282205581665,0.8996831774711609,25.32490348815918,8.506242752075195,0.5686848759651184,59.89452362060547,1.1413801908493042,1.1428320407867432,111.3,0.8577572703361511,0.018047479912638664,0.047571051865816116,20.866914749145508,0.0,0.0,0.35369738936424255,4.4795968278776854e-05,0.0030081612057983875,0.5951198935508728,0.0,0.0,1.0925750732421875,0.4661523103713989,0.020346930250525475,0.37299737334251404,0.01932252198457718,0.6980940699577332,0.2849026322364807,0.016491124406456947,0.0008191392989829183,0.5437825918197632,1.0,0.0,0.8697083592414856,0.20885907113552094,0.0005666482611559331,0.019787127152085304,0.0,0.0,0.34417563676834106,0.05567380040884018,6.185007077874616e-05,1.2875192165374756,0.0,0.0
660,1.8302619457244873,0.5528042912483215,37.61399459838867,3.1898372173309326,0.7950326800346375,48.40031814575195,1.2261162996292114,1.223736047744751,158.64,0.8882593512535095,0.016162486746907234,0.0852721706032753,10.66151237487793,0.0,0.0,0.3200962543487549,8.297256863443181e-05,0.001416365266777575,0.7083415389060974,0.0,0.0,0.9590342044830322,0.5071480870246887,0.010776038281619549,0.1190618947148323,0.005783989559859037,0.1885901689529419,0.31114310026168823,0.03356118127703667,0.00028869585366919637,0.9465426206588745,1.0,0.0,0.9865094423294067,0.1542021483182907,0.0006230169674381614,0.020403608679771423,0.0,0.0,0.33778873085975647,0.075527623295784,7.514691969845444e-05,1.2555065155029297,0.0,0.0
661,2.3285515308380127,0.18422536551952362,16.337268829345703,6.349374294281006,0.7970650792121887,49.80925750732422,1.097121000289917,1.0986647605895996,128.07,1.0579391717910767,0.13436530530452728,0.03323141112923622,2.1631009578704834,0.0,0.0,0.3496137261390686,0.0001482855441281572,0.0037019667215645313,0.921394944190979,0.0,0.0,1.0397717952728271,0.522341251373291,0.012937173247337341,0.1934526264667511,0.009005465544760227,0.3290700316429138,0.30623507499694824,0.03156290203332901,0.0004283106536604464,0.8765906095504761,1.0,0.0,0.904000461101532,0.16916903853416443,0.0005915993824601173,0.01965390332043171,0.0,0.0,0.34076255559921265,0.06942823529243469,5.2622777729993686e-05,1.2890055179595947,0.0,0.0
662,1.067984700202942,0.5107298493385315,28.87703514099121,7.615664958953857,0.6205727458000183,45.5620231628418,1.2605701684951782,1.259725570678711,53.19,0.8476309180259705,0.017295759171247482,0.07638604938983917,9.937202453613281,0.0,0.0,0.3300650417804718,7.784085028106347e-05,0.004341991152614355,0.7309049963951111,0.0,0.0,1.0318278074264526,0.42927470803260803,0.019074298441410065,0.30388715863227844,0.017379984259605408,0.5573788285255432,0.29352515935897827,0.020542791113257408,0.0007986379787325859,0.5926008224487305,1.0,0.0,0.8450377583503723,0.23151130974292755,0.0005433748010545969,0.019159091636538506,0.0,0.0,0.34321147203445435,0.05253257229924202,0.00010367255163146183,1.2687526941299438,0.0,0.0
663,4.547159194946289,0.5234545469284058,19.63695526123047,9.099678993225098,0.7112948298454285,51.09452438354492,1.1364408731460571,1.1343382596969604,163.11,1.075785517692566,0.02010260708630085,0.0411924310028553,10.888684272766113,0.0,0.0,0.29363173246383667,8.437202154709667e-07,0.0033082428853958845,0.7467458248138428,0.0,0.0,1.1177806854248047,0.4780654013156891,0.016921555623412132,0.30544185638427734,0.015278677456080914,0.5600106716156006,0.29783594608306885,0.023586131632328033,0.0006644544191658497,0.7078558206558228,1.0,0.0,0.8951308727264404,0.200346902012825,0.0005789395654574037,0.019926555454730988,0.0,0.0,0.34162354469299316,0.0609525628387928,6.0435919294832274e-05,1.2860536575317383,0.0,0.0
664,4.977143287658691,0.751542329788208,27.015344619750977,6.783171653747559,0.6519642472267151,44.3318977355957,1.1905938386917114,1.1930546760559082,173.24,0.9648697376251221,0.007194111589342356,0.049810249358415604,17.516403198242188,0.0,0.0,0.31688573956489563,9.204866842082993e-07,0.0032009228598326445,0.6441200971603394,0.0,0.0,1.0801976919174194,0.4713410437107086,0.017199454829096794,0.27140575647354126,0.01486800704151392,0.49524959921836853,0.29545921087265015,0.021700767800211906,0.0006874420796521008,0.6562722325325012,1.0,0.0,0.8772891759872437,0.21755027770996094,0.0005593160167336464,0.01960516721010208,0.0,0.0,0.3426075577735901,0.05686279013752937,9.348704770673066e-05,1.2700163125991821,0.0,0.0
665,1.1058014631271362,0.11458885669708252,15.35915756225586,6.795830726623535,0.6021268963813782,50.6845817565918,1.0449081659317017,1.0447543859481812,14.09,1.1856672763824463,0.11509432643651962,0.026566924527287483,0.7510650753974915,0.0,0.0,0.38110336661338806,0.0001644029252929613,0.0070858309045434,0.9551548361778259,0.0,0.0,1.1594178676605225,0.49514079093933105,0.018906721845269203,0.32254818081855774,0.01543672289699316,0.5628073215484619,0.2862219214439392,0.019917301833629608,0.0005820814403705299,0.6241462230682373,1.0,0.0,0.7704627513885498,0.24398618936538696,0.0004928526468575001,0.01773923821747303,0.0,0.0,0.34351474046707153,0.049196794629096985,0.00010399390885140747,1.2854543924331665,0.0,0.0
666,4.819399833679199,0.0456358976662159,41.11659622192383,3.5135936737060547,0.595258891582489,56.104061126708984,1.201051115989685,1.2000631093978882,68.55,1.0623267889022827,0.19175522029399872,0.008774964138865471,1.1527553796768188,0.0,0.0,0.3487027883529663,0.000148180581163615,0.0053772046230733395,1.0048274993896484,0.0,0.0,1.014298915863037,0.4040244519710541,0.015753353014588356,0.1844722330570221,0.011250738054513931,0.318435400724411,0.29381486773490906,0.02099009044468403,0.0005492343916557729,0.660841166973114,1.0,0.0,0.7713419198989868,0.2853780686855316,0.0005062237614765763,0.0175622645765543,0.0,0.0,0.34408125281333923,0.05654506757855415,0.00012572876585181803,1.2599292993545532,0.0,0.0
667,1.5698572397232056,0.6444230675697327,27.419158935546875,8.842023849487305,0.4620514214038849,57.2900390625,1.1647568941116333,1.162584900856018,160.4,0.8755941987037659,0.007963865995407104,0.06764132529497147,13.31459903717041,0.0,0.0,0.329288512468338,1.4627145901613403e-05,0.004796946886926889,0.6909870505332947,0.0,0.0,1.1500933170318604,0.382441908121109,0.022505197674036026,0.4320436716079712,0.023108262568712234,0.8230615854263306,0.2751505672931671,0.011258075945079327,0.0009952022228389978,0.4294106960296631,1.0,0.0,0.8140856027603149,0.2560586929321289,0.0005322009092196822,0.019166870042681694,0.0,0.0,0.3473973274230957,0.04982845485210419,6.806181045249104e-05,1.2909923791885376,0.0,0.0
668,3.5954792499542236,0.2302708774805069,31.52421760559082,8.407044410705566,0.4598348140716553,54.31563186645508,1.178619384765625,1.1794394254684448,58.99,1.0984363555908203,0.07194483280181885,0.019685763865709305,3.987074613571167,0.0,0.0,0.3186701536178589,5.6782235333230346e-05,0.010089203715324402,0.8799870014190674,0.0,0.0,1.1466634273529053,0.290050745010376,0.022224200889468193,0.40797752141952515,0.022338135167956352,0.7797302603721619,0.27657249569892883,0.01120372861623764,0.0009972883854061365,0.42469850182533264,1.0,0.0,0.740743100643158,0.32954588532447815,0.00048400965170003474,0.01776094175875187,0.0,0.0,0.3475087285041809,0.04555557668209076,0.00012012237857561558,1.2773375511169434,0.0,0.0
669,4.635166645050049,0.888916015625,24.547807693481445,8.836847305297852,0.43660929799079895,79.95439147949219,1.0720328092575073,1.0721808671951294,12.88,0.7964960932731628,0.00957229919731617,0.05205433815717697,21.572010040283203,0.0,0.0,0.35455337166786194,2.171300548070576e-05,0.002125931903719902,0.61928790807724,0.0,0.0,1.131027102470398,0.31936895847320557,0.021821673959493637,0.4638154208660126,0.022937068715691566,0.8774613738059998,0.2695828378200531,0.009516855701804161,0.0009450526558794081,0.42820531129837036,1.0,0.0,0.815722644329071,0.27888840436935425,0.000512809376232326,0.019147783517837524,0.0,0.0,0.3460172712802887,0.04241703450679779,0.0001307152269873768,1.267392635345459,0.0,0.0
670,4.197214603424072,0.014607676304876804,32.215049743652344,4.587343692779541,0.48195508122444153,51.86054229736328,1.1310155391693115,1.130656123161316,28.11,1.0448992252349854,0.19108814001083374,0.006802829913794994,1.0663915872573853,0.0,0.0,0.36184161901474,0.0001606386504136026,0.009426167234778404,1.0132983922958374,0.0,0.0,1.0797110795974731,0.367849737405777,0.01851286180317402,0.2606649398803711,0.0150481928139925,0.4634520709514618,0.28212299942970276,0.014932495541870594,0.000711449480149895,0.5140067338943481,1.0,0.0,0.7312678694725037,0.31419387459754944,0.0004888500552624464,0.01735541597008705,0.0,0.0,0.3483562171459198,0.05155875161290169,0.00011778767657233402,1.2744760513305664,0.0,0.0
671,1.1326590776443481,0.3088724613189697,35.57071304321289,2.3188395500183105,0.48273664712905884,44.642051696777344,1.0503164529800415,1.050199270248413,10.62,0.8239721655845642,0.054639916867017746,0.05935296043753624,5.880710124969482,0.0,0.0,0.3555300533771515,0.00018258515046909451,0.005469430238008499,0.8613789081573486,0.0,0.0,1.0188772678375244,0.43145036697387695,0.015572872012853622,0.1649443805217743,0.010439464822411537,0.26672011613845825,0.28396618366241455,0.016200968995690346,0.0005258312448859215,0.5776926279067993,1.0,0.0,0.8063607215881348,0.2743929326534271,0.0005236613214947283,0.018687782809138298,0.0,0.0,0.34976091980934143,0.05164039134979248,0.000147167025716044,1.253232717514038,0.0,0.0
672,5.637813091278076,0.26419463753700256,24.196483612060547,2.6380937099456787,0.6652480959892273,45.90464401245117,1.001526117324829,1.0018932819366455,36.59,1.1562509536743164,0.09777805209159851,0.0254917461425066,4.6614508628845215,0.0,0.0,0.3009437024593353,5.7136105169774964e-05,0.003071555634960532,0.874496579170227,0.0,0.0,1.0674071311950684,0.5785372257232666,0.013420836068689823,0.14005208015441895,0.007926356978714466,0.22477056086063385,0.298656702041626,0.024763038381934166,0.0003831050416920334,0.7866458892822266,1.0,0.0,0.9099406003952026,0.18660791218280792,0.0006028162897564471,0.019968612119555473,0.0,0.0,0.3441430628299713,0.07379283010959625,5.522673382074572e-05,1.2832770347595215,0.0,0.0
673,1.1270016431808472,0.12005587667226791,27.14008140563965,7.007694244384766,0.6110721826553345,57.229854583740234,1.2321586608886719,1.2305861711502075,103.71,0.9394078254699707,0.11082788556814194,0.03447747975587845,1.4696162939071655,0.0,0.0,0.3836778402328491,0.00023957817757036537,0.00419656140729785,0.9358684420585632,0.0,0.0,1.0404636859893799,0.4678122103214264,0.019102269783616066,0.295658677816391,0.016282079741358757,0.5433594584465027,0.29228663444519043,0.021000050008296967,0.0007194782374426723,0.5994381904602051,1.0,0.0,0.8269564509391785,0.21923476457595825,0.0005513587384484708,0.018879136070609093,0.0,0.0,0.3438296616077423,0.057600777596235275,5.927863821852952e-05,1.2918092012405396,0.0,0.0
674,1.6846747398376465,0.8591371178627014,26.655210494995117,6.322518825531006,0.5938796997070312,57.66492462158203,1.1942856311798096,1.191642165184021,185.75,0.7226267457008362,0.010687488131225109,0.09268960356712341,20.7983455657959,0.0,0.0,0.355888307094574,4.672151044360362e-05,0.0017984920414164662,0.6060199737548828,0.0,0.0,1.0296660661697388,0.5639832615852356,0.018381362780928612,0.28415387868881226,0.015915293246507645,0.521966814994812,0.2905330955982208,0.01970319077372551,0.0007203631685115397,0.5972711443901062,1.0,0.0,0.9185182452201843,0.18290947377681732,0.0006069648079574108,0.020585617050528526,0.0,0.0,0.3443143963813782,0.061787549406290054,4.631722185877152e-05,1.2909053564071655,0.0,0.0
675,3.9455559253692627,0.2069506198167801,35.588478088378906,2.3262887001037598,0.6551995873451233,47.99973678588867,1.1107404232025146,1.1111180782318115,30.6,1.0333830118179321,0.11681044101715088,0.02689662203192711,3.8301005363464355,0.0,0.0,0.3275589346885681,0.00012731077731586993,0.0032378234900534153,0.9043799638748169,0.0,0.0,1.006645679473877,0.5107054114341736,0.013515215367078781,0.13301590085029602,0.007812884636223316,0.21018758416175842,0.30017662048339844,0.025325791910290718,0.0003829724155366421,0.775631844997406,1.0,0.0,0.8662228584289551,0.21809595823287964,0.0005645256023854017,0.019031165167689323,0.0,0.0,0.34310171008110046,0.06514206528663635,9.889142529573292e-05,1.259202480316162,0.0,0.0
676,3.306180953979492,0.6388165950775146,18.20447540283203,4.72260046005249,0.6205793023109436,53.39091491699219,1.0105825662612915,1.007164478302002,335.82,0.96169114112854,0.007193656172603369,0.056776221841573715,13.512663841247559,0.0,0.0,0.3105846345424652,4.580669155984651e-06,0.003171816235408187,0.6954233646392822,0.0,0.0,1.1264630556106567,0.5464150905609131,0.015929842367768288,0.23676162958145142,0.012239890173077583,0.4051075875759125,0.28975987434387207,0.020749039947986603,0.0005297567113302648,0.6831396818161011,1.0,0.0,0.9179883599281311,0.1920415312051773,0.0005949141923338175,0.020452791824936867,0.0,0.0,0.3436721861362457,0.061403583735227585,6.258791108848527e-05,1.2854602336883545,0.0,0.0
677,4.440815448760986,0.2443782091140747,41.46383285522461,3.402536153793335,0.5617251396179199,48.078285217285156,1.167588710784912,1.1687653064727783,86.22,1.0642518997192383,0.07365071773529053,0.024953626096248627,4.291346549987793,0.0,0.0,0.3142061233520508,6.887970812385902e-05,0.005546423606574535,0.8944274187088013,0.0,0.0,1.0245288610458374,0.33550235629081726,0.015815578401088715,0.18808868527412415,0.01165600586682558,0.3259367346763611,0.2907111644744873,0.018529022112488747,0.0005800137878395617,0.6236587762832642,1.0,0.0,0.7711929678916931,0.32661309838294983,0.0004812460974790156,0.01759151928126812,0.0,0.0,0.34463146328926086,0.04690464958548546,0.0002145997277693823,1.2285869121551514,0.0,0.0
678,4.3866963386535645,0.29903218150138855,30.68412208557129,4.37710428237915,0.40312737226486206,55.241416931152344,1.0435137748718262,1.04911208152771,511.37,1.1106821298599243,0.058867212384939194,0.02180654928088188,5.114561080932617,0.0,0.0,0.308688759803772,3.7547772080870345e-05,0.008964300155639648,0.8618839979171753,0.0,0.0,1.1843287944793701,0.3622055649757385,0.018586521968245506,0.2766467034816742,0.015554391779005527,0.4920460879802704,0.27308616042137146,0.010884402319788933,0.0007468664553016424,0.4525606036186218,1.0,0.0,0.7750847339630127,0.30837905406951904,0.0005156800034455955,0.018572362139821053,0.0,0.0,0.3508116602897644,0.05009467527270317,9.954058623407036e-05,1.282236933708191,0.0,0.0
679,1.861710548400879,0.013920733705163002,23.164562225341797,6.588853359222412,0.6550262570381165,42.44370651245117,1.2065097093582153,1.2066428661346436,9.15,1.0245274305343628,0.18220633268356323,0.01925029046833515,0.585513174533844,0.0,0.0,0.3983583450317383,0.000212887316592969,0.007555915508419275,1.003698706626892,0.0,0.0,1.0335464477539062,0.46704596281051636,0.017677322030067444,0.26721203327178955,0.01435389555990696,0.4790189862251282,0.295960009098053,0.02355322055518627,0.0006231025326997042,0.6674515604972839,1.0,0.0,0.7576813697814941,0.25392448902130127,0.0004933850723318756,0.01731867901980877,0.0,0.0,0.343132346868515,0.053805816918611526,0.00011236354475840926,1.2769992351531982,0.0,0.0
680,5.869457244873047,0.2975412607192993,30.79199981689453,8.78720760345459,0.6472976803779602,53.32105255126953,1.259603500366211,1.2613643407821655,110.83,1.1985467672348022,0.06186193972826004,0.025358164682984352,5.138829231262207,0.0,0.0,0.2919008433818817,1.62199794431217e-05,0.005725680850446224,0.8519332408905029,0.0,0.0,1.0965861082077026,0.3843644857406616,0.01920090802013874,0.31406381726264954,0.01775885932147503,0.5920886993408203,0.29614773392677307,0.020813776180148125,0.0008185712504200637,0.6078478097915649,1.0,0.0,0.8198308348655701,0.24983297288417816,0.0005320907803252339,0.018611827865242958,0.0,0.0,0.34211620688438416,0.05560872703790665,9.396544919582084e-05,1.2737089395523071,0.0,0.0
681,2.7549562454223633,0.1437043696641922,25.441184997558594,8.405167579650879,0.7435261011123657,45.09897994995117,1.286770224571228,1.2850552797317505,103.71,0.9793970584869385,0.1279003769159317,0.02867526188492775,2.5901501178741455,0.0,0.0,0.3490700423717499,0.00014172626833897084,0.004800012800842524,0.9271462559700012,0.0,0.0,0.9907653331756592,0.4407435655593872,0.016316527500748634,0.2510320246219635,0.013947825878858566,0.45944011211395264,0.30471372604370117,0.02738730050623417,0.0006647446425631642,0.737093448638916,1.0,0.0,0.8253923058509827,0.22744189202785492,0.0005386157426983118,0.01839969865977764,0.0,0.0,0.34044045209884644,0.059170324355363846,8.48779600346461e-05,1.2734674215316772,0.0,0.0
682,3.890329122543335,0.6075471043586731,44.50898361206055,2.7196857929229736,0.6960625648498535,45.00624465942383,1.173277497291565,1.1742428541183472,70.07,0.96396803855896,0.005300234537571669,0.062168188393116,13.4238920211792,0.0,0.0,0.301098495721817,1.428962491445418e-06,0.0022293925285339355,0.70988529920578,0.0,0.0,0.9848037362098694,0.41852355003356934,0.012400628067553043,0.13795484602451324,0.007691018283367157,0.22523918747901917,0.3022257089614868,0.02574816532433033,0.0003651136648841202,0.8193687200546265,1.0,0.0,0.8625828623771667,0.261357843875885,0.0005055972142145038,0.018359925597906113,0.0,0.0,0.3385200500488281,0.05091318115592003,0.00020788886467926204,1.2010471820831299,0.0,0.0
683,1.620646595954895,0.7918506264686584,30.869747161865234,9.605742454528809,0.4277477562427521,45.41042709350586,1.1816680431365967,1.1824485063552856,55.86,0.8085501790046692,0.00973475445061922,0.07107578963041306,17.104806900024414,0.0,0.0,0.3489525318145752,2.4590455723227933e-05,0.008438619785010815,0.6318381428718567,0.0,0.0,1.1221802234649658,0.3044707179069519,0.023581616580486298,0.4683346748352051,0.025494741275906563,0.8912322521209717,0.2719685435295105,0.009154370054602623,0.0010998703073710203,0.38410571217536926,1.0,0.0,0.7644104957580566,0.31247246265411377,0.00048355411854572594,0.018369384109973907,0.0,0.0,0.3489537239074707,0.040484718978405,0.00015358194650616497,1.2688747644424438,0.0,0.0
684,1.0691503286361694,0.4163823127746582,33.83125686645508,4.699715614318848,0.5056362748146057,41.21959686279297,1.1616960763931274,1.1616771221160889,1.4,0.839402437210083,0.02643738128244877,0.06763624399900436,8.023933410644531,0.0,0.0,0.3397330641746521,0.00010245701560052112,0.006903433240950108,0.7955397367477417,0.0,0.0,1.02984619140625,0.3601917326450348,0.01802321895956993,0.2530987858772278,0.015240575186908245,0.4504852294921875,0.2845041751861572,0.015624587424099445,0.0007318010902963579,0.5299479961395264,1.0,0.0,0.776792585849762,0.3054971396923065,0.0004909801064059138,0.018128173425793648,0.0,0.0,0.34774884581565857,0.04495714604854584,0.00018818497483152896,1.2454791069030762,0.0,0.0
685,2.972677230834961,0.6259543299674988,42.60770034790039,6.48032283782959,0.6054679155349731,44.0809326171875,1.2717759609222412,1.273690938949585,118.22,0.9135157465934753,0.007073369342833757,0.06530744582414627,13.632662773132324,0.0,0.0,0.3112891614437103,3.3733592772478005e-06,0.004910747054964304,0.6888032555580139,0.0,0.0,1.0007601976394653,0.2805256247520447,0.01778867281973362,0.25940126180648804,0.01644166372716427,0.4871027171611786,0.29311391711235046,0.01828138530254364,0.0008020252571441233,0.5840498208999634,1.0,0.0,0.7644044160842896,0.362771213054657,0.0004461756907403469,0.017263315618038177,0.0,0.0,0.34101131558418274,0.03786061331629753,0.0003008613421116024,1.1999576091766357,0.0,0.0
686,2.6477620601654053,0.7944828271865845,21.237836837768555,9.66666030883789,0.6107238531112671,56.12653350830078,1.1613311767578125,1.160175085067749,85.81,0.8613024950027466,0.010196837596595287,0.06736958026885986,17.367536544799805,0.0,0.0,0.33550789952278137,2.6893412723438814e-05,0.0026297937147319317,0.6290916800498962,0.0,0.0,1.0861936807632446,0.463866651058197,0.02018907479941845,0.38433700799942017,0.019763106480240822,0.7212435603141785,0.28795117139816284,0.01833324134349823,0.0008119783014990389,0.5775740146636963,1.0,0.0,0.8734572529792786,0.20843347907066345,0.0005649843951687217,0.01972723938524723,0.0,0.0,0.34299254417419434,0.05584542825818062,6.220055365702137e-05,1.2869735956192017,0.0,0.0
687,3.5837645530700684,0.840571403503418,22.183820724487305,5.22205114364624,0.4860439598560333,40.28976058959961,1.0214290618896484,1.0201995372772217,117.99,0.8748899698257446,0.010027790442109108,0.05592126026749611,18.505285263061523,0.0,0.0,0.34480294585227966,1.851045453804545e-05,0.006072343327105045,0.6249673366546631,0.0,0.0,1.1356550455093384,0.446740984916687,0.018433231860399246,0.3020951747894287,0.015959547832608223,0.5377252697944641,0.27714842557907104,0.013750982470810413,0.000681085919495672,0.5230260491371155,1.0,0.0,0.8201485276222229,0.255047082901001,0.0005274679861031473,0.01912466064095497,0.0,0.0,0.34789007902145386,0.0498710460960865,0.00010355756967328489,1.2787225246429443,0.0,0.0
688,1.2806814908981323,0.010841812007129192,28.82295799255371,6.578646659851074,0.6953046321868896,48.29161834716797,1.2915477752685547,1.2973084449768066,343.81,1.1941877603530884,0.14615868031978607,0.017354177311062813,0.1729513704776764,0.0,0.0,0.41435471177101135,0.0002510996419005096,0.005820832680910826,0.996324896812439,0.0,0.0,1.0525625944137573,0.545822024345398,0.017278164625167847,0.23431150615215302,0.013089916668832302,0.4324006736278534,0.3012225925922394,0.02662339061498642,0.000564856396522373,0.7056453824043274,1.0,0.0,0.7897830009460449,0.22291599214076996,0.0005053075146861374,0.017697131261229515,0.0,0.0,0.34166404604911804,0.05541513115167618,0.00012274280015844852,1.2770617008209229,0.0,0.0
689,4.322971343994141,0.09245260804891586,26.880701065063477,5.907724380493164,0.5339233875274658,52.19970703125,1.1369093656539917,1.137978196144104,82.61,1.1022616624832153,0.14728504419326782,0.011951019056141376,1.7803117036819458,0.0,0.0,0.33849820494651794,0.00011335551243973896,0.008395396173000336,0.9612383246421814,0.0,0.0,1.1108461618423462,0.4004865288734436,0.01920609548687935,0.3010055124759674,0.016330575570464134,0.5399912595748901,0.28518205881118774,0.01672987826168537,0.0007305118488147855,0.5441864728927612,1.0,0.0,0.7724739909172058,0.26904428005218506,0.0005143924499861896,0.01804680936038494,0.0,0.0,0.3461933434009552,0.05429130792617798,8.788594277575612e-05,1.2832332849502563,0.0,0.0
690,3.34543776512146,0.6285330057144165,39.811851501464844,5.794351100921631,0.4747626781463623,42.37285614013672,1.1552975177764893,1.1555862426757812,21.63,0.9358657002449036,0.006771767511963844,0.054955583065748215,13.960736274719238,0.0,0.0,0.31429755687713623,8.877152595232474e-07,0.007805645931512117,0.7074846625328064,0.0,0.0,1.078430414199829,0.265078604221344,0.019036689773201942,0.2941347360610962,0.017921803519129753,0.5470737814903259,0.28082162141799927,0.012411828152835369,0.0008755513117648661,0.4676707983016968,1.0,0.0,0.7345618605613708,0.4026925265789032,0.0004394500865601003,0.017303669825196266,0.0,0.0,0.34716907143592834,0.03615361824631691,0.0003218684869352728,1.2138943672180176,0.0,0.0
691,1.019329309463501,0.0754714086651802,21.292835235595703,7.802937030792236,0.6399439573287964,46.68517303466797,1.1936984062194824,1.1921330690383911,110.0,1.0653144121170044,0.1274133324623108,0.027221329510211945,0.8032192587852478,0.0,0.0,0.3942917585372925,0.00021465709141921252,0.007132438942790031,0.9651963710784912,0.0,0.0,1.0749682188034058,0.47494325041770935,0.01911774091422558,0.3133280575275421,0.016288997605443,0.5679645538330078,0.2929920554161072,0.022154878824949265,0.0006698927609249949,0.6301504373550415,1.0,0.0,0.7781674861907959,0.23959103226661682,0.0005055069923400879,0.017853710800409317,0.0,0.0,0.34313368797302246,0.051991064101457596,9.894965478451923e-05,1.2849295139312744,0.0,0.0
692,4.635166645050049,0.7778319716453552,23.638246536254883,8.836847305297852,0.40245696902275085,79.95439147949219,1.0464701652526855,1.0455620288848877,83.0,0.8912795782089233,0.004905905108898878,0.04674861580133438,18.4163818359375,0.0,0.0,0.3288637101650238,1.0103126442118082e-06,0.003634486813098192,0.6580882668495178,0.0,0.0,1.2026549577713013,0.28212979435920715,0.021927952766418457,0.4864155948162079,0.023611614480614662,0.9180992841720581,0.2652328312397003,0.007815983146429062,0.0009650824358686805,0.40611138939857483,1.0,0.0,0.786872148513794,0.3174308240413666,0.0004888385883532465,0.018692316487431526,0.0,0.0,0.34656721353530884,0.03947065770626068,0.0001605664292583242,1.2641017436981201,0.0,0.0
693,2.4326934814453125,0.349518746137619,29.257122039794922,9.545056343078613,0.4211532175540924,50.44767761230469,1.1623153686523438,1.1596752405166626,195.87,1.043683409690857,0.0425061360001564,0.03299512714147568,6.137041091918945,0.0,0.0,0.3182048499584198,3.386476237210445e-05,0.011292414739727974,0.8179399371147156,0.0,0.0,1.188503623008728,0.28570473194122314,0.02365160919725895,0.477909117937088,0.025116266682744026,0.9035187363624573,0.2706987261772156,0.008939498104155064,0.001075574429705739,0.3867890536785126,1.0,0.0,0.7446982264518738,0.3241916596889496,0.0004811830003745854,0.01801338978111744,0.0,0.0,0.3486270010471344,0.04253455996513367,0.00012160924234194681,1.279100775718689,0.0,0.0
694,5.1168107986450195,0.21905449032783508,20.807817459106445,6.7499566078186035,0.5406081676483154,47.357357025146484,1.0487470626831055,1.048274278640747,43.0,1.1524873971939087,0.09207823872566223,0.019143886864185333,3.721874475479126,0.0,0.0,0.30538085103034973,3.868450585287064e-05,0.008183291181921959,0.8924044966697693,0.0,0.0,1.183156132698059,0.3659171760082245,0.019459007307887077,0.34403538703918457,0.017017895355820656,0.6129523515701294,0.2821803689002991,0.015602233819663525,0.0007078648777678609,0.5530694127082825,1.0,0.0,0.7829644680023193,0.2784390449523926,0.0005098257097415626,0.018322458490729332,0.0,0.0,0.34567147493362427,0.05034696310758591,9.600617340765893e-05,1.2843323945999146,0.0,0.0
695,4.507290840148926,0.9189858436584473,38.283443450927734,7.872214317321777,0.4822397232055664,54.141845703125,1.2096973657608032,1.2067673206329346,200.71,0.8481207489967346,0.017618391662836075,0.048551179468631744,19.223657608032227,0.0,0.0,0.3619634807109833,3.941488830605522e-05,0.005167798604816198,0.5928829908370972,0.0,0.0,1.069995403289795,0.3323776423931122,0.02149893343448639,0.3671191334724426,0.021114440634846687,0.6966052055358887,0.2797327935695648,0.012394566088914871,0.0009685030090622604,0.44110235571861267,1.0,0.0,0.7901251316070557,0.29696664214134216,0.0004972154856659472,0.018582869321107864,0.0,0.0,0.34639859199523926,0.04198960214853287,0.00017252456746064126,1.2568279504776,0.0,0.0
696,2.4922285079956055,0.9941256642341614,22.288066864013672,7.03523588180542,0.5422133803367615,44.931236267089844,1.1054579019546509,1.1042453050613403,99.34,0.6907879114151001,0.02696097455918789,0.07771448791027069,23.9154109954834,0.0,0.0,0.38555920124053955,6.896930426592007e-05,0.004376390483230352,0.5673372745513916,0.0,0.0,1.0707159042358398,0.47987738251686096,0.019852718338370323,0.3477349579334259,0.017899423837661743,0.6235812306404114,0.2823360562324524,0.01629018783569336,0.0007482671062462032,0.5413020253181458,1.0,0.0,0.856474757194519,0.21594049036502838,0.000555516395252198,0.01971503347158432,0.0,0.0,0.3457905352115631,0.05143546313047409,7.646405720151961e-05,1.2850492000579834,0.0,0.0
697,3.413165807723999,0.6878823637962341,24.889684677124023,5.29167366027832,0.4672852158546448,42.923336029052734,1.0547655820846558,1.0531338453292847,146.9,0.9402813911437988,0.007038946729153395,0.05264165624976158,15.555150032043457,0.0,0.0,0.32037442922592163,1.0038772870757384e-06,0.006389171816408634,0.6816633939743042,0.0,0.0,1.1769702434539795,0.40345728397369385,0.018853725865483284,0.30638283491134644,0.016491780057549477,0.5463489890098572,0.2768193483352661,0.012973474338650703,0.0007329073268920183,0.49728846549987793,1.0,0.0,0.8148903846740723,0.27526018023490906,0.0005250987014733255,0.01914609782397747,0.0,0.0,0.34845077991485596,0.04877103120088577,0.00011098937102360651,1.276163935661316,0.0,0.0
698,1.0401945114135742,0.9319697022438049,39.82463455200195,6.19040060043335,0.47055259346961975,57.78356170654297,1.2092976570129395,1.2096083164215088,21.24,0.6244231462478638,0.012772582471370697,0.10348731279373169,21.961772918701172,0.0,0.0,0.38202136754989624,5.288125612423755e-05,0.0015125706559047103,0.5951528549194336,0.0,0.0,1.0193355083465576,0.45093539357185364,0.019990097731351852,0.30917567014694214,0.018591511994600296,0.5800306797027588,0.280266672372818,0.012793186120688915,0.0008891969919204712,0.4611263573169708,1.0,0.0,0.8458217978477478,0.24137037992477417,0.0005466017173603177,0.01971651241183281,0.0,0.0,0.34851622581481934,0.04911920428276062,0.00010360565647715703,1.2727073431015015,0.0,0.0
699,3.537047863006592,0.10482918471097946,34.569496154785156,8.770774841308594,0.5419400334358215,42.44032287597656,1.2507083415985107,1.2480722665786743,168.87,1.0361510515213013,0.11027352511882782,0.016735974699258804,2.663923978805542,0.0,0.0,0.34236788749694824,9.493291145190597e-05,0.011435078456997871,0.945141613483429,0.0,0.0,1.039780855178833,0.26085153222084045,0.02134501375257969,0.36631354689598083,0.021329041570425034,0.6923858523368835,0.2860925793647766,0.015150469727814198,0.0009694782784208655,0.4829937219619751,1.0,0.0,0.6987097263336182,0.3796195983886719,0.0004342889878898859,0.016455739736557007,0.0,0.0,0.3442985713481903,0.039611831307411194,0.00025531768915243447,1.2343930006027222,0.0,0.0
700,2.5525708198547363,0.18912841379642487,15.628447532653809,6.2369065284729,0.6425471305847168,41.797760009765625,1.024570107460022,1.0235508680343628,97.19,1.0905548334121704,0.10474639385938644,0.027243485674262047,2.292304754257202,0.0,0.0,0.34031859040260315,0.0001114507977035828,0.006554163992404938,0.9141398072242737,0.0,0.0,1.1149331331253052,0.46372267603874207,0.01690104976296425,0.2800706624984741,0.013776210136711597,0.4902823567390442,0.2906048595905304,0.02147144451737404,0.0005637406720779836,0.6821099519729614,1.0,0.0,0.8121573328971863,0.23126009106636047,0.0005249363020993769,0.01847180910408497,0.0,0.0,0.343435138463974,0.05512281879782677,8.766764949541539e-05,1.2840919494628906,0.0,0.0
701,3.4759161472320557,0.8619967699050903,25.170177459716797,3.626575231552124,0.6899715065956116,59.32879638671875,1.1111809015274048,1.1123350858688354,93.38,0.8282608985900879,0.016021110117435455,0.07355877012014389,20.483848571777344,0.0,0.0,0.3415292203426361,2.1395660951384343e-05,0.0015336304204538465,0.6043607592582703,0.0,0.0,1.0170007944107056,0.5799044966697693,0.013923616148531437,0.16494354605674744,0.009065812453627586,0.27606502175331116,0.3001492917537689,0.026651889085769653,0.0004325323679950088,0.7873003482818604,1.0,0.0,1.0062037706375122,0.13810515403747559,0.0006690912414342165,0.021534012630581856,0.0,0.0,0.34262675046920776,0.07967013865709305,3.2353920687455684e-05,1.2930443286895752,0.0,0.0
702,4.8862385749816895,0.8670534491539001,29.236032485961914,7.6176066398620605,0.4946403503417969,52.8941650390625,1.1396934986114502,1.1385687589645386,86.68,0.889428973197937,0.014413108117878437,0.04508287459611893,19.243568420410156,0.0,0.0,0.3482670783996582,3.250444569857791e-05,0.004997123032808304,0.6076964735984802,0.0,0.0,1.118025779724121,0.39743348956108093,0.02092834748327732,0.37508726119995117,0.020074760541319847,0.7013584971427917,0.2791176736354828,0.01325435470789671,0.0008804067620076239,0.4746973216533661,1.0,0.0,0.827572226524353,0.24945102632045746,0.0005355146713554859,0.01927982084453106,0.0,0.0,0.34655842185020447,0.04963086545467377,9.268009307561442e-05,1.2799347639083862,0.0,0.0
703,3.4436287879943848,0.48987871408462524,25.121776580810547,7.307994842529297,0.40103647112846375,48.00022888183594,1.0633758306503296,1.0640912055969238,63.22,1.0600371360778809,0.022585676982998848,0.03547633811831474,9.384478569030762,0.0,0.0,0.30558478832244873,9.273090313399734e-07,0.00997027475386858,0.7636879682540894,0.0,0.0,1.257961392402649,0.32180628180503845,0.021473748609423637,0.41790997982025146,0.021235836669802666,0.7680984139442444,0.26806333661079407,0.008846249431371689,0.0009068851359188557,0.4103824496269226,1.0,0.0,0.7631931900978088,0.320006787776947,0.0004932440933771431,0.018445724621415138,0.0,0.0,0.34961578249931335,0.04381333664059639,0.00010802373435581103,1.2835522890090942,0.0,0.0
704,2.5134284496307373,0.3839477598667145,27.853923797607422,3.1581132411956787,0.6812798380851746,48.12959289550781,1.1341670751571655,1.1312626600265503,226.37,0.9619764089584351,0.05024975910782814,0.05216566100716591,7.357213973999023,0.0,0.0,0.3214494585990906,0.00011090670886915177,0.002707866718992591,0.8019298911094666,0.0,0.0,1.0174238681793213,0.5896469354629517,0.013769294135272503,0.15151390433311462,0.008625940419733524,0.25065818428993225,0.30103152990341187,0.0263805128633976,0.0004229442565701902,0.7858223915100098,1.0,0.0,0.9299993515014648,0.17642630636692047,0.0006165531813167036,0.02026205323636532,0.0,0.0,0.34299689531326294,0.07269648462533951,5.4187992645893246e-05,1.2808170318603516,0.0,0.0
705,2.0356245040893555,0.8979943990707397,21.032384872436523,4.5320000648498535,0.5026517510414124,59.94855880737305,1.0236859321594238,1.0232638120651245,40.3,0.725408136844635,0.011216656304895878,0.08559056371450424,21.303014755249023,0.0,0.0,0.36504149436950684,2.9357490348047577e-05,0.0027620531618595123,0.6123353242874146,0.0,0.0,1.0886554718017578,0.5611059665679932,0.0177292563021183,0.2684382498264313,0.014443917199969292,0.4668235778808594,0.27942711114883423,0.015578881837427616,0.000620553269982338,0.5556918382644653,1.0,0.0,0.8996323943138123,0.19628114998340607,0.000589563453104347,0.020455408841371536,0.0,0.0,0.3464750647544861,0.056821729987859726,6.216487963683903e-05,1.2875150442123413,0.0,0.0
706,2.585273265838623,0.8049600720405579,19.155494689941406,8.593159675598145,0.7105063796043396,58.74026870727539,1.1601836681365967,1.1608222723007202,47.42,0.8404344320297241,0.00861326977610588,0.07572060078382492,17.481563568115234,0.0,0.0,0.33534616231918335,3.1462041079066694e-05,0.0015556016005575657,0.6296241879463196,0.0,0.0,1.0320020914077759,0.5555304288864136,0.01674809493124485,0.2932082414627075,0.014983952976763248,0.5407763719558716,0.2977207601070404,0.024385711178183556,0.0006476102280430496,0.7104602456092834,1.0,0.0,0.9410898685455322,0.16905717551708221,0.000608677975833416,0.020590798929333687,0.0,0.0,0.34117937088012695,0.06390250474214554,5.311810309649445e-05,1.2846956253051758,0.0,0.0
707,1.8026635646820068,0.8982594013214111,26.84833526611328,2.2106502056121826,0.5729734897613525,48.39664840698242,1.0161854028701782,1.0167382955551147,53.51,0.6939604878425598,0.017294002696871758,0.09847283363342285,22.395387649536133,0.0,0.0,0.36535969376564026,6.49923604214564e-05,0.002512955339625478,0.6008201837539673,0.0,0.0,1.0087589025497437,0.6657771468162537,0.014664572663605213,0.1470830887556076,0.00900350697338581,0.23078788816928864,0.29115381836891174,0.02134118787944317,0.000426032260293141,0.6845666170120239,1.0,0.0,0.9497357606887817,0.16931089758872986,0.0006319287931546569,0.021021520718932152,0.0,0.0,0.346545547246933,0.06879113614559174,5.1908278692280874e-05,1.2842854261398315,0.0,0.0
708,4.273168563842773,0.3903827667236328,40.53983688354492,4.10071325302124,0.7140469551086426,52.03568649291992,1.2719775438308716,1.2741591930389404,134.61,1.0669794082641602,0.041326191276311874,0.0376785472035408,7.241016387939453,0.0,0.0,0.2985164225101471,3.282045872765593e-05,0.0027556228451430798,0.8062131404876709,0.0,0.0,1.0134577751159668,0.4479770064353943,0.013789171352982521,0.16415879130363464,0.009569224901497364,0.28374233841896057,0.30400192737579346,0.026892628520727158,0.0004743035533465445,0.7940349578857422,1.0,0.0,0.8817198872566223,0.2242230921983719,0.0005563311278820038,0.019124161452054977,0.0,0.0,0.33929792046546936,0.0598924346268177,0.00011760427878471091,1.2480436563491821,0.0,0.0
709,2.2084720134735107,0.30699294805526733,21.91015625,7.322654724121094,0.41144829988479614,48.45792770385742,1.0492640733718872,1.049122929573059,12.82,1.0165598392486572,0.05369434505701065,0.032666243612766266,5.116057395935059,0.0,0.0,0.32638224959373474,5.256653093965724e-05,0.011086814105510712,0.8519197106361389,0.0,0.0,1.2234197854995728,0.32645347714424133,0.021665988489985466,0.42164626717567444,0.020893681794404984,0.7669085264205933,0.2681531608104706,0.009443464688956738,0.0008605518960393965,0.4252728521823883,1.0,0.0,0.7463801503181458,0.3197627663612366,0.00048658635932952166,0.01803446374833584,0.0,0.0,0.3489978313446045,0.04424475133419037,9.324449638370425e-05,1.2886319160461426,0.0,0.0
710,1.5388553142547607,0.006349962204694748,18.019763946533203,7.488650798797607,0.7108561396598816,48.272300720214844,1.1708266735076904,1.168134331703186,196.85,1.1148368120193481,0.18526147305965424,0.01910608820617199,0.3884117305278778,0.0,0.0,0.406766802072525,0.00022371411614585668,0.006281867623329163,1.0151029825210571,0.0,0.0,1.0581979751586914,0.5373882055282593,0.016866490244865417,0.26863354444503784,0.013355331495404243,0.4793235957622528,0.2988274097442627,0.026439325883984566,0.0005536112585105002,0.7308197021484375,1.0,0.0,0.7881094813346863,0.21975262463092804,0.0005131831858307123,0.017763087525963783,0.0,0.0,0.3418577015399933,0.05733468756079674,8.383121894439682e-05,1.287731409072876,0.0,0.0
711,4.311426639556885,0.0033556621056050062,37.72398376464844,5.990698337554932,0.5420163869857788,77.74005889892578,1.2388701438903809,1.2381300926208496,48.25,1.1328836679458618,0.22393302619457245,0.0030237019527703524,0.3674672544002533,0.0,0.0,0.3621074855327606,0.00016691033670213073,0.005638145375996828,1.02320396900177,0.0,0.0,1.0785765647888184,0.4469097852706909,0.019314832985401154,0.28328096866607666,0.01637904904782772,0.5292502045631409,0.2872321307659149,0.017297478392720222,0.0007741929148323834,0.5376293063163757,1.0,0.0,0.7518004179000854,0.26629936695098877,0.000517920299898833,0.017526011914014816,0.0,0.0,0.3461161255836487,0.06263882666826248,3.764972643693909e-05,1.3027307987213135,0.0,0.0
712,2.6376092433929443,0.8283653259277344,35.669517517089844,6.5733747482299805,0.5973342061042786,46.81498336791992,1.2607671022415161,1.2616854906082153,57.74,0.8083109259605408,0.010707884095609188,0.07631580531597137,19.048240661621094,0.0,0.0,0.3420127332210541,2.4867236788850278e-05,0.0036170780658721924,0.608353853225708,0.0,0.0,1.0077228546142578,0.39578309655189514,0.01849626936018467,0.2756120562553406,0.01655467413365841,0.5121012926101685,0.2926492989063263,0.019132623448967934,0.0007861832273192704,0.5798915028572083,1.0,0.0,0.8380650877952576,0.2546459138393402,0.0005244871135801077,0.0189613476395607,0.0,0.0,0.34319764375686646,0.048264745622873306,0.00014746007218491286,1.2484259605407715,0.0,0.0
713,1.2027804851531982,0.4113422632217407,38.60786437988281,2.2963364124298096,0.6206316351890564,58.54026412963867,1.1326003074645996,1.1313350200653076,98.75,0.828603208065033,0.0374438613653183,0.07391254603862762,7.55578088760376,0.0,0.0,0.34167373180389404,0.00017792971630115062,0.0008503039134666324,0.7924520969390869,0.0,0.0,1.0064895153045654,0.6299909353256226,0.013962372206151485,0.14402204751968384,0.008218236267566681,0.2298405021429062,0.29626601934432983,0.02391575463116169,0.0003862896410282701,0.73912113904953,1.0,0.0,0.9602184295654297,0.16673463582992554,0.0006408700719475746,0.020960351452231407,0.0,0.0,0.34457287192344666,0.07339881360530853,4.938384154229425e-05,1.2841979265213013,0.0,0.0
714,1.900630235671997,0.9780866503715515,28.20277976989746,2.504631996154785,0.5621069669723511,56.019840240478516,1.047169804573059,1.0462368726730347,85.15,0.639216423034668,0.029209507629275322,0.10070759057998657,23.938629150390625,0.0,0.0,0.3844955861568451,7.609560998389497e-05,0.0016393689438700676,0.5777143239974976,0.0,0.0,0.9977805614471436,0.6716116070747375,0.015217642299830914,0.16030564904212952,0.009724064730107784,0.25987711548805237,0.2902257442474365,0.020779915153980255,0.00045818460057489574,0.6627776026725769,1.0,0.0,0.9578610062599182,0.16111445426940918,0.0006443231832236052,0.021196778863668442,0.0,0.0,0.3466402590274811,0.07068292796611786,3.936957728001289e-05,1.2921136617660522,0.0,0.0
715,1.3321385383605957,0.5337241888046265,31.00177574157715,8.566303253173828,0.5261572003364563,51.75363540649414,1.2298009395599365,1.229736328125,4.27,0.8870878219604492,0.015049129724502563,0.06751824170351028,10.22519302368164,0.0,0.0,0.3267980217933655,4.7657853428972885e-05,0.005104624200612307,0.7256207466125488,0.0,0.0,1.0917531251907349,0.3828631639480591,0.02165323682129383,0.3785898983478546,0.021321386098861694,0.7115660309791565,0.28360190987586975,0.014756019227206707,0.0009560946491546929,0.47738343477249146,1.0,0.0,0.8166759610176086,0.25404229760169983,0.0005290386034175754,0.01899905316531658,0.0,0.0,0.34567609429359436,0.04934460297226906,9.921887249220163e-05,1.2766352891921997,0.0,0.0
716,3.2293291091918945,0.6526251435279846,28.378267288208008,8.156018257141113,0.5028505921363831,57.568138122558594,1.1682038307189941,1.1673945188522339,59.34,0.9667513966560364,0.009826401248574257,0.05179440975189209,14.22856616973877,0.0,0.0,0.314854234457016,1.0279454727424309e-06,0.004602780565619469,0.6847864389419556,0.0,0.0,1.1673657894134521,0.39914220571517944,0.021358532831072807,0.3874964416027069,0.020906269550323486,0.7294778823852539,0.2801542282104492,0.013463961891829967,0.0009202336659654975,0.47267746925354004,1.0,0.0,0.8266164660453796,0.2518453001976013,0.0005389570142142475,0.019269870594143867,0.0,0.0,0.3461385667324066,0.051340021193027496,7.605731661897153e-05,1.2863510847091675,0.0,0.0
717,3.617894172668457,0.019884780049324036,29.517467498779297,9.893085479736328,0.531673014163971,41.281410217285156,1.2312089204788208,1.2295734882354736,108.03,1.01995050907135,0.15536664426326752,0.00957945641130209,2.6626973152160645,0.0,0.0,0.3593588173389435,0.00011119454575236887,0.01280148047953844,0.9928507804870605,0.0,0.0,1.0632761716842651,0.25867778062820435,0.02241939678788185,0.4184720814228058,0.022889548912644386,0.788650393486023,0.28362104296684265,0.014422953128814697,0.0009814959485083818,0.47324761748313904,1.0,0.0,0.6866264343261719,0.37625572085380554,0.00043520177132450044,0.016384117305278778,0.0,0.0,0.34501346945762634,0.040273517370224,0.00019980777869932353,1.252583622932434,0.0,0.0
718,2.1049814224243164,0.8493412733078003,20.069751739501953,8.788484573364258,0.7305333614349365,55.12811279296875,1.1994314193725586,1.1997944116592407,25.22,0.7772501707077026,0.013160642236471176,0.08607485890388489,18.74164390563965,0.0,0.0,0.3462684154510498,4.859592081629671e-05,0.0014790246495977044,0.6082592010498047,0.0,0.0,1.0083118677139282,0.5554072856903076,0.016549943014979362,0.28216326236724854,0.014514278620481491,0.5144338607788086,0.3002966046333313,0.02610115334391594,0.0006404557498171926,0.7284038066864014,1.0,0.0,0.960588812828064,0.15880294144153595,0.0006239890935830772,0.020948976278305054,0.0,0.0,0.34091219305992126,0.064720019698143,4.7974317567422986e-05,1.2870678901672363,0.0,0.0
719,1.1958043575286865,0.26708540320396423,32.23939514160156,8.758354187011719,0.5304370522499084,53.70777130126953,1.2468127012252808,1.2464734315872192,21.83,0.9079018235206604,0.058232348412275314,0.04657433182001114,4.381581783294678,0.0,0.0,0.3483538031578064,0.00013019965263083577,0.006165551953017712,0.850157618522644,0.0,0.0,1.0678008794784546,0.3543716371059418,0.021819928660988808,0.3773942291736603,0.02146814949810505,0.7150205969810486,0.2841094136238098,0.01495890598744154,0.0009644661331549287,0.4760594069957733,1.0,0.0,0.7816720008850098,0.27342966198921204,0.000510788697283715,0.01831958442926407,0.0,0.0,0.34543922543525696,0.04843554273247719,0.00010337559069739655,1.2773182392120361,0.0,0.0
720,5.330305099487305,0.47503799200057983,19.273324966430664,5.680592060089111,0.7382902503013611,49.70516586303711,1.055870771408081,1.0554019212722778,42.07,1.1252204179763794,0.025165196508169174,0.037201475352048874,9.357721328735352,0.0,0.0,0.28834062814712524,8.385276828448696e-07,0.002726783510297537,0.7724995017051697,0.0,0.0,1.1190223693847656,0.544939398765564,0.01390546653419733,0.20861198008060455,0.01028771884739399,0.3601231276988983,0.3013245463371277,0.026745377108454704,0.00048430729657411575,0.8091045618057251,1.0,0.0,0.9458173513412476,0.1702599823474884,0.0006157923489809036,0.020630545914173126,0.0,0.0,0.3419792652130127,0.07049231231212616,4.6884833864169195e-05,1.289430856704712,0.0,0.0
721,1.477042555809021,0.03031967766582966,34.1821403503418,5.827342987060547,0.5086676478385925,53.489742279052734,1.2016063928604126,1.200677514076233,64.38,0.9238165616989136,0.1405477523803711,0.02194065973162651,0.8913628458976746,0.0,0.0,0.4020376205444336,0.00026345966034568846,0.007105151191353798,0.9938614964485168,0.0,0.0,1.0447975397109985,0.3873663544654846,0.019584517925977707,0.2925512194633484,0.016945140436291695,0.5370656251907349,0.28372320532798767,0.01564975082874298,0.0007788235670886934,0.5080647468566895,1.0,0.0,0.7521383762359619,0.2878210246562958,0.0004975094925612211,0.017753200605511665,0.0,0.0,0.34723612666130066,0.04943617433309555,0.00011411257582949474,1.2769466638565063,0.0,0.0
722,3.0286927223205566,0.028250349685549736,15.452910423278809,4.924046993255615,0.6705024242401123,51.01460647583008,1.004541039466858,1.0028016567230225,172.67,1.2028870582580566,0.21077488362789154,0.012010322883725166,0.472915381193161,0.0,0.0,0.3751819133758545,0.00016498078184667975,0.0066044325940310955,1.0073869228363037,0.0,0.0,1.1076029539108276,0.5304074883460999,0.015532201156020164,0.22505617141723633,0.010938389226794243,0.3785877823829651,0.2943636476993561,0.024325702339410782,0.0004471858264878392,0.7448223829269409,1.0,0.0,0.793121874332428,0.22676943242549896,0.0005167988128960133,0.017913522198796272,0.0,0.0,0.3429911434650421,0.05851536989212036,8.82239910424687e-05,1.2862937450408936,0.0,0.0
723,3.120901584625244,0.3717658519744873,18.274871826171875,9.189306259155273,0.7590233087539673,53.77217102050781,1.1649070978164673,1.1604117155075073,332.55,1.0415784120559692,0.04989246279001236,0.041718125343322754,6.413534641265869,0.0,0.0,0.30947911739349365,5.707081436412409e-05,0.003391337813809514,0.8203496932983398,0.0,0.0,1.0587252378463745,0.5002219676971436,0.015779267996549606,0.2740098834037781,0.013494878076016903,0.4931882619857788,0.3025941252708435,0.027175452560186386,0.0006002852460369468,0.7661749720573425,1.0,0.0,0.9019618034362793,0.18842068314552307,0.000587077287491411,0.019887473434209824,0.0,0.0,0.3407481908798218,0.06296323984861374,5.9479778428794816e-05,1.2858752012252808,0.0,0.0
724,5.731726169586182,0.1575876772403717,42.953712463378906,8.796771049499512,0.5524814128875732,44.614070892333984,1.260644555091858,1.2610138654708862,23.23,1.1091523170471191,0.07951346784830093,0.01993241347372532,3.5680620670318604,0.0,0.0,0.30811193585395813,2.9684617402381264e-05,0.011785579845309258,0.9315547943115234,0.0,0.0,1.0201423168182373,0.18636678159236908,0.020694497972726822,0.34049859642982483,0.021319743245840073,0.6614904999732971,0.28714320063591003,0.014340353198349476,0.0010114083997905254,0.48189714550971985,1.0,0.0,0.6644015312194824,0.45597919821739197,0.00038777675945311785,0.015561839565634727,0.0,0.0,0.3418295383453369,0.03174683824181557,0.0003879448340740055,1.191527009010315,0.0,0.0
725,4.979044437408447,0.40110301971435547,41.4182014465332,5.908997535705566,0.4997465908527374,48.31939697265625,1.2001093626022339,1.1983463764190674,122.59,1.1259561777114868,0.02901306375861168,0.02977631613612175,7.14902400970459,0.0,0.0,0.2943534851074219,8.287228183689876e-07,0.007883750833570957,0.8116785287857056,0.0,0.0,1.109039306640625,0.2700118124485016,0.019050782546401024,0.28784218430519104,0.0175588708370924,0.5395781397819519,0.28310951590538025,0.013532782904803753,0.0008567866170778871,0.4892904460430145,1.0,0.0,0.7306784987449646,0.3936721980571747,0.00044518394861370325,0.01715165190398693,0.0,0.0,0.34571313858032227,0.038844648748636246,0.0002911863848567009,1.2236281633377075,0.0,0.0
726,5.454687595367432,0.45135924220085144,27.035863876342773,4.880685329437256,0.5763662457466125,57.80586242675781,1.108699083328247,1.1111149787902832,196.11,1.123228907585144,0.029412271454930305,0.03184462711215019,9.214948654174805,0.0,0.0,0.290834903717041,9.785021575225983e-07,0.0040563796646893024,0.7773337960243225,0.0,0.0,1.1576329469680786,0.49014660716056824,0.017275124788284302,0.24738286435604095,0.013740094378590584,0.43873509764671326,0.28936272859573364,0.01876727119088173,0.0006402371800504625,0.6128351092338562,1.0,0.0,0.8721646666526794,0.21969735622406006,0.0005769540439359844,0.01977638714015484,0.0,0.0,0.34513381123542786,0.061679016798734665,6.010812285239808e-05,1.2875885963439941,0.0,0.0
727,1.9256147146224976,0.39376693964004517,20.750900268554688,2.8849661350250244,0.652158260345459,56.34088897705078,1.0230895280838013,1.023684024810791,56.76,0.9282867312431335,0.052596136927604675,0.058451417833566666,7.031494617462158,0.0,0.0,0.3292255997657776,0.00012055820843670517,0.0027239550836384296,0.8031008243560791,0.0,0.0,1.035939335823059,0.6011275053024292,0.013996150344610214,0.15593427419662476,0.008610168471932411,0.2505543529987335,0.29594817757606506,0.024957630783319473,0.0003921810712199658,0.7656316161155701,1.0,0.0,0.9528023600578308,0.1571701318025589,0.0006351355696097016,0.020743658766150475,0.0,0.0,0.34372225403785706,0.0742960199713707,4.230046761222184e-05,1.290989637374878,0.0,0.0
728,5.240436553955078,0.08207257837057114,31.73906898498535,9.532033920288086,0.6293469667434692,46.538421630859375,1.2834199666976929,1.2823199033737183,66.84,1.139446496963501,0.13509170711040497,0.015094876289367676,2.4641878604888916,0.0,0.0,0.3277621865272522,7.664680015295744e-05,0.009002643637359142,0.9658457636833191,0.0,0.0,1.049382209777832,0.3206014633178711,0.02023080736398697,0.33950430154800415,0.01943224109709263,0.6389936804771423,0.29471999406814575,0.01984388194978237,0.0008795007597655058,0.5726932883262634,1.0,0.0,0.7505970001220703,0.3011137843132019,0.00047931820154190063,0.017297975718975067,0.0,0.0,0.34209269285202026,0.047932177782058716,0.00015805628208909184,1.255400538444519,0.0,0.0
729,5.407103061676025,0.23943455517292023,21.21581268310547,3.611992120742798,0.6956911683082581,45.13019561767578,1.021544337272644,1.0205142498016357,98.81,1.1396006345748901,0.1075102835893631,0.02448361925780773,4.086544036865234,0.0,0.0,0.30427560210227966,5.929107283009216e-05,0.0033047664910554886,0.8888339400291443,0.0,0.0,1.0747047662734985,0.5531080961227417,0.013553529977798462,0.16497963666915894,0.008676589466631413,0.27069422602653503,0.2997977137565613,0.025890212506055832,0.00041323734330944717,0.8021644353866577,1.0,0.0,0.9014644026756287,0.1878349334001541,0.0005951233906671405,0.019837265834212303,0.0,0.0,0.3433684706687927,0.07097460329532623,5.292038622428663e-05,1.2862495183944702,0.0,0.0
730,4.1667375564575195,0.44173988699913025,24.55233383178711,8.552123069763184,0.6563013792037964,42.092491149902344,1.204066276550293,1.2058049440383911,119.75,1.0795948505401611,0.030506286770105362,0.037692680954933167,8.351223945617676,0.0,0.0,0.29593798518180847,1.1850804185087327e-05,0.005041786469519138,0.7751085758209229,0.0,0.0,1.0898618698120117,0.37804552912712097,0.01844632439315319,0.31656673550605774,0.01692691445350647,0.5876298546791077,0.2950153350830078,0.02100156806409359,0.0007567902794107795,0.6334884762763977,1.0,0.0,0.8294306993484497,0.25145578384399414,0.0005300757475197315,0.0188214723020792,0.0,0.0,0.3423892855644226,0.05286172777414322,0.00010607786680338904,1.2697601318359375,0.0,0.0
731,3.5333352088928223,0.5879608392715454,28.81541633605957,4.128415584564209,0.5504597425460815,54.583003997802734,1.11420738697052,1.1151716709136963,77.61,1.2633097171783447,0.009532629512250423,0.03857743740081787,6.19719934463501,0.0,0.0,0.30890804529190063,7.133693543437403e-06,0.004070665687322617,0.7163754105567932,0.0,0.0,1.1624380350112915,0.5256206393241882,0.017206063494086266,0.22507810592651367,0.012865896336734295,0.3960878849029541,0.28793808817863464,0.01825786381959915,0.0005865308921784163,0.5996988415718079,1.0,0.0,0.8840793371200562,0.21728266775608063,0.0005751072894781828,0.020059408619999886,0.0,0.0,0.34610721468925476,0.058184847235679626,7.824321073712781e-05,1.2847472429275513,0.0,0.0
732,2.311324119567871,0.8734551072120667,33.06871795654297,9.385098457336426,0.5944538116455078,40.555477142333984,1.2746846675872803,1.275164246559143,29.5,0.7637104988098145,0.016212616115808487,0.08055099099874496,20.298728942871094,0.0,0.0,0.35388249158859253,4.343250111560337e-05,0.0052614775486290455,0.5823500156402588,0.0,0.0,0.9989995360374451,0.35199981927871704,0.020889701321721077,0.35589566826820374,0.02084674872457981,0.6676351428031921,0.2908913195133209,0.017875878140330315,0.0009380961419083178,0.527058482170105,1.0,0.0,0.7930852174758911,0.28259217739105225,0.0004849224351346493,0.018133994191884995,0.0,0.0,0.3427946865558624,0.04191834479570389,0.00020093283092137426,1.2376760244369507,0.0,0.0
733,1.2834293842315674,0.872240424156189,24.521183013916016,6.705450534820557,0.4292457401752472,49.45952606201172,1.0862820148468018,1.0860995054244995,15.47,0.7259314656257629,0.009859730489552021,0.08401066064834595,19.768299102783203,0.0,0.0,0.3678319454193115,3.5082633985439315e-05,0.0059979199431836605,0.6223604679107666,0.0,0.0,1.1293941736221313,0.4345111846923828,0.02090523950755596,0.3782947063446045,0.019957322627305984,0.6899303197860718,0.27186065912246704,0.010947278700768948,0.000852712313644588,0.43952450156211853,1.0,0.0,0.8257158398628235,0.24445965886116028,0.0005401686648838222,0.019545160233974457,0.0,0.0,0.34937840700149536,0.04860050976276398,7.227413880173117e-05,1.2909862995147705,0.0,0.0
734,5.135667324066162,0.9442301392555237,20.702646255493164,8.705928802490234,0.6348696351051331,46.68479537963867,1.092327356338501,1.0936771631240845,112.99,0.8207113742828369,0.023900844156742096,0.04929034784436226,22.07339859008789,0.0,0.0,0.36412927508354187,6.435072282329202e-05,0.002742612035945058,0.5793140530586243,0.0,0.0,1.060804843902588,0.47472020983695984,0.018660057336091995,0.35055047273635864,0.017331425100564957,0.6455904245376587,0.28916898369789124,0.01947464421391487,0.0007148407748900354,0.6249544024467468,1.0,0.0,0.885063886642456,0.199747234582901,0.0005710179102607071,0.01994345895946026,0.0,0.0,0.34315982460975647,0.05651111900806427,6.279343506321311e-05,1.28610098361969,0.0,0.0
735,1.8846091032028198,0.8942177295684814,27.054506301879883,6.5959978103637695,0.6918083429336548,52.32999038696289,1.2525032758712769,1.252348780632019,9.85,0.7192602753639221,0.018327772617340088,0.09608164429664612,21.55670928955078,0.0,0.0,0.35763096809387207,5.774013334303163e-05,0.0016810691449791193,0.5823960900306702,0.0,0.0,0.9857694506645203,0.5838888883590698,0.01656086929142475,0.24244904518127441,0.013588323257863522,0.440158873796463,0.30021992325782776,0.025387007743120193,0.0006385758169926703,0.7050328850746155,1.0,0.0,0.9474570155143738,0.16467881202697754,0.0006216291803866625,0.020727304741740227,0.0,0.0,0.3417520523071289,0.06604665517807007,4.902474393020384e-05,1.2849617004394531,0.0,0.0
736,3.5886471271514893,0.8927043676376343,26.31708335876465,7.020080089569092,0.42220842838287354,45.133060455322266,1.0741459131240845,1.0715779066085815,223.1,0.8193173408508301,0.01466038916260004,0.05380786210298538,21.1424560546875,0.0,0.0,0.3605603873729706,3.48545509041287e-05,0.007576851639896631,0.608812153339386,0.0,0.0,1.1387611627578735,0.35833024978637695,0.020976733416318893,0.39212024211883545,0.02047642692923546,0.726579487323761,0.27069583535194397,0.010027739219367504,0.0008791983127593994,0.4276479482650757,1.0,0.0,0.7902641892433167,0.28602156043052673,0.0005093280342407525,0.01886643096804619,0.0,0.0,0.3494088649749756,0.04490172490477562,0.00011172147787874565,1.2794773578643799,0.0,0.0
737,2.9530856609344482,0.6852790117263794,26.352853775024414,2.9814565181732178,0.7807800769805908,47.652687072753906,1.1053051948547363,1.1061069965362549,65.58,0.941556990146637,0.007071850821375847,0.07391238957643509,13.86018180847168,0.0,0.0,0.3147212862968445,3.0032186259632e-05,0.0018301394302397966,0.6633203625679016,0.0,0.0,0.9953982830047607,0.5198939442634583,0.01102539710700512,0.11359317600727081,0.005702953785657883,0.1780432164669037,0.30917811393737793,0.032699450850486755,0.00030151449027471244,0.934653103351593,1.0,0.0,1.0387870073318481,0.12249453365802765,0.0006797068635933101,0.021518059074878693,0.0,0.0,0.34068843722343445,0.09134555608034134,3.718508378369734e-05,1.284812569618225,0.0,0.0
738,5.066993236541748,0.03552040830254555,40.013999938964844,8.106890678405762,0.6141138076782227,41.418827056884766,1.2830854654312134,1.2823939323425293,42.03,1.0541770458221436,0.13666710257530212,0.013982074335217476,1.8071341514587402,0.0,0.0,0.3411071300506592,8.064213761826977e-05,0.010709436610341072,0.9994497299194336,0.0,0.0,0.9715623259544373,0.22152329981327057,0.01920498162508011,0.2960263788700104,0.01849682815372944,0.5633319616317749,0.2940903306007385,0.018540438264608383,0.0008810765575617552,0.5613383054733276,1.0,0.0,0.674674928188324,0.44422203302383423,0.00040095183067023754,0.015559637919068336,0.0,0.0,0.3406125605106354,0.03566126897931099,0.0003659742942545563,1.1981570720672607,0.0,0.0
739,4.428254127502441,0.9434003233909607,30.36359977722168,8.379827499389648,0.4021811783313751,53.740814208984375,1.11321222782135,1.112984299659729,18.4,0.811885416507721,0.019852543249726295,0.04550516977906227,20.96510124206543,0.0,0.0,0.3744068145751953,6.352547643473372e-05,0.006884161848574877,0.5903263688087463,0.0,0.0,1.1423907279968262,0.34044983983039856,0.022609202191233635,0.44733843207359314,0.023239238187670708,0.8422648906707764,0.26855748891830444,0.008583306334912777,0.001001532655209303,0.3882192373275757,1.0,0.0,0.7872558832168579,0.2837759256362915,0.0005090542254038155,0.018894193693995476,0.0,0.0,0.3494221270084381,0.043836597353219986,0.00010443784412927926,1.2824971675872803,0.0,0.0
740,2.7365024089813232,0.7085874080657959,26.79354476928711,7.837657451629639,0.4108867049217224,40.727149963378906,1.0989172458648682,1.098040223121643,72.68,0.9203156232833862,0.008721544407308102,0.05346715450286865,15.220130920410156,0.0,0.0,0.3284265995025635,9.49568857322447e-07,0.009914463385939598,0.6733348965644836,0.0,0.0,1.1934443712234497,0.30483177304267883,0.021818164736032486,0.4274621307849884,0.02238260954618454,0.7948592305183411,0.26952093839645386,0.00901302695274353,0.0009595029405318201,0.4038507640361786,1.0,0.0,0.7541952133178711,0.3377682864665985,0.00047718777204863727,0.018242105841636658,0.0,0.0,0.3498246669769287,0.040410563349723816,0.00014705841022077948,1.2707459926605225,0.0,0.0
741,2.9149348735809326,0.1828409880399704,19.016748428344727,8.159658432006836,0.6799525022506714,52.135128021240234,1.1465723514556885,1.1448968648910522,127.64,1.0386958122253418,0.11060714721679688,0.026629583910107613,2.8997693061828613,0.0,0.0,0.33678412437438965,0.00011120795534225181,0.005285227205604315,0.9133894443511963,0.0,0.0,1.074113130569458,0.43856489658355713,0.017708884552121162,0.3058100640773773,0.015309845097362995,0.5497292280197144,0.2956705391407013,0.02323041670024395,0.0006516016437672079,0.6807972192764282,1.0,0.0,0.8312110900878906,0.22329677641391754,0.0005444863345474005,0.018800165504217148,0.0,0.0,0.3421662151813507,0.05713292583823204,7.178738451329991e-05,1.286598801612854,0.0,0.0
742,5.824287414550781,0.40799981355667114,34.0665168762207,9.660114288330078,0.5543022751808167,54.510555267333984,1.2426350116729736,1.243829369544983,77.27,1.1977384090423584,0.034917816519737244,0.02738291025161743,7.358187675476074,0.0,0.0,0.28699904680252075,8.410028158323257e-07,0.007066752295941114,0.7915412187576294,0.0,0.0,1.1563804149627686,0.3113023340702057,0.021734265610575676,0.3867884576320648,0.021893862634897232,0.7442200779914856,0.28638955950737,0.015115831978619099,0.0009847173932939768,0.49166426062583923,1.0,0.0,0.7777274250984192,0.30440375208854675,0.000495254760608077,0.018129559233784676,0.0,0.0,0.3438543975353241,0.046682897955179214,0.00013988160935696214,1.2655867338180542,0.0,0.0
743,1.2280774116516113,0.7956916093826294,38.55261993408203,9.503839492797852,0.41715142130851746,47.602291107177734,1.2185696363449097,1.2186181545257568,3.27,0.7609549164772034,0.00795672181993723,0.08080939948558807,17.5441951751709,0.0,0.0,0.35349977016448975,2.2726839233655483e-05,0.0073571293614804745,0.6292396783828735,0.0,0.0,1.0785726308822632,0.2601216435432434,0.023458492010831833,0.4450317919254303,0.02593989111483097,0.8581271767616272,0.2722702622413635,0.008058167062699795,0.0011802614899352193,0.35905393958091736,1.0,0.0,0.7339848875999451,0.3661804795265198,0.0004506117256823927,0.017751362174749374,0.0,0.0,0.34917736053466797,0.035324111580848694,0.0002294119040016085,1.244577169418335,0.0,0.0
744,3.92191743850708,0.5514085292816162,25.366661071777344,5.261930465698242,0.7255792021751404,59.09562683105469,1.187837839126587,1.185571551322937,160.93,1.0296292304992676,0.0159209743142128,0.04912314936518669,11.579255104064941,0.0,0.0,0.30018672347068787,1.4632773854827974e-05,0.002208103658631444,0.7284125685691833,0.0,0.0,1.0524085760116577,0.5640910863876343,0.014396429061889648,0.1946176141500473,0.010599969886243343,0.34380966424942017,0.30316880345344543,0.0273542832583189,0.0005180512671358883,0.7868965864181519,1.0,0.0,0.9673425555229187,0.15698851644992828,0.0006419121637009084,0.020858898758888245,0.0,0.0,0.34157562255859375,0.07714951783418655,3.529187961248681e-05,1.292338490486145,0.0,0.0
745,4.248533248901367,0.5815969109535217,19.912080764770508,4.8070478439331055,0.5746178030967712,40.54396057128906,1.0079879760742188,1.0077855587005615,19.93,1.0457022190093994,0.01115160807967186,0.04414984956383705,11.643109321594238,0.0,0.0,0.3009479343891144,8.498158194925054e-07,0.00465537142008543,0.7199755311012268,0.0,0.0,1.176809549331665,0.48082467913627625,0.016830408945679665,0.25805777311325073,0.01329514104872942,0.4426875412464142,0.2857644855976105,0.018130632117390633,0.000572599470615387,0.6270354986190796,1.0,0.0,0.8509979248046875,0.23448379337787628,0.000546750205103308,0.019427720457315445,0.0,0.0,0.34542790055274963,0.054803069680929184,9.21903265407309e-05,1.2798041105270386,0.0,0.0
746,5.4704790115356445,0.42607203125953674,27.066394805908203,3.645303964614868,0.6985836029052734,54.472938537597656,1.1166737079620361,1.1197139024734497,243.15,1.1396719217300415,0.03939900919795036,0.03301357850432396,8.329034805297852,0.0,0.0,0.290091872215271,1.2165161933808122e-05,0.002694335300475359,0.7910605669021606,0.0,0.0,1.077196478843689,0.5788976550102234,0.013792077079415321,0.16085611283779144,0.008960354141891003,0.269788920879364,0.30187922716140747,0.026501810178160667,0.00044334857375361025,0.7954518795013428,1.0,0.0,0.9502786993980408,0.1677107810974121,0.0006319423555396497,0.020619725808501244,0.0,0.0,0.34272077679634094,0.07696354389190674,4.1439874621573836e-05,1.289803147315979,0.0,0.0
747,2.6585419178009033,0.8275098204612732,44.46758270263672,4.113874435424805,0.6825998425483704,52.74771499633789,1.2846611738204956,1.282755732536316,115.63,0.7965289354324341,0.0103628383949399,0.08787696808576584,18.842884063720703,0.0,0.0,0.3361578583717346,1.5050947695272043e-05,0.0012663896195590496,0.6097152233123779,0.0,0.0,0.9662348628044128,0.48247072100639343,0.014251509681344032,0.1760832518339157,0.010378237813711166,0.3077390193939209,0.30054834485054016,0.024823514744639397,0.0004945764085277915,0.7544499635696411,1.0,0.0,0.9036146402359009,0.2168170064687729,0.0005517545505426824,0.019479205831885338,0.0,0.0,0.3393140435218811,0.05445631965994835,0.00014140934217721224,1.233471155166626,0.0,0.0
748,2.5263450145721436,0.8098134994506836,39.218040466308594,5.4780497550964355,0.49212297797203064,47.415130615234375,1.188915729522705,1.1895500421524048,44.85,0.8146638870239258,0.006911622826009989,0.07315105944871902,18.264039993286133,0.0,0.0,0.3441048860549927,1.5145471479627304e-05,0.0050132302567362785,0.6342315673828125,0.0,0.0,1.0422180891036987,0.35040608048439026,0.018824869766831398,0.27827244997024536,0.016969647258520126,0.5140998959541321,0.28288936614990234,0.013931429013609886,0.0008208431536331773,0.4939521849155426,1.0,0.0,0.7879101037979126,0.31054696440696716,0.0004879648913629353,0.0183388814330101,0.0,0.0,0.34714922308921814,0.042659513652324677,0.00020683369075413793,1.2387806177139282,0.0,0.0
749,3.78456711769104,0.7817912697792053,27.02129554748535,3.073507308959961,0.5257482528686523,40.00221633911133,1.0282597541809082,1.027808427810669,42.7,0.8853287100791931,0.005865638144314289,0.05928480625152588,17.92805290222168,0.0,0.0,0.3319151699542999,1.4422769709199201e-05,0.0043380907736718655,0.6454828977584839,0.0,0.0,1.0786926746368408,0.4923067092895508,0.015874285250902176,0.19362638890743256,0.01142164133489132,0.32361075282096863,0.28540411591529846,0.01736200414597988,0.0005387187702581286,0.6041291356086731,1.0,0.0,0.8543214201927185,0.2418079376220703,0.000548961223103106,0.019475411623716354,0.0,0.0,0.3475165069103241,0.05498725175857544,0.00011345071834512055,1.264925241470337,0.0,0.0
750,2.0470972061157227,0.22594717144966125,15.8484468460083,9.477010726928711,0.6891567707061768,57.4310417175293,1.1080048084259033,1.112202525138855,340.63,1.0274035930633545,0.0874616950750351,0.036270808428525925,3.166945219039917,0.0,0.0,0.34049510955810547,0.0001104820694308728,0.004760954529047012,0.8957239389419556,0.0,0.0,1.0883952379226685,0.4400565028190613,0.01818869262933731,0.3414135277271271,0.01620371639728546,0.6103780269622803,0.29432645440101624,0.0231734998524189,0.0006446302286349237,0.6815508008003235,1.0,0.0,0.8359633088111877,0.21834398806095123,0.0005374519969336689,0.018854981288313866,0.0,0.0,0.341389924287796,0.053219445049762726,9.571034752298146e-05,1.2806462049484253,0.0,0.0
751,4.114857196807861,0.0014023513067513704,15.106162071228027,6.287724494934082,0.7797940969467163,46.00792694091797,1.0511462688446045,1.0489295721054077,201.05,1.2728716135025024,0.24870258569717407,0.009158126078546047,0.38656702637672424,0.0,0.0,0.36694538593292236,0.00014089101750869304,0.005544877611100674,1.0374232530593872,0.0,0.0,1.0763744115829468,0.5215780138969421,0.013353188522160053,0.20379522442817688,0.009258664213120937,0.34858882427215576,0.30426380038261414,0.029862524941563606,0.0004148535372223705,0.8616867065429688,1.0,0.0,0.814301609992981,0.20372001826763153,0.0005318821058608592,0.018031826242804527,0.0,0.0,0.3417368531227112,0.0668550580739975,6.451625085901469e-05,1.2899909019470215,0.0,0.0
752,1.3288832902908325,0.6266217827796936,25.554481506347656,5.370031833648682,0.5734511017799377,45.35309982299805,1.1568970680236816,1.155527114868164,102.48,0.8340878486633301,0.007178605068475008,0.07988359034061432,13.20877742767334,0.0,0.0,0.33098798990249634,5.425401104730554e-05,0.004254468251019716,0.6952909231185913,0.0,0.0,1.0628769397735596,0.49071887135505676,0.01783294416964054,0.26504188776016235,0.01491579134017229,0.4697883725166321,0.2888477146625519,0.019022446125745773,0.0006792111089453101,0.5963887572288513,1.0,0.0,0.8716757297515869,0.21612417697906494,0.0005678085726685822,0.01980360969901085,0.0,0.0,0.34543377161026,0.05635511502623558,7.929229468572885e-05,1.2791237831115723,0.0,0.0
753,1.052978754043579,0.4375515580177307,19.944984436035156,4.623042583465576,0.5796838998794556,50.16445541381836,1.0721944570541382,1.0720962285995483,8.55,0.8909987807273865,0.028486086055636406,0.06671763956546783,7.325931072235107,0.0,0.0,0.33584025502204895,0.00010546520934440196,0.004302021581679583,0.7854508757591248,0.0,0.0,1.089589238166809,0.5226292014122009,0.016978740692138672,0.24447748064994812,0.01316646859049797,0.42236801981925964,0.28750619292259216,0.019631054252386093,0.0005714055732823908,0.6328896880149841,1.0,0.0,0.8747268915176392,0.2063627690076828,0.0005757124745287001,0.0198172889649868,0.0,0.0,0.345040500164032,0.058834511786699295,6.310148455668241e-05,1.2886333465576172,0.0,0.0
754,3.078341484069824,0.2232438027858734,40.09579849243164,4.548716068267822,0.6669220328330994,51.46457290649414,1.2780760526657104,1.2781641483306885,5.39,0.9811979532241821,0.08841920644044876,0.03302595391869545,3.7686190605163574,0.0,0.0,0.33269137144088745,0.00012120985775254667,0.0035874901805073023,0.8862269520759583,0.0,0.0,0.9925560355186462,0.40414851903915405,0.015305104665458202,0.19171184301376343,0.011462298221886158,0.33932065963745117,0.29960304498672485,0.024148909375071526,0.000560241169296205,0.7167103886604309,1.0,0.0,0.8279232978820801,0.2520851194858551,0.0005272948183119297,0.018383262678980827,0.0,0.0,0.34095051884651184,0.05505131930112839,0.00013254296209197491,1.2483890056610107,0.0,0.0
755,1.5919764041900635,0.2584432363510132,24.92593765258789,4.890938758850098,0.4321184456348419,56.48387908935547,1.053661584854126,1.0544860363006592,74.2,0.9256769418716431,0.06577323377132416,0.03993380069732666,4.214716911315918,0.0,0.0,0.3480362892150879,0.00013763226161245257,0.007174925412982702,0.8814645409584045,0.0,0.0,1.1383274793624878,0.4070688486099243,0.01905745640397072,0.2985158860683441,0.016204794868826866,0.5333024859428406,0.27406036853790283,0.01217484287917614,0.0007277423865161836,0.4746456444263458,1.0,0.0,0.7936109304428101,0.26942774653434753,0.0005319448537193239,0.01882145181298256,0.0,0.0,0.3493279218673706,0.052313726395368576,6.732107431162149e-05,1.2925037145614624,0.0,0.0
756,3.4810938835144043,0.9861375689506531,22.82784080505371,7.577785968780518,0.7297395467758179,54.64033889770508,1.1998274326324463,1.1998790502548218,3.59,0.7267180681228638,0.03528685122728348,0.07554210722446442,24.55931282043457,0.0,0.0,0.37207749485969543,6.248839781619608e-05,0.00141990149859339,0.5611552000045776,0.0,0.0,0.9892144799232483,0.5586498975753784,0.01599227823317051,0.2537572979927063,0.013129149563610554,0.45530831813812256,0.3012867569923401,0.026969200000166893,0.0005998059641569853,0.7452090978622437,1.0,0.0,0.9813961982727051,0.14550811052322388,0.0006429563509300351,0.021258089691400528,0.0,0.0,0.34108981490135193,0.0684259757399559,4.167805673205294e-05,1.2886854410171509,0.0,0.0
757,4.222207546234131,0.20034842193126678,23.049766540527344,7.046480178833008,0.5327293276786804,52.55181121826172,1.1032516956329346,1.1022189855575562,84.93,1.130050539970398,0.0951351523399353,0.018037214875221252,3.2578964233398438,0.0,0.0,0.3169250190258026,6.426298205042258e-05,0.007992509752511978,0.8998066782951355,0.0,0.0,1.160259485244751,0.37557366490364075,0.020066289231181145,0.3514958620071411,0.017957588657736778,0.6335792541503906,0.28252744674682617,0.01560784038156271,0.000763014133553952,0.5317878723144531,1.0,0.0,0.7820073962211609,0.2733213007450104,0.0005139169516041875,0.018286708742380142,0.0,0.0,0.34564217925071716,0.05161941424012184,8.698288002051413e-05,1.285922646522522,0.0,0.0
758,3.270353078842163,0.8626161217689514,42.05416488647461,2.086454391479492,0.42529284954071045,58.49814987182617,1.0093353986740112,1.0072581768035889,204.32,0.799925684928894,0.007803961168974638,0.067744679749012,20.245006561279297,0.0,0.0,0.35549643635749817,1.1818740858871024e-05,0.0024095154367387295,0.6480117440223694,0.0,0.0,1.0785866975784302,0.5543394088745117,0.015463803894817829,0.16077008843421936,0.010324615053832531,0.25884658098220825,0.27833595871925354,0.013231592252850533,0.0005498241516761482,0.5320278406143188,1.0,0.0,0.8581507802009583,0.2439815104007721,0.0005603378522209823,0.019856570288538933,0.0,0.0,0.3515557646751404,0.05557386577129364,0.00011445237760199234,1.2665995359420776,0.0,0.0
759,2.7262113094329834,0.22663837671279907,42.70749282836914,9.717170715332031,0.4528186023235321,46.8530387878418,1.240182638168335,1.239696979522705,31.59,0.9962348937988281,0.055957745760679245,0.02609224058687687,4.6061177253723145,0.0,0.0,0.32866087555885315,5.468900053529069e-05,0.011765318922698498,0.8761759996414185,0.0,0.0,1.055714726448059,0.17212305963039398,0.022849734872579575,0.4169773757457733,0.02544925920665264,0.8213170170783997,0.2755615711212158,0.008838457055389881,0.0011870252201333642,0.37712427973747253,1.0,0.0,0.6471248269081116,0.44892454147338867,0.00038413493894040585,0.015702243894338608,0.0,0.0,0.34618207812309265,0.02996259368956089,0.00033342093229293823,1.2093876600265503,0.0,0.0
760,3.3627161979675293,0.6337873339653015,17.027023315429688,6.951325416564941,0.693268358707428,55.894569396972656,1.0597397089004517,1.0656206607818604,520.77,0.9767741560935974,0.0073073385283350945,0.05642702057957649,12.810489654541016,0.0,0.0,0.3077033460140228,6.2009280554775614e-06,0.0027308459393680096,0.6998386383056641,0.0,0.0,1.1053006649017334,0.5304513573646545,0.01600957289338112,0.2722194492816925,0.0133046954870224,0.4795350432395935,0.29528340697288513,0.023578207939863205,0.0005710622644983232,0.7255342602729797,1.0,0.0,0.9266184568405151,0.18420659005641937,0.0005950701306574047,0.020447034388780594,0.0,0.0,0.34178927540779114,0.06118481233716011,6.496300920844078e-05,1.2835733890533447,0.0,0.0
761,4.8357462882995605,0.7371552586555481,22.429946899414062,8.75536060333252,0.7152454853057861,46.52866744995117,1.18174409866333,1.1795412302017212,158.03,0.9746711850166321,0.008528659120202065,0.049724165350198746,16.7606201171875,0.0,0.0,0.31363391876220703,2.6488812636671355e-06,0.0027347179129719734,0.6522432565689087,0.0,0.0,1.07144296169281,0.5052849650382996,0.01666853204369545,0.2886563241481781,0.014990570954978466,0.532677948474884,0.29917454719543457,0.024089185521006584,0.0006752515328116715,0.7101224064826965,1.0,0.0,0.899260938167572,0.19720636308193207,0.0005788865382783115,0.01990310661494732,0.0,0.0,0.3414103388786316,0.061568357050418854,6.382424180628732e-05,1.2817175388336182,0.0,0.0
762,1.7607702016830444,0.7824404835700989,24.329347610473633,6.406974792480469,0.4498150944709778,54.19568634033203,1.0848745107650757,1.082810401916504,175.71,0.8020688891410828,0.0057248277589678764,0.0756128802895546,17.637392044067383,0.0,0.0,0.3460567593574524,1.3432666492008138e-05,0.00479506328701973,0.6501068472862244,0.0,0.0,1.144662618637085,0.4477406442165375,0.020251117646694183,0.35757842659950256,0.01904330588877201,0.6538985967636108,0.2741485834121704,0.011909380555152893,0.000825060298666358,0.4623556435108185,1.0,0.0,0.837279200553894,0.24076442420482635,0.0005491294432431459,0.019617166370153427,0.0,0.0,0.3483196496963501,0.051599424332380295,6.442026642616838e-05,1.291520595550537,0.0,0.0
763,3.5382447242736816,0.21704818308353424,44.91613006591797,1.707128882408142,0.7129354476928711,51.80337142944336,1.0774270296096802,1.0776129961013794,16.02,1.4086406230926514,0.10957472771406174,0.02235795371234417,1.489981770515442,0.0,0.0,0.33060821890830994,0.00011197078129043803,0.002520747249945998,0.9032734036445618,0.0,0.0,1.0536832809448242,0.5534288287162781,0.011615307070314884,0.11343491077423096,0.005216856487095356,0.16287827491760254,0.3033178746700287,0.02963712438941002,0.00020073681662324816,0.8875401616096497,1.0,0.0,0.9093501567840576,0.19509395956993103,0.0005545078893192112,0.019286103546619415,0.0,0.0,0.33929768204689026,0.059381723403930664,0.00017450745508540422,1.2360292673110962,0.0,0.0
764,4.080902099609375,0.01722707785665989,25.793527603149414,9.585766792297363,0.4468229115009308,53.721160888671875,1.1461673974990845,1.142887830734253,250.36,1.1200107336044312,0.17742741107940674,0.0035670562647283077,2.568596363067627,0.0,0.0,0.3511423170566559,0.00010156889766221866,0.013520208187401295,0.9962294101715088,0.0,0.0,1.1684106588363647,0.2840162515640259,0.023472310975193977,0.4789765775203705,0.02403101697564125,0.8986307978630066,0.27280575037002563,0.010384389199316502,0.0009816257515922189,0.42051640152931213,1.0,0.0,0.6979324817657471,0.3418218791484833,0.0004589829477481544,0.01691068522632122,0.0,0.0,0.3474540412425995,0.04488660767674446,0.0001010525447782129,1.28593111038208,0.0,0.0
765,5.534812927246094,0.33267703652381897,42.77215576171875,4.841545581817627,0.4894663393497467,47.334327697753906,1.161802053451538,1.1632922887802124,110.26,1.140733242034912,0.03999250382184982,0.025708641856908798,5.807762145996094,0.0,0.0,0.2949390113353729,6.496875357697718e-06,0.008582311682403088,0.8554922342300415,0.0,0.0,1.0813571214675903,0.251922607421875,0.017965197563171387,0.2536506950855255,0.015685437247157097,0.4671027958393097,0.2827097177505493,0.013480169698596,0.0007816298166289926,0.5046007633209229,1.0,0.0,0.725252628326416,0.4170599579811096,0.00043877516873180866,0.017040342092514038,0.0,0.0,0.34627681970596313,0.03728692978620529,0.0003217219782527536,1.2136366367340088,0.0,0.0
766,3.243492841720581,0.1483849585056305,31.401287078857422,5.2370171546936035,0.6248509287834167,57.04497528076172,1.223123550415039,1.222440481185913,45.68,1.0123540163040161,0.12661147117614746,0.022569838911294937,2.3825061321258545,0.0,0.0,0.3443012535572052,0.00015514537517447025,0.004430084023624659,0.9269164204597473,0.0,0.0,1.0388274192810059,0.4743829071521759,0.017114797607064247,0.2325783669948578,0.01342034712433815,0.41740405559539795,0.2955579161643982,0.02222471311688423,0.0006379768019542098,0.6507401466369629,1.0,0.0,0.829695999622345,0.22565221786499023,0.0005572731024585664,0.018767736852169037,0.0,0.0,0.3437444567680359,0.06291563808917999,6.0255049902480096e-05,1.286325216293335,0.0,0.0
767,2.996401071548462,0.02165805920958519,35.12492752075195,3.8108508586883545,0.6279321908950806,57.16653823852539,1.2120044231414795,1.2120400667190552,2.43,0.9758352041244507,0.21767814457416534,0.014193342998623848,0.7371439337730408,0.0,0.0,0.383281946182251,0.00024476353428326547,0.004048833157867193,1.003424048423767,0.0,0.0,1.0011813640594482,0.5171133279800415,0.01572156324982643,0.18674033880233765,0.011007774621248245,0.32350513339042664,0.29674234986305237,0.023632409051060677,0.0005246514920145273,0.6931069493293762,1.0,0.0,0.8167319893836975,0.22335004806518555,0.0005515317316167057,0.018387071788311005,0.0,0.0,0.3440031111240387,0.0656222328543663,6.412596121663228e-05,1.2841943502426147,0.0,0.0
768,1.5774362087249756,0.8026502132415771,20.807418823242188,9.988815307617188,0.5272316336631775,53.29814910888672,1.132849931716919,1.1341265439987183,99.36,0.8103222250938416,0.009453956969082355,0.07645022124052048,16.883604049682617,0.0,0.0,0.3465892970561981,3.350741826579906e-05,0.0038290577940642834,0.6299492120742798,0.0,0.0,1.127495288848877,0.413009911775589,0.022271428257226944,0.45306196808815,0.02279682457447052,0.8482779860496521,0.27857720851898193,0.013899508863687515,0.0009019639692269266,0.4939841628074646,1.0,0.0,0.836231529712677,0.23277494311332703,0.0005395889165811241,0.019347935914993286,0.0,0.0,0.34500449895858765,0.05014967545866966,6.775955989724025e-05,1.2902976274490356,0.0,0.0
769,3.0804858207702637,0.6616272926330566,19.88615608215332,6.147149562835693,0.7037051320075989,44.88847351074219,1.1216853857040405,1.122093915939331,32.46,0.9498499035835266,0.006622609682381153,0.061290498822927475,13.909419059753418,0.0,0.0,0.3118363916873932,1.3870710972696543e-05,0.0028391366358846426,0.6807907223701477,0.0,0.0,1.0644508600234985,0.5522714853286743,0.015233632177114487,0.23586446046829224,0.012249333783984184,0.42031848430633545,0.2983189523220062,0.024779707193374634,0.0005616322159767151,0.7471393346786499,1.0,0.0,0.9296895861625671,0.18115562200546265,0.00060163380112499,0.020408138632774353,0.0,0.0,0.3420925438404083,0.06547600775957108,5.564233651966788e-05,1.2840447425842285,0.0,0.0
770,3.392740488052368,0.5118611454963684,33.80377197265625,4.23043966293335,0.670998752117157,49.51384735107422,1.2245913743972778,1.2233418226242065,83.41,0.9871079325675964,0.01901458576321602,0.052333783358335495,10.556313514709473,0.0,0.0,0.3047007918357849,3.15254510496743e-05,0.0028125587850809097,0.741564929485321,0.0,0.0,1.0306041240692139,0.4894663691520691,0.014964346773922443,0.1840650737285614,0.010786688886582851,0.3207150399684906,0.3004416823387146,0.024669647216796875,0.0005346465623006225,0.7335532903671265,1.0,0.0,0.8995429277420044,0.20883609354496002,0.0005814852775074542,0.019781408831477165,0.0,0.0,0.3420141935348511,0.06252175569534302,8.649353549117222e-05,1.2653955221176147,0.0,0.0
771,1.9144002199172974,0.523987352848053,25.17344856262207,8.540826797485352,0.6629081964492798,46.2486572265625,1.248255968093872,1.2492306232452393,62.5,0.9125263690948486,0.01822616346180439,0.06478257477283478,10.477743148803711,0.0,0.0,0.317548543214798,5.245819556876086e-05,0.0038827448152005672,0.7277945876121521,0.0,0.0,1.045889139175415,0.43736666440963745,0.018554093316197395,0.3086544871330261,0.017046324908733368,0.5715407729148865,0.2962110638618469,0.022125117480754852,0.0007720883004367352,0.6343304514884949,1.0,0.0,0.8610212206840515,0.22167374193668365,0.0005567258922383189,0.01935878023505211,0.0,0.0,0.34210655093193054,0.055993612855672836,8.154255920089781e-05,1.2761391401290894,0.0,0.0
772,2.1794590950012207,0.9535039067268372,34.83479690551758,3.8864166736602783,0.4274795651435852,41.85057830810547,1.0735325813293457,1.0733779668807983,13.42,0.6769838333129883,0.01649683527648449,0.08419013023376465,23.52787208557129,0.0,0.0,0.38392284512519836,6.05054956395179e-05,0.006191016640514135,0.6045347452163696,0.0,0.0,1.0300122499465942,0.3973744809627533,0.017774660140275955,0.2411191463470459,0.01457733754068613,0.4207102060317993,0.27736008167266846,0.012517767027020454,0.0007125915144570172,0.47813236713409424,1.0,0.0,0.7955880761146545,0.29133859276771545,0.0005030796746723354,0.01878083124756813,0.0,0.0,0.35113370418548584,0.043669868260622025,0.00018864209414459765,1.2468767166137695,0.0,0.0
773,1.166526436805725,0.9403008222579956,25.805801391601562,7.071622371673584,0.5159300565719604,41.11991500854492,1.1578770875930786,1.1588284969329834,70.91,0.6555548906326294,0.017945431172847748,0.0966670885682106,22.55868911743164,0.0,0.0,0.38062411546707153,6.739968375768512e-05,0.005702494643628597,0.5840574502944946,0.0,0.0,1.0482409000396729,0.4305371940135956,0.02046637237071991,0.34929683804512024,0.018995894119143486,0.6362190842628479,0.28188326954841614,0.015135925263166428,0.0008221144671551883,0.5028945207595825,1.0,0.0,0.8218824863433838,0.24503135681152344,0.0005280867917463183,0.019151953980326653,0.0,0.0,0.34702444076538086,0.047396302223205566,0.00010990988812409341,1.274594783782959,0.0,0.0
774,3.999345302581787,0.14422476291656494,30.974586486816406,5.034575462341309,0.7093450427055359,51.34400939941406,1.2465503215789795,1.2470788955688477,34.0,1.0580565929412842,0.14209051430225372,0.020774494856595993,2.428722858428955,0.0,0.0,0.33559900522232056,0.00013353706162888557,0.003899290459230542,0.9331100583076477,0.0,0.0,1.01213538646698,0.5034770965576172,0.015003403648734093,0.1910482794046402,0.010916108265519142,0.3362727761268616,0.3036715090274811,0.027137627825140953,0.0005394429317675531,0.763039767742157,1.0,0.0,0.8578645586967468,0.2066175639629364,0.0005692470003850758,0.018938148394227028,0.0,0.0,0.3415073752403259,0.06721803545951843,6.658885831711814e-05,1.278038501739502,0.0,0.0
775,4.0440754890441895,0.16448190808296204,41.7967643737793,4.513325214385986,0.6368008852005005,53.8640022277832,1.264583706855774,1.26594877243042,85.27,1.0392134189605713,0.11166903376579285,0.020520929247140884,2.744476318359375,0.0,0.0,0.3302115797996521,0.00010833561100298539,0.004449891392141581,0.927534282207489,0.0,0.0,1.0064280033111572,0.3738611340522766,0.015864623710513115,0.20021598041057587,0.012155698612332344,0.35692042112350464,0.2967868149280548,0.022228507325053215,0.0005932380445301533,0.679689884185791,1.0,0.0,0.7968387007713318,0.27968764305114746,0.0005088091711513698,0.017908701673150063,0.0,0.0,0.3417283594608307,0.05303491652011871,0.00014608660421799868,1.2478395700454712,0.0,0.0
776,3.1815857887268066,0.033603813499212265,30.433841705322266,8.595115661621094,0.6519184708595276,52.031455993652344,1.2957855463027954,1.294901728630066,52.67,1.0057700872421265,0.17165063321590424,0.014277909882366657,1.410388469696045,0.0,0.0,0.36812418699264526,0.0001653432409511879,0.006726276595145464,0.9859158992767334,0.0,0.0,1.0155137777328491,0.4025387167930603,0.019321613013744354,0.3051341474056244,0.01750839129090309,0.5708125233650208,0.2969285547733307,0.02214706875383854,0.0007999379304237664,0.6111478805541992,1.0,0.0,0.770388662815094,0.25739774107933044,0.0005076664965599775,0.017599789425730705,0.0,0.0,0.3420427739620209,0.055098842829465866,9.653110464569181e-05,1.2745639085769653,0.0,0.0
777,5.664271831512451,0.7713399529457092,32.28680419921875,3.2249653339385986,0.5673023462295532,53.98051452636719,1.0903550386428833,1.0884792804718018,158.05,0.9560921788215637,0.005728139076381922,0.04588640481233597,18.36924934387207,0.0,0.0,0.3226977288722992,1.1117890608147718e-06,0.002612810116261244,0.6478545665740967,0.0,0.0,1.0946813821792603,0.5654304623603821,0.0156887024641037,0.18576787412166595,0.011146287433803082,0.3161505460739136,0.2903652489185333,0.01941564865410328,0.0005439504748210311,0.6412910223007202,1.0,0.0,0.9006799459457397,0.20893743634223938,0.0005892130429856479,0.020177142694592476,0.0,0.0,0.3457043766975403,0.06286654621362686,7.411352271446958e-05,1.2774407863616943,0.0,0.0
778,4.058102130889893,0.718272864818573,21.913448333740234,8.492754936218262,0.5639292001724243,44.943153381347656,1.1089296340942383,1.1079884767532349,76.6,0.9705203771591187,0.009533300995826721,0.047871094197034836,15.965052604675293,0.0,0.0,0.3167192339897156,1.9130959572066786e-06,0.004812398459762335,0.6581099629402161,0.0,0.0,1.1535272598266602,0.3961635231971741,0.020135978236794472,0.3828383684158325,0.019474979490041733,0.7104241847991943,0.2833247780799866,0.0157693512737751,0.0008093955111689866,0.5454279780387878,1.0,0.0,0.831142246723175,0.2491893619298935,0.0005325329839251935,0.01916777528822422,0.0,0.0,0.34467342495918274,0.05103586986660957,8.686340879648924e-05,1.2819361686706543,0.0,0.0
779,3.3648645877838135,0.11981577426195145,23.960153579711914,4.822098255157471,0.6535367965698242,51.844669342041016,1.1469628810882568,1.1484729051589966,114.63,1.033706545829773,0.1533147543668747,0.01998601108789444,1.9339795112609863,0.0,0.0,0.34861132502555847,0.00015823102148715407,0.004660158883780241,0.9461263418197632,0.0,0.0,1.0439612865447998,0.5033257603645325,0.016016462817788124,0.21708591282367706,0.011799306608736515,0.37544870376586914,0.29677945375442505,0.024014487862586975,0.0005424738046713173,0.707144021987915,1.0,0.0,0.8457311391830444,0.21028108894824982,0.0005658550653606653,0.019008122384548187,0.0,0.0,0.34354352951049805,0.06427423655986786,5.711674384656362e-05,1.2885708808898926,0.0,0.0
780,4.372320175170898,0.025391895323991776,40.14119338989258,9.063432693481445,0.5751009583473206,44.39365005493164,1.294069766998291,1.2924957275390625,94.11,1.0423762798309326,0.14151281118392944,0.010618072003126144,2.063444137573242,0.0,0.0,0.35016363859176636,9.405747550772503e-05,0.011638452298939228,0.9955037236213684,0.0,0.0,0.9959726333618164,0.22934074699878693,0.02089526318013668,0.34005206823349,0.020985517650842667,0.6523836851119995,0.28959888219833374,0.016182705760002136,0.0009775699581950903,0.5025593638420105,1.0,0.0,0.6637561917304993,0.4377966821193695,0.00040037190774455667,0.015508003532886505,0.0,0.0,0.34185993671417236,0.03586233779788017,0.0003328175807837397,1.2090498208999634,0.0,0.0
781,5.463180065155029,0.5066495537757874,21.916391372680664,8.005125999450684,0.7287113666534424,59.59649658203125,1.159615159034729,1.1595417261123657,5.46,1.129462480545044,0.02126440778374672,0.03723869472742081,10.244268417358398,0.0,0.0,0.28908205032348633,8.647485287838208e-07,0.0029129344038665295,0.7589457035064697,0.0,0.0,1.1152645349502563,0.5540064573287964,0.016008004546165466,0.2663433849811554,0.013543100096285343,0.4790245592594147,0.3010219931602478,0.025706501677632332,0.0006173252477310598,0.7414394617080688,1.0,0.0,0.9328181147575378,0.17408686876296997,0.0006082281470298767,0.02042524889111519,0.0,0.0,0.3414946496486664,0.06795347481966019,4.9479891458759084e-05,1.2886368036270142,0.0,0.0
782,4.931122303009033,0.42671114206314087,39.69044876098633,5.611792087554932,0.4913662075996399,58.5066032409668,1.1879407167434692,1.1857212781906128,157.57,1.1260427236557007,0.028423506766557693,0.02867969311773777,7.95968770980835,0.0,0.0,0.2943710386753082,9.625017582948203e-07,0.005862355697900057,0.7983343005180359,0.0,0.0,1.147929310798645,0.3476138710975647,0.019069146364927292,0.2848132848739624,0.017038393765687943,0.5293253064155579,0.28234657645225525,0.013729375787079334,0.0008342851069755852,0.4922339916229248,1.0,0.0,0.7833796143531799,0.31343209743499756,0.0005047039012424648,0.018371380865573883,0.0,0.0,0.3468603789806366,0.04810403659939766,0.00014288871898315847,1.2640256881713867,0.0,0.0
783,5.494141101837158,0.44589415192604065,26.416091918945312,6.323000907897949,0.5602957606315613,58.055816650390625,1.123645305633545,1.1211390495300293,198.95,1.1469238996505737,0.030184397473931313,0.030339041724801064,8.668209075927734,0.0,0.0,0.2898094356060028,9.279222581426438e-07,0.004910305608063936,0.7784870862960815,0.0,0.0,1.180375099182129,0.4435751736164093,0.0188318882137537,0.30535632371902466,0.016389895230531693,0.5553396940231323,0.28660932183265686,0.01709526777267456,0.0007377135334536433,0.5660706162452698,1.0,0.0,0.8459929823875427,0.23484894633293152,0.0005557718104682863,0.019390301778912544,0.0,0.0,0.34508195519447327,0.05735497921705246,6.895566184539348e-05,1.286760687828064,0.0,0.0
784,3.351632833480835,0.01066198293119669,37.00777816772461,2.565171480178833,0.6025473475456238,46.98260498046875,1.1344897747039795,1.133150577545166,104.17,0.9453789591789246,0.2219521552324295,0.0137396939098835,0.9649254083633423,0.0,0.0,0.38202133774757385,0.00022777785488869995,0.004884219262748957,1.0187617540359497,0.0,0.0,0.9775606989860535,0.4368270933628082,0.014659255743026733,0.15267132222652435,0.0092444634065032,0.24836696684360504,0.29531392455101013,0.0224972702562809,0.00044755291310139,0.701002836227417,1.0,0.0,0.7791626453399658,0.2713339924812317,0.0005076646921224892,0.017620930448174477,0.0,0.0,0.3446847200393677,0.056524187326431274,0.00014000335067976266,1.2509514093399048,0.0,0.0
785,5.585070610046387,0.2402043640613556,23.852664947509766,9.481451034545898,0.6564604640007019,47.40110397338867,1.1906417608261108,1.1916054487228394,67.92,1.181167721748352,0.08225616812705994,0.023640185594558716,4.520061016082764,0.0,0.0,0.2987693250179291,3.0999755836091936e-05,0.0062697711400687695,0.8838719725608826,0.0,0.0,1.1039988994598389,0.37862709164619446,0.019034894183278084,0.34204375743865967,0.017844825983047485,0.6369335055351257,0.2946890592575073,0.02079106867313385,0.0007721735164523125,0.6278228759765625,1.0,0.0,0.8069500923156738,0.2522193491458893,0.0005236081196926534,0.01842651329934597,0.0,0.0,0.34261271357536316,0.054706986993551254,8.824720862321556e-05,1.2794189453125,0.0,0.0
786,2.8238658905029297,0.882742166519165,17.27713966369629,4.30777645111084,0.7992766499519348,57.110530853271484,1.0174232721328735,1.01759672164917,16.75,0.8231003284454346,0.019233131781220436,0.08673254400491714,18.564546585083008,0.0,0.0,0.3448408842086792,2.735845191637054e-05,0.0015535944839939475,0.6019489765167236,0.0,0.0,0.9889351725578308,0.5101234316825867,0.011074154637753963,0.14198052883148193,0.006590262055397034,0.23535209894180298,0.30622848868370056,0.03209848329424858,0.00033057236578315496,0.9330759048461914,1.0,0.0,1.0451592206954956,0.1140718162059784,0.0006803974974900484,0.02172843925654888,0.0,0.0,0.3406153619289398,0.08585506677627563,3.507152359816246e-05,1.288127064704895,0.0,0.0
787,5.078131198883057,0.224398672580719,21.313579559326172,8.597858428955078,0.506309986114502,57.74879837036133,1.0697654485702515,1.0695496797561646,18.86,1.207525610923767,0.08558119088411331,0.01622527278959751,3.812055826187134,0.0,0.0,0.30280131101608276,3.252205715398304e-05,0.009171368554234505,0.8861967921257019,0.0,0.0,1.2170718908309937,0.333293080329895,0.021509505808353424,0.42807257175445557,0.020715707913041115,0.7813003063201904,0.27750465273857117,0.01313147135078907,0.0008312607533298433,0.49516087770462036,1.0,0.0,0.7672932147979736,0.2897399365901947,0.000497732253279537,0.01808563992381096,0.0,0.0,0.34554409980773926,0.04815203696489334,9.769479220267385e-05,1.286103367805481,0.0,0.0
788,4.175652980804443,0.6849874258041382,24.429353713989258,8.08293628692627,0.5543127655982971,45.464454650878906,1.1370335817337036,1.1373509168624878,24.54,0.9884279370307922,0.009745731018483639,0.04657648876309395,15.25379467010498,0.0,0.0,0.31204965710639954,9.034705499288975e-07,0.0051328507252037525,0.6702607870101929,0.0,0.0,1.154099941253662,0.3915170133113861,0.02015542797744274,0.36936578154563904,0.019300594925880432,0.6835059523582458,0.2838733196258545,0.015706848353147507,0.0008261332986876369,0.5335155725479126,1.0,0.0,0.8247330188751221,0.2566351294517517,0.0005280307959765196,0.01906474120914936,0.0,0.0,0.3449629545211792,0.05017475783824921,9.88110332400538e-05,1.2779319286346436,0.0,0.0
789,3.894375801086426,0.6361703276634216,18.436416625976562,7.077579975128174,0.7269862294197083,56.20723342895508,1.096136450767517,1.094866156578064,105.85,1.0082976818084717,0.007202490232884884,0.05311078205704689,13.74032974243164,0.0,0.0,0.3041938841342926,1.0340866083424771e-06,0.002315024146810174,0.6987041234970093,0.0,0.0,1.0931265354156494,0.5495455861091614,0.015113270841538906,0.2496345192193985,0.012528982944786549,0.44925716519355774,0.2993144392967224,0.025376779958605766,0.000562915753107518,0.762769341468811,1.0,0.0,0.9373338222503662,0.17397643625736237,0.0006061501917429268,0.020471932366490364,0.0,0.0,0.3413950800895691,0.06710182130336761,5.222663821768947e-05,1.2860509157180786,0.0,0.0
790,3.276893377304077,0.1726311296224594,32.42317581176758,3.373905897140503,0.6070717573165894,56.051151275634766,1.1537009477615356,1.1512691974639893,183.08,0.9987205266952515,0.12473449110984802,0.025015808641910553,3.0145983695983887,0.0,0.0,0.3418852686882019,0.000167659847647883,0.0037560192868113518,0.9179074764251709,0.0,0.0,1.036161184310913,0.5169597268104553,0.015586466528475285,0.1798495352268219,0.010632098652422428,0.3057018220424652,0.29492947459220886,0.022317184135317802,0.0005144964088685811,0.6821887493133545,1.0,0.0,0.8534983992576599,0.2164224535226822,0.0005761109641753137,0.019192855805158615,0.0,0.0,0.34487777948379517,0.06647370755672455,5.738254913012497e-05,1.285634160041809,0.0,0.0
791,5.899811744689941,0.5752568244934082,37.423973083496094,3.0301504135131836,0.5733660459518433,48.61133575439453,1.1202621459960938,1.1207197904586792,36.45,1.068743109703064,0.008602789603173733,0.039649732410907745,12.188055992126465,0.0,0.0,0.29508665204048157,9.573985835231724e-07,0.003367094788700342,0.7344430685043335,0.0,0.0,1.0842456817626953,0.440104603767395,0.015354663133621216,0.1744895726442337,0.01071743294596672,0.29612407088279724,0.2919979393482208,0.01951323263347149,0.0005355722387321293,0.6494534015655518,1.0,0.0,0.8532927632331848,0.25787508487701416,0.0005390621954575181,0.019161731004714966,0.0,0.0,0.34488362073898315,0.05450870841741562,0.00014524902508128434,1.2479921579360962,0.0,0.0
792,1.9454553127288818,0.7589159607887268,24.965906143188477,6.228372573852539,0.6953514814376831,48.7027702331543,1.2241648435592651,1.2237868309020996,25.23,0.8073841333389282,0.0074934884905815125,0.08618289977312088,17.611764907836914,0.0,0.0,0.3333166539669037,4.2623301851563156e-05,0.002307527232915163,0.6332381963729858,0.0,0.0,1.0122727155685425,0.5797639489173889,0.01598975621163845,0.2349899858236313,0.012978547252714634,0.4197827875614166,0.30002570152282715,0.025498652830719948,0.0006125131039880216,0.7213954329490662,1.0,0.0,0.9429617524147034,0.17087945342063904,0.0006154475267976522,0.02063533291220665,0.0,0.0,0.3418929874897003,0.06604359298944473,5.326021710061468e-05,1.28300142288208,0.0,0.0
793,4.907784461975098,0.6133814454078674,39.061424255371094,7.420812606811523,0.448148638010025,57.59897232055664,1.187207579612732,1.1875733137130737,25.94,1.0752408504486084,0.010936245322227478,0.034664254635572433,11.98639965057373,0.0,0.0,0.3030849099159241,9.86875306807633e-07,0.006798489950597286,0.7119928598403931,0.0,0.0,1.1685088872909546,0.3040294051170349,0.021200768649578094,0.36495357751846313,0.021118836477398872,0.6960647106170654,0.2764414846897125,0.010597667656838894,0.0009993816493079066,0.41857439279556274,1.0,0.0,0.7630208134651184,0.34082531929016113,0.0004839080211240798,0.018175795674324036,0.0,0.0,0.3477103114128113,0.042785339057445526,0.00016946974210441113,1.2618613243103027,0.0,0.0
794,4.8918023109436035,0.8814337253570557,21.652563095092773,5.300551891326904,0.5399129390716553,52.07554244995117,1.0148005485534668,1.0154372453689575,61.79,0.8522370457649231,0.01363787055015564,0.05034438520669937,21.51974868774414,0.0,0.0,0.3489542603492737,2.5824776457739063e-05,0.0034880207385867834,0.6046369671821594,0.0,0.0,1.1142388582229614,0.506759524345398,0.017805149778723717,0.2878322899341583,0.014922559261322021,0.5089802742004395,0.28190290927886963,0.016214776784181595,0.000640372047200799,0.5778197646141052,1.0,0.0,0.885103166103363,0.20881938934326172,0.0005771879805251956,0.02014891989529133,0.0,0.0,0.3457127511501312,0.056848783046007156,6.334888894343749e-05,1.2870680093765259,0.0,0.0
795,2.0755221843719482,0.5413239002227783,29.346149444580078,4.655261516571045,0.6890381574630737,52.12030029296875,1.2268192768096924,1.2257112264633179,73.69,0.8995980024337769,0.01571461372077465,0.07017555087804794,11.178811073303223,0.0,0.0,0.3188515603542328,6.98871081112884e-05,0.002246798947453499,0.7230507731437683,0.0,0.0,1.0148993730545044,0.5875619649887085,0.014964261092245579,0.1915460228919983,0.010951307602226734,0.33533161878585815,0.3013095259666443,0.026034541428089142,0.0005356629262678325,0.7484426498413086,1.0,0.0,0.9362800121307373,0.17582900822162628,0.0006179443444125354,0.020423224195837975,0.0,0.0,0.34213536977767944,0.07001619040966034,5.077175592305139e-05,1.2832300662994385,0.0,0.0
796,4.5939741134643555,0.6388682126998901,36.233360290527344,4.206620693206787,0.6856945753097534,56.24335479736328,1.235677719116211,1.234365463256836,86.03,1.021604299545288,0.007521654944866896,0.04901392385363579,14.01347541809082,0.0,0.0,0.30122920870780945,9.950416597348521e-07,0.002050782321020961,0.6919344663619995,0.0,0.0,1.058803915977478,0.5695762634277344,0.01456358190625906,0.17724883556365967,0.010481747798621655,0.3102200925350189,0.3016699552536011,0.02541777305305004,0.0005203310865908861,0.7538151144981384,1.0,0.0,0.9254884719848633,0.19274911284446716,0.0006001570145599544,0.020136402919888496,0.0,0.0,0.34135231375694275,0.06775228679180145,6.881732406327501e-05,1.2740055322647095,0.0,0.0
797,2.0,0.09081386029720306,28.753732681274414,7.294552326202393,0.46202927827835083,54.83251190185547,1.1562355756759644,1.1567472219467163,38.25,0.9575531482696533,0.11976861208677292,0.0206974558532238,1.9342752695083618,0.0,0.0,0.3705483376979828,0.00017419198411516845,0.009461482986807823,0.9587963819503784,0.0,0.0,1.1058743000030518,0.341148316860199,0.02143082022666931,0.37483644485473633,0.02030073292553425,0.6997091174125671,0.27694541215896606,0.012375179678201675,0.0008950810297392309,0.44697803258895874,1.0,0.0,0.7420199513435364,0.30131885409355164,0.0004941580118611455,0.017771385610103607,0.0,0.0,0.3480115234851837,0.0482051782310009,9.017698903335258e-05,1.2872391939163208,0.0,0.0
798,1.1320356130599976,0.521188497543335,23.66802406311035,4.547722816467285,0.629910945892334,45.55110549926758,1.1466314792633057,1.1481680870056152,116.72,0.8589508533477783,0.016234973445534706,0.07665592432022095,9.994873046875,0.0,0.0,0.33134332299232483,9.572661656420678e-05,0.003475928446277976,0.7387720942497253,0.0,0.0,1.0362564325332642,0.5450809001922607,0.01603039912879467,0.21629191935062408,0.012152601964771748,0.376431941986084,0.29425379633903503,0.02261219546198845,0.0005600739968940616,0.6847004890441895,1.0,0.0,0.9022506475448608,0.19246922433376312,0.0005920712137594819,0.020112697035074234,0.0,0.0,0.3441450297832489,0.06285250931978226,6.280067464103922e-05,1.2827354669570923,0.0,0.0
799,1.45737886428833,0.265720397233963,15.56530475616455,7.053277969360352,0.613179624080658,44.1025505065918,1.04674232006073,1.0510845184326172,394.67,1.0728776454925537,0.07184688001871109,0.03995915502309799,2.729079008102417,0.0,0.0,0.3428459167480469,9.947990474756807e-05,0.007648338098078966,0.8719162940979004,0.0,0.0,1.160127878189087,0.4803878366947174,0.018630627542734146,0.32699865102767944,0.015680605545639992,0.5635681748390198,0.28709548711776733,0.020102273672819138,0.0006146518862806261,0.6318351626396179,1.0,0.0,0.8020663857460022,0.23289190232753754,0.0005143937305547297,0.01839877851307392,0.0,0.0,0.3436166048049927,0.05054987221956253,0.0001033126754919067,1.2852191925048828,0.0,0.0
800,4.157653331756592,0.4109403192996979,21.508834838867188,2.827625036239624,0.7679704427719116,44.73624038696289,1.0004249811172485,1.0000659227371216,35.89,1.1073685884475708,0.04475913941860199,0.04059748351573944,7.127665996551514,0.0,0.0,0.2993701696395874,4.402238846523687e-05,0.002327434718608856,0.7970479130744934,0.0,0.0,1.0356775522232056,0.5255798101425171,0.01102684997022152,0.11345796287059784,0.0056289746426045895,0.17559707164764404,0.30658453702926636,0.030954040586948395,0.00029434674070216715,0.9267079830169678,1.0,0.0,0.9963346719741821,0.13686051964759827,0.0006557868327945471,0.02098427712917328,0.0,0.0,0.3418278396129608,0.08828640729188919,3.823660881607793e-05,1.2874841690063477,0.0,0.0
801,5.248624801635742,0.4477044939994812,33.23392105102539,5.285762786865234,0.7614865303039551,54.90195083618164,1.2734520435333252,1.275529146194458,127.87,1.1339470148086548,0.0317300409078598,0.0359431728720665,8.748854637145996,0.0,0.0,0.2889567017555237,2.7086225600214675e-06,0.0025271710474044085,0.7808670997619629,0.0,0.0,1.053707242012024,0.5546994209289551,0.01365835964679718,0.17177289724349976,0.00979689322412014,0.30269330739974976,0.30812588334083557,0.02946658432483673,0.000506679411046207,0.8270905613899231,1.0,0.0,0.9369814395904541,0.17844608426094055,0.0006120397592894733,0.020170150324702263,0.0,0.0,0.3397175967693329,0.07240241765975952,5.7027540606213734e-05,1.2792208194732666,0.0,0.0
802,5.053112030029297,0.787270188331604,28.094879150390625,7.6690521240234375,0.47395059466362,41.77637481689453,1.1140896081924438,1.1152963638305664,97.12,0.9441288709640503,0.010147270746529102,0.04220578074455261,17.012826919555664,0.0,0.0,0.33133822679519653,1.6290610801661387e-05,0.007588822860270739,0.6372675895690918,0.0,0.0,1.1430354118347168,0.33412089943885803,0.021024221554398537,0.3928511440753937,0.02057705633342266,0.7248029708862305,0.2763800621032715,0.011993316002190113,0.0008871780592016876,0.4575975239276886,1.0,0.0,0.776678204536438,0.3047533631324768,0.0004889172851108015,0.01837376318871975,0.0,0.0,0.3474089205265045,0.042962636798620224,0.00016308891645167023,1.2643377780914307,0.0,0.0
803,4.494218826293945,0.28964030742645264,22.6296329498291,3.26597261428833,0.7922554016113281,42.82770538330078,1.05006742477417,1.0509518384933472,80.14,1.133460521697998,0.08420506119728088,0.03130444139242172,4.649507999420166,0.0,0.0,0.306633323431015,6.854413368273526e-05,0.0024428844917565584,0.8625952005386353,0.0,0.0,1.021276593208313,0.5136615633964539,0.010784395039081573,0.11562976241111755,0.005583663936704397,0.18190987408161163,0.30923891067504883,0.032374344766139984,0.0003047687641810626,0.9470665454864502,1.0,0.0,0.9768962860107422,0.14435437321662903,0.0006418495904654264,0.02062748745083809,0.0,0.0,0.34127944707870483,0.0858582854270935,4.3054198613390326e-05,1.284388542175293,0.0,0.0
804,4.795742511749268,0.7696713209152222,28.753747940063477,5.387328624725342,0.7628394365310669,52.20144271850586,1.2302840948104858,1.2292232513427734,70.15,0.9634767770767212,0.007718083914369345,0.05557708814740181,17.977388381958008,0.0,0.0,0.3161042034626007,9.86416694104264e-07,0.0017821581568568945,0.6368607878684998,0.0,0.0,1.042533040046692,0.5487226843833923,0.013493426144123077,0.17697332799434662,0.009679754264652729,0.31132805347442627,0.30707070231437683,0.029365457594394684,0.0004955183831043541,0.831538736820221,1.0,0.0,0.9771887063980103,0.15734493732452393,0.0006361831910908222,0.020887820050120354,0.0,0.0,0.34023940563201904,0.07488635182380676,4.7340901801362634e-05,1.2831735610961914,0.0,0.0
805,4.228072166442871,0.4300892651081085,30.736513137817383,4.8544416427612305,0.7446373701095581,41.74458312988281,1.2407413721084595,1.2412810325622559,35.04,1.0677748918533325,0.03260854631662369,0.04257494956254959,8.132140159606934,0.0,0.0,0.2967732548713684,2.5826990167843178e-05,0.0030497766565531492,0.7833698987960815,0.0,0.0,1.014022707939148,0.47610390186309814,0.013617408461868763,0.17118977010250092,0.009594014845788479,0.2984183430671692,0.30659154057502747,0.028383564203977585,0.0004957583732903004,0.8162088990211487,1.0,0.0,0.9027054905891418,0.2036469280719757,0.0005721357301808894,0.01954342983663082,0.0,0.0,0.34007301926612854,0.06292849034070969,0.00010201543045695871,1.2542821168899536,0.0,0.0
806,5.6784539222717285,0.5923873782157898,39.408565521240234,6.84977912902832,0.42978402972221375,48.945194244384766,1.1590986251831055,1.1580486297607422,78.22,1.096840500831604,0.010992531664669514,0.03311514854431152,11.292821884155273,0.0,0.0,0.3003960847854614,9.020553761729388e-07,0.009258991107344627,0.7272039651870728,0.0,0.0,1.1595159769058228,0.26393261551856995,0.02061527594923973,0.3518051207065582,0.02046101726591587,0.668332040309906,0.2748855948448181,0.009893711656332016,0.0009745719726197422,0.4114985167980194,1.0,0.0,0.7274870276451111,0.39918485283851624,0.00044605013681575656,0.01742744632065296,0.0,0.0,0.34831318259239197,0.0374024473130703,0.0002553306403569877,1.2357938289642334,0.0,0.0
807,2.429356813430786,0.8374723792076111,35.35532760620117,4.582165718078613,0.5995323061943054,58.42679977416992,1.2175544500350952,1.2182625532150269,47.74,0.7749850749969482,0.009856651537120342,0.08335480839014053,19.682466506958008,0.0,0.0,0.3458367586135864,2.8302289138082415e-05,0.0014750920236110687,0.6135998368263245,0.0,0.0,1.0235003232955933,0.5824114084243774,0.016765644773840904,0.21897630393505096,0.013021180406212807,0.3902241587638855,0.29367366433143616,0.020956415683031082,0.0006268779980018735,0.637194812297821,1.0,0.0,0.9220643043518066,0.1894274353981018,0.0006068921647965908,0.020517289638519287,0.0,0.0,0.3442932963371277,0.06342728435993195,5.933574720984325e-05,1.2822445631027222,0.0,0.0
808,4.6641340255737305,0.4800831973552704,30.513835906982422,7.881938457489014,0.6744388937950134,43.7421760559082,1.2689698934555054,1.2692729234695435,18.81,1.096588134765625,0.02305562235414982,0.03976628929376602,9.411043167114258,0.0,0.0,0.2926207482814789,8.283269039566221e-07,0.0043856306001544,0.7563504576683044,0.0,0.0,1.0724059343338013,0.3898710310459137,0.017661219462752342,0.27651649713516235,0.01591399870812893,0.5156267285346985,0.2988821566104889,0.022476837038993835,0.0007564371335320175,0.6521090865135193,1.0,0.0,0.8393691182136536,0.2502995431423187,0.000528172473423183,0.018799493089318275,0.0,0.0,0.34116873145103455,0.052542638033628464,0.000131181936012581,1.2546762228012085,0.0,0.0
809,1.1614490747451782,0.10637074708938599,33.84904098510742,4.743630886077881,0.439148485660553,51.55736541748047,1.127879023551941,1.1276001930236816,21.92,0.8633373379707336,0.10787758976221085,0.03198728710412979,1.9984897375106812,0.0,0.0,0.3890039920806885,0.00024930055951699615,0.007487658876925707,0.9623843431472778,0.0,0.0,1.0672250986099243,0.3734915256500244,0.018929094076156616,0.2745252251625061,0.0160126443952322,0.4960872530937195,0.27726083993911743,0.012629693374037743,0.0007624717545695603,0.47007325291633606,1.0,0.0,0.7552970051765442,0.3001159131526947,0.0005022536497563124,0.018087295815348625,0.0,0.0,0.3503398895263672,0.04828004166483879,0.00011660175368888304,1.2765085697174072,0.0,0.0
810,3.8399269580841064,0.022168975323438644,19.249799728393555,5.64968729019165,0.47800374031066895,49.58246994018555,1.0103867053985596,1.0091532468795776,120.97,1.0902516841888428,0.19745881855487823,0.006498751230537891,1.114000678062439,0.0,0.0,0.35909736156463623,0.00012109125236747786,0.010493013076484203,1.0041425228118896,0.0,0.0,1.174400806427002,0.3690844178199768,0.019443770870566368,0.33251965045928955,0.016443271189928055,0.578861653804779,0.27593159675598145,0.01354063581675291,0.0006648940616287291,0.5156395435333252,1.0,0.0,0.7161821126937866,0.31862935423851013,0.0004712835361715406,0.017110638320446014,0.0,0.0,0.3472274839878082,0.047537121921777725,9.93640860542655e-05,1.2865891456604004,0.0,0.0
811,2.0838661193847656,0.005809891503304243,22.326284408569336,8.653172492980957,0.5465788841247559,52.95301818847656,1.1638984680175781,1.1597909927368164,304.28,0.9642096161842346,0.17601969838142395,0.01430333498865366,1.3212847709655762,0.0,0.0,0.38984617590904236,0.00018639022891875356,0.009471042081713676,1.005735158920288,0.0,0.0,1.096482515335083,0.3637591302394867,0.021481839939951897,0.3946593701839447,0.020101774483919144,0.7260170578956604,0.28320667147636414,0.016175096854567528,0.0008187486091628671,0.5202025175094604,1.0,0.0,0.7394919395446777,0.28443461656570435,0.0004886333481408656,0.017467468976974487,0.0,0.0,0.34494200348854065,0.0486118346452713,9.113739361055195e-05,1.2884413003921509,0.0,0.0
812,3.8222901821136475,0.6160967350006104,29.987804412841797,4.795200824737549,0.7219145894050598,56.16489028930664,1.2272824048995972,1.2275879383087158,20.28,0.9973759651184082,0.009717626497149467,0.05454575642943382,13.381941795349121,0.0,0.0,0.30395346879959106,8.4995799625176e-06,0.0019977744668722153,0.6961685419082642,0.0,0.0,1.0438714027404785,0.5699854493141174,0.01421680860221386,0.18082644045352936,0.010240430012345314,0.3174802362918854,0.3041646182537079,0.027468327432870865,0.0005117857945151627,0.7887652516365051,1.0,0.0,0.9597115516662598,0.1666685938835144,0.0006330315372906625,0.020702028647065163,0.0,0.0,0.341232031583786,0.07481511682271957,4.273420199751854e-05,1.2872469425201416,0.0,0.0
813,4.673248767852783,0.38693609833717346,23.001483917236328,6.017509937286377,0.5197893977165222,54.12122344970703,1.061997413635254,1.0604794025421143,134.79,1.1339094638824463,0.041212715208530426,0.027834629639983177,6.969062328338623,0.0,0.0,0.29602497816085815,9.422367838851642e-06,0.0061416844837367535,0.8063154220581055,0.0,0.0,1.1862138509750366,0.40739715099334717,0.01900915987789631,0.31876981258392334,0.016633344814181328,0.5756441950798035,0.2812529504299164,0.014994188211858273,0.0007224156288430095,0.5382900238037109,1.0,0.0,0.8176436424255371,0.25770333409309387,0.000535878527443856,0.01897480897605419,0.0,0.0,0.3460906147956848,0.053934745490550995,7.771285163471475e-05,1.2861896753311157,0.0,0.0
814,5.350726127624512,0.6853443384170532,39.22930145263672,9.79782485961914,0.5283289551734924,48.4104118347168,1.2603836059570312,1.2621735334396362,112.52,1.0425140857696533,0.011312871240079403,0.03948817774653435,13.624397277832031,0.0,0.0,0.30903440713882446,8.100472541627823e-07,0.007317462470382452,0.6681278347969055,0.0,0.0,1.1058235168457031,0.2681438624858856,0.022137464955449104,0.3933960795402527,0.023262374103069305,0.7596515417098999,0.28372469544410706,0.013313253410160542,0.0010595123749226332,0.4524390399456024,1.0,0.0,0.7431740760803223,0.3635215759277344,0.0004473151930142194,0.0173533596098423,0.0,0.0,0.34348687529563904,0.03743591904640198,0.000273632031166926,1.2287991046905518,0.0,0.0
815,1.383612871170044,0.7272671461105347,17.787490844726562,9.158117294311523,0.6332516670227051,53.65779495239258,1.1302989721298218,1.1302683353424072,2.4,0.8451957106590271,0.006082488223910332,0.08195226639509201,13.595600128173828,0.0,0.0,0.33483749628067017,3.721784014487639e-05,0.002956339390948415,0.6586962342262268,0.0,0.0,1.1039834022521973,0.5082066655158997,0.01949821598827839,0.36907702684402466,0.018188539892435074,0.6637892723083496,0.2890639901161194,0.020092349499464035,0.0007281280122697353,0.6150715947151184,1.0,0.0,0.8867072463035583,0.1962323635816574,0.0005682090995833278,0.019948231056332588,0.0,0.0,0.3425360321998596,0.0542384497821331,7.273853407241404e-05,1.2860760688781738,0.0,0.0
816,5.831714153289795,0.0520128570497036,35.01199722290039,6.76002311706543,0.4529712498188019,40.50516891479492,1.144500494003296,1.1444189548492432,6.23,1.1369982957839966,0.12247055768966675,0.013385366648435593,2.1561241149902344,0.0,0.0,0.33021003007888794,7.378949521807954e-05,0.01246272400021553,0.996622622013092,0.0,0.0,1.0864343643188477,0.23515330255031586,0.02044498547911644,0.34545668959617615,0.0198091771453619,0.653120756149292,0.27803948521614075,0.011516841128468513,0.0009140095207840204,0.4377986788749695,1.0,0.0,0.6625311970710754,0.4420678913593292,0.0004099436046089977,0.015987705439329147,0.0,0.0,0.3480028808116913,0.036771807819604874,0.00027165032224729657,1.2286324501037598,0.0,0.0
817,4.526583671569824,0.7037825584411621,23.710546493530273,6.356865882873535,0.40344536304473877,47.6407585144043,1.0081722736358643,1.0087908506393433,60.82,1.0289154052734375,0.008476052433252335,0.03814402222633362,13.881174087524414,0.0,0.0,0.3188592195510864,1.010028086056991e-06,0.008051740005612373,0.6765962839126587,0.0,0.0,1.2539070844650269,0.3616732954978943,0.02029380574822426,0.38177743554115295,0.019198354333639145,0.6943323016166687,0.26762139797210693,0.009169546887278557,0.0008112653740681708,0.4322240948677063,1.0,0.0,0.7930986285209656,0.2947970926761627,0.0005104248411953449,0.01899450458586216,0.0,0.0,0.34960129857063293,0.04531780630350113,0.00010444532381370664,1.2848280668258667,0.0,0.0
818,5.863561153411865,0.6497159004211426,43.98773956298828,7.551132678985596,0.4542764127254486,51.19150161743164,1.2030340433120728,1.2026523351669312,26.38,1.0619232654571533,0.008361038751900196,0.03513633832335472,12.897584915161133,0.0,0.0,0.3046831786632538,8.629021976958029e-07,0.00858819205313921,0.7045859098434448,0.0,0.0,1.1218703985214233,0.23713929951190948,0.02090558595955372,0.3560076951980591,0.021482374519109726,0.6862338185310364,0.27680304646492004,0.01016947254538536,0.0010282736038789153,0.41456136107444763,1.0,0.0,0.7115179896354675,0.43577760457992554,0.0004236599779687822,0.016928840428590775,0.0,0.0,0.34629857540130615,0.034076232463121414,0.00031309606856666505,1.2175763845443726,0.0,0.0
819,1.544764757156372,0.1474752575159073,27.353618621826172,4.004511833190918,0.6858728528022766,45.20588684082031,1.1897876262664795,1.1899092197418213,8.59,0.8810529708862305,0.1359504908323288,0.040399517863988876,2.3336143493652344,0.0,0.0,0.3745872974395752,0.00024433244834654033,0.0035364858340471983,0.9238619208335876,0.0,0.0,0.9748145937919617,0.5304040312767029,0.014541523531079292,0.1752193123102188,0.00990768987685442,0.2992880046367645,0.3010692596435547,0.02672564797103405,0.0004759654402732849,0.7656999826431274,1.0,0.0,0.8615644574165344,0.20118099451065063,0.0005701840855181217,0.019059231504797935,0.0,0.0,0.34276720881462097,0.06559121608734131,6.940280582057312e-05,1.277004599571228,0.0,0.0
820,1.272186279296875,0.9024636149406433,24.475217819213867,7.380031108856201,0.7428923845291138,44.715057373046875,1.2706925868988037,1.2675598859786987,194.5,0.6851102709770203,0.021004121750593185,0.1083642989397049,21.035409927368164,0.0,0.0,0.36200273036956787,7.205176370916888e-05,0.002146805403754115,0.5745208859443665,0.0,0.0,0.9619475603103638,0.563439667224884,0.015685368329286575,0.2353670448064804,0.012868285179138184,0.42167484760284424,0.30416420102119446,0.028246643021702766,0.0006122959894128144,0.7569283843040466,1.0,0.0,0.9491018652915955,0.16242894530296326,0.000613405485637486,0.02063923515379429,0.0,0.0,0.3406665623188019,0.06375403702259064,6.09661074122414e-05,1.2780240774154663,0.0,0.0
821,2.524242639541626,0.5021722316741943,25.707626342773438,5.885653495788574,0.49493086338043213,47.327205657958984,1.1087925434112549,1.1105817556381226,145.3,0.9679226279258728,0.019230656325817108,0.0500665009021759,9.989927291870117,0.0,0.0,0.31472212076187134,2.5886982257361524e-05,0.006297772284597158,0.7546093463897705,0.0,0.0,1.134966492652893,0.39282840490341187,0.019313346594572067,0.3149136006832123,0.017245175316929817,0.57326740026474,0.2801825702190399,0.014221071265637875,0.0007725785835646093,0.5075237154960632,1.0,0.0,0.8161917328834534,0.26480114459991455,0.0005332707660272717,0.01906728558242321,0.0,0.0,0.34735605120658875,0.05134737864136696,9.111225517699495e-05,1.2805207967758179,0.0,0.0
822,1.197348713874817,0.3053935170173645,21.44731330871582,4.453677654266357,0.6748956441879272,57.322940826416016,1.133092999458313,1.1320329904556274,82.64,0.9220489859580994,0.07156240195035934,0.05632238835096359,4.085875988006592,0.0,0.0,0.34960633516311646,0.0001742532622301951,0.002652925904840231,0.844804048538208,0.0,0.0,1.0239968299865723,0.584453821182251,0.015145819634199142,0.19914770126342773,0.010609903372824192,0.3418717086315155,0.2977151870727539,0.025750210508704185,0.00047824796638451517,0.7469615340232849,1.0,0.0,0.9218814373016357,0.16663327813148499,0.0006131281261332333,0.020234279334545135,0.0,0.0,0.34285393357276917,0.06921040266752243,4.451802305993624e-05,1.2925385236740112,0.0,0.0
823,5.890041828155518,0.7304105162620544,28.885942459106445,6.221797943115234,0.6311475038528442,58.865779876708984,1.1791905164718628,1.1776834726333618,108.52,0.9978662133216858,0.006569577846676111,0.04268871992826462,16.986934661865234,0.0,0.0,0.31260478496551514,1.0306773674528813e-06,0.0026609194464981556,0.6577368974685669,0.0,0.0,1.1019645929336548,0.5248098969459534,0.01731586642563343,0.26288148760795593,0.014697403647005558,0.48259565234184265,0.2940705120563507,0.020843207836151123,0.0006871772347949445,0.6425751447677612,1.0,0.0,0.8994379043579102,0.2018417865037918,0.00058895128313452,0.020074840635061264,0.0,0.0,0.3432442247867584,0.06329405307769775,5.545140083995648e-05,1.2867690324783325,0.0,0.0
824,2.6009669303894043,0.1689070612192154,33.64243698120117,5.958694934844971,0.5780325531959534,42.01044845581055,1.2282435894012451,1.2300136089324951,117.16,0.954674482345581,0.09446649253368378,0.02997819148004055,2.9618148803710938,0.0,0.0,0.3472774028778076,0.0001300137664657086,0.007448035757988691,0.9139547944068909,0.0,0.0,1.008514165878296,0.3317546248435974,0.018349064514040947,0.26875540614128113,0.01594625413417816,0.49121469259262085,0.291011780500412,0.018683303147554398,0.0007548699504695833,0.5743483901023865,1.0,0.0,0.7509346008300781,0.3160615563392639,0.00047475387691520154,0.017324654385447502,0.0,0.0,0.34431129693984985,0.04605776444077492,0.00018954850384034216,1.2422370910644531,0.0,0.0
825,5.634751319885254,0.13977253437042236,30.166921615600586,3.3950347900390625,0.64890056848526,41.4961051940918,1.1288347244262695,1.1285367012023926,23.39,1.1212767362594604,0.1395408809185028,0.02064475417137146,2.504748821258545,0.0,0.0,0.31940895318984985,8.684738713782281e-05,0.004411585163325071,0.9475616812705994,0.0,0.0,1.025629997253418,0.4411184787750244,0.014612958766520023,0.16722144186496735,0.00974823348224163,0.28255659341812134,0.2988530397415161,0.02382568083703518,0.00047773076221346855,0.7339454889297485,1.0,0.0,0.8232576847076416,0.24615849554538727,0.0005317240138538182,0.018395906314253807,0.0,0.0,0.3436499834060669,0.05978534743189812,0.00011906857253052294,1.2574902772903442,0.0,0.0
826,3.31482195854187,0.27059072256088257,30.21879768371582,4.296891689300537,0.7313119769096375,49.47368240356445,1.2246531248092651,1.2235369682312012,74.49,1.0230662822723389,0.08812475949525833,0.03573149815201759,4.761237144470215,0.0,0.0,0.32289206981658936,0.00011458186781965196,0.0029288488440215588,0.8604499697685242,0.0,0.0,1.0066249370574951,0.5585865378379822,0.013714994303882122,0.16450218856334686,0.009197828359901905,0.28116148710250854,0.30559709668159485,0.028845686465501785,0.00046395609388127923,0.8153770565986633,1.0,0.0,0.9116809368133545,0.18220360577106476,0.0006017343257553875,0.01978648081421852,0.0,0.0,0.3411065936088562,0.07142361253499985,5.9793230320792645e-05,1.2774826288223267,0.0,0.0
827,1.306014895439148,0.4256552457809448,39.64548110961914,3.4248931407928467,0.6192441582679749,52.45955276489258,1.2153830528259277,1.2134370803833008,131.95,0.8369953036308289,0.028957027941942215,0.07335492223501205,8.202743530273438,0.0,0.0,0.3362009823322296,0.00013203159323893487,0.0019772364757955074,0.7813204526901245,0.0,0.0,0.9955778121948242,0.49101853370666504,0.015051431022584438,0.1773337572813034,0.010496321134269238,0.30317965149879456,0.2956559360027313,0.02238507755100727,0.0005071306950412691,0.6955558061599731,1.0,0.0,0.8841378688812256,0.21706384420394897,0.0005698616150766611,0.01960723288357258,0.0,0.0,0.3435628116130829,0.05921958014369011,0.00010163285332964733,1.2594552040100098,0.0,0.0
828,3.384312868118286,0.28369325399398804,16.720003128051758,9.42603874206543,0.525164783000946,52.17436599731445,1.0250967741012573,1.027635931968689,241.04,1.1420016288757324,0.06929006427526474,0.02422681823372841,4.470232009887695,0.0,0.0,0.3104234039783478,3.410862336750142e-05,0.009510965086519718,0.8584995269775391,0.0,0.0,1.2393770217895508,0.33834490180015564,0.021859783679246902,0.46197745203971863,0.021105902269482613,0.8232285976409912,0.27637773752212524,0.013540864922106266,0.000787543598562479,0.5169568657875061,1.0,0.0,0.7680409550666809,0.2843044698238373,0.0004904426750726998,0.01808210089802742,0.0,0.0,0.3445919454097748,0.0449288971722126,0.00010415386350359768,1.285355567932129,0.0,0.0
829,3.9093751907348633,0.22900167107582092,19.534629821777344,8.094755172729492,0.6713851094245911,57.77687454223633,1.130794644355774,1.131090760231018,23.15,1.1109434366226196,0.09195034205913544,0.02364719845354557,3.620556592941284,0.0,0.0,0.3165813982486725,7.454484148183838e-05,0.004856524057686329,0.891014814376831,0.0,0.0,1.0850263833999634,0.4182693660259247,0.017711825668811798,0.3079046607017517,0.015453987754881382,0.5616533756256104,0.294924795627594,0.022264130413532257,0.0006584531511180103,0.6721464991569519,1.0,0.0,0.8498175740242004,0.21988017857074738,0.000555609236471355,0.019165582954883575,0.0,0.0,0.3422795534133911,0.05814738944172859,6.902578024892136e-05,1.2859470844268799,0.0,0.0
830,2.5002689361572266,0.7585039138793945,16.622859954833984,9.519388198852539,0.5648122429847717,54.0490608215332,1.0475062131881714,1.048120141029358,55.92,1.2223289012908936,0.006756299175322056,0.04622940346598625,5.732003688812256,0.0,0.0,0.3303142488002777,1.176623936771648e-05,0.0048310281708836555,0.6513159871101379,0.0,0.0,1.2420964241027832,0.4460647404193878,0.021400433033704758,0.4335324466228485,0.020016197115182877,0.7845814824104309,0.28004780411720276,0.015515021048486233,0.0007171333418227732,0.550519585609436,1.0,0.0,0.8321549892425537,0.23261363804340363,0.0005189316580072045,0.019191225990653038,0.0,0.0,0.3436354100704193,0.04565275087952614,0.00010314943210687488,1.2851349115371704,0.0,0.0
831,4.88425350189209,0.1499972641468048,39.37334060668945,3.7342286109924316,0.5073155760765076,54.4726676940918,1.1456607580184937,1.1456866264343262,1.97,1.1024110317230225,0.11293775588274002,0.014605413191020489,2.621941328048706,0.0,0.0,0.3246423900127411,9.660133946454152e-05,0.007011402864009142,0.9458382725715637,0.0,0.0,1.0699384212493896,0.3611106276512146,0.01709350198507309,0.2140265256166458,0.013113669119775295,0.3766285479068756,0.2855156660079956,0.01602909527719021,0.0006534692947752774,0.5561915636062622,1.0,0.0,0.7630200982093811,0.3148803412914276,0.0004983479157090187,0.01779891736805439,0.0,0.0,0.34724754095077515,0.05097765102982521,0.00014830684813205153,1.2586101293563843,0.0,0.0
832,4.190165996551514,0.6216790676116943,23.9352970123291,5.594814300537109,0.5110891461372375,58.35110855102539,1.0642770528793335,1.0659302473068237,145.73,1.013822078704834,0.009739941917359829,0.0442952923476696,13.618268966674805,0.0,0.0,0.3064289391040802,1.0372613132858532e-06,0.004360418301075697,0.7034257054328918,0.0,0.0,1.1848266124725342,0.4635109305381775,0.01865706406533718,0.3043290972709656,0.016201654449105263,0.547252357006073,0.28069713711738586,0.014849519357085228,0.0007159035303629935,0.5356574654579163,1.0,0.0,0.855078399181366,0.23401759564876556,0.0005596756818704307,0.01968258246779442,0.0,0.0,0.34625110030174255,0.055648572742938995,6.846208998467773e-05,1.2873151302337646,0.0,0.0
833,2.1470770835876465,0.15424343943595886,26.477659225463867,7.714663505554199,0.7167498469352722,51.274715423583984,1.2834389209747314,1.2839360237121582,30.17,0.9628288745880127,0.12034918367862701,0.03298068046569824,2.4337942600250244,0.0,0.0,0.3575705587863922,0.00017517175001557916,0.004030992276966572,0.9171460866928101,0.0,0.0,0.9999531507492065,0.49097511172294617,0.016856998205184937,0.25339987874031067,0.01413979846984148,0.46355897188186646,0.3024783134460449,0.02655618079006672,0.0006629361305385828,0.7127413153648376,1.0,0.0,0.8507199883460999,0.20413370430469513,0.0005628214566968381,0.01894327625632286,0.0,0.0,0.3410887122154236,0.062366534024477005,6.382034189300612e-05,1.283024549484253,0.0,0.0
834,1.2357231378555298,0.23393067717552185,20.628826141357422,6.008573532104492,0.7836394309997559,56.44257736206055,1.2039194107055664,1.205267310142517,92.89,1.0124683380126953,0.10848288238048553,0.04750416800379753,2.22365665435791,0.0,0.0,0.36074480414390564,0.000191677434486337,0.0024792375043034554,0.882754385471344,0.0,0.0,1.0004981756210327,0.534360408782959,0.013555978424847126,0.1870880126953125,0.009354022331535816,0.32700034976005554,0.30704888701438904,0.032026201486587524,0.0004445949452929199,0.8535259366035461,1.0,0.0,0.9356507062911987,0.14841869473457336,0.0006179387564770877,0.02007879503071308,0.0,0.0,0.3405860364437103,0.075230173766613,4.066486144438386e-05,1.2932524681091309,0.0,0.0
835,1.6059452295303345,0.5184179544448853,16.1733455657959,5.5788984298706055,0.6867180466651917,47.248287200927734,1.0562444925308228,1.0513827800750732,437.79,0.9454931616783142,0.017383906990289688,0.06714806705713272,8.550127029418945,0.0,0.0,0.321613609790802,6.488270446425304e-05,0.0034917162265628576,0.7473609447479248,0.0,0.0,1.0799415111541748,0.565910816192627,0.015297296456992626,0.2344881147146225,0.011810583993792534,0.4074651002883911,0.2953294813632965,0.02435912750661373,0.0005127602489665151,0.7457559108734131,1.0,0.0,0.9118808507919312,0.1819872409105301,0.0005901458789594471,0.02012062631547451,0.0,0.0,0.34236159920692444,0.0630996897816658,6.070427116355859e-05,1.2860016822814941,0.0,0.0
836,3.966397762298584,0.8930974006652832,37.57408905029297,9.067695617675781,0.4142213761806488,50.21635818481445,1.187942385673523,1.1872066259384155,52.17,0.8433355093002319,0.015314800664782524,0.048342157155275345,19.231369018554688,0.0,0.0,0.3598158657550812,3.685164119815454e-05,0.007609110791236162,0.602692186832428,0.0,0.0,1.0980911254882812,0.2637348771095276,0.023046063259243965,0.4395226240158081,0.024746369570493698,0.850074827671051,0.2715212106704712,0.00836214330047369,0.0011138771660625935,0.36948922276496887,1.0,0.0,0.7378867268562317,0.3617854118347168,0.0004583382687997073,0.017806775867938995,0.0,0.0,0.34873494505882263,0.036933522671461105,0.00020884363038931042,1.251465916633606,0.0,0.0
837,2.0825209617614746,0.641545295715332,39.348876953125,3.79709792137146,0.6438080072402954,52.838260650634766,1.2374558448791504,1.237730860710144,17.96,0.8498169183731079,0.0054299840703606606,0.08022966235876083,13.816855430603027,0.0,0.0,0.32274648547172546,4.403323691803962e-05,0.0017901274841278791,0.6835310459136963,0.0,0.0,1.002464771270752,0.5213701128959656,0.014948857016861439,0.180431067943573,0.010757220908999443,0.3120878040790558,0.29802682995796204,0.023385196924209595,0.0005236910074017942,0.7128539085388184,1.0,0.0,0.9080097079277039,0.20685012638568878,0.0005793063901364803,0.01989700272679329,0.0,0.0,0.3423459529876709,0.06078500673174858,9.706580749480054e-05,1.2585500478744507,0.0,0.0
838,1.517300009727478,0.9239616990089417,17.344284057617188,7.4930901527404785,0.47450870275497437,47.6108283996582,1.014600157737732,1.0142542123794556,33.62,1.1574615240097046,0.011200252920389175,0.04829429090023041,4.181358814239502,0.0,0.0,0.3738403022289276,3.4736898669507354e-05,0.006326797418296337,0.6047442555427551,0.0,0.0,1.2675660848617554,0.5511090159416199,0.021492844447493553,0.41290515661239624,0.019688811153173447,0.7373758554458618,0.271799772977829,0.012326897121965885,0.0006967139197513461,0.4874679148197174,1.0,0.0,0.7866225838661194,0.24229076504707336,0.0004898280021734536,0.018470989540219307,0.0,0.0,0.346827894449234,0.0434337854385376,8.310403791256249e-05,1.2919151782989502,0.0,0.0
839,3.223982095718384,0.6715271472930908,18.163536071777344,3.8533546924591064,0.7708198428153992,44.8271598815918,1.0124047994613647,1.0130951404571533,67.31,0.9528416395187378,0.004491381347179413,0.06623373180627823,13.57834529876709,0.0,0.0,0.31035932898521423,1.6106421753647737e-05,0.00210896460339427,0.6785686016082764,0.0,0.0,1.0514380931854248,0.5243914723396301,0.011527825146913528,0.14411911368370056,0.006942817009985447,0.23158636689186096,0.3044809103012085,0.030314913019537926,0.0003504538326524198,0.9035817980766296,1.0,0.0,1.0149213075637817,0.13570855557918549,0.0006599236512556672,0.02144758775830269,0.0,0.0,0.34147581458091736,0.08211219310760498,3.71834757970646e-05,1.2881337404251099,0.0,0.0
840,5.9177327156066895,0.4625645577907562,19.612741470336914,9.100013732910156,0.6914437413215637,53.385520935058594,1.0953558683395386,1.0965664386749268,100.79,1.1740370988845825,0.027918141335248947,0.033581655472517014,9.145122528076172,0.0,0.0,0.2860955595970154,8.397252599934291e-07,0.0036931184586137533,0.7795457243919373,0.0,0.0,1.142594814300537,0.46877941489219666,0.017293719574809074,0.3198450803756714,0.01590067707002163,0.5952054262161255,0.29557135701179504,0.02200993336737156,0.0006753267371095717,0.6887247562408447,1.0,0.0,0.8805762529373169,0.20452813804149628,0.0005690514226444066,0.019669469445943832,0.0,0.0,0.3422382175922394,0.061472561210393906,6.035946717020124e-05,1.287493109703064,0.0,0.0
841,3.15824294090271,0.5853855013847351,21.61164093017578,7.124340057373047,0.6792386770248413,57.25734329223633,1.1635082960128784,1.1652686595916748,129.84,0.9800118803977966,0.01168849878013134,0.05564877390861511,12.045379638671875,0.0,0.0,0.30716878175735474,1.7195305190398358e-05,0.0026693271938711405,0.7137136459350586,0.0,0.0,1.080007553100586,0.5497326850891113,0.016864225268363953,0.274664044380188,0.014328865334391594,0.49357062578201294,0.2965436577796936,0.023568201810121536,0.000641155696939677,0.6914967894554138,1.0,0.0,0.9264671206474304,0.17908728122711182,0.0006053448305465281,0.020434515550732613,0.0,0.0,0.3420700132846832,0.06460433453321457,5.1724655349971727e-05,1.287583351135254,0.0,0.0
842,3.7167470455169678,0.5141387581825256,18.317678451538086,6.809545040130615,0.7649151086807251,45.695430755615234,1.1073377132415771,1.1053714752197266,160.64,1.0454012155532837,0.019512446597218513,0.047324180603027344,9.67269229888916,0.0,0.0,0.29843607544898987,1.6031730410759337e-05,0.0027819392271339893,0.7512561678886414,0.0,0.0,1.0658520460128784,0.5372684597969055,0.013884901069104671,0.21974219381809235,0.010806926526129246,0.38964974880218506,0.30326712131500244,0.02780372090637684,0.0005128886550664902,0.8191045522689819,1.0,0.0,0.9361991286277771,0.17610615491867065,0.000607354857493192,0.020376913249492645,0.0,0.0,0.3411267101764679,0.06900215893983841,4.9950303946388885e-05,1.286196231842041,0.0,0.0
843,2.1794590950012207,0.9535039067268372,34.83479690551758,3.8864166736602783,0.4274795651435852,41.85057830810547,1.0735325813293457,1.0733779668807983,13.42,0.6769838333129883,0.01649683527648449,0.08419013023376465,23.52787208557129,0.0,0.0,0.38392284512519836,6.05054956395179e-05,0.006191016640514135,0.6045347452163696,0.0,0.0,1.0300122499465942,0.3973744809627533,0.017774660140275955,0.2411191463470459,0.01457733754068613,0.4207102060317993,0.27736008167266846,0.012517767027020454,0.0007125915144570172,0.47813236713409424,1.0,0.0,0.7955880761146545,0.29133859276771545,0.0005030796746723354,0.01878083124756813,0.0,0.0,0.35113370418548584,0.043669868260622025,0.00018864209414459765,1.2468767166137695,0.0,0.0
844,1.2087528705596924,0.7447977066040039,39.93688201904297,4.3674163818359375,0.7960803508758545,40.187496185302734,1.2912015914916992,1.2906382083892822,33.81,0.7661544680595398,0.0071625737473368645,0.11770498007535934,14.95727252960205,0.0,0.0,0.3342958688735962,5.508634785655886e-05,0.002115675015375018,0.6165144443511963,0.0,0.0,0.898478627204895,0.4807664453983307,0.011569345369935036,0.14056766033172607,0.007552523165941238,0.23634834587574005,0.31103605031967163,0.032060813158750534,0.00038692704401910305,0.9031952619552612,1.0,0.0,0.9188627600669861,0.20230083167552948,0.0005382569506764412,0.019066741690039635,0.0,0.0,0.3357868194580078,0.05461503565311432,0.0001646201708354056,1.2074631452560425,0.0,0.0
845,5.66946268081665,0.21852387487888336,20.755855560302734,4.886948585510254,0.7026066780090332,56.9113655090332,1.0625052452087402,1.0633782148361206,77.26,1.191295862197876,0.11557421833276749,0.020570188760757446,3.727041244506836,0.0,0.0,0.3045375645160675,5.963372313999571e-05,0.0038564568385481834,0.9015989303588867,0.0,0.0,1.0709470510482788,0.5612489581108093,0.014479580335319042,0.19966162741184235,0.01047956570982933,0.3486458659172058,0.29977571964263916,0.025496672838926315,0.0004871205019298941,0.7768399119377136,1.0,0.0,0.8872379064559937,0.18550904095172882,0.0005894259084016085,0.01952493190765381,0.0,0.0,0.342875599861145,0.07265447080135345,4.496672409004532e-05,1.291558027267456,0.0,0.0
846,3.2881901264190674,0.2718662619590759,21.721601486206055,4.371123313903809,0.6043277382850647,49.5670280456543,1.0698769092559814,1.0689151287078857,84.1,1.0451152324676514,0.07850899547338486,0.03071972168982029,4.506664752960205,0.0,0.0,0.32143691182136536,9.4162933237385e-05,0.0047334046103060246,0.864372193813324,0.0,0.0,1.0874403715133667,0.47753313183784485,0.016277996823191643,0.22387266159057617,0.012148834764957428,0.38641995191574097,0.29097071290016174,0.02076919935643673,0.0005453269695863128,0.6645750999450684,1.0,0.0,0.8619864583015442,0.21658289432525635,0.0005707192467525601,0.01949719712138176,0.0,0.0,0.3446805775165558,0.061180733144283295,6.372349889716133e-05,1.286440372467041,0.0,0.0
847,5.21334171295166,0.9751165509223938,20.208274841308594,6.489354133605957,0.590823769569397,58.963890075683594,1.0232632160186768,1.0246049165725708,127.97,0.7854518890380859,0.025869308039546013,0.05154791474342346,23.331918716430664,0.0,0.0,0.3736739456653595,6.054534242139198e-05,0.0023796367458999157,0.5746043920516968,0.0,0.0,1.0775432586669922,0.5381224751472473,0.01798148639500141,0.31176653504371643,0.015493745915591717,0.5564174652099609,0.2853294909000397,0.018210504204034805,0.0006436305120587349,0.613071858882904,1.0,0.0,0.9112098217010498,0.18561381101608276,0.0005902890698052943,0.020437225699424744,0.0,0.0,0.3438894748687744,0.05773559585213661,6.185576057760045e-05,1.2856214046478271,0.0,0.0
848,4.2158684730529785,0.6037207245826721,17.631174087524414,9.236480712890625,0.6843971610069275,47.210182189941406,1.081566333770752,1.0863971710205078,411.13,1.0416115522384644,0.012568510137498379,0.0458049438893795,12.36208438873291,0.0,0.0,0.2996862530708313,7.913077979537775e-07,0.003594250651076436,0.7110416889190674,0.0,0.0,1.1498520374298096,0.47357088327407837,0.017733722925186157,0.3375895321369171,0.016155030578374863,0.6069856882095337,0.2935875654220581,0.021921100094914436,0.0006659579230472445,0.6807327270507812,1.0,0.0,0.8816539645195007,0.206510990858078,0.0005645271157845855,0.019773738458752632,0.0,0.0,0.34211865067481995,0.05720151960849762,7.026427192613482e-05,1.285559058189392,0.0,0.0
849,4.3107757568359375,0.4283903241157532,38.16638946533203,9.400923728942871,0.5448259115219116,53.36005401611328,1.273371934890747,1.2740087509155273,39.25,1.1183843612670898,0.029764672741293907,0.03195760399103165,7.698935508728027,0.0,0.0,0.29534056782722473,8.229114314417529e-07,0.007018083240836859,0.7760102152824402,0.0,0.0,1.125788688659668,0.2861178517341614,0.021768005564808846,0.37358468770980835,0.022129500284790993,0.7190845012664795,0.2859143316745758,0.014501054771244526,0.0010225519072264433,0.4733184576034546,1.0,0.0,0.7579062581062317,0.33686938881874084,0.0004733945825137198,0.017716702073812485,0.0,0.0,0.3435647487640381,0.04225258529186249,0.00019336082914378494,1.2496339082717896,0.0,0.0
850,1.7272295951843262,0.5737269520759583,26.131410598754883,7.714788436889648,0.6713483929634094,48.416900634765625,1.2558690309524536,1.2555314302444458,21.41,0.8853064775466919,0.012729639187455177,0.07264299690723419,11.681283950805664,0.0,0.0,0.321046382188797,5.588725980487652e-05,0.0031261041294783354,0.7054967880249023,0.0,0.0,1.0322184562683105,0.4923669695854187,0.0178021639585495,0.2818632423877716,0.01580413058400154,0.5188825130462646,0.29767343401908875,0.023213205859065056,0.0007308999192900956,0.656538724899292,1.0,0.0,0.8887555003166199,0.20134474337100983,0.0005777591723017395,0.01978030428290367,0.0,0.0,0.3420090973377228,0.05999026075005531,6.881730223540217e-05,1.2787879705429077,0.0,0.0
851,3.0810799598693848,0.14544177055358887,24.68590545654297,4.440548896789551,0.4053194224834442,58.85683822631836,1.008793592453003,1.0091526508331299,35.27,1.0324145555496216,0.11355408281087875,0.017473777756094933,2.4826912879943848,0.0,0.0,0.3452562093734741,0.00013011870032642037,0.009357883594930172,0.9403276443481445,0.0,0.0,1.1668505668640137,0.3827628791332245,0.01871667057275772,0.28887632489204407,0.015466470271348953,0.508483350276947,0.27143973112106323,0.011124026961624622,0.0006961757317185402,0.4634370505809784,1.0,0.0,0.7678098678588867,0.29252657294273376,0.0005147308693267405,0.018366022035479546,0.0,0.0,0.34994634985923767,0.05095338076353073,7.957393972901627e-05,1.2904889583587646,0.0,0.0
852,5.540659427642822,0.8032466769218445,43.59537887573242,4.276993274688721,0.4449407458305359,47.783966064453125,1.11003839969635,1.1093730926513672,54.03,0.9205499291419983,0.00521899713203311,0.04421767592430115,18.006935119628906,0.0,0.0,0.3344458043575287,4.892121069133282e-06,0.005929405335336924,0.6610068082809448,0.0,0.0,1.0631674528121948,0.291914165019989,0.017592884600162506,0.24569270014762878,0.015189827419817448,0.44465163350105286,0.2782262861728668,0.01182008907198906,0.0007676223176531494,0.4785674810409546,1.0,0.0,0.7504188418388367,0.38844677805900574,0.0004501601797528565,0.01764247566461563,0.0,0.0,0.3482730984687805,0.036853209137916565,0.00032323753111995757,1.2135670185089111,0.0,0.0
853,2.5584068298339844,0.16568529605865479,26.46695899963379,6.483242511749268,0.7882165312767029,58.57365417480469,1.2818914651870728,1.281387448310852,30.68,0.9963564872741699,0.14648942649364471,0.032405659556388855,2.491037130355835,0.0,0.0,0.35264354944229126,0.00018455965619068593,0.0026593245565891266,0.9184920787811279,0.0,0.0,0.9803423881530762,0.5440769195556641,0.013830983079969883,0.18670591711997986,0.010132668539881706,0.3337671756744385,0.30937960743904114,0.0319988876581192,0.0005106930620968342,0.8385555148124695,1.0,0.0,0.9216778874397278,0.1567622423171997,0.0006201768410392106,0.019823411479592323,0.0,0.0,0.34014326333999634,0.07922500371932983,3.188672781107016e-05,1.2951892614364624,0.0,0.0
854,2.65244460105896,0.8124500513076782,18.98146629333496,3.6741456985473633,0.6666910648345947,40.9160270690918,1.0175459384918213,1.0167704820632935,74.95,0.8431923985481262,0.008482813835144043,0.07626090943813324,17.584230422973633,0.0,0.0,0.3359605669975281,2.7678750484483317e-05,0.002768556820228696,0.6244928240776062,0.0,0.0,1.0448788404464722,0.5855514407157898,0.014011716470122337,0.1789274364709854,0.00950615480542183,0.2982650399208069,0.2952924370765686,0.024085108190774918,0.00043265571002848446,0.7649916410446167,1.0,0.0,0.9505015015602112,0.1712488830089569,0.0006166474777273834,0.02078366093337536,0.0,0.0,0.3435646593570709,0.06802830845117569,5.477777085616253e-05,1.2829771041870117,0.0,0.0
855,1.7819242477416992,0.726414144039154,24.263317108154297,7.638476848602295,0.5670996904373169,51.27820587158203,1.1728407144546509,1.1733237504959106,35.1,0.8386748433113098,0.006712224334478378,0.0760156437754631,15.750024795532227,0.0,0.0,0.33357179164886475,2.9187867767177522e-05,0.003621944459155202,0.6535739898681641,0.0,0.0,1.0871998071670532,0.4689282178878784,0.019845230504870415,0.3442646861076355,0.018618080765008926,0.6370366811752319,0.2861306369304657,0.01724458485841751,0.0008084093569777906,0.5486739873886108,1.0,0.0,0.8637272715568542,0.21759231388568878,0.0005627557402476668,0.019700903445482254,0.0,0.0,0.34473249316215515,0.05542788654565811,6.534158455906436e-05,1.2865012884140015,0.0,0.0
856,3.8126299381256104,0.1061917319893837,34.380226135253906,3.1489062309265137,0.5556873679161072,50.156463623046875,1.1266571283340454,1.1256338357925415,80.69,1.0088670253753662,0.14823617041110992,0.016994638368487358,2.1236276626586914,0.0,0.0,0.3483195900917053,0.00016642390983179212,0.005553368479013443,0.9616571664810181,0.0,0.0,1.032132863998413,0.4229195713996887,0.016006238758563995,0.18372267484664917,0.01117958128452301,0.3116127550601959,0.29057827591896057,0.019409820437431335,0.0005471861804835498,0.6275940537452698,1.0,0.0,0.7946777939796448,0.26914551854133606,0.0005267037777230144,0.018240148201584816,0.0,0.0,0.34634464979171753,0.05706422030925751,0.00010869422112591565,1.2668617963790894,0.0,0.0
857,1.065658450126648,0.2963925004005432,20.545198440551758,4.000205039978027,0.5878638029098511,51.216922760009766,1.066401720046997,1.0672352313995361,73.24,0.9311059713363647,0.06528875231742859,0.05247751623392105,3.9799561500549316,0.0,0.0,0.35222557187080383,0.00017213422688655555,0.004227636381983757,0.853918194770813,0.0,0.0,1.0653111934661865,0.5408341288566589,0.016336685046553612,0.2163964956998825,0.011860777623951435,0.37141725420951843,0.28913742303848267,0.02066502906382084,0.0005172470700927079,0.6567548513412476,1.0,0.0,0.8724874258041382,0.20105697214603424,0.0005784103414043784,0.019678257405757904,0.0,0.0,0.3450891077518463,0.06151002272963524,5.924266224610619e-05,1.2897894382476807,0.0,0.0
858,1.0051406621932983,0.5036895275115967,38.79874801635742,7.286131381988525,0.49471527338027954,57.77661895751953,1.2408936023712158,1.2399816513061523,59.27,0.844269335269928,0.013365435414016247,0.0714869424700737,9.3597412109375,0.0,0.0,0.33353254199028015,6.208866398083046e-05,0.0035244771279394627,0.7456725239753723,0.0,0.0,1.0697046518325806,0.36519935727119446,0.020717911422252655,0.336857408285141,0.020105546340346336,0.6406211256980896,0.28151965141296387,0.013106304220855236,0.0009557263692840934,0.4594877064228058,1.0,0.0,0.8047802448272705,0.27846819162368774,0.0005202842876315117,0.01886056922376156,0.0,0.0,0.3469521701335907,0.047945886850357056,0.00011242206528550014,1.2721577882766724,0.0,0.0
859,2.8499646186828613,0.20392270386219025,28.57248306274414,5.493068695068359,0.6374266147613525,49.92635726928711,1.2136224508285522,1.2121803760528564,98.03,0.9869614243507385,0.09821862727403641,0.030836189165711403,3.442159414291382,0.0,0.0,0.3381142020225525,0.00013801417662762105,0.004542827140539885,0.8943207859992981,0.0,0.0,1.034927248954773,0.45536258816719055,0.016971683129668236,0.23703765869140625,0.013484252616763115,0.4254150092601776,0.29614925384521484,0.022580461576581,0.0006366602028720081,0.6620845198631287,1.0,0.0,0.8391357660293579,0.22493797540664673,0.0005559568526223302,0.018937336280941963,0.0,0.0,0.3433966338634491,0.060398463159799576,7.445187657140195e-05,1.2788887023925781,0.0,0.0
860,1.4216208457946777,0.9750979542732239,23.712129592895508,5.727749824523926,0.7013007998466492,44.04805374145508,1.2043410539627075,1.2064924240112305,148.06,0.6431595087051392,0.03136000409722328,0.10899067670106888,23.45254135131836,0.0,0.0,0.37872979044914246,7.984502735780552e-05,0.0023859869688749313,0.5573586821556091,0.0,0.0,0.967481791973114,0.5745271444320679,0.015579321421682835,0.22132019698619843,0.011972256936132908,0.38669782876968384,0.30039259791374207,0.026631087064743042,0.0005572959780693054,0.7434046864509583,1.0,0.0,0.9501048922538757,0.1600959151983261,0.0006180239142850041,0.0207794401794672,0.0,0.0,0.3421165645122528,0.0640457272529602,5.78973485971801e-05,1.2808014154434204,0.0,0.0
861,5.242523193359375,0.19807647168636322,42.34126663208008,4.137875080108643,0.47369101643562317,53.74064636230469,1.1478604078292847,1.1495563983917236,128.53,1.132361888885498,0.08323542028665543,0.016401981934905052,3.309551239013672,0.0,0.0,0.312283992767334,5.687489465344697e-05,0.008376040495932102,0.9262906312942505,0.0,0.0,1.0846331119537354,0.3036578893661499,0.01764439046382904,0.2344284951686859,0.014424941502511501,0.4212133586406708,0.28162577748298645,0.013620252721011639,0.0007265349850058556,0.5102256536483765,1.0,0.0,0.7342250943183899,0.36858078837394714,0.00046704636770300567,0.017323696985840797,0.0,0.0,0.3478356897830963,0.04438124597072601,0.00021817334345541894,1.2423088550567627,0.0,0.0
862,1.2182788848876953,0.9112070202827454,20.747039794921875,5.30136251449585,0.4157606363296509,49.053829193115234,1.0030157566070557,1.0032845735549927,26.71,0.6893093585968018,0.011868314817547798,0.08900629729032516,21.11819839477539,0.0,0.0,0.3776938021183014,3.710398232215084e-05,0.00636092945933342,0.6199064254760742,0.0,0.0,1.1499712467193604,0.4842841923236847,0.019480077549815178,0.33310750126838684,0.017266079783439636,0.5838207602500916,0.26944470405578613,0.010997549630701542,0.0007226957241073251,0.46336910128593445,1.0,0.0,0.8331639766693115,0.23861059546470642,0.0005457029910758138,0.019685622304677963,0.0,0.0,0.3496881425380707,0.04911138489842415,6.882783054606989e-05,1.293161153793335,0.0,0.0
863,4.8840484619140625,0.40207523107528687,22.571931838989258,3.053414821624756,0.71596360206604,44.67053985595703,1.023232340812683,1.0249606370925903,164.79,1.1251187324523926,0.04748057574033737,0.03527781367301941,7.521460056304932,0.0,0.0,0.29421335458755493,2.8435451895347796e-05,0.002523686969652772,0.8023297190666199,0.0,0.0,1.0588711500167847,0.5611684322357178,0.012504197657108307,0.1378948837518692,0.007411764468997717,0.22397565841674805,0.3022037148475647,0.027266958728432655,0.000367533415555954,0.8437370657920837,1.0,0.0,0.9524602293968201,0.1637607365846634,0.0006265381816774607,0.02052544802427292,0.0,0.0,0.34279578924179077,0.0786186084151268,4.7535078920191154e-05,1.2843067646026611,0.0,0.0
864,2.7222890853881836,0.6814167499542236,26.40131950378418,4.0130228996276855,0.41516241431236267,40.64078903198242,1.0117504596710205,1.0130960941314697,131.28,0.9045389890670776,0.005976890679448843,0.05854325369000435,14.878889083862305,0.0,0.0,0.3280479609966278,6.040667358320206e-06,0.008012596517801285,0.6964907646179199,0.0,0.0,1.1598618030548096,0.4155235290527344,0.017847079783678055,0.2619415819644928,0.01483840774744749,0.4551704227924347,0.2732168436050415,0.01157144270837307,0.0006847612676210701,0.47617408633232117,1.0,0.0,0.7911894917488098,0.2956935465335846,0.0005101278075017035,0.01878553442656994,0.0,0.0,0.3510441184043884,0.0474371500313282,0.00013532447337638587,1.270880937576294,0.0,0.0
865,4.832658290863037,0.4362753927707672,28.81709861755371,7.855705738067627,0.5015503764152527,50.56263732910156,1.1528937816619873,1.1521906852722168,52.93,1.1454522609710693,0.03023742325603962,0.029139218851923943,8.11855697631836,0.0,0.0,0.2935330271720886,9.085779311135411e-07,0.00727678881958127,0.7796393036842346,0.0,0.0,1.188515067100525,0.3371797204017639,0.020977085456252098,0.3775695860385895,0.020377952605485916,0.7117034792900085,0.28036728501319885,0.01327562890946865,0.000902261643204838,0.47649818658828735,1.0,0.0,0.7889875769615173,0.2913964092731476,0.0005090638878755271,0.01855475641787052,0.0,0.0,0.3463122546672821,0.0482051707804203,0.00011458025983301923,1.275496244430542,0.0,0.0
866,2.8179962635040283,0.9890889525413513,20.03091812133789,7.538905620574951,0.7428163886070251,46.32616424560547,1.165743112564087,1.1635043621063232,165.06,0.7131891846656799,0.035452648997306824,0.08246227353811264,23.46826171875,0.0,0.0,0.37373796105384827,6.791292253183201e-05,0.0018437581602483988,0.5593248009681702,0.0,0.0,0.982458233833313,0.5500306487083435,0.015321901999413967,0.2477281391620636,0.012549006380140781,0.4460252821445465,0.30135616660118103,0.02716023474931717,0.000571813783608377,0.7687845230102539,1.0,0.0,0.9616812467575073,0.1571299433708191,0.0006252030725590885,0.020916927605867386,0.0,0.0,0.34112632274627686,0.06640223413705826,4.6995828597573563e-05,1.2860407829284668,0.0,0.0
867,5.2353515625,0.4109956920146942,35.27782440185547,5.751657485961914,0.4980884790420532,55.06443786621094,1.1652848720550537,1.1637791395187378,111.03,1.1452927589416504,0.03248511254787445,0.027656424790620804,7.484450340270996,0.0,0.0,0.29301002621650696,9.411903647560393e-07,0.006359550170600414,0.801179051399231,0.0,0.0,1.1603223085403442,0.3535107970237732,0.01925046369433403,0.29437926411628723,0.017044292762875557,0.5427044630050659,0.28282520174980164,0.014262014999985695,0.0008151225629262626,0.49950844049453735,1.0,0.0,0.7908848524093628,0.3000156581401825,0.0005123143782839179,0.018538514152169228,0.0,0.0,0.3468570113182068,0.04914643615484238,0.0001284413883695379,1.2688353061676025,0.0,0.0
868,2.8623340129852295,0.26022422313690186,30.61280632019043,3.6473982334136963,0.5157926678657532,49.80921173095703,1.1044597625732422,1.102229356765747,183.22,0.9771457314491272,0.07420585304498672,0.03323250636458397,4.729682445526123,0.0,0.0,0.3316822648048401,0.00012155098374933004,0.005591269116848707,0.8749850988388062,0.0,0.0,1.0745381116867065,0.42504116892814636,0.016970984637737274,0.21480420231819153,0.012743853032588959,0.37196213006973267,0.2856377363204956,0.016963208094239235,0.0006139740580692887,0.5734128355979919,1.0,0.0,0.816868007183075,0.25972846150398254,0.0005432913894765079,0.01891632005572319,0.0,0.0,0.3476329445838928,0.056135404855012894,9.070627856999636e-05,1.2759894132614136,0.0,0.0
869,1.7484965324401855,0.28648340702056885,32.94868087768555,4.937852382659912,0.4731657803058624,45.43663024902344,1.1442129611968994,1.1426723003387451,117.84,0.9176768660545349,0.0545416958630085,0.043786000460386276,4.902595520019531,0.0,0.0,0.3425927460193634,0.0001200507249450311,0.007989581674337387,0.8621701598167419,0.0,0.0,1.0717498064041138,0.3507736027240753,0.01873333379626274,0.27380675077438354,0.01605135388672352,0.491654634475708,0.2807895243167877,0.01396963931620121,0.0007647373131476343,0.49487388134002686,1.0,0.0,0.7673307657241821,0.3083173930644989,0.0004967381828464568,0.01813470758497715,0.0,0.0,0.34876224398612976,0.04649117961525917,0.00015457130211871117,1.2604210376739502,0.0,0.0
870,4.038997650146484,0.24672821164131165,40.10609817504883,4.030033588409424,0.47949692606925964,41.73696517944336,1.1059144735336304,1.103518009185791,196.37,1.0327115058898926,0.06334782391786575,0.026563504710793495,4.548240661621094,0.0,0.0,0.3186081051826477,6.163284706417471e-05,0.00852165650576353,0.8969653844833374,0.0,0.0,1.0385725498199463,0.2585551142692566,0.017244357615709305,0.22841836512088776,0.014161335304379463,0.4101051688194275,0.28260350227355957,0.013805192895233631,0.0007111892919056118,0.5168336033821106,1.0,0.0,0.7130773663520813,0.41999340057373047,0.000433907174738124,0.01676529459655285,0.0,0.0,0.3476356565952301,0.038258131593465805,0.00032938423100858927,1.2101855278015137,0.0,0.0
871,5.093132972717285,0.871536910533905,22.326650619506836,4.006641864776611,0.6998007297515869,62.999935150146484,1.0509703159332275,1.0549955368041992,363.04,0.8938999772071838,0.014810743741691113,0.05585610866546631,20.886531829833984,0.0,0.0,0.3390674591064453,9.367486200062558e-06,0.0016488470137119293,0.6067689657211304,0.0,0.0,1.0396770238876343,0.5694329142570496,0.01373454462736845,0.17485511302947998,0.00929298810660839,0.2963944971561432,0.2990986704826355,0.026115678250789642,0.0004364233755040914,0.7947598099708557,1.0,0.0,0.9910155534744263,0.14031745493412018,0.0006516457069665194,0.02118874341249466,0.0,0.0,0.34240803122520447,0.07851026952266693,3.870654836646281e-05,1.2894617319107056,0.0,0.0
872,5.974216938018799,0.34235823154449463,27.544126510620117,4.437465190887451,0.5983968377113342,60.73139572143555,1.1100975275039673,1.109107494354248,80.41,1.1614372730255127,0.055790338665246964,0.025409063324332237,6.502694129943848,0.0,0.0,0.2911513149738312,1.9760100258281454e-05,0.004151943605393171,0.8324127197265625,0.0,0.0,1.118343472480774,0.5010836720466614,0.016556818038225174,0.22187751531600952,0.01255992241203785,0.3926396369934082,0.2921946346759796,0.02018626406788826,0.000594539858866483,0.6479588150978088,1.0,0.0,0.8762766718864441,0.21213451027870178,0.0005855626077391207,0.01971914805471897,0.0,0.0,0.3448653221130371,0.06612829118967056,5.053357017459348e-05,1.2905197143554688,0.0,0.0
873,2.6091272830963135,0.2364884316921234,37.89778137207031,6.825000286102295,0.4574545919895172,55.144046783447266,1.1977442502975464,1.196071982383728,116.73,1.0079431533813477,0.06387005746364594,0.02807583287358284,3.754349946975708,0.0,0.0,0.33362600207328796,9.103987395064905e-05,0.008429955691099167,0.8832753300666809,0.0,0.0,1.0991814136505127,0.29623809456825256,0.020728278905153275,0.33957281708717346,0.019861020147800446,0.6428373456001282,0.27800115942955017,0.011564033105969429,0.00094527070177719,0.43591538071632385,1.0,0.0,0.736620306968689,0.3463003933429718,0.0004775978159159422,0.01764257811009884,0.0,0.0,0.34817081689834595,0.04415110871195793,0.0001541500532766804,1.2653582096099854,0.0,0.0
874,5.478905200958252,0.0362127311527729,23.32056999206543,6.986057758331299,0.7358099222183228,42.878013610839844,1.203688383102417,1.2011501789093018,175.56,1.1270638704299927,0.2051200568675995,0.015103812329471111,1.1889375448226929,0.0,0.0,0.3399996757507324,0.00010104988177772611,0.005442790687084198,1.0105507373809814,0.0,0.0,1.0310975313186646,0.4449261426925659,0.015407968312501907,0.23322582244873047,0.012174731120467186,0.4148205518722534,0.30387645959854126,0.027087029069662094,0.0005734108272008598,0.7668218612670898,1.0,0.0,0.8058637380599976,0.23452147841453552,0.000527641735970974,0.01807662658393383,0.0,0.0,0.34179097414016724,0.06104239821434021,8.272948616649956e-05,1.278342843055725,0.0,0.0
875,2.3495538234710693,0.02965305559337139,22.28293228149414,7.598682403564453,0.7255389094352722,50.62849044799805,1.2383116483688354,1.238333821296692,1.45,1.0855939388275146,0.18355676531791687,0.017718998715281487,0.6613879203796387,0.0,0.0,0.38603997230529785,0.00020564201986417174,0.005181030835956335,0.9973945617675781,0.0,0.0,1.0279086828231812,0.5035959482192993,0.016588972881436348,0.25332459807395935,0.013274739496409893,0.4570314884185791,0.30219051241874695,0.027301564812660217,0.000590051815379411,0.7367626428604126,1.0,0.0,0.8124616146087646,0.2156393826007843,0.0005358367343433201,0.01823265105485916,0.0,0.0,0.3414553701877594,0.060395747423172,6.961390317883343e-05,1.2876570224761963,0.0,0.0
876,5.8900532722473145,0.15667478740215302,29.14988136291504,3.353564977645874,0.6931203007698059,47.3093376159668,1.1283305883407593,1.1272637844085693,83.87,1.1613636016845703,0.14340674877166748,0.020065912976861,2.7448391914367676,0.0,0.0,0.3143848478794098,8.686064393259585e-05,0.0034984375815838575,0.9376948475837708,0.0,0.0,1.0344423055648804,0.526487410068512,0.013760171830654144,0.15183797478675842,0.008662655018270016,0.25363266468048096,0.3026609420776367,0.026485124602913857,0.00043108727550134063,0.7946925759315491,1.0,0.0,0.8756052255630493,0.20218554139137268,0.000578561332076788,0.019251748919487,0.0,0.0,0.3428787589073181,0.07039840519428253,6.869775825180113e-05,1.2764475345611572,0.0,0.0
877,4.747592449188232,0.15061870217323303,30.644506454467773,4.106517791748047,0.5776183605194092,41.266937255859375,1.1402409076690674,1.1375324726104736,208.81,1.0766035318374634,0.11831739544868469,0.01964326947927475,2.7149274349212646,0.0,0.0,0.32522568106651306,9.330175817012787e-05,0.006474400404840708,0.9368306398391724,0.0,0.0,1.0438088178634644,0.3683815002441406,0.01654001511633396,0.2134367823600769,0.012489725835621357,0.37311431765556335,0.29172655940055847,0.019575893878936768,0.000598121143411845,0.6265504956245422,1.0,0.0,0.781551718711853,0.2896518111228943,0.0005031746113672853,0.017937257885932922,0.0,0.0,0.3453349173069,0.051709387451410294,0.000151307976921089,1.2530357837677002,0.0,0.0
878,1.0321624279022217,0.32934853434562683,25.42783546447754,2.3479201793670654,0.5773454308509827,55.401885986328125,1.0301291942596436,1.0294798612594604,61.23,0.8641877770423889,0.06678956001996994,0.06208547577261925,5.307770252227783,0.0,0.0,0.353098064661026,0.00019829583470709622,0.0028170945588499308,0.8375376462936401,0.0,0.0,1.0323572158813477,0.6596770286560059,0.014948099851608276,0.15375548601150513,0.009091891348361969,0.24412229657173157,0.2910756468772888,0.02189650945365429,0.00041884533129632473,0.686907172203064,1.0,0.0,0.9180367588996887,0.1710650473833084,0.00062146334676072,0.020372522994875908,0.0,0.0,0.3462601900100708,0.07219996303319931,4.017595711047761e-05,1.2945219278335571,0.0,0.0
879,1.020975112915039,0.48282724618911743,19.153284072875977,8.080434799194336,0.6488574147224426,56.524681091308594,1.1612576246261597,1.1590124368667603,166.82,0.8909708857536316,0.019842883571982384,0.0715780109167099,7.933727741241455,0.0,0.0,0.330477237701416,8.410766895394772e-05,0.0029582520946860313,0.7598881721496582,0.0,0.0,1.0723307132720947,0.4850229322910309,0.018444299697875977,0.32212886214256287,0.016443373635411263,0.5839513540267944,0.29230886697769165,0.021599235013127327,0.0006918522994965315,0.6415182948112488,1.0,0.0,0.8850362300872803,0.19931280612945557,0.0005749535630457103,0.01987510360777378,0.0,0.0,0.34235018491744995,0.0566822849214077,6.61620288155973e-05,1.2866886854171753,0.0,0.0
880,4.637704372406006,0.4791063070297241,25.895477294921875,2.659663200378418,0.7563457489013672,52.984039306640625,1.048689365386963,1.046584963798523,191.74,1.1400892734527588,0.029440144076943398,0.04096556827425957,8.767176628112793,0.0,0.0,0.29445818066596985,2.171527739847079e-05,0.002187464153394103,0.7631624341011047,0.0,0.0,1.0365856885910034,0.5366790890693665,0.011479578912258148,0.11203081160783768,0.005889490712434053,0.17555156350135803,0.3070632219314575,0.03091561608016491,0.0003024126053787768,0.9099966883659363,1.0,0.0,1.0146210193634033,0.12615980207920074,0.0006742015830241144,0.021163616329431534,0.0,0.0,0.341755211353302,0.0957711786031723,3.0391815016628243e-05,1.2927690744400024,0.0,0.0
881,2.0537145137786865,0.7666832208633423,21.40016746520996,8.658150672912598,0.5504376888275146,59.26810836791992,1.1312564611434937,1.1301629543304443,85.53,0.8474907875061035,0.006522089708596468,0.07268237322568893,15.88036823272705,0.0,0.0,0.33662649989128113,1.961702037078794e-05,0.0029164908919483423,0.6451959609985352,0.0,0.0,1.118295669555664,0.44766002893447876,0.020767169073224068,0.3959873616695404,0.020236892625689507,0.7329191565513611,0.2821614146232605,0.01568068191409111,0.0008294269791804254,0.5275459885597229,1.0,0.0,0.8635528087615967,0.21836160123348236,0.0005584415630437434,0.019751664251089096,0.0,0.0,0.3443433344364166,0.0528111457824707,6.748394662281498e-05,1.2877426147460938,0.0,0.0
882,2.9852206707000732,0.8848097324371338,36.52586364746094,2.782632827758789,0.5744926929473877,47.39923095703125,1.1227045059204102,1.1204267740249634,181.07,0.7681052684783936,0.014409877359867096,0.07949835807085037,21.494691848754883,0.0,0.0,0.35368210077285767,3.5800163459498435e-05,0.0026077860966324806,0.6053455471992493,0.0,0.0,0.9956926703453064,0.5154061317443848,0.015146474353969097,0.16572190821170807,0.010165383107960224,0.27515992522239685,0.29256635904312134,0.020464258268475533,0.000498949084430933,0.6608470678329468,1.0,0.0,0.8885269165039062,0.2196258008480072,0.0005670747486874461,0.019807351753115654,0.0,0.0,0.3454256057739258,0.05667375028133392,0.00011809378338512033,1.252946138381958,0.0,0.0
883,2.192260503768921,0.41432973742485046,25.582773208618164,7.221502780914307,0.4309459626674652,44.50270462036133,1.099470615386963,1.1015419960021973,171.03,0.9908361434936523,0.030667604878544807,0.04212670028209686,7.404076099395752,0.0,0.0,0.31959906220436096,3.35015902237501e-05,0.010262442752718925,0.7973983883857727,0.0,0.0,1.1788169145584106,0.318545937538147,0.021319832652807236,0.3947747051715851,0.020742397755384445,0.730236291885376,0.2722039818763733,0.010394939221441746,0.0008974639931693673,0.429884672164917,1.0,0.0,0.7586261034011841,0.3191923499107361,0.0004910425050184131,0.018237464129924774,0.0,0.0,0.34909987449645996,0.04425516724586487,0.00012248390703462064,1.2786749601364136,0.0,0.0
884,5.574759006500244,0.08590023219585419,31.328588485717773,9.891560554504395,0.6519650816917419,58.8299560546875,1.2925286293029785,1.2921794652938843,20.91,1.2492488622665405,0.13963623344898224,0.012575626373291016,2.1198570728302,0.0,0.0,0.3241538107395172,7.868256216170266e-05,0.007584175560623407,0.9669557809829712,0.0,0.0,1.0783754587173462,0.3871400058269501,0.020204240456223488,0.3322661817073822,0.01882469840347767,0.6306083798408508,0.29687264561653137,0.02121652290225029,0.0008415699121542275,0.5958735346794128,1.0,0.0,0.7868671417236328,0.25500792264938354,0.000517002772539854,0.01800578646361828,0.0,0.0,0.34198591113090515,0.05513519421219826,8.884746785042807e-05,1.280659794807434,0.0,0.0
885,5.934395790100098,0.12365531921386719,28.95682144165039,2.0582547187805176,0.6572649478912354,44.485904693603516,1.0087074041366577,1.0091593265533447,44.4,1.1445212364196777,0.16914218664169312,0.019238486886024475,2.3828282356262207,0.0,0.0,0.32175272703170776,0.00010702694271458313,0.003333439351990819,0.9574083089828491,0.0,0.0,1.0339816808700562,0.5606305599212646,0.013284632936120033,0.12160453200340271,0.007173055317252874,0.18580396473407745,0.3000853955745697,0.02540019527077675,0.0003531286201905459,0.78992760181427,1.0,0.0,0.8747797012329102,0.20205771923065186,0.0005772064905613661,0.01923706941306591,0.0,0.0,0.3442824184894562,0.07107561081647873,7.842601917218417e-05,1.271662950515747,0.0,0.0
886,1.1176952123641968,0.9960078001022339,28.47011375427246,7.0989990234375,0.6830832958221436,53.301727294921875,1.2811309099197388,1.2809144258499146,13.19,0.5931642651557922,0.03339771181344986,0.1165359616279602,23.70782470703125,0.0,0.0,0.3883010745048523,9.829708142206073e-05,0.0010678872931748629,0.5458807945251465,0.0,0.0,0.9461093544960022,0.5896115303039551,0.0173684973269701,0.25707563757896423,0.014633039012551308,0.469903826713562,0.2998291552066803,0.025208530947566032,0.0006777099915780127,0.6798757314682007,1.0,0.0,0.9589945077896118,0.15415240824222565,0.000629160669632256,0.02098504640161991,0.0,0.0,0.34186041355133057,0.06448564678430557,4.8733036237536e-05,1.285348892211914,0.0,0.0
887,1.9279977083206177,0.8483380675315857,30.7805233001709,2.6042304039001465,0.4825791120529175,57.34431076049805,1.0349178314208984,1.0378819704055786,275.96,0.7296879291534424,0.007709010038524866,0.08820364624261856,20.604110717773438,0.0,0.0,0.35892152786254883,4.005648952443153e-05,0.002331350464373827,0.6319250464439392,0.0,0.0,1.063019871711731,0.6451769471168518,0.01605192758142948,0.17909656465053558,0.01108445506542921,0.29574859142303467,0.28298258781433105,0.016323205083608627,0.0005422770045697689,0.5730476379394531,1.0,0.0,0.9077625870704651,0.19664394855499268,0.0006101801409386098,0.02064179629087448,0.0,0.0,0.34926822781562805,0.06463310122489929,4.871518103755079e-05,1.2909958362579346,0.0,0.0
888,5.34125280380249,0.46317002177238464,26.67506980895996,5.13029670715332,0.5961587429046631,42.601585388183594,1.1217377185821533,1.1222480535507202,40.54,1.1146994829177856,0.02446581982076168,0.035385698080062866,9.123510360717773,0.0,0.0,0.2910182774066925,8.72612645252957e-07,0.004539791028946638,0.7724971771240234,0.0,0.0,1.1286296844482422,0.41743171215057373,0.016951918601989746,0.24769623577594757,0.013676013797521591,0.4419093728065491,0.291070818901062,0.019321970641613007,0.0006349404575303197,0.6288820505142212,1.0,0.0,0.8440329432487488,0.2486504763364792,0.0005414577899500728,0.01920505426824093,0.0,0.0,0.3446539640426636,0.054446812719106674,0.00011035864008590579,1.2681210041046143,0.0,0.0
889,5.739192008972168,0.5329418182373047,33.57676315307617,3.0109691619873047,0.48471859097480774,47.553138732910156,1.0453546047210693,1.0458903312683105,49.0,1.079422116279602,0.014311217702925205,0.035851724445819855,11.407280921936035,0.0,0.0,0.29656752943992615,1.0315480949429912e-06,0.004896089434623718,0.7539973855018616,0.0,0.0,1.1343075037002563,0.4128674268722534,0.016285715624690056,0.19480177760124207,0.01190165989100933,0.3331800401210785,0.28300386667251587,0.015158767811954021,0.0005941524286754429,0.5569409728050232,1.0,0.0,0.8256692886352539,0.2814297676086426,0.0005312123685143888,0.019093303009867668,0.0,0.0,0.34846481680870056,0.05220988392829895,0.00013914768351241946,1.2591845989227295,0.0,0.0
890,3.8662142753601074,0.003562253201380372,23.612340927124023,2.3773751258850098,0.7802674770355225,50.68486785888672,1.0227612257003784,1.0222744941711426,46.55,1.1823079586029053,0.24572516977787018,0.010049638338387012,0.4796511232852936,0.0,0.0,0.3788222074508667,0.0002028520539170131,0.003227975917980075,1.0227643251419067,0.0,0.0,0.9692752361297607,0.5169820189476013,0.010788670741021633,0.09528186917304993,0.0047112563624978065,0.14303633570671082,0.3094234764575958,0.03374204784631729,0.0002386342384852469,0.9579635262489319,1.0,0.0,0.9196121692657471,0.13511641323566437,0.0006195339374244213,0.01925576850771904,0.0,0.0,0.3420145511627197,0.09677617996931076,2.9126207664376125e-05,1.2970664501190186,0.0,0.0
891,2.1802761554718018,0.678265392780304,26.898700714111328,4.319785118103027,0.6099017262458801,54.39555740356445,1.1496224403381348,1.1517648696899414,161.8,0.8489720225334167,0.0056191980838775635,0.0765666663646698,15.37798023223877,0.0,0.0,0.32586580514907837,3.6237892345525324e-05,0.0024578783195465803,0.6736788749694824,0.0,0.0,1.0516599416732788,0.6106100678443909,0.016219735145568848,0.21429088711738586,0.012265757657587528,0.3727790415287018,0.29328131675720215,0.0216874610632658,0.0005764611414633691,0.6635158658027649,1.0,0.0,0.9274978041648865,0.18049617111682892,0.0006149213295429945,0.020560989156365395,0.0,0.0,0.34447264671325684,0.06740370392799377,4.72812753287144e-05,1.2886170148849487,0.0,0.0
892,4.6685590744018555,0.6520168781280518,26.74949836730957,6.464901924133301,0.5656493902206421,47.07572937011719,1.1418980360031128,1.1405270099639893,105.27,1.0261240005493164,0.00884661078453064,0.04378964379429817,14.309638977050781,0.0,0.0,0.30602648854255676,9.57557176661794e-07,0.004527465905994177,0.6857326626777649,0.0,0.0,1.1388700008392334,0.4323890805244446,0.01867932453751564,0.3055708408355713,0.01665845513343811,0.5590425729751587,0.2869725227355957,0.017215896397829056,0.0007503153756260872,0.5665971636772156,1.0,0.0,0.8483497500419617,0.2398827224969864,0.0005462184781208634,0.01939203217625618,0.0,0.0,0.34497201442718506,0.05399603024125099,9.420352580491453e-05,1.2754487991333008,0.0,0.0
893,3.5299463272094727,0.9568646550178528,27.160764694213867,9.239362716674805,0.5011043548583984,44.108924865722656,1.1595823764801025,1.1597415208816528,11.83,0.7712585926055908,0.023381706327199936,0.05767170712351799,22.394325256347656,0.0,0.0,0.3749317228794098,6.88589716446586e-05,0.0059392815455794334,0.5725827217102051,0.0,0.0,1.0757776498794556,0.3534259498119354,0.022181566804647446,0.4282272458076477,0.02258075587451458,0.8105071783065796,0.27839428186416626,0.012867416255176067,0.0009452325175516307,0.46157023310661316,1.0,0.0,0.7987257242202759,0.26844868063926697,0.0005089616752229631,0.018745487555861473,0.0,0.0,0.34636327624320984,0.04499546438455582,0.000119361313409172,1.2732305526733398,0.0,0.0
894,2.2537713050842285,0.4084431529045105,38.552528381347656,7.50360107421875,0.5762822031974792,47.75093460083008,1.2837382555007935,1.284511685371399,46.9,0.9469099640846252,0.029657306149601936,0.051836006343364716,7.416598320007324,0.0,0.0,0.3185078799724579,5.152714948053472e-05,0.005937181878834963,0.781131386756897,0.0,0.0,1.0296123027801514,0.30573683977127075,0.019644543528556824,0.30536389350891113,0.01863577775657177,0.5748882293701172,0.290020614862442,0.017102116718888283,0.0008886104333214462,0.532728374004364,1.0,0.0,0.772108256816864,0.3184652328491211,0.0004783573967870325,0.017777470871806145,0.0,0.0,0.34310635924339294,0.042845647782087326,0.00020429085998330265,1.2365872859954834,0.0,0.0
895,5.408110618591309,0.9632095098495483,23.603607177734375,3.846259355545044,0.6950257420539856,70.7378921508789,1.0571613311767578,1.0584145784378052,112.01,0.7998366355895996,0.031024683266878128,0.058072082698345184,22.917104721069336,0.0,0.0,0.36388441920280457,3.371614002389833e-05,0.001165516092441976,0.5806252360343933,0.0,0.0,0.9995368123054504,0.5730605721473694,0.01378710474818945,0.17104235291481018,0.009131979197263718,0.28845152258872986,0.2990417778491974,0.026075750589370728,0.00042980414582416415,0.7916859984397888,1.0,0.0,1.0019797086715698,0.1369880735874176,0.0006588342948816717,0.02137744054198265,0.0,0.0,0.34241703152656555,0.07714478671550751,4.177980008535087e-05,1.2858264446258545,0.0,0.0
896,5.267034530639648,0.4817277491092682,15.214138984680176,9.373370170593262,0.7800031304359436,51.25290298461914,1.0013710260391235,1.0022401809692383,86.6,1.1388155221939087,0.024911222979426384,0.03756745904684067,8.785812377929688,0.0,0.0,0.2883557081222534,7.388451308543154e-07,0.0030275373719632626,0.7830314636230469,0.0,0.0,1.1333507299423218,0.5223180651664734,0.014537355862557888,0.2736133337020874,0.012215066701173782,0.48397350311279297,0.30190202593803406,0.027027709409594536,0.0005254563293419778,0.8105931282043457,1.0,0.0,0.9289281964302063,0.1786665916442871,0.0005948535981588066,0.02038487233221531,0.0,0.0,0.34121841192245483,0.06409353762865067,5.923806020291522e-05,1.2870031595230103,0.0,0.0
897,5.664271831512451,0.5426798462867737,29.829442977905273,3.2249653339385986,0.5004767179489136,53.98051452636719,1.033199429512024,1.0303479433059692,267.86,1.0815041065216064,0.015360664576292038,0.035054586827754974,11.912850379943848,0.0,0.0,0.2962941527366638,1.0914011454588035e-06,0.004279435612261295,0.7424767017364502,0.0,0.0,1.1584584712982178,0.4837062358856201,0.01641732081770897,0.2035856992006302,0.012118928134441376,0.34948238730430603,0.2834676206111908,0.015812359750270844,0.0005888546584174037,0.57161945104599,1.0,0.0,0.8582490682601929,0.24313552677631378,0.0005661592003889382,0.019711900502443314,0.0,0.0,0.34789562225341797,0.05891009420156479,7.876510062487796e-05,1.2807972431182861,0.0,0.0
898,4.394729137420654,0.7637309432029724,19.558574676513672,4.045199394226074,0.6651915311813354,40.45420455932617,1.0020413398742676,1.002838373184204,79.32,0.9347054958343506,0.0036894395016133785,0.05599961429834366,17.09776496887207,0.0,0.0,0.3189471364021301,9.638508799980627e-07,0.0023704124614596367,0.6437913775444031,0.0,0.0,1.0954257249832153,0.583844006061554,0.01422081422060728,0.19369617104530334,0.010025952011346817,0.3257860541343689,0.2946329414844513,0.023256761953234673,0.00045702679199166596,0.7537221312522888,1.0,0.0,0.9402799010276794,0.18130041658878326,0.0006050396477803588,0.020650045946240425,0.0,0.0,0.343574583530426,0.06635255366563797,6.003530870657414e-05,1.2816792726516724,0.0,0.0
899,5.105605125427246,0.7340295314788818,38.703792572021484,7.391442775726318,0.4579083323478699,44.9964714050293,1.1737748384475708,1.1753356456756592,113.14,0.9783745408058167,0.007752569392323494,0.04208295792341232,15.792401313781738,0.0,0.0,0.32075369358062744,8.996886435852502e-07,0.008195208385586739,0.6639504432678223,0.0,0.0,1.112951397895813,0.26326262950897217,0.02083030343055725,0.36006808280944824,0.02105584368109703,0.6856256723403931,0.2775266766548157,0.010948546230793,0.0009870799258351326,0.42493611574172974,1.0,0.0,0.7289649248123169,0.394082248210907,0.00043983099749311805,0.017314622178673744,0.0,0.0,0.34706515073776245,0.036135755479335785,0.00028555101016536355,1.2261481285095215,0.0,0.0
900,2.122715473175049,0.701572060585022,18.468963623046875,5.729023456573486,0.5903621912002563,49.82147216796875,1.0539389848709106,1.0532106161117554,65.62,0.8934131860733032,0.005323667544871569,0.07044108957052231,13.873604774475098,0.0,0.0,0.32660728693008423,1.974438964680303e-05,0.003851263551041484,0.6712624430656433,0.0,0.0,1.1183480024337769,0.5280035734176636,0.017507614567875862,0.28395137190818787,0.014696058817207813,0.4996506869792938,0.2865085005760193,0.018939416855573654,0.0006187261315062642,0.6245815753936768,1.0,0.0,0.8848978877067566,0.20396645367145538,0.0005725085502490401,0.019960518926382065,0.0,0.0,0.34427782893180847,0.0574481226503849,6.705836131004617e-05,1.28683602809906,0.0,0.0
901,4.413693904876709,0.2806648313999176,38.81550979614258,5.834892749786377,0.4585886597633362,42.025917053222656,1.1389822959899902,1.138465404510498,39.86,1.0762652158737183,0.05127119645476341,0.025127660483121872,5.008520126342773,0.0,0.0,0.30820605158805847,3.090982499998063e-05,0.010374863632023335,0.872669517993927,0.0,0.0,1.0807175636291504,0.23382163047790527,0.01937350630760193,0.3024783432483673,0.018085457384586334,0.5649322271347046,0.27919483184814453,0.011792980134487152,0.0008792036678642035,0.45343050360679626,1.0,0.0,0.6955646872520447,0.4409113824367523,0.0004230347403790802,0.01659410260617733,0.0,0.0,0.3477402627468109,0.036019932478666306,0.0003129966207779944,1.215714931488037,0.0,0.0
902,2.5818190574645996,0.03659658133983612,28.598337173461914,3.579078197479248,0.46652960777282715,56.43044662475586,1.0644670724868774,1.0661052465438843,144.35,0.9435723423957825,0.17884856462478638,0.015038473531603813,1.2157058715820312,0.0,0.0,0.3832017183303833,0.00024303382087964565,0.0073579782620072365,1.0007922649383545,0.0,0.0,1.0760606527328491,0.4454241096973419,0.017544539645314217,0.22669650614261627,0.013149285688996315,0.3936837315559387,0.2802613377571106,0.015004965476691723,0.0006170262931846082,0.5304334759712219,1.0,0.0,0.7739658951759338,0.2681123912334442,0.0005274902214296162,0.01821359433233738,0.0,0.0,0.34925076365470886,0.05739223584532738,6.60932419123128e-05,1.2909533977508545,0.0,0.0
903,1.958980679512024,0.9269228577613831,26.930341720581055,6.077615261077881,0.4322216212749481,59.04703140258789,1.0900050401687622,1.0892678499221802,62.09,0.6963983178138733,0.013482480309903622,0.0820508599281311,22.81224822998047,0.0,0.0,0.3758803606033325,3.605983147281222e-05,0.0035674073733389378,0.6060009002685547,0.0,0.0,1.109206199645996,0.4711989760398865,0.02023152820765972,0.34532201290130615,0.018632790073752403,0.6331637501716614,0.27347031235694885,0.011481343768537045,0.0008268725941888988,0.44926324486732483,1.0,0.0,0.849658191204071,0.22835540771484375,0.0005626228521578014,0.01994328573346138,0.0,0.0,0.34911245107650757,0.052053410559892654,5.6161588872782886e-05,1.2938660383224487,0.0,0.0
904,1.430699110031128,0.17703835666179657,24.208251953125,5.982861042022705,0.7094627618789673,42.042293548583984,1.2291852235794067,1.2296911478042603,33.47,1.0228475332260132,0.10524085909128189,0.038076434284448624,1.77510666847229,0.0,0.0,0.3658297061920166,0.00018407191964797676,0.004932579584419727,0.9064874649047852,0.0,0.0,1.0214911699295044,0.5150143504142761,0.015778472647070885,0.2212601900100708,0.012005019932985306,0.39054131507873535,0.3016451895236969,0.026996470987796783,0.0005537873366847634,0.7460210919380188,1.0,0.0,0.8276951313018799,0.21670152246952057,0.0005355883040465415,0.018450969830155373,0.0,0.0,0.34182047843933105,0.05846694856882095,9.651497384766117e-05,1.2746179103851318,0.0,0.0
905,4.341192722320557,0.529110312461853,27.88745880126953,5.9820876121521,0.6392819881439209,43.985496520996094,1.1935192346572876,1.1937357187271118,15.19,1.0518598556518555,0.016388172283768654,0.04367784038186073,11.1740083694458,0.0,0.0,0.29686373472213745,9.973157375497976e-07,0.003942541312426329,0.7364863157272339,0.0,0.0,1.0967273712158203,0.4335811138153076,0.01697276160120964,0.2522435784339905,0.014131210744380951,0.4567699134349823,0.29543009400367737,0.02147076092660427,0.0006668500136584044,0.6549512147903442,1.0,0.0,0.8628968596458435,0.23235934972763062,0.0005525738815777004,0.019400104880332947,0.0,0.0,0.34304478764533997,0.05596903711557388,0.00010271557403029874,1.2667909860610962,0.0,0.0
906,1.7795363664627075,0.5464022755622864,25.58599281311035,3.5964419841766357,0.7013107538223267,41.57258987426758,1.1491055488586426,1.1482174396514893,67.31,0.8789717555046082,0.014831213280558586,0.07608432322740555,11.154537200927734,0.0,0.0,0.32201912999153137,8.309585246024653e-05,0.002713459078222513,0.7231383919715881,0.0,0.0,0.9989935755729675,0.5749105215072632,0.013535871170461178,0.1584656834602356,0.008863506838679314,0.264930784702301,0.30205070972442627,0.027073856443166733,0.0004382964107207954,0.80045086145401,1.0,0.0,0.9414100646972656,0.1759357750415802,0.0006122069898992777,0.020422043278813362,0.0,0.0,0.3424527943134308,0.06925985217094421,6.469815707532689e-05,1.2728285789489746,0.0,0.0
907,4.2711663246154785,0.6077796220779419,27.418500900268555,4.038788795471191,0.6495772004127502,49.55210494995117,1.1348202228546143,1.1324571371078491,183.88,1.0062063932418823,0.009351884014904499,0.04991334676742554,14.01453971862793,0.0,0.0,0.302247017621994,1.0249175375065533e-06,0.002675191732123494,0.703468918800354,0.0,0.0,1.0918002128601074,0.5717391967773438,0.015078471042215824,0.19066254794597626,0.01083021704107523,0.3277089297771454,0.2971029281616211,0.023382170125842094,0.0005239499732851982,0.7190907597541809,1.0,0.0,0.9261940717697144,0.18879705667495728,0.0006063678883947432,0.020412618294358253,0.0,0.0,0.3434513509273529,0.0672633945941925,6.0538943216670305e-05,1.280510425567627,0.0,0.0
908,2.681253433227539,0.6343763470649719,44.34708023071289,5.643632888793945,0.5986576080322266,47.581939697265625,1.2708673477172852,1.2716156244277954,46.3,0.8883007168769836,0.005677158012986183,0.06969989836215973,13.805602073669434,0.0,0.0,0.3148059844970703,7.104917585820658e-06,0.0037915268912911415,0.688920795917511,0.0,0.0,0.9994694590568542,0.3060590624809265,0.01712566427886486,0.24007821083068848,0.015165523625910282,0.44561442732810974,0.2923942506313324,0.018302099779248238,0.0007427612436003983,0.5994247198104858,1.0,0.0,0.7849328517913818,0.3370895981788635,0.00046383918379433453,0.01766212470829487,0.0,0.0,0.3414950370788574,0.040433578193187714,0.0002607719216030091,1.2077122926712036,0.0,0.0
909,5.09999418258667,0.5169733762741089,37.49884796142578,7.75811767578125,0.6265299916267395,42.4203987121582,1.2760156393051147,1.277803897857666,109.68,1.0959337949752808,0.016536401584744453,0.04075738042593002,10.410767555236816,0.0,0.0,0.2912691831588745,7.461874247383093e-07,0.005699609871953726,0.7423675656318665,0.0,0.0,1.0564074516296387,0.31476590037345886,0.018662070855498314,0.2877999246120453,0.017546094954013824,0.5466457605361938,0.29498323798179626,0.0193723663687706,0.0008380910730920732,0.5859729051589966,1.0,0.0,0.771136462688446,0.3256160020828247,0.00046181707875803113,0.017420757561922073,0.0,0.0,0.340864896774292,0.042131952941417694,0.00025335984537377954,1.217763066291809,0.0,0.0
910,5.515011787414551,0.3803810775279999,38.72027587890625,9.294283866882324,0.49007943272590637,58.93922805786133,1.2372711896896362,1.2381136417388916,54.99,1.2014678716659546,0.036915093660354614,0.02303706295788288,6.5655035972595215,0.0,0.0,0.2887757420539856,8.50212529712735e-07,0.00843667984008789,0.8080808520317078,0.0,0.0,1.1716164350509644,0.27052292227745056,0.022465581074357033,0.40292418003082275,0.023272207006812096,0.7807153463363647,0.28004199266433716,0.011760973371565342,0.0010707632172852755,0.4278581440448761,1.0,0.0,0.7461594939231873,0.35247060656547546,0.000473132764454931,0.017730262130498886,0.0,0.0,0.34553828835487366,0.042334333062171936,0.00017268913506995887,1.2618108987808228,0.0,0.0
911,4.668120384216309,0.11832334846258163,34.801204681396484,1.8272342681884766,0.6406800150871277,40.7773323059082,1.0286266803741455,1.028072714805603,52.38,1.0316412448883057,0.17154958844184875,0.020781341940164566,2.5691637992858887,0.0,0.0,0.33656999468803406,0.00013291208597365767,0.003799593774601817,0.9620423316955566,0.0,0.0,0.9861299991607666,0.4746320843696594,0.013232308439910412,0.11896783858537674,0.007096834946423769,0.1794208437204361,0.2994464933872223,0.024692745879292488,0.00035117348306812346,0.7733597159385681,1.0,0.0,0.8330777287483215,0.24239028990268707,0.000530975463334471,0.018342316150665283,0.0,0.0,0.3436700105667114,0.060135550796985626,0.00014654590631835163,1.2387522459030151,0.0,0.0
912,1.3921540975570679,0.4152313470840454,13.010963439941406,9.617408752441406,0.7133812308311462,51.377262115478516,1.0453004837036133,1.0461695194244385,79.47,1.0758661031723022,0.03509297966957092,0.05454288050532341,4.525156021118164,0.0,0.0,0.3257690370082855,6.539478636113927e-05,0.004642995074391365,0.8035987615585327,0.0,0.0,1.1386370658874512,0.5338941216468811,0.017551887780427933,0.3375578820705414,0.015253577381372452,0.5870507955551147,0.29460039734840393,0.024620166048407555,0.0005828393041156232,0.7182058095932007,1.0,0.0,0.8642188310623169,0.19346749782562256,0.000544537790119648,0.019271381199359894,0.0,0.0,0.34102946519851685,0.05295990779995918,0.00010753631795523688,1.280523419380188,0.0,0.0
913,4.961115837097168,0.33557868003845215,25.7740421295166,4.8357415199279785,0.5139108300209045,45.25411605834961,1.0672706365585327,1.0688450336456299,138.01,1.1208821535110474,0.052820537239313126,0.026499561965465546,5.982682228088379,0.0,0.0,0.2985042929649353,2.2560076104127802e-05,0.006894267164170742,0.8350481986999512,0.0,0.0,1.1498430967330933,0.3850420117378235,0.018009640276432037,0.2703503370285034,0.01476270705461502,0.4783204197883606,0.28280436992645264,0.015537948347628117,0.0006696429918520153,0.5502492189407349,1.0,0.0,0.8055733442306519,0.274305135011673,0.000525491195730865,0.01877758651971817,0.0,0.0,0.34709054231643677,0.05202404409646988,0.00010737475531641394,1.2751214504241943,0.0,0.0
914,1.1983524560928345,0.5973078012466431,26.971691131591797,6.509678840637207,0.5817715525627136,43.32584762573242,1.2002097368240356,1.2012077569961548,69.23,0.8261245489120483,0.00936354324221611,0.08049417287111282,12.645105361938477,0.0,0.0,0.3301825225353241,5.659806265612133e-05,0.004798183683305979,0.7021223306655884,0.0,0.0,1.05494225025177,0.4365413188934326,0.018808597698807716,0.2959936261177063,0.016649235039949417,0.535180389881134,0.2895899713039398,0.01877785660326481,0.0007578011718578637,0.5765172243118286,1.0,0.0,0.841766357421875,0.23808765411376953,0.0005421781679615378,0.019229169934988022,0.0,0.0,0.34484145045280457,0.05224666744470596,0.00010265852324664593,1.2713112831115723,0.0,0.0
915,5.755425930023193,0.4595598578453064,23.25033187866211,8.304545402526855,0.5709128379821777,58.213623046875,1.1094930171966553,1.1097475290298462,20.67,1.1744145154953003,0.029067659750580788,0.029975373297929764,8.883805274963379,0.0,0.0,0.28756827116012573,8.764442895881075e-07,0.005293841939419508,0.771579384803772,0.0,0.0,1.1928825378417969,0.4105302095413208,0.019930914044380188,0.3699897229671478,0.01892075687646866,0.6907828450202942,0.285102903842926,0.016234610229730606,0.0007997496868483722,0.5545752048492432,1.0,0.0,0.8300184607505798,0.24254290759563446,0.0005387115525081754,0.019054442644119263,0.0,0.0,0.34430405497550964,0.05494159087538719,7.400163303827867e-05,1.2864773273468018,0.0,0.0
916,2.606778144836426,0.8073566555976868,32.66902160644531,9.660750389099121,0.49860328435897827,51.8551025390625,1.2253237962722778,1.2244460582733154,58.5,0.8453717231750488,0.011677158996462822,0.06360187381505966,17.683317184448242,0.0,0.0,0.3419428765773773,2.193669388361741e-05,0.00507104629650712,0.6174858808517456,0.0,0.0,1.088660478591919,0.3352319300174713,0.022746600210666656,0.421652615070343,0.023710744455456734,0.8131837248802185,0.2801331877708435,0.012507962994277477,0.0010461531346663833,0.4379518926143646,1.0,0.0,0.7999254465103149,0.2796514332294464,0.0005104148876853287,0.01877710409462452,0.0,0.0,0.3460306227207184,0.04513394832611084,0.00012070129014318809,1.270982265472412,0.0,0.0
917,2.5918128490448,0.41344282031059265,39.401187896728516,2.158202886581421,0.7750921845436096,47.76630401611328,1.1223360300064087,1.1196398735046387,214.56,0.9679499268531799,0.04402833804488182,0.061547234654426575,7.388700485229492,0.0,0.0,0.3171851336956024,9.386843885295093e-05,0.0016323799500241876,0.7840332388877869,0.0,0.0,0.9731085300445557,0.5098465085029602,0.010404818691313267,0.10444991290569305,0.004664471372961998,0.15292616188526154,0.3095629811286926,0.03299572691321373,0.00021322823886293918,0.9567453265190125,1.0,0.0,0.9665130972862244,0.1633680909872055,0.0006073334952816367,0.020002420991659164,0.0,0.0,0.33825674653053284,0.0742398127913475,9.0549532615114e-05,1.2473065853118896,0.0,0.0
918,2.8026607036590576,0.24549919366836548,44.89113998413086,1.7757405042648315,0.5510857701301575,49.08967590332031,1.0507285594940186,1.053347110748291,236.59,0.9389469623565674,0.08051097393035889,0.03789735212922096,4.636127471923828,0.0,0.0,0.33778443932533264,0.00013652860070578754,0.0035744153428822756,0.8986402153968811,0.0,0.0,0.9938332438468933,0.3980906903743744,0.013889236375689507,0.1372385323047638,0.00825522094964981,0.2134801745414734,0.2895878553390503,0.018966687843203545,0.00040280676330439746,0.6732926368713379,1.0,0.0,0.7988134026527405,0.2985675036907196,0.0004960394580848515,0.017972636967897415,0.0,0.0,0.34563547372817993,0.04953569918870926,0.00020975600637029856,1.2223048210144043,0.0,0.0
919,3.6929683685302734,0.4557363986968994,25.094371795654297,2.573312997817993,0.6008943319320679,45.90745544433594,1.0161503553390503,1.016203761100769,5.17,1.0211174488067627,0.03146207332611084,0.04363572597503662,9.221717834472656,0.0,0.0,0.30508124828338623,4.407704182085581e-05,0.0034251923207193613,0.7748429775238037,0.0,0.0,1.075261116027832,0.5470377206802368,0.014505770057439804,0.1555175930261612,0.009149710647761822,0.2512219548225403,0.29284703731536865,0.021588612347841263,0.0004361215396784246,0.7061825394630432,1.0,0.0,0.9109033346176147,0.1983814686536789,0.0006018783897161484,0.0202547125518322,0.0,0.0,0.3454320430755615,0.06729338318109512,6.384398875525221e-05,1.279784083366394,0.0,0.0
920,5.399145126342773,0.6344903707504272,32.41840744018555,6.284590244293213,0.4095543622970581,48.50251770019531,1.092856526374817,1.093841552734375,82.4,1.0648221969604492,0.010174502618610859,0.03458956629037857,12.85628604888916,0.0,0.0,0.30742064118385315,9.790546755539253e-07,0.008721933700144291,0.7061975598335266,0.0,0.0,1.2063491344451904,0.3267151117324829,0.020355671644210815,0.35514605045318604,0.019366057589650154,0.6565365195274353,0.2719332277774811,0.009736007079482079,0.0008932406199164689,0.4174237847328186,1.0,0.0,0.7720890641212463,0.3254171311855316,0.0004896586178801954,0.018494917079806328,0.0,0.0,0.3498128056526184,0.04322604089975357,0.00016592680185567588,1.2647629976272583,0.0,0.0
921,2.759119749069214,0.6159142255783081,28.809005737304688,9.706591606140137,0.5952392816543579,57.39490509033203,1.249955654144287,1.251619815826416,106.37,0.9474628567695618,0.012552610598504543,0.057356368750333786,12.99421501159668,0.0,0.0,0.3131285011768341,1.5458781490451656e-05,0.003414622973650694,0.6890778541564941,0.0,0.0,1.0915549993515015,0.41639983654022217,0.021034253761172295,0.372269868850708,0.020714377984404564,0.7109202742576599,0.2896527349948883,0.017721300944685936,0.0009166410891339183,0.5379931926727295,1.0,0.0,0.8490954041481018,0.22938334941864014,0.0005532121285796165,0.019357485696673393,0.0,0.0,0.34322988986968994,0.054814502596855164,7.044004451017827e-05,1.2835328578948975,0.0,0.0
922,2.949601173400879,0.36001724004745483,16.11972999572754,7.401978492736816,0.5851218104362488,57.68478012084961,1.0169349908828735,1.016259789466858,65.33,1.088546633720398,0.04642762616276741,0.03596806526184082,5.386943340301514,0.0,0.0,0.3111441731452942,4.148721200181171e-05,0.0057929824106395245,0.8247182369232178,0.0,0.0,1.1696287393569946,0.3992176949977875,0.01898781955242157,0.3528146743774414,0.016868524253368378,0.6257744431495667,0.2838406562805176,0.01744391955435276,0.0006644428940489888,0.5969604253768921,1.0,0.0,0.8226536512374878,0.2456812709569931,0.0005253702402114868,0.018868619576096535,0.0,0.0,0.34329256415367126,0.04970374330878258,0.00010961218504235148,1.2794997692108154,0.0,0.0
923,2.7863852977752686,0.7420300841331482,17.49976921081543,6.56514310836792,0.6513581275939941,49.55524444580078,1.0605077743530273,1.0557399988174438,425.84,0.9084446430206299,0.00606911676004529,0.06596001237630844,15.297663688659668,0.0,0.0,0.3242262303829193,1.2894292922283057e-05,0.0030662869103252888,0.6534547805786133,0.0,0.0,1.0963616371154785,0.5394818186759949,0.01673666387796402,0.2817361354827881,0.0142382076010108,0.5037902593612671,0.29143545031547546,0.021421371027827263,0.0006030054064467549,0.6806058287620544,1.0,0.0,0.9055315852165222,0.19130642712116241,0.0005837352946400642,0.020147006958723068,0.0,0.0,0.34280821681022644,0.06056361272931099,6.086664870963432e-05,1.2861697673797607,0.0,0.0
924,3.744093179702759,0.6906925439834595,40.91091537475586,3.1921534538269043,0.7742838859558105,54.8133430480957,1.2306182384490967,1.2299022674560547,47.3,0.9691857695579529,0.0067708599381148815,0.06660202145576477,14.935269355773926,0.0,0.0,0.30730122327804565,9.081658163268003e-07,0.0012326134601607919,0.6642679572105408,0.0,0.0,1.0169423818588257,0.5225407481193542,0.011325467377901077,0.12608283758163452,0.006492343731224537,0.20369836688041687,0.3090789318084717,0.031700436025857925,0.00031172027229331434,0.9160897731781006,1.0,0.0,0.9850457906723022,0.15978404879570007,0.000621897866949439,0.020469706505537033,0.0,0.0,0.33775264024734497,0.07536283880472183,7.375767745543271e-05,1.260386347770691,0.0,0.0
925,4.658905029296875,0.8945311307907104,21.446365356445312,4.116858959197998,0.7021377682685852,67.1821060180664,1.0488132238388062,1.0464404821395874,216.19,0.8640046119689941,0.017299355939030647,0.06147762015461922,21.25853729248047,0.0,0.0,0.3451755940914154,1.3871736882720143e-05,0.0014423895627260208,0.6013466119766235,0.0,0.0,1.0195512771606445,0.5670031905174255,0.013671730645000935,0.17686450481414795,0.009390285238623619,0.3037363290786743,0.29896804690361023,0.02602861076593399,0.00043669837759807706,0.7956605553627014,1.0,0.0,0.9840660691261292,0.1413918137550354,0.0006435594987124205,0.020986786112189293,0.0,0.0,0.3421303629875183,0.07718286663293839,4.532055027084425e-05,1.2843948602676392,0.0,0.0
926,3.5021378993988037,0.1874588578939438,42.660118103027344,4.3521342277526855,0.4102148413658142,50.752967834472656,1.118909478187561,1.1169766187667847,154.65,1.0636577606201172,0.07624850422143936,0.01929665170609951,3.0531439781188965,0.0,0.0,0.3340166509151459,9.035857510752976e-05,0.008875283412635326,0.9339150786399841,0.0,0.0,1.0832884311676025,0.26876428723335266,0.01805966906249523,0.2558145821094513,0.015667377039790154,0.46371275186538696,0.27476614713668823,0.010304332710802555,0.0007952747982926667,0.4473794400691986,1.0,0.0,0.7013810276985168,0.4200976490974426,0.0004407051601447165,0.016955649480223656,0.0,0.0,0.3506459593772888,0.038414448499679565,0.00025731962523423135,1.2343825101852417,0.0,0.0
927,2.5755648612976074,0.26750871539115906,25.910737991333008,5.97895622253418,0.7885819673538208,57.467559814453125,1.2608554363250732,1.2617629766464233,57.05,1.0037773847579956,0.09735536575317383,0.04160704463720322,4.306656360626221,0.0,0.0,0.33335304260253906,0.00014333332364913076,0.0023864726535975933,0.862723171710968,0.0,0.0,0.9919233918190002,0.5396665930747986,0.013391941785812378,0.1775345653295517,0.009499993175268173,0.3140266239643097,0.30928337574005127,0.0320005789399147,0.0004841115733142942,0.8531482815742493,1.0,0.0,0.9528653621673584,0.1482515037059784,0.0006387548637576401,0.020352283492684364,0.0,0.0,0.3402045667171478,0.08143415302038193,3.100221147178672e-05,1.2944937944412231,0.0,0.0
928,4.3990254402160645,0.5877659916877747,28.66419219970703,2.805708408355713,0.5055295825004578,53.447853088378906,1.0161985158920288,1.016857385635376,63.76,1.0044374465942383,0.011537576094269753,0.0442621074616909,13.633199691772461,0.0,0.0,0.3054730296134949,1.133046907852986e-06,0.0038036773912608624,0.7225978374481201,0.0,0.0,1.1442161798477173,0.5293810963630676,0.015942463651299477,0.18584752082824707,0.01120006013661623,0.30937278270721436,0.28415969014167786,0.016558727249503136,0.0005442071123979986,0.5897359848022461,1.0,0.0,0.8775336742401123,0.22761884331703186,0.0005818085628561676,0.020027916878461838,0.0,0.0,0.3479374945163727,0.061386145651340485,6.889533688081428e-05,1.2831244468688965,0.0,0.0
929,5.380914688110352,0.211187943816185,15.740768432617188,9.770402908325195,0.722080409526825,43.848060607910156,1.0282492637634277,1.0292431116104126,93.91,1.2164201736450195,0.10069586336612701,0.02264971286058426,3.4972689151763916,0.0,0.0,0.3032147288322449,3.606404425227083e-05,0.005537663586437702,0.9151183366775513,0.0,0.0,1.128420352935791,0.42977505922317505,0.016813188791275024,0.32558032870292664,0.014871574006974697,0.5835899114608765,0.2969963550567627,0.023742597550153732,0.0005997606203891337,0.731499195098877,1.0,0.0,0.8399477601051331,0.2193683683872223,0.0005402333335950971,0.01893092319369316,0.0,0.0,0.3422048091888428,0.05744977667927742,7.452601857949048e-05,1.2869445085525513,0.0,0.0
930,5.007436752319336,0.8995927572250366,39.759368896484375,8.89065170288086,0.43595561385154724,40.8822135925293,1.1461302042007446,1.145086646080017,79.51,0.826208770275116,0.015111811459064484,0.04583629220724106,20.89623260498047,0.0,0.0,0.3608459234237671,4.8260739276884124e-05,0.008526940830051899,0.602385401725769,0.0,0.0,1.0379070043563843,0.20530258119106293,0.022270606830716133,0.4175857901573181,0.024146338924765587,0.8069124817848206,0.2741018533706665,0.00907682441174984,0.0010976273333653808,0.382284551858902,1.0,0.0,0.6900421977043152,0.4500814974308014,0.00040219505899585783,0.016562791541218758,0.0,0.0,0.34719154238700867,0.029931960627436638,0.00034976075403392315,1.2055742740631104,0.0,0.0
931,2.716928720474243,0.48977890610694885,43.48286056518555,7.031706809997559,0.5091467499732971,52.51997375488281,1.2518972158432007,1.2510017156600952,57.18,0.9762423634529114,0.016477061435580254,0.04951334744691849,9.069019317626953,0.0,0.0,0.3110615909099579,1.0445637599332258e-05,0.006005498580634594,0.7561360597610474,0.0,0.0,1.0683400630950928,0.2734702527523041,0.019956424832344055,0.3146323561668396,0.019471731036901474,0.6003384590148926,0.2829037606716156,0.013098331168293953,0.0009423890733160079,0.4726203680038452,1.0,0.0,0.7476305365562439,0.3688691556453705,0.000457064772490412,0.017515117302536964,0.0,0.0,0.3450983762741089,0.03895607963204384,0.0002520439447835088,1.2309678792953491,0.0,0.0
932,3.5664560794830322,0.19711393117904663,38.472633361816406,7.749622344970703,0.5651705265045166,57.84587478637695,1.2751452922821045,1.2745238542556763,38.24,1.0594019889831543,0.08412443101406097,0.021537519991397858,3.1549463272094727,0.0,0.0,0.3258677124977112,8.508114842697978e-05,0.006491042673587799,0.8964460492134094,0.0,0.0,1.0637868642807007,0.32585206627845764,0.020249543711543083,0.3187539875507355,0.019070535898208618,0.6048392653465271,0.2887606918811798,0.016710231080651283,0.0009024086175486445,0.519839882850647,1.0,0.0,0.7626393437385559,0.30601009726524353,0.0004945055698044598,0.017738278955221176,0.0,0.0,0.34376898407936096,0.04861067980527878,0.00013059316552244127,1.265284538269043,0.0,0.0
933,3.1020455360412598,0.5155730843544006,27.165285110473633,2.1826601028442383,0.6226072311401367,50.068023681640625,1.0193597078323364,1.019934892654419,55.32,0.9711757302284241,0.022618884220719337,0.05506351590156555,10.775740623474121,0.0,0.0,0.31071028113365173,5.2949064411222935e-05,0.0027217452879995108,0.7452670931816101,0.0,0.0,1.05367112159729,0.6317029595375061,0.013884867541491985,0.13574793934822083,0.00809153076261282,0.21111755073070526,0.2958323061466217,0.023587143048644066,0.00039056121022440493,0.7435098886489868,1.0,0.0,0.9477558732032776,0.17245741188526154,0.000631139671895653,0.020738549530506134,0.0,0.0,0.34491226077079773,0.07416615635156631,5.016100112698041e-05,1.2842332124710083,0.0,0.0
934,2.701002597808838,0.6885777115821838,24.058012008666992,2.9401438236236572,0.5986000895500183,58.60395431518555,1.0385934114456177,1.03910493850708,47.4,0.8721425533294678,0.005155106540769339,0.07141793519258499,15.995652198791504,0.0,0.0,0.32333141565322876,2.5466206352575682e-05,0.0022263869177550077,0.6749292612075806,0.0,0.0,1.0595459938049316,0.6403111815452576,0.014865883626043797,0.17086592316627502,0.009962156414985657,0.2824656367301941,0.2918134033679962,0.0216187946498394,0.00046396281686611474,0.6944218277931213,1.0,0.0,0.9572758078575134,0.16478008031845093,0.000637552875559777,0.020973410457372665,0.0,0.0,0.3449750542640686,0.07350986450910568,4.025650196126662e-05,1.2911407947540283,0.0,0.0
935,4.124802112579346,0.12672658264636993,25.304052352905273,7.843456268310547,0.5754144191741943,47.78865432739258,1.1744340658187866,1.1736007928848267,60.46,1.0944796800613403,0.12451405823230743,0.015601452440023422,2.4916815757751465,0.0,0.0,0.33104512095451355,8.865586278261617e-05,0.008418447338044643,0.9386822581291199,0.0,0.0,1.104282021522522,0.36127716302871704,0.02011272683739662,0.346853107213974,0.018299825489521027,0.6346677541732788,0.28782767057418823,0.017677251249551773,0.0007934508612379432,0.554786741733551,1.0,0.0,0.7644123435020447,0.2819843292236328,0.0005003541591577232,0.01780502311885357,0.0,0.0,0.34457075595855713,0.05103559046983719,0.00010458359611220658,1.278457760810852,0.0,0.0
936,4.61383056640625,0.8899760842323303,27.683326721191406,3.85664439201355,0.44269615411758423,59.483306884765625,1.0083911418914795,1.0078145265579224,56.74,0.8277956247329712,0.012963458895683289,0.051236215978860855,22.275102615356445,0.0,0.0,0.3566942512989044,2.5072842618101276e-05,0.0038069277070462704,0.6144487857818604,0.0,0.0,1.120961308479309,0.5102934837341309,0.0175157580524683,0.24713805317878723,0.014048049226403236,0.43507811427116394,0.27581194043159485,0.01286378689110279,0.0006573735154233873,0.5054234862327576,1.0,0.0,0.859758734703064,0.23269081115722656,0.0005704929935745895,0.019944582134485245,0.0,0.0,0.34914520382881165,0.056429989635944366,6.339897663565353e-05,1.288572907447815,0.0,0.0
937,1.8164435625076294,0.403476357460022,38.69086456298828,5.934942722320557,0.5085281133651733,46.332969665527344,1.215430736541748,1.2142335176467896,81.12,0.9096232652664185,0.027654064819216728,0.05502339079976082,7.376384258270264,0.0,0.0,0.327592134475708,6.785833102185279e-05,0.006876004859805107,0.7967318892478943,0.0,0.0,1.0403757095336914,0.2979572117328644,0.01910799741744995,0.2876766324043274,0.017487045377492905,0.5347484946250916,0.2840428352355957,0.014350149780511856,0.0008457896183244884,0.49842002987861633,1.0,0.0,0.7565621137619019,0.3421091139316559,0.0004712159279733896,0.01772117428481579,0.0,0.0,0.34641894698143005,0.04155072569847107,0.00022078104666434228,1.2367050647735596,0.0,0.0
938,2.297647714614868,0.683689534664154,18.272544860839844,5.914819240570068,0.5581292510032654,45.3188362121582,1.0341873168945312,1.0324606895446777,161.71,0.9231600165367126,0.006486579775810242,0.0647798404097557,13.193431854248047,0.0,0.0,0.3234928548336029,1.2583810530486517e-05,0.005167936906218529,0.6797873973846436,0.0,0.0,1.1556843519210815,0.4968295097351074,0.01824568770825863,0.3078760504722595,0.015666408464312553,0.5388801693916321,0.2828146815299988,0.017064135521650314,0.0006474358378909528,0.5877849459648132,1.0,0.0,0.8561047315597534,0.22161872684955597,0.0005513880169019103,0.019572073593735695,0.0,0.0,0.3452053368091583,0.05371444672346115,7.930629362817854e-05,1.2859981060028076,0.0,0.0
939,1.6405714750289917,0.770289421081543,33.812957763671875,1.669435977935791,0.5606676936149597,43.11618423461914,1.0037375688552856,1.004628300666809,88.33,0.7478958368301392,0.004517483524978161,0.09729480743408203,18.124414443969727,0.0,0.0,0.345599502325058,6.357120582833886e-05,0.0029622861184179783,0.6491965055465698,0.0,0.0,0.9982107877731323,0.590403139591217,0.014132848009467125,0.12783625721931458,0.008094808086752892,0.19095531105995178,0.29207122325897217,0.02087012678384781,0.00040000947774387896,0.6840061545372009,1.0,0.0,0.9084249138832092,0.20375418663024902,0.0005831209709867835,0.020126694813370705,0.0,0.0,0.3470057249069214,0.061416856944561005,0.00010753153765108436,1.2545158863067627,0.0,0.0
940,4.92157506942749,0.8001052737236023,39.08041000366211,4.347159385681152,0.5442265868186951,58.554649353027344,1.1785047054290771,1.1765199899673462,143.14,0.9298443794250488,0.007668474223464727,0.04931950941681862,18.747682571411133,0.0,0.0,0.3288938105106354,1.0838957678060979e-06,0.0027093866374343634,0.6417135000228882,0.0,0.0,1.0880295038223267,0.48658451437950134,0.01721358858048916,0.22693361341953278,0.013730413280427456,0.40562087297439575,0.2882217764854431,0.01752053201198578,0.0006723456899635494,0.5798971652984619,1.0,0.0,0.8622115254402161,0.2381700873374939,0.0005564978928305209,0.01956934854388237,0.0,0.0,0.34548285603523254,0.05543693155050278,0.00010404067143099383,1.2683185338974,0.0,0.0
941,5.315112590789795,0.7742385864257812,29.259204864501953,9.055878639221191,0.6288729906082153,49.93207550048828,1.2308542728424072,1.2336620092391968,184.91,0.9787812829017639,0.01155396830290556,0.04474108666181564,16.50772476196289,0.0,0.0,0.3223707973957062,1.2156861885159742e-05,0.0037851878441870213,0.6330282092094421,0.0,0.0,1.080592155456543,0.4347476363182068,0.019635360687971115,0.339167058467865,0.018622402101755142,0.6355593204498291,0.29280567169189453,0.019641736522316933,0.000831879093311727,0.5869555473327637,1.0,0.0,0.8593668341636658,0.22342410683631897,0.0005493423668667674,0.01937352865934372,0.0,0.0,0.3424404561519623,0.054179370403289795,9.450148354517296e-05,1.2719497680664062,0.0,0.0
942,1.477514386177063,0.646739661693573,25.662181854248047,7.727108478546143,0.4006221294403076,40.48505783081055,1.0965712070465088,1.095971941947937,49.86,0.871552586555481,0.00850608665496111,0.064121313393116,13.118705749511719,0.0,0.0,0.3327251076698303,1.2201379831822123e-05,0.010525275021791458,0.7018715143203735,0.0,0.0,1.187395453453064,0.31521308422088623,0.022079631686210632,0.42946726083755493,0.02231789566576481,0.792766809463501,0.2683691382408142,0.008722505532205105,0.000951508292928338,0.39873936772346497,1.0,0.0,0.7532390356063843,0.3302273154258728,0.00048052167403511703,0.018273018300533295,0.0,0.0,0.3504492938518524,0.04100066423416138,0.00013098902127239853,1.2760299444198608,0.0,0.0
943,4.315026760101318,0.223384290933609,24.899044036865234,3.6777796745300293,0.5540239214897156,73.51725769042969,1.051236629486084,1.0509248971939087,28.22,1.079235553741455,0.10101325809955597,0.021344196051359177,3.723676919937134,0.0,0.0,0.3187359869480133,9.837658581091091e-05,0.004409216344356537,0.8955013751983643,0.0,0.0,1.1028345823287964,0.4884180426597595,0.01650071144104004,0.21485589444637299,0.011914173141121864,0.36370640993118286,0.28762492537498474,0.018801769241690636,0.0005506593734025955,0.6206977367401123,1.0,0.0,0.8570721745491028,0.21957160532474518,0.0005714438739232719,0.01945885829627514,0.0,0.0,0.3455897569656372,0.06119760498404503,6.787073652958497e-05,1.284454345703125,0.0,0.0
944,3.951470136642456,0.22980520129203796,36.4106330871582,6.441514015197754,0.4330558776855469,42.08249282836914,1.1406680345535278,1.1420878171920776,108.98,1.087341547012329,0.06372448056936264,0.021250419318675995,3.996332883834839,0.0,0.0,0.3183768093585968,4.9007387133315206e-05,0.011513564735651016,0.8952131867408752,0.0,0.0,1.1014212369918823,0.2435433268547058,0.020326757803559303,0.338099867105484,0.019662095233798027,0.6347223520278931,0.2759495973587036,0.010570741258561611,0.0009292328031733632,0.4223545789718628,1.0,0.0,0.686242401599884,0.4335160553455353,0.00042405095882713795,0.01655087061226368,0.0,0.0,0.3489104211330414,0.03682960942387581,0.00026960077229887247,1.2297310829162598,0.0,0.0
945,5.097116470336914,0.6625586748123169,34.7413444519043,4.61471700668335,0.7478115558624268,42.419864654541016,1.2516248226165771,1.2516827583312988,3.7,0.997054934501648,0.003257966600358486,0.05363352224230766,15.348217010498047,0.0,0.0,0.299227237701416,8.551727432859479e-07,0.00224270555190742,0.6820423603057861,0.0,0.0,1.0172573328018188,0.4971657991409302,0.013206624425947666,0.16314759850502014,0.009301708079874516,0.2839992642402649,0.30703404545783997,0.028201377019286156,0.0004851251724176109,0.8252311944961548,1.0,0.0,0.9118727445602417,0.20855756103992462,0.0005614242400042713,0.019517339766025543,0.0,0.0,0.3389524221420288,0.06039106845855713,0.0001240813871845603,1.2397207021713257,0.0,0.0
946,5.4109344482421875,0.6836630702018738,34.43964385986328,4.794128894805908,0.43870577216148376,41.2093391418457,1.0772442817687988,1.076768159866333,41.05,1.0003770589828491,0.005349347833544016,0.04184545576572418,14.965507507324219,0.0,0.0,0.31446656584739685,9.155391467174923e-07,0.007476632948964834,0.6930299401283264,0.0,0.0,1.142814040184021,0.34060773253440857,0.01844269223511219,0.2805172801017761,0.016237223520874977,0.5042611956596375,0.27683180570602417,0.011903773061931133,0.0007780554005876184,0.4661683142185211,1.0,0.0,0.7575336694717407,0.3468140661716461,0.0004676191892940551,0.017906002700328827,0.0,0.0,0.3493005037307739,0.04128706827759743,0.0002484454307705164,1.2377341985702515,0.0,0.0
947,2.0622026920318604,0.041222065687179565,36.661651611328125,6.103864669799805,0.4211004972457886,58.64521408081055,1.160596489906311,1.1611710786819458,42.64,0.9219895005226135,0.13620364665985107,0.01632416620850563,1.3813164234161377,0.0,0.0,0.38561928272247314,0.00021809250756632537,0.008366754278540611,0.9963776469230652,0.0,0.0,1.0833055973052979,0.3267141878604889,0.020425627008080482,0.32977327704429626,0.018963061273097992,0.6181744933128357,0.2744278013706207,0.010636703111231327,0.0009021226433105767,0.4226321578025818,1.0,0.0,0.715473473072052,0.33934515714645386,0.00047825381625443697,0.017344120889902115,0.0,0.0,0.35020118951797485,0.04702655225992203,0.00010980049410136417,1.2816393375396729,0.0,0.0
948,3.681525707244873,0.488756388425827,37.33893966674805,8.48648452758789,0.4894469976425171,50.12940979003906,1.2288920879364014,1.2272874116897583,106.4,1.0736840963363647,0.02046063356101513,0.03755292668938637,8.866311073303223,0.0,0.0,0.30183541774749756,8.752591611482785e-07,0.00795886293053627,0.7524720430374146,0.0,0.0,1.1388601064682007,0.2748991549015045,0.021754629909992218,0.3801385462284088,0.02218593843281269,0.7304814457893372,0.28045353293418884,0.012072274461388588,0.0010268738260492682,0.4356480538845062,1.0,0.0,0.745712399482727,0.3582232892513275,0.000464271375676617,0.017672261223196983,0.0,0.0,0.3459673821926117,0.040152937173843384,0.00021534135157708079,1.2477543354034424,0.0,0.0
949,2.093125104904175,0.920829713344574,24.709110260009766,3.6407546997070312,0.6471152901649475,53.23038101196289,1.1124846935272217,1.1142942905426025,145.98,0.708829402923584,0.022213300690054893,0.09559652954339981,22.501428604125977,0.0,0.0,0.36401990056037903,5.603293175227009e-05,0.0018284296384081244,0.584326446056366,0.0,0.0,0.9964163899421692,0.6058396697044373,0.01489992719143629,0.18028543889522552,0.010148592293262482,0.3033774793148041,0.29637381434440613,0.024561794474720955,0.0004712945956271142,0.7317359447479248,1.0,0.0,0.9791039824485779,0.14826202392578125,0.0006504818447865546,0.02129831723868847,0.0,0.0,0.3437781035900116,0.0725013017654419,3.919953087461181e-05,1.2904595136642456,0.0,0.0
950,4.3219380378723145,0.04755547270178795,31.656692504882812,3.290269374847412,0.5889282822608948,50.429073333740234,1.1310155391693115,1.132568359375,121.22,1.0395026206970215,0.19719891250133514,0.011362792924046516,1.2824970483779907,0.0,0.0,0.3553280830383301,0.00017596082761883736,0.005450672935694456,0.9939269423484802,0.0,0.0,1.028249740600586,0.4588988721370697,0.015781421214342117,0.1815585047006607,0.010854964144527912,0.3071596622467041,0.29353418946266174,0.021320266649127007,0.0005235582357272506,0.6630284190177917,1.0,0.0,0.799315333366394,0.25058239698410034,0.0005352424923330545,0.01821097359061241,0.0,0.0,0.34550246596336365,0.06143585219979286,8.632407843833789e-05,1.2751868963241577,0.0,0.0
951,2.994572162628174,0.6613366603851318,40.309181213378906,8.104323387145996,0.5016170144081116,57.09724426269531,1.2503972053527832,1.249987006187439,26.24,0.9466066956520081,0.008009463548660278,0.05545100197196007,13.690634727478027,0.0,0.0,0.31691884994506836,9.94896709016757e-07,0.004454344976693392,0.6795116662979126,0.0,0.0,1.1113526821136475,0.3260459899902344,0.02124691568315029,0.35628658533096313,0.021381907165050507,0.6848374605178833,0.28188708424568176,0.012749181129038334,0.0010098284110426903,0.44969576597213745,1.0,0.0,0.7840164303779602,0.3135976791381836,0.0004933473537676036,0.018375609070062637,0.0,0.0,0.3456312119960785,0.0436466783285141,0.00016193027840927243,1.2578517198562622,0.0,0.0
952,4.3783278465271,0.7042114734649658,30.32249641418457,5.815628528594971,0.5137512683868408,50.01051330566406,1.1394529342651367,1.1383545398712158,84.68,0.9796161651611328,0.0075316047295928,0.04693237692117691,15.635123252868652,0.0,0.0,0.3160223960876465,1.0191930641667568e-06,0.0048347171396017075,0.6690495014190674,0.0,0.0,1.1422438621520996,0.4208095669746399,0.019017674028873444,0.2994979918003082,0.01680726557970047,0.5453090667724609,0.2831839323043823,0.015149835497140884,0.000776743283495307,0.5201416015625,1.0,0.0,0.8355905413627625,0.25445812940597534,0.0005393378087319434,0.019326891750097275,0.0,0.0,0.3465695381164551,0.051566533744335175,0.00010505587852094322,1.2732301950454712,0.0,0.0
953,2.665458917617798,0.5040493607521057,34.5505485534668,2.215106248855591,0.7970008254051208,44.6313591003418,1.0926283597946167,1.0932344198226929,50.74,0.9908623695373535,0.023845313116908073,0.06803896278142929,9.095691680908203,0.0,0.0,0.31128934025764465,6.90371380187571e-05,0.0017587196780368686,0.7389787435531616,0.0,0.0,0.9726753830909729,0.49797677993774414,0.009922708384692669,0.09444189071655273,0.004167845007032156,0.13677357137203217,0.31189441680908203,0.03436434268951416,0.0002130138163920492,0.9854786992073059,1.0,0.0,0.9990050196647644,0.14254958927631378,0.0006338083767332137,0.020472778007388115,0.0,0.0,0.33871716260910034,0.08334419131278992,7.122397801140323e-05,1.2567991018295288,0.0,0.0
954,2.4650652408599854,0.589249849319458,38.097713470458984,1.927361249923706,0.5831743478775024,48.01567459106445,1.0633724927902222,1.0683037042617798,434.08,0.8835517168045044,0.008368845097720623,0.07059557735919952,12.65882682800293,0.0,0.0,0.32003557682037354,5.1939397962996736e-05,0.0025853710249066353,0.7201654314994812,0.0,0.0,1.0185606479644775,0.5278019309043884,0.014007114805281162,0.13543327152729034,0.008283617906272411,0.20935487747192383,0.2937910258769989,0.021386433392763138,0.0004081446095369756,0.7014248371124268,1.0,0.0,0.8931772112846375,0.22132223844528198,0.0005705324001610279,0.019759396091103554,0.0,0.0,0.34540656208992004,0.059913765639066696,0.00011771057324949652,1.2505614757537842,0.0,0.0
955,4.028905868530273,0.5794776082038879,28.99528694152832,2.0935773849487305,0.7329984903335571,49.25523376464844,1.0321993827819824,1.035955786705017,351.29,1.0535885095596313,0.013319775462150574,0.05307833105325699,11.40317153930664,0.0,0.0,0.3010585606098175,2.0028553990414366e-05,0.0019076772732660174,0.713958203792572,0.0,0.0,1.0317981243133545,0.550229012966156,0.01153950672596693,0.10471214354038239,0.005624419078230858,0.15563975274562836,0.30601707100868225,0.030026108026504517,0.0002843453548848629,0.8940248489379883,1.0,0.0,1.0062474012374878,0.1386442631483078,0.0006614139419980347,0.021095536649227142,0.0,0.0,0.3418620824813843,0.08865878731012344,4.332948083174415e-05,1.2824437618255615,0.0,0.0
956,3.0355825424194336,0.8371230959892273,25.24069595336914,6.429543495178223,0.5918925404548645,44.55018615722656,1.1584103107452393,1.1594793796539307,79.59,0.826638400554657,0.011545779183506966,0.06837192922830582,20.227195739746094,0.0,0.0,0.3419383466243744,2.5344248570036143e-05,0.0038140069227665663,0.612176239490509,0.0,0.0,1.0602861642837524,0.4627246558666229,0.018310673534870148,0.29318150877952576,0.01599486730992794,0.5327149033546448,0.2893701195716858,0.018957018852233887,0.0007159904926083982,0.5960503816604614,1.0,0.0,0.8671978116035461,0.2211851328611374,0.0005600355798378587,0.01966678351163864,0.0,0.0,0.3444598913192749,0.05489872768521309,8.405961852986366e-05,1.2764931917190552,0.0,0.0
957,1.2372936010360718,0.6521990895271301,24.791345596313477,6.4701828956604,0.5362892150878906,40.50621032714844,1.1496831178665161,1.149566888809204,8.79,0.8291121125221252,0.006775150541216135,0.07866128534078598,13.470093727111816,0.0,0.0,0.3332214951515198,4.202972922939807e-05,0.006079305429011583,0.6869630217552185,0.0,0.0,1.0871315002441406,0.41384878754615784,0.01940717175602913,0.31991368532180786,0.017556598410010338,0.5788120031356812,0.2840508222579956,0.016154641285538673,0.0007744368049316108,0.535427451133728,1.0,0.0,0.8206616044044495,0.25680410861968994,0.0005265056970529258,0.019018949940800667,0.0,0.0,0.34635889530181885,0.04928812384605408,0.0001125852286349982,1.2729734182357788,0.0,0.0
958,2.5535809993743896,0.24102944135665894,27.56062889099121,3.0382559299468994,0.7588677406311035,50.940670013427734,1.136938452720642,1.1379493474960327,78.14,0.9966350793838501,0.11104237288236618,0.04087693244218826,3.9266369342803955,0.0,0.0,0.3406853973865509,0.00016846161452122033,0.002347431145608425,0.8751518726348877,0.0,0.0,0.9793734550476074,0.5363836884498596,0.011920267716050148,0.12264616787433624,0.006429166533052921,0.19721221923828125,0.30789753794670105,0.031954068690538406,0.0003246238047722727,0.8989960551261902,1.0,0.0,0.9678699970245361,0.1388954222202301,0.0006480609299615026,0.02042684331536293,0.0,0.0,0.3413333296775818,0.08854639530181885,3.556947922334075e-05,1.2896679639816284,0.0,0.0
959,4.417433261871338,0.8456158638000488,21.98663902282715,5.529188632965088,0.648017406463623,42.958900451660156,1.0913981199264526,1.0902873277664185,93.35,0.8787583708763123,0.010962686501443386,0.05630844086408615,19.703201293945312,0.0,0.0,0.33613499999046326,1.6203508494072594e-05,0.002794570755213499,0.6115930676460266,0.0,0.0,1.0623592138290405,0.5239447355270386,0.016080744564533234,0.2456495314836502,0.01284987572580576,0.4345371425151825,0.29337239265441895,0.02186531573534012,0.0005788013222627342,0.6900196075439453,1.0,0.0,0.9123822450637817,0.19398893415927887,0.000589338131248951,0.020293161273002625,0.0,0.0,0.34343835711479187,0.06124058738350868,6.590891280211508e-05,1.2805272340774536,0.0,0.0
960,5.718051910400391,0.4853350520133972,35.53858947753906,2.725451946258545,0.6682883501052856,52.399681091308594,1.1296801567077637,1.130066156387329,30.24,1.1226880550384521,0.022997761145234108,0.03660726547241211,10.125436782836914,0.0,0.0,0.28892648220062256,9.357118528896535e-07,0.0024157785810530186,0.768689751625061,0.0,0.0,1.0728082656860352,0.5788763165473938,0.013557092286646366,0.1411687731742859,0.008383865468204021,0.2305269092321396,0.3008742034435272,0.025246499106287956,0.0004182009433861822,0.778753936290741,1.0,0.0,0.9155384302139282,0.19721461832523346,0.0005943150026723742,0.019925298169255257,0.0,0.0,0.34252890944480896,0.06918077170848846,7.898315379861742e-05,1.2688640356063843,0.0,0.0
961,2.1148931980133057,0.8712942600250244,22.150463104248047,5.6974639892578125,0.5186153054237366,55.153480529785156,1.076137900352478,1.0745974779129028,133.21,0.7645640969276428,0.01056405808776617,0.07961324602365494,20.193803787231445,0.0,0.0,0.3575102984905243,2.922903331636917e-05,0.003330906620249152,0.614148736000061,0.0,0.0,1.0980334281921387,0.521882951259613,0.018791237846016884,0.30724599957466125,0.01633787713944912,0.5480149984359741,0.28089794516563416,0.015741052106022835,0.0007000742480158806,0.5431593656539917,1.0,0.0,0.8804214596748352,0.2064654678106308,0.0005771081196144223,0.020138666033744812,0.0,0.0,0.3461940586566925,0.05572384595870972,5.947162935626693e-05,1.2898879051208496,0.0,0.0
962,2.4767282009124756,0.4510684907436371,31.806711196899414,1.8407820463180542,0.7019084692001343,43.00864028930664,1.0398457050323486,1.0395511388778687,27.25,0.9464384317398071,0.036579687148332596,0.06322415173053741,8.5579833984375,0.0,0.0,0.3181368112564087,9.405254968442023e-05,0.002376041142269969,0.7696847915649414,0.0,0.0,0.9993082880973816,0.571276843547821,0.012080609798431396,0.10761170834302902,0.005827547051012516,0.1560593843460083,0.3041515052318573,0.028786566108465195,0.00028676920919679105,0.8582835793495178,1.0,0.0,0.9590427875518799,0.16686545312404633,0.0006184261874295771,0.020449668169021606,0.0,0.0,0.342251718044281,0.07293445616960526,8.014187187654898e-05,1.2604546546936035,0.0,0.0
963,1.4888862371444702,0.260108083486557,35.963260650634766,6.079592227935791,0.4473353922367096,43.72694778442383,1.166504144668579,1.1643520593643188,158.45,0.896529495716095,0.0544428713619709,0.043069466948509216,4.477067470550537,0.0,0.0,0.34883373975753784,0.0001166438523796387,0.009338264353573322,0.8745993971824646,0.0,0.0,1.0620988607406616,0.2820943593978882,0.020014464855194092,0.32016608119010925,0.018806206062436104,0.5893633961677551,0.27755334973335266,0.011670161969959736,0.0008937648381106555,0.44168880581855774,1.0,0.0,0.7232239842414856,0.36867818236351013,0.00045577515265904367,0.01735825091600418,0.0,0.0,0.3491804599761963,0.0393332913517952,0.000230175704928115,1.2431453466415405,0.0,0.0
964,1.0411320924758911,0.7931103706359863,23.068927764892578,6.808516502380371,0.6145467162132263,45.61176681518555,1.1818044185638428,1.1819227933883667,8.47,0.7407462000846863,0.007432358805090189,0.0971340462565422,17.986448287963867,0.0,0.0,0.3486965596675873,5.497800520970486e-05,0.003457385115325451,0.6263673305511475,0.0,0.0,1.0434679985046387,0.5233749747276306,0.018361540511250496,0.2967298924922943,0.01611938513815403,0.5336392521858215,0.29120227694511414,0.02054555155336857,0.000711154832970351,0.6153826713562012,1.0,0.0,0.8881317377090454,0.19937804341316223,0.000576394668314606,0.02000780962407589,0.0,0.0,0.3439798653125763,0.05693685635924339,6.82934041833505e-05,1.2832425832748413,0.0,0.0
965,5.311657428741455,0.7362051010131836,24.191787719726562,3.3436498641967773,0.6653848886489868,58.39920425415039,1.042301058769226,1.0413762331008911,85.2,0.982008159160614,0.004630117677152157,0.04913334175944328,17.43328094482422,0.0,0.0,0.31296685338020325,1.0385219866293482e-06,0.002007419941946864,0.6545262932777405,0.0,0.0,1.0902931690216064,0.5945832133293152,0.01397585030645132,0.16573460400104523,0.009197340346872807,0.2740686535835266,0.29723021388053894,0.024485677480697632,0.0004378784215077758,0.7657225131988525,1.0,0.0,0.9780650734901428,0.1543872207403183,0.0006453152745962143,0.02113359235227108,0.0,0.0,0.3434167206287384,0.07751674205064774,3.83319056709297e-05,1.2912648916244507,0.0,0.0
966,2.8532238006591797,0.21309910714626312,27.58850860595703,6.311933994293213,0.5679847598075867,55.02568435668945,1.1821458339691162,1.1825605630874634,29.67,1.0093966722488403,0.08961222320795059,0.028340928256511688,3.4690756797790527,0.0,0.0,0.33466193079948425,0.00011792359146056697,0.005689443089067936,0.8902066349983215,0.0,0.0,1.0821212530136108,0.424285352230072,0.01902281492948532,0.2958296537399292,0.01637418195605278,0.5397947430610657,0.28847548365592957,0.018278922885656357,0.000743857875932008,0.5676624774932861,1.0,0.0,0.8128877282142639,0.24266670644283295,0.0005418596556410193,0.01872861571609974,0.0,0.0,0.3450296223163605,0.0568772628903389,6.942227628314868e-05,1.286375880241394,0.0,0.0
967,2.2028212547302246,0.3741797208786011,33.62177276611328,5.72314453125,0.5443630218505859,42.90994644165039,1.2040005922317505,1.202991247177124,69.69,0.9424524903297424,0.03649882227182388,0.04923369735479355,6.789479732513428,0.0,0.0,0.32422080636024475,7.232251664390787e-05,0.006701658479869366,0.8085870146751404,0.0,0.0,1.0454578399658203,0.34335076808929443,0.018617743626236916,0.2761351764202118,0.01629508286714554,0.5008964538574219,0.2876870632171631,0.016938086599111557,0.0007741774898022413,0.5440481305122375,1.0,0.0,0.7841969728469849,0.2985987067222595,0.0004955389886163175,0.018146568909287453,0.0,0.0,0.3456146717071533,0.04590548947453499,0.0001776530989445746,1.2466996908187866,0.0,0.0
968,1.0113626718521118,0.9244840741157532,36.934776306152344,5.325570106506348,0.6046291589736938,48.61137008666992,1.2618056535720825,1.2622569799423218,28.34,0.627422034740448,0.017631566151976585,0.11615435034036636,22.553783416748047,0.0,0.0,0.3744543790817261,7.159645610954612e-05,0.002100011333823204,0.5741873979568481,0.0,0.0,0.9536540508270264,0.4833527207374573,0.01737266778945923,0.2364214062690735,0.014333262108266354,0.42776620388031006,0.29431989789009094,0.020769359543919563,0.0006842365837655962,0.6191810369491577,1.0,0.0,0.8786339163780212,0.21533000469207764,0.0005570360226556659,0.019674472510814667,0.0,0.0,0.34371864795684814,0.05230160430073738,0.0001180530889541842,1.2550963163375854,0.0,0.0
969,1.197348713874817,0.3053935170173645,21.44731330871582,4.453677654266357,0.6748956441879272,57.322940826416016,1.133092999458313,1.1320329904556274,82.64,0.9220489859580994,0.07156240195035934,0.05632238835096359,4.085875988006592,0.0,0.0,0.34960633516311646,0.0001742532622301951,0.002652925904840231,0.844804048538208,0.0,0.0,1.0239968299865723,0.584453821182251,0.015145819634199142,0.19914770126342773,0.010609903372824192,0.3418717086315155,0.2977151870727539,0.025750210508704185,0.00047824796638451517,0.7469615340232849,1.0,0.0,0.9218814373016357,0.16663327813148499,0.0006131281261332333,0.020234279334545135,0.0,0.0,0.34285393357276917,0.06921040266752243,4.451802305993624e-05,1.2925385236740112,0.0,0.0
970,5.929140090942383,0.8112543225288391,29.72331428527832,6.921439170837402,0.40572473406791687,50.21578598022461,1.0688433647155762,1.0685535669326782,25.37,0.9502755999565125,0.010561959818005562,0.036335598677396774,17.227352142333984,0.0,0.0,0.33982810378074646,3.0010221962584183e-05,0.007913313806056976,0.6359120011329651,0.0,0.0,1.1776195764541626,0.3488764762878418,0.020979339256882668,0.3917319178581238,0.020386939868330956,0.726864218711853,0.26947835087776184,0.009237179532647133,0.0008985503227449954,0.4128492474555969,1.0,0.0,0.793026328086853,0.29010701179504395,0.0005068893660791218,0.01892824098467827,0.0,0.0,0.34960925579071045,0.04496704414486885,0.00012397013779263943,1.2763768434524536,0.0,0.0
971,1.3882219791412354,0.037647634744644165,43.64316940307617,2.662632465362549,0.7243239283561707,53.857303619384766,1.2143621444702148,1.2138134241104126,37.23,0.9297968745231628,0.21409229934215546,0.03019830957055092,0.6541709899902344,0.0,0.0,0.41291776299476624,0.0003088447265326977,0.001070636324584484,0.9865660667419434,0.0,0.0,0.9553253054618835,0.5462677478790283,0.012093438766896725,0.1354280561208725,0.006597414612770081,0.2142307311296463,0.3032352030277252,0.03022300824522972,0.0002708562242332846,0.8689312934875488,1.0,0.0,0.8974368572235107,0.1791655570268631,0.0005683876224793494,0.019182533025741577,0.0,0.0,0.3394777178764343,0.06399792432785034,0.00011291313421679661,1.2547760009765625,0.0,0.0
972,4.769317626953125,0.06986761838197708,26.916513442993164,9.72463607788086,0.4017263948917389,51.645057678222656,1.1240628957748413,1.1253608465194702,102.61,1.1805537939071655,0.1403125375509262,0.005514290649443865,3.266134262084961,0.0,0.0,0.3298170566558838,6.606764509342611e-05,0.01496601477265358,0.96622234582901,0.0,0.0,1.2188786268234253,0.2612059712409973,0.023925509303808212,0.5106655359268188,0.025293592363595963,0.9560004472732544,0.2676597833633423,0.00809815526008606,0.0010368390940129757,0.3858568072319031,1.0,0.0,0.6920835971832275,0.3628067076206207,0.00045065610902383924,0.016938602551817894,0.0,0.0,0.34883955121040344,0.04232223704457283,0.00010991910676239058,1.2829197645187378,0.0,0.0
973,4.818619728088379,0.9771524667739868,24.091020584106445,4.468099117279053,0.6461412310600281,51.431941986083984,1.08518648147583,1.084369421005249,69.43,0.7776618003845215,0.029898446053266525,0.05844291299581528,24.71878433227539,0.0,0.0,0.3701821565628052,5.4926276789046824e-05,0.0019498184556141496,0.5678049921989441,0.0,0.0,1.0235804319381714,0.6002006530761719,0.015430367551743984,0.2094310224056244,0.01131328847259283,0.3651336431503296,0.2944217026233673,0.022847400978207588,0.0005202062311582267,0.7108092308044434,1.0,0.0,0.9495433568954468,0.16583023965358734,0.0006251749000512064,0.020871063694357872,0.0,0.0,0.3435491621494293,0.06758005172014236,4.710066787083633e-05,1.2874218225479126,0.0,0.0
974,4.822117328643799,0.8703488707542419,35.63844299316406,5.5958075523376465,0.6182039976119995,56.38552474975586,1.2337987422943115,1.2317228317260742,136.6,0.8714746832847595,0.014646249823272228,0.05351519584655762,20.473180770874023,0.0,0.0,0.3417645990848541,1.448994498787215e-05,0.002340025035664439,0.6042706966400146,0.0,0.0,1.0332542657852173,0.4950524568557739,0.017303097993135452,0.24160565435886383,0.01426415890455246,0.44188958406448364,0.29457059502601624,0.020904328674077988,0.0006843018927611411,0.631589412689209,1.0,0.0,0.8878315687179565,0.2125587910413742,0.0005745150847360492,0.019823895767331123,0.0,0.0,0.3429314196109772,0.0582878515124321,8.380320650758222e-05,1.272102952003479,0.0,0.0
975,3.895677328109741,0.08977060765028,27.968080520629883,9.385024070739746,0.5958767533302307,53.37057113647461,1.2392629384994507,1.2380900382995605,76.44,1.0928621292114258,0.1410864293575287,0.013457090593874454,2.3420894145965576,0.0,0.0,0.34090280532836914,0.00010906005627475679,0.008215238340198994,0.9547265768051147,0.0,0.0,1.0796242952346802,0.37221720814704895,0.02103075198829174,0.3690612018108368,0.020064588636159897,0.6896365284919739,0.2902514934539795,0.01843073219060898,0.0008744218503125012,0.5465835332870483,1.0,0.0,0.7665954232215881,0.2669922113418579,0.0005049266037531197,0.01775990054011345,0.0,0.0,0.3435240387916565,0.05289402976632118,9.342717385152355e-05,1.2800438404083252,0.0,0.0
976,2.3329994678497314,0.9186348915100098,37.88188171386719,6.84580659866333,0.431924432516098,56.696353912353516,1.1778324842453003,1.1771464347839355,49.48,0.7298648953437805,0.01348591223359108,0.07443272322416306,21.522428512573242,0.0,0.0,0.3712596297264099,3.0833747587166727e-05,0.003935130313038826,0.6029933094978333,0.0,0.0,1.0736489295959473,0.37368157505989075,0.020993752405047417,0.3512750566005707,0.020411474630236626,0.6638763546943665,0.2754657566547394,0.010562102310359478,0.0009619842749089003,0.41603174805641174,1.0,0.0,0.8002501130104065,0.28355467319488525,0.000516249448992312,0.019016258418560028,0.0,0.0,0.34940412640571594,0.045153480023145676,0.0001217799072037451,1.2722618579864502,0.0,0.0
977,1.3173731565475464,0.18987134099006653,22.516258239746094,6.823671817779541,0.43161439895629883,48.65264892578125,1.072383999824524,1.0729023218154907,45.05,0.9622800350189209,0.08173583447933197,0.03243134543299675,2.8353943824768066,0.0,0.0,0.35938555002212524,0.00013698839757125825,0.010213603265583515,0.9130914807319641,0.0,0.0,1.1684417724609375,0.345651239156723,0.02116312086582184,0.3862004578113556,0.01975908689200878,0.7048618793487549,0.27146852016448975,0.010922019369900227,0.0008239145390689373,0.4443431794643402,1.0,0.0,0.7471878528594971,0.3061080276966095,0.0004915587487630546,0.018019627779722214,0.0,0.0,0.3488011062145233,0.04532045125961304,9.156580199487507e-05,1.2892667055130005,0.0,0.0
978,1.6895992755889893,0.4618213176727295,32.59269714355469,4.920141696929932,0.5571756958961487,58.76340103149414,1.194056749343872,1.1937379837036133,22.36,0.8911635875701904,0.022559087723493576,0.06306348741054535,8.801384925842285,0.0,0.0,0.32755327224731445,8.703327330294997e-05,0.0027714851312339306,0.7684636116027832,0.0,0.0,1.062909722328186,0.496126264333725,0.01775767095386982,0.24606464803218842,0.014452322386205196,0.4460518956184387,0.2890147864818573,0.018374823033809662,0.00069044268457219,0.5820239782333374,1.0,0.0,0.8704411387443542,0.21775127947330475,0.0005813598982058465,0.019808445125818253,0.0,0.0,0.3458400368690491,0.061085738241672516,5.531490023713559e-05,1.288739562034607,0.0,0.0
979,5.029729843139648,0.7586032748222351,39.26734161376953,3.1354129314422607,0.616611123085022,44.41874313354492,1.1547154188156128,1.1543247699737549,29.31,0.9311140775680542,0.0035185168962925673,0.05500468611717224,18.071075439453125,0.0,0.0,0.3179023861885071,9.298140071223315e-07,0.00269668223336339,0.6546919941902161,0.0,0.0,1.0184533596038818,0.4482289254665375,0.014570043422281742,0.1673136204481125,0.010231719352304935,0.2831650972366333,0.2959512174129486,0.021635951474308968,0.0005085692973807454,0.697023868560791,1.0,0.0,0.8501267433166504,0.2600018084049225,0.0005181513843126595,0.018745020031929016,0.0,0.0,0.34269067645072937,0.051213931292295456,0.00018229462148156017,1.2258906364440918,0.0,0.0
980,2.0784101486206055,0.43588918447494507,32.60926818847656,9.653528213500977,0.4171282649040222,40.13207244873047,1.1791731119155884,1.178493618965149,48.9,0.9705798625946045,0.02566366270184517,0.04392922297120094,8.483379364013672,0.0,0.0,0.3187011778354645,2.2003936464898288e-05,0.012417488731443882,0.7764269709587097,0.0,0.0,1.136001706123352,0.22588637471199036,0.023504283279180527,0.46877264976501465,0.025932898744940758,0.8967010378837585,0.27119943499565125,0.008303736336529255,0.0011371837463229895,0.3703490197658539,1.0,0.0,0.6920490264892578,0.4241904318332672,0.00042590362136252224,0.016891103237867355,0.0,0.0,0.34901946783065796,0.03456525504589081,0.00022598142095375806,1.2445052862167358,0.0,0.0
981,2.604832887649536,0.24813960492610931,21.341703414916992,8.72057056427002,0.48890092968940735,56.34663772583008,1.1002094745635986,1.0970396995544434,262.62,1.0589804649353027,0.07102498412132263,0.02702871896326542,4.046087741851807,0.0,0.0,0.3266575336456299,7.149946759454906e-05,0.008391502313315868,0.8738842606544495,0.0,0.0,1.1799145936965942,0.33175063133239746,0.02200288139283657,0.43530240654945374,0.021600894629955292,0.8078863620758057,0.2757588028907776,0.012479379773139954,0.0008717179298400879,0.4725869596004486,1.0,0.0,0.7649381756782532,0.29115116596221924,0.000498872366733849,0.018113452941179276,0.0,0.0,0.3459034860134125,0.04722853749990463,9.055438567884266e-05,1.288235068321228,0.0,0.0
982,5.501925468444824,0.05696244537830353,17.04465103149414,8.86784839630127,0.550338089466095,48.0072021484375,1.0136293172836304,1.0129923820495605,62.03,1.2023016214370728,0.1718764454126358,0.010600419715046883,2.192108392715454,0.0,0.0,0.32678571343421936,6.269276491366327e-05,0.0111794238910079,0.9847541451454163,0.0,0.0,1.2009918689727783,0.33682164549827576,0.020798254758119583,0.42394906282424927,0.019504889845848083,0.7641029953956604,0.28007131814956665,0.01483639795333147,0.000731430365704,0.5506210923194885,1.0,0.0,0.728831946849823,0.30260583758354187,0.0004702397854998708,0.01723480597138405,0.0,0.0,0.3449380397796631,0.04690111428499222,9.882151789497584e-05,1.287139892578125,0.0,0.0
983,2.9880104064941406,0.967248260974884,20.10584831237793,7.663815498352051,0.7199497222900391,52.49409866333008,1.1569924354553223,1.1574077606201172,31.01,0.7389101982116699,0.029405871406197548,0.07846536487340927,22.82524871826172,0.0,0.0,0.36844292283058167,5.917524322285317e-05,0.001634886022657156,0.5694722533226013,0.0,0.0,1.0013365745544434,0.5561192631721497,0.01606929861009121,0.265438973903656,0.013520264066755772,0.4803297817707062,0.29909226298332214,0.025769364088773727,0.0005995293031446636,0.7370795607566833,1.0,0.0,0.9602575898170471,0.15565210580825806,0.0006259602960199118,0.020943334326148033,0.0,0.0,0.3413831889629364,0.06600257009267807,4.501722287386656e-05,1.2880644798278809,0.0,0.0
984,1.872780203819275,0.4650467038154602,22.140668869018555,7.9569783210754395,0.6105439066886902,41.452796936035156,1.1737502813339233,1.1734453439712524,22.14,0.9430594444274902,0.0256112702190876,0.05696822330355644,8.489958763122559,0.0,0.0,0.31873223185539246,5.2277329814387485e-05,0.005712941754609346,0.762024462223053,0.0,0.0,1.0879993438720703,0.4040798842906952,0.019269485026597977,0.33421966433525085,0.017646903172135353,0.6108906865119934,0.28981152176856995,0.01920049451291561,0.0007614674395881593,0.5936645269393921,1.0,0.0,0.8205018043518066,0.2480434775352478,0.000527828698977828,0.01879417523741722,0.0,0.0,0.3437642753124237,0.051473818719387054,0.00010099244536831975,1.2762752771377563,0.0,0.0
985,1.3042539358139038,0.9885199666023254,24.39744758605957,9.265503883361816,0.44446444511413574,46.03525924682617,1.131329894065857,1.127536416053772,297.38,0.6438313126564026,0.022872794419527054,0.08578015118837357,22.980287551879883,0.0,0.0,0.3954359292984009,7.73554274928756e-05,0.006483310367912054,0.5750347971916199,0.0,0.0,1.1036710739135742,0.39085838198661804,0.0232742577791214,0.4718932807445526,0.02409619651734829,0.8752286434173584,0.2715185582637787,0.0104512395337224,0.0009742259280756116,0.41969600319862366,1.0,0.0,0.7997663617134094,0.25517576932907104,0.0005169085343368351,0.019032906740903854,0.0,0.0,0.34847068786621094,0.04461894929409027,8.490152686135843e-05,1.2890589237213135,0.0,0.0
986,5.992785453796387,0.24362675845623016,44.302738189697266,7.822658061981201,0.540421724319458,47.043819427490234,1.2508188486099243,1.2495487928390503,81.26,1.1374531984329224,0.05688990280032158,0.023663677275180817,4.503269672393799,0.0,0.0,0.29531949758529663,8.61963508214103e-06,0.010708539746701717,0.8913799524307251,0.0,0.0,1.0500247478485107,0.20335666835308075,0.02009434811770916,0.32126113772392273,0.020103324204683304,0.6189824342727661,0.2860288619995117,0.014088505879044533,0.0009671222069300711,0.4865179657936096,1.0,0.0,0.6826537847518921,0.45450350642204285,0.0003999520849902183,0.015950843691825867,0.0,0.0,0.3424113988876343,0.033056676387786865,0.00037733992212451994,1.195458173751831,0.0,0.0
987,4.673191070556641,0.392555832862854,26.63493537902832,7.5527520179748535,0.592970609664917,75.28384399414062,1.1798436641693115,1.1793948411941528,32.25,1.1117322444915771,0.03711552172899246,0.030328214168548584,7.0880351066589355,0.0,0.0,0.29503852128982544,1.702021290839184e-05,0.0036979455035179853,0.8093189597129822,0.0,0.0,1.125049114227295,0.41307902336120605,0.01922622323036194,0.3256927728652954,0.01738734170794487,0.6052342057228088,0.289685994386673,0.018329119309782982,0.0007791101816110313,0.5759381055831909,1.0,0.0,0.8457544445991516,0.2348289042711258,0.0005552720976993442,0.019268805161118507,0.0,0.0,0.34365129470825195,0.056818559765815735,7.12730034138076e-05,1.2836161851882935,0.0,0.0
988,5.986557483673096,0.34715524315834045,34.43890380859375,4.004448413848877,0.605625569820404,55.454097747802734,1.1667779684066772,1.1655837297439575,87.81,1.1578948497772217,0.05148869380354881,0.02651241049170494,6.3684468269348145,0.0,0.0,0.290961891412735,1.6569250874454156e-05,0.004075298551470041,0.8351718187332153,0.0,0.0,1.0895355939865112,0.45643123984336853,0.01609925925731659,0.19901826977729797,0.011878945864737034,0.34934908151626587,0.2945847511291504,0.02098744921386242,0.0005840702797286212,0.6598907113075256,1.0,0.0,0.8599544167518616,0.23303325474262238,0.0005661052418872714,0.01936386711895466,0.0,0.0,0.3442891538143158,0.06147807836532593,8.184841863112524e-05,1.2753543853759766,0.0,0.0
989,1.9993189573287964,0.6043445467948914,16.5980224609375,6.867570877075195,0.6133748888969421,42.343055725097656,1.0505410432815552,1.0493106842041016,111.61,0.9818921089172363,0.009582987055182457,0.061389610171318054,9.92623519897461,0.0,0.0,0.31789907813072205,2.594236320874188e-05,0.005053475499153137,0.7104855179786682,0.0,0.0,1.1366609334945679,0.48686927556991577,0.017920024693012238,0.3140544295310974,0.0157078318297863,0.560150146484375,0.2872070372104645,0.019287005066871643,0.0006412439397536218,0.6330645084381104,1.0,0.0,0.8608176708221436,0.2145863175392151,0.0005506780580617487,0.019494570791721344,0.0,0.0,0.34379684925079346,0.054712504148483276,7.984057447174564e-05,1.284666895866394,0.0,0.0
990,4.281387805938721,0.22772502899169922,37.485774993896484,5.528420925140381,0.5867101550102234,58.054054260253906,1.2402101755142212,1.2397480010986328,30.06,1.0866934061050415,0.08359786868095398,0.021523553878068924,3.6736667156219482,0.0,0.0,0.3156546950340271,7.553457544418052e-05,0.0051142992451786995,0.8894296884536743,0.0,0.0,1.0636870861053467,0.3909187912940979,0.017929447814822197,0.24983742833137512,0.01493391115218401,0.4571636915206909,0.29209104180336,0.01925262250006199,0.0007238753023557365,0.5939990282058716,1.0,0.0,0.805206298828125,0.26684510707855225,0.0005296366289258003,0.018431518226861954,0.0,0.0,0.34402069449424744,0.055532898753881454,9.837826655711979e-05,1.2720741033554077,0.0,0.0
991,2.6660704612731934,0.6133900284767151,39.025691986083984,3.349334955215454,0.7296614646911621,49.96104049682617,1.2365902662277222,1.2385969161987305,131.01,0.9155566692352295,0.008485238999128342,0.0737428292632103,12.859789848327637,0.0,0.0,0.3126162588596344,3.72586291632615e-05,0.001696898485533893,0.6910753846168518,0.0,0.0,0.9851287603378296,0.5572840571403503,0.012627203948795795,0.14241918921470642,0.00792043749243021,0.23750156164169312,0.3057064712047577,0.028634686022996902,0.0003879458818119019,0.8430123329162598,1.0,0.0,0.9378921985626221,0.18653972446918488,0.0005908024031668901,0.019912486895918846,0.0,0.0,0.3393891155719757,0.0668971985578537,9.395981032866985e-05,1.251407504081726,0.0,0.0
992,5.815553665161133,0.28806039690971375,20.658857345581055,7.38584566116333,0.6312523484230042,51.041847229003906,1.0822218656539917,1.0839864015579224,150.41,1.172316074371338,0.06961535662412643,0.024748992174863815,5.109149932861328,0.0,0.0,0.2928571403026581,1.9167144273524173e-05,0.005491536110639572,0.8603872060775757,0.0,0.0,1.1427453756332397,0.409449964761734,0.017995843663811684,0.31377819180488586,0.015729472041130066,0.5679663419723511,0.2911221981048584,0.019799361005425453,0.0006726041901856661,0.63982754945755,1.0,0.0,0.8371317982673645,0.2351093888282776,0.0005460148095153272,0.019099801778793335,0.0,0.0,0.3436131775379181,0.05661624297499657,7.065932732075453e-05,1.2869318723678589,0.0,0.0
993,3.1020455360412598,0.5155730843544006,27.165285110473633,2.1826601028442383,0.6226072311401367,50.068023681640625,1.0193597078323364,1.019934892654419,55.32,0.9711757302284241,0.022618884220719337,0.05506351590156555,10.775740623474121,0.0,0.0,0.31071028113365173,5.2949064411222935e-05,0.0027217452879995108,0.7452670931816101,0.0,0.0,1.05367112159729,0.6317029595375061,0.013884867541491985,0.13574793934822083,0.00809153076261282,0.21111755073070526,0.2958323061466217,0.023587143048644066,0.00039056121022440493,0.7435098886489868,1.0,0.0,0.9477558732032776,0.17245741188526154,0.000631139671895653,0.020738549530506134,0.0,0.0,0.34491226077079773,0.07416615635156631,5.016100112698041e-05,1.2842332124710083,0.0,0.0
994,4.910849571228027,0.011048668064177036,33.12322235107422,3.6325526237487793,0.555220365524292,55.45128631591797,1.144468903541565,1.1440690755844116,30.54,1.0735390186309814,0.221096932888031,0.006586520001292229,0.8425915241241455,0.0,0.0,0.3563213646411896,0.00016878562746569514,0.0066195097751915455,1.0175347328186035,0.0,0.0,1.0462371110916138,0.4358527958393097,0.016690928488969803,0.20223626494407654,0.012110474519431591,0.3500235974788666,0.2903265058994293,0.01929548569023609,0.0005841022939421237,0.6137866377830505,1.0,0.0,0.7690014243125916,0.2718941569328308,0.0005200693267397583,0.017768004909157753,0.0,0.0,0.3464105427265167,0.0603301003575325,8.141859871102497e-05,1.280853509902954,0.0,0.0
995,5.569274425506592,0.8954461812973022,25.49272918701172,2.9029440879821777,0.6615310907363892,71.0343246459961,1.026506781578064,1.0217294692993164,455.5,0.8738696575164795,0.01705852709710598,0.053452882915735245,21.205217361450195,0.0,0.0,0.34639984369277954,1.5675463146180846e-05,0.0013439706526696682,0.6024402976036072,0.0,0.0,1.028898000717163,0.5985886454582214,0.013669183477759361,0.15035471320152283,0.008558304980397224,0.24715453386306763,0.2972395122051239,0.024624181911349297,0.0004082168161403388,0.7734758853912354,1.0,0.0,0.9829384684562683,0.14664600789546967,0.0006517107249237597,0.021058911457657814,0.0,0.0,0.3434043526649475,0.08004392683506012,3.8311372918542475e-05,1.2890616655349731,0.0,0.0
996,1.4193278551101685,0.10273554921150208,30.716699600219727,4.703309059143066,0.5890907645225525,40.23843765258789,1.1958715915679932,1.1947633028030396,77.57,0.9522432088851929,0.12306437641382217,0.032065749168395996,1.3345998525619507,0.0,0.0,0.38540810346603394,0.00021008889598306268,0.007066627964377403,0.9520105719566345,0.0,0.0,1.0137648582458496,0.4193451404571533,0.017220942303538322,0.22981606423854828,0.013433360494673252,0.4020100235939026,0.2923257648944855,0.02074136957526207,0.0006173845031298697,0.6223548650741577,1.0,0.0,0.7450726628303528,0.29186591506004333,0.0004751698870677501,0.017176825553178787,0.0,0.0,0.3449978828430176,0.0478631965816021,0.00018423172878101468,1.2529629468917847,0.0,0.0
997,1.8369505405426025,0.7168511152267456,43.87538528442383,6.600683689117432,0.4749903976917267,53.636539459228516,1.2288949489593506,1.231297492980957,158.78,0.818906843662262,0.0036198196467012167,0.07706146687269211,15.735638618469238,0.0,0.0,0.33479171991348267,4.470150543056661e-06,0.0040863980539143085,0.6669222116470337,0.0,0.0,1.0605318546295166,0.3135991394519806,0.019853811711072922,0.31453272700309753,0.01947804167866707,0.5968202948570251,0.2797826826572418,0.011696325615048409,0.0009480833541601896,0.4510711133480072,1.0,0.0,0.7707356214523315,0.34074410796165466,0.0004730860237032175,0.018116967752575874,0.0,0.0,0.34710365533828735,0.03995561599731445,0.0002235940919490531,1.2383671998977661,0.0,0.0
998,5.160719394683838,0.8134970664978027,38.720664978027344,4.023187637329102,0.4531468451023102,49.4885139465332,1.1040018796920776,1.1042354106903076,19.16,0.9069182276725769,0.006985173560678959,0.0460764616727829,18.53072738647461,0.0,0.0,0.3373037874698639,9.14329029910732e-06,0.005198322236537933,0.6484022736549377,0.0,0.0,1.0836442708969116,0.36819353699684143,0.017608607187867165,0.23895780742168427,0.014450854621827602,0.4256921112537384,0.27939435839653015,0.01299650501459837,0.0007199059473350644,0.49580857157707214,1.0,0.0,0.7933388948440552,0.31340038776397705,0.0004987766733393073,0.018556326627731323,0.0,0.0,0.34886565804481506,0.044882941991090775,0.0001933534222189337,1.2453408241271973,0.0,0.0
999,1.589745283126831,0.5444625616073608,15.130159378051758,5.883418083190918,0.6922681927680969,40.98265838623047,1.0375605821609497,1.0377846956253052,20.81,0.9839076399803162,0.014064242132008076,0.06641840189695358,7.853902339935303,0.0,0.0,0.3202844560146332,5.222462641540915e-05,0.004217550158500671,0.7369938492774963,0.0,0.0,1.1027331352233887,0.559961199760437,0.015352199785411358,0.2433072179555893,0.011980549432337284,0.4207799434661865,0.2950022518634796,0.02442270703613758,0.0005107602919451892,0.7491641640663147,1.0,0.0,0.8924000263214111,0.18671606481075287,0.0005716031882911921,0.019741592928767204,0.0,0.0,0.34244802594184875,0.061164334416389465,7.061615906422958e-05,1.2842174768447876,0.0,0.0
