sample_idx,b4c_r,cr_frac,fuel_r,enrichment,f_mod,water_r,keff_ref,keff_pred,delta_rho_pcm,CR_D1,CR_D2,CR_Sa1,CR_Sa2,CR_nSf1,CR_nSf2,CR_Ss11,CR_Ss22,CR_Ss12,CR_Ss21,CR_chi1,CR_chi2,Core_D1,Core_D2,Core_Sa1,Core_Sa2,Core_nSf1,Core_nSf2,Core_Ss11,Core_Ss22,Core_Ss12,Core_Ss21,Core_chi1,Core_chi2,Mod_D1,Mod_D2,Mod_Sa1,Mod_Sa2,Mod_nSf1,Mod_nSf2,Mod_Ss11,Mod_Ss22,Mod_Ss12,Mod_Ss21,Mod_chi1,Mod_chi2
0,4.419824123382568,0.8410252332687378,16.674715042114258,2.693821668624878,0.6085404753684998,53.357154846191406,0.835347056388855,0.8372462391853333,271.55,0.7835000157356262,0.007679612375795841,0.0639587938785553,25.05392837524414,0.0,0.0,0.33603522181510925,4.327193437347887e-06,0.00233777379617095,0.618064284324646,0.0,0.0,1.0814216136932373,0.3903452754020691,0.014262359589338303,0.16817927360534668,0.008647899143397808,0.2596273422241211,0.2879113256931305,0.021381936967372894,0.0003692838072311133,0.7281922101974487,1.0,0.0,0.9370459318161011,0.21021653711795807,0.0006190048879943788,0.02155202440917492,0.0,0.0,0.34429308772087097,0.05723615735769272,6.007019692333415e-05,1.283420443534851,0.0,0.0
1,1.9739196300506592,0.7732548117637634,10.875251770019531,9.94088363647461,0.6139616370201111,40.74247360229492,0.9037090539932251,0.9037963151931763,10.68,0.8367499709129333,0.009862910024821758,0.07146254181861877,22.402687072753906,0.0,0.0,0.3331453204154968,2.8362406737869605e-05,0.0023592887446284294,0.6536496877670288,0.0,0.0,1.1632510423660278,0.3215300142765045,0.01954358071088791,0.4349718391895294,0.018765244632959366,0.753042995929718,0.28077635169029236,0.01670033112168312,0.0006681862287223339,0.6190547347068787,1.0,0.0,0.8225079774856567,0.26096564531326294,0.0005207927897572517,0.019249634817242622,0.0,0.0,0.3430717885494232,0.045642103999853134,9.600062185199931e-05,1.2876875400543213,0.0,0.0
2,4.7913336753845215,0.3653910458087921,13.32680606842041,2.418450117111206,0.6780479550361633,50.243309020996094,0.7094166874885559,0.7032332420349121,1239.45,0.9730357527732849,0.045021649450063705,0.03297930955886841,11.418403625488281,0.0,0.0,0.2961893379688263,3.219264908693731e-05,0.00270456331782043,0.822281002998352,0.0,0.0,1.125557541847229,0.3654510974884033,0.012774168513715267,0.1382855772972107,0.006599541753530502,0.20086538791656494,0.293679803609848,0.025439022108912468,0.0002758311165962368,0.8302053213119507,1.0,0.0,0.8642657399177551,0.24169929325580597,0.0005692669074051082,0.019721798598766327,0.0,0.0,0.34330809116363525,0.056162454187870026,8.591239020461217e-05,1.2828558683395386,0.0,0.0
3,3.646152973175049,0.08083608001470566,15.961738586425781,4.022130012512207,0.45985740423202515,48.91118621826172,0.8817013502120972,0.8799461126327515,226.23,1.0154324769973755,0.15412087738513947,0.01226233784109354,2.021444082260132,0.0,0.0,0.3489154875278473,0.00015159962640609592,0.004532938823103905,0.9739605784416199,0.0,0.0,1.2713581323623657,0.39895907044410706,0.01790490187704563,0.26850855350494385,0.013139110058546066,0.457014262676239,0.272985577583313,0.012338594533503056,0.0005384741234593093,0.5407811999320984,1.0,0.0,0.7454033493995667,0.30089688301086426,0.0004796924185939133,0.01740322634577751,0.0,0.0,0.34753262996673584,0.04935373738408089,0.00010848393867490813,1.2838568687438965,0.0,0.0
4,5.219815254211426,0.9479182958602905,12.362422943115234,8.12618637084961,0.6702178120613098,48.829444885253906,0.8026927709579468,0.8019823431968689,110.36,0.7678219676017761,0.02160550281405449,0.05325673148036003,32.610782623291016,0.0,0.0,0.3620590567588806,4.841089321416803e-05,0.0014888572040945292,0.5906605124473572,0.0,0.0,1.085918664932251,0.32782575488090515,0.01643310859799385,0.3406237065792084,0.014335373416543007,0.5883153080940247,0.2868998646736145,0.019978802651166916,0.0005370276048779488,0.7045002579689026,1.0,0.0,0.894871175289154,0.22671879827976227,0.0005724797956645489,0.020581195130944252,0.0,0.0,0.34239915013313293,0.05313120409846306,9.606350067770109e-05,1.2857367992401123,0.0,0.0
5,2.8183586597442627,0.9313820004463196,21.295486450195312,2.5853614807128906,0.557124137878418,43.5477180480957,0.950728178024292,0.9496759176254272,116.54,0.7137003540992737,0.017868364229798317,0.08499296009540558,24.179916381835938,0.0,0.0,0.3663138747215271,4.5949775085318834e-05,0.0032237637788057327,0.5921658277511597,0.0,0.0,1.048610806465149,0.41504788398742676,0.015011776238679886,0.16866421699523926,0.009686191566288471,0.27397024631500244,0.28638169169425964,0.019505981355905533,0.00043844967149198055,0.6622375249862671,1.0,0.0,0.9159094095230103,0.2089724838733673,0.0006061666063033044,0.021183345466852188,0.0,0.0,0.3466203212738037,0.061954714357852936,4.834578430745751e-05,1.2837098836898804,0.0,0.0
6,4.5246262550354,0.709635853767395,13.514999389648438,8.451732635498047,0.5626165270805359,50.6201057434082,0.8774686455726624,0.876496434211731,126.41,0.9070826172828674,0.008815565146505833,0.04453960433602333,19.646421432495117,0.0,0.0,0.31178078055381775,9.76396222540643e-07,0.002309089759364724,0.672103762626648,0.0,0.0,1.1668108701705933,0.31661027669906616,0.019135020673274994,0.4165681004524231,0.01846887916326523,0.7290642261505127,0.2770598232746124,0.013648132793605328,0.0006803299766033888,0.578325092792511,1.0,0.0,0.8070189356803894,0.2835969626903534,0.0005089800106361508,0.01904514618217945,0.0,0.0,0.3437499403953552,0.04145896062254906,0.00010987037239829078,1.2833709716796875,0.0,0.0
7,4.420597076416016,0.5132005214691162,23.789810180664062,4.908509254455566,0.4272105395793915,46.072261810302734,0.9966727495193481,1.0011614561080933,449.85,1.0607532262802124,0.021694043651223183,0.03603752329945564,9.313704490661621,0.0,0.0,0.30088332295417786,1.1201772167623858e-06,0.003682802664116025,0.7559193968772888,0.0,0.0,1.2597333192825317,0.4193601608276367,0.018710365518927574,0.30769458413124084,0.016302019357681274,0.5390872359275818,0.27212488651275635,0.010802604258060455,0.0007347518112510443,0.47468602657318115,1.0,0.0,0.7596768140792847,0.3026779890060425,0.0004896714817732573,0.01797366887331009,0.0,0.0,0.3494519591331482,0.045785341411828995,0.00011488782183732837,1.2811744213104248,0.0,0.0
8,5.311813831329346,0.11178742349147797,24.510974884033203,2.7703607082366943,0.487922728061676,42.43979263305664,0.959824800491333,0.9600114226341248,20.25,1.0859334468841553,0.13619208335876465,0.01622263342142105,2.2698419094085693,0.0,0.0,0.3280334770679474,0.00011409660510253161,0.004351169802248478,0.9594746828079224,0.0,0.0,1.2032188177108765,0.42939093708992004,0.016496028751134872,0.19053304195404053,0.010926522314548492,0.3167603015899658,0.28167733550071716,0.015434994362294674,0.0005125877796672285,0.5787401795387268,1.0,0.0,0.7483149170875549,0.29969558119773865,0.00048678554594516754,0.017446791753172874,0.0,0.0,0.3488466441631317,0.05013619363307953,0.00013317572302185,1.2742691040039062,0.0,0.0
9,4.308773517608643,0.7463505864143372,14.089325904846191,8.775625228881836,0.4153645634651184,57.35640335083008,0.8609520196914673,0.8606812357902527,36.54,0.9451339244842529,0.012836487963795662,0.04294891655445099,16.923124313354492,0.0,0.0,0.3221755921840668,1.0623683692756458e-06,0.002444192534312606,0.6626993417739868,0.0,0.0,1.2939603328704834,0.3185329735279083,0.02121034823358059,0.5186406970024109,0.022437183186411858,0.9178416728973389,0.2599624991416931,0.006620477419346571,0.0008186413906514645,0.45156437158584595,1.0,0.0,0.7634685039520264,0.3167308270931244,0.000467470585135743,0.018075596541166306,0.0,0.0,0.34588220715522766,0.037053849548101425,0.00012506896746344864,1.2786551713943481,0.0,0.0
10,4.922826766967773,0.5206599831581116,14.57696533203125,7.392125606536865,0.6436683535575867,56.22194290161133,0.923638641834259,0.9276869893074036,472.47,0.9839335083961487,0.018284639343619347,0.0381561778485775,13.85599422454834,0.0,0.0,0.2910565137863159,8.698611964064185e-07,0.0024364846758544445,0.752650260925293,0.0,0.0,1.1391083002090454,0.33376434445381165,0.017159340903162956,0.32662057876586914,0.014845517463982105,0.5623862147331238,0.28798040747642517,0.01904621534049511,0.0005877576186321676,0.671619176864624,1.0,0.0,0.8080632090568542,0.2858707904815674,0.0005184668116271496,0.01876649260520935,0.0,0.0,0.3425266742706299,0.044091615825891495,0.0001228353357873857,1.2788878679275513,0.0,0.0
11,4.288660049438477,0.11756913363933563,14.55100154876709,5.053810119628906,0.4049373269081116,51.60353469848633,0.8373557925224304,0.8373903632164001,4.93,1.0880595445632935,0.14257486164569855,0.010186164639890194,2.499145269393921,0.0,0.0,0.32916656136512756,9.136027802014723e-05,0.004395200405269861,0.9513270854949951,0.0,0.0,1.3566274642944336,0.3819703161716461,0.019103890284895897,0.3442740738391876,0.015615670010447502,0.5886624455451965,0.2644723355770111,0.008682843297719955,0.0006135042640380561,0.4815008342266083,1.0,0.0,0.7113962769508362,0.33760446310043335,0.0004462256911210716,0.016774244606494904,0.0,0.0,0.34784427285194397,0.04195944592356682,0.00011848231952171773,1.2809820175170898,0.0,0.0
12,2.0618128776550293,0.7647662162780762,14.563591003417969,2.0013208389282227,0.6891507506370544,51.377681732177734,0.7996614575386047,0.7997498512268066,13.82,0.7143629789352417,0.0037328703328967094,0.09483818709850311,25.320884704589844,0.0,0.0,0.3334001302719116,3.34608084813226e-05,0.0026318940799683332,0.6469005942344666,0.0,0.0,1.0036802291870117,0.3692297041416168,0.011967002414166927,0.11585768312215805,0.0059652384370565414,0.16512399911880493,0.29584071040153503,0.027669310569763184,0.00025605331757105887,0.8539809584617615,1.0,0.0,0.9670823812484741,0.19491441547870636,0.0006423412705771625,0.022160258144140244,0.0,0.0,0.34276798367500305,0.061018720269203186,5.3427007514983416e-05,1.283686876296997,0.0,0.0
13,2.096015691757202,0.24480599164962769,34.846351623535156,1.5019381046295166,0.438845157623291,56.83925247192383,0.9309234023094177,0.9314805269241333,64.25,0.932714581489563,0.06473968923091888,0.043100569397211075,3.9549243450164795,0.0,0.0,0.3516582250595093,0.0001884627854451537,0.0031394404359161854,0.9010406732559204,0.0,0.0,1.2018725872039795,0.47858887910842896,0.015433569438755512,0.1348843276500702,0.008700410835444927,0.20613442361354828,0.28004541993141174,0.015254042111337185,0.00045916944509372115,0.5632859468460083,1.0,0.0,0.8515470623970032,0.2256058305501938,0.0005713548744097352,0.020006593316793442,0.0,0.0,0.35170692205429077,0.061483774334192276,5.231816612649709e-05,1.2861098051071167,0.0,0.0
14,4.936812400817871,0.9612322449684143,16.53787612915039,5.83558988571167,0.7502416372299194,49.60198974609375,0.9695839881896973,0.9702048897743225,66.0,0.7251600027084351,0.020743699744343758,0.06314539909362793,33.03933334350586,0.0,0.0,0.36087778210639954,3.464853944024071e-05,0.001738791586831212,0.5792127847671509,0.0,0.0,0.9809091091156006,0.34858524799346924,0.013327319175004959,0.21026207506656647,0.009489607997238636,0.36753255128860474,0.2994607090950012,0.02757067233324051,0.00042203671182505786,0.8303169012069702,1.0,0.0,0.9750222563743591,0.1890048384666443,0.0006459217402152717,0.022109810262918472,0.0,0.0,0.3416164219379425,0.06555885076522827,3.839025885099545e-05,1.2895526885986328,0.0,0.0
15,3.010624408721924,0.5285876989364624,14.922490119934082,7.865298748016357,0.4032861292362213,42.86726760864258,0.9080613851547241,0.9097955822944641,209.91,1.0581227540969849,0.02300780452787876,0.03904487192630768,11.791412353515625,0.0,0.0,0.30638182163238525,1.2106962685720646e-06,0.0035624054726213217,0.7535229325294495,0.0,0.0,1.3622692823410034,0.3654748797416687,0.021535558626055717,0.4810013473033905,0.02142588421702385,0.8387613296508789,0.2611200511455536,0.007316959090530872,0.0008107515168376267,0.44188544154167175,1.0,0.0,0.7340599298477173,0.3176170587539673,0.0004639872058760375,0.017409946769475937,0.0,0.0,0.34812426567077637,0.043859027326107025,8.831774903228506e-05,1.2906032800674438,0.0,0.0
16,1.0615320205688477,0.8788027167320251,27.873001098632812,1.5733299255371094,0.577171266078949,41.288028717041016,0.9603838920593262,0.9592292308807373,125.34,0.6274949908256531,0.01304629910737276,0.12241841107606888,20.46024513244629,0.0,0.0,0.3681296706199646,7.169882155722007e-05,0.0034857415594160557,0.60853511095047,0.0,0.0,0.9923065304756165,0.4058023989200592,0.01403884869068861,0.12149239331483841,0.007552967872470617,0.17425751686096191,0.29265663027763367,0.022817308083176613,0.00036804936826229095,0.7098028659820557,1.0,0.0,0.9398500919342041,0.20570483803749084,0.0006173579604364932,0.021750804036855698,0.0,0.0,0.3469821810722351,0.056995924562215805,7.109122088877484e-05,1.270779013633728,0.0,0.0
17,5.346286296844482,0.6024379730224609,29.44133758544922,2.5188422203063965,0.47572213411331177,42.142852783203125,0.9751607179641724,0.9761040806770325,99.11,0.9899359941482544,0.009206932969391346,0.042743660509586334,11.81323528289795,0.0,0.0,0.3042249381542206,8.976677463579108e-07,0.003042594762519002,0.7228899002075195,0.0,0.0,1.1478488445281982,0.4432155191898346,0.015736903995275497,0.18132619559764862,0.011216155253350735,0.28992530703544617,0.28140145540237427,0.01518162153661251,0.0005617319256998599,0.5662685036659241,1.0,0.0,0.7769158482551575,0.30161386728286743,0.0004969512228854001,0.018277090042829514,0.0,0.0,0.3491828441619873,0.04215605929493904,0.00017736082372721285,1.2607336044311523,0.0,0.0
18,4.1903557777404785,0.8913078904151917,20.301372528076172,4.332075595855713,0.5679715871810913,43.95457077026367,0.9909647703170776,0.9928476810455322,191.38,0.8018518686294556,0.01385011151432991,0.061951614916324615,24.351642608642578,0.0,0.0,0.35067641735076904,2.7551235689315945e-05,0.0026605536695569754,0.6012582182884216,0.0,0.0,1.0893281698226929,0.3986975848674774,0.016376551240682602,0.2400350272655487,0.012567262165248394,0.41405189037323,0.2849932014942169,0.018184613436460495,0.0005484002758748829,0.6308051347732544,1.0,0.0,0.8771414160728455,0.2286689728498459,0.0005737115279771388,0.02028622291982174,0.0,0.0,0.34560543298721313,0.05714252591133118,6.611108256038278e-05,1.28413724899292,0.0,0.0
19,5.136659622192383,0.858723521232605,13.956231117248535,5.128940105438232,0.7053905725479126,52.606407165527344,0.8357122540473938,0.8375322222709656,260.02,0.7783045172691345,0.007604233920574188,0.057263586670160294,31.220731735229492,0.0,0.0,0.33502063155174255,3.773511252802564e-06,0.0017934170318767428,0.6162866353988647,0.0,0.0,1.0445048809051514,0.3456850051879883,0.013831489719450474,0.22325673699378967,0.009878025390207767,0.3660530745983124,0.29368337988853455,0.024508582428097725,0.00041341714677400887,0.7942124009132385,1.0,0.0,0.9329749345779419,0.21632026135921478,0.0006094318232499063,0.021336857229471207,0.0,0.0,0.3421481251716614,0.05572526529431343,7.31613181415014e-05,1.2834452390670776,0.0,0.0
20,5.656820774078369,0.10372810065746307,18.510143280029297,3.983025550842285,0.4430079758167267,56.874629974365234,0.886216402053833,0.8859480619430542,34.18,1.1363557577133179,0.137263685464859,0.011346301063895226,2.1211400032043457,0.0,0.0,0.321717232465744,9.825130109675229e-05,0.004395028576254845,0.9541621208190918,0.0,0.0,1.3032056093215942,0.40564626455307007,0.01784459687769413,0.2673070430755615,0.013454191386699677,0.46455907821655273,0.2724831998348236,0.011353434063494205,0.0005718913744203746,0.5214068293571472,1.0,0.0,0.738049328327179,0.3114925026893616,0.0004734528483822942,0.01726723276078701,0.0,0.0,0.34795498847961426,0.046884093433618546,0.00011366033140802756,1.2821056842803955,0.0,0.0
21,2.768289566040039,0.5480746626853943,20.9077091217041,2.399742603302002,0.5470063090324402,48.44975280761719,0.9340043067932129,0.9321399331092834,214.14,0.8910768032073975,0.012683411128818989,0.06034558266401291,12.636588096618652,0.0,0.0,0.31480979919433594,3.802368519245647e-05,0.00345963379368186,0.7376247048377991,0.0,0.0,1.1150486469268799,0.41501742601394653,0.01516706682741642,0.1643718183040619,0.009511127136647701,0.26184093952178955,0.2858056426048279,0.019082441926002502,0.00042951261275447905,0.6563785672187805,1.0,0.0,0.8800653219223022,0.22802098095417023,0.0005880922544747591,0.02040261961519718,0.0,0.0,0.3466251790523529,0.05884317308664322,5.471469557960518e-05,1.2859828472137451,0.0,0.0
22,1.9323736429214478,0.7396782040596008,13.745144844055176,9.439184188842773,0.48060378432273865,46.047298431396484,0.9513445496559143,0.9511198401451111,24.83,0.8632515668869019,0.010083364322781563,0.06659520417451859,19.045915603637695,0.0,0.0,0.33225521445274353,7.67667643231107e-06,0.0028399107977747917,0.6672349572181702,0.0,0.0,1.2234174013137817,0.32782217860221863,0.02154199220240116,0.49789169430732727,0.02244480699300766,0.888978898525238,0.2682421803474426,0.00998196192085743,0.0008234804845415056,0.48921141028404236,1.0,0.0,0.7955523133277893,0.27702203392982483,0.0005029735621064901,0.01877775974571705,0.0,0.0,0.34560611844062805,0.0451759397983551,8.858969522407278e-05,1.2904256582260132,0.0,0.0
23,4.464507102966309,0.28518497943878174,16.824838638305664,3.915558338165283,0.6072897911071777,46.23147201538086,0.923608124256134,0.9208618998527527,322.89,1.0052286386489868,0.06524279713630676,0.02778664231300354,6.847393035888672,0.0,0.0,0.3056023418903351,5.624344339594245e-05,0.003273202572017908,0.8611981868743896,0.0,0.0,1.1671932935714722,0.37647366523742676,0.01591663435101509,0.21668556332588196,0.010600430890917778,0.35331961512565613,0.28852325677871704,0.020513588562607765,0.0004490981809794903,0.6927657723426819,1.0,0.0,0.8203552961349487,0.26198115944862366,0.0005402583046816289,0.018893921747803688,0.0,0.0,0.3446626365184784,0.054281897842884064,8.708618406672031e-05,1.2853296995162964,0.0,0.0
24,5.173508644104004,0.7644158601760864,16.50337028503418,9.441893577575684,0.41144412755966187,55.357948303222656,0.9081788659095764,0.9084935784339905,38.14,0.9806835055351257,0.014309445396065712,0.03737811744213104,16.310182571411133,0.0,0.0,0.325700044631958,5.8125961004407145e-06,0.00272026052698493,0.649673342704773,0.0,0.0,1.2954338788986206,0.31744253635406494,0.021698148921132088,0.5340173840522766,0.02358132414519787,0.9843748807907104,0.2604025900363922,0.006357614416629076,0.0008753504371270537,0.4385698735713959,1.0,0.0,0.7755019664764404,0.2991812229156494,0.00048147898633033037,0.018300363793969154,0.0,0.0,0.3467307388782501,0.04195014759898186,0.00010044496593764052,1.2867941856384277,0.0,0.0
25,1.4001139402389526,0.5470251441001892,15.931114196777344,2.8886356353759766,0.7208322286605835,55.37042236328125,0.9458503723144531,0.9429786205291748,321.98,0.726645290851593,0.010188194923102856,0.08999098092317581,16.454845428466797,0.0,0.0,0.32755017280578613,8.588767377659678e-05,0.0024348211009055376,0.7353052496910095,0.0,0.0,1.0013436079025269,0.3419401943683624,0.012428904883563519,0.13759636878967285,0.006605796981602907,0.20772162079811096,0.2996850907802582,0.02955974079668522,0.0002957452379632741,0.8646854758262634,1.0,0.0,0.9600217938423157,0.20005865395069122,0.0006408074405044317,0.022046279162168503,0.0,0.0,0.34198641777038574,0.05946075916290283,5.562825390370563e-05,1.285359263420105,0.0,0.0
26,4.345383167266846,0.18675798177719116,29.468284606933594,1.6122289896011353,0.6211522221565247,42.712615966796875,0.9596982002258301,0.960099995136261,43.61,0.9569928646087646,0.11168739944696426,0.025569826364517212,3.879441261291504,0.0,0.0,0.3271494507789612,0.00011099329276476055,0.0034160043578594923,0.9172653555870056,0.0,0.0,1.0597565174102783,0.38624486327171326,0.013798216357827187,0.11510904878377914,0.006854517851024866,0.16651365160942078,0.29704150557518005,0.024583226069808006,0.00033462035935372114,0.7586455345153809,1.0,0.0,0.8231871128082275,0.2633875608444214,0.0005392177263274789,0.018932392820715904,0.0,0.0,0.34519970417022705,0.0502765066921711,0.00014042778639122844,1.2651152610778809,0.0,0.0
27,2.847306251525879,0.22311881184577942,18.182865142822266,5.848313808441162,0.406306654214859,43.53797149658203,0.9545717239379883,0.9534934759140015,118.47,1.0666700601577759,0.08993805944919586,0.023745037615299225,3.9009532928466797,0.0,0.0,0.3294600546360016,9.079417213797569e-05,0.004791619721800089,0.8997626900672913,0.0,0.0,1.3207602500915527,0.4017704427242279,0.020079992711544037,0.367436021566391,0.017739199101924896,0.6522403955459595,0.26658472418785095,0.009121805429458618,0.0007374804117716849,0.4554938077926636,1.0,0.0,0.7243926525115967,0.3137954771518707,0.0004635814984794706,0.01704336702823639,0.0,0.0,0.34923240542411804,0.04839255288243294,9.936805145116523e-05,1.2865809202194214,0.0,0.0
28,5.948347091674805,0.46852436661720276,16.258974075317383,4.208819389343262,0.7118034362792969,49.25233840942383,0.8845007419586182,0.8820339441299438,316.19,0.9743397235870361,0.01722526364028454,0.037070371210575104,15.407437324523926,0.0,0.0,0.2856197953224182,8.705536629349808e-07,0.00236500077880919,0.7760650515556335,0.0,0.0,1.086275577545166,0.35781726241111755,0.013474171049892902,0.1854991465806961,0.00861388724297285,0.3014202117919922,0.2973312437534332,0.026207689195871353,0.00037780008278787136,0.8194833397865295,1.0,0.0,0.8776199817657471,0.23644274473190308,0.0005858807126060128,0.02006731927394867,0.0,0.0,0.34288710355758667,0.05867670103907585,6.20283026364632e-05,1.2891861200332642,0.0,0.0
29,2.223480224609375,0.8870102167129517,12.883260726928711,5.7408528327941895,0.7823179960250854,53.22099685668945,0.9450373649597168,0.9472327828407288,245.25,0.6614484190940857,0.012972216121852398,0.09970948845148087,32.672584533691406,0.0,0.0,0.3492331802845001,3.20056096825283e-05,0.0019013442797586322,0.6084740161895752,0.0,0.0,0.9731919765472412,0.32574135065078735,0.012289266102015972,0.19691510498523712,0.008415180258452892,0.32107824087142944,0.301490843296051,0.030308950692415237,0.00037793698720633984,0.8804059028625488,1.0,0.0,0.9681680798530579,0.20261582732200623,0.0006336472579278052,0.02205382101237774,0.0,0.0,0.34054452180862427,0.0570531040430069,7.306643237825483e-05,1.2810695171356201,0.0,0.0
30,1.1541123390197754,0.10851780325174332,15.066428184509277,3.919529676437378,0.5353353023529053,43.36742401123047,0.9367626309394836,0.9407988786697388,457.99,0.810286283493042,0.1271100789308548,0.03723575547337532,2.2486844062805176,0.0,0.0,0.3850991427898407,0.000260007829638198,0.004489305429160595,0.9643948078155518,0.0,0.0,1.139495611190796,0.3785942792892456,0.016979403793811798,0.23603709042072296,0.012026302516460419,0.4049270451068878,0.28088340163230896,0.016596749424934387,0.0004950247821398079,0.6158502101898193,1.0,0.0,0.8018370866775513,0.258434921503067,0.0005208684597164392,0.018721994012594223,0.0,0.0,0.34613272547721863,0.05328579246997833,8.466088183922693e-05,1.2856829166412354,0.0,0.0
31,3.59248423576355,0.2610235810279846,16.794422149658203,7.718057632446289,0.41616392135620117,43.27129364013672,0.952383279800415,0.9512873291969299,120.97,1.1361294984817505,0.08114206790924072,0.02008122019469738,5.140906810760498,0.0,0.0,0.3116319179534912,4.031604476040229e-05,0.004293045494705439,0.8745742440223694,0.0,0.0,1.3610819578170776,0.368211567401886,0.021660970523953438,0.4567623436450958,0.020686879754066467,0.8129050731658936,0.26478520035743713,0.008209895342588425,0.000809344055596739,0.44597265124320984,1.0,0.0,0.7061101794242859,0.33367982506752014,0.0004472904547583312,0.016625799238681793,0.0,0.0,0.34813880920410156,0.04523928090929985,9.582268103258684e-05,1.2879618406295776,0.0,0.0
32,3.1763341426849365,0.960365355014801,14.733500480651855,2.812803030014038,0.6330329179763794,50.472740173339844,0.8285161256790161,0.8325297832489014,581.89,0.6749962568283081,0.022188598290085793,0.08618661761283875,31.142580032348633,0.0,0.0,0.36709555983543396,3.3335512853227556e-05,0.0024661619681864977,0.5807296633720398,0.0,0.0,1.0301368236541748,0.38244330883026123,0.013772721402347088,0.16503329575061798,0.008300107903778553,0.257587194442749,0.28920790553092957,0.02267705276608467,0.0003488955844659358,0.7581670880317688,1.0,0.0,0.9583988785743713,0.19805897772312164,0.0006316666258499026,0.0218870397657156,0.0,0.0,0.34367135167121887,0.06195628270506859,4.8527992476010695e-05,1.2834302186965942,0.0,0.0
33,1.0151163339614868,0.02584189735352993,18.435728073120117,4.853096008300781,0.4580056667327881,53.027103424072266,0.9965537786483765,0.9971235394477844,57.34,0.8013725280761719,0.15194055438041687,0.02823030762374401,1.0395100116729736,0.0,0.0,0.4094695448875427,0.00032512645702809095,0.0045393952168524265,1.0106974840164185,0.0,0.0,1.1703870296478271,0.37649574875831604,0.018773680552840233,0.2913907468318939,0.014923449605703354,0.5388729572296143,0.2740117013454437,0.012259988114237785,0.0006262363167479634,0.5124799013137817,1.0,0.0,0.7875761985778809,0.25816911458969116,0.000507311662659049,0.018598470836877823,0.0,0.0,0.34771835803985596,0.05253838375210762,6.950577517272905e-05,1.2897090911865234,0.0,0.0
34,1.4439551830291748,0.7430634498596191,13.607206344604492,2.460568428039551,0.5469683408737183,42.498069763183594,0.8108471632003784,0.8103800415992737,71.09,0.7447711229324341,0.0031933223363012075,0.09278681874275208,21.15196418762207,0.0,0.0,0.339868426322937,3.568397369235754e-05,0.003491974901407957,0.6690605282783508,0.0,0.0,1.1147905588150024,0.4071657955646515,0.014661597087979317,0.17472943663597107,0.009542153216898441,0.2685195207595825,0.28112125396728516,0.01832316257059574,0.0003879823489114642,0.670194685459137,1.0,0.0,0.8970063924789429,0.2236897051334381,0.0005872244946658611,0.020848684012889862,0.0,0.0,0.3460060656070709,0.055708274245262146,7.181586261140183e-05,1.284257173538208,0.0,0.0
35,3.963102340698242,0.21153317391872406,19.35646629333496,1.9742343425750732,0.6681166887283325,40.16880798339844,0.8794628381729126,0.88007652759552,79.29,0.9349409937858582,0.09194858372211456,0.028629381209611893,5.396677494049072,0.0,0.0,0.32462847232818604,0.00011362971417838708,0.0032490608282387257,0.9014787077903748,0.0,0.0,1.0645251274108887,0.3759303689002991,0.0130131421610713,0.11825345456600189,0.006284926552325487,0.17403748631477356,0.29739710688591003,0.0265538040548563,0.00028566268156282604,0.8191816210746765,1.0,0.0,0.8553037643432617,0.2366105318069458,0.0005704710492864251,0.019534023478627205,0.0,0.0,0.3443605899810791,0.06107902154326439,6.480663432739675e-05,1.2822694778442383,0.0,0.0
36,4.5454254150390625,0.7529947757720947,13.413015365600586,7.215786933898926,0.5999910235404968,59.223304748535156,0.8635510206222534,0.8610902428627014,330.93,0.8893082737922668,0.005990264471620321,0.05046135187149048,21.305498123168945,0.0,0.0,0.3179604709148407,8.565945108784945e-07,0.0020499820820987225,0.6582635045051575,0.0,0.0,1.1001813411712646,0.3459256589412689,0.017117364332079887,0.3455061614513397,0.016337856650352478,0.6127257943153381,0.2818882465362549,0.016020912677049637,0.0006308021256700158,0.6303406357765198,1.0,0.0,0.8002567291259766,0.291538804769516,0.0005045511643402278,0.018599871546030045,0.0,0.0,0.3426067531108856,0.04132652282714844,0.00014611809456255287,1.2710572481155396,0.0,0.0
37,1.2321969270706177,0.7988048791885376,15.096431732177734,5.723815441131592,0.572668731212616,43.2854118347168,0.9911804795265198,0.9899120926856995,129.27,0.7318969368934631,0.006081681232899427,0.09443296492099762,22.231876373291016,0.0,0.0,0.34715330600738525,3.936252687708475e-05,0.0030498947016894817,0.6423211693763733,0.0,0.0,1.0915393829345703,0.36775967478752136,0.01742437481880188,0.297993540763855,0.014864552766084671,0.5169789791107178,0.28255102038383484,0.01731378398835659,0.0006064705085009336,0.6147341728210449,1.0,0.0,0.8720254302024841,0.2327188104391098,0.0005657852161675692,0.02035677433013916,0.0,0.0,0.34480535984039307,0.05263212323188782,7.921933865873143e-05,1.2870995998382568,0.0,0.0
38,5.017077445983887,0.17169108986854553,12.992144584655762,4.99245023727417,0.6693214178085327,41.3780403137207,0.831712007522583,0.8302885890007019,206.12,1.0338600873947144,0.11036061495542526,0.020384807139635086,4.302014350891113,0.0,0.0,0.3138687014579773,7.433407154167071e-05,0.00307341362349689,0.9309250116348267,0.0,0.0,1.1788619756698608,0.3426227569580078,0.015452363528311253,0.2369128316640854,0.010235166177153587,0.3862789571285248,0.29164186120033264,0.022820422425866127,0.00041163578862324357,0.7545934915542603,1.0,0.0,0.804354727268219,0.2678421437740326,0.0005218817386776209,0.018528955057263374,0.0,0.0,0.3435678780078888,0.052253205329179764,0.00010023912182077765,1.2862975597381592,0.0,0.0
39,4.184105396270752,0.4918232560157776,21.70708465576172,2.3779187202453613,0.6962257027626038,53.57973861694336,0.9605406522750854,0.9608234763145447,30.64,0.9210058450698853,0.016835348680615425,0.046264804899692535,14.182024955749512,0.0,0.0,0.29877325892448425,2.7860553018399514e-05,0.0027974655386060476,0.7563514113426208,0.0,0.0,1.0501749515533447,0.36570754647254944,0.012894175946712494,0.12422313541173935,0.006524637341499329,0.19021444022655487,0.30028507113456726,0.028472959995269775,0.00030107112252153456,0.8391384482383728,1.0,0.0,0.9363282918930054,0.20162717998027802,0.0006355224177241325,0.02144959755241871,0.0,0.0,0.34317779541015625,0.0639014020562172,4.0727085433900356e-05,1.2914774417877197,0.0,0.0
40,2.0055456161499023,0.6500301957130432,14.097241401672363,2.00956392288208,0.7690054774284363,45.17878341674805,0.7767874598503113,0.7763083577156067,79.45,0.7466917037963867,0.0036745646502822638,0.08780355751514435,24.59050941467285,0.0,0.0,0.32030224800109863,4.791950777871534e-05,0.0028013631235808134,0.6897345185279846,0.0,0.0,0.991867184638977,0.3453994691371918,0.010115448385477066,0.09193222224712372,0.003959512338042259,0.12167346477508545,0.3029536306858063,0.034025657922029495,0.00018679616914596409,0.9679904580116272,1.0,0.0,0.9869474768638611,0.1846138834953308,0.0006599001353606582,0.022404149174690247,0.0,0.0,0.3418136239051819,0.06550119817256927,4.3941527110291645e-05,1.2878429889678955,0.0,0.0
41,4.33337926864624,0.05433065816760063,13.545516967773438,8.683931350708008,0.47882261872291565,47.18071365356445,0.9108616709709167,0.9113084673881531,53.83,1.0957894325256348,0.17115159332752228,0.00631128391250968,3.0301668643951416,0.0,0.0,0.3366408944129944,0.00010769051004899666,0.004301282577216625,0.985940158367157,0.0,0.0,1.3270057439804077,0.32068774104118347,0.021728117018938065,0.4733695983886719,0.020038709044456482,0.8388839364051819,0.26945605874061584,0.009979873895645142,0.0007249923073686659,0.5012940764427185,1.0,0.0,0.6914462447166443,0.34936070442199707,0.00043257957440800965,0.01628471165895462,0.0,0.0,0.34569263458251953,0.04148073121905327,0.00010347958595957607,1.2860987186431885,0.0,0.0
42,1.467552661895752,0.3186585009098053,16.065433502197266,5.445859432220459,0.46749433875083923,42.32011032104492,0.9565252065658569,0.9555703401565552,104.47,0.928982138633728,0.05596243962645531,0.04688188061118126,5.867271900177002,0.0,0.0,0.33675533533096313,0.00011030220048269257,0.004293955396860838,0.8540709614753723,0.0,0.0,1.2337321043014526,0.3832899034023285,0.019082825630903244,0.3292049169540405,0.016170915216207504,0.5731468796730042,0.2725881040096283,0.012140825390815735,0.0006621674401685596,0.5164583921432495,1.0,0.0,0.774819552898407,0.28188955783843994,0.0004980012308806181,0.018235228955745697,0.0,0.0,0.3475203514099121,0.048647984862327576,9.967076766770333e-05,1.286649465560913,0.0,0.0
43,5.400859355926514,0.590295672416687,15.784174919128418,6.9575042724609375,0.6877549290657043,52.11785888671875,0.9519285559654236,0.9506976008415222,136.02,0.9443886280059814,0.008089911192655563,0.042037565261125565,18.168779373168945,0.0,0.0,0.2932302951812744,8.93615720087837e-07,0.002265375340357423,0.7220960855484009,0.0,0.0,1.11369788646698,0.34147563576698303,0.015962643548846245,0.2860058546066284,0.012913277372717857,0.4837859869003296,0.29320451617240906,0.02259262092411518,0.0005324514931999147,0.7286051511764526,1.0,0.0,0.8588610887527466,0.2534891366958618,0.0005618315772153437,0.019812190905213356,0.0,0.0,0.3423907458782196,0.05059073120355606,9.927797509590164e-05,1.285624623298645,0.0,0.0
44,5.9200119972229,0.8747401833534241,23.724720001220703,2.130192279815674,0.525428056716919,59.74457931518555,0.8802335262298584,0.8778446912765503,309.15,0.8278022408485413,0.009567933157086372,0.05188945680856705,21.28529167175293,0.0,0.0,0.348497599363327,2.5896822990034707e-05,0.002204521093517542,0.6091035008430481,0.0,0.0,1.1107244491577148,0.43297117948532104,0.014949397183954716,0.15655255317687988,0.009207162074744701,0.2496064156293869,0.28351694345474243,0.0178306195884943,0.0004265148309059441,0.6391129493713379,1.0,0.0,0.9366632103919983,0.20001006126403809,0.0006229626014828682,0.021691491827368736,0.0,0.0,0.3469240069389343,0.06085837632417679,4.617082959157415e-05,1.2870374917984009,0.0,0.0
45,1.3100227117538452,0.20566537976264954,14.238861083984375,3.6168293952941895,0.49096953868865967,52.30472183227539,0.8790859580039978,0.8777880668640137,168.2,0.8363453149795532,0.09229778498411179,0.04412904754281044,3.68879771232605,0.0,0.0,0.36076903343200684,0.00018072561942972243,0.003826986765488982,0.913848876953125,0.0,0.0,1.1753469705581665,0.3832720220088959,0.016997717320919037,0.24048800766468048,0.012228227220475674,0.40331968665122986,0.27561235427856445,0.014236059039831161,0.0004952190793119371,0.5807533860206604,1.0,0.0,0.7935237884521484,0.2720487713813782,0.0005086762830615044,0.01866956055164337,0.0,0.0,0.3461960554122925,0.04726071655750275,0.00011886744323419407,1.280969262123108,0.0,0.0
46,4.204259872436523,0.9036910533905029,12.76593017578125,3.4158709049224854,0.635635495185852,49.871490478515625,0.7487422823905945,0.7465786933898926,387.05,0.7359617948532104,0.01402155589312315,0.06738083809614182,31.40519905090332,0.0,0.0,0.34882330894470215,1.2255589354026597e-05,0.002101105870679021,0.5995345115661621,0.0,0.0,1.0836608409881592,0.36254411935806274,0.014049123972654343,0.19512659311294556,0.009027673862874508,0.3008388578891754,0.2870437204837799,0.021590646356344223,0.0003632283478509635,0.7510892152786255,1.0,0.0,0.9355878233909607,0.21416646242141724,0.0006062651518732309,0.021457456052303314,0.0,0.0,0.34331679344177246,0.05448745936155319,8.18224434624426e-05,1.280804991722107,0.0,0.0
47,3.016806125640869,0.23106040060520172,21.033214569091797,1.8650676012039185,0.7377310991287231,41.66886901855469,0.9128584861755371,0.9122588634490967,72.0,0.8422252535820007,0.07938061654567719,0.038913480937480927,6.2141923904418945,0.0,0.0,0.33487093448638916,0.00014489945897366852,0.0032995883375406265,0.8877074122428894,0.0,0.0,0.9935091137886047,0.3415833115577698,0.011477623134851456,0.09511199593544006,0.004623565822839737,0.13278856873512268,0.30458706617355347,0.0319959856569767,0.00022415399143937975,0.9164640307426453,1.0,0.0,0.9247996211051941,0.20613016188144684,0.0006227348349057138,0.021003130823373795,0.0,0.0,0.34275540709495544,0.06516066193580627,4.6152043069014326e-05,1.2844828367233276,0.0,0.0
48,4.414229869842529,0.46511149406433105,27.336013793945312,2.12756085395813,0.49679794907569885,53.55646514892578,0.948981523513794,0.9483876824378967,65.98,1.0192161798477173,0.02315833792090416,0.038733046501874924,9.407344818115234,0.0,0.0,0.3020930886268616,2.0698666048701853e-05,0.0033087064512073994,0.7774397134780884,0.0,0.0,1.183718204498291,0.44489413499832153,0.01569642312824726,0.15966296195983887,0.009761620312929153,0.2519753575325012,0.2835616171360016,0.01712019555270672,0.0004730773507617414,0.6021923422813416,1.0,0.0,0.8459360599517822,0.24319735169410706,0.000565995869692415,0.019749410450458527,0.0,0.0,0.348458856344223,0.056325238198041916,6.868632772238925e-05,1.284932017326355,0.0,0.0
49,5.315494537353516,0.7492556571960449,13.554527282714844,9.201634407043457,0.4088192880153656,51.31272506713867,0.8124786615371704,0.812379777431488,14.98,0.9916756749153137,0.013894230127334595,0.03565048426389694,19.79714012145996,0.0,0.0,0.3219412863254547,1.1321184274493135e-06,0.0026517300866544247,0.6567773222923279,0.0,0.0,1.3339107036590576,0.323856383562088,0.021518299356102943,0.5479724407196045,0.02298431284725666,0.9700260758399963,0.2575555145740509,0.005952896550297737,0.0008111520437523723,0.4523238241672516,1.0,0.0,0.7549263834953308,0.31440672278404236,0.0004678014956880361,0.01779581792652607,0.0,0.0,0.34654489159584045,0.041740432381629944,9.964816854335368e-05,1.2873332500457764,0.0,0.0
50,1.22199285030365,0.7936025261878967,11.417576789855957,7.8096699714660645,0.6479824781417847,56.2958869934082,0.9403373599052429,0.9416853189468384,152.23,0.6908676028251648,0.0038030538707971573,0.09905663132667542,21.95314598083496,0.0,0.0,0.3438047766685486,3.214203752577305e-05,0.0015075838891789317,0.650901734828949,0.0,0.0,1.040573000907898,0.3221403956413269,0.016845600679516792,0.33988451957702637,0.01582038216292858,0.583626389503479,0.28655868768692017,0.0194003414362669,0.0006056640413589776,0.6722154021263123,1.0,0.0,0.8474790453910828,0.2606956660747528,0.000531492056325078,0.019904958084225655,0.0,0.0,0.3414642810821533,0.03949937969446182,0.00014405125693883747,1.2713736295700073,0.0,0.0
51,2.192207098007202,0.5225159525871277,15.618830680847168,7.526411533355713,0.4019032120704651,43.05589294433594,0.9372857213020325,0.9369685053825378,36.12,0.9953315854072571,0.021844852715730667,0.047924622893333435,11.138705253601074,0.0,0.0,0.3147359788417816,1.2108836244806298e-06,0.0037434855476021767,0.7595264911651611,0.0,0.0,1.331693410873413,0.3711337447166443,0.021355917677283287,0.46033981442451477,0.021019095554947853,0.8054212331771851,0.2622045576572418,0.007658765651285648,0.0008159785647876561,0.4389174282550812,1.0,0.0,0.7481849193572998,0.30599600076675415,0.0004750255902763456,0.017756802961230278,0.0,0.0,0.3484669029712677,0.04507574066519737,8.737916505197063e-05,1.2908648252487183,0.0,0.0
52,4.976206302642822,0.19912338256835938,15.306517601013184,4.085184574127197,0.539722204208374,56.373661041259766,0.853935956954956,0.8534349799156189,68.74,1.0626027584075928,0.10567419975996017,0.018171515315771103,4.200745105743408,0.0,0.0,0.31129586696624756,6.673261668765917e-05,0.003629333106800914,0.9045472741127014,0.0,0.0,1.221248745918274,0.3814418613910675,0.016913047060370445,0.24956412613391876,0.01214195229113102,0.4162955582141876,0.28055649995803833,0.015739815309643745,0.0004959371872246265,0.6185269951820374,1.0,0.0,0.7625529170036316,0.3012843430042267,0.000489773228764534,0.017693398520350456,0.0,0.0,0.3451310992240906,0.046412818133831024,0.00012694777979049832,1.277826189994812,0.0,0.0
53,4.843112468719482,0.7545181512832642,15.939566612243652,3.2076494693756104,0.7010513544082642,41.43406295776367,0.8497411608695984,0.8485742807388306,161.83,0.7996473908424377,0.0001310385559918359,0.057006992399692535,27.765090942382812,0.0,0.0,0.3141257166862488,8.88309216406924e-07,0.0020180242136120796,0.6495857238769531,0.0,0.0,1.0244659185409546,0.36635538935661316,0.012429268099367619,0.1585434228181839,0.007571559399366379,0.24397610127925873,0.29599273204803467,0.026844829320907593,0.00033254706067964435,0.8333086967468262,1.0,0.0,0.9551196694374084,0.2052655816078186,0.0006352101336233318,0.021910514682531357,0.0,0.0,0.34315168857574463,0.05944383144378662,5.7031793403439224e-05,1.2868173122406006,0.0,0.0
54,3.795395612716675,0.17531730234622955,15.785942077636719,1.5222333669662476,0.723645806312561,50.144683837890625,0.7252970337867737,0.7256245017051697,62.22,0.8914370536804199,0.10123246163129807,0.026102082803845406,5.601368427276611,0.0,0.0,0.3347199857234955,0.00014352927973959595,0.0032320343889296055,0.9216035008430481,0.0,0.0,1.0480049848556519,0.35742712020874023,0.011399422772228718,0.08752430975437164,0.004243995063006878,0.11341896653175354,0.300855427980423,0.030706100165843964,0.00018920893489848822,0.9156931638717651,1.0,0.0,0.9106720089912415,0.20619386434555054,0.0006138454773463309,0.020660700276494026,0.0,0.0,0.343112587928772,0.06793975085020065,4.0604125388199463e-05,1.2897887229919434,0.0,0.0
55,2.1701407432556152,0.5875353813171387,21.3698787689209,2.4678661823272705,0.6551961898803711,40.1077995300293,0.9940426349639893,0.9932560324668884,79.67,0.8070202469825745,0.008741790428757668,0.07563938945531845,15.60529613494873,0.0,0.0,0.3191303312778473,5.4650052334181964e-05,0.0033852180931717157,0.7135122418403625,0.0,0.0,1.015790343284607,0.3751486539840698,0.013495374470949173,0.1395818144083023,0.0077333878725767136,0.21566729247570038,0.29661059379577637,0.025698000565171242,0.0003606044047046453,0.7820805311203003,1.0,0.0,0.9037484526634216,0.22232714295387268,0.0006007257616147399,0.020760413259267807,0.0,0.0,0.3442280888557434,0.057844024151563644,6.705298437736928e-05,1.2788814306259155,0.0,0.0
56,2.397691249847412,0.7150445580482483,14.747501373291016,2.3312501907348633,0.5342457890510559,43.985652923583984,0.8004112243652344,0.801120400428772,110.6,0.8051673173904419,0.0038749384693801403,0.07556680589914322,20.604049682617188,0.0,0.0,0.3284008800983429,1.5702322343713604e-05,0.003376313019543886,0.6758788228034973,0.0,0.0,1.127710223197937,0.4138328433036804,0.014691881835460663,0.1714928150177002,0.009456276893615723,0.2631385624408722,0.2804102301597595,0.01758035086095333,0.0003906809142790735,0.6578670144081116,1.0,0.0,0.8854777216911316,0.23048211634159088,0.0005817393539473414,0.020555322989821434,0.0,0.0,0.3463422954082489,0.05575262010097504,6.996545562287793e-05,1.2838138341903687,0.0,0.0
57,3.2914068698883057,0.320931077003479,21.325246810913086,4.022387981414795,0.43499159812927246,47.114051818847656,0.9615543484687805,0.9569456577301025,500.86,1.0379000902175903,0.05539534613490105,0.03169252723455429,5.337546348571777,0.0,0.0,0.3164987862110138,6.277718057390302e-05,0.004322776570916176,0.8486620187759399,0.0,0.0,1.2542080879211426,0.41851839423179626,0.017974218353629112,0.2649383246898651,0.014072972349822521,0.45932120084762573,0.27314940094947815,0.011767294257879257,0.0006289932643994689,0.5043914914131165,1.0,0.0,0.7741135954856873,0.28522738814353943,0.0005035087233409286,0.018196970224380493,0.0,0.0,0.34927114844322205,0.050370752811431885,9.366909944219515e-05,1.2848137617111206,0.0,0.0
58,2.279778480529785,0.8477296233177185,14.473389625549316,4.675959587097168,0.4567117989063263,59.81050491333008,0.8671860694885254,0.8669632077217102,29.64,0.7416399717330933,0.007514736149460077,0.08311668783426285,19.123350143432617,0.0,0.0,0.35221725702285767,9.884396376946825e-07,0.0022907902020961046,0.6386664509773254,0.0,0.0,1.140362024307251,0.379126638174057,0.017321553081274033,0.30261316895484924,0.015237845480442047,0.5216255187988281,0.26965630054473877,0.011150669306516647,0.0006131426780484617,0.5280337929725647,1.0,0.0,0.8324978351593018,0.26712527871131897,0.0005202600150369108,0.019689608365297318,0.0,0.0,0.3458041548728943,0.040850404649972916,0.00014431784802582115,1.2717797756195068,0.0,0.0
59,1.2504910230636597,0.22962546348571777,13.812837600708008,4.17821741104126,0.45878365635871887,52.356361389160156,0.8734763264656067,0.8762949705123901,368.25,0.8562718033790588,0.08442723006010056,0.04490033909678459,3.9129137992858887,0.0,0.0,0.3555276393890381,0.00015746572171337903,0.003846745705232024,0.9038850665092468,0.0,0.0,1.2126392126083374,0.38054150342941284,0.017794301733374596,0.2784498333930969,0.013727176003158092,0.47203466296195984,0.2712498903274536,0.012171555310487747,0.0005492988275364041,0.5400022864341736,1.0,0.0,0.7785282731056213,0.28337839245796204,0.0004942603991366923,0.01838544011116028,0.0,0.0,0.3466171622276306,0.04466487094759941,0.00012077119026798755,1.2804898023605347,0.0,0.0
60,2.928499460220337,0.9648669958114624,12.258373260498047,9.15880012512207,0.7096953988075256,55.928382873535156,0.9349963665008545,0.9339990019798279,114.21,0.679352343082428,0.0284945797175169,0.0821768119931221,30.039142608642578,0.0,0.0,0.36845722794532776,4.8276011511916295e-05,0.0011561159044504166,0.5895694494247437,0.0,0.0,0.9976652264595032,0.32166680693626404,0.01592535711824894,0.3301284909248352,0.014746589586138725,0.5867886543273926,0.29210034012794495,0.022114766761660576,0.0005697830929420888,0.7287855744361877,1.0,0.0,0.8905274868011475,0.233274906873703,0.0005656519788317382,0.020526539534330368,0.0,0.0,0.3409810960292816,0.04764845594763756,0.0001301307784160599,1.2755851745605469,0.0,0.0
61,2.9707958698272705,0.18637660145759583,20.97327423095703,2.5624802112579346,0.7127537131309509,55.733943939208984,0.9973159432411194,0.9982386231422424,92.68,0.8652580380439758,0.0864114835858345,0.03325836732983589,4.839309215545654,0.0,0.0,0.34471699595451355,0.000182696821866557,0.003235217649489641,0.9110512137413025,0.0,0.0,1.043532133102417,0.3537833094596863,0.013014758937060833,0.12509983777999878,0.006262190639972687,0.1943768709897995,0.30205124616622925,0.029902931302785873,0.0002871560864150524,0.8560730814933777,1.0,0.0,0.9241705536842346,0.19973120093345642,0.0006294907070696354,0.02108057402074337,0.0,0.0,0.3428981602191925,0.06856770813465118,3.25507644447498e-05,1.2943028211593628,0.0,0.0
62,2.690985679626465,0.7225469350814819,24.230953216552734,2.08589768409729,0.6271820068359375,41.189125061035156,0.9797646403312683,0.978733479976654,107.53,0.7819553017616272,0.004230133257806301,0.07861185073852539,19.117341995239258,0.0,0.0,0.32582756876945496,3.056383502553217e-05,0.00320067978464067,0.6589287519454956,0.0,0.0,1.0042976140975952,0.38684043288230896,0.01353085320442915,0.1318594366312027,0.007746202405542135,0.20008355379104614,0.2952372133731842,0.024358777329325676,0.0003672611783258617,0.755378007888794,1.0,0.0,0.9145980477333069,0.22001564502716064,0.0006059781881049275,0.02108842134475708,0.0,0.0,0.34498685598373413,0.0563034750521183,7.365708734141663e-05,1.2754796743392944,0.0,0.0
63,5.539030075073242,0.8338907361030579,18.396791458129883,4.6905035972595215,0.454476535320282,50.48421859741211,0.8748964071273804,0.8707917928695679,538.77,0.8724467158317566,0.008969128131866455,0.04570237547159195,17.64295768737793,0.0,0.0,0.34086108207702637,1.715496910037473e-05,0.002746665384620428,0.62516850233078,0.0,0.0,1.2008708715438843,0.3904726505279541,0.017595035955309868,0.3012343943119049,0.014851970598101616,0.5260452628135681,0.270595520734787,0.011161552742123604,0.0006158993346616626,0.520187497138977,1.0,0.0,0.8518778085708618,0.24725103378295898,0.0005454296479001641,0.020025571808218956,0.0,0.0,0.3476330041885376,0.049946434795856476,8.111591159831733e-05,1.2862094640731812,0.0,0.0
64,2.624023914337158,0.6512963175773621,10.03042221069336,6.583137035369873,0.5983226895332336,57.22138595581055,0.7907333970069885,0.7916026711463928,138.87,0.8622191548347473,0.005376894026994705,0.06360216438770294,17.11855125427246,0.0,0.0,0.3141658306121826,8.076363542386389e-07,0.002059181220829487,0.7057433128356934,0.0,0.0,1.1250377893447876,0.33399519324302673,0.016758406534790993,0.33594751358032227,0.015493321232497692,0.5630750060081482,0.28033915162086487,0.01628144644200802,0.0005785687826573849,0.6452693343162537,1.0,0.0,0.7766178846359253,0.31720462441444397,0.0004799695161636919,0.01819908432662487,0.0,0.0,0.3419494926929474,0.03487303480505943,0.00017061560356523842,1.2631828784942627,0.0,0.0
65,3.9998979568481445,0.09427233785390854,17.88266944885254,3.1308753490448,0.6265925765037537,44.51530075073242,0.9434038400650024,0.9449018836021423,168.05,0.946570098400116,0.1386999487876892,0.017399493604898453,2.523350238800049,0.0,0.0,0.34564492106437683,0.0001586235302966088,0.003835018491372466,0.9664114713668823,0.0,0.0,1.1167631149291992,0.37825125455856323,0.015041717328131199,0.17438437044620514,0.008903134614229202,0.28389972448349,0.2922244966030121,0.022564154118299484,0.00038707084604538977,0.7337373495101929,1.0,0.0,0.8203869462013245,0.2515188753604889,0.0005449511227197945,0.018801072612404823,0.0,0.0,0.34477946162223816,0.05967473238706589,6.662576197413728e-05,1.2860013246536255,0.0,0.0
66,2.9119913578033447,0.808247447013855,15.909730911254883,2.01686954498291,0.7032651305198669,56.67481231689453,0.8126726150512695,0.8159906268119812,500.35,0.7144593000411987,0.005661881063133478,0.08650065958499908,26.435466766357422,0.0,0.0,0.33338192105293274,1.84863692993531e-05,0.002429726766422391,0.6290178298950195,0.0,0.0,0.9825258851051331,0.35660797357559204,0.011744387447834015,0.11185606569051743,0.005651882849633694,0.15901821851730347,0.2976706326007843,0.028315166011452675,0.0002502923889551312,0.8701386451721191,1.0,0.0,0.9886337518692017,0.18944920599460602,0.0006588372634723783,0.022616419941186905,0.0,0.0,0.3424290716648102,0.06081530451774597,4.974336479790509e-05,1.2826722860336304,0.0,0.0
67,1.0825873613357544,0.030028143897652626,13.476920127868652,4.0867180824279785,0.6300019025802612,42.70929718017578,0.9451712369918823,0.9454686045646667,33.28,0.7253943085670471,0.17211510241031647,0.03314678370952606,1.1920058727264404,0.0,0.0,0.40988361835479736,0.0003036724519915879,0.003879956901073456,1.0089937448501587,0.0,0.0,1.0657724142074585,0.3411180377006531,0.015679484233260155,0.20968925952911377,0.010205241851508617,0.3594335615634918,0.28955045342445374,0.02157285064458847,0.000413454050431028,0.7208612561225891,1.0,0.0,0.8252983093261719,0.24245651066303253,0.0005333971930667758,0.01928340084850788,0.0,0.0,0.34396305680274963,0.0525447241961956,8.728854299988598e-05,1.285438895225525,0.0,0.0
68,2.299180269241333,0.5429559946060181,17.235891342163086,5.742264270782471,0.5025342702865601,54.67484664916992,0.9846510291099548,0.9863200783729553,171.86,0.9036889672279358,0.015144174918532372,0.05845631659030914,10.735993385314941,0.0,0.0,0.31563466787338257,1.6394182239309885e-05,0.002989292610436678,0.7438279986381531,0.0,0.0,1.167451024055481,0.3636263310909271,0.01848224177956581,0.32415321469306946,0.016271008178591728,0.5769752860069275,0.27645343542099,0.013220078311860561,0.0006711892201565206,0.5396826863288879,1.0,0.0,0.818701446056366,0.26769739389419556,0.0005257886368781328,0.019266286864876747,0.0,0.0,0.3456839323043823,0.046067897230386734,0.00010758004646049812,1.2839527130126953,0.0,0.0
69,3.066469192504883,0.13690614700317383,11.733163833618164,5.183410167694092,0.7564724087715149,40.15167999267578,0.8699372410774231,0.8726559281349182,358.12,0.8938281536102295,0.12959298491477966,0.02643231302499771,3.765622615814209,0.0,0.0,0.34559911489486694,0.0001452754222555086,0.0031449194066226482,0.9556227326393127,0.0,0.0,1.1049785614013672,0.32310229539871216,0.013360953889787197,0.1980372965335846,0.008061678148806095,0.31647729873657227,0.29970887303352356,0.02928036078810692,0.00034684501588344574,0.8640139102935791,1.0,0.0,0.8511993288993835,0.24020542204380035,0.000554306898266077,0.01942071132361889,0.0,0.0,0.3419666290283203,0.055580563843250275,0.0001000526754069142,1.2859333753585815,0.0,0.0
70,4.9906535148620605,0.11920977383852005,17.621009826660156,3.1832265853881836,0.47970664501190186,55.00129699707031,0.8621167540550232,0.8697939515113831,1023.81,1.0685704946517944,0.1313411295413971,0.012878105975687504,2.4174938201904297,0.0,0.0,0.3268515467643738,0.00011282532068435103,0.00421349611133337,0.9474554657936096,0.0,0.0,1.2557703256607056,0.4041789472103119,0.016833268105983734,0.22113178670406342,0.011409425176680088,0.36839401721954346,0.27670082449913025,0.013742068782448769,0.0004849381512030959,0.5742115378379822,1.0,0.0,0.7672276496887207,0.29228073358535767,0.0004969352739863098,0.017868515104055405,0.0,0.0,0.34727010130882263,0.04937754571437836,0.00011336858733557165,1.2821354866027832,0.0,0.0
71,1.2602113485336304,0.6364293098449707,29.55363655090332,1.5459562540054321,0.5193103551864624,42.79277801513672,0.94699627161026,0.9475516080856323,61.89,0.7623445391654968,0.004871014039963484,0.09447193145751953,12.928919792175293,0.0,0.0,0.33915776014328003,7.202425331342965e-05,0.003590797772631049,0.7078225612640381,0.0,0.0,1.064700961112976,0.4306931495666504,0.014564910903573036,0.1293538361787796,0.008422456681728363,0.18738561868667603,0.2874886691570282,0.019354259595274925,0.0004238935944158584,0.6438283324241638,1.0,0.0,0.8877916932106018,0.2292999029159546,0.0005815248005092144,0.02072189189493656,0.0,0.0,0.34884265065193176,0.052239272743463516,9.755679639056325e-05,1.268609642982483,0.0,0.0
72,3.40877366065979,0.30344218015670776,15.132401466369629,1.5033761262893677,0.5120105147361755,50.61428451538086,0.7023255228996277,0.7038567662239075,309.76,0.948021411895752,0.06613531708717346,0.03497103229165077,7.181588649749756,0.0,0.0,0.318646639585495,8.288997923955321e-05,0.003740799380466342,0.854592502117157,0.0,0.0,1.2162787914276123,0.42250096797943115,0.014835587702691555,0.1387556940317154,0.0077345906756818295,0.1915862113237381,0.27966707944869995,0.01737477071583271,0.00032163772266358137,0.6568365097045898,1.0,0.0,0.8385157585144043,0.2530790865421295,0.0005500506958924234,0.01938490942120552,0.0,0.0,0.3467000126838684,0.053583599627017975,9.149900142801926e-05,1.280263900756836,0.0,0.0
73,4.348889350891113,0.47322407364845276,13.037835121154785,3.1574108600616455,0.5289117693901062,42.19915008544922,0.738605797290802,0.7395436763763428,171.7,1.0026609897613525,0.024831630289554596,0.037815384566783905,12.132951736450195,0.0,0.0,0.2964997887611389,9.613476095182705e-07,0.002960485639050603,0.7726573944091797,0.0,0.0,1.2433985471725464,0.3964914083480835,0.015895625576376915,0.22044317424297333,0.01059248298406601,0.34004294872283936,0.2775043547153473,0.015979548916220665,0.00041373405838385224,0.6372790336608887,1.0,0.0,0.8120042681694031,0.2739690840244293,0.0005243369960226119,0.01893601380288601,0.0,0.0,0.34607383608818054,0.04806477203965187,0.0001120333035942167,1.282443642616272,0.0,0.0
74,2.0435690879821777,0.750519871711731,13.125639915466309,3.432237386703491,0.6687349677085876,43.14248275756836,0.863900899887085,0.8614816665649414,325.06,0.7480781078338623,0.003226403845474124,0.08652868121862411,25.336233139038086,0.0,0.0,0.3301607072353363,2.768783815554343e-05,0.002847766736522317,0.6555677652359009,0.0,0.0,1.0464917421340942,0.35958951711654663,0.01344643160700798,0.17794959247112274,0.008724406361579895,0.28055867552757263,0.29200318455696106,0.024477461352944374,0.00036457827081903815,0.7875849008560181,1.0,0.0,0.9267481565475464,0.21416807174682617,0.0006084771594032645,0.021295327693223953,0.0,0.0,0.34313085675239563,0.056966230273246765,7.065072713885456e-05,1.2844924926757812,0.0,0.0
75,1.758305549621582,0.8482934236526489,12.237649917602539,2.9716336727142334,0.5365406274795532,52.15380096435547,0.7854682207107544,0.7811346650123596,706.3,0.7149877548217773,0.007595055736601353,0.09520271420478821,23.94743537902832,0.0,0.0,0.3533717691898346,1.941060872923117e-05,0.0028451750986278057,0.633637011051178,0.0,0.0,1.0976893901824951,0.39937761425971985,0.014900081790983677,0.20171904563903809,0.01072339154779911,0.3233521282672882,0.2782125473022461,0.016453295946121216,0.0004266262403689325,0.6488097906112671,1.0,0.0,0.8724030256271362,0.24034817516803741,0.0005601961747743189,0.02023286372423172,0.0,0.0,0.34480810165405273,0.050166524946689606,0.00011723239003913477,1.2757537364959717,0.0,0.0
76,2.6511123180389404,0.17703601717948914,11.040040969848633,5.055146217346191,0.5316870808601379,55.18490982055664,0.8062155842781067,0.8072157502174377,153.68,0.9577906131744385,0.12417381256818771,0.025679929181933403,3.2638626098632812,0.0,0.0,0.34013813734054565,0.00011505530710564926,0.003445562208071351,0.9258947372436523,0.0,0.0,1.2192120552062988,0.35184457898139954,0.017595572397112846,0.3023827373981476,0.013925636187195778,0.5032973885536194,0.27620550990104675,0.014280973002314568,0.0005294840084388852,0.6001684665679932,1.0,0.0,0.7289260029792786,0.3339260220527649,0.0004530878213699907,0.017079656943678856,0.0,0.0,0.3438565731048584,0.03764181584119797,0.0001557644864078611,1.268994688987732,0.0,0.0
77,4.126319885253906,0.539530873298645,15.812418937683105,4.9180121421813965,0.4403671324253082,45.661773681640625,0.8600093722343445,0.86269611120224,362.13,1.0356029272079468,0.018357060849666595,0.03821922093629837,12.764836311340332,0.0,0.0,0.30102482438087463,1.1059850066885701e-06,0.0033553531393408775,0.7450868487358093,0.0,0.0,1.2979925870895386,0.4105232059955597,0.01841689459979534,0.32571515440940857,0.015579785220324993,0.5482267141342163,0.26837489008903503,0.010648633353412151,0.0006271105376072228,0.5084034204483032,1.0,0.0,0.7686137557029724,0.2970865070819855,0.0004940424114465714,0.0180496983230114,0.0,0.0,0.3478012979030609,0.04718615859746933,0.00010370168456574902,1.285247802734375,0.0,0.0
78,5.190240383148193,0.8479902744293213,16.912620544433594,3.81758713722229,0.7163282036781311,49.713375091552734,0.9017138481140137,0.9028571248054504,140.43,0.7756974101066589,0.006182457786053419,0.05880183354020119,29.969682693481445,0.0,0.0,0.3319264054298401,2.063535703200614e-06,0.0019391668029129505,0.6148027181625366,0.0,0.0,1.0219452381134033,0.35779869556427,0.012939312495291233,0.1710764765739441,0.007911507040262222,0.27297961711883545,0.29748618602752686,0.027293352410197258,0.00035321724135428667,0.834343671798706,1.0,0.0,0.972000241279602,0.19672374427318573,0.0006491903332062066,0.022154057398438454,0.0,0.0,0.342507541179657,0.06279368698596954,4.270829231245443e-05,1.2890342473983765,0.0,0.0
79,2.006150245666504,0.46666303277015686,17.35032844543457,1.9250918626785278,0.5676440596580505,41.62057113647461,0.8487750887870789,0.8470224142074585,243.79,0.8554578423500061,0.0243564173579216,0.06430518627166748,11.661932945251465,0.0,0.0,0.3231094181537628,8.025259739952162e-05,0.0038280494045466185,0.7772465944290161,0.0,0.0,1.109510064125061,0.4120018780231476,0.014468402601778507,0.14237432181835175,0.008090219460427761,0.21169421076774597,0.286496102809906,0.02066277526319027,0.0003511778195388615,0.7003927826881409,1.0,0.0,0.8706755638122559,0.23109130561351776,0.0005788792623206973,0.020074957981705666,0.0,0.0,0.34630855917930603,0.05963047966361046,5.986037649563514e-05,1.2834687232971191,0.0,0.0
80,2.6727354526519775,0.5260527729988098,12.298948287963867,9.809974670410156,0.45363304018974304,48.5147590637207,0.8876235485076904,0.8856129050254822,255.78,1.030949592590332,0.024737589061260223,0.04132545366883278,12.331694602966309,0.0,0.0,0.305948942899704,1.1044978691643337e-06,0.0029197190888226032,0.7534455060958862,0.0,0.0,1.3113129138946533,0.31635332107543945,0.022145802155137062,0.5404724478721619,0.023420408368110657,0.9535108208656311,0.2635883688926697,0.008192433975636959,0.0008225464844144881,0.47589609026908875,1.0,0.0,0.7251614332199097,0.3332238793373108,0.0004517353081610054,0.017208123579621315,0.0,0.0,0.34541866183280945,0.03884653374552727,0.00010137340723304078,1.286713719367981,0.0,0.0
81,4.808706283569336,0.7752822637557983,19.234418869018555,3.7679202556610107,0.7030824422836304,48.07913589477539,0.9800961017608643,0.977148711681366,307.76,0.819404661655426,0.0030622039921581745,0.057348594069480896,25.1264591217041,0.0,0.0,0.31859418749809265,9.369910003442783e-07,0.0022615771740674973,0.6391686201095581,0.0,0.0,1.0135412216186523,0.3639332354068756,0.013221375644207,0.17017921805381775,0.008537566289305687,0.2800781726837158,0.29807859659194946,0.02661743387579918,0.00038808005047030747,0.8117605447769165,1.0,0.0,0.9450259804725647,0.20672956109046936,0.0006335841026157141,0.021642373874783516,0.0,0.0,0.34274569153785706,0.06143569573760033,4.667452958528884e-05,1.2885584831237793,0.0,0.0
82,2.7711222171783447,0.5185201168060303,36.14676284790039,1.6339889764785767,0.4797150492668152,44.305423736572266,0.9644297361373901,0.965051531791687,66.81,0.923159658908844,0.019802676513791084,0.05930593982338905,8.449363708496094,0.0,0.0,0.3193947374820709,3.918237780453637e-05,0.0033812844194471836,0.7668009996414185,0.0,0.0,1.103058934211731,0.4353828430175781,0.014686302281916142,0.136646568775177,0.009242290630936623,0.204873189330101,0.2843848466873169,0.01620277389883995,0.0004981970996595919,0.5949988961219788,1.0,0.0,0.7875248193740845,0.297906756401062,0.0004959976649843156,0.018484117463231087,0.0,0.0,0.3496910631656647,0.039209239184856415,0.00022254724171943963,1.2462326288223267,0.0,0.0
83,4.6266770362854,0.9528111219406128,21.689109802246094,2.471590995788574,0.6551952958106995,70.00353240966797,0.9411537647247314,0.9395633339881897,179.86,0.7126927971839905,0.01926882378757,0.07198578119277954,25.292360305786133,0.0,0.0,0.36232101917266846,2.4007198589970358e-05,0.0014044373529031873,0.5831603407859802,0.0,0.0,1.0007792711257935,0.37366482615470886,0.013347876258194447,0.13897842168807983,0.007546050474047661,0.2191493809223175,0.29539763927459717,0.025009820237755775,0.0003446626360528171,0.783336877822876,1.0,0.0,0.9940319061279297,0.18465672433376312,0.0006574572762474418,0.02279500663280487,0.0,0.0,0.34324270486831665,0.05917162448167801,5.552510265260935e-05,1.2804036140441895,0.0,0.0
84,4.887427806854248,0.5666151642799377,25.25215721130371,2.0828685760498047,0.47695422172546387,56.77277755737305,0.9013762474060059,0.8989620804786682,297.93,0.9970289468765259,0.011423848569393158,0.04178762063384056,12.29466438293457,0.0,0.0,0.30255061388015747,1.1124766388093121e-06,0.0030444208532571793,0.7319939136505127,0.0,0.0,1.195852518081665,0.4561093747615814,0.01563231460750103,0.1630273312330246,0.009904404170811176,0.25594550371170044,0.2804204225540161,0.015862589702010155,0.00047224320587702096,0.5866827368736267,1.0,0.0,0.8538665771484375,0.240820974111557,0.0005717095918953419,0.01998922973871231,0.0,0.0,0.34865549206733704,0.05607745796442032,6.421801663236693e-05,1.2869154214859009,0.0,0.0
85,5.856377601623535,0.9922844767570496,20.64410400390625,3.13641357421875,0.6858943700790405,66.10427856445312,0.9402377009391785,0.943223237991333,336.64,0.7042742967605591,0.02499016560614109,0.06010008603334427,27.730302810668945,0.0,0.0,0.37372836470603943,4.107740824110806e-05,0.0014861447270959616,0.5690003633499146,0.0,0.0,0.998654305934906,0.3596048653125763,0.0132411764934659,0.15371936559677124,0.007790313567966223,0.24956700205802917,0.2967115342617035,0.025846878066658974,0.0003547131491359323,0.8060988187789917,1.0,0.0,1.0016872882843018,0.18152670562267303,0.0006615488673560321,0.022896796464920044,0.0,0.0,0.34277889132499695,0.061193257570266724,4.821593392989598e-05,1.2837328910827637,0.0,0.0
86,5.836730003356934,0.7045900225639343,14.814157485961914,5.811016082763672,0.7922733426094055,59.35239028930664,0.8721044659614563,0.8755765557289124,454.7,0.7740924954414368,1.0481072649781709e-06,0.051110778003931046,26.795391082763672,0.0,0.0,0.30373913049697876,8.233447488237289e-07,0.0019926049280911684,0.6844541430473328,0.0,0.0,0.9645569324493408,0.3325544595718384,0.011390204541385174,0.19324614107608795,0.008541282266378403,0.31275641918182373,0.30282294750213623,0.030012361705303192,0.0003946143842767924,0.8943524956703186,1.0,0.0,0.9989965558052063,0.20091193914413452,0.0006616113823838532,0.0229435283690691,0.0,0.0,0.3412013053894043,0.05284027010202408,7.500043284380808e-05,1.2821483612060547,0.0,0.0
87,1.215181827545166,0.0787511095404625,12.51926040649414,5.838884353637695,0.7581292986869812,56.90665054321289,0.9930816888809204,0.9935399889945984,46.45,0.6924222111701965,0.16120465099811554,0.04105730727314949,1.9347401857376099,0.0,0.0,0.39575639367103577,0.00023751512344460934,0.002647694665938616,0.9865527153015137,0.0,0.0,0.9945989847183228,0.3020803928375244,0.013695826753973961,0.20843741297721863,0.009126052260398865,0.3554186522960663,0.3005860447883606,0.028202107176184654,0.0003895313129760325,0.84199458360672,1.0,0.0,0.8480636477470398,0.24293233454227448,0.0005433331243693829,0.019741782918572426,0.0,0.0,0.3407953083515167,0.048079852014780045,0.000126189217553474,1.277970314025879,0.0,0.0
88,1.631195068359375,0.04237854480743408,15.450509071350098,8.481339454650879,0.41933712363243103,49.91170120239258,0.981075644493103,0.981428325176239,36.63,0.9411828517913818,0.15904034674167633,0.01627078466117382,2.394763708114624,0.0,0.0,0.3807249665260315,0.00021874126105103642,0.004763915669173002,0.9971074461936951,0.0,0.0,1.2798819541931152,0.3314203917980194,0.022168608382344246,0.476641446352005,0.02167385257780552,0.8888341188430786,0.26451703906059265,0.007987121120095253,0.0008270542602986097,0.4416489601135254,1.0,0.0,0.713880181312561,0.3178465664386749,0.0004479218041524291,0.01688959263265133,0.0,0.0,0.3471349775791168,0.04456505924463272,9.473849058849737e-05,1.2892342805862427,0.0,0.0
89,5.381837368011475,0.9833389520645142,13.00267505645752,5.74705696105957,0.41614288091659546,44.745933532714844,0.7221636176109314,0.7245035767555237,447.23,0.8005927801132202,0.025455409660935402,0.04654894396662712,26.710765838623047,0.0,0.0,0.38500452041625977,8.817888010526076e-05,0.0024900860153138638,0.582226574420929,0.0,0.0,1.2856603860855103,0.38644447922706604,0.018675146624445915,0.38692957162857056,0.016568871214985847,0.6630023717880249,0.26007378101348877,0.008041009306907654,0.0006107272929511964,0.4917978048324585,1.0,0.0,0.8368131518363953,0.24619092047214508,0.0005250285030342638,0.019573651254177094,0.0,0.0,0.3477179706096649,0.050997957587242126,8.689259266247973e-05,1.289476752281189,0.0,0.0
90,5.641736030578613,0.8544148802757263,27.831148147583008,3.268230438232422,0.4411892592906952,49.31303405761719,0.9726848006248474,0.972690761089325,0.63,0.8798193335533142,0.010225354693830013,0.048294275999069214,17.170164108276367,0.0,0.0,0.34860458970069885,3.256145282648504e-05,0.0028901132754981518,0.6252476572990417,0.0,0.0,1.168858289718628,0.44812917709350586,0.016699722036719322,0.22246183454990387,0.012871453538537025,0.37996789813041687,0.2758687138557434,0.012906000018119812,0.0006228896672837436,0.5179297924041748,1.0,0.0,0.8426742553710938,0.24575069546699524,0.0005470560281537473,0.019798142835497856,0.0,0.0,0.3497604727745056,0.05226746201515198,9.023707389133051e-05,1.278864860534668,0.0,0.0
91,2.870640754699707,0.19020339846611023,16.263113021850586,2.2950870990753174,0.5337573885917664,49.40668487548828,0.8365973830223083,0.8327062129974365,558.56,0.9296099543571472,0.10012692958116531,0.02961241453886032,4.261929035186768,0.0,0.0,0.3418557941913605,0.0001521669328212738,0.004114398267120123,0.9140326976776123,0.0,0.0,1.1676968336105347,0.41531631350517273,0.01545866671949625,0.16735190153121948,0.009080545976758003,0.2611342668533325,0.2824039161205292,0.017937229946255684,0.0003840499266516417,0.6541716456413269,1.0,0.0,0.8193072080612183,0.2539384663105011,0.0005413258331827819,0.018895799294114113,0.0,0.0,0.346359521150589,0.05761251226067543,7.222084968816489e-05,1.283947229385376,0.0,0.0
92,2.5892982482910156,0.43342021107673645,13.858092308044434,6.504620552062988,0.6164212822914124,49.19216537475586,0.9561293721199036,0.9542311429977417,208.06,0.9379088878631592,0.03153858333826065,0.04800982028245926,10.642143249511719,0.0,0.0,0.3104853630065918,4.369808448245749e-05,0.0030414920765906572,0.7915522456169128,0.0,0.0,1.1352190971374512,0.34686487913131714,0.017269175499677658,0.30884233117103577,0.014647704549133778,0.5359129309654236,0.2859558165073395,0.018610408529639244,0.0005864112754352391,0.6527705192565918,1.0,0.0,0.8038241267204285,0.27674928307533264,0.0005191786331124604,0.018657086417078972,0.0,0.0,0.3431345224380493,0.04752491042017937,0.00011176549742231146,1.2824898958206177,0.0,0.0
93,5.082917213439941,0.051145464181900024,23.516860961914062,1.9487552642822266,0.49662110209465027,44.57218933105469,0.8935345411300659,0.8935696482658386,4.4,1.0414625406265259,0.15973356366157532,0.012307463213801384,1.6989665031433105,0.0,0.0,0.3451433479785919,0.00016215066716540605,0.004481701646000147,0.9933969378471375,0.0,0.0,1.1969223022460938,0.4385128319263458,0.015741471201181412,0.15209132432937622,0.00900433398783207,0.2385808229446411,0.28301161527633667,0.016773981973528862,0.00042036143713630736,0.6125319004058838,1.0,0.0,0.776290774345398,0.273945152759552,0.0005126561154611409,0.018019039183855057,0.0,0.0,0.348858505487442,0.05590429902076721,8.831981540424749e-05,1.2797276973724365,0.0,0.0
94,2.107024669647217,0.9970951676368713,38.0593376159668,1.5489953756332397,0.5628004670143127,44.99071502685547,0.9985712170600891,0.9995728731155396,100.35,0.6182824373245239,0.04146110266447067,0.11232021450996399,18.458229064941406,0.0,0.0,0.38778185844421387,5.436420178739354e-05,0.002159347292035818,0.5749393701553345,0.0,0.0,0.9732296466827393,0.3969591557979584,0.013850810006260872,0.12413140386343002,0.0077833631075918674,0.18105998635292053,0.2926546633243561,0.021259920671582222,0.00039543892489746213,0.6917849183082581,1.0,0.0,0.9055560231208801,0.23222573101520538,0.000563635490834713,0.02095530927181244,0.0,0.0,0.3464944064617157,0.04225334897637367,0.0002190366794820875,1.2433180809020996,0.0,0.0
95,4.901872158050537,0.5546125173568726,18.56290626525879,9.031733512878418,0.4714982509613037,47.31488037109375,0.9928486347198486,0.9944308400154114,160.25,1.0819811820983887,0.02127797156572342,0.03236706182360649,11.868142127990723,0.0,0.0,0.29574054479599,1.1430556696723215e-06,0.0031931197736412287,0.7289879322052002,0.0,0.0,1.2672892808914185,0.34165477752685547,0.021381957456469536,0.4714256823062897,0.022073041647672653,0.8671565651893616,0.27031373977661133,0.009702855721116066,0.0008571854559704661,0.4738531708717346,1.0,0.0,0.7500982880592346,0.31290024518966675,0.0004764464101754129,0.017664458602666855,0.0,0.0,0.3464404046535492,0.04440478980541229,9.546266664983705e-05,1.2881454229354858,0.0,0.0
96,4.3505682945251465,0.09247485548257828,19.454755783081055,2.2350575923919678,0.5462126135826111,42.65550994873047,0.881263792514801,0.8798312544822693,184.76,0.9903895854949951,0.14574076235294342,0.015992727130651474,2.4405364990234375,0.0,0.0,0.3427058160305023,0.0001511440350441262,0.004051627591252327,0.9678056240081787,0.0,0.0,1.1715261936187744,0.4167858958244324,0.015483061783015728,0.1591668725013733,0.008764052763581276,0.2482748180627823,0.2857031524181366,0.018986999988555908,0.00038515729829669,0.66387939453125,1.0,0.0,0.7932244539260864,0.265392929315567,0.0005244649364612997,0.018306268379092216,0.0,0.0,0.3471013605594635,0.0575425960123539,7.93076105765067e-05,1.2825219631195068,0.0,0.0
97,3.87121319770813,0.09897558391094208,13.411917686462402,9.206357955932617,0.7179946899414062,57.69585418701172,0.9962196350097656,0.995632529258728,59.19,0.9647513628005981,0.15716329216957092,0.016867833212018013,3.2754781246185303,0.0,0.0,0.3402193784713745,0.00011823587556136772,0.0034553040750324726,0.9784895181655884,0.0,0.0,1.0980957746505737,0.3137304484844208,0.016773944720625877,0.3199140131473541,0.01405615545809269,0.5659756660461426,0.29596251249313354,0.022955460473895073,0.0005538032855838537,0.7340789437294006,1.0,0.0,0.7559739351272583,0.30471372604370117,0.0004831677651964128,0.017517028376460075,0.0,0.0,0.34140917658805847,0.04398452118039131,0.0001293273235205561,1.276997447013855,0.0,0.0
98,5.528116703033447,0.26761043071746826,17.807710647583008,3.3131766319274902,0.5210177898406982,47.87516403198242,0.8646612763404846,0.8670812249183655,322.78,1.0608327388763428,0.06793287396430969,0.02333034947514534,5.290453910827637,0.0,0.0,0.2998252213001251,4.187958256807178e-05,0.003534641582518816,0.8682500123977661,0.0,0.0,1.207957148551941,0.3902725279331207,0.01634271815419197,0.21654637157917023,0.011177459731698036,0.3606451153755188,0.28045278787612915,0.015598675236105919,0.00047092861495912075,0.612786591053009,1.0,0.0,0.7958344221115112,0.2761383652687073,0.0005185983027331531,0.01858190819621086,0.0,0.0,0.34678301215171814,0.05079956352710724,9.472043893765658e-05,1.2846113443374634,0.0,0.0
99,5.926326751708984,0.964800238609314,18.858627319335938,5.599934101104736,0.5094847679138184,44.06881332397461,0.9166409969329834,0.9205679893493652,465.38,0.80281662940979,0.022341402247548103,0.04827532172203064,25.69774627685547,0.0,0.0,0.3768226206302643,8.55298203532584e-05,0.0021574804559350014,0.5787304639816284,0.0,0.0,1.1563880443572998,0.400798499584198,0.01796773634850979,0.31991344690322876,0.015407037921249866,0.5709917545318604,0.27557480335235596,0.013553258031606674,0.0006323186680674553,0.5536295175552368,1.0,0.0,0.8553040623664856,0.23303090035915375,0.0005503442953340709,0.019801612943410873,0.0,0.0,0.3466518223285675,0.05742199718952179,6.471167580457404e-05,1.287676215171814,0.0,0.0
100,1.677635908126831,0.5201399326324463,36.946502685546875,1.789035439491272,0.44861236214637756,53.19330596923828,0.9843813180923462,0.9835547804832458,85.37,0.8688087463378906,0.012781048193573952,0.07387951016426086,8.769359588623047,0.0,0.0,0.33368781208992004,7.232440839288756e-05,0.0026391581632196903,0.770138680934906,0.0,0.0,1.1435415744781494,0.4631900191307068,0.015198261477053165,0.14670142531394958,0.00962731335312128,0.22741004824638367,0.28105008602142334,0.015105927363038063,0.0005146576440893114,0.5629006624221802,1.0,0.0,0.8527469038963318,0.23966768383979797,0.0005592460511252284,0.020108748227357864,0.0,0.0,0.35128265619277954,0.05230408534407616,9.801948181120679e-05,1.2729434967041016,0.0,0.0
101,5.064269542694092,0.23731602728366852,11.545492172241211,5.495887756347656,0.7973389625549316,53.795318603515625,0.7534235119819641,0.7561876177787781,485.16,0.9898728728294373,0.0857304185628891,0.024689549580216408,7.412123203277588,0.0,0.0,0.305513471364975,5.314751615514979e-05,0.0028218207880854607,0.9089749455451965,0.0,0.0,1.1122663021087646,0.3219057619571686,0.01198268961161375,0.18559743463993073,0.0071806954219937325,0.292005717754364,0.3028503656387329,0.03096555918455124,0.0003197411715518683,0.9165534377098083,1.0,0.0,0.8369688987731934,0.25749245285987854,0.0005440826644189656,0.019097281619906425,0.0,0.0,0.3414837419986725,0.05239444971084595,0.00011298035678919405,1.282150387763977,0.0,0.0
102,3.762000799179077,0.8841530680656433,15.755793571472168,6.28326940536499,0.5326662659645081,59.13267135620117,0.9263471364974976,0.9252095818519592,132.73,0.7966248393058777,0.013637219555675983,0.06404881179332733,20.205589294433594,0.0,0.0,0.35039079189300537,1.3194709026720375e-05,0.0021183679345995188,0.6120008826255798,0.0,0.0,1.1148518323898315,0.35481491684913635,0.01792607270181179,0.33700627088546753,0.016366465017199516,0.6072403192520142,0.27700573205947876,0.01361493207514286,0.0006556155858561397,0.5673585534095764,1.0,0.0,0.8529418706893921,0.2525280714035034,0.0005391354206949472,0.019870242103934288,0.0,0.0,0.34425342082977295,0.04562617093324661,0.00012494511611294,1.2765967845916748,0.0,0.0
103,1.1380480527877808,0.6119125485420227,10.340590476989746,7.529576301574707,0.6319805383682251,57.21084976196289,0.8937674760818481,0.8916954398155212,259.99,0.7685528993606567,0.005314331967383623,0.08455653488636017,15.145730018615723,0.0,0.0,0.32680222392082214,3.636149631347507e-05,0.0017467221478000283,0.7247156500816345,0.0,0.0,1.0909168720245361,0.3195456862449646,0.0171212051063776,0.34745344519615173,0.015875987708568573,0.5814183354377747,0.2844145596027374,0.018484370782971382,0.0005987120675854385,0.6618233919143677,1.0,0.0,0.8001728057861328,0.2947588562965393,0.0004956735065206885,0.018848566338419914,0.0,0.0,0.34137269854545593,0.034962791949510574,0.00016238623356912285,1.265803575515747,0.0,0.0
104,5.813864231109619,0.28982287645339966,22.082626342773438,3.2969400882720947,0.457806795835495,58.61158752441406,0.9159365892410278,0.916627824306488,82.33,1.1363379955291748,0.0624191053211689,0.022188790142536163,5.034576416015625,0.0,0.0,0.297396183013916,3.3223634090973064e-05,0.003773959120735526,0.8565104007720947,0.0,0.0,1.2698897123336792,0.42684102058410645,0.017070386558771133,0.2262662947177887,0.012328404001891613,0.3851059079170227,0.2762283980846405,0.013069949112832546,0.0005566663458012044,0.5414974689483643,1.0,0.0,0.7787151336669922,0.2840309143066406,0.0005095810047350824,0.018234379589557648,0.0,0.0,0.3482852280139923,0.05026162043213844,0.00010002509225159883,1.2848585844039917,0.0,0.0
105,1.6835373640060425,0.9002454280853271,18.047332763671875,4.536580562591553,0.5345890522003174,40.34720230102539,0.9952420592308044,0.9926438331604004,263.0,0.717411994934082,0.01455624308437109,0.0942821204662323,24.564678192138672,0.0,0.0,0.3654480278491974,4.898614133708179e-05,0.0035793017596006393,0.6079442501068115,0.0,0.0,1.0912548303604126,0.4103553891181946,0.017099149525165558,0.2600831389427185,0.013769968412816525,0.45112159848213196,0.28113284707069397,0.016552334651350975,0.0005908682942390442,0.5931970477104187,1.0,0.0,0.8647904396057129,0.2287200391292572,0.0005649776430800557,0.020071400329470634,0.0,0.0,0.3466291129589081,0.05854129418730736,5.9114656323799863e-05,1.2855887413024902,0.0,0.0
106,1.1281237602233887,0.3424684703350067,20.560283660888672,2.682342529296875,0.4028795063495636,49.55891418457031,0.9052646160125732,0.9052174687385559,5.75,0.8807822465896606,0.04185149818658829,0.05873402580618858,5.672487258911133,0.0,0.0,0.3478478789329529,0.0001487004046794027,0.004525208845734596,0.8527520895004272,0.0,0.0,1.226119041442871,0.45038583874702454,0.016603965312242508,0.20380857586860657,0.011688226833939552,0.3413049876689911,0.2708590030670166,0.011711083352565765,0.0005367528647184372,0.5108691453933716,1.0,0.0,0.8282949328422546,0.2441788613796234,0.0005465061403810978,0.01947697252035141,0.0,0.0,0.35079023241996765,0.058319587260484695,5.0364091293886304e-05,1.2899043560028076,0.0,0.0
107,2.969292640686035,0.181959331035614,15.030915260314941,5.029155254364014,0.6943737268447876,40.95610427856445,0.9836845397949219,0.9822929501533508,144.02,0.9208565950393677,0.10486611723899841,0.029540453106164932,4.307140350341797,0.0,0.0,0.3378087878227234,0.00013701141870114952,0.0036750519648194313,0.9210113883018494,0.0,0.0,1.0930757522583008,0.3433724641799927,0.014974496327340603,0.21730254590511322,0.010091227479279041,0.36467403173446655,0.29596057534217834,0.025086751207709312,0.0004345620982348919,0.7746151089668274,1.0,0.0,0.8261013627052307,0.2533887028694153,0.000541594868991524,0.018938561901450157,0.0,0.0,0.3428531289100647,0.05555609241127968,9.022191807162017e-05,1.2847628593444824,0.0,0.0
108,5.815485954284668,0.9914935231208801,19.218557357788086,3.532264232635498,0.6117300391197205,54.7907600402832,0.9054264426231384,0.9039125442504883,184.98,0.7248482704162598,0.023890458047389984,0.05632619559764862,26.570606231689453,0.0,0.0,0.37764281034469604,5.980234345770441e-05,0.0017552678473293781,0.5667476058006287,0.0,0.0,1.0430775880813599,0.3819718360900879,0.014749343506991863,0.1947677880525589,0.009967466816306114,0.33109521865844727,0.2882569134235382,0.02050018683075905,0.0004323169123381376,0.7060171961784363,1.0,0.0,0.9605631232261658,0.19385652244091034,0.0006322429399006069,0.02202841453254223,0.0,0.0,0.3443523049354553,0.0628110021352768,4.2222814954584464e-05,1.287278413772583,0.0,0.0
109,2.8684167861938477,0.00873815268278122,13.864614486694336,2.247802972793579,0.6448830962181091,40.984588623046875,0.8203170299530029,0.8188828825950623,213.5,0.8403887152671814,0.20477621257305145,0.016668759286403656,1.305652379989624,0.0,0.0,0.3863493502140045,0.0002381718368269503,0.00375028932467103,1.0209060907363892,0.0,0.0,1.0990537405014038,0.3696935474872589,0.013694997876882553,0.1370687484741211,0.006843327544629574,0.20739158987998962,0.29233860969543457,0.024264272302389145,0.0002811538870446384,0.7915121912956238,1.0,0.0,0.8364620208740234,0.23731191456317902,0.000550363736692816,0.019118716940283775,0.0,0.0,0.34450191259384155,0.06103711947798729,6.914612458785996e-05,1.2852028608322144,0.0,0.0
110,1.323329210281372,0.391226202249527,11.617680549621582,6.637732982635498,0.7416733503341675,51.75123596191406,0.958696722984314,0.9594591856002808,82.89,0.8113017082214355,0.03895224258303642,0.06710024923086166,10.276907920837402,0.0,0.0,0.3311297595500946,0.0001017443573800847,0.0024408947210758924,0.8185498118400574,0.0,0.0,1.0531071424484253,0.3288086950778961,0.01438179798424244,0.24505482614040375,0.010876057669520378,0.41134217381477356,0.297474205493927,0.026814641430974007,0.0004535458283498883,0.8060632348060608,1.0,0.0,0.8436752557754517,0.25384604930877686,0.0005436138017103076,0.019466537982225418,0.0,0.0,0.34084197878837585,0.048128094524145126,0.00012329648598097265,1.2784677743911743,0.0,0.0
111,1.0724680423736572,0.19268327951431274,26.272554397583008,1.8371025323867798,0.41726821660995483,47.72669982910156,0.9095526337623596,0.9080029129981995,187.65,0.8414500951766968,0.08294373750686646,0.04895026609301567,3.3052241802215576,0.0,0.0,0.3766190707683563,0.0002611277741380036,0.00476478785276413,0.9288474321365356,0.0,0.0,1.1945477724075317,0.4669380486011505,0.01591295748949051,0.15456271171569824,0.00965660996735096,0.24254795908927917,0.2759418189525604,0.013741138391196728,0.00048223522026091814,0.5380958914756775,1.0,0.0,0.8312222361564636,0.23741333186626434,0.0005531797069124877,0.019529100507497787,0.0,0.0,0.3520141839981079,0.06139002740383148,4.92653671244625e-05,1.286187767982483,0.0,0.0
112,1.2451761960983276,0.9189996719360352,21.632068634033203,1.9296507835388184,0.4222433269023895,42.20175552368164,0.8661659359931946,0.8630566000938416,415.94,0.6536843776702881,0.013047892600297928,0.10875693708658218,19.81018829345703,0.0,0.0,0.38212451338768005,6.228417623788118e-05,0.004535514395684004,0.6244359612464905,0.0,0.0,1.1359190940856934,0.46389973163604736,0.015626810491085052,0.1627320647239685,0.00993476901203394,0.24969902634620667,0.2739883065223694,0.013675863854587078,0.00046898311120457947,0.5461947917938232,1.0,0.0,0.9089467525482178,0.20771388709545135,0.0005999808199703693,0.021350091323256493,0.0,0.0,0.35147565603256226,0.06250672042369843,3.9782320527592674e-05,1.2861777544021606,0.0,0.0
113,4.54963493347168,0.021145446226000786,10.624748229980469,4.991447448730469,0.5591186285018921,42.111324310302734,0.7578164339065552,0.7575169205665588,52.17,1.0398789644241333,0.2022514045238495,0.008008239790797234,1.4007154703140259,0.0,0.0,0.34851983189582825,0.00013945069804321975,0.003701199544593692,1.0132704973220825,0.0,0.0,1.2773563861846924,0.35042425990104675,0.017589276656508446,0.29131051898002625,0.012426737695932388,0.4817565977573395,0.2788352370262146,0.015763381496071815,0.00045562454033643007,0.6370821595191956,1.0,0.0,0.7426583170890808,0.30541250109672546,0.0004694963281508535,0.017270859330892563,0.0,0.0,0.3449617028236389,0.04574131965637207,0.00011183124297531322,1.2830109596252441,0.0,0.0
114,2.1895182132720947,0.6877298355102539,29.92078971862793,1.6665016412734985,0.7698706984519958,48.2980842590332,0.9846036434173584,0.982845664024353,181.66,0.7099456191062927,0.005059835501015186,0.09570278227329254,20.2009220123291,0.0,0.0,0.3232000172138214,5.14630664838478e-05,0.002439510775730014,0.6583797931671143,0.0,0.0,0.9356529116630554,0.3230031132698059,0.010543870739638805,0.0863410234451294,0.003757860278710723,0.11381661891937256,0.30956342816352844,0.03657209500670433,0.00017963458958547562,0.9663931727409363,1.0,0.0,1.0553922653198242,0.1715458333492279,0.0007111383019946516,0.023944498971104622,0.0,0.0,0.34086883068084717,0.06328053772449493,4.49293183919508e-05,1.2819786071777344,0.0,0.0
115,2.427659511566162,0.952678918838501,16.979448318481445,3.2403550148010254,0.518536388874054,45.70783233642578,0.8974592685699463,0.8987939953804016,165.47,0.6884409785270691,0.019644208252429962,0.0898209810256958,25.627424240112305,0.0,0.0,0.3746489882469177,4.541713497019373e-05,0.0032335978467017412,0.5932687520980835,0.0,0.0,1.1019824743270874,0.4157358705997467,0.016042131930589676,0.2130841612815857,0.011289635673165321,0.3517918884754181,0.2792735695838928,0.016400422900915146,0.00047893045120872557,0.612389326095581,1.0,0.0,0.9096144437789917,0.21140165627002716,0.0005972065846435726,0.021065011620521545,0.0,0.0,0.3467918634414673,0.06098289042711258,4.612308111973107e-05,1.2870246171951294,0.0,0.0
116,2.3427693843841553,0.10576176643371582,14.670881271362305,7.284219741821289,0.47040218114852905,48.998695373535156,0.9520357847213745,0.9515470862388611,53.95,0.9650603532791138,0.13521726429462433,0.01864040084183216,2.493305206298828,0.0,0.0,0.3558966815471649,0.0001569215819472447,0.0043129692785441875,0.960761308670044,0.0,0.0,1.2529871463775635,0.3431713283061981,0.02071026712656021,0.4089500904083252,0.01868872344493866,0.7359948754310608,0.27067646384239197,0.010709976777434349,0.0007179535459727049,0.4973193109035492,1.0,0.0,0.7270782589912415,0.31513890624046326,0.00045895014773122966,0.017162105068564415,0.0,0.0,0.34607574343681335,0.043954502791166306,0.00010467176616657525,1.285573959350586,0.0,0.0
117,2.6954493522644043,0.41181981563568115,16.606693267822266,4.4144206047058105,0.6212571859359741,41.015262603759766,0.9830954074859619,0.9876797795295715,472.14,0.9393513798713684,0.03458095341920853,0.04809807613492012,10.055390357971191,0.0,0.0,0.31281596422195435,6.173645670060068e-05,0.0035581670235842466,0.7988309860229492,0.0,0.0,1.1097990274429321,0.37778401374816895,0.01583923026919365,0.22626811265945435,0.011463658884167671,0.38296011090278625,0.28958243131637573,0.021112635731697083,0.0004918029299005866,0.6950705647468567,1.0,0.0,0.8197468519210815,0.2590235471725464,0.0005385945551097393,0.01889266073703766,0.0,0.0,0.34428560733795166,0.05468578264117241,8.777774928603321e-05,1.2831757068634033,0.0,0.0
118,5.213603973388672,0.7906385064125061,35.595863342285156,1.741613507270813,0.5171777606010437,45.17836380004883,0.9718512296676636,0.9720007181167603,15.82,0.8616436123847961,0.005552859976887703,0.05463876947760582,15.075282096862793,0.0,0.0,0.3303011357784271,9.283832696382888e-06,0.0024590895045548677,0.6525622606277466,0.0,0.0,1.0636506080627441,0.42429909110069275,0.014467363245785236,0.13865390419960022,0.00908240769058466,0.20723138749599457,0.28732797503471375,0.018115060403943062,0.0004770709783770144,0.6295545697212219,1.0,0.0,0.8347653150558472,0.273647278547287,0.0005259303143247962,0.019495908170938492,0.0,0.0,0.3477095067501068,0.03972328454256058,0.0002204571501351893,1.247641921043396,0.0,0.0
119,5.613280773162842,0.8462837934494019,16.50965118408203,2.252244710922241,0.7675207853317261,58.108638763427734,0.7517233490943909,0.7498204112052917,337.61,0.7638643980026245,0.004922896157950163,0.05751882493495941,31.702417373657227,0.0,0.0,0.329224556684494,8.098370471998351e-07,0.00205036043189466,0.6165080070495605,0.0,0.0,0.9619271755218506,0.344307005405426,0.010192475281655788,0.09821108728647232,0.004396022297441959,0.13966315984725952,0.3025693893432617,0.031709469854831696,0.00021097746503073722,0.9552063941955566,1.0,0.0,1.0040159225463867,0.18070794641971588,0.0006729363230988383,0.0228465273976326,0.0,0.0,0.3419453203678131,0.06508217751979828,4.01310135202948e-05,1.2872508764266968,0.0,0.0
120,4.355713844299316,0.4405125379562378,10.091689109802246,7.8678975105285645,0.7868058085441589,49.68791198730469,0.7473032474517822,0.7516810894012451,779.34,0.9359637498855591,0.027381598949432373,0.03930806741118431,15.320845603942871,0.0,0.0,0.29236987233161926,8.255167813331354e-06,0.0021339482627809048,0.8076981902122498,0.0,0.0,1.140696406364441,0.3057800829410553,0.013565992005169392,0.2626011073589325,0.009770582430064678,0.40592947602272034,0.2993921935558319,0.028927864506840706,0.00039487547473981977,0.8587142825126648,1.0,0.0,0.8610067367553711,0.2569833993911743,0.0005522717256098986,0.01980099268257618,0.0,0.0,0.3410519063472748,0.04552781209349632,0.00011737363820429891,1.2805979251861572,0.0,0.0
121,3.328826904296875,0.2994627058506012,16.82221221923828,1.686838984489441,0.5766463279724121,40.05498504638672,0.7837895154953003,0.7865471243858337,447.31,0.9407029747962952,0.06621530652046204,0.0372108556330204,7.160861968994141,0.0,0.0,0.3194142282009125,9.332531044492498e-05,0.003626420861110091,0.8568021059036255,0.0,0.0,1.1537975072860718,0.40833836793899536,0.014352421276271343,0.13223977386951447,0.0072473445907235146,0.18694213032722473,0.2872196137905121,0.021326733753085136,0.0003098714805673808,0.7197018265724182,1.0,0.0,0.8461596369743347,0.2432490587234497,0.0005601132288575172,0.01946074143052101,0.0,0.0,0.3462445139884949,0.058092229068279266,7.306040788535029e-05,1.281959056854248,0.0,0.0
122,2.3713996410369873,0.9514433145523071,17.05364227294922,5.64631462097168,0.528084933757782,58.70682907104492,0.9808043241500854,0.9834890961647034,278.33,0.6809378862380981,0.019311117008328438,0.08992310613393784,20.914636611938477,0.0,0.0,0.373781681060791,3.599365663831122e-05,0.001949736033566296,0.5941675305366516,0.0,0.0,1.0759310722351074,0.36152154207229614,0.017817139625549316,0.3082066774368286,0.015431762672960758,0.5539182424545288,0.27853450179100037,0.014506646431982517,0.0006350383628159761,0.5677245259284973,1.0,0.0,0.8981973528862,0.22349929809570312,0.0005731716519221663,0.02100495621562004,0.0,0.0,0.34485137462615967,0.04941879212856293,8.275148138636723e-05,1.2811709642410278,0.0,0.0
123,1.228198528289795,0.7324656844139099,22.70489501953125,1.9089395999908447,0.48908108472824097,44.11399459838867,0.913992702960968,0.913497805595398,59.27,0.7291556596755981,0.002976115792989731,0.09951576590538025,16.523225784301758,0.0,0.0,0.34701067209243774,5.69607836951036e-05,0.003955095540732145,0.6752587556838989,0.0,0.0,1.1002423763275146,0.4394153356552124,0.015167984180152416,0.15193456411361694,0.009410987608134747,0.23084135353565216,0.2816089391708374,0.017102152109146118,0.0004431407724041492,0.6079292893409729,1.0,0.0,0.9169938564300537,0.21074984967708588,0.0006109129171818495,0.021420178934931755,0.0,0.0,0.3492221236228943,0.060532696545124054,4.6332035708473995e-05,1.2845723628997803,0.0,0.0
124,4.701650619506836,0.5429147481918335,29.83249282836914,1.6880570650100708,0.4376750886440277,40.014747619628906,0.8878814578056335,0.8880554437637329,22.07,1.0015993118286133,0.016753466799855232,0.04292760789394379,9.808295249938965,0.0,0.0,0.3053711950778961,6.531866802106379e-06,0.003533354727551341,0.7561270594596863,0.0,0.0,1.1696797609329224,0.462753564119339,0.015125371515750885,0.14702516794204712,0.009657547809183598,0.2197445183992386,0.27867236733436584,0.014152898453176022,0.0005068012978881598,0.553704559803009,1.0,0.0,0.7635520100593567,0.30853620171546936,0.0004858812317252159,0.018000850453972816,0.0,0.0,0.3510569632053375,0.04133853688836098,0.0001933418243424967,1.2551645040512085,0.0,0.0
125,1.7117286920547485,0.528190016746521,13.479756355285645,6.771205902099609,0.5197779536247253,57.93062973022461,0.9332825541496277,0.9354694485664368,250.49,0.8711454272270203,0.017112141475081444,0.06384593993425369,11.06801986694336,0.0,0.0,0.3196897804737091,2.477281122992281e-05,0.0024974392727017403,0.7562865614891052,0.0,0.0,1.150899052619934,0.33937427401542664,0.018694600090384483,0.3673393130302429,0.017718685790896416,0.6514261960983276,0.2750670909881592,0.012885884381830692,0.0006866272888146341,0.5495925545692444,1.0,0.0,0.777140200138092,0.30000928044319153,0.00048519193660467863,0.018360905349254608,0.0,0.0,0.343942254781723,0.038369037210941315,0.00014062966511119157,1.2733594179153442,0.0,0.0
126,5.414255142211914,0.47192496061325073,20.309675216674805,2.1972272396087646,0.5859156250953674,67.26876068115234,0.8661361932754517,0.8670002222061157,115.06,1.0004032850265503,0.023101285099983215,0.035865768790245056,11.07953929901123,0.0,0.0,0.2926403880119324,5.572861027758336e-06,0.002722181146964431,0.7685810327529907,0.0,0.0,1.1416571140289307,0.3936794102191925,0.014544333331286907,0.1494470238685608,0.008421920239925385,0.22892184555530548,0.28898680210113525,0.020550720393657684,0.00037896103458479047,0.706941545009613,1.0,0.0,0.858218252658844,0.2470720261335373,0.0005642995238304138,0.019911043345928192,0.0,0.0,0.34487783908843994,0.0494421049952507,0.00011124277079943568,1.2778239250183105,0.0,0.0
127,3.0384583473205566,0.6497368216514587,13.715287208557129,3.4156243801116943,0.4738355576992035,41.96217346191406,0.7934369444847107,0.7932335734367371,32.31,0.9207830429077148,0.006887631956487894,0.056430917233228683,16.675067901611328,0.0,0.0,0.3165511190891266,1.078926516129286e-06,0.003458065679296851,0.7047966122627258,0.0,0.0,1.2178020477294922,0.42114755511283875,0.016251884400844574,0.241555854678154,0.012421581894159317,0.3953590393066406,0.27200087904930115,0.01310507208108902,0.000494660809636116,0.5737646222114563,1.0,0.0,0.8137291669845581,0.26797544956207275,0.0005259785684756935,0.019063163548707962,0.0,0.0,0.34736114740371704,0.05011224001646042,0.00010722826118580997,1.2839723825454712,0.0,0.0
128,2.409517288208008,0.9850912094116211,11.31999683380127,5.733060359954834,0.5085080862045288,49.57632827758789,0.8043715953826904,0.802470326423645,294.55,0.6956037878990173,0.026155192404985428,0.08261892199516296,26.493297576904297,0.0,0.0,0.38179752230644226,4.0523042116547003e-05,0.002412666566669941,0.590599000453949,0.0,0.0,1.1578729152679443,0.3650173246860504,0.01794118620455265,0.3418010473251343,0.015635617077350616,0.5813025832176208,0.2714187800884247,0.012775060720741749,0.0005831297021359205,0.5674243569374084,1.0,0.0,0.8439977765083313,0.249530628323555,0.0005293869180604815,0.019774379208683968,0.0,0.0,0.3448076844215393,0.04594199359416962,0.00011764001828851178,1.2805489301681519,0.0,0.0
129,2.2155590057373047,0.9875432252883911,11.126441955566406,8.933182716369629,0.6934129595756531,43.42750930786133,0.9094737768173218,0.9093143343925476,19.28,0.6724478006362915,0.031043853610754013,0.08798845112323761,32.094451904296875,0.0,0.0,0.3767679035663605,6.806668534409255e-05,0.0018039350397884846,0.5792571306228638,0.0,0.0,1.052654504776001,0.3285946846008301,0.01676606759428978,0.3433367609977722,0.014771154150366783,0.5957459807395935,0.28964415192604065,0.022004341706633568,0.0005567052285186946,0.7156495451927185,1.0,0.0,0.8967739343643188,0.2212001532316208,0.0005734493024647236,0.020714424550533295,0.0,0.0,0.3418944478034973,0.05273871496319771,9.843554289545864e-05,1.2864110469818115,0.0,0.0
130,5.782209396362305,0.10985059291124344,15.00195598602295,4.872278213500977,0.6664824485778809,44.03330993652344,0.890383243560791,0.8842344880104065,780.99,1.0451229810714722,0.12827004492282867,0.018090419471263885,3.0777580738067627,0.0,0.0,0.31936898827552795,8.958127000369132e-05,0.003323822980746627,0.9649048447608948,0.0,0.0,1.1547050476074219,0.3529371917247772,0.015444163233041763,0.2278090864419937,0.010344142094254494,0.38257932662963867,0.29300224781036377,0.02277093008160591,0.00042794932960532606,0.7487360239028931,1.0,0.0,0.7978893518447876,0.2673688232898712,0.000523585535120219,0.01831555739045143,0.0,0.0,0.3438754081726074,0.0562404990196228,8.829144644550979e-05,1.2881323099136353,0.0,0.0
131,4.708667755126953,0.5033379197120667,10.161515235900879,7.852183818817139,0.5038523077964783,48.4603271484375,0.7104546427726746,0.7061067819595337,866.7,1.0861514806747437,0.02654392272233963,0.030414365231990814,12.245347023010254,0.0,0.0,0.2904195487499237,9.669970495451707e-07,0.002575589343905449,0.7608386278152466,0.0,0.0,1.316271424293518,0.32817813754081726,0.019756579771637917,0.4481700658798218,0.018728334456682205,0.7566905617713928,0.2681882977485657,0.010550814680755138,0.0006450582295656204,0.5459851622581482,1.0,0.0,0.7291181683540344,0.3392971158027649,0.00045067621977068484,0.017216583713889122,0.0,0.0,0.34438103437423706,0.036572132259607315,0.00012260256335139275,1.2797836065292358,0.0,0.0
132,3.9418249130249023,0.14278815686702728,11.098092079162598,6.62843656539917,0.4405737519264221,47.267127990722656,0.7797275185585022,0.782735288143158,492.82,1.1164942979812622,0.1327989250421524,0.011622149497270584,3.0837132930755615,0.0,0.0,0.32422545552253723,7.652243948541582e-05,0.0037551135756075382,0.9403571486473083,0.0,0.0,1.3934941291809082,0.3450537621974945,0.020357217639684677,0.4211568832397461,0.017573539167642593,0.7078298330307007,0.26423394680023193,0.00893623847514391,0.0006296912324614823,0.5000964999198914,1.0,0.0,0.6978932023048401,0.35215145349502563,0.0004307695780880749,0.016495756804943085,0.0,0.0,0.3461475968360901,0.037596289068460464,0.00011914844799321145,1.2811355590820312,0.0,0.0
133,3.395581007003784,0.5603674054145813,15.775899887084961,4.96137809753418,0.6869467496871948,49.27785110473633,0.9749308228492737,0.9757246375083923,83.45,0.8809924721717834,0.010810604318976402,0.05516725033521652,17.244304656982422,0.0,0.0,0.3031429946422577,1.3242930435808375e-05,0.002696762792766094,0.7304289937019348,0.0,0.0,1.0730373859405518,0.3544932007789612,0.01477261446416378,0.2211807668209076,0.01048864796757698,0.3657122254371643,0.2948046922683716,0.024600263684988022,0.0004523849638644606,0.7646464109420776,1.0,0.0,0.8845049142837524,0.23471860587596893,0.0005849320441484451,0.02030499279499054,0.0,0.0,0.342494398355484,0.055078260600566864,7.489330164389685e-05,1.285430908203125,0.0,0.0
134,5.715548038482666,0.9411260485649109,21.032581329345703,2.562272787094116,0.6258116960525513,73.90322875976562,0.9015418291091919,0.9003822803497314,142.85,0.7445255517959595,0.01729924976825714,0.05985576659440994,23.099971771240234,0.0,0.0,0.36073338985443115,2.3128102839109488e-05,0.0014375896425917745,0.5896429419517517,0.0,0.0,1.0203516483306885,0.37429875135421753,0.013693023473024368,0.15135017037391663,0.008351107127964497,0.2412165105342865,0.29174020886421204,0.02214142493903637,0.00038240934372879565,0.7449067831039429,1.0,0.0,0.9482823014259338,0.20725679397583008,0.0006133177084848285,0.021828992292284966,0.0,0.0,0.3435840904712677,0.0508621409535408,9.993033745558932e-05,1.2702158689498901,0.0,0.0
135,1.0952445268630981,0.9135380983352661,17.165973663330078,6.356156349182129,0.43979528546333313,58.88673400878906,0.9837409853935242,0.9843798279762268,65.97,0.659826397895813,0.011355221271514893,0.10476309806108475,17.528396606445312,0.0,0.0,0.37646809220314026,2.9678971259272657e-05,0.0020577628165483475,0.6209320425987244,0.0,0.0,1.1277908086776733,0.3613954484462738,0.01930904947221279,0.37199944257736206,0.01852753944694996,0.6826620101928711,0.2688373923301697,0.010039150714874268,0.0007548386347480118,0.4753349721431732,1.0,0.0,0.8767261505126953,0.2305946797132492,0.000553307996597141,0.020789196714758873,0.0,0.0,0.3469097912311554,0.04697234183549881,8.312147110700607e-05,1.2848775386810303,0.0,0.0
136,4.106455326080322,0.8346830010414124,20.034215927124023,5.234107971191406,0.4591902792453766,41.32835388183594,0.9605359435081482,0.9607227444648743,20.24,0.8857289552688599,0.011080829426646233,0.05384612828493118,20.864683151245117,0.0,0.0,0.3427213430404663,1.5938518117764033e-05,0.003206056309863925,0.6290262937545776,0.0,0.0,1.2032129764556885,0.42065054178237915,0.018497105687856674,0.3201645016670227,0.016223164275288582,0.5600110292434692,0.27254781126976013,0.01192731037735939,0.0006913701072335243,0.5060676336288452,1.0,0.0,0.8038261532783508,0.2638111412525177,0.0005169320502318442,0.018835535272955894,0.0,0.0,0.34834396839141846,0.051414765417575836,9.620134369470179e-05,1.283787488937378,0.0,0.0
137,5.974210262298584,0.4297345280647278,12.887323379516602,6.027098178863525,0.5956355929374695,42.39426040649414,0.7748885750770569,0.7777308225631714,471.62,1.081410527229309,0.03016173653304577,0.031821541488170624,11.708226203918457,0.0,0.0,0.28464579582214355,9.433242667000741e-07,0.002414366928860545,0.7933763861656189,0.0,0.0,1.2431554794311523,0.35799819231033325,0.017348578199744225,0.31785762310028076,0.013714887201786041,0.5260374546051025,0.2818717062473297,0.017200378701090813,0.0005176502745598555,0.6523976922035217,1.0,0.0,0.782285749912262,0.28826233744621277,0.0005023595876991749,0.018229587003588676,0.0,0.0,0.3444560170173645,0.04692375659942627,0.00010050486889667809,1.2865948677062988,0.0,0.0
138,4.425840854644775,0.22172701358795166,13.597325325012207,6.478056907653809,0.46058374643325806,59.45199966430664,0.8474137783050537,0.8469976186752319,57.98,1.080918788909912,0.10975736379623413,0.016739651560783386,3.9624407291412354,0.0,0.0,0.30840155482292175,3.9758200728101656e-05,0.0035014906898140907,0.8941255211830139,0.0,0.0,1.302786946296692,0.3367185890674591,0.01965360902249813,0.3943640887737274,0.017473086714744568,0.6743929982185364,0.26860058307647705,0.009815888479351997,0.0006667164270766079,0.5071978569030762,1.0,0.0,0.7069984078407288,0.36359259486198425,0.0004326417692936957,0.01670849695801735,0.0,0.0,0.3451729118824005,0.03441973030567169,0.00015363148122560233,1.269627571105957,0.0,0.0
139,2.0466504096984863,0.8187805414199829,12.258015632629395,5.563386917114258,0.6872154474258423,49.223670959472656,0.9108428955078125,0.9103466868400574,59.84,0.7321363091468811,0.006390408147126436,0.0887274369597435,27.307676315307617,0.0,0.0,0.3395173251628876,2.513493745937012e-05,0.0022611557506024837,0.6333627700805664,0.0,0.0,1.0358781814575195,0.3438863456249237,0.01454025600105524,0.24369868636131287,0.011428450234234333,0.409932941198349,0.29193711280822754,0.02347342111170292,0.00046700716484338045,0.7596527338027954,1.0,0.0,0.8995909094810486,0.2285684496164322,0.0005828810972161591,0.020725609734654427,0.0,0.0,0.34192535281181335,0.052100811153650284,0.00010487410327186808,1.281323790550232,0.0,0.0
140,1.8838123083114624,0.256954163312912,12.759540557861328,7.247156143188477,0.4070344567298889,48.155609130859375,0.877464234828949,0.8838415145874023,822.3,1.013836145401001,0.07876476645469666,0.031361907720565796,4.618043899536133,0.0,0.0,0.33310404419898987,8.335236634593457e-05,0.003972711972892284,0.887589156627655,0.0,0.0,1.34424889087677,0.34955593943595886,0.02101738378405571,0.45035532116889954,0.01991189271211624,0.789578914642334,0.26143211126327515,0.007654695305973291,0.0007451206911355257,0.4559255838394165,1.0,0.0,0.7203581929206848,0.32745081186294556,0.00044916500337421894,0.01707637310028076,0.0,0.0,0.3470824956893921,0.0407906174659729,0.00010548991849645972,1.285643458366394,0.0,0.0
141,2.6306562423706055,0.3101564943790436,20.222562789916992,2.6456048488616943,0.7054125070571899,42.53407669067383,0.9945093393325806,0.9949278235435486,42.29,0.8572847247123718,0.05474308133125305,0.04723622649908066,7.838566303253174,0.0,0.0,0.3267521262168884,0.00012344308197498322,0.003484254004433751,0.8448691368103027,0.0,0.0,1.008352279663086,0.3540923297405243,0.012771396897733212,0.1296982765197754,0.006711154710501432,0.20310267806053162,0.3008694648742676,0.028505433350801468,0.0003149781550746411,0.8449558019638062,1.0,0.0,0.8959135413169861,0.21998506784439087,0.0006011890363879502,0.020436685532331467,0.0,0.0,0.34310415387153625,0.06256892532110214,5.175264595891349e-05,1.2843574285507202,0.0,0.0
142,1.7485473155975342,0.7547466158866882,19.485219955444336,2.328518867492676,0.6535971164703369,50.361507415771484,0.955232560634613,0.9545970559120178,69.69,0.7091532945632935,0.0038220458664000034,0.09869103878736496,22.1981143951416,0.0,0.0,0.33721140027046204,4.903439912595786e-05,0.002824537456035614,0.6474741697311401,0.0,0.0,0.9942383170127869,0.3762887716293335,0.013284457847476006,0.13457341492176056,0.007437827065587044,0.20892338454723358,0.295492023229599,0.025701185688376427,0.0003326837613712996,0.7879210114479065,1.0,0.0,0.9785209894180298,0.18799060583114624,0.0006602240609936416,0.022484462708234787,0.0,0.0,0.34391534328460693,0.06545868515968323,3.4287688322365284e-05,1.2892811298370361,0.0,0.0
143,2.711210250854492,0.9306047558784485,14.268905639648438,2.477369785308838,0.4465557336807251,42.96803665161133,0.7540498971939087,0.7529833316802979,187.85,0.7507129311561584,0.01667320728302002,0.07882258296012878,24.438888549804688,0.0,0.0,0.37082093954086304,3.1405248591909185e-05,0.0037727972958236933,0.6107595562934875,0.0,0.0,1.1771165132522583,0.4520074427127838,0.015473918057978153,0.19718144834041595,0.010692985728383064,0.31633347272872925,0.26996171474456787,0.012772086076438427,0.00043508136877790093,0.5704053640365601,1.0,0.0,0.8648380637168884,0.2292204201221466,0.0005615208647213876,0.02014637552201748,0.0,0.0,0.3485049307346344,0.05822441354393959,6.040867083356716e-05,1.285662293434143,0.0,0.0
144,4.0386810302734375,0.9064780473709106,20.77303695678711,3.5268890857696533,0.6140731573104858,54.35220718383789,0.9929107427597046,0.9938668012619019,96.88,0.7572527527809143,0.014163589105010033,0.06936848908662796,23.856042861938477,0.0,0.0,0.3526308238506317,2.4192380806198344e-05,0.0022830988746136427,0.5942379236221313,0.0,0.0,1.044219970703125,0.38216105103492737,0.01503585185855627,0.19095440208911896,0.010173684917390347,0.3227851688861847,0.2905774414539337,0.021524904295802116,0.00045164383482187986,0.7026204466819763,1.0,0.0,0.9486535787582397,0.19926823675632477,0.0006299403612501919,0.021864037960767746,0.0,0.0,0.34431028366088867,0.06087017059326172,4.444255682756193e-05,1.2879825830459595,0.0,0.0
145,5.8760762214660645,0.6665776371955872,17.753009796142578,5.478541851043701,0.47502368688583374,41.49707794189453,0.8855180144309998,0.8868070244789124,164.15,1.0235949754714966,0.006895412690937519,0.03881772607564926,17.71504783630371,0.0,0.0,0.30743518471717834,1.0978091040669824e-06,0.0026764951180666685,0.6865560412406921,0.0,0.0,1.2642377614974976,0.41359615325927734,0.018429802730679512,0.3377007246017456,0.01611180603504181,0.5768625736236572,0.2719759941101074,0.011981719173491001,0.0006523284246213734,0.5265206098556519,1.0,0.0,0.7767375111579895,0.28680485486984253,0.0004994861083105206,0.018181219696998596,0.0,0.0,0.34752288460731506,0.04911740869283676,0.00010347982606617734,1.2853918075561523,0.0,0.0
146,5.809421539306641,0.31397193670272827,13.353846549987793,5.369320869445801,0.43096503615379333,40.86823272705078,0.7568825483322144,0.7563269734382629,97.05,1.1989003419876099,0.06407099962234497,0.02274804562330246,6.601896286010742,0.0,0.0,0.29072073101997375,1.059342594089685e-06,0.0031800230499356985,0.8464222550392151,0.0,0.0,1.4005171060562134,0.40010473132133484,0.018976010382175446,0.3615705072879791,0.015910403802990913,0.608388364315033,0.26477059721946716,0.009312417358160019,0.000591628544498235,0.5065643787384033,1.0,0.0,0.7113777995109558,0.3338904082775116,0.0004489317361731082,0.01678471267223358,0.0,0.0,0.3479726016521454,0.04345274344086647,0.00010182399273617193,1.2861251831054688,0.0,0.0
147,1.4871457815170288,0.8202050924301147,21.266664505004883,2.0502285957336426,0.6879827976226807,50.748416900634766,0.9660447239875793,0.966579258441925,57.25,0.6486342549324036,0.007066800259053707,0.11414916813373566,25.366436004638672,0.0,0.0,0.34831446409225464,5.979880734230392e-05,0.0025755693204700947,0.6187898516654968,0.0,0.0,0.974629819393158,0.3623700439929962,0.012684659101068974,0.11622404307126999,0.00611924147233367,0.1698184609413147,0.29975947737693787,0.02931220270693302,0.00027864048024639487,0.8404438495635986,1.0,0.0,1.0313607454299927,0.17000356316566467,0.0006998346070758998,0.023619432002305984,0.0,0.0,0.3433454632759094,0.06916122138500214,2.6959605747833848e-05,1.291595220565796,0.0,0.0
148,5.5616841316223145,0.004224769771099091,18.706396102905273,1.9585084915161133,0.4482971727848053,52.18492126464844,0.8094989061355591,0.8033025860786438,952.88,1.06285560131073,0.18894995748996735,0.007315144408494234,1.2953300476074219,0.0,0.0,0.349293053150177,0.00016932940343394876,0.004797530826181173,1.0139020681381226,0.0,0.0,1.2730854749679565,0.44352465867996216,0.015955127775669098,0.16542908549308777,0.009249438531696796,0.26070326566696167,0.27542099356651306,0.013546271249651909,0.00040486891521140933,0.5743408799171448,1.0,0.0,0.7637782692909241,0.282813161611557,0.0005004539270885289,0.01773916557431221,0.0,0.0,0.34907472133636475,0.05508691817522049,8.451618487015367e-05,1.2842453718185425,0.0,0.0
149,3.1680397987365723,0.55635666847229,12.608348846435547,8.171669006347656,0.5214332938194275,41.35746383666992,0.8827154040336609,0.8857083916664124,382.82,1.0098488330841064,0.017737096175551414,0.04306944087147713,13.900038719177246,0.0,0.0,0.3035331070423126,1.0547790907367016e-06,0.003064777236431837,0.7381339073181152,0.0,0.0,1.2505816221237183,0.34306591749191284,0.020016951486468315,0.43251940608024597,0.01938202604651451,0.7554194331169128,0.27273446321487427,0.012231061235070229,0.0007102241506800056,0.5427072048187256,1.0,0.0,0.762105405330658,0.30368420481681824,0.0004832330159842968,0.017923157662153244,0.0,0.0,0.3450746238231659,0.04404555633664131,9.810213668970391e-05,1.2872782945632935,0.0,0.0
150,3.847921848297119,0.10085613280534744,24.134376525878906,2.125033378601074,0.5965886116027832,46.12440490722656,0.9700034260749817,0.9697903990745544,22.65,0.9467381238937378,0.13016808032989502,0.019039276987314224,2.443589210510254,0.0,0.0,0.3497489392757416,0.00018066167831420898,0.004018580075353384,0.9613943696022034,0.0,0.0,1.0993876457214355,0.3999669849872589,0.014773734845221043,0.1388729214668274,0.00801628828048706,0.21798965334892273,0.2929691672325134,0.022485533729195595,0.00037226665881462395,0.7167227864265442,1.0,0.0,0.8317356705665588,0.2432948350906372,0.0005567526095546782,0.019135359674692154,0.0,0.0,0.3459767699241638,0.06042833998799324,6.450746877817437e-05,1.2829777002334595,0.0,0.0
151,2.812809944152832,0.8214392066001892,11.266620635986328,3.879913330078125,0.6364875435829163,58.97753143310547,0.7702987790107727,0.7692499756813049,177.0,0.7510820627212524,0.005456495098769665,0.08094522356987,25.557933807373047,0.0,0.0,0.33675381541252136,4.793712378159398e-06,0.0020455080084502697,0.636268138885498,0.0,0.0,1.0474720001220703,0.35640794038772583,0.013863048516213894,0.20999020338058472,0.010343826375901699,0.33788374066352844,0.28664523363113403,0.020423321053385735,0.0004153672489337623,0.74042147397995,1.0,0.0,0.8606896996498108,0.2606484293937683,0.0005428872536867857,0.01984190195798874,0.0,0.0,0.3420058786869049,0.0429806150496006,0.00016900902846828103,1.2632020711898804,0.0,0.0
152,3.7366697788238525,0.5227699875831604,22.03968048095703,2.9824023246765137,0.5711129307746887,45.70974349975586,0.9843833446502686,0.9877177476882935,342.94,0.951492428779602,0.01572689600288868,0.047700610011816025,12.19920539855957,0.0,0.0,0.30415821075439453,1.9057719327975065e-05,0.003314010566100478,0.7455872297286987,0.0,0.0,1.107970118522644,0.4036868214607239,0.015351087786257267,0.1818482130765915,0.010318512097001076,0.3002125024795532,0.28816458582878113,0.019681314006447792,0.00046938928426243365,0.6643698811531067,1.0,0.0,0.8473026156425476,0.24710924923419952,0.0005622655153274536,0.01964818499982357,0.0,0.0,0.3459779918193817,0.055452000349760056,7.50330145820044e-05,1.2826884984970093,0.0,0.0
153,3.460437774658203,0.5947520136833191,12.51798152923584,5.3198747634887695,0.6493107676506042,57.2413444519043,0.854758083820343,0.8563756942749023,220.99,0.8849015831947327,0.00868543516844511,0.05532379820942879,17.620132446289062,0.0,0.0,0.3041299283504486,7.890396886978124e-07,0.002300175139680505,0.7219594120979309,0.0,0.0,1.1002901792526245,0.3471362590789795,0.015304790809750557,0.25874820351600647,0.0120818130671978,0.42460304498672485,0.288394033908844,0.02065371535718441,0.0004859320179093629,0.7190768122673035,1.0,0.0,0.823229193687439,0.280762642621994,0.000525312905665487,0.01910358853638172,0.0,0.0,0.3420959413051605,0.04259021580219269,0.00014547196042258292,1.2712088823318481,0.0,0.0
154,2.9343976974487305,0.8324781060218811,15.88473129272461,2.969698429107666,0.5927141904830933,58.56166458129883,0.8728001117706299,0.8717715740203857,135.18,0.7459032535552979,0.007020560558885336,0.08193303644657135,22.994487762451172,0.0,0.0,0.34123918414115906,1.0220922376902308e-05,0.0023206924088299274,0.6273863315582275,0.0,0.0,1.0519981384277344,0.38605210185050964,0.01453497726470232,0.18156953155994415,0.009652502834796906,0.29208946228027344,0.2863304615020752,0.019976073876023293,0.00040973263094201684,0.7017433047294617,1.0,0.0,0.9130851030349731,0.22164608538150787,0.0005955416709184647,0.021086078137159348,0.0,0.0,0.343940407037735,0.05264049023389816,8.387473644688725e-05,1.2769590616226196,0.0,0.0
155,3.859844446182251,0.3222515285015106,14.070150375366211,4.210893154144287,0.5301912426948547,50.652061462402344,0.8408291339874268,0.8417738080024719,133.47,1.0226463079452515,0.05998727306723595,0.0293169803917408,7.123860836029053,0.0,0.0,0.30667027831077576,4.3431271478766575e-05,0.0034411856904625893,0.8438848257064819,0.0,0.0,1.2210527658462524,0.3807904124259949,0.016917843371629715,0.26081931591033936,0.012652083300054073,0.43249911069869995,0.27836135029792786,0.015201637521386147,0.0005066446028649807,0.6089441180229187,1.0,0.0,0.7774070501327515,0.29361388087272644,0.0004999100929126143,0.0180888120085001,0.0,0.0,0.3452602028846741,0.04667273908853531,0.00011985525634372607,1.280077576637268,0.0,0.0
156,5.500818252563477,0.7896744012832642,19.423097610473633,4.189932346343994,0.5258018374443054,59.24200439453125,0.9189236760139465,0.9145352840423584,522.19,0.8641002774238586,0.005675732623785734,0.04759284481406212,17.100786209106445,0.0,0.0,0.3274327516555786,1.042890517055639e-06,0.0023517583031207323,0.6382076144218445,0.0,0.0,1.129534363746643,0.3760804831981659,0.016542889177799225,0.25157657265663147,0.01305241696536541,0.43266060948371887,0.2798038125038147,0.015049731358885765,0.0005556156975217164,0.5936096906661987,1.0,0.0,0.8696404099464417,0.24440719187259674,0.0005610192893072963,0.020458493381738663,0.0,0.0,0.34565573930740356,0.04713216423988342,9.874986426439136e-05,1.2820082902908325,0.0,0.0
157,3.779655694961548,0.25076526403427124,25.494373321533203,1.884592890739441,0.581743597984314,49.180145263671875,0.9507149457931519,0.9468782544136047,426.2,0.970778226852417,0.07058263570070267,0.03040285035967827,5.256391525268555,0.0,0.0,0.32306742668151855,0.00011808305134763941,0.003611028892919421,0.8784194588661194,0.0,0.0,1.1138840913772583,0.41065713763237,0.014709493145346642,0.13311955332756042,0.00791750568896532,0.20381031930446625,0.29191866517066956,0.022126059979200363,0.00037175315083004534,0.7051781415939331,1.0,0.0,0.857581615447998,0.23297233879566193,0.0005768983974121511,0.019783159717917442,0.0,0.0,0.3463001549243927,0.06043912097811699,5.9278310800436884e-05,1.284583568572998,0.0,0.0
158,3.7362060546875,0.7270359992980957,13.3783597946167,4.7254638671875,0.5996116399765015,48.87932586669922,0.8424109220504761,0.83000648021698,1774.07,0.8620193600654602,0.004024921450763941,0.057714540511369705,22.70582389831543,0.0,0.0,0.31684258580207825,9.484990641794866e-07,0.002531947335228324,0.6650331020355225,0.0,0.0,1.115717887878418,0.3704946041107178,0.015671521425247192,0.2566806375980377,0.01244038064032793,0.42800188064575195,0.283707857131958,0.01839756779372692,0.0004957146011292934,0.6742991209030151,1.0,0.0,0.8522469401359558,0.25393277406692505,0.0005523321451619267,0.019766198471188545,0.0,0.0,0.3437599837779999,0.049665529280900955,0.00011366577382432297,1.281773328781128,0.0,0.0
159,5.372872352600098,0.30886274576187134,13.08349895477295,6.6367926597595215,0.6626291275024414,44.610992431640625,0.8465364575386047,0.8479048609733582,190.64,1.051034688949585,0.058526236563920975,0.02680479735136032,8.160079956054688,0.0,0.0,0.292255163192749,1.671284917392768e-05,0.0028233204502612352,0.8575319647789001,0.0,0.0,1.192413091659546,0.32985687255859375,0.01662597991526127,0.2988601624965668,0.012699272483587265,0.4942786991596222,0.2896061837673187,0.021017709746956825,0.0004965080297552049,0.7141513228416443,1.0,0.0,0.8013214468955994,0.27909788489341736,0.0005174106336198747,0.018571872264146805,0.0,0.0,0.3431869149208069,0.04803035035729408,0.00010097094491356984,1.2862844467163086,0.0,0.0
160,5.344192028045654,0.8634865283966064,22.47087860107422,3.8695082664489746,0.4683603048324585,70.06617736816406,0.9408500790596008,0.9397551417350769,123.84,0.8493542075157166,0.00947211030870676,0.05210290476679802,17.537246704101562,0.0,0.0,0.3470901846885681,9.577979653840885e-06,0.002040795749053359,0.6205326914787292,0.0,0.0,1.152684211730957,0.40913617610931396,0.016763608902692795,0.24951741099357605,0.01357069332152605,0.43285176157951355,0.2757130563259125,0.012938519939780235,0.0006154591683298349,0.5385840535163879,1.0,0.0,0.8624881505966187,0.2452051043510437,0.0005524571752175689,0.020199136808514595,0.0,0.0,0.3468475639820099,0.04671915993094444,0.00011844802793348208,1.2754629850387573,0.0,0.0
161,5.883771896362305,0.4097391366958618,13.496842384338379,9.695035934448242,0.5126478672027588,47.8621940612793,0.8436384201049805,0.8391989469528198,627.06,1.1570606231689453,0.043252065777778625,0.02590777538716793,10.925786972045898,0.0,0.0,0.28420281410217285,1.0319929515389958e-06,0.002859553089365363,0.7984174489974976,0.0,0.0,1.316129207611084,0.3209606111049652,0.021229786798357964,0.5005226135253906,0.021180864423513412,0.8757871985435486,0.2707993686199188,0.010776519775390625,0.0007415135041810572,0.5297499299049377,1.0,0.0,0.7179153561592102,0.3378351032733917,0.00045218179002404213,0.016881853342056274,0.0,0.0,0.34494322538375854,0.04158768802881241,9.945454803528264e-05,1.2874771356582642,0.0,0.0
162,5.4734721183776855,0.9984532594680786,28.471025466918945,1.9126431941986084,0.7429226636886597,55.977210998535156,0.9718842506408691,0.9699448347091675,205.74,0.6797670722007751,0.02738242782652378,0.06674060225486755,31.482574462890625,0.0,0.0,0.3702031970024109,3.7460646126419306e-05,0.0016309164930135012,0.5595661997795105,0.0,0.0,0.9632837176322937,0.3545251190662384,0.011611989699304104,0.09747498482465744,0.004667339380830526,0.137201189994812,0.3058767318725586,0.03406563028693199,0.00022442196495831013,0.9176744222640991,1.0,0.0,1.0969537496566772,0.14977146685123444,0.0007478556944988668,0.024775933474302292,0.0,0.0,0.34187790751457214,0.0757797360420227,2.1210627892287448e-05,1.2940975427627563,0.0,0.0
163,4.37237024307251,0.6592069864273071,13.047951698303223,2.8414151668548584,0.7163926362991333,46.21072769165039,0.7323130965232849,0.7352247834205627,540.79,0.8264012932777405,0.001134549849666655,0.056193266063928604,26.48666000366211,0.0,0.0,0.30243462324142456,8.183965292118955e-07,0.0021308111026883125,0.6895771026611328,0.0,0.0,1.0726343393325806,0.3533187806606293,0.011949118226766586,0.14400306344032288,0.006378883495926857,0.20532657206058502,0.29606807231903076,0.028175830841064453,0.00027279529604129493,0.8704317808151245,1.0,0.0,0.9516097903251648,0.20899367332458496,0.0006294678896665573,0.021744664758443832,0.0,0.0,0.34260430932044983,0.056884679943323135,6.944709457457066e-05,1.2854273319244385,0.0,0.0
164,5.164719581604004,0.8073880076408386,15.130784034729004,8.284825325012207,0.533938467502594,54.34893035888672,0.8958677053451538,0.898493230342865,326.18,0.9016908407211304,0.011179179884493351,0.045001786202192307,21.541261672973633,0.0,0.0,0.3306679427623749,1.1251589967287146e-05,0.002229318954050541,0.6338822245597839,0.0,0.0,1.1815805435180664,0.338276207447052,0.01942964270710945,0.4216349124908447,0.019033463671803474,0.7555451989173889,0.2746286690235138,0.012439323589205742,0.0007192697958089411,0.548977792263031,1.0,0.0,0.8186344504356384,0.27101439237594604,0.0005174746038392186,0.019045589491724968,0.0,0.0,0.3442922532558441,0.04626744985580444,0.00011159624409629032,1.2827945947647095,0.0,0.0
165,2.368370294570923,0.2794803977012634,14.642903327941895,6.7199883460998535,0.5213397145271301,48.66590118408203,0.9547037482261658,0.9543771147727966,35.85,0.9613946676254272,0.06980446726083755,0.034658968448638916,5.399295330047607,0.0,0.0,0.3261302709579468,8.651905227452517e-05,0.0036602129694074392,0.8674967288970947,0.0,0.0,1.2050344944000244,0.34886786341667175,0.019394084811210632,0.36267268657684326,0.01705111749470234,0.6413058042526245,0.2764567732810974,0.013452799059450626,0.0006675799377262592,0.5495957732200623,1.0,0.0,0.7621480822563171,0.2971729338169098,0.00048582081217318773,0.017915142700076103,0.0,0.0,0.34507396817207336,0.04506693035364151,0.00010747194028226659,1.2842718362808228,0.0,0.0
166,3.7122931480407715,0.7899693846702576,13.965702056884766,7.541855812072754,0.420821875333786,55.68323516845703,0.8578839898109436,0.8572641611099243,84.28,0.9013702869415283,0.010774540714919567,0.051554806530475616,18.817472457885742,0.0,0.0,0.3326442539691925,1.0925417655016645e-06,0.002602666849270463,0.6505485773086548,0.0,0.0,1.255988597869873,0.35094213485717773,0.020074928179383278,0.4562429189682007,0.02068357542157173,0.8133681416511536,0.2617899179458618,0.007538143545389175,0.0007773895631544292,0.46347928047180176,1.0,0.0,0.7757660150527954,0.3014974892139435,0.00048134519602172077,0.018280144780874252,0.0,0.0,0.3461552858352661,0.04083175212144852,0.00012181550118839368,1.2795463800430298,0.0,0.0
167,2.857573986053467,0.4377310276031494,28.75950050354004,1.9292951822280884,0.5323960185050964,47.0016975402832,0.9789218306541443,0.9777138233184814,126.21,0.9320712089538574,0.028900086879730225,0.05194230377674103,8.678641319274902,0.0,0.0,0.31749239563941956,6.924324407009408e-05,0.0034787552431225777,0.7898586988449097,0.0,0.0,1.1140661239624023,0.42850950360298157,0.015072804875671864,0.14359717071056366,0.008979524485766888,0.2211797684431076,0.2880171835422516,0.019408486783504486,0.00044072724995203316,0.6447625160217285,1.0,0.0,0.8450635075569153,0.24625982344150543,0.0005599039723165333,0.019670424982905388,0.0,0.0,0.34780749678611755,0.0539681650698185,9.139571193372831e-05,1.275822639465332,0.0,0.0
168,3.7735607624053955,0.08880864828824997,18.255218505859375,3.0941967964172363,0.5045875906944275,58.85638427734375,0.909854531288147,0.9114290475845337,189.87,0.9957650899887085,0.14430703222751617,0.01390785537660122,1.9074636697769165,0.0,0.0,0.3494226038455963,0.00016806332860141993,0.004227043595165014,0.9669396281242371,0.0,0.0,1.1997642517089844,0.4013567268848419,0.016583506017923355,0.20680132508277893,0.011000260710716248,0.3494391143321991,0.28010284900665283,0.015336229465901852,0.0004738816642202437,0.5975895524024963,1.0,0.0,0.7779463529586792,0.27941828966140747,0.0005065003642812371,0.018092649057507515,0.0,0.0,0.3465496003627777,0.051120493561029434,0.00010512857988942415,1.281863808631897,0.0,0.0
169,2.4352269172668457,0.04339144751429558,23.899280548095703,1.7026591300964355,0.7033935785293579,49.6810302734375,0.9505754113197327,0.948798418045044,197.03,0.7689070105552673,0.1469695270061493,0.026738449931144714,1.9782800674438477,0.0,0.0,0.39098742604255676,0.00028599982033483684,0.003392790909856558,0.9909489750862122,0.0,0.0,1.0239126682281494,0.35601338744163513,0.012709266506135464,0.1001974418759346,0.00505761057138443,0.14139683544635773,0.30290836095809937,0.0311701949685812,0.00023220655566547066,0.8706802129745483,1.0,0.0,0.9410933256149292,0.19040422141551971,0.0006434703827835619,0.021396953612565994,0.0,0.0,0.343551367521286,0.07342281192541122,2.733874680416193e-05,1.293290376663208,0.0,0.0
170,5.574310302734375,0.15301088988780975,19.114656448364258,6.3702192306518555,0.4664585292339325,53.98721694946289,0.969812273979187,0.9710758924484253,134.18,1.137312650680542,0.11344131082296371,0.013838468119502068,2.7928524017333984,0.0,0.0,0.3104090392589569,6.486659549409524e-05,0.0041007399559021,0.9263080358505249,0.0,0.0,1.2960530519485474,0.3567831218242645,0.019931163638830185,0.3661012351512909,0.017304731532931328,0.6567561626434326,0.27331456542015076,0.010958005674183369,0.0007077926420606673,0.49754029512405396,1.0,0.0,0.7340089082717896,0.3204559087753296,0.0004673722432926297,0.01727663166821003,0.0,0.0,0.34698960185050964,0.04407278820872307,0.00010322594607714564,1.2855315208435059,0.0,0.0
171,4.549540042877197,0.07881177961826324,14.835299491882324,6.227816104888916,0.47266727685928345,54.73908996582031,0.8966770768165588,0.8981772065162659,186.26,1.0520472526550293,0.16115647554397583,0.00828886404633522,2.0003042221069336,0.0,0.0,0.33321908116340637,0.00010492287401575595,0.003909414168447256,0.9708453416824341,0.0,0.0,1.2963048219680786,0.3356451094150543,0.01983552798628807,0.37069880962371826,0.01645277999341488,0.6438269019126892,0.2716027498245239,0.010920874774456024,0.0006334782228805125,0.5171149373054504,1.0,0.0,0.7190245985984802,0.3335035443305969,0.00044869224075227976,0.017002705484628677,0.0,0.0,0.3459168076515198,0.03917601332068443,0.0001228757028002292,1.279579520225525,0.0,0.0
172,4.095633506774902,0.36990371346473694,29.836111068725586,2.4185256958007812,0.4743579626083374,50.62543869018555,0.9902627468109131,0.9894383549690247,84.14,1.0548334121704102,0.04230385273694992,0.03350486233830452,6.434752941131592,0.0,0.0,0.3083174228668213,4.930935028824024e-05,0.0036927235778421164,0.8262326121330261,0.0,0.0,1.1930721998214722,0.4484793245792389,0.016121163964271545,0.17357958853244781,0.010762768797576427,0.2837384045124054,0.2820437550544739,0.015624524094164371,0.0005366560653783381,0.5679469108581543,1.0,0.0,0.7993929386138916,0.268576055765152,0.0005273146089166403,0.018745213747024536,0.0,0.0,0.3493328094482422,0.05170900374650955,0.00010598006338113919,1.2778230905532837,0.0,0.0
173,5.722633361816406,0.7818787097930908,16.246322631835938,7.357605934143066,0.4216651916503906,55.38827133178711,0.858275294303894,0.8567478060722351,207.73,0.9639375805854797,0.011122291907668114,0.03859206661581993,17.162124633789062,0.0,0.0,0.3292013704776764,6.666034551017219e-06,0.0027104727923870087,0.6432941555976868,0.0,0.0,1.2725028991699219,0.35848721861839294,0.01987626403570175,0.4414050877094269,0.020117083564400673,0.8023473620414734,0.2628324031829834,0.00761323980987072,0.0007731613586656749,0.4630676209926605,1.0,0.0,0.7831376194953918,0.29106369614601135,0.0004895044839940965,0.01839303784072399,0.0,0.0,0.3468444049358368,0.044058363884687424,0.00010990781447617337,1.2835581302642822,0.0,0.0
174,1.3651553392410278,0.49075230956077576,19.438718795776367,4.867823123931885,0.4282599091529846,55.34590530395508,0.9832318425178528,0.9829674363136292,27.36,0.8831567168235779,0.018433837220072746,0.06612139195203781,8.32327651977539,0.0,0.0,0.3299686908721924,5.121116555528715e-05,0.003366663819178939,0.7763590812683105,0.0,0.0,1.2088017463684082,0.39604452252388,0.01849924586713314,0.30618008971214294,0.015999943017959595,0.547469973564148,0.2706845700740814,0.010806502774357796,0.0006916093407198787,0.4845357835292816,1.0,0.0,0.8216053247451782,0.25721460580825806,0.0005315057933330536,0.01942466013133526,0.0,0.0,0.348380982875824,0.04988846927881241,7.505398389184847e-05,1.2887009382247925,0.0,0.0
175,2.8628435134887695,0.023675499483942986,22.478700637817383,1.9224518537521362,0.624432384967804,56.472145080566406,0.9539424777030945,0.953705370426178,26.06,0.848147451877594,0.15306419134140015,0.018146151676774025,1.429840087890625,0.0,0.0,0.3874431550502777,0.000285925721982494,0.0037250323221087456,1.0038731098175049,0.0,0.0,1.0850259065628052,0.39261361956596375,0.014383514411747456,0.12532196938991547,0.0069572096690535545,0.19410233199596405,0.29512959718704224,0.024884087964892387,0.0003104971256107092,0.7595222592353821,1.0,0.0,0.8810280561447144,0.2089928239583969,0.0005999974673613906,0.02018067054450512,0.0,0.0,0.3451361060142517,0.07086371630430222,3.1154791940934956e-05,1.2945085763931274,0.0,0.0
176,3.859393835067749,0.29180708527565,10.238037109375,5.611773490905762,0.4960332214832306,43.396053314208984,0.7251819968223572,0.7255972623825073,78.92,1.0945252180099487,0.07456190884113312,0.023689817637205124,5.984272003173828,0.0,0.0,0.3054753541946411,3.1858613510848954e-05,0.00324646127410233,0.8641539216041565,0.0,0.0,1.3333688974380493,0.35894015431404114,0.01862204261124134,0.350552499294281,0.015091867186129093,0.5801662802696228,0.2702026069164276,0.011968341656029224,0.0005427771247923374,0.5646701455116272,1.0,0.0,0.7367594838142395,0.32123711705207825,0.00046025478513911366,0.01731082610785961,0.0,0.0,0.34542691707611084,0.04050291329622269,0.00011705276847351342,1.2814122438430786,0.0,0.0
177,1.2127220630645752,0.49734777212142944,14.143279075622559,9.76501750946045,0.48362109065055847,57.12531661987305,0.9885268807411194,0.9876666069030762,88.11,0.8735310435295105,0.023757409304380417,0.06294688582420349,9.316155433654785,0.0,0.0,0.32323598861694336,3.353452848386951e-05,0.002362355822697282,0.7683848738670349,0.0,0.0,1.1997483968734741,0.2989344298839569,0.02180471643805504,0.5008077621459961,0.022742653265595436,0.9052744507789612,0.2695123553276062,0.00997176580131054,0.0008382942178286612,0.4844723343849182,1.0,0.0,0.7716492414474487,0.3015976548194885,0.00047679859562776983,0.0183816347271204,0.0,0.0,0.3444211483001709,0.03706628456711769,0.00012121313193347305,1.280041217803955,0.0,0.0
178,3.1733081340789795,0.7607181072235107,17.345333099365234,4.2897820472717285,0.6583086848258972,40.004520416259766,0.988858699798584,0.9856303930282593,331.23,0.8186880350112915,0.004418432246893644,0.06916481256484985,24.043909072875977,0.0,0.0,0.3239462077617645,1.1064306818298064e-05,0.002843526192009449,0.6462240815162659,0.0,0.0,1.046909213066101,0.376503586769104,0.014689972624182701,0.20800121128559113,0.010485036298632622,0.3460496664047241,0.292969673871994,0.023599397391080856,0.00045922223944216967,0.7421152591705322,1.0,0.0,0.883397102355957,0.22974352538585663,0.0005818521021865308,0.020310206338763237,0.0,0.0,0.34360283613204956,0.05690467357635498,7.292701775440946e-05,1.2832127809524536,0.0,0.0
179,5.802733421325684,0.8589501976966858,24.53711700439453,2.375126600265503,0.6015350222587585,54.91486740112305,0.9469842314720154,0.9457245469093323,140.65,0.8222464323043823,0.008141296915709972,0.0533941350877285,23.029247283935547,0.0,0.0,0.34043458104133606,1.730553776724264e-05,0.0020835092291235924,0.6104941964149475,0.0,0.0,1.0614969730377197,0.4090403914451599,0.014350599609315395,0.1495600789785385,0.008510162122547626,0.23863251507282257,0.29137033224105835,0.022282345220446587,0.0003930110251531005,0.7164422273635864,1.0,0.0,0.9577922224998474,0.1924891471862793,0.0006426880718208849,0.022038916125893593,0.0,0.0,0.34522518515586853,0.06374838203191757,4.062105654156767e-05,1.288921594619751,0.0,0.0
180,4.953404903411865,0.920142650604248,13.852096557617188,6.909158229827881,0.6546108722686768,47.43330001831055,0.8658656477928162,0.8709311485290527,671.72,0.7867303490638733,0.016773708164691925,0.05529299005866051,31.315532684326172,0.0,0.0,0.35359376668930054,3.3432093914598227e-05,0.0018255006289109588,0.5954520106315613,0.0,0.0,1.083051085472107,0.3474068343639374,0.016219714656472206,0.3068412244319916,0.013611449860036373,0.5322485566139221,0.28733521699905396,0.020122656598687172,0.0005344287492334843,0.6975494623184204,1.0,0.0,0.8949710726737976,0.22490794956684113,0.0005788816488347948,0.020535442978143692,0.0,0.0,0.3428595960140228,0.05619177594780922,7.365658530034125e-05,1.2868541479110718,0.0,0.0
181,2.695546865463257,0.4067220389842987,25.543886184692383,2.1161444187164307,0.4601619243621826,44.63465118408203,0.9325432181358337,0.9308643341064453,193.4,0.9662613868713379,0.03483917564153671,0.047709543257951736,7.412277698516846,0.0,0.0,0.32152071595191956,7.446372910635546e-05,0.004227856174111366,0.8117729425430298,0.0,0.0,1.1774423122406006,0.4526415467262268,0.015775557607412338,0.16403892636299133,0.010184145532548428,0.26055237650871277,0.27961409091949463,0.015128436498343945,0.000496968103107065,0.5683285593986511,1.0,0.0,0.8108885288238525,0.2606253921985626,0.0005344678065739572,0.01900239661335945,0.0,0.0,0.35002821683883667,0.05369306728243828,8.856423664838076e-05,1.2780165672302246,0.0,0.0
182,3.2505664825439453,0.9141702055931091,17.768823623657227,3.190788984298706,0.5444274544715881,42.26127243041992,0.902535080909729,0.9056972861289978,386.85,0.7543202042579651,0.01588047854602337,0.07524648308753967,26.500831604003906,0.0,0.0,0.3598293662071228,3.365457814652473e-05,0.0030620628967881203,0.5996057987213135,0.0,0.0,1.1050536632537842,0.4168208837509155,0.0156602431088686,0.20430800318717957,0.010821476578712463,0.33428624272346497,0.28217607736587524,0.017838140949606895,0.0004646018787752837,0.6393187046051025,1.0,0.0,0.8907572031021118,0.22073641419410706,0.0005852988106198609,0.020573381334543228,0.0,0.0,0.3464406430721283,0.060035910457372665,5.4647698561893776e-05,1.285083532333374,0.0,0.0
183,2.79787540435791,0.0024844787549227476,12.488960266113281,6.356545448303223,0.4554443359375,57.815364837646484,0.8853288292884827,0.8850672841072083,33.38,0.9695085287094116,0.23154492676258087,0.00734508503228426,1.2402032613754272,0.0,0.0,0.375712126493454,0.00016902072820812464,0.0040716202929615974,1.021946907043457,0.0,0.0,1.2763174772262573,0.3457205891609192,0.01980048045516014,0.3843834400177002,0.017298411577939987,0.67856365442276,0.2682346999645233,0.00998966209590435,0.000649073685053736,0.5053148865699768,1.0,0.0,0.6709580421447754,0.37070146203041077,0.00041081843664869666,0.01588514633476734,0.0,0.0,0.34518373012542725,0.03497320041060448,0.00015168450772762299,1.2708826065063477,0.0,0.0
184,1.6569671630859375,0.3235465884208679,13.922401428222656,3.9744741916656494,0.6514706015586853,57.00373077392578,0.9333080053329468,0.931206226348877,241.83,0.8239534497261047,0.05764652416110039,0.057844698429107666,7.492798805236816,0.0,0.0,0.33734819293022156,0.00012536850408650935,0.002853364683687687,0.8467408418655396,0.0,0.0,1.0622042417526245,0.35344406962394714,0.014698637649416924,0.2011449635028839,0.009930659085512161,0.333452045917511,0.2914838194847107,0.02270182967185974,0.0004172340559307486,0.7467018961906433,1.0,0.0,0.8453022837638855,0.25145605206489563,0.0005497533711604774,0.019470825791358948,0.0,0.0,0.3425459563732147,0.05106952413916588,0.00011641595483524725,1.2769336700439453,0.0,0.0
185,1.7699939012527466,0.9771098494529724,17.211505889892578,3.354065179824829,0.6253886818885803,44.923091888427734,0.9688020944595337,0.9693446159362793,57.77,0.6248669624328613,0.024480903521180153,0.1086530089378357,29.734107971191406,0.0,0.0,0.37947261333465576,6.335181387839839e-05,0.003000102937221527,0.5752881765365601,0.0,0.0,1.0028282403945923,0.3897532522678375,0.014591413550078869,0.1823102831840515,0.00964819174259901,0.30342569947242737,0.2905563414096832,0.02261338196694851,0.000419114890974015,0.7266320586204529,1.0,0.0,0.9521923065185547,0.19346706569194794,0.0006326230359263718,0.021792713552713394,0.0,0.0,0.3443865478038788,0.06665697693824768,3.586947059375234e-05,1.287580966949463,0.0,0.0
186,5.320346355438232,0.12715664505958557,15.534650802612305,8.606584548950195,0.6301822066307068,45.0574836730957,0.9878723621368408,0.9912505745887756,344.99,1.0872198343276978,0.1267421990633011,0.016937164589762688,4.004098892211914,0.0,0.0,0.31592756509780884,7.46124642319046e-05,0.00365993520244956,0.9522879123687744,0.0,0.0,1.2077488899230957,0.3338433504104614,0.019061420112848282,0.3684566915035248,0.016215495765209198,0.6441643834114075,0.28777390718460083,0.01849830150604248,0.0006305549759417772,0.6393471956253052,1.0,0.0,0.7511758208274841,0.30289795994758606,0.0004845770890824497,0.017378823831677437,0.0,0.0,0.3436006009578705,0.04894241318106651,9.937652794178575e-05,1.2868176698684692,0.0,0.0
187,5.8867411613464355,0.32891014218330383,17.12561798095703,4.264146327972412,0.626636266708374,43.53563690185547,0.908401608467102,0.910768985748291,286.14,1.066494107246399,0.049757037311792374,0.029156191274523735,8.521653175354004,0.0,0.0,0.2904888689517975,1.544304541312158e-05,0.002791826380416751,0.840994119644165,0.0,0.0,1.158682107925415,0.37981081008911133,0.01557578518986702,0.22165170311927795,0.010806567966938019,0.37106725573539734,0.28989851474761963,0.020987408235669136,0.0004570026067085564,0.7089563608169556,1.0,0.0,0.8031405806541443,0.2699667513370514,0.000528855191078037,0.01849815435707569,0.0,0.0,0.3445747494697571,0.054932158440351486,8.937646634876728e-05,1.2860536575317383,0.0,0.0
188,4.897653579711914,0.9808303117752075,23.99799156188965,2.3324902057647705,0.6937071084976196,68.80150604248047,0.9695125818252563,0.9706573486328125,121.65,0.6927263140678406,0.022981707006692886,0.07133898884057999,28.557130813598633,0.0,0.0,0.36822518706321716,3.2163821742869914e-05,0.0013594671618193388,0.5715485215187073,0.0,0.0,0.9857759475708008,0.3688497841358185,0.012774328701198101,0.12282408773899078,0.006444155238568783,0.18864935636520386,0.29997995495796204,0.02872651256620884,0.0002992295194417238,0.8365040421485901,1.0,0.0,1.0486441850662231,0.16307713091373444,0.0007072396110743284,0.0239041056483984,0.0,0.0,0.3428405523300171,0.06866107136011124,2.9972694392199628e-05,1.289834976196289,0.0,0.0
189,1.9323736429214478,0.7396782040596008,13.745144844055176,9.439184188842773,0.48060378432273865,46.047298431396484,0.9513445496559143,0.9511198401451111,24.83,0.8632515668869019,0.010083364322781563,0.06659520417451859,19.045915603637695,0.0,0.0,0.33225521445274353,7.67667643231107e-06,0.0028399107977747917,0.6672349572181702,0.0,0.0,1.2234174013137817,0.32782217860221863,0.02154199220240116,0.49789169430732727,0.02244480699300766,0.888978898525238,0.2682421803474426,0.00998196192085743,0.0008234804845415056,0.48921141028404236,1.0,0.0,0.7955523133277893,0.27702203392982483,0.0005029735621064901,0.01877775974571705,0.0,0.0,0.34560611844062805,0.0451759397983551,8.858969522407278e-05,1.2904256582260132,0.0,0.0
190,5.683822154998779,0.8265442252159119,27.899335861206055,3.769571542739868,0.4070369601249695,43.69750213623047,0.9709899425506592,0.9709340333938599,5.93,0.9176043272018433,0.009502594359219074,0.04560481011867523,15.479242324829102,0.0,0.0,0.34423699975013733,3.061543611693196e-05,0.003251709509640932,0.6388314962387085,0.0,0.0,1.1977474689483643,0.4481413662433624,0.01723288744688034,0.2543978691101074,0.014426111243665218,0.439821720123291,0.27176347374916077,0.010795032605528831,0.0007012039422988892,0.4756087064743042,1.0,0.0,0.7928416132926941,0.27781015634536743,0.0005036484799347818,0.018721196800470352,0.0,0.0,0.3509257435798645,0.046145882457494736,0.00014901992108207196,1.2703943252563477,0.0,0.0
191,4.606789588928223,0.9101771116256714,20.997114181518555,3.2370786666870117,0.554143488407135,40.46183776855469,0.9440822601318359,0.9458835124969482,201.71,0.8047312498092651,0.015483350493013859,0.059828512370586395,25.786983489990234,0.0,0.0,0.355946809053421,3.552406269591302e-05,0.002523313742130995,0.5967581868171692,0.0,0.0,1.0912750959396362,0.42309513688087463,0.015505760908126831,0.20029160380363464,0.010912391357123852,0.33364221453666687,0.28451547026634216,0.018418801948428154,0.0004856624291278422,0.6426282525062561,1.0,0.0,0.8618017435073853,0.23340579867362976,0.0005624539335258305,0.01992160640656948,0.0,0.0,0.3464893698692322,0.057219330221414566,7.497698970837519e-05,1.2800406217575073,0.0,0.0
192,3.086805582046509,0.4563539922237396,14.38224983215332,9.096513748168945,0.43893930315971375,44.477725982666016,0.9269896745681763,0.9239597916603088,353.75,1.0781570672988892,0.03437072038650513,0.0338936373591423,10.343123435974121,0.0,0.0,0.30265384912490845,1.141661641668179e-06,0.0033988093491643667,0.7810724973678589,0.0,0.0,1.3399467468261719,0.33783847093582153,0.022214746102690697,0.5151423811912537,0.02263186126947403,0.9050624370574951,0.26412492990493774,0.0082230344414711,0.0008306025993078947,0.46052852272987366,1.0,0.0,0.7240180373191833,0.3282768726348877,0.0004562929389066994,0.017152918502688408,0.0,0.0,0.34671393036842346,0.04208751767873764,9.09102673176676e-05,1.2898945808410645,0.0,0.0
193,3.5474178791046143,0.0489211268723011,11.941643714904785,6.234724998474121,0.615946352481842,44.59555435180664,0.8807774782180786,0.8819008469581604,144.62,0.9841940402984619,0.17540599405765533,0.012272884137928486,1.7589704990386963,0.0,0.0,0.35521265864372253,0.00015899894060567021,0.0038775280117988586,0.9985385537147522,0.0,0.0,1.1930601596832275,0.3372794985771179,0.017559804022312164,0.30420905351638794,0.013402913697063923,0.5226519107818604,0.28538617491722107,0.018510228022933006,0.0005137919215485454,0.6669411063194275,1.0,0.0,0.7535252571105957,0.2971165180206299,0.0004815151623915881,0.017486723139882088,0.0,0.0,0.343617707490921,0.04728206247091293,0.000109596447146032,1.2835882902145386,0.0,0.0
194,4.079897403717041,0.16130584478378296,15.676095008850098,2.2701704502105713,0.6996829509735107,45.08984375,0.8185023665428162,0.8197605013847351,187.51,0.9167304635047913,0.10775918513536453,0.023563113063573837,4.890021324157715,0.0,0.0,0.33164945244789124,0.0001322078751400113,0.0031989014241844416,0.9308681488037109,0.0,0.0,1.0831243991851807,0.3588588833808899,0.012634691782295704,0.12250030785799026,0.005856306292116642,0.17766839265823364,0.2981775403022766,0.028113633394241333,0.0002577472187113017,0.8585003614425659,1.0,0.0,0.8845305442810059,0.2209722250699997,0.0005921362899243832,0.020083099603652954,0.0,0.0,0.3435226082801819,0.06424552947282791,4.975828414899297e-05,1.288287878036499,0.0,0.0
195,2.4611005783081055,0.03681636601686478,10.518662452697754,6.865769863128662,0.555950403213501,48.80438995361328,0.8527590036392212,0.8518983125686646,118.48,0.9288655519485474,0.1905122548341751,0.01444245781749487,1.584216594696045,0.0,0.0,0.37236061692237854,0.00017955755174625665,0.0037589147686958313,1.0061063766479492,0.0,0.0,1.2358654737472534,0.32936376333236694,0.019203659147024155,0.36540913581848145,0.01574208214879036,0.6227619051933289,0.2775523066520691,0.014772459864616394,0.0005736714228987694,0.5964531302452087,1.0,0.0,0.7188348174095154,0.3269807696342468,0.00044792177504859865,0.016899729147553444,0.0,0.0,0.3436933755874634,0.039750754833221436,0.0001274980022571981,1.2783807516098022,0.0,0.0
196,4.6918745040893555,0.9024456143379211,22.819381713867188,2.7036023139953613,0.7082281112670898,40.25020980834961,0.991669774055481,0.9934097528457642,176.62,0.7492510676383972,0.014102015644311905,0.06598666310310364,27.542741775512695,0.0,0.0,0.3453875780105591,2.0468585717026144e-05,0.00208981498144567,0.5905523896217346,0.0,0.0,0.9711059331893921,0.36210551857948303,0.012384936213493347,0.13240689039230347,0.006769394502043724,0.20571491122245789,0.30072811245918274,0.0285654217004776,0.0003260862722527236,0.8450531959533691,1.0,0.0,0.9485313296318054,0.20477423071861267,0.0006263499963097274,0.021630670875310898,0.0,0.0,0.3428349196910858,0.05986278876662254,6.426851177820936e-05,1.2781752347946167,0.0,0.0
197,5.601210594177246,0.8606566190719604,20.327678680419922,4.043246746063232,0.6180157661437988,42.18693923950195,0.9684229493141174,0.9646317362785339,405.84,0.8353413939476013,0.008012235164642334,0.05218573287129402,25.885337829589844,0.0,0.0,0.33998337388038635,2.013935227296315e-05,0.0019943793304264545,0.6097695827484131,0.0,0.0,1.0650436878204346,0.39276134967803955,0.015091750770807266,0.21239112317562103,0.010976751334965229,0.3618859052658081,0.2896174490451813,0.020976701751351357,0.0004830823454540223,0.6968891024589539,1.0,0.0,0.8825905919075012,0.2277301698923111,0.0005785247194580734,0.020304517820477486,0.0,0.0,0.34465086460113525,0.057936590164899826,6.918311555637047e-05,1.2832447290420532,0.0,0.0
198,2.4656484127044678,0.2486482709646225,18.935876846313477,2.049755334854126,0.5793563723564148,52.32721710205078,0.8913885951042175,0.8914690613746643,10.13,0.8816874623298645,0.07267928868532181,0.04099569097161293,5.505569934844971,0.0,0.0,0.33978399634361267,0.00015796723891980946,0.003643415169790387,0.8803389668464661,0.0,0.0,1.1206766366958618,0.39664795994758606,0.014851804822683334,0.1439361870288849,0.007980233058333397,0.2194531112909317,0.2887207865715027,0.021353043615818024,0.0003492727119009942,0.7065063118934631,1.0,0.0,0.8744312524795532,0.22518813610076904,0.0005851181922480464,0.02018170803785324,0.0,0.0,0.34564971923828125,0.060511182993650436,5.223135303822346e-05,1.2876219749450684,0.0,0.0
199,2.2121388912200928,0.6525344848632812,20.134471893310547,3.6665403842926025,0.40049228072166443,58.825016021728516,0.921934187412262,0.9237500429153442,213.22,0.8681080937385559,0.005075507331639528,0.07000400125980377,12.46656608581543,0.0,0.0,0.328579306602478,1.2263365078979405e-06,0.0030748164281249046,0.7122345566749573,0.0,0.0,1.2206370830535889,0.4329216778278351,0.01720699481666088,0.2586442828178406,0.014061990194022655,0.4423573315143585,0.2686808705329895,0.010438734665513039,0.0006289925659075379,0.48676204681396484,1.0,0.0,0.8394415378570557,0.2526263892650604,0.0005458357627503574,0.019862554967403412,0.0,0.0,0.34930360317230225,0.04969724267721176,7.948239363031462e-05,1.2858333587646484,0.0,0.0
200,5.828327655792236,0.9362586140632629,24.308202743530273,3.7439157962799072,0.4128524661064148,53.95399475097656,0.9220095872879028,0.9155458807945251,765.71,0.8246543407440186,0.017315296456217766,0.04837096482515335,18.900623321533203,0.0,0.0,0.37288251519203186,6.978247984079644e-05,0.002765741664916277,0.5972967743873596,0.0,0.0,1.201410174369812,0.4417082667350769,0.017242757603526115,0.2561487555503845,0.01376381516456604,0.447807639837265,0.27028796076774597,0.010885873809456825,0.0006337307277135551,0.49019065499305725,1.0,0.0,0.8658262491226196,0.2294408231973648,0.0005617564893327653,0.0203227698802948,0.0,0.0,0.349839448928833,0.05598905682563782,5.961549686617218e-05,1.286849856376648,0.0,0.0
201,3.8788321018218994,0.7930130958557129,13.14887809753418,6.496058464050293,0.7238828539848328,43.50350570678711,0.8988512754440308,0.8985169529914856,41.4,0.8198323845863342,0.00474694836884737,0.061424143612384796,28.01717758178711,0.0,0.0,0.32317304611206055,1.9151380001858342e-06,0.0021677238401025534,0.6411358118057251,0.0,0.0,1.0484609603881836,0.3418624699115753,0.01431705430150032,0.2528441548347473,0.0112009197473526,0.4288870692253113,0.29500845074653625,0.02514665015041828,0.0004619687679223716,0.7889151573181152,1.0,0.0,0.8939738273620605,0.22840167582035065,0.0005837801727466285,0.02054443582892418,0.0,0.0,0.3419244885444641,0.05491434782743454,8.429252193309367e-05,1.2865275144577026,0.0,0.0
202,3.425581216812134,0.971676766872406,14.552486419677734,5.947819709777832,0.4395625591278076,59.00957489013672,0.8538681864738464,0.8585703372955322,641.4,0.7276421785354614,0.024712281301617622,0.06944103538990021,20.37228012084961,0.0,0.0,0.37879931926727295,3.2120249670697376e-05,0.0022725891321897507,0.594516932964325,0.0,0.0,1.1726925373077393,0.35738620162010193,0.018614482134580612,0.36933189630508423,0.017228499054908752,0.6560183763504028,0.2656998932361603,0.009260380640625954,0.0006757102673873305,0.49478912353515625,1.0,0.0,0.8453104496002197,0.2563917636871338,0.0005222694016993046,0.019860895350575447,0.0,0.0,0.3459569811820984,0.042348578572273254,0.00013554515317082405,1.2745987176895142,0.0,0.0
203,4.136162281036377,0.6511663198471069,24.718494415283203,1.847619652748108,0.47923514246940613,55.16618347167969,0.8838728666305542,0.8847581744194031,113.21,0.9229583144187927,0.006034767255187035,0.05317108705639839,14.709202766418457,0.0,0.0,0.31405407190322876,1.12142845409835e-06,0.002983535174280405,0.6987122893333435,0.0,0.0,1.1740748882293701,0.45767590403556824,0.015309931710362434,0.15181787312030792,0.009364468045532703,0.2317533642053604,0.2806953191757202,0.016370460391044617,0.0004461283970158547,0.596863865852356,1.0,0.0,0.8842792510986328,0.2260712832212448,0.0005931637715548277,0.020686320960521698,0.0,0.0,0.3487173318862915,0.05768128111958504,5.603977115242742e-05,1.287095069885254,0.0,0.0
204,2.293278932571411,0.14373888075351715,12.756950378417969,6.142589092254639,0.6077417731285095,48.675907135009766,0.9310976266860962,0.9378718137741089,775.74,0.9044185876846313,0.1209280863404274,0.027761032804846764,3.041137933731079,0.0,0.0,0.35267215967178345,0.0001619592512724921,0.0035643992014229298,0.9426007270812988,0.0,0.0,1.1610920429229736,0.3373071551322937,0.017677053809165955,0.30372652411460876,0.01382238045334816,0.5172860622406006,0.28516867756843567,0.018512971699237823,0.000542524503543973,0.6530460119247437,1.0,0.0,0.7755029201507568,0.2876315712928772,0.0004962955135852098,0.01808350905776024,0.0,0.0,0.34334036707878113,0.045647040009498596,0.00011505551083246246,1.2818180322647095,0.0,0.0
205,2.4029839038848877,0.5934668183326721,11.284249305725098,6.078026294708252,0.7890660762786865,48.82592010498047,0.8818258047103882,0.8805338144302368,166.39,0.806738555431366,0.005921223200857639,0.07060115039348602,21.22834014892578,0.0,0.0,0.31103938817977905,3.0084718673606403e-05,0.002256555948406458,0.7265874743461609,0.0,0.0,1.0539507865905762,0.31951117515563965,0.012354272417724133,0.20747783780097961,0.008477116003632545,0.32670387625694275,0.3012796640396118,0.030805079266428947,0.0003726894792634994,0.8870759010314941,1.0,0.0,0.9101257920265198,0.2294061928987503,0.0005917095695622265,0.020856399089097977,0.0,0.0,0.3406516909599304,0.05085540935397148,0.00011267157969996333,1.2816132307052612,0.0,0.0
206,3.6837477684020996,0.7226184606552124,15.614923477172852,4.453283309936523,0.4834640920162201,44.17824935913086,0.8668816089630127,0.869240403175354,313.03,0.9154612421989441,0.005908891558647156,0.05402905493974686,19.763200759887695,0.0,0.0,0.3210531771183014,1.1090077123299125e-06,0.0031455405987799168,0.670896053314209,0.0,0.0,1.2061337232589722,0.4165356159210205,0.017296794801950455,0.28556254506111145,0.014283234253525734,0.4837678074836731,0.2731874883174896,0.013028710149228573,0.0005798027850687504,0.5553249716758728,1.0,0.0,0.8127099275588989,0.26617342233657837,0.0005271591944620013,0.018983645364642143,0.0,0.0,0.3470042645931244,0.05152440443634987,9.245833643944934e-05,1.2854676246643066,0.0,0.0
207,3.1382102966308594,0.9096950888633728,10.75732421875,9.83775520324707,0.4975244998931885,48.190208435058594,0.811969518661499,0.8152827620506287,500.5,0.813162624835968,0.021150987595319748,0.059703078120946884,25.065195083618164,0.0,0.0,0.3590843081474304,3.94497110391967e-05,0.0021725515834987164,0.6101817488670349,0.0,0.0,1.2281934022903442,0.3069789409637451,0.021142099052667618,0.5212397575378418,0.021723734214901924,0.9128522872924805,0.2661533057689667,0.00979223195463419,0.0007384535856544971,0.5200573205947876,1.0,0.0,0.8048248291015625,0.2734280228614807,0.0004984689876437187,0.01894206367433071,0.0,0.0,0.3444276750087738,0.042478036135435104,0.00010099919745698571,1.2864513397216797,0.0,0.0
208,4.544775485992432,0.7446016073226929,13.497251510620117,5.259479999542236,0.5424346327781677,41.51523971557617,0.8121395707130432,0.8108269572257996,199.33,0.8966343998908997,0.0045863608829677105,0.04823719710111618,19.594663619995117,0.0,0.0,0.31816619634628296,1.0321763284082408e-06,0.002488188212737441,0.6588404178619385,0.0,0.0,1.1792665719985962,0.36259037256240845,0.017055856063961983,0.3060717284679413,0.014184221625328064,0.5152348875999451,0.2767036557197571,0.014676926657557487,0.0005449765012599528,0.6054310202598572,1.0,0.0,0.8376237154006958,0.2587079405784607,0.000535328988917172,0.019725579768419266,0.0,0.0,0.3454045355319977,0.045545544475317,0.00010170676978304982,1.2859327793121338,0.0,0.0
209,3.335556983947754,0.35837438702583313,21.3934383392334,3.679450511932373,0.4861776828765869,59.90420913696289,0.976736843585968,0.9757600426673889,102.49,1.008594274520874,0.04318372532725334,0.036579448729753494,6.334113121032715,0.0,0.0,0.3132910132408142,5.975271778879687e-05,0.0034216679632663727,0.8265715837478638,0.0,0.0,1.205217719078064,0.4086137115955353,0.017156932502985,0.23510293662548065,0.01278071478009224,0.4048793911933899,0.2789040803909302,0.01447444036602974,0.0005716895102523267,0.5583244562149048,1.0,0.0,0.8142918944358826,0.26328298449516296,0.0005346382968127728,0.019035130739212036,0.0,0.0,0.3471468985080719,0.05168532207608223,8.410518785240129e-05,1.2856199741363525,0.0,0.0
210,3.133972644805908,0.269562691450119,22.165515899658203,1.6514089107513428,0.5097208619117737,47.22173309326172,0.8616514205932617,0.8673940896987915,768.36,0.9567398428916931,0.06665858626365662,0.03504136577248573,5.380222797393799,0.0,0.0,0.3285912573337555,0.00012499580043368042,0.00415944866836071,0.8730867505073547,0.0,0.0,1.162451982498169,0.4358474612236023,0.015142972581088543,0.1374274492263794,0.008352614007890224,0.20626044273376465,0.2836737334728241,0.018009698018431664,0.000386347237508744,0.6370553374290466,1.0,0.0,0.841871976852417,0.24074780941009521,0.0005631408421322703,0.01951921544969082,0.0,0.0,0.3482210636138916,0.0597904808819294,5.818389399792068e-05,1.284518837928772,0.0,0.0
211,2.1470835208892822,0.42512187361717224,27.266265869140625,2.4133241176605225,0.4842230975627899,55.71674346923828,0.9937382340431213,0.9939479231834412,21.23,0.9195308685302734,0.025676697492599487,0.05746924877166748,8.00560474395752,0.0,0.0,0.3273465633392334,9.602309728506953e-05,0.003221445716917515,0.799641489982605,0.0,0.0,1.1681345701217651,0.4457565248012543,0.01607615128159523,0.17267325520515442,0.010451138019561768,0.28319644927978516,0.2823582589626312,0.01656981371343136,0.0005039593670517206,0.5820792317390442,1.0,0.0,0.8718505501747131,0.22324016690254211,0.0005869012093171477,0.02035694755613804,0.0,0.0,0.3489472270011902,0.06182413175702095,4.388513843878172e-05,1.2907224893569946,0.0,0.0
212,5.071469306945801,0.9168174266815186,20.481060028076172,2.197448968887329,0.658005952835083,53.97434997558594,0.8811304569244385,0.8782041668891907,378.17,0.7446626424789429,0.014273046515882015,0.06308035552501678,27.96691131591797,0.0,0.0,0.35163694620132446,2.2314648958854377e-05,0.0020429438445717096,0.5880765318870544,0.0,0.0,1.022182822227478,0.38222411274909973,0.013127771206200123,0.13007256388664246,0.006883553694933653,0.1974608153104782,0.2949749231338501,0.025599708780646324,0.000310029077809304,0.7983335256576538,1.0,0.0,0.9964528679847717,0.18097762763500214,0.0006694772164337337,0.022772645577788353,0.0,0.0,0.34385380148887634,0.06674401462078094,3.3731612347764894e-05,1.289473533630371,0.0,0.0
213,4.46566104888916,0.4122346341609955,16.64113998413086,4.519335746765137,0.6787524223327637,47.03486633300781,0.9569914937019348,0.9584160447120667,155.32,0.964786171913147,0.03142399713397026,0.03722162917256355,11.597694396972656,0.0,0.0,0.2952120304107666,2.0537756427074783e-05,0.002837038366124034,0.7990624904632568,0.0,0.0,1.112594485282898,0.3575965166091919,0.014840319752693176,0.20989206433296204,0.009918205440044403,0.3435017168521881,0.29483282566070557,0.024421827867627144,0.00043009829823859036,0.7647274732589722,1.0,0.0,0.859275758266449,0.24489866197109222,0.0005694061983376741,0.01970529928803444,0.0,0.0,0.3431021273136139,0.05568428710103035,7.468247349606827e-05,1.2866708040237427,0.0,0.0
214,5.549241065979004,0.7241188287734985,15.968729972839355,7.668883800506592,0.49392837285995483,48.886531829833984,0.890214204788208,0.8876727819442749,321.61,0.9547442197799683,0.009135603904724121,0.03977901116013527,18.35811996459961,0.0,0.0,0.3152920603752136,1.0774965630844235e-06,0.0025093993172049522,0.6626535654067993,0.0,0.0,1.2471599578857422,0.34868693351745605,0.01994457095861435,0.42694130539894104,0.018957465887069702,0.7396774888038635,0.27108997106552124,0.01112209539860487,0.0007206600275821984,0.5180284976959229,1.0,0.0,0.8020946979522705,0.2806532084941864,0.0005094542284496129,0.018833637237548828,0.0,0.0,0.3457721471786499,0.04533645883202553,9.772009070729837e-05,1.2875319719314575,0.0,0.0
215,2.641399383544922,0.1674545854330063,15.120546340942383,5.2254862785339355,0.5091777443885803,47.276329040527344,0.9315584301948547,0.928809404373169,317.72,0.9762449860572815,0.10824155062437057,0.024652423337101936,3.2655203342437744,0.0,0.0,0.34290504455566406,0.0001412418350810185,0.0042102644219994545,0.9271132349967957,0.0,0.0,1.2152482271194458,0.3732244372367859,0.018359994515776634,0.30489760637283325,0.014772742986679077,0.5326196551322937,0.27676934003829956,0.0139065096154809,0.0005954763619229198,0.5628798604011536,1.0,0.0,0.7600986361503601,0.2928902506828308,0.0004892227007076144,0.01774732954800129,0.0,0.0,0.34595537185668945,0.04871293902397156,0.00010657450184226036,1.2845052480697632,0.0,0.0
216,2.9967353343963623,0.3058680593967438,15.811200141906738,7.114370346069336,0.5049688816070557,41.1248893737793,0.96950364112854,0.9690656065940857,46.62,1.057824969291687,0.06553661078214645,0.029980681836605072,6.217514991760254,0.0,0.0,0.31434372067451477,5.6250904890475795e-05,0.003970196470618248,0.8525310754776001,0.0,0.0,1.2631040811538696,0.3663862943649292,0.020180463790893555,0.3879093527793884,0.018086770549416542,0.6795516610145569,0.27492162585258484,0.012777931056916714,0.0007152326870709658,0.5267844200134277,1.0,0.0,0.7404599189758301,0.3087315261363983,0.00047331981477327645,0.017334910109639168,0.0,0.0,0.3461308479309082,0.04658612236380577,0.00010358773579355329,1.2851930856704712,0.0,0.0
217,5.414940357208252,0.7203115820884705,21.132673263549805,2.3566713333129883,0.43842098116874695,52.170936584472656,0.8296276926994324,0.8313162922859192,244.84,0.9290939569473267,0.004915598779916763,0.045672327280044556,15.833245277404785,0.0,0.0,0.31963539123535156,1.1336362604197348e-06,0.0029826394747942686,0.6696444749832153,0.0,0.0,1.2132152318954468,0.45204728841781616,0.015671050176024437,0.1883789300918579,0.010719767771661282,0.2996649146080017,0.27329838275909424,0.012913991697132587,0.0004867242823820561,0.5509050488471985,1.0,0.0,0.8559392690658569,0.2440982311964035,0.0005621439777314663,0.02009901963174343,0.0,0.0,0.34919390082359314,0.0530511736869812,7.251877832459286e-05,1.284653663635254,0.0,0.0
218,2.9699318408966064,0.8793396949768066,17.62129020690918,6.695868015289307,0.5263511538505554,42.668880462646484,0.9992935657501221,0.9991639256477356,12.98,0.8075740337371826,0.014686578884720802,0.06821228563785553,22.558862686157227,0.0,0.0,0.3528537154197693,3.078206646023318e-05,0.0030696361791342497,0.6100358366966248,0.0,0.0,1.1307857036590576,0.38106876611709595,0.01883230358362198,0.35083234310150146,0.017420317977666855,0.6365498304367065,0.27771198749542236,0.014022868126630783,0.0007120603113435209,0.5469585061073303,1.0,0.0,0.836785078048706,0.24658457934856415,0.0005398081848397851,0.01947212778031826,0.0,0.0,0.3459304869174957,0.05413377285003662,7.452494173776358e-05,1.2872393131256104,0.0,0.0
219,3.6102023124694824,0.3223115801811218,16.283584594726562,5.118041038513184,0.5852282047271729,42.14760971069336,0.9607025980949402,0.9563004374504089,479.16,1.0293083190917969,0.057351820170879364,0.03187812492251396,7.288946628570557,0.0,0.0,0.3085995316505432,5.566767504205927e-05,0.003638782538473606,0.8433193564414978,0.0,0.0,1.1700067520141602,0.37950631976127625,0.01711919531226158,0.269006609916687,0.013261310756206512,0.46407824754714966,0.2851870357990265,0.018225641921162605,0.0005509561160579324,0.6406295895576477,1.0,0.0,0.7787250876426697,0.2824733555316925,0.0005076462985016406,0.01802411489188671,0.0,0.0,0.3448525369167328,0.05189550295472145,0.00010723836021497846,1.2837485074996948,0.0,0.0
220,4.332357883453369,0.6623584032058716,14.248748779296875,3.672461748123169,0.7342532277107239,52.0528564453125,0.8378666043281555,0.83608478307724,254.35,0.8308985233306885,0.0017783869989216328,0.056165147572755814,24.934947967529297,0.0,0.0,0.303162157535553,8.380717986256059e-07,0.0023009306751191616,0.6891812086105347,0.0,0.0,1.037096381187439,0.34616518020629883,0.012167810462415218,0.1617729663848877,0.0073309834115207195,0.24774743616580963,0.29833438992500305,0.02831486240029335,0.00032499927328899503,0.866812527179718,1.0,0.0,0.9363868236541748,0.2173537164926529,0.0006213263841345906,0.021429546177387238,0.0,0.0,0.3419722616672516,0.05638547241687775,7.00759410392493e-05,1.2843716144561768,0.0,0.0
221,5.164631366729736,0.634363055229187,24.606666564941406,2.284353494644165,0.5225648283958435,52.697044372558594,0.9259380102157593,0.9264363050460815,58.09,0.9593458771705627,0.006269047502428293,0.04497227817773819,14.97708511352539,0.0,0.0,0.3054466247558594,1.0635900480338023e-06,0.002821231260895729,0.6998600363731384,0.0,0.0,1.1467845439910889,0.4390619695186615,0.015309996902942657,0.16412460803985596,0.009785165078938007,0.2606019675731659,0.2843969762325287,0.017912959679961205,0.0004570618038997054,0.6285039782524109,1.0,0.0,0.8718008995056152,0.2326408177614212,0.0005827932618558407,0.020316746085882187,0.0,0.0,0.3473808467388153,0.056341737508773804,6.525561911985278e-05,1.28556227684021,0.0,0.0
222,2.5392627716064453,0.1132219135761261,13.507164001464844,2.321959972381592,0.6893143057823181,49.659278869628906,0.8040053248405457,0.8039196133613586,13.26,0.8525865077972412,0.14104951918125153,0.028770947828888893,3.357064723968506,0.0,0.0,0.36504337191581726,0.00019870682444889098,0.0034010480158030987,0.9583330154418945,0.0,0.0,1.0656331777572632,0.3683112561702728,0.012647533789277077,0.12648259103298187,0.006278673652559519,0.19118782877922058,0.2960885763168335,0.026973525062203407,0.00026383850490674376,0.8458431959152222,1.0,0.0,0.8469926118850708,0.2342609465122223,0.0005611279048025608,0.019321907311677933,0.0,0.0,0.34306612610816956,0.0613965280354023,6.899915752001107e-05,1.2847005128860474,0.0,0.0
223,4.859951019287109,0.5964315533638,17.83806037902832,4.459920406341553,0.6385139226913452,59.12531661987305,0.9572054147720337,0.9591112732887268,207.59,0.939852237701416,0.007743999361991882,0.04465692862868309,15.395837783813477,0.0,0.0,0.2976047396659851,9.254137012248975e-07,0.0024798852391541004,0.7143086194992065,0.0,0.0,1.0943208932876587,0.3630804419517517,0.015202319249510765,0.2210862785577774,0.011210804805159569,0.3749684989452362,0.2910974621772766,0.02122443914413452,0.00048223408521153033,0.7133212685585022,1.0,0.0,0.86297208070755,0.24865911900997162,0.0005662072799168527,0.019999975338578224,0.0,0.0,0.34325945377349854,0.04987597092986107,0.00010093806486111134,1.2818928956985474,0.0,0.0
224,5.789458274841309,0.5342044234275818,20.154373168945312,6.919633865356445,0.4882829487323761,42.59377670288086,0.9840924739837646,0.9829599261283875,117.08,1.1030694246292114,0.020191103219985962,0.03318814933300018,12.205589294433594,0.0,0.0,0.292652428150177,1.0554322216194123e-06,0.0030216483864933252,0.7398226261138916,0.0,0.0,1.2610394954681396,0.39075934886932373,0.019813809543848038,0.38267356157302856,0.01857156492769718,0.6771685481071472,0.27454835176467896,0.012018842622637749,0.0007621995755471289,0.5069152116775513,1.0,0.0,0.7382636666297913,0.3154173195362091,0.00047237949911504984,0.017328443005681038,0.0,0.0,0.3469970226287842,0.04563949257135391,0.00011014286428689957,1.283098816871643,0.0,0.0
225,2.470804452896118,0.4160188138484955,20.913692474365234,2.631448984146118,0.6550164222717285,51.258907318115234,0.9971123337745667,0.9938099980354309,333.25,0.8617393970489502,0.02935783751308918,0.05742031708359718,10.457005500793457,0.0,0.0,0.3196392059326172,9.498214785708115e-05,0.0030988487415015697,0.7915458679199219,0.0,0.0,1.063389539718628,0.37164628505706787,0.014084910973906517,0.14613932371139526,0.007775162812322378,0.22905075550079346,0.29637762904167175,0.025835955515503883,0.00035182389547117054,0.7771947383880615,1.0,0.0,0.9192607998847961,0.20870764553546906,0.0006201249198056757,0.021122872829437256,0.0,0.0,0.3439123034477234,0.06239704415202141,4.413440910866484e-05,1.2896612882614136,0.0,0.0
226,5.239171504974365,0.6637066006660461,15.981983184814453,5.463531017303467,0.6011397242546082,47.145721435546875,0.9013292789459229,0.9031986594200134,229.63,0.9382080435752869,0.004721709992736578,0.04409148171544075,20.236801147460938,0.0,0.0,0.3031460642814636,9.80652771431778e-07,0.002371653914451599,0.6864199638366699,0.0,0.0,1.149119257926941,0.3727516829967499,0.0165574811398983,0.2825040817260742,0.01342237088829279,0.4772302210330963,0.28485310077667236,0.018355075269937515,0.0005459211533889174,0.6557374596595764,1.0,0.0,0.8434394598007202,0.25662797689437866,0.0005505008157342672,0.01952506974339485,0.0,0.0,0.34421029686927795,0.05165626481175423,9.434305684408173e-05,1.2859150171279907,0.0,0.0
227,4.0463128089904785,0.654396653175354,20.048906326293945,3.104543447494507,0.7424294948577881,58.77070617675781,0.9897672533988953,0.9899030923843384,13.86,0.8337235450744629,0.003316940274089575,0.05986851826310158,21.43220329284668,0.0,0.0,0.3056231737136841,4.67479685539729e-06,0.0024037554394453764,0.687330424785614,0.0,0.0,1.0073212385177612,0.3467094302177429,0.01213865727186203,0.13351121544837952,0.006524187512695789,0.20796823501586914,0.303067147731781,0.030745288357138634,0.00030653353314846754,0.8823542594909668,1.0,0.0,0.9742205142974854,0.193767249584198,0.0006597793544642627,0.022311819717288017,0.0,0.0,0.34192442893981934,0.06228451058268547,4.212350904708728e-05,1.2906899452209473,0.0,0.0
228,3.2936763763427734,0.15032188594341278,15.505768775939941,3.6539411544799805,0.7919403314590454,46.66417694091797,0.9361250996589661,0.9358360171318054,33.0,0.8647785782814026,0.1084904745221138,0.027937283739447594,4.700626373291016,0.0,0.0,0.3444625437259674,0.0001579358067829162,0.0032891330774873495,0.9421197772026062,0.0,0.0,1.0282135009765625,0.33119499683380127,0.011335867457091808,0.1304885745048523,0.005479234736412764,0.20249688625335693,0.3060377836227417,0.033756621181964874,0.0002666139625944197,0.9460397958755493,1.0,0.0,0.9000547528266907,0.21227188408374786,0.0006046845810487866,0.02038046158850193,0.0,0.0,0.3416566252708435,0.0664784386754036,4.4519430957734585e-05,1.291157603263855,0.0,0.0
229,4.59498929977417,0.5598324537277222,12.064628601074219,7.497873306274414,0.59835284948349,43.463314056396484,0.817452609539032,0.8122154474258423,788.79,1.0201470851898193,0.014290660619735718,0.037850283086299896,15.823753356933594,0.0,0.0,0.293857216835022,9.672659189163824e-07,0.0025265079457312822,0.735689640045166,0.0,0.0,1.2072114944458008,0.3401983678340912,0.01806054450571537,0.36727678775787354,0.016055019572377205,0.6277404427528381,0.28073030710220337,0.016299594193696976,0.0005928365862928331,0.6317646503448486,1.0,0.0,0.7840426564216614,0.29103702306747437,0.0005002719117328525,0.018332572653889656,0.0,0.0,0.34369388222694397,0.044684868305921555,0.00010355228732805699,1.285494089126587,0.0,0.0
230,2.921647071838379,0.19407768547534943,16.46917152404785,2.7273523807525635,0.6776779890060425,41.445091247558594,0.9107319712638855,0.9070578217506409,444.77,0.8878437280654907,0.09920436888933182,0.03293224424123764,5.082208156585693,0.0,0.0,0.34000828862190247,0.00015011226059868932,0.0035293037071824074,0.9113799333572388,0.0,0.0,1.0646611452102661,0.367891788482666,0.01342620700597763,0.14393579959869385,0.0072257802821695805,0.22474892437458038,0.2964116334915161,0.026285763829946518,0.0003181528009008616,0.8126039505004883,1.0,0.0,0.8585013747215271,0.23148933053016663,0.0005711025441996753,0.01956695131957531,0.0,0.0,0.3437459468841553,0.062016941606998444,6.04126435064245e-05,1.285229206085205,0.0,0.0
231,4.895660877227783,0.04623445123434067,37.78062438964844,1.6368322372436523,0.4901072680950165,56.74460220336914,0.9794577956199646,0.9777693748474121,176.3,1.058819055557251,0.1635117381811142,0.009007435292005539,1.3836705684661865,0.0,0.0,0.35137131810188293,0.000172078944160603,0.003900627139955759,1.0100092887878418,0.0,0.0,1.197028398513794,0.45148876309394836,0.01554049551486969,0.13493724167346954,0.008630301803350449,0.21007998287677765,0.28550469875335693,0.017217906191945076,0.0004464470548555255,0.6055100560188293,1.0,0.0,0.7780484557151794,0.27162423729896545,0.0005135169485583901,0.01815660111606121,0.0,0.0,0.3493242859840393,0.05272119119763374,0.00012067043280694634,1.2742871046066284,0.0,0.0
232,5.375730037689209,0.9565341472625732,23.910940170288086,2.99718976020813,0.6266841888427734,52.64506530761719,0.995416522026062,0.9962955713272095,88.64,0.7425721883773804,0.01970253884792328,0.060007043182849884,25.377206802368164,0.0,0.0,0.3650403916835785,4.316880585975014e-05,0.0019555736798793077,0.5761759877204895,0.0,0.0,1.03476083278656,0.38755735754966736,0.014565506018698215,0.1670074760913849,0.00896090641617775,0.2731112241744995,0.29307302832603455,0.02327793277800083,0.0004111264133825898,0.7291316986083984,1.0,0.0,0.9775025844573975,0.18675048649311066,0.0006519758026115596,0.022436851635575294,0.0,0.0,0.3444354832172394,0.06430092453956604,3.8586509617744014e-05,1.2886500358581543,0.0,0.0
233,5.702915191650391,0.6786931157112122,16.307647705078125,5.842112064361572,0.6672857999801636,42.03929138183594,0.9263474941253662,0.9282093644142151,216.54,0.9312171936035156,0.0011529411422088742,0.044430799782276154,22.590452194213867,0.0,0.0,0.30263400077819824,9.63211618909554e-07,0.0020878054201602936,0.6826255321502686,0.0,0.0,1.083252191543579,0.36922475695610046,0.01520564965903759,0.2598262131214142,0.012409023940563202,0.44853511452674866,0.29139018058776855,0.022013042122125626,0.0005165370530448854,0.7255980968475342,1.0,0.0,0.8528084754943848,0.24680684506893158,0.0005598157877102494,0.019683275371789932,0.0,0.0,0.3433459997177124,0.05454690381884575,8.478713425574824e-05,1.2869184017181396,0.0,0.0
234,5.220810890197754,0.6715344190597534,14.019596099853516,6.208017826080322,0.7344293594360352,56.270381927490234,0.8762950301170349,0.8790712356567383,360.39,0.8634669184684753,0.0014597654808312654,0.048717811703681946,23.724090576171875,0.0,0.0,0.3011578619480133,8.164705036506348e-07,0.0020447010174393654,0.6925914883613586,0.0,0.0,1.0509084463119507,0.3378784954547882,0.013837660662829876,0.24022527039051056,0.010588249191641808,0.3949616551399231,0.29680171608924866,0.025726156309247017,0.0004487709957174957,0.8071616888046265,1.0,0.0,0.8963810801506042,0.23896311223506927,0.0005854608025401831,0.020599570125341415,0.0,0.0,0.3415824770927429,0.050193075090646744,0.00010845979704754427,1.280478596687317,0.0,0.0
235,3.433405876159668,0.8637653589248657,21.42987060546875,3.2391841411590576,0.43057534098625183,42.19336700439453,0.915823757648468,0.9140816926956177,208.1,0.8200871348381042,0.01113407127559185,0.06565871089696884,20.06410026550293,0.0,0.0,0.3541070818901062,2.3358794351224788e-05,0.003658791072666645,0.6278743147850037,0.0,0.0,1.1825758218765259,0.4508668780326843,0.01676071062684059,0.23043841123580933,0.012738551944494247,0.3855538070201874,0.2724333703517914,0.012327260337769985,0.000577102939132601,0.5195950269699097,1.0,0.0,0.8399900794029236,0.243256077170372,0.0005459939129650593,0.019722944125533104,0.0,0.0,0.35009142756462097,0.054765623062849045,7.271130016306415e-05,1.282804012298584,0.0,0.0
236,5.905463695526123,0.5037200450897217,14.704100608825684,4.296451568603516,0.4306044578552246,54.83386993408203,0.7574447989463806,0.7567036151885986,129.32,1.089310646057129,0.024261249229311943,0.03110463172197342,11.474112510681152,0.0,0.0,0.2909751832485199,9.91789761428663e-07,0.00313309533521533,0.7532261610031128,0.0,0.0,1.2966090440750122,0.4136004149913788,0.017309153452515602,0.30065640807151794,0.014513189904391766,0.5086871385574341,0.2663266956806183,0.009663916192948818,0.0005781501531600952,0.5180110931396484,1.0,0.0,0.7502428889274597,0.31901875138282776,0.00047417692258022726,0.017555737867951393,0.0,0.0,0.34709271788597107,0.04284312576055527,0.00013147032586857677,1.2764333486557007,0.0,0.0
237,3.3623056411743164,0.8317712545394897,14.639490127563477,4.474316120147705,0.579934298992157,47.935089111328125,0.8831443190574646,0.8850706815719604,246.45,0.7984898686408997,0.008038741536438465,0.06836506724357605,26.06945037841797,0.0,0.0,0.33797556161880493,6.7818391471519135e-06,0.0026406922843307257,0.6266104578971863,0.0,0.0,1.0970079898834229,0.3858528435230255,0.01595884934067726,0.2501358985900879,0.012404884211719036,0.42420637607574463,0.2827455401420593,0.017838791012763977,0.0005046877195127308,0.6541426181793213,1.0,0.0,0.8753463625907898,0.23483915627002716,0.0005705549847334623,0.02022167481482029,0.0,0.0,0.34443485736846924,0.054775431752204895,7.643079152330756e-05,1.2841092348098755,0.0,0.0
238,2.8900365829467773,0.5712776780128479,11.428365707397461,3.82601261138916,0.5914939045906067,52.071876525878906,0.7715462446212769,0.7717735171318054,38.17,0.9033845067024231,0.011629763059318066,0.05693889409303665,15.908394813537598,0.0,0.0,0.3088715076446533,8.983799489215016e-06,0.002688092179596424,0.732485294342041,0.0,0.0,1.143139362335205,0.37142086029052734,0.015026643872261047,0.2256051003932953,0.011128278449177742,0.3641127645969391,0.282681941986084,0.018335474655032158,0.0004359005542937666,0.6895169615745544,1.0,0.0,0.8145245313644409,0.27862128615379333,0.000519803143106401,0.01890687644481659,0.0,0.0,0.343398779630661,0.044181957840919495,0.00013912224676460028,1.2735886573791504,0.0,0.0
239,5.51771879196167,0.9803887009620667,16.660451889038086,5.044503688812256,0.49128857254981995,41.81578826904297,0.8478860855102539,0.8464040160179138,206.52,0.7730812430381775,0.02337733469903469,0.05039319396018982,24.69892120361328,0.0,0.0,0.38106682896614075,8.31325669423677e-05,0.0023895378690212965,0.5769304633140564,0.0,0.0,1.1627923250198364,0.39513134956359863,0.01753414422273636,0.3092202842235565,0.014574471861124039,0.5404312610626221,0.2724928855895996,0.012628313153982162,0.0005841050879098475,0.5530664920806885,1.0,0.0,0.8694268465042114,0.2290620058774948,0.0005577452247962356,0.020201465114951134,0.0,0.0,0.34712129831314087,0.05673578754067421,6.163321813801304e-05,1.288253903388977,0.0,0.0
240,3.833669662475586,0.13943840563297272,14.337822914123535,7.010570526123047,0.7293645143508911,47.95340347290039,0.9950019717216492,0.994226336479187,78.41,0.9624232053756714,0.11842186003923416,0.02076577953994274,3.8194127082824707,0.0,0.0,0.3335881531238556,0.00012097108265152201,0.003575168550014496,0.9506576061248779,0.0,0.0,1.0937089920043945,0.3298768103122711,0.015289878472685814,0.25570252537727356,0.011440372094511986,0.4435127377510071,0.29822537302970886,0.02550174854695797,0.00048211103421635926,0.7801810503005981,1.0,0.0,0.805560827255249,0.26705652475357056,0.0005278681637719274,0.018479079008102417,0.0,0.0,0.34192684292793274,0.05367237702012062,9.9860510090366e-05,1.2863125801086426,0.0,0.0
241,2.8115429878234863,0.4851418137550354,26.084598541259766,3.2184791564941406,0.4039672315120697,45.642578125,0.9720862507820129,0.9692860245704651,297.19,0.99101722240448,0.022885054349899292,0.04847513884305954,8.360115051269531,0.0,0.0,0.31739479303359985,2.8368023777147755e-05,0.004297017119824886,0.7798263430595398,0.0,0.0,1.2336037158966064,0.454764723777771,0.017171690240502357,0.22680005431175232,0.013210013508796692,0.38304275274276733,0.27274325489997864,0.011429091915488243,0.0006437423871830106,0.4872301518917084,1.0,0.0,0.782313346862793,0.28015226125717163,0.0005097163957543671,0.01849582977592945,0.0,0.0,0.3514350950717926,0.05017958581447601,0.00010305867908755317,1.2792218923568726,0.0,0.0
242,4.935570240020752,0.38153335452079773,19.484609603881836,4.765561580657959,0.4735930263996124,55.61580276489258,0.9421377182006836,0.9385636448860168,404.19,1.093398928642273,0.042705047875642776,0.02729632332921028,6.989317417144775,0.0,0.0,0.29515540599823,5.045412763138302e-06,0.003462743479758501,0.8111294507980347,0.0,0.0,1.2520729303359985,0.39502301812171936,0.018122943118214607,0.2929207384586334,0.014904760755598545,0.5136122703552246,0.2750914394855499,0.012402576394379139,0.0006346050649881363,0.529202938079834,1.0,0.0,0.7691428661346436,0.29733362793922424,0.0004971749731339514,0.01805267669260502,0.0,0.0,0.34702229499816895,0.04650983214378357,0.00010750998626463115,1.2839208841323853,0.0,0.0
243,1.942613959312439,0.7597528696060181,11.672181129455566,6.752538681030273,0.5051206350326538,42.614105224609375,0.8584555387496948,0.8587875962257385,45.04,0.8388256430625916,0.0065768081694841385,0.072148896753788,20.110305786132812,0.0,0.0,0.33469778299331665,5.067561232863227e-06,0.002937938319519162,0.6648346185684204,0.0,0.0,1.2157801389694214,0.3587712347507477,0.0191287100315094,0.387112021446228,0.017595071345567703,0.6615087389945984,0.2712244391441345,0.01233574841171503,0.0006543790805153549,0.5458142757415771,1.0,0.0,0.8152762055397034,0.266585111618042,0.0005166276823729277,0.01920253410935402,0.0,0.0,0.3454352021217346,0.04533548280596733,9.869950008578598e-05,1.2870006561279297,0.0,0.0
244,5.802733421325684,0.8589501976966858,24.53711700439453,2.375126600265503,0.6015350222587585,54.91486740112305,0.9469842314720154,0.9457246661186218,140.64,0.8222464323043823,0.008141296915709972,0.0533941350877285,23.02924919128418,0.0,0.0,0.34043458104133606,1.730553776724264e-05,0.0020835092291235924,0.6104941964149475,0.0,0.0,1.0614969730377197,0.4090403914451599,0.014350597746670246,0.1495600789785385,0.008510162122547626,0.23863252997398376,0.29137033224105835,0.022282345220446587,0.00039301105425693095,0.7164422273635864,1.0,0.0,0.9577922224998474,0.1924891471862793,0.0006426880718208849,0.022038916125893593,0.0,0.0,0.34522518515586853,0.06374838203191757,4.062105654156767e-05,1.288921594619751,0.0,0.0
245,3.4753224849700928,0.7914968729019165,14.940431594848633,3.868043899536133,0.7114044427871704,50.896541595458984,0.9014533758163452,0.901684045791626,28.38,0.7600546479225159,0.004472660832107067,0.07313300669193268,28.576202392578125,0.0,0.0,0.32569485902786255,5.39510210728622e-06,0.0023308414965867996,0.6366510391235352,0.0,0.0,1.0255420207977295,0.35202839970588684,0.013066844083368778,0.17668771743774414,0.008204006589949131,0.2770034968852997,0.29658713936805725,0.027044378221035004,0.00035979083622805774,0.8277930021286011,1.0,0.0,0.9540693163871765,0.20688197016716003,0.000632632989436388,0.02181568741798401,0.0,0.0,0.3421584367752075,0.05840974301099777,5.873583722859621e-05,1.284948468208313,0.0,0.0
246,2.0320088863372803,0.8637826442718506,22.647998809814453,1.6890455484390259,0.45162707567214966,54.065372467041016,0.856703519821167,0.8561466932296753,75.92,0.7188987135887146,0.007730939891189337,0.09601710736751556,19.054323196411133,0.0,0.0,0.36252152919769287,3.330707477289252e-05,0.0031185289844870567,0.6327745914459229,0.0,0.0,1.1371625661849976,0.46258363127708435,0.015224488452076912,0.14665888249874115,0.009127741679549217,0.2222198247909546,0.2774728834629059,0.015365959145128727,0.00043097935849800706,0.5791131258010864,1.0,0.0,0.9461033940315247,0.19346429407596588,0.0006333201308734715,0.022096887230873108,0.0,0.0,0.3496779799461365,0.06442774832248688,3.3237105526495725e-05,1.2900729179382324,0.0,0.0
247,5.337184429168701,0.6654785871505737,17.683670043945312,3.2850453853607178,0.49508795142173767,46.2825813293457,0.8374159336090088,0.8432386517524719,824.58,0.9487345814704895,0.005214576609432697,0.04365485534071922,17.194713592529297,0.0,0.0,0.3078259229660034,1.0578064575383905e-06,0.0027412197086960077,0.6869269609451294,0.0,0.0,1.2046724557876587,0.4230475127696991,0.01614939048886299,0.22744756937026978,0.011759262531995773,0.36896026134490967,0.2763686180114746,0.014518468640744686,0.0004952409071847796,0.58879554271698,1.0,0.0,0.8387253284454346,0.25638526678085327,0.0005478183156810701,0.01955229975283146,0.0,0.0,0.34726864099502563,0.05223337560892105,8.549645281163976e-05,1.2844843864440918,0.0,0.0
248,2.890378952026367,0.28350523114204407,15.727849960327148,6.957739353179932,0.40055468678474426,42.930416107177734,0.9225723743438721,0.923829972743988,147.55,1.0930790901184082,0.0704798698425293,0.02524186298251152,5.202969551086426,0.0,0.0,0.3178855776786804,4.8783400416141376e-05,0.00445977970957756,0.8686556816101074,0.0,0.0,1.3495182991027832,0.37537631392478943,0.020851612091064453,0.4295230209827423,0.01975957676768303,0.7666212916374207,0.2629370093345642,0.0077927266247570515,0.0007753097452223301,0.44530805945396423,1.0,0.0,0.7182526588439941,0.32436129450798035,0.00045493978541344404,0.016947010532021523,0.0,0.0,0.34858018159866333,0.045818328857421875,9.455660620005801e-05,1.2884827852249146,0.0,0.0
249,4.221116542816162,0.8832539916038513,21.245370864868164,3.049060583114624,0.6842147707939148,79.43463134765625,0.9934310913085938,0.9941967129707336,77.52,0.7230671048164368,0.007898670621216297,0.07753020524978638,22.413341522216797,0.0,0.0,0.3446604609489441,7.855404874135274e-06,0.0008146665641106665,0.6141451001167297,0.0,0.0,0.967691957950592,0.35000747442245483,0.012957679107785225,0.15130801498889923,0.008006964810192585,0.24255013465881348,0.29788410663604736,0.025752829387784004,0.0003726240247488022,0.8022794723510742,1.0,0.0,0.9632244110107422,0.20771129429340363,0.0006206020480021834,0.022168559953570366,0.0,0.0,0.34213346242904663,0.047128502279520035,0.000132782879518345,1.2638325691223145,0.0,0.0
250,5.527194023132324,0.9653110504150391,25.032766342163086,2.52860689163208,0.6473767757415771,77.34642028808594,0.9831865429878235,0.981534481048584,171.19,0.7208529114723206,0.01937699131667614,0.06400792300701141,24.692428588867188,0.0,0.0,0.36647483706474304,2.8961516363779083e-05,0.0010043932124972343,0.5843316316604614,0.0,0.0,0.9980266094207764,0.3788663148880005,0.013615361414849758,0.14206615090370178,0.00790079589933157,0.2273026704788208,0.29580873250961304,0.024808092042803764,0.00037054912536405027,0.7679311037063599,1.0,0.0,1.0029888153076172,0.18141598999500275,0.0006638374179601669,0.023003539070487022,0.0,0.0,0.34356024861335754,0.05946042761206627,5.511919152922928e-05,1.2799780368804932,0.0,0.0
251,2.1856658458709717,0.5609971880912781,13.271957397460938,4.1015143394470215,0.5862289071083069,46.403846740722656,0.875015139579773,0.8774036765098572,311.11,0.8712204694747925,0.011790300719439983,0.06429127603769302,15.05504322052002,0.0,0.0,0.3159550428390503,3.110786565230228e-05,0.003092783270403743,0.736295223236084,0.0,0.0,1.1329448223114014,0.37374964356422424,0.015747983008623123,0.23470927774906158,0.011689215898513794,0.38622620701789856,0.2836928963661194,0.018692687153816223,0.0004717535921372473,0.6712580323219299,1.0,0.0,0.8420237302780151,0.2546478807926178,0.0005467098671942949,0.01954946666955948,0.0,0.0,0.34426814317703247,0.050390828400850296,0.00011182288290001452,1.2824569940567017,0.0,0.0
252,4.067843914031982,0.6845993399620056,21.585519790649414,2.6813931465148926,0.6946571469306946,47.40961456298828,0.9838776588439941,0.983955979347229,8.09,0.8425658345222473,0.00313477567397058,0.06030783802270889,20.919401168823242,0.0,0.0,0.30920925736427307,3.509602947815438e-06,0.002585031557828188,0.6718955039978027,0.0,0.0,1.013216257095337,0.37005919218063354,0.012822089716792107,0.1354479193687439,0.0071620037779212,0.21166881918907166,0.2995743453502655,0.02785777859389782,0.0003334627253934741,0.8279045224189758,1.0,0.0,0.9505066275596619,0.2008589506149292,0.0006405391613952816,0.02179250493645668,0.0,0.0,0.3431131839752197,0.06155291572213173,4.750748485093936e-05,1.2872893810272217,0.0,0.0
253,3.2684507369995117,0.6236532926559448,13.321022987365723,5.643483638763428,0.7466535568237305,49.22265625,0.9212014079093933,0.9167017936706543,532.83,0.8403790593147278,0.004720169585198164,0.06116856634616852,22.206005096435547,0.0,0.0,0.30576592683792114,8.382056876143906e-06,0.002394389361143112,0.7085176110267639,0.0,0.0,1.0458725690841675,0.332703173160553,0.013282029889523983,0.2153814136981964,0.00956799741834402,0.35174211859703064,0.2985098958015442,0.027584420517086983,0.0004142913967370987,0.8338779807090759,1.0,0.0,0.9026839137077332,0.23125745356082916,0.0005930346087552607,0.0206909216940403,0.0,0.0,0.3413826525211334,0.053609300404787064,9.144937939709052e-05,1.2839845418930054,0.0,0.0
254,4.701488971710205,0.9898448586463928,15.474326133728027,4.8486008644104,0.6187310814857483,45.38225555419922,0.8786160945892334,0.8756059408187866,391.27,0.7387320399284363,0.026041708886623383,0.0607905350625515,31.9946346282959,0.0,0.0,0.37474796175956726,5.489965042215772e-05,0.0020929707679897547,0.5699077844619751,0.0,0.0,1.0555170774459839,0.37857213616371155,0.015450856648385525,0.24636836349964142,0.011867056600749493,0.430988073348999,0.28598207235336304,0.01957015134394169,0.00048589284415356815,0.6904509663581848,1.0,0.0,0.905676543712616,0.21333235502243042,0.0005914126522839069,0.020741600543260574,0.0,0.0,0.3440193831920624,0.06215810030698776,5.081712151877582e-05,1.2874943017959595,0.0,0.0
255,3.3977878093719482,0.6127269864082336,13.771903038024902,3.066032648086548,0.5360133647918701,48.78864669799805,0.7905960083007812,0.7934064865112305,448.05,0.8910509347915649,0.008465692400932312,0.05540573596954346,17.421581268310547,0.0,0.0,0.30941805243492126,9.517990520180319e-07,0.002930874703451991,0.7129170894622803,0.0,0.0,1.1802468299865723,0.39929893612861633,0.01553609874099493,0.21084479987621307,0.010659191757440567,0.32621440291404724,0.2790199816226959,0.01665283925831318,0.00042904302245005965,0.6428990364074707,1.0,0.0,0.8449458479881287,0.2588057518005371,0.0005486019654199481,0.0196573194116354,0.0,0.0,0.3454311490058899,0.04895101115107536,0.00011830240691779181,1.2803692817687988,0.0,0.0
256,1.2286673784255981,0.6085047125816345,16.966745376586914,1.9074995517730713,0.43604689836502075,43.07643508911133,0.8063899278640747,0.807705283164978,201.95,0.8025248050689697,0.007252295035868883,0.08318150788545609,14.05349063873291,0.0,0.0,0.3368597626686096,5.1476265070959926e-05,0.004489055369049311,0.734375,0.0,0.0,1.1849429607391357,0.45687443017959595,0.015387739054858685,0.1655074805021286,0.009774988517165184,0.25063350796699524,0.2727178931236267,0.01371148880571127,0.00042817098437808454,0.5678694844245911,1.0,0.0,0.8648751974105835,0.23249982297420502,0.0005714980652555823,0.02022545598447323,0.0,0.0,0.34979861974716187,0.058564692735672,5.289272667141631e-05,1.2862749099731445,0.0,0.0
257,3.639864921569824,0.009861396625638008,20.820131301879883,2.3889265060424805,0.6056986451148987,48.74895095825195,0.968044638633728,0.9677858948707581,27.62,0.9103184938430786,0.1718209683895111,0.011894616298377514,1.1524763107299805,0.0,0.0,0.3756471276283264,0.00023816918837837875,0.004315604455769062,1.0138612985610962,0.0,0.0,1.102176308631897,0.39234185218811035,0.014926456846296787,0.1472756266593933,0.008119658567011356,0.23836590349674225,0.2924433648586273,0.022390903905034065,0.0003619550261646509,0.7243269085884094,1.0,0.0,0.8272339105606079,0.23896607756614685,0.0005557226832024753,0.01898249238729477,0.0,0.0,0.3455542027950287,0.06438504159450531,4.9256490456173196e-05,1.2887043952941895,0.0,0.0
258,4.604137897491455,0.8433991074562073,15.024543762207031,7.838220596313477,0.5826178193092346,44.84016036987305,0.9209122657775879,0.9215320944786072,73.04,0.8786564469337463,0.011852102354168892,0.05025825649499893,26.070707321166992,0.0,0.0,0.3375471234321594,2.0435663827811368e-05,0.002340129343792796,0.6201349496841431,0.0,0.0,1.1442099809646606,0.35872796177864075,0.018509550020098686,0.37525656819343567,0.01723267138004303,0.6705143451690674,0.2803819477558136,0.015741946175694466,0.0006628672126680613,0.6000437140464783,1.0,0.0,0.8291091918945312,0.253415584564209,0.0005338073242455721,0.01919080875813961,0.0,0.0,0.3441319763660431,0.05300566926598549,8.948329923441634e-05,1.2879804372787476,0.0,0.0
259,5.446532726287842,0.6306151747703552,22.57396697998047,2.440720796585083,0.7952840924263,46.63789367675781,0.9414273500442505,0.9405563473701477,98.37,0.8329503536224365,0.0005701254121959209,0.05074949190020561,22.500045776367188,0.0,0.0,0.29468676447868347,8.250852943092468e-07,0.0021865807939320803,0.6992802023887634,0.0,0.0,0.9666130542755127,0.3303793668746948,0.010076427832245827,0.09518298506736755,0.004154397174715996,0.13409440219402313,0.3087746500968933,0.03565354272723198,0.00021988349908497185,0.9811672568321228,1.0,0.0,1.0216989517211914,0.17977993190288544,0.0006948163500055671,0.023286422714591026,0.0,0.0,0.3414357006549835,0.06451268494129181,3.678957000374794e-05,1.2909554243087769,0.0,0.0
260,5.047048091888428,0.4206951856613159,31.436988830566406,1.7237709760665894,0.5351762771606445,58.15427017211914,0.9547461867332458,0.9510823488235474,403.49,1.0369188785552979,0.02835814468562603,0.033818770200014114,8.845627784729004,0.0,0.0,0.2979268729686737,2.776008659566287e-05,0.0029468934517353773,0.7994606494903564,0.0,0.0,1.1674987077713013,0.44057443737983704,0.015186560340225697,0.13515062630176544,0.008429705165326595,0.20477727055549622,0.28874921798706055,0.02008550800383091,0.0004142803663853556,0.6525996923446655,1.0,0.0,0.8706030249595642,0.22828863561153412,0.0005886402796022594,0.02023128792643547,0.0,0.0,0.34756046533584595,0.05918167158961296,5.913074710406363e-05,1.2870521545410156,0.0,0.0
261,3.226095199584961,0.12159551680088043,14.484171867370605,7.799033164978027,0.5845381021499634,44.331233978271484,0.9843245148658752,0.9780527949333191,651.46,1.0123727321624756,0.12995997071266174,0.017681097611784935,3.0938735008239746,0.0,0.0,0.34051358699798584,0.00013221459812484682,0.003987820819020271,0.9514701962471008,0.0,0.0,1.2027446031570435,0.33599796891212463,0.01944258064031601,0.3691709637641907,0.016755063086748123,0.651706337928772,0.2828570306301117,0.01632758229970932,0.0006501285824924707,0.5989506244659424,1.0,0.0,0.744916558265686,0.30435624718666077,0.00047667333274148405,0.017368284985423088,0.0,0.0,0.3440689146518707,0.046427298337221146,0.00010426618246128783,1.2851505279541016,0.0,0.0
262,2.2295241355895996,0.3170531392097473,23.190336227416992,3.3961334228515625,0.45987895131111145,47.19071960449219,0.992059051990509,0.990493655204773,159.31,0.9538687467575073,0.05232451856136322,0.04326564818620682,5.341172218322754,0.0,0.0,0.3324075937271118,0.00011602991435211152,0.004328457172960043,0.8522419333457947,0.0,0.0,1.1959108114242554,0.4251055121421814,0.017202913761138916,0.2246774286031723,0.012688236311078072,0.3851616382598877,0.27756527066230774,0.013816523365676403,0.0005873705958947539,0.536816418170929,1.0,0.0,0.8042193651199341,0.26339682936668396,0.0005288016982376575,0.018847167491912842,0.0,0.0,0.34918710589408875,0.05428309738636017,7.37961963750422e-05,1.2848529815673828,0.0,0.0
263,2.7460522651672363,0.18902206420898438,13.356882095336914,3.8746910095214844,0.6393980979919434,55.22243881225586,0.8786280751228333,0.8757070302963257,379.64,0.9055876731872559,0.1091783344745636,0.03109082393348217,4.327610969543457,0.0,0.0,0.34166714549064636,0.00014024342817720026,0.0034309127368032932,0.9164284467697144,0.0,0.0,1.1051260232925415,0.35651159286499023,0.014907276257872581,0.20329032838344574,0.009897125884890556,0.33521711826324463,0.29006195068359375,0.02167196199297905,0.0004086800618097186,0.7373316884040833,1.0,0.0,0.8076855540275574,0.27078327536582947,0.0005236358265392482,0.018577970564365387,0.0,0.0,0.3429790735244751,0.05054337903857231,0.00012858894478995353,1.2772525548934937,0.0,0.0
264,3.2956738471984863,0.1515820175409317,19.073083877563477,4.040861129760742,0.5034253001213074,50.3515739440918,0.9685185551643372,0.9713159799575806,297.37,0.9913803935050964,0.10888636112213135,0.02088809758424759,2.7539186477661133,0.0,0.0,0.34052950143814087,0.00014971794735174626,0.004329228773713112,0.9327311515808105,0.0,0.0,1.1996212005615234,0.39262402057647705,0.017508363351225853,0.24754062294960022,0.012860171496868134,0.43099310994148254,0.2796062231063843,0.014810770750045776,0.0005541014252230525,0.5718241930007935,1.0,0.0,0.7836079001426697,0.27646470069885254,0.0005121465073898435,0.01825093850493431,0.0,0.0,0.34693771600723267,0.05277815833687782,8.444793638773263e-05,1.2861106395721436,0.0,0.0
265,3.9025208950042725,0.3952011466026306,19.953702926635742,2.5388123989105225,0.7420307397842407,50.61185073852539,0.9507599472999573,0.9515477418899536,87.08,0.8993382453918457,0.031547050923109055,0.042516179382801056,11.588597297668457,0.0,0.0,0.3036838173866272,5.9886711824219674e-05,0.0029938104562461376,0.8038435578346252,0.0,0.0,1.024978518486023,0.3416380286216736,0.011913304217159748,0.11531703174114227,0.005571448709815741,0.1735200732946396,0.3037662208080292,0.0312616340816021,0.0002644226769916713,0.9003756046295166,1.0,0.0,0.9423761367797852,0.20079393684864044,0.0006399012636393309,0.021493669599294662,0.0,0.0,0.34239518642425537,0.065406434237957,3.710080636665225e-05,1.2919784784317017,0.0,0.0
266,3.958249092102051,0.6375918388366699,14.744661331176758,3.0069093704223633,0.7061474323272705,48.8448600769043,0.8320742845535278,0.8308742046356201,173.59,0.86024409532547,0.0035501110833138227,0.05687280744314194,22.985193252563477,0.0,0.0,0.3037150502204895,8.679639904585201e-07,0.002501715673133731,0.6968129277229309,0.0,0.0,1.0390959978103638,0.3672530949115753,0.012336037121713161,0.14752188324928284,0.007168961223214865,0.22781020402908325,0.29652953147888184,0.027040885761380196,0.0003129255783278495,0.8463680744171143,1.0,0.0,0.9154908061027527,0.21816301345825195,0.0006098222802393138,0.020943060517311096,0.0,0.0,0.3426269590854645,0.058985866606235504,6.208587001310661e-05,1.2856535911560059,0.0,0.0
267,2.7064034938812256,0.6963409185409546,13.290510177612305,5.3536152839660645,0.5615943074226379,56.505367279052734,0.8814687728881836,0.8807629346847534,90.92,0.837250292301178,0.004388113040477037,0.06751789152622223,18.970335006713867,0.0,0.0,0.3205685615539551,8.932537411965313e-07,0.0023845904506742954,0.6826168894767761,0.0,0.0,1.1087770462036133,0.36650803685188293,0.016683178022503853,0.2948487102985382,0.014616278000175953,0.5061683654785156,0.2797975540161133,0.01574372686445713,0.0005789645365439355,0.6178385615348816,1.0,0.0,0.8133355379104614,0.2797822058200836,0.0005169768701307476,0.019025079905986786,0.0,0.0,0.34355607628822327,0.042188625782728195,0.00013944361126050353,1.2733068466186523,0.0,0.0
268,1.6645017862319946,0.7053414583206177,16.97003746032715,3.903453826904297,0.4847974181175232,50.24681091308594,0.9319549798965454,0.9304347038269043,175.32,0.7908990979194641,0.0037721418775618076,0.08293044567108154,15.729218482971191,0.0,0.0,0.3354075253009796,1.9446708392933942e-05,0.003356426954269409,0.6844705939292908,0.0,0.0,1.131189227104187,0.40305113792419434,0.0167701356112957,0.24956223368644714,0.013424493372440338,0.43154582381248474,0.27580854296684265,0.013832420110702515,0.0005689117242582142,0.561775803565979,1.0,0.0,0.8711699843406677,0.2345251739025116,0.000568624003790319,0.020400328561663628,0.0,0.0,0.3470463752746582,0.05357998609542847,6.249846774153411e-05,1.286361813545227,0.0,0.0
269,4.515105247497559,0.702505886554718,10.94259262084961,5.525873184204102,0.758552074432373,47.193199157714844,0.7270000576972961,0.725283682346344,325.51,0.7052740454673767,1.1123719332317705e-06,0.0570349358022213,24.79905891418457,0.0,0.0,0.3052830696105957,8.59507679251692e-07,0.0017779823392629623,0.6816368103027344,0.0,0.0,0.9967930912971497,0.28753966093063354,0.011981860734522343,0.21537630259990692,0.00884389877319336,0.3327150046825409,0.29703211784362793,0.026934299618005753,0.0003669144061859697,0.8642851710319519,1.0,0.0,1.0253136157989502,0.1981934756040573,0.0006596959428861737,0.024167336523532867,0.0,0.0,0.3415270149707794,0.04301416128873825,0.00010345227929065004,1.2838252782821655,0.0,0.0
270,5.267934322357178,0.9337952136993408,21.738231658935547,7.343687057495117,0.43002742528915405,53.08414840698242,0.9893936514854431,0.9910029768943787,164.13,0.8420245051383972,0.021385174244642258,0.04613300412893295,18.777456283569336,0.0,0.0,0.3699546456336975,7.486771937692538e-05,0.0027255930472165346,0.5920547842979431,0.0,0.0,1.2148733139038086,0.36974531412124634,0.02038099244236946,0.4158174693584442,0.020039936527609825,0.7732096910476685,0.2677394449710846,0.00897540245205164,0.0008305863011628389,0.448719322681427,1.0,0.0,0.8337504267692566,0.24904608726501465,0.0005296304007060826,0.019608400762081146,0.0,0.0,0.34794938564300537,0.0505603589117527,7.505106623284519e-05,1.2896859645843506,0.0,0.0
271,5.5795674324035645,0.7289456725120544,27.50848388671875,2.265725612640381,0.5011476874351501,41.26008987426758,0.943035900592804,0.9426369667053223,44.88,0.9113726019859314,0.0025675694923847914,0.048269353806972504,15.682378768920898,0.0,0.0,0.3194638788700104,4.89196099806577e-06,0.0026972440537065268,0.6687554717063904,0.0,0.0,1.1075202226638794,0.4366450309753418,0.01505424827337265,0.16648344695568085,0.010268347337841988,0.2632717788219452,0.28315111994743347,0.016570979729294777,0.0005039578536525369,0.6023222208023071,1.0,0.0,0.8294810056686401,0.265543669462204,0.000534487422555685,0.019417501986026764,0.0,0.0,0.34844958782196045,0.046449314802885056,0.00015527624054811895,1.2653216123580933,0.0,0.0
272,1.3719594478607178,0.22180265188217163,12.834589004516602,7.790548324584961,0.4446888864040375,46.7961540222168,0.9150339365005493,0.9129829406738281,245.51,0.9544441103935242,0.08811767399311066,0.03497185558080673,4.170976638793945,0.0,0.0,0.3462885022163391,0.00012570858234539628,0.0038536612410098314,0.9045869708061218,0.0,0.0,1.3116248846054077,0.3386951982975006,0.021463293582201004,0.4558424651622772,0.02004271000623703,0.793845534324646,0.2657371461391449,0.009301184676587582,0.000746437581256032,0.47652822732925415,1.0,0.0,0.731974720954895,0.315205842256546,0.0004579498490784317,0.01735711842775345,0.0,0.0,0.3463207185268402,0.04117202386260033,0.00010172101610805839,1.2868287563323975,0.0,0.0
273,2.6917219161987305,0.3755129873752594,16.77456283569336,9.304702758789062,0.41994407773017883,50.15203857421875,0.98982173204422,0.9901905059814453,37.63,1.0599889755249023,0.049472350627183914,0.03228522092103958,6.971584320068359,0.0,0.0,0.30987831950187683,1.768798756529577e-05,0.003690693061798811,0.8168408274650574,0.0,0.0,1.315172791481018,0.326712042093277,0.0225124079734087,0.5139200687408447,0.02336614578962326,0.9455926418304443,0.2639380395412445,0.007447144482284784,0.0008929334580898285,0.43377143144607544,1.0,0.0,0.7341454029083252,0.32073208689689636,0.0004617590457201004,0.017353106290102005,0.0,0.0,0.3470974266529083,0.04305959865450859,9.172038699034601e-05,1.2896615266799927,0.0,0.0
274,3.766266345977783,0.8762291669845581,13.115154266357422,8.249492645263672,0.6887561678886414,58.20313262939453,0.9207391142845154,0.9229545593261719,260.7,0.7710932493209839,0.01403588056564331,0.06704452633857727,26.819765090942383,0.0,0.0,0.34348589181900024,1.9204100681236014e-05,0.0015426140744239092,0.6171872615814209,0.0,0.0,1.0235611200332642,0.33079782128334045,0.015949370339512825,0.31996631622314453,0.01462019793689251,0.5695960521697998,0.29072806239128113,0.020984286442399025,0.0005754590965807438,0.7143180966377258,1.0,0.0,0.8645679354667664,0.24925445020198822,0.0005501139094121754,0.019911855459213257,0.0,0.0,0.3413044512271881,0.046306442469358444,0.00013660358672495931,1.2736796140670776,0.0,0.0
275,4.683714389801025,0.1711890697479248,11.233292579650879,5.679025650024414,0.7486326694488525,41.610713958740234,0.7794495224952698,0.7779107093811035,253.79,1.0118991136550903,0.11271920800209045,0.021426338702440262,4.8405961990356445,0.0,0.0,0.317288875579834,7.84518415457569e-05,0.002763318130746484,0.9406002163887024,0.0,0.0,1.1472169160842896,0.32923299074172974,0.013705338351428509,0.21857032179832458,0.008757518604397774,0.35582590103149414,0.29796263575553894,0.027614885941147804,0.000360491598257795,0.8471073508262634,1.0,0.0,0.8189271092414856,0.25678104162216187,0.0005313394940458238,0.01873934268951416,0.0,0.0,0.34231632947921753,0.05424777790904045,9.719706577016041e-05,1.2873313426971436,0.0,0.0
276,4.283539295196533,0.2211952805519104,13.802170753479004,6.93625545501709,0.5259015560150146,42.04134750366211,0.887640118598938,0.8919222354888916,540.87,1.0993194580078125,0.09360801428556442,0.019302567467093468,4.780384063720703,0.0,0.0,0.30985239148139954,5.406432319432497e-05,0.003666121745482087,0.8967095017433167,0.0,0.0,1.2920039892196655,0.3484266698360443,0.01972154527902603,0.38135650753974915,0.01672372780740261,0.6506336331367493,0.27574071288108826,0.013420984148979187,0.0006347771850414574,0.5595696568489075,1.0,0.0,0.7401144504547119,0.3137745261192322,0.00047029764391481876,0.01732608675956726,0.0,0.0,0.34547311067581177,0.044626787304878235,0.00010363666660850868,1.285417914390564,0.0,0.0
277,2.637477397918701,0.7916758060455322,14.4180269241333,3.080932855606079,0.5115117430686951,50.02505874633789,0.8206318616867065,0.8176361322402954,446.47,0.7990386486053467,0.00546758808195591,0.07513537257909775,22.326030731201172,0.0,0.0,0.3379572033882141,4.35991842095973e-06,0.0030993781983852386,0.6487690806388855,0.0,0.0,1.121396780014038,0.41756269335746765,0.015399159863591194,0.2103145718574524,0.011383363045752048,0.34742650389671326,0.27689510583877563,0.015226548537611961,0.0004659489495679736,0.6153929233551025,1.0,0.0,0.8575593829154968,0.2438967525959015,0.000558494299184531,0.019913610070943832,0.0,0.0,0.34600457549095154,0.05368100106716156,8.333012374350801e-05,1.281444787979126,0.0,0.0
278,3.294008493423462,0.48692527413368225,16.87598991394043,3.2870779037475586,0.5032370686531067,48.9653205871582,0.8790695071220398,0.8802807927131653,156.53,0.9537369012832642,0.02238224446773529,0.04654935747385025,10.985218048095703,0.0,0.0,0.30737513303756714,1.8256583643960766e-05,0.0035048245918005705,0.767306387424469,0.0,0.0,1.1963961124420166,0.40647539496421814,0.016408061608672142,0.22196152806282043,0.011614417657256126,0.36272764205932617,0.27802610397338867,0.015156104229390621,0.0004919675993733108,0.5955176949501038,1.0,0.0,0.8272594809532166,0.26129037141799927,0.000541104469448328,0.019264020025730133,0.0,0.0,0.34673285484313965,0.05187605693936348,8.563243318349123e-05,1.2838362455368042,0.0,0.0
279,1.5702850818634033,0.9650907516479492,12.468132019042969,6.992137908935547,0.5315806269645691,53.647640228271484,0.9071476459503174,0.9079638123512268,99.09,0.6659068465232849,0.022718466818332672,0.09618284553289413,25.215087890625,0.0,0.0,0.3803302049636841,4.442239514901303e-05,0.0020896357018500566,0.5970539450645447,0.0,0.0,1.0848547220230103,0.3514367341995239,0.018312884494662285,0.3684481382369995,0.017773175612092018,0.6696996688842773,0.2746896743774414,0.013248863629996777,0.0006749496678821743,0.5626274943351746,1.0,0.0,0.8373333811759949,0.2510025203227997,0.000526385207194835,0.019613897427916527,0.0,0.0,0.34402498602867126,0.0459316112101078,0.00012107369548175484,1.2792307138442993,0.0,0.0
280,5.921336650848389,0.8526467084884644,25.119258880615234,2.3941900730133057,0.484562486410141,43.869300842285156,0.9060640931129456,0.9062411785125732,21.57,0.8489661812782288,0.007910770364105701,0.050175201147794724,19.383155822753906,0.0,0.0,0.34630998969078064,3.4013726690318435e-05,0.0024722288362681866,0.6216787099838257,0.0,0.0,1.130312442779541,0.44273117184638977,0.015434936620295048,0.1779126673936844,0.010360600426793098,0.28485363721847534,0.279800683259964,0.015586934983730316,0.0004908338887616992,0.5866936445236206,1.0,0.0,0.8653659224510193,0.2368588000535965,0.0005628729704767466,0.020185919478535652,0.0,0.0,0.34877684712409973,0.05370206758379936,8.691169205121696e-05,1.276466727256775,0.0,0.0
281,1.4370815753936768,0.3714505732059479,17.707727432250977,4.2032952308654785,0.4415307343006134,57.4619140625,0.9424818158149719,0.9429969191551208,57.96,0.8854479193687439,0.040504299104213715,0.056820645928382874,5.866269588470459,0.0,0.0,0.33569440245628357,9.504222543910146e-05,0.0034008717630058527,0.8314553499221802,0.0,0.0,1.2079699039459229,0.39224278926849365,0.017887044697999954,0.276256263256073,0.014248690567910671,0.4795911908149719,0.2717810869216919,0.011705846525728703,0.0006079255836084485,0.5136547684669495,1.0,0.0,0.8115621209144592,0.26548171043395996,0.0005213996628299356,0.01914580911397934,0.0,0.0,0.34758466482162476,0.047387026250362396,9.990778926294297e-05,1.283759593963623,0.0,0.0
282,3.6133058071136475,0.8841342926025391,20.69081687927246,2.9434292316436768,0.7246838808059692,46.3387565612793,0.9953678250312805,0.9974130392074585,206.01,0.7241405248641968,0.012517306953668594,0.07795434445142746,28.108890533447266,0.0,0.0,0.34315958619117737,2.2179967345437035e-05,0.002500236267223954,0.5952215790748596,0.0,0.0,0.9685474634170532,0.35455048084259033,0.012309200130403042,0.1339118331670761,0.006677782628685236,0.211304172873497,0.3015555143356323,0.029623912647366524,0.0003155684098601341,0.8625558018684387,1.0,0.0,0.9928300380706787,0.1846432238817215,0.0006673066527582705,0.022616170346736908,0.0,0.0,0.3424067199230194,0.06632519513368607,3.586628372431733e-05,1.2880693674087524,0.0,0.0
283,4.7747602462768555,0.010869070887565613,17.448671340942383,2.786133289337158,0.528685986995697,50.130638122558594,0.885344386100769,0.8747804760932922,1364.0,1.0110456943511963,0.18945088982582092,0.007533014751970768,1.2396150827407837,0.0,0.0,0.35569941997528076,0.0001740410370985046,0.004458332434296608,1.011911153793335,0.0,0.0,1.2033281326293945,0.41020822525024414,0.016181310638785362,0.188296377658844,0.009891679510474205,0.31063470244407654,0.28248274326324463,0.016841089352965355,0.00041792477713897824,0.6338518261909485,1.0,0.0,0.7681494355201721,0.27796539664268494,0.0005052706692367792,0.017736170440912247,0.0,0.0,0.34675532579421997,0.056594040244817734,8.265431097242981e-05,1.2854149341583252,0.0,0.0
284,2.1046383380889893,0.4749520719051361,18.553794860839844,3.106661796569824,0.5750036835670471,48.73230743408203,0.9632951021194458,0.9626899361610413,65.26,0.8737878203392029,0.021205373108386993,0.06237735226750374,10.90915298461914,0.0,0.0,0.3206894099712372,7.134190673241392e-05,0.003467194503173232,0.7699230313301086,0.0,0.0,1.1015006303787231,0.3936706781387329,0.015495815314352512,0.18763883411884308,0.010251296684145927,0.31122440099716187,0.28703898191452026,0.01973457634449005,0.00044804613571614027,0.671137809753418,1.0,0.0,0.8713616132736206,0.23011939227581024,0.0005787441041320562,0.02017712965607643,0.0,0.0,0.34544554352760315,0.05758006498217583,5.890016836929135e-05,1.2864741086959839,0.0,0.0
285,4.364865303039551,0.2931389808654785,20.19950294494629,2.516575574874878,0.4137040078639984,50.28511047363281,0.8462569117546082,0.8445965051651001,232.31,1.0727046728134155,0.06326465308666229,0.02513747662305832,5.122134685516357,0.0,0.0,0.31014686822891235,5.5349453759845346e-05,0.004266590811312199,0.8619495034217834,0.0,0.0,1.2900110483169556,0.44568881392478943,0.016486112028360367,0.19978787004947662,0.011012718081474304,0.3226264715194702,0.27138951420783997,0.011781723238527775,0.0004976976779289544,0.5253170728683472,1.0,0.0,0.7851633429527283,0.2789202928543091,0.0005135600222274661,0.018418869003653526,0.0,0.0,0.34994611144065857,0.051746759563684464,8.679564052727073e-05,1.2844582796096802,0.0,0.0
286,5.94120454788208,0.6948500871658325,18.997900009155273,2.0513856410980225,0.6091526746749878,49.67938232421875,0.8050987124443054,0.8051297664642334,4.79,0.8648895621299744,0.0009688663412816823,0.04816137254238129,20.692739486694336,0.0,0.0,0.30742475390434265,9.6964367912733e-07,0.002150402870029211,0.6703564524650574,0.0,0.0,1.0878225564956665,0.40009406208992004,0.013545631431043148,0.14059777557849884,0.007684551645070314,0.20788158476352692,0.2896258234977722,0.02213483490049839,0.0003376198001205921,0.7444578409194946,1.0,0.0,0.9432455897331238,0.2095276415348053,0.0006315770442597568,0.021738117560744286,0.0,0.0,0.345137357711792,0.05935065075755119,5.048933962825686e-05,1.2870447635650635,0.0,0.0
287,4.425975799560547,0.9947517514228821,23.744213104248047,2.5663087368011475,0.4492982029914856,66.43675994873047,0.9015160202980042,0.9027295112609863,149.11,0.7219170331954956,0.023307055234909058,0.06837943941354752,20.442230224609375,0.0,0.0,0.38642823696136475,5.0293700041947886e-05,0.0019268551841378212,0.5848543047904968,0.0,0.0,1.1341121196746826,0.44187864661216736,0.01590602472424507,0.19022521376609802,0.010932032018899918,0.31434890627861023,0.27570363879203796,0.013789360411465168,0.0005157084087841213,0.5515251755714417,1.0,0.0,0.9311758279800415,0.20331475138664246,0.0006088900263421237,0.021722303703427315,0.0,0.0,0.3483829200267792,0.05746276304125786,5.4132902732817456e-05,1.2833292484283447,0.0,0.0
288,5.663606643676758,0.6727203130722046,21.426349639892578,4.979738712310791,0.48706620931625366,46.91206741333008,0.965465247631073,0.9648109674453735,70.24,0.993933916091919,0.006884855218231678,0.04026946797966957,15.356314659118652,0.0,0.0,0.30875614285469055,1.0961192629110883e-06,0.0029097876977175474,0.6830766201019287,0.0,0.0,1.1964044570922852,0.4114784300327301,0.01783853769302368,0.2962416708469391,0.015430496074259281,0.5218585729598999,0.27642205357551575,0.013146336190402508,0.0006660993094556034,0.5344668030738831,1.0,0.0,0.8010022044181824,0.27430105209350586,0.000519784982316196,0.018767891451716423,0.0,0.0,0.34739625453948975,0.05002695694565773,0.00010245855810353532,1.2842411994934082,0.0,0.0
289,2.3139071464538574,0.9239326119422913,13.873597145080566,4.073880195617676,0.6033005118370056,58.22951889038086,0.8866651058197021,0.88526850938797,177.92,0.6626070141792297,0.016860220581293106,0.09701737761497498,26.16237449645996,0.0,0.0,0.3634635806083679,2.5049608666449785e-05,0.0019623241387307644,0.6009990572929382,0.0,0.0,1.0357426404953003,0.36368605494499207,0.015269607305526733,0.22577247023582458,0.011175956577062607,0.37264585494995117,0.2852897047996521,0.019438395276665688,0.00045863358536735177,0.6896859407424927,1.0,0.0,0.9081405401229858,0.22512711584568024,0.0005809823633171618,0.021034875884652138,0.0,0.0,0.3431055545806885,0.04878625646233559,0.00011225606431253254,1.2731263637542725,0.0,0.0
290,5.143404483795166,0.6659877300262451,13.769857406616211,4.756286144256592,0.6766195297241211,47.92995834350586,0.8197622299194336,0.8204686045646667,105.02,0.8739278316497803,0.0017036313656717539,0.0477563813328743,23.512147903442383,0.0,0.0,0.3011917769908905,8.790437391326122e-07,0.002120042685419321,0.6882822513580322,0.0,0.0,1.1017900705337524,0.3499135971069336,0.014329527504742146,0.22823494672775269,0.010239548981189728,0.3630097806453705,0.29139330983161926,0.023217597976326942,0.0004205421719234437,0.7665846347808838,1.0,0.0,0.9022894501686096,0.2328491061925888,0.0005907936138100922,0.020774999633431435,0.0,0.0,0.34289291501045227,0.05250068008899689,8.95206248969771e-05,1.2851930856704712,0.0,0.0
291,3.645857334136963,0.8824589252471924,41.28488540649414,2.0763986110687256,0.43717116117477417,44.44021224975586,0.9825301170349121,0.9817532896995544,80.53,0.808559238910675,0.017458289861679077,0.07103057950735092,11.870558738708496,0.0,0.0,0.35870984196662903,2.020140345848631e-05,0.00266640936024487,0.6389259099960327,0.0,0.0,1.0813322067260742,0.41656172275543213,0.014716300182044506,0.15784166753292084,0.010909581556916237,0.25060147047042847,0.27987363934516907,0.012818211689591408,0.0006207549595274031,0.5378235578536987,1.0,0.0,0.7825033664703369,0.3170325756072998,0.0004616779915522784,0.018554914742708206,0.0,0.0,0.35062363743782043,0.0284489206969738,0.0003022562013939023,1.2213622331619263,0.0,0.0
292,2.215097188949585,0.05999786779284477,24.69679832458496,3.3228044509887695,0.41034695506095886,42.883060455322266,0.9828197360038757,0.9818845391273499,96.91,0.9350429177284241,0.15174847841262817,0.02061239816248417,1.5597641468048096,0.0,0.0,0.381655216217041,0.000247152172960341,0.005796526558697224,0.9961530566215515,0.0,0.0,1.2229336500167847,0.43943750858306885,0.01756860874593258,0.22813376784324646,0.01293579675257206,0.3959551155567169,0.2733519673347473,0.01161001157015562,0.0006176315364427865,0.4925839602947235,1.0,0.0,0.7485638856887817,0.29036030173301697,0.00048508340842090547,0.01760938949882984,0.0,0.0,0.35136064887046814,0.05218300595879555,0.00010075807222165167,1.2785747051239014,0.0,0.0
293,5.80858850479126,0.6293337941169739,13.563270568847656,9.836278915405273,0.4379304051399231,45.417510986328125,0.8168840408325195,0.8176919221878052,120.95,1.09840726852417,0.016660494729876518,0.030686652287840843,16.87247085571289,0.0,0.0,0.3010597825050354,1.1723831221388537e-06,0.0028006327338516712,0.7002063989639282,0.0,0.0,1.347575306892395,0.32371848821640015,0.02180475927889347,0.554287850856781,0.02337924763560295,0.9951925277709961,0.2606997489929199,0.0069970921613276005,0.0008056508377194405,0.4724380075931549,1.0,0.0,0.7337365746498108,0.32104554772377014,0.0004595825739670545,0.01727195270359516,0.0,0.0,0.34651684761047363,0.04436606913805008,8.509538747603074e-05,1.2922844886779785,0.0,0.0
294,1.9732171297073364,0.2809005379676819,12.283855438232422,6.882441520690918,0.44323453307151794,48.782588958740234,0.8702436089515686,0.8660756945610046,553.0,1.0033091306686401,0.07198062539100647,0.03424224629998207,5.082860946655273,0.0,0.0,0.3293602466583252,7.786886271787807e-05,0.0036533104721456766,0.8741992712020874,0.0,0.0,1.3171013593673706,0.3527134358882904,0.02043028175830841,0.419988751411438,0.01869484782218933,0.7238627672195435,0.2655794620513916,0.009426803328096867,0.0006987460656091571,0.48893994092941284,1.0,0.0,0.726086437702179,0.3256964385509491,0.0004534151521511376,0.017178192734718323,0.0,0.0,0.34612804651260376,0.04006020724773407,0.00011376479233149439,1.282804250717163,0.0,0.0
295,3.365135908126831,0.13383543491363525,14.881925582885742,1.5118767023086548,0.5396792888641357,53.145263671875,0.7122334241867065,0.7170066833496094,934.69,0.9159738421440125,0.1347038894891739,0.022215282544493675,3.4191734790802,0.0,0.0,0.34734395146369934,0.00015926072956062853,0.003938004840165377,0.9433369040489197,0.0,0.0,1.1893999576568604,0.4098682999610901,0.014754947274923325,0.13325218856334686,0.00731653394177556,0.18494093418121338,0.28278183937072754,0.01886700466275215,0.000301758962450549,0.6862291097640991,1.0,0.0,0.8279139995574951,0.25377070903778076,0.0005426399875432253,0.019082309678196907,0.0,0.0,0.34598052501678467,0.054352305829524994,9.381675772601739e-05,1.279603123664856,0.0,0.0
296,2.9346675872802734,0.4181019365787506,19.53459930419922,3.4052839279174805,0.5713337659835815,47.802181243896484,0.9808908104896545,0.9803324341773987,58.07,0.9464733004570007,0.030940420925617218,0.046906135976314545,9.076281547546387,0.0,0.0,0.31275662779808044,6.133016722742468e-05,0.003596629947423935,0.7946261167526245,0.0,0.0,1.119913935661316,0.3952026963233948,0.015840604901313782,0.19978925585746765,0.010880682617425919,0.33783283829689026,0.28692886233329773,0.01914338394999504,0.00047977466601878405,0.6571793556213379,1.0,0.0,0.8448261618614197,0.24357539415359497,0.000560389831662178,0.01954837515950203,0.0,0.0,0.34558919072151184,0.05650999769568443,6.665613909717649e-05,1.2856521606445312,0.0,0.0
297,2.266972780227661,0.9251944422721863,26.55238914489746,3.0878427028656006,0.42545440793037415,46.73973083496094,0.9852141737937927,0.9861375689506531,95.04,0.729553759098053,0.015271959826350212,0.08800031244754791,18.49009132385254,0.0,0.0,0.37597429752349854,4.8015936044976115e-05,0.0036227023229002953,0.6132940053939819,0.0,0.0,1.1407314538955688,0.4547944962978363,0.016764039173722267,0.2139996737241745,0.01268618181347847,0.3625590205192566,0.2752196788787842,0.012801345437765121,0.0006176410242915154,0.5092198252677917,1.0,0.0,0.8758043646812439,0.22337467968463898,0.0005727734533138573,0.020619971677660942,0.0,0.0,0.35102468729019165,0.05737786740064621,5.876967770745978e-05,1.283041000366211,0.0,0.0
298,1.5276615619659424,0.4028165340423584,11.449984550476074,2.736255168914795,0.7252240180969238,43.87813186645508,0.7864076495170593,0.7859373092651367,76.1,0.6168923377990723,0.022327397018671036,0.06296491622924805,3.8666679859161377,0.0,0.0,0.32975614070892334,9.817961836233735e-05,0.0011765467934310436,0.808259904384613,0.0,0.0,1.0441092252731323,0.22448402643203735,0.012803289107978344,0.13029275834560394,0.0056343963369727135,0.197541281580925,0.29730498790740967,0.028563717380166054,0.00020185162429697812,0.8865216374397278,1.0,0.0,0.9660918712615967,0.1856764703989029,0.0005737675819545984,0.025183580815792084,0.0,0.0,0.34221145510673523,0.02804107777774334,0.00010812820255523548,1.2835497856140137,0.0,0.0
299,4.5364837646484375,0.40108487010002136,14.752237319946289,4.760949611663818,0.6492545008659363,42.17652130126953,0.8916680216789246,0.894554615020752,361.89,1.019303321838379,0.03544812649488449,0.034194692969322205,10.768404006958008,0.0,0.0,0.2942061126232147,1.5396954040625133e-05,0.0029288027435541153,0.8063477277755737,0.0,0.0,1.1425448656082153,0.3647755980491638,0.015432077459990978,0.233380526304245,0.01095307245850563,0.38951295614242554,0.29040735960006714,0.02186187170445919,0.00045314719318412244,0.7285630106925964,1.0,0.0,0.8131635785102844,0.26524418592453003,0.0005322658689692616,0.01874285563826561,0.0,0.0,0.34369781613349915,0.05314360186457634,0.00010169283632421866,1.2851121425628662,0.0,0.0
300,5.85284948348999,0.2685595452785492,28.715381622314453,2.1581244468688965,0.450325071811676,44.14013671875,0.9287724494934082,0.9276725649833679,127.66,1.1168155670166016,0.07773105055093765,0.025200774893164635,4.461675643920898,0.0,0.0,0.3028334379196167,4.6419212594628334e-05,0.0038342243060469627,0.8803531527519226,0.0,0.0,1.2201406955718994,0.45307663083076477,0.015973981469869614,0.1678725630044937,0.010364909656345844,0.26636284589767456,0.2794607877731323,0.014305200427770615,0.0005218448932282627,0.5531506538391113,1.0,0.0,0.747730553150177,0.3095496594905853,0.00048303682706318796,0.01755194552242756,0.0,0.0,0.350285142660141,0.045808348804712296,0.0001568960869917646,1.2668334245681763,0.0,0.0
301,4.290579319000244,0.0993199273943901,28.838211059570312,1.7454047203063965,0.5793733596801758,50.03700256347656,0.9673752188682556,0.9731581211090088,614.28,0.9794896841049194,0.1299704760313034,0.016854969784617424,2.347362756729126,0.0,0.0,0.3458400368690491,0.0001721512380754575,0.0038093100301921368,0.9645764827728271,0.0,0.0,1.1213198900222778,0.4132416546344757,0.014824891462922096,0.12706482410430908,0.007663543336093426,0.19325004518032074,0.2930065393447876,0.022344429045915604,0.00036682974314317107,0.7038628458976746,1.0,0.0,0.8353261351585388,0.24064229428768158,0.0005602099117822945,0.0192620437592268,0.0,0.0,0.34655943512916565,0.05951639264822006,7.022247154964134e-05,1.28190016746521,0.0,0.0
302,5.913786888122559,0.7487221956253052,12.15845775604248,7.5945892333984375,0.6538292169570923,45.27863693237305,0.7559000849723816,0.7536869645118713,388.46,0.9041969776153564,0.002290277276188135,0.04392365738749504,25.39554214477539,0.0,0.0,0.31432241201400757,9.464977779316541e-07,0.0017724456265568733,0.6604402661323547,0.0,0.0,1.1386873722076416,0.33492812514305115,0.01643165573477745,0.3392096757888794,0.014391617849469185,0.5762340426445007,0.28542792797088623,0.01913498528301716,0.0005337503971531987,0.6959591507911682,1.0,0.0,0.8546676635742188,0.25021472573280334,0.0005488675087690353,0.019840380176901817,0.0,0.0,0.34303605556488037,0.04934270679950714,9.749145101523027e-05,1.2876819372177124,0.0,0.0
303,4.2850446701049805,0.41494643688201904,19.890390396118164,2.127434253692627,0.5621931552886963,42.32407760620117,0.8707517385482788,0.8735889196395874,372.98,0.9819878339767456,0.03328584134578705,0.03829570859670639,9.856213569641113,0.0,0.0,0.30101120471954346,3.3095904655056074e-05,0.003237314522266388,0.7973639965057373,0.0,0.0,1.148419976234436,0.413604199886322,0.014819246716797352,0.15252868831157684,0.00855760183185339,0.23138409852981567,0.2868090867996216,0.019946448504924774,0.00038136515649966896,0.6838191151618958,1.0,0.0,0.8377704620361328,0.25189223885536194,0.0005549085326492786,0.0193697027862072,0.0,0.0,0.3465602397918701,0.055638402700424194,7.981441740412265e-05,1.2813091278076172,0.0,0.0
304,5.898401737213135,0.7876310348510742,17.516685485839844,6.753209590911865,0.599593460559845,47.37527084350586,0.9492332339286804,0.9491844773292542,5.41,0.905283510684967,0.00576383713632822,0.04493134841322899,22.227083206176758,0.0,0.0,0.3247065544128418,8.390922630496789e-06,0.0021952525712549686,0.6377583146095276,0.0,0.0,1.117728352546692,0.36262229084968567,0.017255457118153572,0.32037240266799927,0.015404317528009415,0.5793095231056213,0.2842889726161957,0.01708660088479519,0.0006245222757570446,0.6280330419540405,1.0,0.0,0.8579013347625732,0.24333374202251434,0.000556859013158828,0.01982601173222065,0.0,0.0,0.3441784679889679,0.05412355810403824,7.531755545642227e-05,1.2877861261367798,0.0,0.0
305,3.470933198928833,0.5661147236824036,14.629228591918945,2.137129783630371,0.6493574976921082,54.307838439941406,0.7734724283218384,0.7786535620689392,860.27,0.850627601146698,0.010724185034632683,0.05812690034508705,17.362119674682617,0.0,0.0,0.30538931488990784,1.7628648492973298e-05,0.0027237175963819027,0.7274497151374817,0.0,0.0,1.0892502069473267,0.3717818260192871,0.013201200403273106,0.13604526221752167,0.006882829591631889,0.19210489094257355,0.2919152081012726,0.024597570300102234,0.00029209276544861495,0.7972967624664307,1.0,0.0,0.9125117063522339,0.22416111826896667,0.0006022067391313612,0.020964372903108597,0.0,0.0,0.3433615267276764,0.05419718846678734,8.287441596621647e-05,1.2798054218292236,0.0,0.0
306,4.562739849090576,0.23190484941005707,17.133207321166992,3.1193110942840576,0.7335471510887146,47.773681640625,0.9152681827545166,0.9126858711242676,309.13,0.8914955258369446,0.07118421792984009,0.026471683755517006,5.929771423339844,0.0,0.0,0.31340116262435913,8.792703738436103e-05,0.002884862944483757,0.8935456871986389,0.0,0.0,1.056787133216858,0.31926751136779785,0.012553362175822258,0.13880488276481628,0.0064013199880719185,0.2127111554145813,0.30153200030326843,0.029306573793292046,0.000289757561404258,0.8756465911865234,1.0,0.0,0.9064843654632568,0.22006790339946747,0.0006020712316967547,0.02095990628004074,0.0,0.0,0.34274613857269287,0.058063287287950516,5.378238347475417e-05,1.2904099225997925,0.0,0.0
307,4.545947551727295,0.7076966762542725,13.106886863708496,9.048389434814453,0.6425051689147949,45.19369888305664,0.8919242024421692,0.8852402567863464,846.53,0.9376897811889648,0.007348080165684223,0.045884277671575546,23.170372009277344,0.0,0.0,0.30980807542800903,9.68263293543714e-07,0.0022052444983273745,0.6745611429214478,0.0,0.0,1.1379547119140625,0.3367041051387787,0.017915144562721252,0.38169968128204346,0.016927938908338547,0.6703391671180725,0.28523775935173035,0.018286200240254402,0.0006293231854215264,0.656205415725708,1.0,0.0,0.8109930753707886,0.27142077684402466,0.0005217966972850263,0.018847087398171425,0.0,0.0,0.34282711148262024,0.04831676557660103,9.954877896234393e-05,1.2866953611373901,0.0,0.0
308,5.75095796585083,0.06182945519685745,24.250459671020508,1.7154361009597778,0.5000027418136597,54.27083206176758,0.869291365146637,0.8721270561218262,374.04,1.0729202032089233,0.14093168079853058,0.011871282011270523,1.8736132383346558,0.0,0.0,0.33622658252716064,0.0001552024477859959,0.004329334013164043,0.9836020469665527,0.0,0.0,1.2181806564331055,0.4444918930530548,0.01563444547355175,0.14036281406879425,0.008503113873302937,0.21731659770011902,0.28378593921661377,0.017253151163458824,0.00039838894736021757,0.6215745806694031,1.0,0.0,0.8051881194114685,0.25247305631637573,0.0005395422340370715,0.0186703409999609,0.0,0.0,0.3485974073410034,0.06034928560256958,5.905410216655582e-05,1.2880395650863647,0.0,0.0
309,5.758121967315674,0.08066870272159576,13.782278060913086,6.9013285636901855,0.7436803579330444,49.28925323486328,0.9097679257392883,0.9121683835983276,289.26,1.0139811038970947,0.1401936113834381,0.016858382150530815,2.9953739643096924,0.0,0.0,0.3254428505897522,9.52424161368981e-05,0.0035292929969727993,0.9937310218811035,0.0,0.0,1.115681529045105,0.32623612880706787,0.014743959531188011,0.24733172357082367,0.010485834442079067,0.42370349168777466,0.29924383759498596,0.026064692065119743,0.00043784984154626727,0.8082990050315857,1.0,0.0,0.8107070326805115,0.2629665732383728,0.0005320537020452321,0.018527574837207794,0.0,0.0,0.3424157202243805,0.05630910396575928,8.73184617375955e-05,1.2889480590820312,0.0,0.0
310,2.4225730895996094,0.5874031782150269,16.377939224243164,7.199504852294922,0.45024508237838745,54.232872009277344,0.9643145799636841,0.9624729752540588,198.42,0.919567346572876,0.013512508012354374,0.05558311194181442,11.660571098327637,0.0,0.0,0.3151087462902069,1.1101330983365187e-06,0.002913411008194089,0.7276257872581482,0.0,0.0,1.2254890203475952,0.34702950716018677,0.020166590809822083,0.4134175479412079,0.019698679447174072,0.7418590784072876,0.2686281204223633,0.009680019691586494,0.000778195564635098,0.47596368193626404,1.0,0.0,0.7896645665168762,0.2892911732196808,0.0004990245797671378,0.018748054280877113,0.0,0.0,0.34637904167175293,0.04188946262001991,0.00010579178342595696,1.2847378253936768,0.0,0.0
311,3.664726972579956,0.5437864065170288,27.172412872314453,1.842781662940979,0.6899389028549194,54.81744384765625,0.9817855954170227,0.9829016327857971,115.65,0.8773601651191711,0.011206130497157574,0.056493375450372696,15.211446762084961,0.0,0.0,0.3047181963920593,3.5962944821221754e-05,0.0025588192511349916,0.7305338382720947,0.0,0.0,1.0350216627120972,0.37314462661743164,0.012753299437463284,0.10887265205383301,0.005905610974878073,0.15828117728233337,0.3019818663597107,0.029958056285977364,0.0002759551571216434,0.8437796235084534,1.0,0.0,0.9799438714981079,0.18597406148910522,0.0006711502792313695,0.02239540033042431,0.0,0.0,0.3432878851890564,0.06735999882221222,3.283365731476806e-05,1.2922759056091309,0.0,0.0
312,3.6351287364959717,0.8752551674842834,18.310518264770508,7.299378871917725,0.5069528818130493,45.15482711791992,0.9993138909339905,0.9976059198379517,171.32,0.847137987613678,0.01560342125594616,0.05859213322401047,22.359560012817383,0.0,0.0,0.35052576661109924,2.9769398679491132e-05,0.0029212539084255695,0.6101168394088745,0.0,0.0,1.1571017503738403,0.3795822262763977,0.01953808218240738,0.3825320601463318,0.01879570260643959,0.7030392289161682,0.27526646852493286,0.01265103928744793,0.0007600398384965956,0.5196558833122253,1.0,0.0,0.8202754259109497,0.2539164125919342,0.0005276031442917883,0.01910950243473053,0.0,0.0,0.3461377024650574,0.05338415503501892,7.759306026855484e-05,1.28817880153656,0.0,0.0
313,1.3575299978256226,0.45110586285591125,13.109207153320312,6.982401371002197,0.4417528808116913,56.40909194946289,0.9041615128517151,0.9032344818115234,113.51,0.8884609341621399,0.030159100890159607,0.05836080387234688,8.233285903930664,0.0,0.0,0.32496535778045654,3.3287327823927626e-05,0.002813809085637331,0.7964780926704407,0.0,0.0,1.2475931644439697,0.33737677335739136,0.020167408511042595,0.42116695642471313,0.01926952414214611,0.7301874756813049,0.26588189601898193,0.00928795151412487,0.0007314173853956163,0.48142263293266296,1.0,0.0,0.7549917697906494,0.31386598944664,0.00046568646212108433,0.018005361780524254,0.0,0.0,0.3455466330051422,0.03624691814184189,0.00013326507178135216,1.2763301134109497,0.0,0.0
314,5.142920017242432,0.5101020336151123,16.45592498779297,6.330209732055664,0.7489073872566223,59.17793655395508,0.9913905262947083,0.9873912334442139,408.55,0.9552212357521057,0.01461267750710249,0.04025381803512573,15.521225929260254,0.0,0.0,0.28993088006973267,8.193153462343616e-07,0.0024994038976728916,0.7621691823005676,0.0,0.0,1.0564064979553223,0.34220945835113525,0.014051568694412708,0.2260882556438446,0.010378506034612656,0.3842346668243408,0.30049148201942444,0.027166146785020828,0.0004579189117066562,0.8150595426559448,1.0,0.0,0.8603479266166687,0.24860891699790955,0.000567976909223944,0.01975889876484871,0.0,0.0,0.3414798974990845,0.052125681191682816,9.905255865305662e-05,1.283151388168335,0.0,0.0
315,4.918102264404297,0.19481566548347473,16.29889488220215,2.3679001331329346,0.673896074295044,49.41714096069336,0.8191485404968262,0.8158966302871704,486.56,0.9726555347442627,0.09213956445455551,0.022159527987241745,5.5610127449035645,0.0,0.0,0.3160834014415741,9.634676825953647e-05,0.0032633428927510977,0.9106934070587158,0.0,0.0,1.1011943817138672,0.36890909075737,0.013236221857368946,0.1334325075149536,0.006661617197096348,0.20003831386566162,0.29588499665260315,0.02584606409072876,0.0002902503765653819,0.819688081741333,1.0,0.0,0.8646774888038635,0.23252667486667633,0.0005789653514511883,0.019712448120117188,0.0,0.0,0.34390339255332947,0.06254968047142029,5.397181666921824e-05,1.2881702184677124,0.0,0.0
316,4.887918472290039,0.6932640671730042,14.348837852478027,5.581024646759033,0.4873749911785126,49.11056900024414,0.822568953037262,0.8214461207389832,166.17,0.9712926149368286,0.007108847610652447,0.042132120579481125,19.0357608795166,0.0,0.0,0.3109024465084076,1.0617579846439185e-06,0.0027349302545189857,0.6777476072311401,0.0,0.0,1.2302426099777222,0.38855668902397156,0.017970802262425423,0.34040430188179016,0.016068486496806145,0.5868012309074402,0.2711234390735626,0.011740442365407944,0.0006233063759282231,0.544586718082428,1.0,0.0,0.7916223406791687,0.28538253903388977,0.000506030221004039,0.018497638404369354,0.0,0.0,0.3459487855434418,0.046977393329143524,0.00010961157386191189,1.2834490537643433,0.0,0.0
317,4.935570240020752,0.38153335452079773,19.484609603881836,4.765561580657959,0.4735930263996124,55.61580276489258,0.9421377182006836,0.9385636448860168,404.19,1.093398928642273,0.042705047875642776,0.02729632332921028,6.989317417144775,0.0,0.0,0.29515540599823,5.045412763138302e-06,0.003462743479758501,0.8111294507980347,0.0,0.0,1.2520729303359985,0.39502301812171936,0.018122943118214607,0.2929207384586334,0.014904760755598545,0.5136122703552246,0.2750914394855499,0.012402576394379139,0.0006346050649881363,0.529202938079834,1.0,0.0,0.7691428661346436,0.29733362793922424,0.0004971749731339514,0.01805267669260502,0.0,0.0,0.34702229499816895,0.04650983214378357,0.00010750998626463115,1.2839208841323853,0.0,0.0
318,4.7717461585998535,0.336489200592041,14.586099624633789,9.53007698059082,0.6812713146209717,57.8109130859375,0.9812685251235962,0.9831303358078003,192.99,1.049365758895874,0.05770255625247955,0.028210768476128578,8.434121131896973,0.0,0.0,0.294592946767807,2.40233275690116e-05,0.0029460748191922903,0.8457298278808594,0.0,0.0,1.116587519645691,0.32037416100502014,0.017581205815076828,0.3533456325531006,0.0160639937967062,0.6376395225524902,0.29183080792427063,0.02016613818705082,0.0006244489341042936,0.6861564517021179,1.0,0.0,0.7716848254203796,0.30044540762901306,0.0004938931670039892,0.017877040430903435,0.0,0.0,0.34186020493507385,0.04438505694270134,0.0001253970985999331,1.278165340423584,0.0,0.0
319,5.737516403198242,0.5411549210548401,16.447744369506836,7.453990459442139,0.6062568426132202,40.3531379699707,0.9479076862335205,0.9485354423522949,69.82,1.0748015642166138,0.014956803061068058,0.035898879170417786,15.23272705078125,0.0,0.0,0.28988417983055115,9.84407847681723e-07,0.002533131977543235,0.7403848171234131,0.0,0.0,1.1825387477874756,0.3705081641674042,0.018075933679938316,0.34712857007980347,0.01623762957751751,0.6112329959869385,0.2846457064151764,0.01757194474339485,0.0006418618722818792,0.627470850944519,1.0,0.0,0.7641800045967102,0.2946978807449341,0.0004939181380905211,0.017770061269402504,0.0,0.0,0.3442682921886444,0.04890526458621025,0.00010337660205550492,1.2854746580123901,0.0,0.0
320,1.648689866065979,0.15044373273849487,21.7283878326416,1.8355990648269653,0.5586405992507935,54.86802673339844,0.921594500541687,0.9230321049690247,169.0,0.8245702981948853,0.09733902662992477,0.0418417826294899,3.267961263656616,0.0,0.0,0.3747634291648865,0.00026919360971078277,0.003573245368897915,0.9344866275787354,0.0,0.0,1.1066642999649048,0.4181089699268341,0.015010776929557323,0.1360480785369873,0.007922863587737083,0.21205385029315948,0.28836458921432495,0.021043241024017334,0.00035448867129161954,0.6858530044555664,1.0,0.0,0.8870921730995178,0.2082751840353012,0.000599939317908138,0.020446401089429855,0.0,0.0,0.34660905599594116,0.06798725575208664,3.419447966734879e-05,1.292175054550171,0.0,0.0
321,2.6108527183532715,0.9411706924438477,18.60812759399414,3.026716947555542,0.6045655608177185,57.056636810302734,0.9516429305076599,0.9523770809173584,81.0,0.6769843101501465,0.017731469124555588,0.0943564847111702,24.448707580566406,0.0,0.0,0.36724263429641724,3.758107777684927e-05,0.002176085952669382,0.5882243514060974,0.0,0.0,1.0215893983840942,0.3857397139072418,0.014611847698688507,0.17484140396118164,0.009505800902843475,0.2910993993282318,0.2892676293849945,0.021300790831446648,0.00041440885979682207,0.7086775898933411,1.0,0.0,0.9628493189811707,0.19271686673164368,0.0006368313916027546,0.022186653688549995,0.0,0.0,0.34428471326828003,0.06097939983010292,4.510843427851796e-05,1.2852604389190674,0.0,0.0
322,4.892566680908203,0.055331163108348846,21.820791244506836,2.644587993621826,0.4095461666584015,58.67166519165039,0.8837169408798218,0.8842331767082214,66.06,1.0912127494812012,0.15299919247627258,0.007677560672163963,1.566014051437378,0.0,0.0,0.34368056058883667,0.00016108376439660788,0.004815408494323492,0.9867429137229919,0.0,0.0,1.3118836879730225,0.44411930441856384,0.016972344368696213,0.20327962934970856,0.011140972375869751,0.3386036455631256,0.2722918391227722,0.011614596471190453,0.0005128508782945573,0.514831006526947,1.0,0.0,0.7568348050117493,0.2886125147342682,0.0004946886328980327,0.017728304490447044,0.0,0.0,0.3499191701412201,0.05222838371992111,9.223706729244441e-05,1.2855039834976196,0.0,0.0
323,4.348697185516357,0.27321067452430725,17.660079956054688,2.0937530994415283,0.6665837168693542,53.8757438659668,0.8419727087020874,0.8416690826416016,42.84,0.9550860524177551,0.0659618005156517,0.02911468595266342,7.267850875854492,0.0,0.0,0.3115454912185669,8.517070818925276e-05,0.003208321053534746,0.8661883473396301,0.0,0.0,1.0937124490737915,0.3697039783000946,0.013300999067723751,0.1243816614151001,0.00644775340333581,0.18385492265224457,0.2960676848888397,0.025991806760430336,0.00028343748999759555,0.8150189518928528,1.0,0.0,0.8841564655303955,0.22311018407344818,0.0005929648759774864,0.020260853692889214,0.0,0.0,0.34382423758506775,0.06072544306516647,5.5600899941055104e-05,1.2877825498580933,0.0,0.0
324,2.713249921798706,0.8512532711029053,12.896624565124512,7.288087368011475,0.45233872532844543,56.77309799194336,0.8617132306098938,0.8630682229995728,182.19,0.8022595047950745,0.011470283381640911,0.06887821853160858,20.978042602539062,0.0,0.0,0.34865862131118774,1.0306847570973332e-06,0.0023045693524181843,0.6344976425170898,0.0,0.0,1.1886029243469238,0.3461531400680542,0.019506553187966347,0.42912137508392334,0.019810020923614502,0.7623420357704163,0.2652668356895447,0.009037296287715435,0.000742497737519443,0.4914661645889282,1.0,0.0,0.7926809191703796,0.29115530848503113,0.0004900959902442992,0.018703050911426544,0.0,0.0,0.3451617658138275,0.03964957594871521,0.00013428782403934747,1.2752673625946045,0.0,0.0
325,4.779453754425049,0.2673681974411011,14.576456069946289,8.972821235656738,0.42092394828796387,56.553245544433594,0.8902284502983093,0.8901352286338806,11.76,1.161151647567749,0.08771942555904388,0.015977753326296806,5.261642932891846,0.0,0.0,0.2968781888484955,8.7846992755658e-06,0.0035123727284371853,0.8667932152748108,0.0,0.0,1.3595771789550781,0.31050780415534973,0.021909266710281372,0.5173527598381042,0.022246064618229866,0.9281598329544067,0.2622902989387512,0.006932870484888554,0.0008143569575622678,0.4522274136543274,1.0,0.0,0.694832444190979,0.36811015009880066,0.00042626867070794106,0.016461458057165146,0.0,0.0,0.34602227807044983,0.035693537443876266,0.00012388381583150476,1.2795573472976685,0.0,0.0
326,3.363571882247925,0.05828225612640381,12.15363883972168,3.7647764682769775,0.5589982867240906,48.31267166137695,0.8067178726196289,0.8100205659866333,505.42,0.9517529010772705,0.1740001142024994,0.013565550558269024,1.7191826105117798,0.0,0.0,0.359057754278183,0.0001707323535811156,0.0038738842122256756,0.989469051361084,0.0,0.0,1.2164463996887207,0.3685853183269501,0.01650671660900116,0.23347850143909454,0.010921080596745014,0.3770096004009247,0.2811816930770874,0.017188649624586105,0.0004236837849020958,0.6543481349945068,1.0,0.0,0.7630764842033386,0.29329246282577515,0.0004878728068433702,0.017731355503201485,0.0,0.0,0.3448040783405304,0.04693081974983215,0.00012159823381807655,1.2797998189926147,0.0,0.0
327,2.590200901031494,0.3844238221645355,17.296707153320312,3.9621500968933105,0.4942024052143097,59.23307418823242,0.9317136406898499,0.926624059677124,589.52,0.9526243209838867,0.040825095027685165,0.0453462116420269,6.80002498626709,0.0,0.0,0.3185533285140991,6.0700109315803275e-05,0.003335644258186221,0.8172122836112976,0.0,0.0,1.1739082336425781,0.39030927419662476,0.016991710290312767,0.2497667521238327,0.013157473877072334,0.43361595273017883,0.2772040367126465,0.013963006436824799,0.0005600806907750666,0.5681048631668091,1.0,0.0,0.8031222820281982,0.2748836874961853,0.0005179106956347823,0.018769146874547005,0.0,0.0,0.3460225760936737,0.04724593088030815,0.00011943800200242549,1.2790764570236206,0.0,0.0
328,2.0612001419067383,0.6736486554145813,18.87481117248535,1.6980419158935547,0.7595347166061401,40.305973052978516,0.8524656295776367,0.8519853949546814,66.12,0.7222216725349426,0.0035037549678236246,0.09089454263448715,23.06161117553711,0.0,0.0,0.32204669713974,5.1280887419125065e-05,0.0031163087114691734,0.6734700798988342,0.0,0.0,0.9462364315986633,0.3404010236263275,0.010306312702596188,0.08451901376247406,0.003861464560031891,0.10946094244718552,0.3050670921802521,0.034071069210767746,0.00019140738004352897,0.9575237035751343,1.0,0.0,1.009361743927002,0.17934365570545197,0.0006786747835576534,0.02291964739561081,0.0,0.0,0.34219709038734436,0.06630108505487442,3.850311986752786e-05,1.285188913345337,0.0,0.0
329,1.089920163154602,0.1058151051402092,11.877196311950684,3.8938851356506348,0.4600660502910614,43.27788162231445,0.8213770985603333,0.8194703459739685,283.28,0.851740837097168,0.13615567982196808,0.03387221693992615,2.1342220306396484,0.0,0.0,0.3838537037372589,0.0002382683742325753,0.0045105572789907455,0.97459876537323,0.0,0.0,1.2506346702575684,0.39042964577674866,0.017742302268743515,0.26820167899131775,0.012859843671321869,0.4459661543369293,0.2703932523727417,0.012497222982347012,0.0004976288182660937,0.5541673302650452,1.0,0.0,0.7699072360992432,0.2808247208595276,0.0004888362600468099,0.01811434142291546,0.0,0.0,0.3471561670303345,0.04676276445388794,0.00011102340795332566,1.2836800813674927,0.0,0.0
330,4.020392417907715,0.17949070036411285,13.739272117614746,7.091588020324707,0.5720200538635254,44.455596923828125,0.9157395362854004,0.9236491322517395,935.14,1.0585684776306152,0.10774306952953339,0.01842382550239563,4.066707134246826,0.0,0.0,0.3195980191230774,8.239894668804482e-05,0.003733755787834525,0.9200353026390076,0.0,0.0,1.2346192598342896,0.34010037779808044,0.019033877179026604,0.35853999853134155,0.01594373770058155,0.6185426712036133,0.2809848189353943,0.01573912985622883,0.0006126387743279338,0.6011931300163269,1.0,0.0,0.7502550482749939,0.3058438003063202,0.00047953586908988655,0.017484614625573158,0.0,0.0,0.3443877696990967,0.04596351087093353,0.00010540903895162046,1.2848420143127441,0.0,0.0
331,1.799107551574707,0.5413962602615356,13.421024322509766,6.946765422821045,0.6278439164161682,51.75532531738281,0.9758458733558655,0.9755933284759521,26.53,0.8535455465316772,0.014369850978255272,0.06659578531980515,13.775827407836914,0.0,0.0,0.31777307391166687,4.080910366610624e-05,0.0025950809940695763,0.7443765997886658,0.0,0.0,1.0930289030075073,0.33822399377822876,0.017151299864053726,0.3163650929927826,0.015174700878560543,0.554378092288971,0.28663140535354614,0.018958892673254013,0.0006029350915923715,0.6573165655136108,1.0,0.0,0.8165932893753052,0.270351380109787,0.0005242900806479156,0.019060831516981125,0.0,0.0,0.3425614833831787,0.04515216127038002,0.00011763376096496359,1.2804656028747559,0.0,0.0
332,4.298691749572754,0.7799809575080872,15.481210708618164,2.1791298389434814,0.6598916053771973,53.990291595458984,0.7699579000473022,0.7681446075439453,306.59,0.786706805229187,0.003668419783934951,0.0638984739780426,27.122692108154297,0.0,0.0,0.32234156131744385,8.725429552214337e-07,0.0023397549521178007,0.6391562223434448,0.0,0.0,1.0433262586593628,0.38044801354408264,0.01270679384469986,0.13344401121139526,0.006838809698820114,0.19212228059768677,0.2926490902900696,0.024982772767543793,0.0002935884695034474,0.8091999888420105,1.0,0.0,0.9446245431900024,0.20945118367671967,0.0006274059996940196,0.021661391481757164,0.0,0.0,0.34333309531211853,0.05785119906067848,6.29713322268799e-05,1.282310128211975,0.0,0.0
333,2.2654895782470703,0.9779974222183228,12.606854438781738,6.222317695617676,0.4615859091281891,42.768531799316406,0.847550630569458,0.8466672301292419,123.11,0.7255488634109497,0.023672834038734436,0.07882656157016754,26.059734344482422,0.0,0.0,0.3830930292606354,5.218053047428839e-05,0.0031826498452574015,0.5951452851295471,0.0,0.0,1.1942028999328613,0.3805871903896332,0.018965210765600204,0.37707802653312683,0.01745760068297386,0.6659248471260071,0.2668710947036743,0.01050537172704935,0.0006575931911356747,0.5138658881187439,1.0,0.0,0.8391329050064087,0.24240508675575256,0.0005327560938894749,0.0196533240377903,0.0,0.0,0.34683337807655334,0.052721865475177765,8.036093640839681e-05,1.2901978492736816,0.0,0.0
334,4.506245136260986,0.32113760709762573,14.76288890838623,3.7524569034576416,0.7648276686668396,50.50786209106445,0.8676019906997681,0.8689924478530884,184.43,0.8659472465515137,0.0474860854446888,0.03261097893118858,8.7743501663208,0.0,0.0,0.3018111288547516,5.222003164817579e-05,0.002625443506985903,0.8506763577461243,0.0,0.0,1.0535651445388794,0.2990580201148987,0.01205398142337799,0.14897556602954865,0.006260298658162355,0.2266840785741806,0.30245131254196167,0.03042062558233738,0.00028343626763671637,0.9061139225959778,1.0,0.0,0.9250710606575012,0.21807001531124115,0.0006080310558900237,0.021466031670570374,0.0,0.0,0.3419771194458008,0.05364261940121651,6.637534534092993e-05,1.2885754108428955,0.0,0.0
335,3.258368730545044,0.9726963043212891,11.59603500366211,3.9358012676239014,0.6046113967895508,58.864341735839844,0.7547206878662109,0.7548171281814575,16.93,0.6864571571350098,0.026976091787219048,0.08232758194208145,29.36421012878418,0.0,0.0,0.3710637390613556,2.284103538841009e-05,0.00189808732829988,0.585968554019928,0.0,0.0,1.0494645833969116,0.36344295740127563,0.014524855650961399,0.2237677425146103,0.010896491818130016,0.3663187026977539,0.2830224931240082,0.018452903255820274,0.0004314073594287038,0.7025144100189209,1.0,0.0,0.8725544810295105,0.24822887778282166,0.0005469447933137417,0.020090200006961823,0.0,0.0,0.34257763624191284,0.04507673531770706,0.00016558199422433972,1.264255404472351,0.0,0.0
336,4.741096019744873,0.9378683567047119,18.735872268676758,3.6010725498199463,0.7769247889518738,43.04713439941406,0.9592717885971069,0.9587959051132202,51.74,0.7077780961990356,0.01701831817626953,0.06796438246965408,32.9329833984375,0.0,0.0,0.3512561321258545,2.0950528778485022e-05,0.0019644314888864756,0.5806522369384766,0.0,0.0,0.9553186893463135,0.3358941972255707,0.011236169375479221,0.13594390451908112,0.005909357685595751,0.2144111692905426,0.30427008867263794,0.03219924494624138,0.00029162107966840267,0.9222956299781799,1.0,0.0,1.016208529472351,0.1791897416114807,0.0006796366069465876,0.02297620289027691,0.0,0.0,0.34160929918289185,0.06842344254255295,3.350416591274552e-05,1.288994550704956,0.0,0.0
337,4.386597156524658,0.6164544820785522,17.54213523864746,2.236388921737671,0.7784990668296814,54.323814392089844,0.8285948634147644,0.8283673524856567,33.15,0.8258733153343201,0.003701348090544343,0.05535941198468208,22.671039581298828,0.0,0.0,0.29932281374931335,3.1170859529083828e-06,0.002537364838644862,0.7046018242835999,0.0,0.0,0.9878151416778564,0.3334386646747589,0.010321500711143017,0.09490352869033813,0.004130852874368429,0.1305432915687561,0.3052392899990082,0.03392711281776428,0.00020297525043133646,0.9685445427894592,1.0,0.0,0.9987114667892456,0.18361274898052216,0.0006767497397959232,0.022787537425756454,0.0,0.0,0.34178727865219116,0.06492974609136581,3.610161365941167e-05,1.291482925415039,0.0,0.0
338,3.604588747024536,0.7400258779525757,12.87352180480957,5.590235710144043,0.5954373478889465,48.607906341552734,0.8497152328491211,0.8495044112205505,29.21,0.8645661473274231,0.004742702003568411,0.05815214291214943,22.841224670410156,0.0,0.0,0.31917014718055725,9.615010867491947e-07,0.002501438371837139,0.6614588499069214,0.0,0.0,1.1223042011260986,0.3630199432373047,0.016373861581087112,0.2924034893512726,0.013902146369218826,0.4975506663322449,0.2823108434677124,0.017427485436201096,0.0005439212545752525,0.6533811688423157,1.0,0.0,0.8392317891120911,0.26064157485961914,0.0005409711156971753,0.019492723047733307,0.0,0.0,0.3435961604118347,0.04836311563849449,0.00011372270819265395,1.2817867994308472,0.0,0.0
339,3.09279727935791,0.8697963953018188,16.903488159179688,4.208853721618652,0.49213993549346924,50.83414840698242,0.9067373871803284,0.9082740545272827,186.59,0.7816216349601746,0.010886055417358875,0.0720294639468193,20.732683181762695,0.0,0.0,0.3518946170806885,1.3426455552689731e-05,0.0029791458509862423,0.6195955872535706,0.0,0.0,1.1383088827133179,0.3999430239200592,0.01695776917040348,0.26393765211105347,0.013606288470327854,0.457626074552536,0.2753719687461853,0.013671601191163063,0.000568402698263526,0.5641112327575684,1.0,0.0,0.8757826089859009,0.23241615295410156,0.0005680425092577934,0.02041616663336754,0.0,0.0,0.3466031849384308,0.05398179590702057,6.499309529317543e-05,1.2853552103042603,0.0,0.0
340,4.01047945022583,0.6925734877586365,18.240262985229492,3.7897727489471436,0.6545917391777039,40.56675720214844,0.9692119359970093,0.9693363308906555,13.24,0.870973527431488,0.0028319754637777805,0.05740360915660858,21.999753952026367,0.0,0.0,0.3104187250137329,9.238925713361823e-07,0.0025881368201225996,0.6725913286209106,0.0,0.0,1.0600824356079102,0.3851318955421448,0.014327961951494217,0.19205039739608765,0.009852481074631214,0.3136434257030487,0.2932570278644562,0.02375883422791958,0.0004350367235019803,0.7496743202209473,1.0,0.0,0.8706589937210083,0.2385663241147995,0.0005759238847531378,0.02005639858543873,0.0,0.0,0.3438442349433899,0.055817510932683945,7.94184161350131e-05,1.282783031463623,0.0,0.0
341,2.365593433380127,0.642797589302063,13.226825714111328,6.941108226776123,0.4941868484020233,47.352027893066406,0.897834837436676,0.9001836180686951,290.61,0.9049085974693298,0.00927676446735859,0.0593857541680336,16.13622283935547,0.0,0.0,0.31786927580833435,1.0714014706536545e-06,0.0028928425163030624,0.705950140953064,0.0,0.0,1.2231810092926025,0.3567163944244385,0.01942506991326809,0.396188348531723,0.018349574878811836,0.68180912733078,0.2712666988372803,0.011746308766305447,0.000696380331646651,0.5279247164726257,1.0,0.0,0.7862918376922607,0.28919532895088196,0.0004990110173821449,0.01858113706111908,0.0,0.0,0.34541502594947815,0.04282132536172867,0.00010500338248675689,1.2849737405776978,0.0,0.0
342,1.5178840160369873,0.15343032777309418,27.397356033325195,2.7806947231292725,0.4128729999065399,46.7904052734375,0.9856262803077698,0.9859277009963989,31.02,0.8797703981399536,0.10151760280132294,0.03672367334365845,2.2520015239715576,0.0,0.0,0.37430280447006226,0.00023021949164103717,0.0047767991200089455,0.9465681910514832,0.0,0.0,1.1994290351867676,0.43832793831825256,0.01699110120534897,0.19870854914188385,0.011862211860716343,0.33818507194519043,0.2749941051006317,0.012445869855582714,0.0005789480055682361,0.5050570964813232,1.0,0.0,0.7864033579826355,0.2620166540145874,0.0005108205368742347,0.01874420791864395,0.0,0.0,0.3518006503582001,0.05250999704003334,8.368475391762331e-05,1.2817124128341675,0.0,0.0
343,4.721940517425537,0.3988599479198456,20.892271041870117,2.0211026668548584,0.460304856300354,43.295249938964844,0.8321548104286194,0.8299365043640137,321.2,1.0463601350784302,0.03802100196480751,0.03286483511328697,8.19657039642334,0.0,0.0,0.30062371492385864,2.382939237577375e-05,0.0036873165518045425,0.8096668720245361,0.0,0.0,1.2313387393951416,0.45143380761146545,0.015628090128302574,0.16700157523155212,0.00967544224113226,0.25695741176605225,0.27691876888275146,0.014582805335521698,0.0004402927588671446,0.5794366002082825,1.0,0.0,0.7964544892311096,0.2735544741153717,0.0005231566028669477,0.018605638295412064,0.0,0.0,0.349378764629364,0.05289158597588539,9.279614459956065e-05,1.280368685722351,0.0,0.0
344,3.0987114906311035,0.7768502235412598,13.653640747070312,5.074459075927734,0.6101164817810059,57.49522399902344,0.8884915113449097,0.8934541344642639,625.15,0.7831142544746399,0.00447196327149868,0.07237192243337631,22.63453483581543,0.0,0.0,0.3282599151134491,8.606259598309407e-07,0.002105382736772299,0.6493081450462341,0.0,0.0,1.0709435939788818,0.35840824246406555,0.01585114374756813,0.2641964256763458,0.012777610681951046,0.44232654571533203,0.28507885336875916,0.01876041106879711,0.000516602536663413,0.6755725741386414,1.0,0.0,0.8635695576667786,0.2532791793346405,0.0005524143925867975,0.02006806805729866,0.0,0.0,0.34281492233276367,0.0449456050992012,0.00013863731874153018,1.2732994556427002,0.0,0.0
345,2.5018200874328613,0.20687511563301086,10.107303619384766,7.903624057769775,0.5644293427467346,58.49166488647461,0.8323346376419067,0.8312381505966187,158.48,0.903061032295227,0.11944502592086792,0.028370218351483345,3.3181657791137695,0.0,0.0,0.3328366279602051,8.895743667380884e-05,0.0026625976897776127,0.9135468602180481,0.0,0.0,1.1935064792633057,0.2784457802772522,0.019410375505685806,0.4042590260505676,0.017061134800314903,0.6819638609886169,0.2770828604698181,0.013794727623462677,0.0006085630739107728,0.5911446809768677,1.0,0.0,0.7252962589263916,0.3510042130947113,0.0004338012367952615,0.01740708388388157,0.0,0.0,0.3422451615333557,0.027909647673368454,0.00017628779460210353,1.2623668909072876,0.0,0.0
346,5.809692859649658,0.0410771444439888,33.810611724853516,1.6930888891220093,0.7506667375564575,40.54679870605469,0.9976675510406494,0.9964437484741211,123.1,0.9223046898841858,0.20813527703285217,0.017713312059640884,1.5831658840179443,0.0,0.0,0.34237316250801086,0.0001030607963912189,0.0026990901678800583,1.0160086154937744,0.0,0.0,0.9630312919616699,0.3171061873435974,0.011051283217966557,0.08879762887954712,0.004464833531528711,0.12402541935443878,0.30913618206977844,0.03197390213608742,0.00022569186694454402,0.9326547384262085,1.0,0.0,0.8291212916374207,0.2735673785209656,0.0005261402111500502,0.01879916898906231,0.0,0.0,0.34081384539604187,0.042791612446308136,0.00021810291218571365,1.2470344305038452,0.0,0.0
347,2.729553699493408,0.17044995725154877,18.6589412689209,3.081514835357666,0.5018005967140198,47.96328353881836,0.9269647598266602,0.9258560538291931,129.18,0.9553973078727722,0.09915798157453537,0.027369633316993713,3.244386911392212,0.0,0.0,0.34682250022888184,0.00017079927783925086,0.004494604654610157,0.9253106713294983,0.0,0.0,1.1807154417037964,0.4123823046684265,0.016532227396965027,0.20520630478858948,0.011168783530592918,0.34729066491127014,0.2800044119358063,0.01563127711415291,0.0004863836511503905,0.5946260690689087,1.0,0.0,0.8015882968902588,0.2613460123538971,0.0005280380719341338,0.01861235499382019,0.0,0.0,0.3473999500274658,0.05649590492248535,7.008773536654189e-05,1.2858484983444214,0.0,0.0
348,1.0166689157485962,0.09014108777046204,10.260940551757812,2.802567958831787,0.6752688884735107,54.743431091308594,0.772051990032196,0.7725775241851807,88.11,0.6793843507766724,0.1872139871120453,0.044428061693906784,2.3600144386291504,0.0,0.0,0.39821675419807434,0.0002344924141652882,0.0027842135168612003,0.9783810973167419,0.0,0.0,1.035285472869873,0.3305353820323944,0.013141066767275333,0.1534191519021988,0.007237826008349657,0.233541801571846,0.292331337928772,0.024876244366168976,0.00028451179969124496,0.8186742663383484,1.0,0.0,0.8403563499450684,0.24855609238147736,0.0005316720344126225,0.019543226808309555,0.0,0.0,0.3420890271663666,0.04547974467277527,0.00014810905850026757,1.2714273929595947,0.0,0.0
349,1.9130244255065918,0.36854228377342224,23.116653442382812,2.0785646438598633,0.6714980006217957,46.28139114379883,0.9908619523048401,0.9927173852920532,188.63,0.8165337443351746,0.03906470909714699,0.06248820573091507,8.956048965454102,0.0,0.0,0.33235418796539307,0.0001391613477608189,0.0033007969614118338,0.8125669956207275,0.0,0.0,1.019715428352356,0.3681817948818207,0.013195796869695187,0.12054042518138885,0.006601399276405573,0.18192026019096375,0.29928624629974365,0.02775387093424797,0.0003069099911954254,0.8143628835678101,1.0,0.0,0.9291455149650574,0.20411455631256104,0.000627684872597456,0.021274521946907043,0.0,0.0,0.343914270401001,0.06444687396287918,4.3162479414604604e-05,1.2864065170288086,0.0,0.0
350,1.9089972972869873,0.49199628829956055,15.679300308227539,2.4962587356567383,0.5919400453567505,42.77463150024414,0.872364342212677,0.8720113635063171,46.4,0.8482105731964111,0.019177842885255814,0.06667649000883102,12.969579696655273,0.0,0.0,0.32183486223220825,7.319658470805734e-05,0.003557433607056737,0.7649067640304565,0.0,0.0,1.0924421548843384,0.39393481612205505,0.014371326193213463,0.16101112961769104,0.00881823617964983,0.25281384587287903,0.2873757481575012,0.020940957590937614,0.0003746076545212418,0.7144626379013062,1.0,0.0,0.8720775842666626,0.232398122549057,0.0005773333250544965,0.0201109629124403,0.0,0.0,0.34525632858276367,0.05826884135603905,6.353978824336082e-05,1.2842921018600464,0.0,0.0
351,3.534133195877075,0.029659729450941086,14.374995231628418,2.095041036605835,0.6197283864021301,56.39371109008789,0.7913618087768555,0.7871875762939453,670.07,0.895237386226654,0.20091858506202698,0.0128241665661335,1.6028034687042236,0.0,0.0,0.3710014224052429,0.0001972672325791791,0.003910864237695932,1.003578782081604,0.0,0.0,1.1096265316009521,0.38275349140167236,0.013919654302299023,0.13786788284778595,0.007274125702679157,0.20879322290420532,0.290279746055603,0.022256797179579735,0.00030048354528844357,0.7614874839782715,1.0,0.0,0.7991945743560791,0.2646244168281555,0.0005250939284451306,0.01832292228937149,0.0,0.0,0.3441475033760071,0.05595558509230614,0.00010036982712335885,1.2791749238967896,0.0,0.0
352,4.3776092529296875,0.46664732694625854,29.52649688720703,2.7974965572357178,0.4236336052417755,53.67405700683594,0.9772670865058899,0.9788160920143127,161.93,1.0697624683380127,0.024160614237189293,0.036125414073467255,8.111374855041504,0.0,0.0,0.3036305010318756,7.758336323604453e-06,0.0035753543488681316,0.7838696837425232,0.0,0.0,1.2458512783050537,0.46424034237861633,0.01673872023820877,0.20072028040885925,0.012140259146690369,0.335318386554718,0.27614665031433105,0.012792462483048439,0.0006079485756345093,0.5107630491256714,1.0,0.0,0.7966535687446594,0.27017244696617126,0.0005253957933746278,0.018818069249391556,0.0,0.0,0.3507007956504822,0.05131383240222931,9.681301889941096e-05,1.282098412513733,0.0,0.0
353,3.0612905025482178,0.864239513874054,18.759017944335938,2.6734275817871094,0.514528751373291,46.903892517089844,0.8893767595291138,0.8885722756385803,101.8,0.7750444412231445,0.010012121871113777,0.07564961910247803,21.58040428161621,0.0,0.0,0.35099953413009644,2.195820343331434e-05,0.003248990047723055,0.6192059516906738,0.0,0.0,1.1019912958145142,0.426440954208374,0.01539938896894455,0.18482927978038788,0.010438503697514534,0.30472397804260254,0.28037384152412415,0.016528651118278503,0.0004562788817565888,0.6193979978561401,1.0,0.0,0.9021667242050171,0.21457591652870178,0.0005957887042313814,0.02093873731791973,0.0,0.0,0.3471733629703522,0.059943534433841705,4.885615999228321e-05,1.2860722541809082,0.0,0.0
354,3.9091570377349854,0.4281010031700134,27.407920837402344,2.496656894683838,0.5023421049118042,44.1574821472168,0.9897488355636597,0.9889526963233948,81.34,1.011293649673462,0.03300280123949051,0.03956703469157219,8.068559646606445,0.0,0.0,0.3063506782054901,3.5660475987242535e-05,0.003726109629496932,0.7960137724876404,0.0,0.0,1.1464593410491943,0.4319997727870941,0.0157938189804554,0.1735830456018448,0.010625396855175495,0.2817414104938507,0.28406456112861633,0.016710860654711723,0.0005186168127693236,0.5959575772285461,1.0,0.0,0.7924082279205322,0.2799898684024811,0.0005175406113266945,0.018520938232541084,0.0,0.0,0.3484298586845398,0.04904680699110031,0.00013243562716525048,1.2714163064956665,0.0,0.0
355,1.2887825965881348,0.31714826822280884,19.374515533447266,4.088389873504639,0.44382432103157043,53.258567810058594,0.9706224203109741,0.9691033959388733,161.49,0.8856793642044067,0.04982201009988785,0.05340218544006348,5.039886951446533,0.0,0.0,0.34456440806388855,0.0001397742744302377,0.0039016823284327984,0.856448233127594,0.0,0.0,1.1991273164749146,0.4044303596019745,0.01786840334534645,0.26478779315948486,0.01408249232918024,0.4667055308818817,0.2732875645160675,0.012195412069559097,0.0006144224316813052,0.5140520334243774,1.0,0.0,0.8150883316993713,0.255697101354599,0.0005311515415087342,0.019184568896889687,0.0,0.0,0.34840914607048035,0.05289950594305992,6.686634878860787e-05,1.2889291048049927,0.0,0.0
356,4.652461528778076,0.4904690384864807,15.342308044433594,3.844973087310791,0.42029669880867004,46.03596115112305,0.7963295578956604,0.7902644276618958,963.77,1.0755765438079834,0.024459682404994965,0.03329768031835556,11.330972671508789,0.0,0.0,0.2972351908683777,1.1075230759161059e-06,0.0034892004914581776,0.7664211392402649,0.0,0.0,1.31256103515625,0.4335998296737671,0.017322681844234467,0.2786339819431305,0.01374144572764635,0.46331337094306946,0.2666465938091278,0.010239176452159882,0.0005557674448937178,0.5146763920783997,1.0,0.0,0.7594426870346069,0.30181753635406494,0.0004886354436166584,0.017819790169596672,0.0,0.0,0.34847187995910645,0.047766074538230896,0.00010857925371965393,1.2836592197418213,0.0,0.0
357,1.5533688068389893,0.627254843711853,26.016742706298828,2.7089903354644775,0.45327040553092957,41.16554641723633,0.9892875552177429,0.990963876247406,170.99,0.8310522437095642,0.006761896423995495,0.07922635227441788,12.304583549499512,0.0,0.0,0.33500349521636963,4.820652611670084e-05,0.004236782900989056,0.718696117401123,0.0,0.0,1.128541350364685,0.443776935338974,0.01613996922969818,0.19143860042095184,0.011834505014121532,0.31503576040267944,0.27868765592575073,0.014289499260485172,0.0005792277515865862,0.5439924597740173,1.0,0.0,0.8251256942749023,0.2560897469520569,0.0005365309771150351,0.01944260112941265,0.0,0.0,0.3504706919193268,0.050954531878232956,9.970017708837986e-05,1.2738674879074097,0.0,0.0
358,5.3639092445373535,0.9689474105834961,15.226822853088379,9.86092472076416,0.7282658219337463,50.19538116455078,0.9642781019210815,0.9636220932006836,70.6,0.7362479567527771,0.027098773047327995,0.05575446039438248,32.645633697509766,0.0,0.0,0.3692399859428406,7.050127169350162e-05,0.0012552844127640128,0.5840359330177307,0.0,0.0,1.024563193321228,0.3325887620449066,0.016086986288428307,0.32927340269088745,0.014197001233696938,0.58735191822052,0.29470935463905334,0.023560285568237305,0.0005582567537203431,0.7419724464416504,1.0,0.0,0.932730495929718,0.20833440124988556,0.0006060567102394998,0.021249033510684967,0.0,0.0,0.3416767120361328,0.059892524033784866,5.792889351141639e-05,1.2885079383850098,0.0,0.0
359,2.673839569091797,0.35880422592163086,18.669633865356445,4.8488359451293945,0.4447711706161499,43.17339324951172,0.9575793743133545,0.9582399725914001,71.99,1.0168261528015137,0.04856562986969948,0.03788406774401665,6.585779666900635,0.0,0.0,0.31817156076431274,5.573722955887206e-05,0.0043337843380868435,0.8313373923301697,0.0,0.0,1.2556126117706299,0.41279029846191406,0.018683984875679016,0.30571436882019043,0.015576734207570553,0.5340598225593567,0.27195459604263306,0.01156423520296812,0.0006642126245424151,0.5018782019615173,1.0,0.0,0.7604326605796814,0.2914813458919525,0.0004915931494906545,0.01783890835940838,0.0,0.0,0.34859004616737366,0.050179991871118546,0.00010409702372271568,1.2848682403564453,0.0,0.0
360,1.777997612953186,0.15442726016044617,13.188194274902344,8.040562629699707,0.5832604169845581,58.7819709777832,0.9788416624069214,0.9777947664260864,109.38,0.8747606873512268,0.12610340118408203,0.03280054032802582,3.002880334854126,0.0,0.0,0.3565417230129242,0.0001521786762168631,0.003014633199200034,0.9376256465911865,0.0,0.0,1.137429118156433,0.31347617506980896,0.01923680119216442,0.37856465578079224,0.017332425341010094,0.6732435822486877,0.2818547785282135,0.015701964497566223,0.0006621448555961251,0.5937958359718323,1.0,0.0,0.7475184202194214,0.31424400210380554,0.0004656256642192602,0.017578626051545143,0.0,0.0,0.34262317419052124,0.03843453899025917,0.00014408725837711245,1.2726573944091797,0.0,0.0
361,1.3998620510101318,0.49745339155197144,14.368701934814453,7.460438251495361,0.41193094849586487,57.639495849609375,0.9293888807296753,0.9298499822616577,53.36,0.8951759934425354,0.022322187200188637,0.06007784977555275,8.540369987487793,0.0,0.0,0.323495477437973,1.3293755728227552e-05,0.0027834062930196524,0.776308536529541,0.0,0.0,1.2558155059814453,0.3334173262119293,0.020707888528704643,0.4497321546077728,0.020731450989842415,0.8001698851585388,0.2628639042377472,0.0077796820551157,0.0007951135630719364,0.44916728138923645,1.0,0.0,0.7606790065765381,0.30939337611198425,0.00046906707575544715,0.018198270350694656,0.0,0.0,0.34636783599853516,0.03674967214465141,0.00012461967708077282,1.2791277170181274,0.0,0.0
362,4.966817855834961,0.4345124363899231,12.400487899780273,6.067965030670166,0.5020354390144348,55.30515670776367,0.7757790684700012,0.7715882658958435,700.12,1.0680841207504272,0.038414984941482544,0.028799092397093773,9.95462417602539,0.0,0.0,0.28983888030052185,8.896975600691803e-07,0.0028266587760299444,0.7886131405830383,0.0,0.0,1.2734286785125732,0.352986216545105,0.01841726154088974,0.3644818961620331,0.016342157498002052,0.6087316870689392,0.27168139815330505,0.011696996167302132,0.0006128419772721827,0.5557905435562134,1.0,0.0,0.7307971119880676,0.3457455039024353,0.000454792840173468,0.017189178615808487,0.0,0.0,0.3445838987827301,0.0366886742413044,0.00014370477583725005,1.2725852727890015,0.0,0.0
363,5.723456859588623,0.6800808310508728,24.264955520629883,4.185672283172607,0.45238617062568665,49.70075988769531,0.9701921343803406,0.9695867300033569,64.36,0.9953143000602722,0.006810388993471861,0.04047505185008049,14.132363319396973,0.0,0.0,0.3118322491645813,1.128210442402633e-06,0.0030260165221989155,0.683432400226593,0.0,0.0,1.2122975587844849,0.4313892722129822,0.01752450317144394,0.2674732208251953,0.014592515304684639,0.4655916094779968,0.2749069631099701,0.012373706325888634,0.0006625363021157682,0.5126481056213379,1.0,0.0,0.8058878183364868,0.2706412076950073,0.0005245029460638762,0.018976500257849693,0.0,0.0,0.3487386703491211,0.0497034452855587,0.00010073027806356549,1.283318281173706,0.0,0.0
364,2.696126699447632,0.834615170955658,15.841105461120605,4.98792839050293,0.46985048055648804,54.17588806152344,0.9042567014694214,0.9006872177124023,438.27,0.7930054068565369,0.008286847732961178,0.0738854706287384,18.954792022705078,0.0,0.0,0.34661245346069336,1.38619429890241e-06,0.0027874268125742674,0.6360441446304321,0.0,0.0,1.1546602249145508,0.38997793197631836,0.017714619636535645,0.30788353085517883,0.015536786057054996,0.5438557863235474,0.27172788977622986,0.011800549924373627,0.0006334044155664742,0.5301505923271179,1.0,0.0,0.8468294739723206,0.25117066502571106,0.0005422203103080392,0.019857922568917274,0.0,0.0,0.3463785946369171,0.048495132476091385,9.24472842598334e-05,1.2823748588562012,0.0,0.0
365,1.0339833498001099,0.5787811279296875,17.052318572998047,2.600825309753418,0.4593013823032379,43.24352264404297,0.87410569190979,0.8728715181350708,161.76,0.8049070835113525,0.0091830650344491,0.08290525525808334,13.138269424438477,0.0,0.0,0.33663278818130493,6.362444401020184e-05,0.00428287498652935,0.7428234219551086,0.0,0.0,1.167097806930542,0.43746650218963623,0.016026394441723824,0.19563913345336914,0.011058631353080273,0.3138914108276367,0.2746950089931488,0.014190579764544964,0.00047991200699470937,0.5698764324188232,1.0,0.0,0.8556700944900513,0.2363303303718567,0.0005639679729938507,0.020003559067845345,0.0,0.0,0.34890279173851013,0.05747109279036522,5.673762643709779e-05,1.2866917848587036,0.0,0.0
366,2.3643667697906494,0.30415332317352295,16.224464416503906,6.1570963859558105,0.5294073224067688,46.35957717895508,0.9873953461647034,0.9886052012443542,123.94,0.9630380272865295,0.061415329575538635,0.0378982238471508,6.08774471282959,0.0,0.0,0.3245830833911896,8.723077917238697e-05,0.0037558714393526316,0.8534451127052307,0.0,0.0,1.1931389570236206,0.36183077096939087,0.018880825489759445,0.3323499858379364,0.016145197674632072,0.5861047506332397,0.2788272500038147,0.014522210694849491,0.0006560898036696017,0.5610425472259521,1.0,0.0,0.777675986289978,0.28475141525268555,0.0005013510235585272,0.018186217173933983,0.0,0.0,0.34547922015190125,0.04818454012274742,0.00010270647908328101,1.2855579853057861,0.0,0.0
367,4.506438255310059,0.5168121457099915,14.452917098999023,7.18506383895874,0.6520628929138184,48.21858215332031,0.9332870841026306,0.9324106574058533,100.71,0.9497726559638977,0.0175783671438694,0.03902813792228699,13.257967948913574,0.0,0.0,0.2927916646003723,9.264173854717228e-07,0.0025837053544819355,0.7530792951583862,0.0,0.0,1.1134889125823975,0.3176036775112152,0.016856638714671135,0.3128173351287842,0.014251804910600185,0.5423740744590759,0.28892743587493896,0.01954362913966179,0.0005634477129206061,0.6846737265586853,1.0,0.0,0.822176456451416,0.27322641015052795,0.000528875389136374,0.019328216090798378,0.0,0.0,0.3428168296813965,0.043845634907484055,0.00010494520392967388,1.2847418785095215,0.0,0.0
368,2.8927996158599854,0.8959906697273254,15.29306411743164,3.26406192779541,0.5925650000572205,40.18362808227539,0.8722205758094788,0.8723150491714478,12.42,0.7591129541397095,0.013877368532121181,0.07865087687969208,27.00153160095215,0.0,0.0,0.35380735993385315,2.899894752772525e-05,0.0030767840798944235,0.6043899059295654,0.0,0.0,1.0767252445220947,0.40248480439186096,0.014861349947750568,0.19442956149578094,0.010045510716736317,0.3186156451702118,0.28547000885009766,0.02010595053434372,0.00041874562157317996,0.6962790489196777,1.0,0.0,0.8884938359260559,0.22017960250377655,0.0005824916297569871,0.02046888880431652,0.0,0.0,0.3451544940471649,0.06002319976687431,6.094972923165187e-05,1.2849879264831543,0.0,0.0
369,3.4394075870513916,0.9850876927375793,21.849044799804688,2.9051578044891357,0.5265034437179565,42.98535919189453,0.9530426263809204,0.9555254578590393,272.64,0.7084965705871582,0.025449678301811218,0.07671073079109192,23.578685760498047,0.0,0.0,0.38055744767189026,6.064547778805718e-05,0.0031528989784419537,0.5773383378982544,0.0,0.0,1.0683784484863281,0.4194367825984955,0.015632981434464455,0.18975214660167694,0.010716479271650314,0.3161216378211975,0.2829592823982239,0.017392465844750404,0.0004859028267674148,0.6196244955062866,1.0,0.0,0.9068599939346313,0.21175545454025269,0.0005946382298134267,0.021044984459877014,0.0,0.0,0.34739330410957336,0.060196615755558014,5.348615741240792e-05,1.282619833946228,0.0,0.0
370,1.2208106517791748,0.17889317870140076,14.611286163330078,5.085061550140381,0.47083258628845215,43.48668670654297,0.9253782033920288,0.9272477626800537,217.88,0.8839896321296692,0.09605566412210464,0.0381002314388752,3.2270724773406982,0.0,0.0,0.3636224865913391,0.00019342095765750855,0.0045943488366901875,0.9285588264465332,0.0,0.0,1.2133045196533203,0.3795066177845001,0.018679315224289894,0.31125766038894653,0.015275275334715843,0.5482537150382996,0.2725025713443756,0.012317584827542305,0.0006129335379227996,0.5306121110916138,1.0,0.0,0.765953540802002,0.28256475925445557,0.0004913418088108301,0.018023764714598656,0.0,0.0,0.3471798300743103,0.04924444109201431,0.00010105208639288321,1.2865179777145386,0.0,0.0
371,4.014571666717529,0.39201101660728455,20.494792938232422,2.6280338764190674,0.5886846780776978,45.33793640136719,0.9386297464370728,0.9347578883171082,441.29,0.97615647315979,0.036457207053899765,0.03797629848122597,9.095815658569336,0.0,0.0,0.30374205112457275,4.6310458856169134e-05,0.00341178011149168,0.806437611579895,0.0,0.0,1.1178607940673828,0.39818549156188965,0.014915400184690952,0.16460321843624115,0.009133444167673588,0.2633804380893707,0.2895457446575165,0.02089611440896988,0.00041002320358529687,0.6977130174636841,1.0,0.0,0.8463461995124817,0.2460910826921463,0.0005636274581775069,0.019524769857525826,0.0,0.0,0.3456553816795349,0.057361189275979996,6.848135672044009e-05,1.2838168144226074,0.0,0.0
372,3.9427897930145264,0.13817952573299408,13.657934188842773,4.375082969665527,0.5412424802780151,51.41419219970703,0.8467796444892883,0.8501681089401245,470.68,1.0037628412246704,0.13085152208805084,0.016449904069304466,2.994992971420288,0.0,0.0,0.3321223556995392,0.00011144133168272674,0.0037665816489607096,0.9410915374755859,0.0,0.0,1.227616548538208,0.36797085404396057,0.01728094182908535,0.2650049030780792,0.012395164929330349,0.4374358654022217,0.2796628773212433,0.015725746750831604,0.0004908641567453742,0.6177695393562317,1.0,0.0,0.7607138156890869,0.3007010519504547,0.0004867082752753049,0.017713388428092003,0.0,0.0,0.3450028598308563,0.045716747641563416,0.00012181233614683151,1.2796260118484497,0.0,0.0
373,5.302299499511719,0.7666212320327759,23.831382751464844,2.395034074783325,0.5512093305587769,52.23796463012695,0.9299441576004028,0.9308127760887146,100.35,0.8704528212547302,0.004209591541439295,0.05173509195446968,19.308412551879883,0.0,0.0,0.3232036530971527,1.044430177898903e-06,0.002467301907017827,0.6459848284721375,0.0,0.0,1.1096880435943604,0.422944039106369,0.015031556598842144,0.16410957276821136,0.009480084292590618,0.2591719627380371,0.286471962928772,0.01932607591152191,0.00043659808579832315,0.6580579876899719,1.0,0.0,0.9109134078025818,0.21688643097877502,0.0006083626649342477,0.021170301362872124,0.0,0.0,0.34650957584381104,0.05776321887969971,5.6624161516083404e-05,1.2862743139266968,0.0,0.0
374,4.9045729637146,0.7973748445510864,11.83238410949707,9.70497989654541,0.5744581818580627,44.899505615234375,0.8013975620269775,0.8053516745567322,612.65,0.9165990948677063,0.011271369643509388,0.04375802353024483,24.795406341552734,0.0,0.0,0.32726094126701355,1.6433155906270258e-05,0.002084784908220172,0.6411527991294861,0.0,0.0,1.2093560695648193,0.3165806829929352,0.019735082983970642,0.46263161301612854,0.019217099994421005,0.8031308650970459,0.27552637457847595,0.013768964447081089,0.0006661104271188378,0.5899966955184937,1.0,0.0,0.8133805394172668,0.2686370313167572,0.0005135387182235718,0.018990812823176384,0.0,0.0,0.3437732756137848,0.04626913368701935,9.462838352192193e-05,1.2886906862258911,0.0,0.0
375,2.335902690887451,0.3502243757247925,16.067676544189453,6.4100661277771,0.47004446387290955,52.99306869506836,0.959392249584198,0.9592015147209167,20.73,0.9643732309341431,0.05074337124824524,0.04004588723182678,6.098228931427002,0.0,0.0,0.31986695528030396,5.670922837452963e-05,0.0035129364114254713,0.8334265351295471,0.0,0.0,1.2313162088394165,0.3506622016429901,0.019660573452711105,0.3703402876853943,0.017638564109802246,0.6587978601455688,0.2718181014060974,0.011132803745567799,0.0007063578814268112,0.5035071969032288,1.0,0.0,0.774747908115387,0.2934139370918274,0.0004915712052024901,0.018283292651176453,0.0,0.0,0.3461616635322571,0.043558914214372635,0.00010860840848181397,1.2839622497558594,0.0,0.0
376,1.4302881956100464,0.2545132040977478,31.206212997436523,1.8823527097702026,0.4757916331291199,45.89451217651367,0.9809510707855225,0.983100414276123,222.87,0.8601819276809692,0.07466830313205719,0.0526655949652195,4.148961067199707,0.0,0.0,0.359253466129303,0.0001903373922687024,0.004053893964737654,0.8892529606819153,0.0,0.0,1.1281535625457764,0.44168999791145325,0.015485967509448528,0.14806188642978668,0.009471026249229908,0.23091183602809906,0.2831655740737915,0.01642577536404133,0.00048458436504006386,0.5867485404014587,1.0,0.0,0.815302312374115,0.2573387920856476,0.0005335332243703306,0.019101791083812714,0.0,0.0,0.3502359390258789,0.052640151232481,0.00010287280747434124,1.2712074518203735,0.0,0.0
377,2.765820026397705,0.035168398171663284,15.525846481323242,3.357506513595581,0.4753382205963135,41.93587875366211,0.8759416341781616,0.8764582872390747,67.3,0.9424756765365601,0.172365203499794,0.014471075497567654,1.491418719291687,0.0,0.0,0.37534579634666443,0.00022438085579779,0.00518516730517149,1.005666971206665,0.0,0.0,1.2206223011016846,0.40785548090934753,0.01701493375003338,0.22958369553089142,0.011782345362007618,0.388504296541214,0.2752101421356201,0.013747170567512512,0.00048584118485450745,0.5709431767463684,1.0,0.0,0.7595611810684204,0.28451675176620483,0.0004924170789308846,0.01768256165087223,0.0,0.0,0.34792232513427734,0.053652748465538025,9.571026748744771e-05,1.2840899229049683,0.0,0.0
378,5.185345649719238,0.17964546382427216,16.01685333251953,6.420897006988525,0.4023755192756653,42.75674057006836,0.8774256110191345,0.8793152570724487,244.92,1.1966972351074219,0.11030387878417969,0.014008612371981144,3.8901963233947754,0.0,0.0,0.3081696033477783,4.4630098273046315e-05,0.0041971225291490555,0.9158424735069275,0.0,0.0,1.4149469137191772,0.38450974225997925,0.02064315229654312,0.4138343036174774,0.018188636749982834,0.7132696509361267,0.26345500349998474,0.008083484135568142,0.0007074942113831639,0.4578792154788971,1.0,0.0,0.7011175751686096,0.33860352635383606,0.00044305063784122467,0.01650065742433071,0.0,0.0,0.34876346588134766,0.044839587062597275,9.897732525132596e-05,1.2869004011154175,0.0,0.0
379,4.779512882232666,0.5372359156608582,21.75282859802246,2.1407763957977295,0.640561044216156,49.36174011230469,0.9154486656188965,0.917174756526947,205.58,0.9353893399238586,0.011718309484422207,0.04468712583184242,14.517227172851562,0.0,0.0,0.2963160276412964,6.080670118535636e-06,0.0027372254990041256,0.736719012260437,0.0,0.0,1.0791524648666382,0.3892227113246918,0.013623425737023354,0.13228513300418854,0.007340739946812391,0.20003296434879303,0.295015811920166,0.024805773049592972,0.0003353227803017944,0.7741947174072266,1.0,0.0,0.9112138152122498,0.21669600903987885,0.0006145464722067118,0.020958656445145607,0.0,0.0,0.3445284366607666,0.06063660979270935,5.145215618540533e-05,1.287446141242981,0.0,0.0
380,5.503275394439697,0.01323686819523573,16.924753189086914,5.840228080749512,0.5399048924446106,45.049861907958984,0.9724295139312744,0.9695538282394409,305.01,1.0684994459152222,0.18367639183998108,0.00948437862098217,1.4246273040771484,0.0,0.0,0.3407999873161316,0.00012972034164704382,0.004374422132968903,1.0120168924331665,0.0,0.0,1.2252237796783447,0.35762840509414673,0.018653983250260353,0.3146413266658783,0.014780397526919842,0.5592965483665466,0.28089502453804016,0.014823096804320812,0.0005942867719568312,0.581560492515564,1.0,0.0,0.7347250580787659,0.3082485496997833,0.0004728336934931576,0.01712988130748272,0.0,0.0,0.3459692597389221,0.04923783615231514,0.00010078036575578153,1.286106824874878,0.0,0.0
381,5.618897914886475,0.28209999203681946,15.636431694030762,6.363757133483887,0.7226107120513916,50.05553436279297,0.9526414275169373,0.951126754283905,167.17,1.0267988443374634,0.0614258348941803,0.027069326490163803,7.849607944488525,0.0,0.0,0.294806569814682,2.9192700822022744e-05,0.002988878171890974,0.8739824295043945,0.0,0.0,1.1150624752044678,0.3407529294490814,0.014981338754296303,0.24374200403690338,0.010896735824644566,0.41642051935195923,0.29786592721939087,0.025315826758742332,0.000464899989310652,0.784382164478302,1.0,0.0,0.8306750059127808,0.25772473216056824,0.0005484854336827993,0.019001023843884468,0.0,0.0,0.34240710735321045,0.055624522268772125,8.073441131273285e-05,1.2883292436599731,0.0,0.0
382,1.6132729053497314,0.07639998942613602,16.199073791503906,2.257441282272339,0.4750608503818512,43.438812255859375,0.8420206904411316,0.8439780473709106,275.43,0.8412601947784424,0.14432142674922943,0.029592009261250496,2.058262825012207,0.0,0.0,0.3882964253425598,0.0002766794932540506,0.005289641674607992,0.9861553907394409,0.0,0.0,1.1706440448760986,0.42386746406555176,0.015875015407800674,0.17447304725646973,0.00974393729120493,0.2808286249637604,0.2766847312450409,0.015012089163064957,0.0004136868519708514,0.5965234637260437,1.0,0.0,0.805813729763031,0.2538098096847534,0.0005291986162774265,0.01873074471950531,0.0,0.0,0.34839361906051636,0.058485034853219986,6.318395753623918e-05,1.285291314125061,0.0,0.0
383,1.4975767135620117,0.9290478825569153,14.178080558776855,5.697633266448975,0.5849394202232361,46.731258392333984,0.9609485864639282,0.9614906311035156,58.67,0.6614163517951965,0.017152387648820877,0.10058677941560745,26.92780303955078,0.0,0.0,0.37008488178253174,4.861153502133675e-05,0.0025740680284798145,0.5987714529037476,0.0,0.0,1.0724068880081177,0.3606306314468384,0.017155926674604416,0.2941070795059204,0.014257842674851418,0.5072044730186462,0.2828855514526367,0.01780833676457405,0.0005712576676160097,0.6319654583930969,1.0,0.0,0.8926522135734558,0.2225390076637268,0.0005763288354501128,0.020812178030610085,0.0,0.0,0.34418538212776184,0.05297073349356651,7.850515248719603e-05,1.2864607572555542,0.0,0.0
384,4.326799392700195,0.24862079322338104,16.12159538269043,4.423274993896484,0.57900470495224,55.33460235595703,0.9177418351173401,0.9219796061515808,500.84,1.0190454721450806,0.08121902495622635,0.023842450231313705,5.198645114898682,0.0,0.0,0.31092706322669983,6.745346763636917e-05,0.0034624156542122364,0.8796276450157166,0.0,0.0,1.1747204065322876,0.36746153235435486,0.016682418063282967,0.24595430493354797,0.012042931281030178,0.41605010628700256,0.28501611948013306,0.017865493893623352,0.000499867310281843,0.6493406891822815,1.0,0.0,0.792723536491394,0.2808593809604645,0.0005142342997714877,0.018379826098680496,0.0,0.0,0.34443074464797974,0.048674579709768295,0.00011617749987635761,1.2811609506607056,0.0,0.0
385,4.836272239685059,0.06595205515623093,19.10314178466797,3.516660213470459,0.6105962991714478,41.305728912353516,0.9742406606674194,0.9708687663078308,356.49,1.008393406867981,0.1588354855775833,0.014441908337175846,1.9483939409255981,0.0,0.0,0.34102150797843933,0.00013986903650220484,0.003805644577369094,0.9844670295715332,0.0,0.0,1.1369374990463257,0.386013388633728,0.01567753031849861,0.1928892284631729,0.009918897412717342,0.3227229714393616,0.29107576608657837,0.021229637786746025,0.00043398234993219376,0.7024345993995667,1.0,0.0,0.779809832572937,0.27409109473228455,0.0005135282990522683,0.017935073003172874,0.0,0.0,0.345305860042572,0.05644344910979271,9.057786519406363e-05,1.2826768159866333,0.0,0.0
386,3.600172519683838,0.5305768251419067,11.080220222473145,5.7968430519104,0.6763277649879456,59.82118225097656,0.7995525002479553,0.8008246421813965,198.68,0.9211504459381104,0.01617312990128994,0.04897195100784302,15.08305549621582,0.0,0.0,0.29973188042640686,5.036093625676585e-06,0.002265022834762931,0.7543774843215942,0.0,0.0,1.096148133277893,0.33036234974861145,0.014765536412596703,0.2629476487636566,0.011995936743915081,0.43390703201293945,0.2899179458618164,0.021266277879476547,0.0004785125784110278,0.7459585666656494,1.0,0.0,0.797302782535553,0.3023574650287628,0.0005004933918826282,0.018434718251228333,0.0,0.0,0.34131401777267456,0.0386958047747612,0.00017038804071489722,1.2630592584609985,0.0,0.0
387,2.7038047313690186,0.7928110361099243,15.337362289428711,3.094595193862915,0.6351733207702637,50.65885543823242,0.8859174847602844,0.871255099773407,1899.62,0.754718005657196,0.005115934181958437,0.0817505270242691,25.36423110961914,0.0,0.0,0.33350273966789246,1.588480154168792e-05,0.0027068466879427433,0.6379891633987427,0.0,0.0,1.0364469289779663,0.3811055123806,0.013934588059782982,0.17384161055088043,0.009013645350933075,0.2779192626476288,0.2902315557003021,0.0226522758603096,0.00038408019463531673,0.7500455379486084,1.0,0.0,0.9287387132644653,0.2125905305147171,0.0006153183639980853,0.021298129111528397,0.0,0.0,0.3435980975627899,0.059196099638938904,5.624919867841527e-05,1.283762812614441,0.0,0.0
388,2.0608954429626465,0.25918567180633545,10.462916374206543,6.7865309715271,0.5572584867477417,42.96023178100586,0.840041995048523,0.8407899141311646,105.89,0.9888663291931152,0.08172693848609924,0.03494826704263687,5.184903144836426,0.0,0.0,0.33128413558006287,0.00010042783833341673,0.0033166036009788513,0.8848180770874023,0.0,0.0,1.2548744678497314,0.3462957441806793,0.019023839384317398,0.3634222745895386,0.015930894762277603,0.614957332611084,0.27712318301200867,0.015151537023484707,0.0005847140564583242,0.5987932085990906,1.0,0.0,0.7475266456604004,0.3058895766735077,0.00047030774294398725,0.017528507858514786,0.0,0.0,0.3440801799297333,0.042201828211545944,0.00011338262993376702,1.2825409173965454,0.0,0.0
389,2.9796273708343506,0.20252031087875366,16.43790054321289,2.0098981857299805,0.5303153991699219,45.97003173828125,0.8107126355171204,0.8094010353088379,199.88,0.9336711764335632,0.09487336874008179,0.02995898388326168,4.608427047729492,0.0,0.0,0.33837857842445374,0.0001466163230361417,0.004205816425383091,0.9081543684005737,0.0,0.0,1.170154094696045,0.41560184955596924,0.01515387836843729,0.1550418734550476,0.008578968234360218,0.2353881448507309,0.28235161304473877,0.018028568476438522,0.0003638247726485133,0.6587140560150146,1.0,0.0,0.8261722326278687,0.25104936957359314,0.0005464947898872197,0.019053610041737556,0.0,0.0,0.34681645035743713,0.05825110524892807,6.80067460052669e-05,1.2841078042984009,0.0,0.0
390,4.8237504959106445,0.9378653168678284,16.300729751586914,3.4903576374053955,0.5588300824165344,47.146793365478516,0.836533784866333,0.8331543803215027,484.88,0.7761006951332092,0.0174101572483778,0.05877135694026947,28.0869197845459,0.0,0.0,0.36220747232437134,3.635668326751329e-05,0.0023568100295960903,0.5874497294425964,0.0,0.0,1.101426362991333,0.40586328506469727,0.015360979363322258,0.21515105664730072,0.01093464158475399,0.36118242144584656,0.2814290225505829,0.01739458367228508,0.000453868240583688,0.6531472206115723,1.0,0.0,0.8976109623908997,0.21933920681476593,0.0005876024370081723,0.020628483965992928,0.0,0.0,0.3454882800579071,0.06070171296596527,5.310150299919769e-05,1.2859015464782715,0.0,0.0
391,5.002945899963379,0.9494953751564026,25.90348243713379,2.071739673614502,0.6914854049682617,72.87367248535156,0.9696030616760254,0.972396969795227,296.33,0.7120481133460999,0.017404407262802124,0.07004702091217041,27.804582595825195,0.0,0.0,0.35927778482437134,2.306467285961844e-05,0.0011813694145530462,0.5840129852294922,0.0,0.0,0.9923495650291443,0.372302770614624,0.012721621431410313,0.11514486372470856,0.006109992042183876,0.17205871641635895,0.3006700873374939,0.02938181906938553,0.00028494923026300967,0.8405240178108215,1.0,0.0,1.061865210533142,0.15944026410579681,0.0007202578708529472,0.024210557341575623,0.0,0.0,0.342995285987854,0.06960345804691315,2.773234518826939e-05,1.2911044359207153,0.0,0.0
392,2.400360584259033,0.9069460034370422,12.246856689453125,2.711629867553711,0.6247138381004333,54.7867317199707,0.7637724280357361,0.7625861763954163,203.67,0.6774365305900574,0.015523109585046768,0.09569109976291656,29.18505859375,0.0,0.0,0.3577159643173218,2.1982621547067538e-05,0.0023354720324277878,0.60467529296875,0.0,0.0,1.05715012550354,0.37121763825416565,0.013582156039774418,0.1674128770828247,0.008383265696465969,0.2509162425994873,0.28704071044921875,0.021823309361934662,0.00033946125768125057,0.755490243434906,1.0,0.0,0.9169682860374451,0.22449912130832672,0.0005901306285522878,0.021080754697322845,0.0,0.0,0.34301242232322693,0.0510200597345829,0.00011563266161829233,1.2730284929275513,0.0,0.0
393,3.061293125152588,0.286884605884552,17.672727584838867,3.480184316635132,0.5522854924201965,40.339942932128906,0.9391036033630371,0.93745356798172,187.43,0.9814935922622681,0.0689968392252922,0.03489094227552414,6.112307071685791,0.0,0.0,0.3218049705028534,9.344748832518235e-05,0.003958577755838633,0.8631290793418884,0.0,0.0,1.1736857891082764,0.4049045145511627,0.016412151977419853,0.2141159325838089,0.011121033690869808,0.3511894643306732,0.28403741121292114,0.01820225641131401,0.00047858222387731075,0.6391856670379639,1.0,0.0,0.7936235070228577,0.27099454402923584,0.0005199757288210094,0.01836547628045082,0.0,0.0,0.3462926745414734,0.05393492057919502,9.576809679856524e-05,1.2817153930664062,0.0,0.0
394,3.5187249183654785,0.07684777677059174,16.117231369018555,3.351245403289795,0.7716792225837708,52.92332077026367,0.9404990673065186,0.9417638778686523,142.8,0.7867160439491272,0.1268002688884735,0.019337842240929604,2.1064929962158203,0.0,0.0,0.36012107133865356,0.00018976068531628698,0.002988181309774518,0.9831290245056152,0.0,0.0,1.0200624465942383,0.2951114773750305,0.011937116272747517,0.12952126562595367,0.005609098356217146,0.20123761892318726,0.3048802614212036,0.03194991499185562,0.00025613635079935193,0.9234169721603394,1.0,0.0,0.9183874130249023,0.20735612511634827,0.000605172012001276,0.021411331370472908,0.0,0.0,0.3419739305973053,0.05733052268624306,5.227739893598482e-05,1.2915045022964478,0.0,0.0
395,1.724672555923462,0.11070014536380768,10.633346557617188,7.244968414306641,0.741242527961731,42.4483757019043,0.924191415309906,0.9228541254997253,156.79,0.8239340782165527,0.14233079552650452,0.03387288376688957,2.973358631134033,0.0,0.0,0.37080949544906616,0.0001979522785404697,0.003308050101622939,0.9709329605102539,0.0,0.0,1.0930613279342651,0.31786495447158813,0.01517264824360609,0.2637419104576111,0.011010109446942806,0.4416106641292572,0.29693955183029175,0.026655515655875206,0.0004466148966457695,0.7999500036239624,1.0,0.0,0.824088990688324,0.25464677810668945,0.0005298296455293894,0.018961071968078613,0.0,0.0,0.3414590060710907,0.05027104914188385,0.00010869700781768188,1.283543586730957,0.0,0.0
396,4.4719624519348145,0.5052701234817505,36.52095031738281,1.5045123100280762,0.695543646812439,50.98332977294922,0.9947423338890076,0.9944214820861816,32.44,0.9032219052314758,0.017863530665636063,0.04770107567310333,12.151984214782715,0.0,0.0,0.2968217432498932,1.8773236661218107e-05,0.002247660420835018,0.7548201680183411,0.0,0.0,1.0199151039123535,0.35375741124153137,0.012268506921827793,0.10245879739522934,0.005360176786780357,0.13968710601329803,0.3038041889667511,0.030510807409882545,0.00024843370192684233,0.8621650338172913,1.0,0.0,0.9231393337249756,0.22569851577281952,0.0006063379114493728,0.021098142489790916,0.0,0.0,0.3419327437877655,0.04911279305815697,0.00013787311036139727,1.2661036252975464,0.0,0.0
397,5.49389123916626,0.6996437907218933,12.09083366394043,5.4108381271362305,0.5881949663162231,45.64097595214844,0.7251381278038025,0.7323508858680725,1358.19,0.9160598516464233,0.002498568966984749,0.04333288222551346,21.858182907104492,0.0,0.0,0.30705177783966064,9.609179869585205e-07,0.002089021261781454,0.6749293208122253,0.0,0.0,1.1900607347488403,0.35128650069236755,0.016409721225500107,0.3013049364089966,0.01315960194915533,0.48701146245002747,0.28001654148101807,0.01677228882908821,0.0004954079049639404,0.6571828722953796,1.0,0.0,0.8521261215209961,0.25755345821380615,0.0005447613657452166,0.01987396739423275,0.0,0.0,0.3441345691680908,0.046189289540052414,0.00010761116573121399,1.28419029712677,0.0,0.0
398,4.61635684967041,0.6900418400764465,12.71286678314209,7.7114057540893555,0.5741496682167053,48.65790557861328,0.835626482963562,0.8429512977600098,1039.88,0.9533466100692749,0.007552821189165115,0.043688349425792694,21.004777908325195,0.0,0.0,0.3079979121685028,9.86682152870344e-07,0.002352916169911623,0.6804176568984985,0.0,0.0,1.1866073608398438,0.3440118730068207,0.018366573378443718,0.3871065080165863,0.017288602888584137,0.6694967150688171,0.2781094014644623,0.014780490659177303,0.0006408533081412315,0.6015613675117493,1.0,0.0,0.7972721457481384,0.28510257601737976,0.0005078329122625291,0.018597042188048363,0.0,0.0,0.3437085747718811,0.04508952423930168,0.00010970983566949144,1.283441424369812,0.0,0.0
399,3.9025208950042725,0.3952011466026306,19.953702926635742,2.5388123989105225,0.7420307397842407,50.61185073852539,0.9507599472999573,0.9515477418899536,87.08,0.8993382453918457,0.031547047197818756,0.042516179382801056,11.588597297668457,0.0,0.0,0.3036838173866272,5.9886711824219674e-05,0.0029938104562461376,0.8038435578346252,0.0,0.0,1.024978518486023,0.3416380286216736,0.011913303285837173,0.11531703174114227,0.005571448709815741,0.1735200732946396,0.3037662208080292,0.0312616340816021,0.0002644226769916713,0.9003756046295166,1.0,0.0,0.9423761367797852,0.20079393684864044,0.0006399012636393309,0.021493669599294662,0.0,0.0,0.34239518642425537,0.065406434237957,3.710080636665225e-05,1.2919784784317017,0.0,0.0
400,2.7495861053466797,0.7818747758865356,14.864531517028809,5.709627628326416,0.6750829219818115,42.343536376953125,0.9777459502220154,0.9814264178276062,383.55,0.7984852194786072,0.0056140609085559845,0.07361015677452087,25.144309997558594,0.0,0.0,0.32875192165374756,1.5783754861331545e-05,0.00272653647698462,0.6410151720046997,0.0,0.0,1.0451040267944336,0.3573642075061798,0.01520152110606432,0.24958941340446472,0.012031433172523975,0.4295303225517273,0.29232820868492126,0.02302718721330166,0.0005057986709289253,0.7351527810096741,1.0,0.0,0.8856809735298157,0.2292756885290146,0.0005802915547974408,0.020367858931422234,0.0,0.0,0.3427736163139343,0.05614770948886871,7.34196073608473e-05,1.285555362701416,0.0,0.0
401,4.908495903015137,0.8573758602142334,15.399944305419922,6.630100250244141,0.5617787837982178,50.41923141479492,0.8956774473190308,0.8907223343849182,621.1,0.8554285764694214,0.011636901646852493,0.05063098669052124,24.9813175201416,0.0,0.0,0.34109142422676086,1.729767791402992e-05,0.002304746536538005,0.6153629422187805,0.0,0.0,1.1379708051681519,0.3670682907104492,0.017853418365120888,0.34236276149749756,0.016051700338721275,0.6081264019012451,0.2790137231349945,0.015054087154567242,0.0006314532947726548,0.5952697396278381,1.0,0.0,0.8460419774055481,0.24924130737781525,0.0005445846472866833,0.019548719748854637,0.0,0.0,0.344373494386673,0.05279400944709778,8.642430475447327e-05,1.285322666168213,0.0,0.0
402,3.92269229888916,0.5601306557655334,17.16269302368164,4.891639709472656,0.560481071472168,40.10639190673828,0.949120819568634,0.948930561542511,21.12,0.9959042072296143,0.01347048208117485,0.04474185034632683,14.901209831237793,0.0,0.0,0.3012337386608124,9.965193612515577e-07,0.0030839338432997465,0.731559157371521,0.0,0.0,1.1745660305023193,0.4016447961330414,0.017116336151957512,0.27289512753486633,0.013703861273825169,0.4622609317302704,0.28259924054145813,0.017190933227539062,0.0005720941117033362,0.6173328757286072,1.0,0.0,0.7873594164848328,0.2810417413711548,0.0005128984921611845,0.018323348835110664,0.0,0.0,0.345591276884079,0.05033029988408089,0.0001107328207581304,1.282599925994873,0.0,0.0
403,2.6877968311309814,0.08207359910011292,19.15699577331543,1.530515432357788,0.6047618389129639,47.24825668334961,0.8371254801750183,0.8389890789985657,265.34,0.8405098915100098,0.13736556470394135,0.025180716067552567,2.507317066192627,0.0,0.0,0.37255463004112244,0.00024266164109576494,0.0040564644150435925,0.9721569418907166,0.0,0.0,1.0841588973999023,0.3911736309528351,0.014009579084813595,0.1152677834033966,0.006550637539476156,0.16653452813625336,0.2919730544090271,0.023393569514155388,0.00028694202774204314,0.7535157203674316,1.0,0.0,0.8746715784072876,0.2197507619857788,0.0005890001193620265,0.020062925294041634,0.0,0.0,0.34569022059440613,0.06575366109609604,4.189419996691868e-05,1.28813898563385,0.0,0.0
404,3.460080862045288,0.4458545744419098,12.55449390411377,2.9765517711639404,0.5500109195709229,42.673683166503906,0.7509629726409912,0.7504417300224304,92.49,0.9693796038627625,0.029713895171880722,0.0421600304543972,11.53908920288086,0.0,0.0,0.30395618081092834,2.3772488930262625e-05,0.0031649658922106028,0.7872253656387329,0.0,0.0,1.215336799621582,0.3881705701351166,0.01532848458737135,0.20342780649662018,0.01004030555486679,0.31387051939964294,0.2799430191516876,0.017310675233602524,0.0003945079806726426,0.6639180779457092,1.0,0.0,0.8240212798118591,0.26634395122528076,0.0005325424135662615,0.019121600314974785,0.0,0.0,0.3455164432525635,0.04960448294878006,0.00011416172492317855,1.2817453145980835,0.0,0.0
405,1.4151182174682617,0.5640115141868591,16.630489349365234,6.250333786010742,0.4187001883983612,41.37120819091797,0.9576545357704163,0.9579417109489441,31.3,0.9076643586158752,0.014276847243309021,0.06393984705209732,11.559591293334961,0.0,0.0,0.32654428482055664,1.9373110262677073e-05,0.004087367095053196,0.745701789855957,0.0,0.0,1.2579946517944336,0.39040568470954895,0.019912222400307655,0.3838314116001129,0.01877140812575817,0.6801908016204834,0.26636701822280884,0.009297804906964302,0.0007646438316442072,0.4615553319454193,1.0,0.0,0.7819297909736633,0.27865707874298096,0.0005007582367397845,0.01849578507244587,0.0,0.0,0.3488743007183075,0.0487835556268692,9.093093103729188e-05,1.2895145416259766,0.0,0.0
406,3.602419853210449,0.6773146986961365,28.16060447692871,2.097125291824341,0.4251825511455536,57.85063934326172,0.9222285747528076,0.9210103750228882,143.42,0.9202319383621216,0.004755952395498753,0.05810702219605446,14.004486083984375,0.0,0.0,0.32263240218162537,1.221608499690774e-06,0.002953826216980815,0.6980888247489929,0.0,0.0,1.2004276514053345,0.48353588581085205,0.015797490254044533,0.167964369058609,0.01056255679577589,0.2676594853401184,0.27637213468551636,0.013760027475655079,0.0005290914559736848,0.5347368121147156,1.0,0.0,0.8702806234359741,0.22799527645111084,0.0005839348305016756,0.020515866577625275,0.0,0.0,0.35072851181030273,0.05842863395810127,5.22619993716944e-05,1.2888587713241577,0.0,0.0
407,3.728684186935425,0.7014017105102539,14.912565231323242,8.517707824707031,0.637018084526062,58.72571563720703,0.9840797781944275,0.978576123714447,571.51,0.8687741756439209,0.006752113811671734,0.05631726235151291,18.209142684936523,0.0,0.0,0.3130039572715759,8.976738854471478e-07,0.0019382174359634519,0.6772648692131042,0.0,0.0,1.0825368165969849,0.32423698902130127,0.01772008277475834,0.359036386013031,0.016816403716802597,0.6391615271568298,0.28695836663246155,0.018085727468132973,0.0006586750969290733,0.6441466212272644,1.0,0.0,0.8353687524795532,0.27021875977516174,0.0005314506706781685,0.01946982368826866,0.0,0.0,0.34209156036376953,0.04262781888246536,0.0001299656432820484,1.2761685848236084,0.0,0.0
408,4.0463128089904785,0.654396653175354,20.048906326293945,3.104543447494507,0.7424294948577881,58.77070617675781,0.9897672533988953,0.9899030923843384,13.86,0.8337235450744629,0.003316940274089575,0.05986851826310158,21.43220329284668,0.0,0.0,0.3056231737136841,4.67479685539729e-06,0.0024037554394453764,0.687330424785614,0.0,0.0,1.0073212385177612,0.3467094302177429,0.01213865727186203,0.13351121544837952,0.006524187512695789,0.20796823501586914,0.303067147731781,0.030745288357138634,0.00030653353314846754,0.8823542594909668,1.0,0.0,0.9742205142974854,0.193767249584198,0.0006597793544642627,0.022311819717288017,0.0,0.0,0.34192442893981934,0.06228451058268547,4.212350904708728e-05,1.2906899452209473,0.0,0.0
409,5.315510272979736,0.16948340833187103,15.186617851257324,4.621544361114502,0.6383073925971985,53.7446174621582,0.8897242546081543,0.8903697729110718,81.49,1.03046715259552,0.11076416075229645,0.018445584923028946,4.26317024230957,0.0,0.0,0.3130936324596405,7.527213165303692e-05,0.0033888518810272217,0.9258004426956177,0.0,0.0,1.1700670719146729,0.36160001158714294,0.015962984412908554,0.2332482635974884,0.010803903453052044,0.3848086893558502,0.2904139757156372,0.02127845585346222,0.00044700392754748464,0.716948390007019,1.0,0.0,0.7972172498703003,0.2741687297821045,0.0005206442438066006,0.018329575657844543,0.0,0.0,0.3436806797981262,0.05206102132797241,0.00010933765588561073,1.2834666967391968,0.0,0.0
410,4.354329586029053,0.9134319424629211,10.69404411315918,6.3027729988098145,0.6642510294914246,54.459659576416016,0.728449285030365,0.7354030609130859,1298.06,0.7422109246253967,0.01663823425769806,0.06293436139822006,30.52300262451172,0.0,0.0,0.3504701554775238,1.5445582903339528e-05,0.001588150393217802,0.6040833592414856,0.0,0.0,1.0975664854049683,0.3228055536746979,0.015430865809321404,0.295818030834198,0.012337854132056236,0.4741753339767456,0.2864493131637573,0.020474707707762718,0.00047000902122817934,0.7280547022819519,1.0,0.0,0.8927293419837952,0.2417714148759842,0.0005606086924672127,0.020612534135580063,0.0,0.0,0.34181827306747437,0.043897081166505814,0.0001409149554092437,1.272607684135437,0.0,0.0
411,1.2437583208084106,0.6322171688079834,13.650629997253418,2.961106538772583,0.7427038550376892,48.53620529174805,0.8902623057365417,0.8897566795349121,63.83,0.7191776633262634,0.003923915792256594,0.09792856127023697,21.366744995117188,0.0,0.0,0.32882264256477356,6.753730121999979e-05,0.00258301617577672,0.7000178694725037,0.0,0.0,1.0034408569335938,0.3469265103340149,0.011553608812391758,0.13231654465198517,0.00619343901053071,0.1989510953426361,0.30012428760528564,0.03080175630748272,0.00027613964630290866,0.8982471227645874,1.0,0.0,0.9517813920974731,0.20195730030536652,0.0006310729659162462,0.02180318720638752,0.0,0.0,0.34174254536628723,0.05984023958444595,6.14202072029002e-05,1.2853924036026,0.0,0.0
412,5.523065567016602,0.5762001276016235,18.106464385986328,6.5550947189331055,0.44827738404273987,43.956329345703125,0.9190263748168945,0.9212161302566528,258.65,1.065401554107666,0.016061801463365555,0.03387949988245964,12.978873252868652,0.0,0.0,0.297233521938324,1.0972114523610799e-06,0.0030471854843199253,0.7233003973960876,0.0,0.0,1.3000493049621582,0.38640397787094116,0.01985212415456772,0.39514315128326416,0.01836765557527542,0.6850184798240662,0.26879972219467163,0.010057507082819939,0.0007338147843256593,0.4848867952823639,1.0,0.0,0.7563469409942627,0.30448225140571594,0.00048267957754433155,0.01782403141260147,0.0,0.0,0.3477533161640167,0.04559763893485069,9.979929745895788e-05,1.2865983247756958,0.0,0.0
413,5.786187171936035,0.45141544938087463,17.62812614440918,3.50361704826355,0.4305761754512787,53.13691329956055,0.8161787390708923,0.8212437033653259,755.65,1.0924757719039917,0.029957402497529984,0.030059313401579857,8.887951850891113,0.0,0.0,0.2914539575576782,1.0684716471587308e-06,0.0033242180943489075,0.7779369950294495,0.0,0.0,1.294960856437683,0.42548829317092896,0.016942860558629036,0.2537463903427124,0.012951084412634373,0.4233994483947754,0.2696130573749542,0.010908335447311401,0.0005463733104988933,0.5246639847755432,1.0,0.0,0.772691011428833,0.29796189069747925,0.0004974182229489088,0.018142053857445717,0.0,0.0,0.34825941920280457,0.04645819216966629,0.00011395125329727307,1.2818882465362549,0.0,0.0
414,2.1796486377716064,0.7605195045471191,13.906519889831543,2.3811209201812744,0.6309624314308167,44.97500228881836,0.8086230754852295,0.8142343759536743,852.25,0.7406278848648071,0.0038064178079366684,0.08732733875513077,25.163354873657227,0.0,0.0,0.3325059711933136,2.6255971533828415e-05,0.00298489723354578,0.6521995663642883,0.0,0.0,1.0622632503509521,0.37719282507896423,0.013361891731619835,0.14965897798538208,0.007776340004056692,0.22192718088626862,0.28949761390686035,0.023273427039384842,0.0003233028401155025,0.7690616846084595,1.0,0.0,0.9385585188865662,0.20972979068756104,0.0006194269517436624,0.021568797528743744,0.0,0.0,0.3440605401992798,0.058480095118284225,6.0969054175075144e-05,1.2840789556503296,0.0,0.0
415,4.016633033752441,0.3489075005054474,14.034621238708496,9.13919734954834,0.7316234707832336,51.0118293762207,0.9960947036743164,0.9966758489608765,58.54,0.9865186214447021,0.050841521471738815,0.03361945226788521,9.677724838256836,0.0,0.0,0.3003087341785431,3.6902445572195575e-05,0.002876551356166601,0.8407029509544373,0.0,0.0,1.1011097431182861,0.32583969831466675,0.016171928495168686,0.3103964626789093,0.01372259110212326,0.5400774478912354,0.2969381809234619,0.024269873276352882,0.0005535528180189431,0.751042366027832,1.0,0.0,0.8077440857887268,0.2760182321071625,0.0005250805406831205,0.01859939470887184,0.0,0.0,0.3414347767829895,0.0486442968249321,0.00010827851656358689,1.2835427522659302,0.0,0.0
416,4.971850872039795,0.39484068751335144,14.27517318725586,7.706630229949951,0.5539894104003906,56.72008514404297,0.8928351998329163,0.8942891955375671,182.1,1.0664947032928467,0.0461578294634819,0.02787517011165619,9.145913124084473,0.0,0.0,0.2898358106613159,8.781431688476005e-07,0.002801695605739951,0.8076326847076416,0.0,0.0,1.2220035791397095,0.3336550295352936,0.019183089956641197,0.3925124406814575,0.017691800370812416,0.6827288866043091,0.2781447768211365,0.013764388859272003,0.0006723347469232976,0.5746840834617615,1.0,0.0,0.7431911826133728,0.3306020200252533,0.0004681017599068582,0.01741041988134384,0.0,0.0,0.34375858306884766,0.03949710726737976,0.00013057392789050937,1.2767460346221924,0.0,0.0
417,5.387659549713135,0.7484056353569031,19.281410217285156,3.1894381046295166,0.7386095523834229,55.891517639160156,0.9376096129417419,0.9382082223892212,68.05,0.812434196472168,0.0012083882465958595,0.05406972020864487,26.121715545654297,0.0,0.0,0.31192827224731445,8.856807198753813e-07,0.002149042207747698,0.6516194343566895,0.0,0.0,1.0092979669570923,0.3491199016571045,0.01207184512168169,0.13919545710086823,0.006673034746199846,0.2151898443698883,0.3015935719013214,0.029857397079467773,0.0003115400322712958,0.8776949048042297,1.0,0.0,0.9889864921569824,0.19109375774860382,0.0006676284247078001,0.022664401680231094,0.0,0.0,0.342225581407547,0.06185680255293846,4.1328370571136475e-05,1.2909486293792725,0.0,0.0
418,3.3666107654571533,0.4745893180370331,16.209854125976562,2.9580743312835693,0.7609137296676636,57.946407318115234,0.8992703557014465,0.8978108167648315,180.78,0.8444244265556335,0.019668206572532654,0.05420072376728058,15.234894752502441,0.0,0.0,0.30505576729774475,4.67955251224339e-05,0.0027042587753385305,0.7701287269592285,0.0,0.0,1.0168989896774292,0.33178722858428955,0.011524544097483158,0.12475679814815521,0.005592913366854191,0.184783473610878,0.30320286750793457,0.03178626671433449,0.00026294298004359007,0.9192447066307068,1.0,0.0,0.9414037466049194,0.20770183205604553,0.0006299347151070833,0.02151748165488243,0.0,0.0,0.34158840775489807,0.05916643887758255,5.851056630490348e-05,1.285418152809143,0.0,0.0
419,4.567399024963379,0.32392486929893494,15.988058090209961,3.944655418395996,0.4906454086303711,55.46711349487305,0.8533836603164673,0.8517890572547913,219.37,1.0609303712844849,0.06021905690431595,0.02592385560274124,6.24080753326416,0.0,0.0,0.30110231041908264,2.9174259907449596e-05,0.0035826880484819412,0.8405368328094482,0.0,0.0,1.2374943494796753,0.3906034231185913,0.017045455053448677,0.2572272717952728,0.012901440262794495,0.434783011674881,0.2755468785762787,0.013291115872561932,0.0005335342139005661,0.5710789561271667,1.0,0.0,0.7733351588249207,0.2986978590488434,0.0004962743842042983,0.018028471618890762,0.0,0.0,0.3461841344833374,0.045815084129571915,0.00012428051559254527,1.278612494468689,0.0,0.0
420,4.26784610748291,0.16007138788700104,22.471040725708008,3.7292795181274414,0.5073116421699524,50.9752311706543,0.9990254640579224,1.0010123252868652,198.68,1.0540004968643188,0.1033482551574707,0.01771746389567852,2.876577854156494,0.0,0.0,0.3280457556247711,0.00012289734149817377,0.004244030453264713,0.9267092943191528,0.0,0.0,1.2049083709716797,0.40707579255104065,0.017311738803982735,0.22863982617855072,0.012397525832057,0.3974820673465729,0.28196126222610474,0.015563731081783772,0.0005565237952396274,0.5761216878890991,1.0,0.0,0.7798668146133423,0.2766791880130768,0.0005135819083079696,0.0181659534573555,0.0,0.0,0.34737786650657654,0.05372316390275955,8.308554970426485e-05,1.2860686779022217,0.0,0.0
421,5.528265476226807,0.24571268260478973,35.10981750488281,1.5281630754470825,0.5825851559638977,47.01289749145508,0.9687744975090027,0.9688382148742676,6.79,1.0358312129974365,0.09085795283317566,0.025519829243421555,4.500729084014893,0.0,0.0,0.306888610124588,6.0354886954883114e-05,0.0030806628055870533,0.8942044377326965,0.0,0.0,1.0917867422103882,0.4032362699508667,0.014173020608723164,0.11948172003030777,0.007531384471803904,0.17449192702770233,0.29420775175094604,0.02214352786540985,0.00037843649624846876,0.7113382816314697,1.0,0.0,0.7921493053436279,0.28975844383239746,0.0005108682671561837,0.018322795629501343,0.0,0.0,0.34583592414855957,0.04374048113822937,0.0001911746949190274,1.256134033203125,0.0,0.0
422,5.1436614990234375,0.47839879989624023,18.326068878173828,3.6808581352233887,0.5207797884941101,59.29600524902344,0.892937183380127,0.8933863639831543,56.31,1.0320467948913574,0.024020861834287643,0.03433522209525108,10.116293907165527,0.0,0.0,0.2932072877883911,9.826013638303266e-07,0.0029836802277714014,0.7652926445007324,0.0,0.0,1.1939165592193604,0.39687833189964294,0.01643681712448597,0.23287034034729004,0.012229294516146183,0.3912070095539093,0.28000640869140625,0.015244926325976849,0.0005234126001596451,0.6010429859161377,1.0,0.0,0.8036899566650391,0.28122618794441223,0.0005217197467572987,0.018774062395095825,0.0,0.0,0.3457895517349243,0.04649526998400688,0.0001206260931212455,1.2795650959014893,0.0,0.0
423,5.782264709472656,0.780175507068634,28.638681411743164,2.6976568698883057,0.49395787715911865,50.8858757019043,0.980592668056488,0.9792242050170898,142.52,0.9091699123382568,0.005175506230443716,0.0474078394472599,16.872642517089844,0.0,0.0,0.3286925256252289,9.011981092044152e-06,0.002630328992381692,0.6477652192115784,0.0,0.0,1.1345723867416382,0.4432271122932434,0.01583307608962059,0.18522176146507263,0.01115787960588932,0.30583542585372925,0.28230640292167664,0.01613636314868927,0.0005427838768810034,0.5821012258529663,1.0,0.0,0.8636412024497986,0.23755434155464172,0.0005678593879565597,0.02020351029932499,0.0,0.0,0.3482833802700043,0.05321420729160309,8.698761666892096e-05,1.2791738510131836,0.0,0.0
424,5.833160400390625,0.9463752508163452,19.200931549072266,2.3734683990478516,0.45822110772132874,44.11486053466797,0.7834357619285583,0.780901312828064,414.27,0.7928363084793091,0.01727169193327427,0.0519837811589241,24.745603561401367,0.0,0.0,0.3731784522533417,6.8021567130927e-05,0.0023413863964378834,0.5896506309509277,0.0,0.0,1.1729401350021362,0.4597795605659485,0.015387504361569881,0.18850132822990417,0.010189390741288662,0.3021515905857086,0.2731591761112213,0.013638601638376713,0.0004431979323271662,0.5747802257537842,1.0,0.0,0.8811579942703247,0.2213040441274643,0.000574390112888068,0.020422430709004402,0.0,0.0,0.34893569350242615,0.060722507536411285,5.318258990882896e-05,1.2849535942077637,0.0,0.0
425,4.282894611358643,0.8752956986427307,19.401348114013672,3.6660573482513428,0.5237894058227539,49.436649322509766,0.9262113571166992,0.9264484643936157,27.63,0.8096452951431274,0.01126175094395876,0.060343652963638306,21.245569229125977,0.0,0.0,0.34858766198158264,1.906146644614637e-05,0.00277598574757576,0.6102339029312134,0.0,0.0,1.1152368783950806,0.4049059748649597,0.016200924292206764,0.22744622826576233,0.012109215371310711,0.3897976279258728,0.280315637588501,0.015909798443317413,0.0005236446158960462,0.6028908491134644,1.0,0.0,0.8903713822364807,0.22411686182022095,0.0005834148032590747,0.020690515637397766,0.0,0.0,0.3464756906032562,0.05692450702190399,5.7129738706862554e-05,1.2862579822540283,0.0,0.0
426,4.326991081237793,0.5707806348800659,11.517704963684082,8.207554817199707,0.43991243839263916,59.547855377197266,0.7771360874176025,0.7769531607627869,30.3,1.0217915773391724,0.022266432642936707,0.035011742264032364,12.785290718078613,0.0,0.0,0.29722514748573303,8.732009177947475e-07,0.0025363722816109657,0.7333950400352478,0.0,0.0,1.3096535205841064,0.31336984038352966,0.02046886272728443,0.4965313971042633,0.02107076346874237,0.8385887742042542,0.26169440150260925,0.007468907628208399,0.0007490349817089736,0.483014851808548,1.0,0.0,0.7061355710029602,0.3828030526638031,0.00042300031054764986,0.016781887039542198,0.0,0.0,0.344440758228302,0.030017124488949776,0.00016704609151929617,1.2651567459106445,0.0,0.0
427,5.3233642578125,0.6743194460868835,23.756610870361328,2.7524304389953613,0.4334545135498047,50.457157135009766,0.8970128893852234,0.9042940139770508,897.62,0.9724154472351074,0.0061533767729997635,0.043210335075855255,14.10360336303711,0.0,0.0,0.31321749091148376,1.1436480917836889e-06,0.0031361556611955166,0.6894807815551758,0.0,0.0,1.2214345932006836,0.4551812708377838,0.016255440190434456,0.20543915033340454,0.011777251027524471,0.33669736981391907,0.27407529950141907,0.012720566242933273,0.0005501721170730889,0.530611515045166,1.0,0.0,0.8305367827415466,0.25614237785339355,0.0005456431536003947,0.01956532523036003,0.0,0.0,0.3497415781021118,0.05207573622465134,8.214022091124207e-05,1.2839374542236328,0.0,0.0
428,2.9320549964904785,0.7084492444992065,16.18971824645996,4.126155853271484,0.7554411888122559,41.23392868041992,0.9782622456550598,0.9805183410644531,235.2,0.7793500423431396,0.002303300192579627,0.07380077987909317,25.24089241027832,0.0,0.0,0.31577590107917786,1.6172674804693088e-05,0.002731149550527334,0.6657150387763977,0.0,0.0,0.984144389629364,0.34482190012931824,0.012092751450836658,0.1612926572561264,0.007496601436287165,0.2603103220462799,0.3017802834510803,0.03012215346097946,0.0003501896862871945,0.8778457045555115,1.0,0.0,0.9456127882003784,0.20566947758197784,0.0006293157348409295,0.021533280611038208,0.0,0.0,0.34178590774536133,0.061199720948934555,5.333623994374648e-05,1.286001205444336,0.0,0.0
429,2.448328733444214,0.4374004304409027,21.505779266357422,4.800045490264893,0.4199123680591583,46.22445297241211,0.9888147115707397,0.9894987344741821,69.91,0.9929627776145935,0.029384087771177292,0.04595605283975601,7.379875183105469,0.0,0.0,0.31806355714797974,3.752212069230154e-05,0.004234079737216234,0.7958643436431885,0.0,0.0,1.251447319984436,0.4120258688926697,0.01866724342107773,0.3038998544216156,0.016041800379753113,0.5383057594299316,0.2708740234375,0.010570045560598373,0.0007146152202039957,0.4743070900440216,1.0,0.0,0.7842125296592712,0.2805388271808624,0.0005079762195236981,0.01849384419620037,0.0,0.0,0.3496263325214386,0.049886953085660934,9.006615437101573e-05,1.2860019207000732,0.0,0.0
430,5.027842998504639,0.6039211750030518,16.41230010986328,7.172930717468262,0.4488290548324585,42.973331451416016,0.8997223377227783,0.8973963856697083,288.08,1.078751802444458,0.014621034264564514,0.03457222878932953,15.163970947265625,0.0,0.0,0.3005167543888092,1.1443125913501717e-06,0.0030520064756274223,0.7129799723625183,0.0,0.0,1.3180925846099854,0.38507673144340515,0.020328575745224953,0.4263717234134674,0.019411906599998474,0.7425966262817383,0.2671729326248169,0.009625549428164959,0.0007503806846216321,0.4827668070793152,1.0,0.0,0.7455534934997559,0.30845627188682556,0.0004751557426061481,0.017530407756567,0.0,0.0,0.34739601612091064,0.04633089527487755,9.574947762303054e-05,1.288022756576538,0.0,0.0
431,2.5258710384368896,0.1957816332578659,14.248766899108887,4.25405740737915,0.6081116795539856,45.2786865234375,0.919944167137146,0.9130306839942932,823.1,0.920906126499176,0.09709937125444412,0.0318293534219265,4.294515132904053,0.0,0.0,0.34181565046310425,0.00014997007383499295,0.0038535946514457464,0.9119853377342224,0.0,0.0,1.1296414136886597,0.36378175020217896,0.015936417505145073,0.22749672830104828,0.011195015162229538,0.3849809169769287,0.28726914525032043,0.019936513155698776,0.00046037661377340555,0.6898517608642578,1.0,0.0,0.8076097369194031,0.2641248106956482,0.0005271270638331771,0.018645185977220535,0.0,0.0,0.3442002236843109,0.05353420972824097,9.775611397344619e-05,1.2841821908950806,0.0,0.0
432,5.455830097198486,0.35633838176727295,25.477771759033203,1.8671568632125854,0.75605309009552,52.414554595947266,0.9341796040534973,0.9332705140113831,104.27,0.9527173042297363,0.03596513718366623,0.0327959805727005,10.614433288574219,0.0,0.0,0.2941669523715973,4.059230559505522e-05,0.0028023552149534225,0.8272454738616943,0.0,0.0,1.033705711364746,0.34320715069770813,0.011342847719788551,0.09030937403440475,0.004374722950160503,0.12500962615013123,0.30738216638565063,0.03404606133699417,0.00021500029833987355,0.9383060932159424,1.0,0.0,0.9695315361022949,0.18855640292167664,0.0006654675235040486,0.022034335881471634,0.0,0.0,0.3423272669315338,0.06934788078069687,3.025837941095233e-05,1.294716477394104,0.0,0.0
433,3.176558017730713,0.8848587274551392,15.788131713867188,3.8506834506988525,0.6980709433555603,41.56093978881836,0.9328671097755432,0.9342693090438843,160.89,0.7277456521987915,0.012757015414536,0.07956662774085999,30.324947357177734,0.0,0.0,0.3453258275985718,2.3216320187202655e-05,0.0025834583211690187,0.6011664867401123,0.0,0.0,1.0175724029541016,0.359017938375473,0.013470214791595936,0.17941361665725708,0.008458472788333893,0.2880932688713074,0.2957789897918701,0.02646986022591591,0.0003711324243340641,0.80909663438797,1.0,0.0,0.9457150101661682,0.20258593559265137,0.0006250070291571319,0.02158607915043831,0.0,0.0,0.34284719824790955,0.06200426071882248,5.11599428136833e-05,1.2862019538879395,0.0,0.0
434,2.0908052921295166,0.12949100136756897,18.38355255126953,2.985076427459717,0.5933735370635986,53.44107437133789,0.9716423749923706,0.9726408123970032,105.65,0.8451536297798157,0.11354897171258926,0.03296855837106705,2.787309169769287,0.0,0.0,0.3681267201900482,0.0002311074495082721,0.003804820589721203,0.944918692111969,0.0,0.0,1.0893149375915527,0.3808092474937439,0.015413613989949226,0.17634300887584686,0.009436236694455147,0.29438892006874084,0.2893736660480499,0.02093455195426941,0.00040848643402568996,0.695655107498169,1.0,0.0,0.8475150465965271,0.23438352346420288,0.0005636003916151822,0.019578056409955025,0.0,0.0,0.34497618675231934,0.06004185602068901,5.4767973779235035e-05,1.2880803346633911,0.0,0.0
435,5.605893135070801,0.28422850370407104,20.402347564697266,3.702277898788452,0.43610432744026184,47.813934326171875,0.8981524109840393,0.8953412771224976,349.58,1.141654133796692,0.06637481600046158,0.022471187636256218,5.0762434005737305,0.0,0.0,0.2987050414085388,2.9349295800784603e-05,0.004000668413937092,0.8613455295562744,0.0,0.0,1.2903003692626953,0.4314955770969391,0.01751582697033882,0.25446265935897827,0.013302408158779144,0.4357061982154846,0.27251654863357544,0.011658291332423687,0.0005825761472806334,0.5173327922821045,1.0,0.0,0.7514365911483765,0.301039457321167,0.0004881999338977039,0.017600100487470627,0.0,0.0,0.3491087257862091,0.05030490458011627,0.00010631433542585,1.2840312719345093,0.0,0.0
436,5.549345016479492,0.7513235211372375,13.607840538024902,5.433877944946289,0.5113373398780823,56.47431564331055,0.7717092633247375,0.7684609293937683,547.75,0.9320147037506104,0.005634094588458538,0.04318634048104286,20.929353713989258,0.0,0.0,0.3187475800514221,9.475242563894426e-07,0.0024488279595971107,0.654248833656311,0.0,0.0,1.1640491485595703,0.3837924003601074,0.016989106312394142,0.3218124210834503,0.015537170693278313,0.5668120980262756,0.27285197377204895,0.012228944338858128,0.0006028114585205913,0.5727694630622864,1.0,0.0,0.7951390147209167,0.2893558442592621,0.000502026523463428,0.018470119684934616,0.0,0.0,0.34471526741981506,0.044311169534921646,0.00013818703882861882,1.2740432024002075,0.0,0.0
437,2.711622476577759,0.3473379611968994,14.420506477355957,8.106154441833496,0.5894365906715393,50.95976638793945,0.9879976511001587,0.9890812039375305,110.88,0.9804531335830688,0.05315727740526199,0.037726469337940216,7.680392265319824,0.0,0.0,0.3133150041103363,5.68810137338005e-05,0.003153089201077819,0.8319133520126343,0.0,0.0,1.1614989042282104,0.3328460156917572,0.019023576751351357,0.37467604875564575,0.01756596937775612,0.6704903841018677,0.2827468812465668,0.01612197607755661,0.0006823782459832728,0.5979471206665039,1.0,0.0,0.7651500105857849,0.2991020083427429,0.0004891137941740453,0.017883524298667908,0.0,0.0,0.34331291913986206,0.044048991054296494,0.00011198170250281692,1.282612681388855,0.0,0.0
438,3.8155267238616943,0.9425837993621826,17.92082977294922,1.8340866565704346,0.7404345273971558,49.12507247924805,0.8070041537284851,0.8084736466407776,225.23,0.6773204207420349,0.019198007881641388,0.08146712929010391,33.0781135559082,0.0,0.0,0.3554495573043823,2.6976675144396722e-05,0.0024286459665745497,0.5767582058906555,0.0,0.0,0.9523926973342896,0.34985971450805664,0.010829448699951172,0.09340857714414597,0.004376999568194151,0.12873679399490356,0.30174720287323,0.03151711821556091,0.0002050784241873771,0.9271380305290222,1.0,0.0,1.0454341173171997,0.16471605002880096,0.0007061209180392325,0.023674316704273224,0.0,0.0,0.34239527583122253,0.07256005704402924,2.4698058041394688e-05,1.2907408475875854,0.0,0.0
439,4.556638717651367,0.40840965509414673,16.15726089477539,5.536754131317139,0.5284900069236755,45.758426666259766,0.9148048758506775,0.9167059659957886,226.7,1.0298255681991577,0.03718936815857887,0.03094136342406273,8.711669921875,0.0,0.0,0.29462507367134094,2.224920308435685e-06,0.0032237754203379154,0.7997106313705444,0.0,0.0,1.217877745628357,0.36147060990333557,0.01819019764661789,0.3151850700378418,0.014955372549593449,0.5391395092010498,0.2782023847103119,0.014329388737678528,0.0005998878041282296,0.5761201977729797,1.0,0.0,0.779505729675293,0.2935686707496643,0.0005014333291910589,0.018337775021791458,0.0,0.0,0.3457238972187042,0.04510064795613289,0.00010481114441063255,1.2848035097122192,0.0,0.0
440,5.722501277923584,0.1529468148946762,15.040155410766602,5.529365062713623,0.5026423335075378,53.9921760559082,0.856955885887146,0.8595081567764282,346.51,1.1217011213302612,0.12539534270763397,0.014993823133409023,3.3262546062469482,0.0,0.0,0.3092651963233948,5.9398382290964946e-05,0.003740995889529586,0.9280800223350525,0.0,0.0,1.2850897312164307,0.36711186170578003,0.018589815124869347,0.32852908968925476,0.015069661661982536,0.5652830004692078,0.2751454710960388,0.01265006884932518,0.0005924597498960793,0.5569093823432922,1.0,0.0,0.7307839393615723,0.32550641894340515,0.0004638272221200168,0.01702340506017208,0.0,0.0,0.34573909640312195,0.044380199164152145,0.00011970836203545332,1.2804241180419922,0.0,0.0
441,5.649985313415527,0.19720953702926636,14.798418045043945,2.3743715286254883,0.7026246786117554,44.836727142333984,0.7410372495651245,0.7406643629074097,67.94,0.9868401885032654,0.09247950464487076,0.023584414273500443,6.185812950134277,0.0,0.0,0.3081601560115814,7.083240780048072e-05,0.0025981112848967314,0.9139831066131592,0.0,0.0,1.1144118309020996,0.36423537135124207,0.012522079050540924,0.12679187953472137,0.00583906564861536,0.18379004299640656,0.2974042594432831,0.027719557285308838,0.0002523548319004476,0.8629575371742249,1.0,0.0,0.8742889165878296,0.22569924592971802,0.000583107874263078,0.01984201930463314,0.0,0.0,0.34376096725463867,0.06360308080911636,5.3956464398652315e-05,1.2893486022949219,0.0,0.0
442,5.012518882751465,0.010792260989546776,13.75239086151123,7.059046268463135,0.46565747261047363,57.27227020263672,0.8892425298690796,0.8853112459182739,499.37,1.0785455703735352,0.22655081748962402,0.0034012924879789352,1.7824851274490356,0.0,0.0,0.34162652492523193,0.00010907231626333669,0.004074580501765013,1.0091744661331177,0.0,0.0,1.3254339694976807,0.32711562514305115,0.02052583359181881,0.4145287871360779,0.0177011638879776,0.7230533957481384,0.26946327090263367,0.009837091900408268,0.0006605246453545988,0.5054156184196472,1.0,0.0,0.6816709041595459,0.3692839443683624,0.0004190981562715024,0.016072046011686325,0.0,0.0,0.3454805910587311,0.03642852231860161,0.00013757222041022032,1.2751599550247192,0.0,0.0
443,1.1471134424209595,0.8206644058227539,13.472482681274414,7.69151496887207,0.5526591539382935,59.086570739746094,0.9728053212165833,0.9716044068336487,127.06,0.6840489506721497,0.005102057009935379,0.0996502935886383,19.508852005004883,0.0,0.0,0.3517281413078308,2.5685234504635446e-05,0.001524600200355053,0.6435669660568237,0.0,0.0,1.0689358711242676,0.324137419462204,0.018694380298256874,0.3842282295227051,0.018446732312440872,0.6843447685241699,0.2778853476047516,0.01423975545912981,0.000706210732460022,0.5671546459197998,1.0,0.0,0.847159206867218,0.25765299797058105,0.0005268895765766501,0.020053017884492874,0.0,0.0,0.3431600034236908,0.03963242098689079,0.00013862605555914342,1.2734185457229614,0.0,0.0
444,5.339877128601074,0.8575663566589355,14.236475944519043,9.906468391418457,0.708541214466095,56.3167610168457,0.9262398481369019,0.9254166483879089,96.04,0.8123785257339478,0.013220688328146935,0.05196153372526169,27.271455764770508,0.0,0.0,0.33864325284957886,2.8989492420805618e-05,0.0014715701108798385,0.6251341700553894,0.0,0.0,1.053186058998108,0.3215048909187317,0.0165173951536417,0.35020723938941956,0.015140405856072903,0.6173824667930603,0.2923264503479004,0.02170502208173275,0.0005807855050079525,0.7205286026000977,1.0,0.0,0.8827495574951172,0.23862408101558685,0.0005659195012412965,0.020293910056352615,0.0,0.0,0.3415798246860504,0.04964965209364891,0.00011272125993855298,1.281003475189209,0.0,0.0
445,4.756841659545898,0.4552968442440033,10.39150619506836,7.0727972984313965,0.5499538779258728,56.318973541259766,0.7171655297279358,0.7156444787979126,296.37,1.0642701387405396,0.03520242124795914,0.030326765030622482,10.5086088180542,0.0,0.0,0.2893948256969452,8.176762662515102e-07,0.0024986702483147383,0.7835325002670288,0.0,0.0,1.2448768615722656,0.3303600549697876,0.018247315660119057,0.3862554728984833,0.016885939985513687,0.6482270956039429,0.27461889386177063,0.013053253293037415,0.0006055943667888641,0.5938602089881897,1.0,0.0,0.7130927443504333,0.3650650680065155,0.00043718074448406696,0.016791097819805145,0.0,0.0,0.34305596351623535,0.032850369811058044,0.00016231313929893076,1.2665579319000244,0.0,0.0
446,3.683076858520508,0.8830915689468384,10.615885734558105,6.843921661376953,0.7386260032653809,49.3344841003418,0.7828235030174255,0.7831487655639648,53.05,0.7471240758895874,0.012346922419965267,0.06926412135362625,32.68924331665039,0.0,0.0,0.34190449118614197,1.420372700522421e-05,0.001739639788866043,0.6153837442398071,0.0,0.0,1.0451576709747314,0.32149532437324524,0.01386965624988079,0.26119622588157654,0.01079125702381134,0.4316355884075165,0.29419857263565063,0.025242460891604424,0.00042983837192878127,0.8095515966415405,1.0,0.0,0.9164477586746216,0.22422794997692108,0.0005881165852770209,0.021014349535107613,0.0,0.0,0.3412250280380249,0.051122862845659256,0.00011643760080914944,1.2805030345916748,0.0,0.0
447,2.110348701477051,0.02247650735080242,13.298588752746582,4.076560974121094,0.5672643184661865,49.17300796508789,0.8993416428565979,0.8944065570831299,613.53,0.8407551646232605,0.1865277737379074,0.01955031417310238,1.1318812370300293,0.0,0.0,0.39057862758636475,0.00024733759346418083,0.004170228727161884,1.011757493019104,0.0,0.0,1.1450023651123047,0.36145883798599243,0.016656426712870598,0.23614372313022614,0.011475259438157082,0.4009731709957123,0.2829563319683075,0.017636913806200027,0.00045719422632828355,0.650854766368866,1.0,0.0,0.7769145369529724,0.276782363653183,0.0004999652155674994,0.018111826851963997,0.0,0.0,0.34467020630836487,0.04935754835605621,0.00011455702770035714,1.2821881771087646,0.0,0.0
448,2.8414106369018555,0.8263972401618958,13.253460884094238,3.0806186199188232,0.6069136261940002,42.09511947631836,0.8056081533432007,0.8078098297119141,338.31,0.7845717072486877,0.007089605554938316,0.07601656019687653,25.881305694580078,0.0,0.0,0.33833491802215576,1.4185297004587483e-05,0.0029293789993971586,0.6294008493423462,0.0,0.0,1.0831224918365479,0.39026281237602234,0.014228037558495998,0.18499936163425446,0.00942308735102415,0.29692646861076355,0.28563931584358215,0.02057243511080742,0.00038132400368340313,0.7228823304176331,1.0,0.0,0.8917979001998901,0.2239801436662674,0.0005830515292473137,0.020549222826957703,0.0,0.0,0.3444828689098358,0.05758490040898323,7.114671461749822e-05,1.2842544317245483,0.0,0.0
449,1.4701780080795288,0.945082426071167,11.672019004821777,5.991381645202637,0.756960928440094,54.179264068603516,0.9317488670349121,0.9325766563415527,95.27,0.5975955724716187,0.021755322813987732,0.1183335930109024,32.90978240966797,0.0,0.0,0.3681686222553253,4.754405381390825e-05,0.0015590253751724958,0.5927456617355347,0.0,0.0,0.9854763150215149,0.32495376467704773,0.013278163969516754,0.22220100462436676,0.009470857679843903,0.357489675283432,0.2983001470565796,0.028549516573548317,0.00040439883014187217,0.841637134552002,1.0,0.0,0.9569547176361084,0.2077164351940155,0.0006166145903989673,0.021910112351179123,0.0,0.0,0.34056901931762695,0.052439745515584946,0.00010585216659819707,1.276577353477478,0.0,0.0
450,3.152606725692749,0.9712553024291992,13.538201332092285,5.044530868530273,0.7131061553955078,44.29584503173828,0.9001660943031311,0.8997047543525696,56.96,0.6843479871749878,0.024437731131911278,0.08235308527946472,35.34071350097656,0.0,0.0,0.3662118911743164,4.009516487712972e-05,0.0022235449869185686,0.5764405727386475,0.0,0.0,1.0021462440490723,0.34787607192993164,0.013593718409538269,0.21145428717136383,0.0096510024741292,0.35860493779182434,0.2948438227176666,0.0255246814340353,0.000408103980589658,0.8042426109313965,1.0,0.0,0.9484041333198547,0.20008927583694458,0.0006214195163920522,0.02161240391433239,0.0,0.0,0.3421704173088074,0.06213046982884407,5.0987240683753043e-05,1.2868207693099976,0.0,0.0
451,4.860863208770752,0.5451846718788147,15.282275199890137,6.639188289642334,0.46560895442962646,49.715084075927734,0.8725547790527344,0.8728729486465454,41.77,1.069143533706665,0.019584495574235916,0.033644694834947586,13.428915977478027,0.0,0.0,0.29521700739860535,1.0653996014298173e-06,0.0029984123539179564,0.7376911640167236,0.0,0.0,1.291017770767212,0.378082275390625,0.019495930522680283,0.3954637050628662,0.018201615661382675,0.687595009803772,0.2690388560295105,0.010362084954977036,0.000704077014233917,0.5060862898826599,1.0,0.0,0.7518852353096008,0.31244662404060364,0.00047874910524114966,0.01761440932750702,0.0,0.0,0.3463177978992462,0.04483442008495331,0.00010628518066368997,1.2846348285675049,0.0,0.0
452,2.3760464191436768,0.0863356813788414,12.939499855041504,4.311101913452148,0.704554557800293,46.74454116821289,0.9159085154533386,0.9180196523666382,251.08,0.82757568359375,0.1523950695991516,0.02685830555856228,2.405383586883545,0.0,0.0,0.37075912952423096,0.0002075597585644573,0.0035309535451233387,0.9771671891212463,0.0,0.0,1.082494854927063,0.3339976966381073,0.014147213660180569,0.1928195059299469,0.008656669408082962,0.3119334280490875,0.29620975255966187,0.026244930922985077,0.0003648326965048909,0.8102791905403137,1.0,0.0,0.8450831770896912,0.2425869256258011,0.0005527548491954803,0.019367944449186325,0.0,0.0,0.342463880777359,0.055716678500175476,8.978886035038158e-05,1.285094976425171,0.0,0.0
453,4.721668720245361,0.8726698756217957,17.937589645385742,2.652479648590088,0.44133543968200684,45.90431594848633,0.7970020771026611,0.7970650792121887,9.92,0.8404685258865356,0.01082194410264492,0.0548752024769783,22.46657371520996,0.0,0.0,0.35182511806488037,2.2212003386812285e-05,0.0030256612226366997,0.6181212067604065,0.0,0.0,1.199716329574585,0.45629647374153137,0.01579701155424118,0.2059367299079895,0.011092216707766056,0.33432769775390625,0.2710486650466919,0.01254195999354124,0.00047636512317694724,0.5535131692886353,1.0,0.0,0.8582862615585327,0.23558996617794037,0.0005595235852524638,0.019974883645772934,0.0,0.0,0.34892991185188293,0.05759549140930176,6.0640191804850474e-05,1.2852455377578735,0.0,0.0
454,2.248525381088257,0.7653771042823792,25.711009979248047,1.808447003364563,0.6503108143806458,51.8736686706543,0.9748483896255493,0.9751762747764587,34.49,0.733356237411499,0.0047785434871912,0.09401779621839523,21.27986717224121,0.0,0.0,0.33526650071144104,4.328478826209903e-05,0.0024370704777538776,0.6396524906158447,0.0,0.0,1.0130693912506104,0.38562843203544617,0.013320878148078918,0.11681784689426422,0.006598794367164373,0.17101536691188812,0.29810258746147156,0.027449030429124832,0.00030509356292895973,0.7940992712974548,1.0,0.0,1.0125354528427124,0.17448648810386658,0.0006876676925458014,0.023241108283400536,0.0,0.0,0.34432536363601685,0.06714979559183121,3.201810613973066e-05,1.2899788618087769,0.0,0.0
455,4.11889123916626,0.7065696120262146,21.83579444885254,1.5890026092529297,0.4326409101486206,58.33839797973633,0.7919963598251343,0.795600175857544,571.93,0.8939825296401978,0.004809117875993252,0.05609821900725365,15.444174766540527,0.0,0.0,0.32251644134521484,1.1383671107978444e-06,0.0030705055687576532,0.6813604831695557,0.0,0.0,1.2026562690734863,0.46787410974502563,0.015044203959405422,0.14781874418258667,0.00914925616234541,0.21910883486270905,0.27446895837783813,0.013799060136079788,0.0004321403393987566,0.5647935271263123,1.0,0.0,0.8827781081199646,0.2297685593366623,0.0005856022471562028,0.020704934373497963,0.0,0.0,0.34941065311431885,0.054971843957901,6.338303501252085e-05,1.2844593524932861,0.0,0.0
456,2.2764768600463867,0.3578784763813019,26.924884796142578,3.3783438205718994,0.4068944454193115,59.565940856933594,0.997136116027832,0.9976813197135925,54.8,0.9874172806739807,0.03696631267666817,0.045686863362789154,5.660704135894775,0.0,0.0,0.32946112751960754,9.462118032388389e-05,0.003505387809127569,0.8381235599517822,0.0,0.0,1.2554117441177368,0.45450344681739807,0.017513373866677284,0.23139487206935883,0.013254587538540363,0.40333521366119385,0.27327200770378113,0.011696738190948963,0.0006415073294192553,0.4856449067592621,1.0,0.0,0.823060154914856,0.2457912713289261,0.0005471583572216332,0.01939336583018303,0.0,0.0,0.35077419877052307,0.058005716651678085,4.990576780983247e-05,1.292749047279358,0.0,0.0
457,2.694598436355591,0.7983120679855347,12.80845832824707,2.31748628616333,0.7483823299407959,52.205257415771484,0.743413507938385,0.7436168193817139,36.78,0.7213414907455444,0.004864899441599846,0.08803313225507736,29.87616539001465,0.0,0.0,0.3305436670780182,1.829738903325051e-05,0.0024692921433597803,0.6349499821662903,0.0,0.0,0.9930209517478943,0.34579941630363464,0.010667416267096996,0.10968437045812607,0.004909110721200705,0.15321257710456848,0.2995700538158417,0.030873259529471397,0.00021938532881904393,0.9299465417861938,1.0,0.0,0.9752637147903442,0.19531524181365967,0.0006436832481995225,0.02218560501933098,0.0,0.0,0.3416193127632141,0.06008031219244003,6.15209573879838e-05,1.2813876867294312,0.0,0.0
458,3.1526691913604736,0.013720678165555,14.221272468566895,2.2092249393463135,0.658428430557251,57.58507537841797,0.817945122718811,0.8207978010177612,424.91,0.8417031168937683,0.2141892910003662,0.014393379911780357,1.3563737869262695,0.0,0.0,0.38283753395080566,0.0002149124920833856,0.003691365011036396,1.0149346590042114,0.0,0.0,1.0766083002090454,0.36595943570137024,0.013359307311475277,0.13196489214897156,0.0067096189595758915,0.19834230840206146,0.29392561316490173,0.02469554916024208,0.00027976345154456794,0.8063183426856995,1.0,0.0,0.8129298686981201,0.25585782527923584,0.0005346052930690348,0.018637070432305336,0.0,0.0,0.3433903455734253,0.056336067616939545,9.759481326909736e-05,1.2794692516326904,0.0,0.0
459,3.6228647232055664,0.1800510287284851,18.073619842529297,1.887121558189392,0.5810149908065796,43.28476333618164,0.8351406455039978,0.8340963125228882,149.92,0.9454177021980286,0.10349796712398529,0.02578268013894558,4.2779927253723145,0.0,0.0,0.3344193994998932,0.0001399684842908755,0.0038471000734716654,0.9182521104812622,0.0,0.0,1.1318031549453735,0.4052285850048065,0.014498872682452202,0.13695970177650452,0.007624473422765732,0.20500779151916504,0.2885158658027649,0.021182719618082047,0.0003314696659799665,0.7159295082092285,1.0,0.0,0.8340372443199158,0.24547085165977478,0.0005554143572226167,0.019162649288773537,0.0,0.0,0.3461240231990814,0.06034822762012482,6.243609823286533e-05,1.2840690612792969,0.0,0.0
460,1.8716650009155273,0.42429837584495544,13.276061058044434,6.642615795135498,0.7096306085586548,51.069313049316406,0.9957619905471802,0.9975053668022156,175.52,0.8582562208175659,0.030884668231010437,0.060148969292640686,11.152421951293945,0.0,0.0,0.3205162286758423,7.917366019682959e-05,0.0027634797152131796,0.7980909943580627,0.0,0.0,1.0544896125793457,0.33422479033470154,0.015166088938713074,0.2591305375099182,0.012129056267440319,0.4486900269985199,0.2953087091445923,0.024376634508371353,0.000506786338519305,0.760448694229126,1.0,0.0,0.8395360708236694,0.2560894191265106,0.0005465367576107383,0.019336795434355736,0.0,0.0,0.3414701521396637,0.05038079619407654,0.0001139606029028073,1.2815083265304565,0.0,0.0
461,3.0304203033447266,0.447529673576355,21.072921752929688,3.151280164718628,0.46846073865890503,41.9107780456543,0.9419296979904175,0.9416669607162476,29.62,0.9826931357383728,0.02951323240995407,0.045122627168893814,9.065585136413574,0.0,0.0,0.31272614002227783,3.811313945334405e-05,0.004079112783074379,0.789334237575531,0.0,0.0,1.2023563385009766,0.4345044791698456,0.016763942316174507,0.2172171026468277,0.012114864774048328,0.35969802737236023,0.2772563397884369,0.01425206195563078,0.0005474514910019934,0.5554900169372559,1.0,0.0,0.791071355342865,0.2747156322002411,0.0005167595227248967,0.018523845821619034,0.0,0.0,0.34891441464424133,0.05173409357666969,9.857358963927254e-05,1.280396819114685,0.0,0.0
462,1.4183413982391357,0.3127983510494232,22.130754470825195,1.7630641460418701,0.5681278705596924,52.09846115112305,0.9210900068283081,0.9196918606758118,165.05,0.8130691647529602,0.04922358691692352,0.0619531124830246,6.7245402336120605,0.0,0.0,0.34864145517349243,0.000187972720596008,0.003348426427692175,0.8484242558479309,0.0,0.0,1.1007219552993774,0.40947654843330383,0.01479734294116497,0.13261441886425018,0.00770817045122385,0.19855338335037231,0.28940916061401367,0.02191147208213806,0.0003481063467916101,0.6985701322555542,1.0,0.0,0.9134659767150879,0.20487961173057556,0.0006180402124300599,0.021100105717778206,0.0,0.0,0.34649354219436646,0.06588542461395264,3.5743498301599175e-05,1.2910892963409424,0.0,0.0
463,3.3139114379882812,0.7810726761817932,15.72012710571289,2.8620238304138184,0.7865183353424072,45.514617919921875,0.8655887842178345,0.8665479421615601,127.88,0.7310325503349304,0.0034776583779603243,0.07862895727157593,31.686893463134766,0.0,0.0,0.32226184010505676,1.1332417670928407e-05,0.0025379611179232597,0.6370353698730469,0.0,0.0,0.9772791266441345,0.3319210708141327,0.010380868799984455,0.11318736523389816,0.004645702429115772,0.16117452085018158,0.304528146982193,0.034265026450157166,0.00022985263785813004,0.9634104371070862,1.0,0.0,1.027454137802124,0.17653296887874603,0.0006904187030158937,0.02326616644859314,0.0,0.0,0.3414987325668335,0.06662700325250626,3.48883040715009e-05,1.2897076606750488,0.0,0.0
464,3.9387032985687256,0.7256374359130859,16.679004669189453,2.2605204582214355,0.5509938597679138,46.32368469238281,0.8049327731132507,0.8051019310951233,26.1,0.846481204032898,0.003809969639405608,0.06016102805733681,21.202678680419922,0.0,0.0,0.3194143772125244,1.0014605322794523e-06,0.0028439098969101906,0.6641380190849304,0.0,0.0,1.1281306743621826,0.42054644227027893,0.014607635326683521,0.16471126675605774,0.008999370969831944,0.24975739419460297,0.2828894555568695,0.01867372915148735,0.0003817290998995304,0.6744769811630249,1.0,0.0,0.8927066326141357,0.22914756834506989,0.000591740885283798,0.020636392757296562,0.0,0.0,0.3460838198661804,0.057060256600379944,6.24706590315327e-05,1.284198522567749,0.0,0.0
465,4.8449578285217285,0.050087958574295044,18.876022338867188,2.2180681228637695,0.4907110333442688,49.93766403198242,0.8451902270317078,0.8520528078079224,952.94,1.0294872522354126,0.16115039587020874,0.010141839273273945,1.7279455661773682,0.0,0.0,0.3460961580276489,0.0001635584922041744,0.00452130101621151,0.9890751242637634,0.0,0.0,1.2268080711364746,0.42791104316711426,0.015976151451468468,0.16995033621788025,0.009384327568113804,0.2711487412452698,0.27973487973213196,0.0155984191223979,0.0004088633577339351,0.6073236465454102,1.0,0.0,0.7814925312995911,0.27204838395118713,0.0005153355887159705,0.01810378022491932,0.0,0.0,0.348032683134079,0.05665786191821098,7.560842641396448e-05,1.2852509021759033,0.0,0.0
466,4.911025047302246,0.030687790364027023,10.491994857788086,7.971017837524414,0.5984295606613159,53.026527404785156,0.7964465022087097,0.7946745753288269,279.96,1.0775343179702759,0.2036963701248169,0.007506321184337139,2.1138412952423096,0.0,0.0,0.3389730155467987,0.00010729546920629218,0.0035226240288466215,1.01043701171875,0.0,0.0,1.2578529119491577,0.31635284423828125,0.01895994134247303,0.38540884852409363,0.015959899872541428,0.657538890838623,0.281208336353302,0.015804840251803398,0.0005670830141752958,0.6314141750335693,1.0,0.0,0.6901400685310364,0.358134388923645,0.0004281673755031079,0.01615999825298786,0.0,0.0,0.34304624795913696,0.03751892223954201,0.00013736053369939327,1.2752203941345215,0.0,0.0
467,3.4545459747314453,0.13392868638038635,13.228097915649414,6.7091240882873535,0.732886791229248,48.23594284057617,0.9604278206825256,0.9575991630554199,307.56,0.9281237721443176,0.12354069203138351,0.022244377061724663,3.631693124771118,0.0,0.0,0.33992600440979004,0.00013369711814448237,0.003403815906494856,0.9547211527824402,0.0,0.0,1.1046262979507446,0.32256007194519043,0.015075904317200184,0.25051382184028625,0.010818496346473694,0.42087942361831665,0.29798126220703125,0.026078978553414345,0.0004525264084804803,0.7932785749435425,1.0,0.0,0.8160402774810791,0.263706237077713,0.0005317548639141023,0.018754802644252777,0.0,0.0,0.34179672598838806,0.05177566781640053,0.00010376828868174925,1.2850863933563232,0.0,0.0
468,3.3188939094543457,0.3189603388309479,14.313884735107422,6.723377704620361,0.5594886541366577,43.406776428222656,0.9363503456115723,0.9301738142967224,709.16,1.0289555788040161,0.05979415401816368,0.030694838613271713,6.918374061584473,0.0,0.0,0.3094809353351593,4.996035931981169e-05,0.003535463474690914,0.8463885188102722,0.0,0.0,1.2220717668533325,0.3490385413169861,0.018883151933550835,0.34997886419296265,0.016038838773965836,0.6016620993614197,0.2800409197807312,0.015472779981791973,0.0006276751519180834,0.5901603102684021,1.0,0.0,0.7680649757385254,0.295744925737381,0.0004921189974993467,0.017942732200026512,0.0,0.0,0.34469175338745117,0.046008117496967316,0.00010521906369831413,1.2847312688827515,0.0,0.0
469,2.1902825832366943,0.3447689712047577,10.270102500915527,3.8940603733062744,0.71840500831604,46.239383697509766,0.7747473120689392,0.7739578485488892,131.66,0.8618919849395752,0.055321842432022095,0.051151350140571594,9.955123901367188,0.0,0.0,0.3242507874965668,9.272407623939216e-05,0.002714248141273856,0.8404702544212341,0.0,0.0,1.1127753257751465,0.3359277546405792,0.013036212883889675,0.17963922023773193,0.007760791108012199,0.27375465631484985,0.2951526939868927,0.02735196240246296,0.00031798321288079023,0.8469518423080444,1.0,0.0,0.8567260503768921,0.24653658270835876,0.0005530368653126061,0.019654586911201477,0.0,0.0,0.34188729524612427,0.050396520644426346,0.00011854049080284312,1.2802557945251465,0.0,0.0
470,2.9152631759643555,0.15979640185832977,16.557144165039062,1.7535676956176758,0.5648443698883057,43.87083053588867,0.7995666265487671,0.8017249703407288,336.7,0.9103633761405945,0.11109462380409241,0.028312798589468002,3.9608826637268066,0.0,0.0,0.34822577238082886,0.00017470748571213335,0.004078041762113571,0.9309937953948975,0.0,0.0,1.1368515491485596,0.41108834743499756,0.014528414234519005,0.13514931499958038,0.007580187637358904,0.20006312429904938,0.28623342514038086,0.02031591907143593,0.00032181618735194206,0.7043450474739075,1.0,0.0,0.8368831872940063,0.2408551275730133,0.0005557728582061827,0.019235318526625633,0.0,0.0,0.3463117778301239,0.060651715844869614,6.083343760110438e-05,1.2844080924987793,0.0,0.0
471,5.084930419921875,0.11638457328081131,23.042367935180664,2.0082545280456543,0.7495959401130676,55.800418853759766,0.9334186911582947,0.9335156083106995,11.12,0.9383519291877747,0.10608886927366257,0.016719302162528038,3.7661967277526855,0.0,0.0,0.33300352096557617,0.00014836204354651272,0.0034183398820459843,0.9575250744819641,0.0,0.0,1.052348256111145,0.3456505835056305,0.0118594104424119,0.09496182203292847,0.004595576785504818,0.1360812783241272,0.3065493702888489,0.03326405584812164,0.00021958233264740556,0.9254807233810425,1.0,0.0,0.9406479597091675,0.19009777903556824,0.0006479177973233163,0.0213468037545681,0.0,0.0,0.3428623378276825,0.07428138703107834,2.271678386023268e-05,1.2991544008255005,0.0,0.0
472,3.5799829959869385,0.6723906993865967,10.752704620361328,5.324393272399902,0.5187956690788269,54.15852737426758,0.7386294007301331,0.740127444267273,274.03,0.9139043688774109,0.006563881877809763,0.051768045872449875,17.250469207763672,0.0,0.0,0.3114670515060425,9.057866350303811e-07,0.002506151096895337,0.693122923374176,0.0,0.0,1.1949803829193115,0.3600037097930908,0.017052652314305305,0.32404911518096924,0.015120172873139381,0.539497971534729,0.272532194852829,0.012775997631251812,0.0005642467294819653,0.5868930816650391,1.0,0.0,0.7777034044265747,0.31148189306259155,0.0004833179118577391,0.01825649105012417,0.0,0.0,0.3439306616783142,0.03737732023000717,0.00015270478616002947,1.2693215608596802,0.0,0.0
473,2.610016107559204,0.30919116735458374,21.724058151245117,3.0565950870513916,0.49769389629364014,41.59236145019531,0.9721438884735107,0.9711146354675293,109.02,0.9669069647789001,0.0585588775575161,0.039750128984451294,5.633973598480225,0.0,0.0,0.32762178778648376,0.00010648600436979905,0.004481133073568344,0.8544106483459473,0.0,0.0,1.1587162017822266,0.42119136452674866,0.0164166446775198,0.20166073739528656,0.0115540511906147,0.34050899744033813,0.28109365701675415,0.015730945393443108,0.0005279954639263451,0.5845754742622375,1.0,0.0,0.7912893295288086,0.27199557423591614,0.0005182242020964622,0.0184592604637146,0.0,0.0,0.34826168417930603,0.05326078087091446,9.26366337807849e-05,1.2792354822158813,0.0,0.0
474,1.68674898147583,0.2128862887620926,12.944766998291016,6.389894008636475,0.5517926216125488,59.48490524291992,0.932956337928772,0.9348375201225281,215.69,0.8730496168136597,0.10154867172241211,0.039683837443590164,3.6396844387054443,0.0,0.0,0.3483331501483917,0.0001322776370216161,0.002997306641191244,0.9075961112976074,0.0,0.0,1.1472176313400269,0.3309858441352844,0.01839437335729599,0.3381676971912384,0.01587093248963356,0.5912633538246155,0.27910155057907104,0.014810184948146343,0.0006178207113407552,0.587260901927948,1.0,0.0,0.7553064227104187,0.31269749999046326,0.00046972723794169724,0.017748763784766197,0.0,0.0,0.3432542085647583,0.03834616765379906,0.0001531211892142892,1.2697383165359497,0.0,0.0
475,3.339386224746704,0.9301795959472656,19.237125396728516,3.203378677368164,0.5773298740386963,50.99482345581055,0.9466042518615723,0.9468733668327332,30.02,0.7217550277709961,0.016929659992456436,0.07854165136814117,23.997352600097656,0.0,0.0,0.3623126447200775,3.3772113965824246e-05,0.0026191980578005314,0.5903704166412354,0.0,0.0,1.0584019422531128,0.39235731959342957,0.015279038809239864,0.19125278294086456,0.0102646853774786,0.3187825679779053,0.2864748537540436,0.01957409270107746,0.0004483099328354001,0.6717342734336853,1.0,0.0,0.9408884644508362,0.20157867670059204,0.0006221395451575518,0.021737713366746902,0.0,0.0,0.34525996446609497,0.060760922729969025,4.411144618643448e-05,1.2871363162994385,0.0,0.0
476,4.594951152801514,0.19476795196533203,20.93836212158203,6.0595855712890625,0.4082522392272949,40.870216369628906,0.9808502793312073,0.9814727306365967,64.66,1.1532511711120605,0.10527266561985016,0.016128389164805412,3.2452502250671387,0.0,0.0,0.3140883445739746,5.678864908986725e-05,0.004663550760596991,0.9103009104728699,0.0,0.0,1.3307721614837646,0.3953568637371063,0.020226527005434036,0.37232109904289246,0.018149444833397865,0.6636397838592529,0.2680446207523346,0.009044964797794819,0.0007727426127530634,0.44803759455680847,1.0,0.0,0.7002102732658386,0.340669721364975,0.00044313824037089944,0.0165391992777586,0.0,0.0,0.3496679961681366,0.04392481595277786,0.00011690396058838814,1.2803109884262085,0.0,0.0
477,4.000820636749268,0.48471587896347046,17.101478576660156,1.9184025526046753,0.550213634967804,55.91823196411133,0.7890596985816956,0.789728581905365,107.34,0.9477144479751587,0.02269902639091015,0.044331736862659454,11.87850570678711,0.0,0.0,0.3022758662700653,1.869172956503462e-05,0.0031686355359852314,0.7638082504272461,0.0,0.0,1.1543782949447632,0.41122061014175415,0.014631318859755993,0.1478659063577652,0.0082865534350276,0.21959711611270905,0.283986896276474,0.018828369677066803,0.0003567626408766955,0.6812137961387634,1.0,0.0,0.8603953719139099,0.24370624125003815,0.0005678415182046592,0.01989561691880226,0.0,0.0,0.3456573188304901,0.05338507890701294,8.453209738945588e-05,1.2805027961730957,0.0,0.0
478,1.7485473155975342,0.7547466158866882,19.485219955444336,2.328518867492676,0.6535971164703369,50.361507415771484,0.955232560634613,0.9545970559120178,69.69,0.7091532945632935,0.0038220458664000034,0.09869103878736496,22.1981143951416,0.0,0.0,0.33721140027046204,4.903439912595786e-05,0.002824537456035614,0.6474741697311401,0.0,0.0,0.9942383170127869,0.3762887716293335,0.013284457847476006,0.13457341492176056,0.007437827065587044,0.20892338454723358,0.295492023229599,0.025701185688376427,0.0003326837613712996,0.7879210114479065,1.0,0.0,0.9785209894180298,0.18799060583114624,0.0006602240609936416,0.022484462708234787,0.0,0.0,0.34391534328460693,0.06545868515968323,3.4287688322365284e-05,1.2892811298370361,0.0,0.0
479,5.134428024291992,0.469888299703598,18.036815643310547,1.9987711906433105,0.6555408239364624,44.47318649291992,0.8116992712020874,0.8130544424057007,205.34,0.9418147802352905,0.019355878233909607,0.04006122052669525,13.883637428283691,0.0,0.0,0.2918415665626526,8.595899998908862e-06,0.002540386049076915,0.769317090511322,0.0,0.0,1.0902197360992432,0.3807389736175537,0.01307609397917986,0.12601932883262634,0.00653045391663909,0.18117061257362366,0.29449358582496643,0.02535150945186615,0.0002889859606511891,0.8049755096435547,1.0,0.0,0.9018145799636841,0.22302332520484924,0.0006046300986781716,0.020640546455979347,0.0,0.0,0.3444077670574188,0.060649096965789795,5.455276186694391e-05,1.286392331123352,0.0,0.0
480,5.4828948974609375,0.5122413039207458,14.716920852661133,7.965901851654053,0.5474083423614502,49.79341506958008,0.8865070939064026,0.8856163024902344,113.46,1.0603322982788086,0.022554615512490273,0.032552845776081085,13.705388069152832,0.0,0.0,0.288971483707428,9.65941694630601e-07,0.002699382835999131,0.7516006827354431,0.0,0.0,1.238663673400879,0.3444558084011078,0.01943567395210266,0.4077206552028656,0.018154697492718697,0.7095631957054138,0.2768346667289734,0.013454199768602848,0.0006842421134933829,0.5668256878852844,1.0,0.0,0.7668361067771912,0.3061503767967224,0.0004891445278190076,0.017904000356793404,0.0,0.0,0.34447869658470154,0.044591743499040604,0.00010560180817265064,1.284965991973877,0.0,0.0
481,2.666261672973633,0.5456275939941406,12.306398391723633,4.2580952644348145,0.7352314591407776,51.46393585205078,0.857513964176178,0.8500507473945618,1023.86,0.8464171290397644,0.01153984759002924,0.06342431902885437,17.829368591308594,0.0,0.0,0.3089698255062103,3.381403803359717e-05,0.0025860059540718794,0.7423165440559387,0.0,0.0,1.0471715927124023,0.33757492899894714,0.012562020681798458,0.17902027070522308,0.008125913329422474,0.2859770357608795,0.2976234555244446,0.027600634843111038,0.00035117825609631836,0.8541742563247681,1.0,0.0,0.88577800989151,0.23741985857486725,0.0005793127929791808,0.020265359431505203,0.0,0.0,0.34147316217422485,0.05312041938304901,0.00010432879935251549,1.2801854610443115,0.0,0.0
482,4.226044178009033,0.7862603068351746,15.114710807800293,2.42354416847229,0.44298478960990906,48.14568328857422,0.7309779524803162,0.7326922416687012,320.08,0.8619788885116577,0.005930519662797451,0.05590055137872696,21.157316207885742,0.0,0.0,0.3325117826461792,1.0825839353856281e-06,0.003144399495795369,0.6494835019111633,0.0,0.0,1.2141199111938477,0.4479482173919678,0.015438846312463284,0.19902920722961426,0.010617814026772976,0.3102395832538605,0.2697829306125641,0.012374529615044594,0.00043745565926656127,0.5670065879821777,1.0,0.0,0.849125862121582,0.24981926381587982,0.000551314908079803,0.019796106964349747,0.0,0.0,0.34809374809265137,0.05268409848213196,8.275394793599844e-05,1.2820783853530884,0.0,0.0
483,1.2798608541488647,0.438808798789978,10.867424964904785,3.023056745529175,0.5135539770126343,59.3897819519043,0.7586544156074524,0.7585412263870239,19.67,0.8131688237190247,0.03504134714603424,0.07050642371177673,8.988840103149414,0.0,0.0,0.33217093348503113,6.430646317312494e-05,0.0026779375039041042,0.8035181760787964,0.0,0.0,1.1730079650878906,0.37432295083999634,0.015640856698155403,0.21790385246276855,0.010943276807665825,0.33261629939079285,0.2754972279071808,0.015093915164470673,0.0004270136705599725,0.6255037784576416,1.0,0.0,0.7858673930168152,0.30517295002937317,0.0004851804405916482,0.018454959616065025,0.0,0.0,0.34400978684425354,0.03550296276807785,0.00018545483180787414,1.2591091394424438,0.0,0.0
484,3.2185137271881104,0.2866222858428955,14.229681015014648,2.452223300933838,0.6410486698150635,50.961212158203125,0.8050942420959473,0.8052481412887573,23.74,0.9159620404243469,0.0689288005232811,0.036671943962574005,7.61422872543335,0.0,0.0,0.3211277723312378,9.936238348018378e-05,0.0032665857579559088,0.8617016077041626,0.0,0.0,1.1209790706634521,0.37079286575317383,0.013769429177045822,0.14944449067115784,0.00751514732837677,0.22271728515625,0.29136401414871216,0.02366029843688011,0.0003147270472254604,0.7779850959777832,1.0,0.0,0.855747401714325,0.24467329680919647,0.0005641654133796692,0.01961703598499298,0.0,0.0,0.3437257707118988,0.05584895983338356,8.536439418094233e-05,1.2822694778442383,0.0,0.0
485,3.2511277198791504,0.15516020357608795,21.287904739379883,3.4834585189819336,0.5117056965827942,56.15174865722656,0.9895644187927246,0.9889581799507141,61.95,0.98773193359375,0.10140343755483627,0.022321267053484917,2.7710490226745605,0.0,0.0,0.3427577614784241,0.00016670387412887067,0.004077514633536339,0.9301057457923889,0.0,0.0,1.1865870952606201,0.404954195022583,0.016977889463305473,0.2176642119884491,0.0118314353749156,0.3762514591217041,0.2821112871170044,0.016041703522205353,0.0005266866064630449,0.5883424282073975,1.0,0.0,0.804962158203125,0.26021715998649597,0.0005320789641700685,0.018719807267189026,0.0,0.0,0.3469333350658417,0.0557527169585228,6.90302622388117e-05,1.2879486083984375,0.0,0.0
486,3.8031094074249268,0.06338164210319519,20.704280853271484,3.2558984756469727,0.5470362305641174,41.212764739990234,0.9837319850921631,0.9854358434677124,175.76,0.9802404642105103,0.1622237265110016,0.014940043911337852,1.7530261278152466,0.0,0.0,0.35532379150390625,0.00017403296078555286,0.004442283883690834,0.9847355484962463,0.0,0.0,1.1559474468231201,0.4047502875328064,0.016428882256150246,0.19928650557994843,0.010779427364468575,0.33565571904182434,0.28582775592803955,0.018122274428606033,0.00047957952483557165,0.6332529187202454,1.0,0.0,0.7666205167770386,0.2813880145549774,0.0005021521938033402,0.0177414920181036,0.0,0.0,0.3468681573867798,0.054444439709186554,0.00010002870840253308,1.2797552347183228,0.0,0.0
487,4.5828657150268555,0.9236558079719543,20.896209716796875,2.740507125854492,0.6083298921585083,72.59593963623047,0.935602068901062,0.9343012571334839,148.81,0.741096556186676,0.014895973727107048,0.06955994665622711,22.092647552490234,0.0,0.0,0.3566582500934601,1.5955500202835537e-05,0.0013723366428166628,0.5966200232505798,0.0,0.0,1.0209753513336182,0.37997668981552124,0.014104901812970638,0.16238532960414886,0.009059724397957325,0.26511460542678833,0.2903670370578766,0.021209288388490677,0.0004107628483325243,0.7178851962089539,1.0,0.0,0.9425992369651794,0.2088944911956787,0.0006111963884904981,0.021747490391135216,0.0,0.0,0.3437599539756775,0.05105873569846153,9.591742127668113e-05,1.2714868783950806,0.0,0.0
488,3.8570806980133057,0.29104042053222656,19.50388526916504,6.134018421173096,0.43622350692749023,54.78604507446289,0.9804573059082031,0.9787071943283081,182.38,1.1017895936965942,0.0643211230635643,0.02346566691994667,4.61887788772583,0.0,0.0,0.30898523330688477,4.1349721868755296e-05,0.003940100781619549,0.8576378226280212,0.0,0.0,1.290299415588379,0.37697023153305054,0.019770188257098198,0.3639014661312103,0.017908714711666107,0.6600428223609924,0.27027446031570435,0.00994254183024168,0.000751348037738353,0.47140905261039734,1.0,0.0,0.7496868968009949,0.3081933557987213,0.0004796793218702078,0.01764269918203354,0.0,0.0,0.3476127088069916,0.0454997792840004,0.00010223933350061998,1.2858082056045532,0.0,0.0
489,3.855905532836914,0.32917162775993347,14.388317108154297,7.947871685028076,0.6195656061172485,52.40679168701172,0.9642043113708496,0.9635106921195984,74.66,1.026129126548767,0.058975525200366974,0.029665417969226837,7.752888202667236,0.0,0.0,0.302754670381546,3.712572288350202e-05,0.003083511721342802,0.8420157432556152,0.0,0.0,1.163291573524475,0.3334134817123413,0.018298614770174026,0.35422441363334656,0.01628531515598297,0.6255092620849609,0.28586873412132263,0.017704052850604057,0.0006354838842526078,0.6346945762634277,1.0,0.0,0.765766441822052,0.3020397126674652,0.0004909146227873862,0.017808901146054268,0.0,0.0,0.3429017663002014,0.04459672048687935,0.00011494493810459971,1.281619668006897,0.0,0.0
490,5.940763473510742,0.661299467086792,19.266719818115234,3.9161202907562256,0.6068937182426453,43.74343490600586,0.9303061962127686,0.9321606755256653,213.85,0.9331699013710022,0.0019260557601228356,0.04426339641213417,19.72006607055664,0.0,0.0,0.30246394872665405,9.800673979043495e-07,0.0021678388584405184,0.6861323714256287,0.0,0.0,1.1083073616027832,0.39500561356544495,0.015153714455664158,0.21502232551574707,0.011100462637841702,0.3577231168746948,0.2883547842502594,0.020267101004719734,0.00048052979400381446,0.6895435452461243,1.0,0.0,0.859809160232544,0.2452412098646164,0.0005668776575475931,0.019886082038283348,0.0,0.0,0.34492969512939453,0.05466511845588684,7.991788152139634e-05,1.2847939729690552,0.0,0.0
491,2.857618570327759,0.6692947745323181,12.127039909362793,6.762701511383057,0.42313921451568604,50.17974853515625,0.819392204284668,0.8198177218437195,63.34,0.9484239816665649,0.009600590914487839,0.052085623145103455,15.869478225708008,0.0,0.0,0.3177212178707123,1.1084422339990851e-06,0.0029792834538966417,0.7003980278968811,0.0,0.0,1.289308786392212,0.3620869219303131,0.01961076259613037,0.42734625935554504,0.01934787444770336,0.7382504343986511,0.261845201253891,0.008059646934270859,0.0007167609292082489,0.478420227766037,1.0,0.0,0.7566338777542114,0.31306567788124084,0.00047187553718686104,0.017932066693902016,0.0,0.0,0.3463628590106964,0.03973793238401413,0.00011548057955224067,1.2818344831466675,0.0,0.0
492,3.4135148525238037,0.29379621148109436,16.778425216674805,4.498292446136475,0.5150490403175354,40.19060516357422,0.93181312084198,0.9326747059822083,99.14,1.0392498970031738,0.06822767108678818,0.030171772465109825,5.985043048858643,0.0,0.0,0.31478700041770935,6.679514626739547e-05,0.003982225898653269,0.860183596611023,0.0,0.0,1.2346410751342773,0.4001755118370056,0.017843147739768028,0.27338892221450806,0.013480092398822308,0.45945531129837036,0.2786259949207306,0.015176991932094097,0.0005616446724161506,0.5798641443252563,1.0,0.0,0.7662933468818665,0.28940361738204956,0.0004962208913639188,0.01784084551036358,0.0,0.0,0.34677788615226746,0.05016244947910309,0.00011084725701948628,1.2825100421905518,0.0,0.0
493,2.4749226570129395,0.5486992001533508,13.067282676696777,3.1465582847595215,0.713355541229248,48.57075881958008,0.8381536602973938,0.8431710004806519,709.96,0.8227266073226929,0.011625563725829124,0.06778810173273087,18.173337936401367,0.0,0.0,0.31196409463882446,4.222392090014182e-05,0.0027135536074638367,0.7376312017440796,0.0,0.0,1.0671379566192627,0.34566861391067505,0.012514791451394558,0.15272782742977142,0.007044723257422447,0.22799888253211975,0.2966592609882355,0.027933087199926376,0.00030396843794733286,0.8540563583374023,1.0,0.0,0.9119299054145813,0.22411449253559113,0.0006009543430991471,0.020873907953500748,0.0,0.0,0.3421976864337921,0.05573604628443718,8.183602767530829e-05,1.2831916809082031,0.0,0.0
494,4.228281497955322,0.48325231671333313,12.688739776611328,6.867825508117676,0.7472156882286072,52.85049057006836,0.8852635622024536,0.8838943839073181,174.98,0.94624263048172,0.020099958404898643,0.04208415746688843,15.617857933044434,0.0,0.0,0.29378974437713623,6.053126071492443e-06,0.002434119815006852,0.776969850063324,0.0,0.0,1.0856854915618896,0.33006832003593445,0.01410255953669548,0.24992750585079193,0.010792559944093227,0.4166129231452942,0.2977674603462219,0.026213550940155983,0.00045030296314507723,0.8124865293502808,1.0,0.0,0.8404607772827148,0.2629885673522949,0.0005460895481519401,0.019316863268613815,0.0,0.0,0.34131139516830444,0.04922528564929962,0.00011620614532148466,1.2808144092559814,0.0,0.0
495,1.9893889427185059,0.29484233260154724,14.524553298950195,2.916768789291382,0.5407796502113342,51.598487854003906,0.8554627299308777,0.855963408946991,68.38,0.8884761333465576,0.06561916321516037,0.04671400412917137,6.261701583862305,0.0,0.0,0.3365260064601898,0.00012265883560758084,0.0036611626856029034,0.8624275326728821,0.0,0.0,1.1503286361694336,0.398785799741745,0.015640102326869965,0.19467662274837494,0.01030799187719822,0.3156352937221527,0.2813820540904999,0.017378071323037148,0.00042511516949161887,0.6479000449180603,1.0,0.0,0.8160428404808044,0.2612844705581665,0.0005317415343597531,0.018943043425679207,0.0,0.0,0.3454011380672455,0.05228227376937866,0.00010057162580778822,1.2808548212051392,0.0,0.0
496,4.074865341186523,0.581825852394104,23.657920837402344,2.016521453857422,0.5181707739830017,50.729591369628906,0.9061836004257202,0.907167375087738,119.67,0.9515663385391235,0.00999689195305109,0.04930078238248825,13.299273490905762,0.0,0.0,0.3069275915622711,6.50988067718572e-06,0.003186511341482401,0.7234326004981995,0.0,0.0,1.146505355834961,0.440336674451828,0.015141314826905727,0.15264789760112762,0.009242706932127476,0.23770418763160706,0.2841738760471344,0.018037665635347366,0.00043092688429169357,0.632767379283905,1.0,0.0,0.8719159364700317,0.23034851253032684,0.0005835384363308549,0.020285166800022125,0.0,0.0,0.34764420986175537,0.05772877484560013,6.0777150793001056e-05,1.2852673530578613,0.0,0.0
497,4.474633693695068,0.6179085373878479,16.553451538085938,4.745143413543701,0.5815180540084839,52.999351501464844,0.9204652905464172,0.921201765537262,86.86,0.9419251680374146,0.00801466591656208,0.046292223036289215,16.414297103881836,0.0,0.0,0.30180594325065613,9.577823902873206e-07,0.002662895480170846,0.7052594423294067,0.0,0.0,1.1397554874420166,0.37999022006988525,0.01646622270345688,0.25886961817741394,0.012841758318245411,0.4396018981933594,0.2842247486114502,0.0177792776376009,0.0005329562118276954,0.6450614929199219,1.0,0.0,0.8402190208435059,0.25747987627983093,0.0005481596454046667,0.019511768594384193,0.0,0.0,0.34433308243751526,0.04973698779940605,0.00010288203338859603,1.282972812652588,0.0,0.0
498,5.076338291168213,0.7187077403068542,20.181093215942383,3.7883405685424805,0.6750184297561646,56.570289611816406,0.9930912256240845,0.9933695197105408,28.21,0.8651201725006104,0.0025707620661705732,0.051815591752529144,21.14413833618164,0.0,0.0,0.31012967228889465,9.53863377617381e-07,0.002284371294081211,0.6620371341705322,0.0,0.0,1.045003890991211,0.36776819825172424,0.01402350515127182,0.1808239370584488,0.009349141269922256,0.300156831741333,0.29603761434555054,0.024808811023831367,0.000418970943428576,0.7720237970352173,1.0,0.0,0.9304467439651489,0.21243520081043243,0.0006224651006050408,0.021448835730552673,0.0,0.0,0.34305834770202637,0.05767156928777695,5.5327138397842646e-05,1.2884178161621094,0.0,0.0
499,1.3144433498382568,0.7125412225723267,11.244930267333984,2.2823426723480225,0.5607287883758545,52.65229415893555,0.7322236895561218,0.7327335476875305,95.03,0.7262139320373535,0.0016942418878898025,0.09721563756465912,20.171611785888672,0.0,0.0,0.3374825119972229,3.0173185223247856e-05,0.0027445810846984386,0.6832591891288757,0.0,0.0,1.1139073371887207,0.39568841457366943,0.014083203859627247,0.16797128319740295,0.008996331132948399,0.24536292254924774,0.28088775277137756,0.01874091848731041,0.0003525323118083179,0.695207953453064,1.0,0.0,0.8812158107757568,0.24199840426445007,0.0005636799614876509,0.020472675561904907,0.0,0.0,0.3441993296146393,0.04639074578881264,0.00014419482613448054,1.271994948387146,0.0,0.0
