epoch,region,xs_idx,min,max,mean,std,frac_at_lower_clip,frac_at_upper_clip
1,CR,0,-0.03153,0.03026,-0.00658,0.01390,0.000,0.000
1,CR,1,-0.01768,0.04966,0.00387,0.01255,0.000,0.000
1,CR,2,-0.03585,0.03465,0.00868,0.01319,0.000,0.000
1,CR,3,-0.21450,0.01713,-0.05059,0.04293,0.000,0.000
1,CR,4,0.00000,0.00000,0.00000,0.00000,0.000,0.000
1,CR,5,0.00000,0.00000,0.00000,0.00000,0.000,0.000
1,CR,6,0.00000,0.00000,0.00000,0.00000,0.000,0.000
1,CR,7,-0.02359,0.01911,0.00055,0.00933,0.000,0.000
1,CR,8,-0.02429,0.16331,0.03139,0.03078,0.000,0.000
1,CR,9,0.00000,0.00000,0.00000,0.00000,0.000,0.000
1,CR,10,0.00000,0.00000,0.00000,0.00000,0.000,0.000
1,CR,11,0.00000,0.00000,0.00000,0.00000,0.000,0.000
1,Core,0,-0.02140,0.03334,0.01079,0.01108,0.000,0.000
1,Core,1,-0.10516,0.00914,-0.03900,0.02046,0.000,0.000
1,Core,2,-0.00257,0.03241,0.01311,0.00765,0.000,0.000
1,Core,3,-0.00620,0.03690,0.01377,0.00924,0.000,0.000
1,Core,4,-0.02917,0.00656,-0.01214,0.00772,0.000,0.000
1,Core,5,-0.03634,0.00602,-0.01369,0.00893,0.000,0.000
1,Core,6,0.00000,0.00000,0.00000,0.00000,0.000,0.000
1,Core,7,-0.00761,0.04408,0.01515,0.01151,0.000,0.000
1,Core,8,-0.03787,0.00497,-0.01743,0.00862,0.000,0.000
1,Core,9,0.00000,0.00000,0.00000,0.00000,0.000,0.000
1,Core,10,0.00000,0.00000,0.00000,0.00000,0.000,0.000
1,Core,11,0.00000,0.00000,0.00000,0.00000,0.000,0.000
1,Moderator,0,0.00131,0.07359,0.02928,0.01363,0.000,0.000
1,Moderator,1,-0.14556,0.02513,-0.04200,0.03261,0.000,0.000
1,Moderator,2,-0.00172,0.06559,0.02646,0.01287,0.000,0.000
1,Moderator,3,0.00229,0.07043,0.03006,0.01338,0.000,0.000
1,Moderator,4,0.00000,0.00000,0.00000,0.00000,0.000,0.000
1,Moderator,5,0.00000,0.00000,0.00000,0.00000,0.000,0.000
1,Moderator,6,0.00000,0.00000,0.00000,0.00000,0.000,0.000
1,Moderator,7,-0.08687,-0.00073,-0.03561,0.01380,0.000,0.000
1,Moderator,8,-0.00979,0.12546,0.05116,0.02593,0.000,0.000
1,Moderator,9,0.00000,0.00000,0.00000,0.00000,0.000,0.000
1,Moderator,10,0.00000,0.00000,0.00000,0.00000,0.000,0.000
1,Moderator,11,0.00000,0.00000,0.00000,0.00000,0.000,0.000
2,CR,0,-0.05020,0.03314,-0.01204,0.01775,0.000,0.000
2,CR,1,-0.02641,0.04381,-0.00088,0.01450,0.000,0.000
2,CR,2,-0.02367,0.04925,0.01738,0.01642,0.000,0.000
2,CR,3,-0.13493,0.02370,-0.03034,0.03400,0.000,0.000
2,CR,4,0.00000,0.00000,0.00000,0.00000,0.000,0.000
2,CR,5,0.00000,0.00000,0.00000,0.00000,0.000,0.000
2,CR,6,0.00000,0.00000,0.00000,0.00000,0.000,0.000
2,CR,7,-0.04027,0.02387,-0.00163,0.01228,0.000,0.000
2,CR,8,-0.07153,0.06276,0.00129,0.03028,0.000,0.000
2,CR,9,0.00000,0.00000,0.00000,0.00000,0.000,0.000
2,CR,10,0.00000,0.00000,0.00000,0.00000,0.000,0.000
2,CR,11,0.00000,0.00000,0.00000,0.00000,0.000,0.000
2,Core,0,-0.02931,0.05837,0.01920,0.01761,0.000,0.000
2,Core,1,-0.12804,0.09126,-0.03921,0.04361,0.000,0.000
2,Core,2,-0.00202,0.04986,0.01789,0.00945,0.000,0.000
2,Core,3,-0.00285,0.05116,0.01871,0.01120,0.000,0.000
2,Core,4,-0.04382,0.01753,-0.01659,0.01156,0.000,0.000
2,Core,5,-0.04860,0.00143,-0.01857,0.01032,0.000,0.000
2,Core,6,0.00000,0.00000,0.00000,0.00000,0.000,0.000
2,Core,7,-0.00795,0.05919,0.01961,0.01533,0.000,0.000
2,Core,8,-0.05775,0.01609,-0.02195,0.01381,0.000,0.000
2,Core,9,0.00000,0.00000,0.00000,0.00000,0.000,0.000
2,Core,10,0.00000,0.00000,0.00000,0.00000,0.000,0.000
2,Core,11,0.00000,0.00000,0.00000,0.00000,0.000,0.000
2,Moderator,0,-0.02272,0.08351,0.03202,0.02022,0.000,0.000
2,Moderator,1,-0.15105,0.06525,-0.04415,0.04453,0.000,0.000
2,Moderator,2,-0.02386,0.07454,0.02888,0.01935,0.000,0.000
2,Moderator,3,-0.03021,0.08376,0.03327,0.02088,0.000,0.000
2,Moderator,4,0.00000,0.00000,0.00000,0.00000,0.000,0.000
2,Moderator,5,0.00000,0.00000,0.00000,0.00000,0.000,0.000
2,Moderator,6,0.00000,0.00000,0.00000,0.00000,0.000,0.000
2,Moderator,7,-0.11364,0.05063,-0.04114,0.03068,0.000,0.000
2,Moderator,8,-0.05603,0.19153,0.06187,0.04852,0.000,0.000
2,Moderator,9,0.00000,0.00000,0.00000,0.00000,0.000,0.000
2,Moderator,10,0.00000,0.00000,0.00000,0.00000,0.000,0.000
2,Moderator,11,0.00000,0.00000,0.00000,0.00000,0.000,0.000
3,CR,0,-0.05016,0.04240,-0.01052,0.02142,0.000,0.000
3,CR,1,-0.04046,0.10154,0.00957,0.02672,0.000,0.000
3,CR,2,-0.03339,0.05944,0.01752,0.02135,0.000,0.000
3,CR,3,-0.27205,0.07342,-0.05329,0.07235,0.000,0.000
3,CR,4,0.00000,0.00000,0.00000,0.00000,0.000,0.000
3,CR,5,0.00000,0.00000,0.00000,0.00000,0.000,0.000
3,CR,6,0.00000,0.00000,0.00000,0.00000,0.000,0.000
3,CR,7,-0.06632,0.03054,-0.00552,0.01711,0.000,0.000
3,CR,8,-0.10831,0.11287,0.01092,0.04399,0.000,0.000
3,CR,9,0.00000,0.00000,0.00000,0.00000,0.000,0.000
3,CR,10,0.00000,0.00000,0.00000,0.00000,0.000,0.000
3,CR,11,0.00000,0.00000,0.00000,0.00000,0.000,0.000
3,Core,0,-0.03230,0.05970,0.02066,0.01895,0.000,0.000
3,Core,1,-0.16707,0.11860,-0.04420,0.05159,0.000,0.000
3,Core,2,0.00168,0.05069,0.02075,0.00857,0.000,0.000
3,Core,3,0.00338,0.05047,0.02042,0.00987,0.000,0.000
3,Core,4,-0.04263,0.01292,-0.01909,0.01036,0.000,0.000
3,Core,5,-0.04874,-0.00540,-0.02016,0.00877,0.000,0.000
3,Core,6,0.00000,0.00000,0.00000,0.00000,0.000,0.000
3,Core,7,-0.00254,0.05962,0.02205,0.01441,0.000,0.000
3,Core,8,-0.05796,0.01001,-0.02639,0.01346,0.000,0.000
3,Core,9,0.00000,0.00000,0.00000,0.00000,0.000,0.000
3,Core,10,0.00000,0.00000,0.00000,0.00000,0.000,0.000
3,Core,11,0.00000,0.00000,0.00000,0.00000,0.000,0.000
3,Moderator,0,-0.05539,0.11569,0.03725,0.03459,0.000,0.000
3,Moderator,1,-0.24449,0.11762,-0.05599,0.07221,0.000,0.000
3,Moderator,2,-0.05676,0.10705,0.03324,0.03340,0.000,0.000
3,Moderator,3,-0.05143,0.11197,0.03910,0.03244,0.000,0.000
3,Moderator,4,0.00000,0.00000,0.00000,0.00000,0.000,0.000
3,Moderator,5,0.00000,0.00000,0.00000,0.00000,0.000,0.000
3,Moderator,6,0.00000,0.00000,0.00000,0.00000,0.000,0.000
3,Moderator,7,-0.13281,0.07103,-0.04987,0.03726,0.000,0.000
3,Moderator,8,-0.10133,0.25438,0.08015,0.07008,0.000,0.000
3,Moderator,9,0.00000,0.00000,0.00000,0.00000,0.000,0.000
3,Moderator,10,0.00000,0.00000,0.00000,0.00000,0.000,0.000
3,Moderator,11,0.00000,0.00000,0.00000,0.00000,0.000,0.000
4,CR,0,-0.05444,0.05394,-0.00814,0.02498,0.000,0.000
4,CR,1,-0.06789,0.12166,0.01149,0.03681,0.000,0.000
4,CR,2,-0.04197,0.05830,0.01756,0.02363,0.000,0.000
4,CR,3,-0.22582,0.05994,-0.04248,0.06352,0.000,0.000
4,CR,4,0.00000,0.00000,0.00000,0.00000,0.000,0.000
4,CR,5,0.00000,0.00000,0.00000,0.00000,0.000,0.000
4,CR,6,0.00000,0.00000,0.00000,0.00000,0.000,0.000
4,CR,7,-0.08294,0.03969,-0.00966,0.02287,0.000,0.000
4,CR,8,-0.09727,0.08340,0.00771,0.03870,0.000,0.000
4,CR,9,0.00000,0.00000,0.00000,0.00000,0.000,0.000
4,CR,10,0.00000,0.00000,0.00000,0.00000,0.000,0.000
4,CR,11,0.00000,0.00000,0.00000,0.00000,0.000,0.000
4,Core,0,-0.04581,0.07106,0.02050,0.02405,0.000,0.000
4,Core,1,-0.15733,0.15413,-0.03070,0.06009,0.000,0.000
4,Core,2,-0.00664,0.04154,0.01929,0.01035,0.000,0.000
4,Core,3,0.00344,0.03997,0.01794,0.00740,0.000,0.000
4,Core,4,-0.04028,0.01635,-0.01750,0.01222,0.000,0.000
4,Core,5,-0.03805,-0.00552,-0.01754,0.00634,0.000,0.000
4,Core,6,0.00000,0.00000,0.00000,0.00000,0.000,0.000
4,Core,7,-0.00038,0.04889,0.02013,0.01141,0.000,0.000
4,Core,8,-0.05545,0.01670,-0.02468,0.01620,0.000,0.000
4,Core,9,0.00000,0.00000,0.00000,0.00000,0.000,0.000
4,Core,10,0.00000,0.00000,0.00000,0.00000,0.000,0.000
4,Core,11,0.00000,0.00000,0.00000,0.00000,0.000,0.000
4,Moderator,0,-0.07488,0.11433,0.03311,0.03860,0.000,0.000
4,Moderator,1,-0.25895,0.15245,-0.05404,0.08277,0.000,0.000
4,Moderator,2,-0.07522,0.10920,0.02970,0.03786,0.000,0.000
4,Moderator,3,-0.06890,0.10750,0.03431,0.03546,0.000,0.000
4,Moderator,4,0.00000,0.00000,0.00000,0.00000,0.000,0.000
4,Moderator,5,0.00000,0.00000,0.00000,0.00000,0.000,0.000
4,Moderator,6,0.00000,0.00000,0.00000,0.00000,0.000,0.000
4,Moderator,7,-0.13114,0.08701,-0.04159,0.04214,0.000,0.000
4,Moderator,8,-0.14038,0.26672,0.06813,0.08279,0.000,0.000
4,Moderator,9,0.00000,0.00000,0.00000,0.00000,0.000,0.000
4,Moderator,10,0.00000,0.00000,0.00000,0.00000,0.000,0.000
4,Moderator,11,0.00000,0.00000,0.00000,0.00000,0.000,0.000
5,CR,0,-0.05224,0.05969,-0.00378,0.02562,0.000,0.000
5,CR,1,-0.07814,0.16280,0.01912,0.04601,0.000,0.000
5,CR,2,-0.05158,0.05616,0.01495,0.02505,0.000,0.000
5,CR,3,-0.24607,0.06452,-0.04557,0.06732,0.000,0.000
5,CR,4,0.00000,0.00000,0.00000,0.00000,0.000,0.000
5,CR,5,0.00000,0.00000,0.00000,0.00000,0.000,0.000
5,CR,6,0.00000,0.00000,0.00000,0.00000,0.000,0.000
5,CR,7,-0.09807,0.03436,-0.01544,0.02319,0.000,0.000
5,CR,8,-0.10282,0.11935,0.01766,0.04463,0.000,0.000
5,CR,9,0.00000,0.00000,0.00000,0.00000,0.000,0.000
5,CR,10,0.00000,0.00000,0.00000,0.00000,0.000,0.000
5,CR,11,0.00000,0.00000,0.00000,0.00000,0.000,0.000
5,Core,0,-0.04649,0.07174,0.01962,0.02464,0.000,0.000
5,Core,1,-0.15018,0.18615,-0.02462,0.06706,0.000,0.000
5,Core,2,-0.00567,0.04579,0.01845,0.01053,0.000,0.000
5,Core,3,0.00105,0.04219,0.01634,0.00792,0.000,0.000
5,Core,4,-0.04036,0.01580,-0.01647,0.01191,0.000,0.000
5,Core,5,-0.03952,-0.00266,-0.01580,0.00681,0.000,0.000
5,Core,6,0.00000,0.00000,0.00000,0.00000,0.000,0.000
5,Core,7,-0.00277,0.05492,0.01922,0.01234,0.000,0.000
5,Core,8,-0.05521,0.01630,-0.02410,0.01620,0.000,0.000
5,Core,9,0.00000,0.00000,0.00000,0.00000,0.000,0.000
5,Core,10,0.00000,0.00000,0.00000,0.00000,0.000,0.000
5,Core,11,0.00000,0.00000,0.00000,0.00000,0.000,0.000
5,Moderator,0,-0.08578,0.12085,0.03339,0.04272,0.000,0.000
5,Moderator,1,-0.29287,0.17734,-0.05950,0.09528,0.000,0.000
5,Moderator,2,-0.08542,0.11556,0.02992,0.04195,0.000,0.000
5,Moderator,3,-0.07733,0.10531,0.03397,0.03800,0.000,0.000
5,Moderator,4,0.00000,0.00000,0.00000,0.00000,0.000,0.000
5,Moderator,5,0.00000,0.00000,0.00000,0.00000,0.000,0.000
5,Moderator,6,0.00000,0.00000,0.00000,0.00000,0.000,0.000
5,Moderator,7,-0.13415,0.09648,-0.03753,0.04637,0.000,0.000
5,Moderator,8,-0.16744,0.27504,0.06235,0.09356,0.000,0.000
5,Moderator,9,0.00000,0.00000,0.00000,0.00000,0.000,0.000
5,Moderator,10,0.00000,0.00000,0.00000,0.00000,0.000,0.000
5,Moderator,11,0.00000,0.00000,0.00000,0.00000,0.000,0.000
6,CR,0,-0.05342,0.06145,-0.00177,0.02631,0.000,0.000
6,CR,1,-0.06920,0.15405,0.01825,0.04354,0.000,0.000
6,CR,2,-0.05285,0.05319,0.01463,0.02437,0.000,0.000
6,CR,3,-0.22834,0.06559,-0.04217,0.06403,0.000,0.000
6,CR,4,0.00000,0.00000,0.00000,0.00000,0.000,0.000
6,CR,5,0.00000,0.00000,0.00000,0.00000,0.000,0.000
6,CR,6,0.00000,0.00000,0.00000,0.00000,0.000,0.000
6,CR,7,-0.09409,0.02425,-0.02025,0.02020,0.000,0.000
6,CR,8,-0.09806,0.11578,0.01895,0.04309,0.000,0.000
6,CR,9,0.00000,0.00000,0.00000,0.00000,0.000,0.000
6,CR,10,0.00000,0.00000,0.00000,0.00000,0.000,0.000
6,CR,11,0.00000,0.00000,0.00000,0.00000,0.000,0.000
6,Core,0,-0.04473,0.07532,0.02124,0.02571,0.000,0.000
6,Core,1,-0.14665,0.22294,-0.01823,0.07757,0.000,0.000
6,Core,2,-0.00496,0.04487,0.01931,0.01099,0.000,0.000
6,Core,3,0.00184,0.03995,0.01701,0.00827,0.000,0.000
6,Core,4,-0.04086,0.01720,-0.01685,0.01227,0.000,0.000
6,Core,5,-0.03701,-0.00358,-0.01640,0.00682,0.000,0.000
6,Core,6,0.00000,0.00000,0.00000,0.00000,0.000,0.000
6,Core,7,-0.00410,0.05420,0.02042,0.01360,0.000,0.000
6,Core,8,-0.05645,0.01935,-0.02448,0.01696,0.000,0.000
6,Core,9,0.00000,0.00000,0.00000,0.00000,0.000,0.000
6,Core,10,0.00000,0.00000,0.00000,0.00000,0.000,0.000
6,Core,11,0.00000,0.00000,0.00000,0.00000,0.000,0.000
6,Moderator,0,-0.09201,0.12849,0.03136,0.04556,0.000,0.000
6,Moderator,1,-0.31344,0.19843,-0.05811,0.10503,0.000,0.000
6,Moderator,2,-0.09120,0.12420,0.02802,0.04502,0.000,0.000
6,Moderator,3,-0.08121,0.10978,0.03169,0.03935,0.000,0.000
6,Moderator,4,0.00000,0.00000,0.00000,0.00000,0.000,0.000
6,Moderator,5,0.00000,0.00000,0.00000,0.00000,0.000,0.000
6,Moderator,6,0.00000,0.00000,0.00000,0.00000,0.000,0.000
6,Moderator,7,-0.14349,0.10508,-0.03569,0.05187,0.000,0.000
6,Moderator,8,-0.19954,0.31190,0.06478,0.11291,0.000,0.000
6,Moderator,9,0.00000,0.00000,0.00000,0.00000,0.000,0.000
6,Moderator,10,0.00000,0.00000,0.00000,0.00000,0.000,0.000
6,Moderator,11,0.00000,0.00000,0.00000,0.00000,0.000,0.000
7,CR,0,-0.05663,0.06439,0.00104,0.02853,0.000,0.000
7,CR,1,-0.08291,0.18001,0.02305,0.05406,0.000,0.000
7,CR,2,-0.05756,0.05576,0.01308,0.02537,0.000,0.000
7,CR,3,-0.22810,0.06547,-0.04293,0.06328,0.000,0.000
7,CR,4,0.00000,0.00000,0.00000,0.00000,0.000,0.000
7,CR,5,0.00000,0.00000,0.00000,0.00000,0.000,0.000
7,CR,6,0.00000,0.00000,0.00000,0.00000,0.000,0.000
7,CR,7,-0.10802,0.01602,-0.02551,0.02217,0.000,0.000
7,CR,8,-0.08796,0.12689,0.02406,0.04283,0.000,0.000
7,CR,9,0.00000,0.00000,0.00000,0.00000,0.000,0.000
7,CR,10,0.00000,0.00000,0.00000,0.00000,0.000,0.000
7,CR,11,0.00000,0.00000,0.00000,0.00000,0.000,0.000
7,Core,0,-0.04832,0.08332,0.02114,0.02832,0.000,0.000
7,Core,1,-0.14128,0.25227,-0.01092,0.08574,0.000,0.000
7,Core,2,-0.00582,0.04606,0.01914,0.01190,0.000,0.000
7,Core,3,-0.00285,0.03812,0.01605,0.00891,0.000,0.000
7,Core,4,-0.04279,0.01784,-0.01664,0.01278,0.000,0.000
7,Core,5,-0.03478,0.00015,-0.01531,0.00740,0.000,0.000
7,Core,6,0.00000,0.00000,0.00000,0.00000,0.000,0.000
7,Core,7,-0.01074,0.05389,0.02003,0.01435,0.000,0.000
7,Core,8,-0.05870,0.02084,-0.02446,0.01746,0.000,0.000
7,Core,9,0.00000,0.00000,0.00000,0.00000,0.000,0.000
7,Core,10,0.00000,0.00000,0.00000,0.00000,0.000,0.000
7,Core,11,0.00000,0.00000,0.00000,0.00000,0.000,0.000
7,Moderator,0,-0.10154,0.13104,0.03115,0.04896,0.000,0.000
7,Moderator,1,-0.33286,0.21742,-0.06198,0.11400,0.000,0.000
7,Moderator,2,-0.10081,0.12746,0.02795,0.04836,0.000,0.000
7,Moderator,3,-0.08752,0.11035,0.03097,0.04146,0.000,0.000
7,Moderator,4,0.00000,0.00000,0.00000,0.00000,0.000,0.000
7,Moderator,5,0.00000,0.00000,0.00000,0.00000,0.000,0.000
7,Moderator,6,0.00000,0.00000,0.00000,0.00000,0.000,0.000
7,Moderator,7,-0.14497,0.11169,-0.03168,0.05406,0.000,0.000
7,Moderator,8,-0.21538,0.32217,0.06040,0.12234,0.000,0.000
7,Moderator,9,0.00000,0.00000,0.00000,0.00000,0.000,0.000
7,Moderator,10,0.00000,0.00000,0.00000,0.00000,0.000,0.000
7,Moderator,11,0.00000,0.00000,0.00000,0.00000,0.000,0.000
8,CR,0,-0.05371,0.05922,0.00329,0.02681,0.000,0.000
8,CR,1,-0.07653,0.18056,0.02395,0.05454,0.000,0.000
8,CR,2,-0.05250,0.05334,0.01293,0.02402,0.000,0.000
8,CR,3,-0.21164,0.05786,-0.04101,0.05791,0.000,0.000
8,CR,4,0.00000,0.00000,0.00000,0.00000,0.000,0.000
8,CR,5,0.00000,0.00000,0.00000,0.00000,0.000,0.000
8,CR,6,0.00000,0.00000,0.00000,0.00000,0.000,0.000
8,CR,7,-0.10802,0.00847,-0.02930,0.02185,0.000,0.000
8,CR,8,-0.07192,0.12707,0.02944,0.03982,0.000,0.000
8,CR,9,0.00000,0.00000,0.00000,0.00000,0.000,0.000
8,CR,10,0.00000,0.00000,0.00000,0.00000,0.000,0.000
8,CR,11,0.00000,0.00000,0.00000,0.00000,0.000,0.000
8,Core,0,-0.04943,0.08599,0.02301,0.02868,0.000,0.000
8,Core,1,-0.14722,0.28475,-0.00392,0.09716,0.000,0.000
8,Core,2,-0.00643,0.05052,0.02026,0.01163,0.000,0.000
8,Core,3,0.00050,0.04323,0.01707,0.00828,0.000,0.000
8,Core,4,-0.04292,0.01849,-0.01740,0.01241,0.000,0.000
8,Core,5,-0.03953,-0.00274,-0.01624,0.00679,0.000,0.000
8,Core,6,0.00000,0.00000,0.00000,0.00000,0.000,0.000
8,Core,7,-0.00861,0.06116,0.02166,0.01417,0.000,0.000
8,Core,8,-0.05901,0.02192,-0.02518,0.01744,0.000,0.000
8,Core,9,0.00000,0.00000,0.00000,0.00000,0.000,0.000
8,Core,10,0.00000,0.00000,0.00000,0.00000,0.000,0.000
8,Core,11,0.00000,0.00000,0.00000,0.00000,0.000,0.000
8,Moderator,0,-0.09675,0.12878,0.03081,0.04816,0.000,0.000
8,Moderator,1,-0.34075,0.22473,-0.06367,0.11874,0.000,0.000
8,Moderator,2,-0.09653,0.12575,0.02765,0.04794,0.000,0.000
8,Moderator,3,-0.08272,0.10511,0.03002,0.03999,0.000,0.000
8,Moderator,4,0.00000,0.00000,0.00000,0.00000,0.000,0.000
8,Moderator,5,0.00000,0.00000,0.00000,0.00000,0.000,0.000
8,Moderator,6,0.00000,0.00000,0.00000,0.00000,0.000,0.000
8,Moderator,7,-0.14817,0.12952,-0.02781,0.05919,0.000,0.000
8,Moderator,8,-0.23889,0.33778,0.05397,0.13173,0.000,0.000
8,Moderator,9,0.00000,0.00000,0.00000,0.00000,0.000,0.000
8,Moderator,10,0.00000,0.00000,0.00000,0.00000,0.000,0.000
8,Moderator,11,0.00000,0.00000,0.00000,0.00000,0.000,0.000
9,CR,0,-0.05247,0.06068,0.00562,0.02723,0.000,0.000
9,CR,1,-0.09632,0.20382,0.03086,0.06478,0.000,0.000
9,CR,2,-0.05398,0.05015,0.01184,0.02383,0.000,0.000
9,CR,3,-0.20797,0.05254,-0.04069,0.05679,0.000,0.000
9,CR,4,0.00000,0.00000,0.00000,0.00000,0.000,0.000
9,CR,5,0.00000,0.00000,0.00000,0.00000,0.000,0.000
9,CR,6,0.00000,0.00000,0.00000,0.00000,0.000,0.000
9,CR,7,-0.12428,0.00308,-0.03608,0.02358,0.000,0.000
9,CR,8,-0.06942,0.14153,0.03457,0.04249,0.000,0.000
9,CR,9,0.00000,0.00000,0.00000,0.00000,0.000,0.000
9,CR,10,0.00000,0.00000,0.00000,0.00000,0.000,0.000
9,CR,11,0.00000,0.00000,0.00000,0.00000,0.000,0.000
9,Core,0,-0.05017,0.08787,0.02236,0.02914,0.000,0.000
9,Core,1,-0.15448,0.31698,0.00348,0.10955,0.000,0.000
9,Core,2,-0.00255,0.04696,0.01988,0.01117,0.000,0.000
9,Core,3,-0.00169,0.03830,0.01621,0.00864,0.000,0.000
9,Core,4,-0.04106,0.01601,-0.01695,0.01204,0.000,0.000
9,Core,5,-0.03425,-0.00129,-0.01528,0.00682,0.000,0.000
9,Core,6,0.00000,0.00000,0.00000,0.00000,0.000,0.000
9,Core,7,-0.01193,0.05775,0.02132,0.01522,0.000,0.000
9,Core,8,-0.05752,0.01989,-0.02479,0.01724,0.000,0.000
9,Core,9,0.00000,0.00000,0.00000,0.00000,0.000,0.000
9,Core,10,0.00000,0.00000,0.00000,0.00000,0.000,0.000
9,Core,11,0.00000,0.00000,0.00000,0.00000,0.000,0.000
9,Moderator,0,-0.09903,0.13020,0.02918,0.04900,0.000,0.000
9,Moderator,1,-0.35645,0.23176,-0.06442,0.12397,0.000,0.000
9,Moderator,2,-0.09718,0.12755,0.02614,0.04880,0.000,0.000
9,Moderator,3,-0.08292,0.10369,0.02796,0.03977,0.000,0.000
9,Moderator,4,0.00000,0.00000,0.00000,0.00000,0.000,0.000
9,Moderator,5,0.00000,0.00000,0.00000,0.00000,0.000,0.000
9,Moderator,6,0.00000,0.00000,0.00000,0.00000,0.000,0.000
9,Moderator,7,-0.15149,0.14296,-0.02329,0.06434,0.000,0.000
9,Moderator,8,-0.26152,0.36519,0.05074,0.14472,0.000,0.000
9,Moderator,9,0.00000,0.00000,0.00000,0.00000,0.000,0.000
9,Moderator,10,0.00000,0.00000,0.00000,0.00000,0.000,0.000
9,Moderator,11,0.00000,0.00000,0.00000,0.00000,0.000,0.000
10,CR,0,-0.05289,0.06197,0.00722,0.02821,0.000,0.000
10,CR,1,-0.09848,0.20602,0.03065,0.06790,0.000,0.000
10,CR,2,-0.05241,0.05217,0.01225,0.02358,0.000,0.000
10,CR,3,-0.17867,0.03885,-0.03810,0.04892,0.000,0.000
10,CR,4,0.00000,0.00000,0.00000,0.00000,0.000,0.000
10,CR,5,0.00000,0.00000,0.00000,0.00000,0.000,0.000
10,CR,6,0.00000,0.00000,0.00000,0.00000,0.000,0.000
10,CR,7,-0.12467,0.00528,-0.04047,0.02375,0.000,0.000
10,CR,8,-0.05607,0.12715,0.03619,0.03933,0.000,0.000
10,CR,9,0.00000,0.00000,0.00000,0.00000,0.000,0.000
10,CR,10,0.00000,0.00000,0.00000,0.00000,0.000,0.000
10,CR,11,0.00000,0.00000,0.00000,0.00000,0.000,0.000
10,Core,0,-0.05490,0.09349,0.02408,0.03089,0.000,0.000
10,Core,1,-0.16762,0.34338,0.00938,0.11850,0.000,0.000
10,Core,2,-0.00397,0.05167,0.02056,0.01206,0.000,0.000
10,Core,3,0.00024,0.04294,0.01690,0.00785,0.000,0.000
10,Core,4,-0.04111,0.01539,-0.01719,0.01197,0.000,0.000
10,Core,5,-0.03853,-0.00335,-0.01589,0.00632,0.000,0.000
10,Core,6,0.00000,0.00000,0.00000,0.00000,0.000,0.000
10,Core,7,-0.00886,0.06508,0.02266,0.01492,0.000,0.000
10,Core,8,-0.05797,0.01883,-0.02508,0.01718,0.000,0.000
10,Core,9,0.00000,0.00000,0.00000,0.00000,0.000,0.000
10,Core,10,0.00000,0.00000,0.00000,0.00000,0.000,0.000
10,Core,11,0.00000,0.00000,0.00000,0.00000,0.000,0.000
10,Moderator,0,-0.10575,0.13429,0.02718,0.05275,0.000,0.000
10,Moderator,1,-0.36944,0.25405,-0.06311,0.13451,0.000,0.000
10,Moderator,2,-0.10512,0.13246,0.02427,0.05276,0.000,0.000
10,Moderator,3,-0.08765,0.10507,0.02568,0.04206,0.000,0.000
10,Moderator,4,0.00000,0.00000,0.00000,0.00000,0.000,0.000
10,Moderator,5,0.00000,0.00000,0.00000,0.00000,0.000,0.000
10,Moderator,6,0.00000,0.00000,0.00000,0.00000,0.000,0.000
10,Moderator,7,-0.15834,0.16270,-0.02145,0.07043,0.000,0.000
10,Moderator,8,-0.29339,0.39362,0.05117,0.15886,0.000,0.000
10,Moderator,9,0.00000,0.00000,0.00000,0.00000,0.000,0.000
10,Moderator,10,0.00000,0.00000,0.00000,0.00000,0.000,0.000
10,Moderator,11,0.00000,0.00000,0.00000,0.00000,0.000,0.000
11,CR,0,-0.05945,0.06829,0.00904,0.03133,0.000,0.000
11,CR,1,-0.11206,0.23311,0.03610,0.07781,0.000,0.000
11,CR,2,-0.05688,0.05369,0.01163,0.02533,0.000,0.000
11,CR,3,-0.17807,0.03624,-0.03872,0.04694,0.000,0.000
11,CR,4,0.00000,0.00000,0.00000,0.00000,0.000,0.000
11,CR,5,0.00000,0.00000,0.00000,0.00000,0.000,0.000
11,CR,6,0.00000,0.00000,0.00000,0.00000,0.000,0.000
11,CR,7,-0.13952,0.00426,-0.04403,0.02605,0.000,0.000
11,CR,8,-0.05299,0.13963,0.04142,0.04244,0.000,0.000
11,CR,9,0.00000,0.00000,0.00000,0.00000,0.000,0.000
11,CR,10,0.00000,0.00000,0.00000,0.00000,0.000,0.000
11,CR,11,0.00000,0.00000,0.00000,0.00000,0.000,0.000
11,Core,0,-0.06241,0.09886,0.02548,0.03255,0.000,0.000
11,Core,1,-0.18473,0.36625,0.01422,0.12891,0.000,0.000
11,Core,2,-0.00317,0.05590,0.02148,0.01306,0.000,0.000
11,Core,3,-0.00451,0.04686,0.01718,0.00995,0.000,0.000
11,Core,4,-0.04600,0.01679,-0.01807,0.01314,0.000,0.000
11,Core,5,-0.04215,0.00046,-0.01610,0.00795,0.000,0.000
11,Core,6,0.00000,0.00000,0.00000,0.00000,0.000,0.000
11,Core,7,-0.01802,0.07077,0.02337,0.01802,0.000,0.000
11,Core,8,-0.06308,0.02103,-0.02601,0.01834,0.000,0.000
11,Core,9,0.00000,0.00000,0.00000,0.00000,0.000,0.000
11,Core,10,0.00000,0.00000,0.00000,0.00000,0.000,0.000
11,Core,11,0.00000,0.00000,0.00000,0.00000,0.000,0.000
11,Moderator,0,-0.11080,0.13608,0.02775,0.05522,0.000,0.000
11,Moderator,1,-0.38365,0.26871,-0.06571,0.14191,0.000,0.000
11,Moderator,2,-0.11124,0.13476,0.02487,0.05545,0.000,0.000
11,Moderator,3,-0.09319,0.10619,0.02580,0.04445,0.000,0.000
11,Moderator,4,0.00000,0.00000,0.00000,0.00000,0.000,0.000
11,Moderator,5,0.00000,0.00000,0.00000,0.00000,0.000,0.000
11,Moderator,6,0.00000,0.00000,0.00000,0.00000,0.000,0.000
11,Moderator,7,-0.15155,0.15779,-0.01869,0.06881,0.000,0.000
11,Moderator,8,-0.29306,0.39364,0.04562,0.15952,0.000,0.000
11,Moderator,9,0.00000,0.00000,0.00000,0.00000,0.000,0.000
11,Moderator,10,0.00000,0.00000,0.00000,0.00000,0.000,0.000
11,Moderator,11,0.00000,0.00000,0.00000,0.00000,0.000,0.000
12,CR,0,-0.06142,0.07163,0.01061,0.03218,0.000,0.000
12,CR,1,-0.11402,0.23004,0.03733,0.07632,0.000,0.000
12,CR,2,-0.05761,0.05534,0.01114,0.02523,0.000,0.000
12,CR,3,-0.15486,0.03136,-0.03914,0.03893,0.000,0.000
12,CR,4,0.00000,0.00000,0.00000,0.00000,0.000,0.000
12,CR,5,0.00000,0.00000,0.00000,0.00000,0.000,0.000
12,CR,6,0.00000,0.00000,0.00000,0.00000,0.000,0.000
12,CR,7,-0.13594,0.00614,-0.04826,0.02711,0.000,0.000
12,CR,8,-0.03335,0.12857,0.04806,0.03957,0.000,0.000
12,CR,9,0.00000,0.00000,0.00000,0.00000,0.000,0.000
12,CR,10,0.00000,0.00000,0.00000,0.00000,0.000,0.000
12,CR,11,0.00000,0.00000,0.00000,0.00000,0.000,0.000
12,Core,0,-0.05638,0.09755,0.02524,0.03119,0.000,0.000
12,Core,1,-0.20318,0.38499,0.01921,0.13746,0.000,0.000
12,Core,2,-0.00007,0.05214,0.02116,0.01146,0.000,0.000
12,Core,3,-0.00166,0.04173,0.01703,0.00894,0.000,0.000
12,Core,4,-0.04085,0.01417,-0.01758,0.01166,0.000,0.000
12,Core,5,-0.03693,-0.00105,-0.01591,0.00682,0.000,0.000
12,Core,6,0.00000,0.00000,0.00000,0.00000,0.000,0.000
12,Core,7,-0.01612,0.06687,0.02358,0.01739,0.000,0.000
12,Core,8,-0.05906,0.01877,-0.02552,0.01718,0.000,0.000
12,Core,9,0.00000,0.00000,0.00000,0.00000,0.000,0.000
12,Core,10,0.00000,0.00000,0.00000,0.00000,0.000,0.000
12,Core,11,0.00000,0.00000,0.00000,0.00000,0.000,0.000
12,Moderator,0,-0.11254,0.13746,0.02607,0.05542,0.000,0.000
12,Moderator,1,-0.38826,0.28044,-0.06458,0.14599,0.000,0.000
12,Moderator,2,-0.11103,0.13690,0.02330,0.05590,0.000,0.000
12,Moderator,3,-0.09374,0.10821,0.02388,0.04418,0.000,0.000
12,Moderator,4,0.00000,0.00000,0.00000,0.00000,0.000,0.000
12,Moderator,5,0.00000,0.00000,0.00000,0.00000,0.000,0.000
12,Moderator,6,0.00000,0.00000,0.00000,0.00000,0.000,0.000
12,Moderator,7,-0.15140,0.16751,-0.01580,0.07142,0.000,0.000
12,Moderator,8,-0.31010,0.41547,0.04347,0.16834,0.000,0.000
12,Moderator,9,0.00000,0.00000,0.00000,0.00000,0.000,0.000
12,Moderator,10,0.00000,0.00000,0.00000,0.00000,0.000,0.000
12,Moderator,11,0.00000,0.00000,0.00000,0.00000,0.000,0.000
13,CR,0,-0.05485,0.07336,0.01283,0.03167,0.000,0.000
13,CR,1,-0.13156,0.24634,0.04110,0.08476,0.000,0.000
13,CR,2,-0.05929,0.05073,0.00979,0.02456,0.000,0.000
13,CR,3,-0.15825,0.03290,-0.03779,0.03991,0.000,0.000
13,CR,4,0.00000,0.00000,0.00000,0.00000,0.000,0.000
13,CR,5,0.00000,0.00000,0.00000,0.00000,0.000,0.000
13,CR,6,0.00000,0.00000,0.00000,0.00000,0.000,0.000
13,CR,7,-0.14706,0.01247,-0.05245,0.03162,0.000,0.000
13,CR,8,-0.03962,0.13897,0.05205,0.04538,0.000,0.000
13,CR,9,0.00000,0.00000,0.00000,0.00000,0.000,0.000
13,CR,10,0.00000,0.00000,0.00000,0.00000,0.000,0.000
13,CR,11,0.00000,0.00000,0.00000,0.00000,0.000,0.000
13,Core,0,-0.05930,0.09961,0.02520,0.03241,0.000,0.000
13,Core,1,-0.22370,0.41293,0.02519,0.14779,0.000,0.000
13,Core,2,-0.00394,0.05354,0.02103,0.01267,0.000,0.000
13,Core,3,-0.00045,0.04004,0.01628,0.00838,0.000,0.000
13,Core,4,-0.04294,0.01863,-0.01735,0.01261,0.000,0.000
13,Core,5,-0.03494,-0.00328,-0.01511,0.00645,0.000,0.000
13,Core,6,0.00000,0.00000,0.00000,0.00000,0.000,0.000
13,Core,7,-0.01633,0.06695,0.02321,0.01748,0.000,0.000
13,Core,8,-0.06121,0.02366,-0.02550,0.01843,0.000,0.000
13,Core,9,0.00000,0.00000,0.00000,0.00000,0.000,0.000
13,Core,10,0.00000,0.00000,0.00000,0.00000,0.000,0.000
13,Core,11,0.00000,0.00000,0.00000,0.00000,0.000,0.000
13,Moderator,0,-0.11689,0.14014,0.02420,0.05802,0.000,0.000
13,Moderator,1,-0.40266,0.29606,-0.06427,0.15399,0.000,0.000
13,Moderator,2,-0.11642,0.13959,0.02149,0.05847,0.000,0.000
13,Moderator,3,-0.09565,0.10958,0.02175,0.04574,0.000,0.000
13,Moderator,4,0.00000,0.00000,0.00000,0.00000,0.000,0.000
13,Moderator,5,0.00000,0.00000,0.00000,0.00000,0.000,0.000
13,Moderator,6,0.00000,0.00000,0.00000,0.00000,0.000,0.000
13,Moderator,7,-0.15658,0.17857,-0.01285,0.07625,0.000,0.000
13,Moderator,8,-0.32700,0.44456,0.04439,0.18111,0.000,0.000
13,Moderator,9,0.00000,0.00000,0.00000,0.00000,0.000,0.000
13,Moderator,10,0.00000,0.00000,0.00000,0.00000,0.000,0.000
13,Moderator,11,0.00000,0.00000,0.00000,0.00000,0.000,0.000
14,CR,0,-0.05200,0.07128,0.01405,0.03044,0.000,0.000
14,CR,1,-0.14461,0.27250,0.04251,0.09334,0.000,0.000
14,CR,2,-0.05683,0.05189,0.00948,0.02369,0.000,0.000
14,CR,3,-0.18615,0.04002,-0.04082,0.04629,0.000,0.000
14,CR,4,0.00000,0.00000,0.00000,0.00000,0.000,0.000
14,CR,5,0.00000,0.00000,0.00000,0.00000,0.000,0.000
14,CR,6,0.00000,0.00000,0.00000,0.00000,0.000,0.000
14,CR,7,-0.16210,0.01222,-0.05584,0.03351,0.000,0.000
14,CR,8,-0.03691,0.14084,0.05043,0.04214,0.000,0.000
14,CR,9,0.00000,0.00000,0.00000,0.00000,0.000,0.000
14,CR,10,0.00000,0.00000,0.00000,0.00000,0.000,0.000
14,CR,11,0.00000,0.00000,0.00000,0.00000,0.000,0.000
14,Core,0,-0.06284,0.10258,0.02692,0.03319,0.000,0.000
14,Core,1,-0.25297,0.45593,0.02955,0.16376,0.000,0.000
14,Core,2,-0.00015,0.05505,0.02273,0.01288,0.000,0.000
14,Core,3,-0.00283,0.04027,0.01733,0.00902,0.000,0.000
14,Core,4,-0.04510,0.01683,-0.01901,0.01309,0.000,0.000
14,Core,5,-0.03511,-0.00073,-0.01607,0.00679,0.000,0.000
14,Core,6,0.00000,0.00000,0.00000,0.00000,0.000,0.000
14,Core,7,-0.01829,0.06793,0.02477,0.01846,0.000,0.000
14,Core,8,-0.06355,0.02224,-0.02741,0.01900,0.000,0.000
14,Core,9,0.00000,0.00000,0.00000,0.00000,0.000,0.000
14,Core,10,0.00000,0.00000,0.00000,0.00000,0.000,0.000
14,Core,11,0.00000,0.00000,0.00000,0.00000,0.000,0.000
14,Moderator,0,-0.11497,0.14195,0.02615,0.05674,0.000,0.000
14,Moderator,1,-0.42110,0.29692,-0.06953,0.15614,0.000,0.000
14,Moderator,2,-0.11366,0.14101,0.02336,0.05710,0.000,0.000
14,Moderator,3,-0.09252,0.10886,0.02318,0.04384,0.000,0.000
14,Moderator,4,0.00000,0.00000,0.00000,0.00000,0.000,0.000
14,Moderator,5,0.00000,0.00000,0.00000,0.00000,0.000,0.000
14,Moderator,6,0.00000,0.00000,0.00000,0.00000,0.000,0.000
14,Moderator,7,-0.16473,0.19572,-0.01078,0.08322,0.000,0.000
14,Moderator,8,-0.34303,0.46535,0.04311,0.18981,0.000,0.000
14,Moderator,9,0.00000,0.00000,0.00000,0.00000,0.000,0.000
14,Moderator,10,0.00000,0.00000,0.00000,0.00000,0.000,0.000
14,Moderator,11,0.00000,0.00000,0.00000,0.00000,0.000,0.000
15,CR,0,-0.04618,0.07222,0.01682,0.02905,0.000,0.000
15,CR,1,-0.14579,0.27909,0.04523,0.09522,0.000,0.000
15,CR,2,-0.05602,0.04905,0.00831,0.02262,0.000,0.000
15,CR,3,-0.21435,0.04532,-0.04523,0.05301,0.000,0.000
15,CR,4,0.00000,0.00000,0.00000,0.00000,0.000,0.000
15,CR,5,0.00000,0.00000,0.00000,0.00000,0.000,0.000
15,CR,6,0.00000,0.00000,0.00000,0.00000,0.000,0.000
15,CR,7,-0.17816,0.01347,-0.06211,0.03798,0.000,0.000
15,CR,8,-0.02084,0.14110,0.05476,0.03993,0.000,0.000
15,CR,9,0.00000,0.00000,0.00000,0.00000,0.000,0.000
15,CR,10,0.00000,0.00000,0.00000,0.00000,0.000,0.000
15,CR,11,0.00000,0.00000,0.00000,0.00000,0.000,0.000
15,Core,0,-0.06319,0.10300,0.02737,0.03298,0.000,0.000
15,Core,1,-0.25790,0.46615,0.03639,0.16726,0.000,0.000
15,Core,2,0.00083,0.05487,0.02283,0.01285,0.000,0.000
15,Core,3,-0.00336,0.04009,0.01707,0.00914,0.000,0.000
15,Core,4,-0.04348,0.01501,-0.01882,0.01261,0.000,0.000
15,Core,5,-0.03471,-0.00107,-0.01570,0.00688,0.000,0.000
15,Core,6,0.00000,0.00000,0.00000,0.00000,0.000,0.000
15,Core,7,-0.02105,0.06942,0.02520,0.01935,0.000,0.000
15,Core,8,-0.06278,0.02036,-0.02758,0.01865,0.000,0.000
15,Core,9,0.00000,0.00000,0.00000,0.00000,0.000,0.000
15,Core,10,0.00000,0.00000,0.00000,0.00000,0.000,0.000
15,Core,11,0.00000,0.00000,0.00000,0.00000,0.000,0.000
15,Moderator,0,-0.11446,0.14743,0.02514,0.05791,0.000,0.000
15,Moderator,1,-0.44147,0.29811,-0.07160,0.16039,0.000,0.000
15,Moderator,2,-0.11613,0.14585,0.02234,0.05812,0.000,0.000
15,Moderator,3,-0.09060,0.10867,0.02173,0.04409,0.000,0.000
15,Moderator,4,0.00000,0.00000,0.00000,0.00000,0.000,0.000
15,Moderator,5,0.00000,0.00000,0.00000,0.00000,0.000,0.000
15,Moderator,6,0.00000,0.00000,0.00000,0.00000,0.000,0.000
15,Moderator,7,-0.16368,0.20716,-0.00709,0.08632,0.000,0.000
15,Moderator,8,-0.35138,0.47700,0.04092,0.19414,0.000,0.000
15,Moderator,9,0.00000,0.00000,0.00000,0.00000,0.000,0.000
15,Moderator,10,0.00000,0.00000,0.00000,0.00000,0.000,0.000
15,Moderator,11,0.00000,0.00000,0.00000,0.00000,0.000,0.000
16,CR,0,-0.04450,0.07563,0.01985,0.02980,0.000,0.000
16,CR,1,-0.14978,0.28893,0.04722,0.09774,0.000,0.000
16,CR,2,-0.05717,0.04744,0.00562,0.02234,0.000,0.000
16,CR,3,-0.23620,0.04976,-0.04935,0.05748,0.000,0.000
16,CR,4,0.00000,0.00000,0.00000,0.00000,0.000,0.000
16,CR,5,0.00000,0.00000,0.00000,0.00000,0.000,0.000
16,CR,6,0.00000,0.00000,0.00000,0.00000,0.000,0.000
16,CR,7,-0.19349,0.01670,-0.06674,0.04140,0.000,0.000
16,CR,8,-0.01837,0.14620,0.05930,0.03960,0.000,0.000
16,CR,9,0.00000,0.00000,0.00000,0.00000,0.000,0.000
16,CR,10,0.00000,0.00000,0.00000,0.00000,0.000,0.000
16,CR,11,0.00000,0.00000,0.00000,0.00000,0.000,0.000
16,Core,0,-0.06626,0.10256,0.02590,0.03352,0.000,0.000
16,Core,1,-0.27375,0.48258,0.04309,0.17496,0.000,0.000
16,Core,2,-0.00131,0.05340,0.02181,0.01245,0.000,0.000
16,Core,3,-0.00449,0.03785,0.01516,0.00903,0.000,0.000
16,Core,4,-0.04227,0.01844,-0.01788,0.01287,0.000,0.000
16,Core,5,-0.03217,0.00093,-0.01370,0.00681,0.000,0.000
16,Core,6,0.00000,0.00000,0.00000,0.00000,0.000,0.000
16,Core,7,-0.02251,0.06845,0.02362,0.01935,0.000,0.000
16,Core,8,-0.06330,0.02454,-0.02701,0.01945,0.000,0.000
16,Core,9,0.00000,0.00000,0.00000,0.00000,0.000,0.000
16,Core,10,0.00000,0.00000,0.00000,0.00000,0.000,0.000
16,Core,11,0.00000,0.00000,0.00000,0.00000,0.000,0.000
16,Moderator,0,-0.11742,0.14985,0.02354,0.05902,0.000,0.000
16,Moderator,1,-0.45721,0.30362,-0.07256,0.16548,0.000,0.000
16,Moderator,2,-0.11876,0.14777,0.02070,0.05917,0.000,0.000
16,Moderator,3,-0.08889,0.10934,0.01972,0.04453,0.000,0.000
16,Moderator,4,0.00000,0.00000,0.00000,0.00000,0.000,0.000
16,Moderator,5,0.00000,0.00000,0.00000,0.00000,0.000,0.000
16,Moderator,6,0.00000,0.00000,0.00000,0.00000,0.000,0.000
16,Moderator,7,-0.16014,0.21225,-0.00260,0.08792,0.000,0.000
16,Moderator,8,-0.36531,0.48695,0.03785,0.19888,0.000,0.000
16,Moderator,9,0.00000,0.00000,0.00000,0.00000,0.000,0.000
16,Moderator,10,0.00000,0.00000,0.00000,0.00000,0.000,0.000
16,Moderator,11,0.00000,0.00000,0.00000,0.00000,0.000,0.000
17,CR,0,-0.04507,0.08021,0.02052,0.03089,0.000,0.000
17,CR,1,-0.15193,0.29646,0.04897,0.10087,0.000,0.000
17,CR,2,-0.05613,0.04767,0.00653,0.02284,0.000,0.000
17,CR,3,-0.24185,0.05090,-0.04933,0.06106,0.000,0.000
17,CR,4,0.00000,0.00000,0.00000,0.00000,0.000,0.000
17,CR,5,0.00000,0.00000,0.00000,0.00000,0.000,0.000
17,CR,6,0.00000,0.00000,0.00000,0.00000,0.000,0.000
17,CR,7,-0.20140,0.01654,-0.06797,0.04337,0.000,0.000
17,CR,8,-0.02168,0.14020,0.05857,0.03910,0.000,0.000
17,CR,9,0.00000,0.00000,0.00000,0.00000,0.000,0.000
17,CR,10,0.00000,0.00000,0.00000,0.00000,0.000,0.000
17,CR,11,0.00000,0.00000,0.00000,0.00000,0.000,0.000
17,Core,0,-0.07067,0.11135,0.02880,0.03577,0.000,0.000
17,Core,1,-0.29254,0.50000,0.04710,0.18518,0.000,0.010
17,Core,2,0.00049,0.06321,0.02398,0.01356,0.000,0.000
17,Core,3,-0.00528,0.04601,0.01723,0.01002,0.000,0.000
17,Core,4,-0.04658,0.01765,-0.01984,0.01378,0.000,0.000
17,Core,5,-0.04012,0.00155,-0.01571,0.00760,0.000,0.000
17,Core,6,0.00000,0.00000,0.00000,0.00000,0.000,0.000
17,Core,7,-0.02426,0.07807,0.02618,0.02092,0.000,0.000
17,Core,8,-0.06782,0.02393,-0.02901,0.02041,0.000,0.000
17,Core,9,0.00000,0.00000,0.00000,0.00000,0.000,0.000
17,Core,10,0.00000,0.00000,0.00000,0.00000,0.000,0.000
17,Core,11,0.00000,0.00000,0.00000,0.00000,0.000,0.000
17,Moderator,0,-0.11698,0.15312,0.02502,0.05963,0.000,0.000
17,Moderator,1,-0.46960,0.31397,-0.07548,0.17086,0.000,0.000
17,Moderator,2,-0.11845,0.15090,0.02206,0.05986,0.000,0.000
17,Moderator,3,-0.08791,0.11152,0.02081,0.04466,0.000,0.000
17,Moderator,4,0.00000,0.00000,0.00000,0.00000,0.000,0.000
17,Moderator,5,0.00000,0.00000,0.00000,0.00000,0.000,0.000
17,Moderator,6,0.00000,0.00000,0.00000,0.00000,0.000,0.000
17,Moderator,7,-0.16544,0.21244,-0.00271,0.09000,0.000,0.000
17,Moderator,8,-0.37971,0.50000,0.03807,0.20695,0.000,0.010
17,Moderator,9,0.00000,0.00000,0.00000,0.00000,0.000,0.000
17,Moderator,10,0.00000,0.00000,0.00000,0.00000,0.000,0.000
17,Moderator,11,0.00000,0.00000,0.00000,0.00000,0.000,0.000
18,CR,0,-0.04011,0.08947,0.02419,0.03038,0.000,0.000
18,CR,1,-0.15399,0.31476,0.05415,0.10495,0.000,0.000
18,CR,2,-0.05444,0.04695,0.00454,0.02180,0.000,0.000
18,CR,3,-0.30640,0.06169,-0.05984,0.07715,0.000,0.000
18,CR,4,0.00000,0.00000,0.00000,0.00000,0.000,0.000
18,CR,5,0.00000,0.00000,0.00000,0.00000,0.000,0.000
18,CR,6,0.00000,0.00000,0.00000,0.00000,0.000,0.000
18,CR,7,-0.23000,0.01540,-0.07424,0.04718,0.000,0.000
18,CR,8,-0.01510,0.14642,0.05966,0.03879,0.000,0.000
18,CR,9,0.00000,0.00000,0.00000,0.00000,0.000,0.000
18,CR,10,0.00000,0.00000,0.00000,0.00000,0.000,0.000
18,CR,11,0.00000,0.00000,0.00000,0.00000,0.000,0.000
18,Core,0,-0.06844,0.10853,0.02870,0.03507,0.000,0.000
18,Core,1,-0.30243,0.50000,0.05473,0.19396,0.000,0.010
18,Core,2,-0.00026,0.05996,0.02372,0.01376,0.000,0.000
18,Core,3,-0.00568,0.04244,0.01614,0.01006,0.000,0.000
18,Core,4,-0.04538,0.01625,-0.01959,0.01350,0.000,0.000
18,Core,5,-0.03644,0.00198,-0.01451,0.00754,0.000,0.000
18,Core,6,0.00000,0.00000,0.00000,0.00000,0.000,0.000
18,Core,7,-0.02363,0.07594,0.02574,0.02193,0.000,0.000
18,Core,8,-0.06596,0.02149,-0.02942,0.02030,0.000,0.000
18,Core,9,0.00000,0.00000,0.00000,0.00000,0.000,0.000
18,Core,10,0.00000,0.00000,0.00000,0.00000,0.000,0.000
18,Core,11,0.00000,0.00000,0.00000,0.00000,0.000,0.000
18,Moderator,0,-0.11931,0.15978,0.02533,0.06093,0.000,0.000
18,Moderator,1,-0.50606,0.31931,-0.08057,0.17707,0.000,0.000
18,Moderator,2,-0.12064,0.15669,0.02218,0.06101,0.000,0.000
18,Moderator,3,-0.08915,0.11370,0.02054,0.04509,0.000,0.000
18,Moderator,4,0.00000,0.00000,0.00000,0.00000,0.000,0.000
18,Moderator,5,0.00000,0.00000,0.00000,0.00000,0.000,0.000
18,Moderator,6,0.00000,0.00000,0.00000,0.00000,0.000,0.000
18,Moderator,7,-0.16784,0.23309,0.00174,0.09475,0.000,0.000
18,Moderator,8,-0.40176,0.50000,0.03543,0.21205,0.000,0.010
18,Moderator,9,0.00000,0.00000,0.00000,0.00000,0.000,0.000
18,Moderator,10,0.00000,0.00000,0.00000,0.00000,0.000,0.000
18,Moderator,11,0.00000,0.00000,0.00000,0.00000,0.000,0.000
19,CR,0,-0.03135,0.11934,0.02937,0.03146,0.000,0.000
19,CR,1,-0.14352,0.29573,0.05018,0.09852,0.000,0.000
19,CR,2,-0.05560,0.04045,0.00152,0.02089,0.000,0.000
19,CR,3,-0.37758,0.06620,-0.07421,0.09003,0.000,0.000
19,CR,4,0.00000,0.00000,0.00000,0.00000,0.000,0.000
19,CR,5,0.00000,0.00000,0.00000,0.00000,0.000,0.000
19,CR,6,0.00000,0.00000,0.00000,0.00000,0.000,0.000
19,CR,7,-0.25608,0.01725,-0.08086,0.05214,0.000,0.000
19,CR,8,-0.01118,0.16690,0.06693,0.03878,0.000,0.000
19,CR,9,0.00000,0.00000,0.00000,0.00000,0.000,0.000
19,CR,10,0.00000,0.00000,0.00000,0.00000,0.000,0.000
19,CR,11,0.00000,0.00000,0.00000,0.00000,0.000,0.000
19,Core,0,-0.06933,0.11329,0.02980,0.03572,0.000,0.000
19,Core,1,-0.30583,0.50000,0.06312,0.20124,0.000,0.020
19,Core,2,0.00106,0.06043,0.02534,0.01353,0.000,0.000
19,Core,3,-0.00305,0.04100,0.01642,0.00919,0.000,0.000
19,Core,4,-0.04738,0.01908,-0.02088,0.01388,0.000,0.000
19,Core,5,-0.03470,-0.00053,-0.01462,0.00686,0.000,0.000
19,Core,6,0.00000,0.00000,0.00000,0.00000,0.000,0.000
19,Core,7,-0.02263,0.07632,0.02699,0.02138,0.000,0.000
19,Core,8,-0.07498,0.02387,-0.03167,0.02117,0.000,0.000
19,Core,9,0.00000,0.00000,0.00000,0.00000,0.000,0.000
19,Core,10,0.00000,0.00000,0.00000,0.00000,0.000,0.000
19,Core,11,0.00000,0.00000,0.00000,0.00000,0.000,0.000
19,Moderator,0,-0.11600,0.16571,0.02641,0.06064,0.000,0.000
19,Moderator,1,-0.53782,0.31327,-0.08776,0.17986,0.000,0.000
19,Moderator,2,-0.11702,0.16154,0.02310,0.06044,0.000,0.000
19,Moderator,3,-0.08511,0.11560,0.02074,0.04435,0.000,0.000
19,Moderator,4,0.00000,0.00000,0.00000,0.00000,0.000,0.000
19,Moderator,5,0.00000,0.00000,0.00000,0.00000,0.000,0.000
19,Moderator,6,0.00000,0.00000,0.00000,0.00000,0.000,0.000
19,Moderator,7,-0.16851,0.25820,0.00765,0.09976,0.000,0.000
19,Moderator,8,-0.42222,0.50000,0.03028,0.21787,0.000,0.010
19,Moderator,9,0.00000,0.00000,0.00000,0.00000,0.000,0.000
19,Moderator,10,0.00000,0.00000,0.00000,0.00000,0.000,0.000
19,Moderator,11,0.00000,0.00000,0.00000,0.00000,0.000,0.000
20,CR,0,-0.02702,0.15495,0.03576,0.03393,0.000,0.000
20,CR,1,-0.14556,0.28792,0.04593,0.09606,0.000,0.000
20,CR,2,-0.06235,0.03828,-0.00276,0.02224,0.000,0.000
20,CR,3,-0.47803,0.06510,-0.09863,0.10539,0.000,0.000
20,CR,4,0.00000,0.00000,0.00000,0.00000,0.000,0.000
20,CR,5,0.00000,0.00000,0.00000,0.00000,0.000,0.000
20,CR,6,0.00000,0.00000,0.00000,0.00000,0.000,0.000
20,CR,7,-0.27717,0.02163,-0.08770,0.05566,0.000,0.000
20,CR,8,0.00773,0.17822,0.07444,0.03602,0.000,0.000
20,CR,9,0.00000,0.00000,0.00000,0.00000,0.000,0.000
20,CR,10,0.00000,0.00000,0.00000,0.00000,0.000,0.000
20,CR,11,0.00000,0.00000,0.00000,0.00000,0.000,0.000
20,Core,0,-0.07042,0.11270,0.03051,0.03525,0.000,0.000
20,Core,1,-0.30746,0.50000,0.07038,0.20511,0.000,0.020
20,Core,2,0.00174,0.06214,0.02623,0.01414,0.000,0.000
20,Core,3,-0.00445,0.04009,0.01648,0.00999,0.000,0.000
20,Core,4,-0.04714,0.01482,-0.02135,0.01369,0.000,0.000
20,Core,5,-0.03361,0.00100,-0.01453,0.00752,0.000,0.000
20,Core,6,0.00000,0.00000,0.00000,0.00000,0.000,0.000
20,Core,7,-0.02331,0.07696,0.02817,0.02291,0.000,0.000
20,Core,8,-0.08634,0.01802,-0.03309,0.02105,0.000,0.000
20,Core,9,0.00000,0.00000,0.00000,0.00000,0.000,0.000
20,Core,10,0.00000,0.00000,0.00000,0.00000,0.000,0.000
20,Core,11,0.00000,0.00000,0.00000,0.00000,0.000,0.000
20,Moderator,0,-0.11566,0.17597,0.02770,0.06127,0.000,0.000
20,Moderator,1,-0.57589,0.30281,-0.09479,0.18394,0.000,0.000
20,Moderator,2,-0.11652,0.17012,0.02407,0.06078,0.000,0.000
20,Moderator,3,-0.08431,0.12161,0.02116,0.04443,0.000,0.000
20,Moderator,4,0.00000,0.00000,0.00000,0.00000,0.000,0.000
20,Moderator,5,0.00000,0.00000,0.00000,0.00000,0.000,0.000
20,Moderator,6,0.00000,0.00000,0.00000,0.00000,0.000,0.000
20,Moderator,7,-0.16614,0.27972,0.01330,0.10092,0.000,0.000
20,Moderator,8,-0.43276,0.50000,0.02940,0.22221,0.000,0.010
20,Moderator,9,0.00000,0.00000,0.00000,0.00000,0.000,0.000
20,Moderator,10,0.00000,0.00000,0.00000,0.00000,0.000,0.000
20,Moderator,11,0.00000,0.00000,0.00000,0.00000,0.000,0.000
21,CR,0,-0.02325,0.19488,0.04208,0.03805,0.000,0.000
21,CR,1,-0.16296,0.29949,0.04085,0.10090,0.000,0.000
21,CR,2,-0.08696,0.03535,-0.00695,0.02475,0.000,0.000
21,CR,3,-0.59651,0.06070,-0.12398,0.12476,0.000,0.000
21,CR,4,0.00000,0.00000,0.00000,0.00000,0.000,0.000
21,CR,5,0.00000,0.00000,0.00000,0.00000,0.000,0.000
21,CR,6,0.00000,0.00000,0.00000,0.00000,0.000,0.000
21,CR,7,-0.29899,0.02053,-0.09313,0.05884,0.000,0.000
21,CR,8,0.00915,0.20866,0.08241,0.03766,0.000,0.000
21,CR,9,0.00000,0.00000,0.00000,0.00000,0.000,0.000
21,CR,10,0.00000,0.00000,0.00000,0.00000,0.000,0.000
21,CR,11,0.00000,0.00000,0.00000,0.00000,0.000,0.000
21,Core,0,-0.07307,0.11746,0.03166,0.03678,0.000,0.000
21,Core,1,-0.31526,0.50000,0.07818,0.21249,0.000,0.020
21,Core,2,0.00296,0.06653,0.02736,0.01490,0.000,0.000
21,Core,3,-0.00474,0.04415,0.01660,0.01024,0.000,0.000
21,Core,4,-0.05102,0.01639,-0.02237,0.01487,0.000,0.000
21,Core,5,-0.03731,0.00135,-0.01448,0.00794,0.000,0.000
21,Core,6,0.00000,0.00000,0.00000,0.00000,0.000,0.000
21,Core,7,-0.02264,0.08297,0.02935,0.02359,0.000,0.000
21,Core,8,-0.09647,0.01882,-0.03501,0.02268,0.000,0.000
21,Core,9,0.00000,0.00000,0.00000,0.00000,0.000,0.000
21,Core,10,0.00000,0.00000,0.00000,0.00000,0.000,0.000
21,Core,11,0.00000,0.00000,0.00000,0.00000,0.000,0.000
21,Moderator,0,-0.11664,0.19014,0.03097,0.06336,0.000,0.000
21,Moderator,1,-0.62379,0.30214,-0.10504,0.19237,0.000,0.000
21,Moderator,2,-0.11739,0.18244,0.02695,0.06254,0.000,0.000
21,Moderator,3,-0.08530,0.13095,0.02339,0.04570,0.000,0.000
21,Moderator,4,0.00000,0.00000,0.00000,0.00000,0.000,0.000
21,Moderator,5,0.00000,0.00000,0.00000,0.00000,0.000,0.000
21,Moderator,6,0.00000,0.00000,0.00000,0.00000,0.000,0.000
21,Moderator,7,-0.16453,0.30618,0.01820,0.10342,0.000,0.000
21,Moderator,8,-0.43712,0.50000,0.02988,0.22460,0.000,0.010
21,Moderator,9,0.00000,0.00000,0.00000,0.00000,0.000,0.000
21,Moderator,10,0.00000,0.00000,0.00000,0.00000,0.000,0.000
21,Moderator,11,0.00000,0.00000,0.00000,0.00000,0.000,0.000
22,CR,0,-0.00465,0.31649,0.06143,0.05207,0.000,0.000
22,CR,1,-0.18607,0.27051,0.01281,0.09662,0.000,0.000
22,CR,2,-0.16262,0.02292,-0.01991,0.03252,0.000,0.000
22,CR,3,-0.89497,0.05079,-0.17560,0.17303,0.000,0.000
22,CR,4,0.00000,0.00000,0.00000,0.00000,0.000,0.000
22,CR,5,0.00000,0.00000,0.00000,0.00000,0.000,0.000
22,CR,6,0.00000,0.00000,0.00000,0.00000,0.000,0.000
22,CR,7,-0.30688,0.02696,-0.09705,0.06244,0.000,0.000
22,CR,8,-0.00804,0.18965,0.08319,0.04030,0.000,0.000
22,CR,9,0.00000,0.00000,0.00000,0.00000,0.000,0.000
22,CR,10,0.00000,0.00000,0.00000,0.00000,0.000,0.000
22,CR,11,0.00000,0.00000,0.00000,0.00000,0.000,0.000
22,Core,0,-0.07186,0.11498,0.03183,0.03613,0.000,0.000
22,Core,1,-0.30832,0.50000,0.09399,0.21449,0.000,0.040
22,Core,2,0.00240,0.07921,0.02865,0.01521,0.000,0.000
22,Core,3,-0.00628,0.03945,0.01408,0.01019,0.000,0.000
22,Core,4,-0.06202,0.01486,-0.02330,0.01445,0.000,0.000
22,Core,5,-0.03244,0.01248,-0.01172,0.00849,0.000,0.000
22,Core,6,0.00000,0.00000,0.00000,0.00000,0.000,0.000
22,Core,7,-0.02497,0.08143,0.02945,0.02389,0.000,0.000
22,Core,8,-0.12128,0.01557,-0.03802,0.02362,0.000,0.000
22,Core,9,0.00000,0.00000,0.00000,0.00000,0.000,0.000
22,Core,10,0.00000,0.00000,0.00000,0.00000,0.000,0.000
22,Core,11,0.00000,0.00000,0.00000,0.00000,0.000,0.000
22,Moderator,0,-0.11641,0.20134,0.03146,0.06476,0.000,0.000
22,Moderator,1,-0.68982,0.29518,-0.11634,0.20031,0.000,0.000
22,Moderator,2,-0.11699,0.19215,0.02715,0.06365,0.000,0.000
22,Moderator,3,-0.08496,0.12994,0.02161,0.04523,0.000,0.000
22,Moderator,4,0.00000,0.00000,0.00000,0.00000,0.000,0.000
22,Moderator,5,0.00000,0.00000,0.00000,0.00000,0.000,0.000
22,Moderator,6,0.00000,0.00000,0.00000,0.00000,0.000,0.000
22,Moderator,7,-0.16326,0.40939,0.03912,0.11746,0.000,0.000
22,Moderator,8,-0.44634,0.50000,0.03188,0.23081,0.000,0.010
22,Moderator,9,0.00000,0.00000,0.00000,0.00000,0.000,0.000
22,Moderator,10,0.00000,0.00000,0.00000,0.00000,0.000,0.000
22,Moderator,11,0.00000,0.00000,0.00000,0.00000,0.000,0.000
23,CR,0,-0.02289,0.26180,0.05023,0.04622,0.000,0.000
23,CR,1,-0.22622,0.20467,-0.01592,0.09030,0.000,0.000
23,CR,2,-0.14072,0.02695,-0.01643,0.03176,0.000,0.000
23,CR,3,-0.83444,0.06344,-0.15593,0.15657,0.000,0.000
23,CR,4,0.00000,0.00000,0.00000,0.00000,0.000,0.000
23,CR,5,0.00000,0.00000,0.00000,0.00000,0.000,0.000
23,CR,6,0.00000,0.00000,0.00000,0.00000,0.000,0.000
23,CR,7,-0.26173,0.03988,-0.08668,0.06330,0.000,0.000
23,CR,8,-0.04261,0.23619,0.08469,0.05574,0.000,0.000
23,CR,9,0.00000,0.00000,0.00000,0.00000,0.000,0.000
23,CR,10,0.00000,0.00000,0.00000,0.00000,0.000,0.000
23,CR,11,0.00000,0.00000,0.00000,0.00000,0.000,0.000
23,Core,0,-0.07356,0.12188,0.03473,0.03699,0.000,0.000
23,Core,1,-0.31063,0.50000,0.09191,0.21420,0.000,0.040
23,Core,2,0.00300,0.07818,0.02813,0.01524,0.000,0.000
23,Core,3,-0.00184,0.03828,0.01659,0.00925,0.000,0.000
23,Core,4,-0.05795,0.01751,-0.02269,0.01540,0.000,0.000
23,Core,5,-0.03181,-0.00150,-0.01451,0.00696,0.000,0.000
23,Core,6,0.00000,0.00000,0.00000,0.00000,0.000,0.000
23,Core,7,-0.01892,0.09186,0.03079,0.02347,0.000,0.000
23,Core,8,-0.11975,0.01861,-0.03690,0.02454,0.000,0.000
23,Core,9,0.00000,0.00000,0.00000,0.00000,0.000,0.000
23,Core,10,0.00000,0.00000,0.00000,0.00000,0.000,0.000
23,Core,11,0.00000,0.00000,0.00000,0.00000,0.000,0.000
23,Moderator,0,-0.11078,0.25225,0.03985,0.06930,0.000,0.000
23,Moderator,1,-0.79060,0.28788,-0.12894,0.21144,0.000,0.000
23,Moderator,2,-0.11154,0.23284,0.03363,0.06652,0.000,0.000
23,Moderator,3,-0.07732,0.20886,0.03586,0.05406,0.000,0.000
23,Moderator,4,0.00000,0.00000,0.00000,0.00000,0.000,0.000
23,Moderator,5,0.00000,0.00000,0.00000,0.00000,0.000,0.000
23,Moderator,6,0.00000,0.00000,0.00000,0.00000,0.000,0.000
23,Moderator,7,-0.16322,0.21489,-0.00069,0.08882,0.000,0.000
23,Moderator,8,-0.41147,0.50000,0.04354,0.22818,0.000,0.020
23,Moderator,9,0.00000,0.00000,0.00000,0.00000,0.000,0.000
23,Moderator,10,0.00000,0.00000,0.00000,0.00000,0.000,0.000
23,Moderator,11,0.00000,0.00000,0.00000,0.00000,0.000,0.000
24,CR,0,-0.02457,0.28825,0.05581,0.05113,0.000,0.000
24,CR,1,-0.31447,0.23102,-0.03089,0.11208,0.000,0.000
24,CR,2,-0.19254,0.02388,-0.02549,0.03935,0.000,0.000
24,CR,3,-0.87939,0.05793,-0.16771,0.16463,0.000,0.000
24,CR,4,0.00000,0.00000,0.00000,0.00000,0.000,0.000
24,CR,5,0.00000,0.00000,0.00000,0.00000,0.000,0.000
24,CR,6,0.00000,0.00000,0.00000,0.00000,0.000,0.000
24,CR,7,-0.25289,0.04513,-0.07673,0.06128,0.000,0.000
24,CR,8,-0.05784,0.26249,0.09106,0.06604,0.000,0.000
24,CR,9,0.00000,0.00000,0.00000,0.00000,0.000,0.000
24,CR,10,0.00000,0.00000,0.00000,0.00000,0.000,0.000
24,CR,11,0.00000,0.00000,0.00000,0.00000,0.000,0.000
24,Core,0,-0.07790,0.12222,0.03376,0.03802,0.000,0.000
24,Core,1,-0.31190,0.50000,0.09559,0.21786,0.000,0.040
24,Core,2,0.00401,0.08099,0.02886,0.01528,0.000,0.000
24,Core,3,0.00110,0.04364,0.01757,0.00947,0.000,0.000
24,Core,4,-0.04830,0.01831,-0.02117,0.01381,0.000,0.000
24,Core,5,-0.03687,-0.00207,-0.01549,0.00728,0.000,0.000
24,Core,6,0.00000,0.00000,0.00000,0.00000,0.000,0.000
24,Core,7,-0.01992,0.09063,0.03170,0.02332,0.000,0.000
24,Core,8,-0.11838,0.01865,-0.03690,0.02340,0.000,0.000
24,Core,9,0.00000,0.00000,0.00000,0.00000,0.000,0.000
24,Core,10,0.00000,0.00000,0.00000,0.00000,0.000,0.000
24,Core,11,0.00000,0.00000,0.00000,0.00000,0.000,0.000
24,Moderator,0,-0.11622,0.24240,0.03478,0.06991,0.000,0.000
24,Moderator,1,-0.80918,0.30374,-0.12565,0.21799,0.000,0.000
24,Moderator,2,-0.11805,0.21553,0.02706,0.06668,0.000,0.000
24,Moderator,3,-0.08241,0.20305,0.03163,0.05468,0.000,0.000
24,Moderator,4,0.00000,0.00000,0.00000,0.00000,0.000,0.000
24,Moderator,5,0.00000,0.00000,0.00000,0.00000,0.000,0.000
24,Moderator,6,0.00000,0.00000,0.00000,0.00000,0.000,0.000
24,Moderator,7,-0.16495,0.20209,-0.00417,0.08725,0.000,0.000
24,Moderator,8,-0.41454,0.50000,0.04741,0.23109,0.000,0.020
24,Moderator,9,0.00000,0.00000,0.00000,0.00000,0.000,0.000
24,Moderator,10,0.00000,0.00000,0.00000,0.00000,0.000,0.000
24,Moderator,11,0.00000,0.00000,0.00000,0.00000,0.000,0.000
25,CR,0,-0.05040,0.10888,0.02539,0.03794,0.000,0.000
25,CR,1,-0.23552,0.29809,0.00342,0.11359,0.000,0.000
25,CR,2,-0.07093,0.04332,-0.00393,0.02825,0.000,0.000
25,CR,3,-0.43321,0.08333,-0.07850,0.09379,0.000,0.000
25,CR,4,0.00000,0.00000,0.00000,0.00000,0.000,0.000
25,CR,5,0.00000,0.00000,0.00000,0.00000,0.000,0.000
25,CR,6,0.00000,0.00000,0.00000,0.00000,0.000,0.000
25,CR,7,-0.27228,0.04705,-0.08063,0.06645,0.000,0.000
25,CR,8,-0.07955,0.26499,0.08676,0.07160,0.000,0.000
25,CR,9,0.00000,0.00000,0.00000,0.00000,0.000,0.000
25,CR,10,0.00000,0.00000,0.00000,0.00000,0.000,0.000
25,CR,11,0.00000,0.00000,0.00000,0.00000,0.000,0.000
25,Core,0,-0.07966,0.11961,0.03033,0.03898,0.000,0.000
25,Core,1,-0.34380,0.50000,0.06658,0.21730,0.000,0.020
25,Core,2,-0.00088,0.06541,0.02573,0.01552,0.000,0.000
25,Core,3,-0.00382,0.04402,0.01751,0.01013,0.000,0.000
25,Core,4,-0.05644,0.02093,-0.02059,0.01709,0.000,0.000
25,Core,5,-0.03796,-0.00017,-0.01595,0.00743,0.000,0.000
25,Core,6,0.00000,0.00000,0.00000,0.00000,0.000,0.000
25,Core,7,-0.02591,0.07867,0.02694,0.02311,0.000,0.000
25,Core,8,-0.09241,0.02457,-0.03302,0.02545,0.000,0.000
25,Core,9,0.00000,0.00000,0.00000,0.00000,0.000,0.000
25,Core,10,0.00000,0.00000,0.00000,0.00000,0.000,0.000
25,Core,11,0.00000,0.00000,0.00000,0.00000,0.000,0.000
25,Moderator,0,-0.12942,0.20356,0.02886,0.06633,0.000,0.000
25,Moderator,1,-0.65426,0.32982,-0.09492,0.19786,0.000,0.000
25,Moderator,2,-0.12775,0.18612,0.02364,0.06354,0.000,0.000
25,Moderator,3,-0.09360,0.16698,0.02651,0.05100,0.000,0.000
25,Moderator,4,0.00000,0.00000,0.00000,0.00000,0.000,0.000
25,Moderator,5,0.00000,0.00000,0.00000,0.00000,0.000,0.000
25,Moderator,6,0.00000,0.00000,0.00000,0.00000,0.000,0.000
25,Moderator,7,-0.16437,0.19318,-0.01192,0.08332,0.000,0.000
25,Moderator,8,-0.40077,0.50000,0.04317,0.22405,0.000,0.010
25,Moderator,9,0.00000,0.00000,0.00000,0.00000,0.000,0.000
25,Moderator,10,0.00000,0.00000,0.00000,0.00000,0.000,0.000
25,Moderator,11,0.00000,0.00000,0.00000,0.00000,0.000,0.000
26,CR,0,-0.05172,0.10487,0.02490,0.03874,0.000,0.000
26,CR,1,-0.22518,0.30329,0.00895,0.11167,0.000,0.000
26,CR,2,-0.07080,0.04291,-0.00346,0.02722,0.000,0.000
26,CR,3,-0.44037,0.09639,-0.07364,0.09856,0.000,0.000
26,CR,4,0.00000,0.00000,0.00000,0.00000,0.000,0.000
26,CR,5,0.00000,0.00000,0.00000,0.00000,0.000,0.000
26,CR,6,0.00000,0.00000,0.00000,0.00000,0.000,0.000
26,CR,7,-0.29502,0.04908,-0.08363,0.07171,0.000,0.000
26,CR,8,-0.10154,0.29772,0.09273,0.08276,0.000,0.000
26,CR,9,0.00000,0.00000,0.00000,0.00000,0.000,0.000
26,CR,10,0.00000,0.00000,0.00000,0.00000,0.000,0.000
26,CR,11,0.00000,0.00000,0.00000,0.00000,0.000,0.000
26,Core,0,-0.07869,0.11196,0.02842,0.03657,0.000,0.000
26,Core,1,-0.33734,0.50000,0.06800,0.21198,0.000,0.020
26,Core,2,-0.00065,0.05960,0.02324,0.01314,0.000,0.000
26,Core,3,-0.00386,0.04215,0.01624,0.00970,0.000,0.000
26,Core,4,-0.04292,0.01190,-0.01793,0.01221,0.000,0.000
26,Core,5,-0.03634,-0.00002,-0.01470,0.00740,0.000,0.000
26,Core,6,0.00000,0.00000,0.00000,0.00000,0.000,0.000
26,Core,7,-0.02758,0.07681,0.02577,0.02226,0.000,0.000
26,Core,8,-0.08623,0.01527,-0.03054,0.02044,0.000,0.000
26,Core,9,0.00000,0.00000,0.00000,0.00000,0.000,0.000
26,Core,10,0.00000,0.00000,0.00000,0.00000,0.000,0.000
26,Core,11,0.00000,0.00000,0.00000,0.00000,0.000,0.000
26,Moderator,0,-0.14112,0.21178,0.02658,0.07092,0.000,0.000
26,Moderator,1,-0.66761,0.34952,-0.09185,0.20511,0.000,0.000
26,Moderator,2,-0.13919,0.19363,0.02145,0.06819,0.000,0.000
26,Moderator,3,-0.10402,0.17406,0.02445,0.05453,0.000,0.000
26,Moderator,4,0.00000,0.00000,0.00000,0.00000,0.000,0.000
26,Moderator,5,0.00000,0.00000,0.00000,0.00000,0.000,0.000
26,Moderator,6,0.00000,0.00000,0.00000,0.00000,0.000,0.000
26,Moderator,7,-0.16310,0.18252,-0.01246,0.08177,0.000,0.000
26,Moderator,8,-0.42192,0.50000,0.04338,0.23091,0.000,0.020
26,Moderator,9,0.00000,0.00000,0.00000,0.00000,0.000,0.000
26,Moderator,10,0.00000,0.00000,0.00000,0.00000,0.000,0.000
26,Moderator,11,0.00000,0.00000,0.00000,0.00000,0.000,0.000
27,CR,0,-0.05348,0.09537,0.02337,0.03875,0.000,0.000
27,CR,1,-0.21610,0.30720,0.01160,0.11006,0.000,0.000
27,CR,2,-0.06063,0.04404,-0.00041,0.02505,0.000,0.000
27,CR,3,-0.42119,0.09888,-0.07015,0.09583,0.000,0.000
27,CR,4,0.00000,0.00000,0.00000,0.00000,0.000,0.000
27,CR,5,0.00000,0.00000,0.00000,0.00000,0.000,0.000
27,CR,6,0.00000,0.00000,0.00000,0.00000,0.000,0.000
27,CR,7,-0.29276,0.04958,-0.08292,0.07200,0.000,0.000
27,CR,8,-0.11433,0.30967,0.08951,0.08684,0.000,0.000
27,CR,9,0.00000,0.00000,0.00000,0.00000,0.000,0.000
27,CR,10,0.00000,0.00000,0.00000,0.00000,0.000,0.000
27,CR,11,0.00000,0.00000,0.00000,0.00000,0.000,0.000
27,Core,0,-0.08633,0.12263,0.03171,0.04052,0.000,0.000
27,Core,1,-0.35251,0.50000,0.06792,0.22266,0.000,0.030
27,Core,2,-0.00241,0.06609,0.02474,0.01470,0.000,0.000
27,Core,3,-0.00137,0.04875,0.01818,0.00952,0.000,0.000
27,Core,4,-0.04838,0.01813,-0.01951,0.01428,0.000,0.000
27,Core,5,-0.04296,-0.00282,-0.01672,0.00727,0.000,0.000
27,Core,6,0.00000,0.00000,0.00000,0.00000,0.000,0.000
27,Core,7,-0.02574,0.08399,0.02757,0.02294,0.000,0.000
27,Core,8,-0.09200,0.02142,-0.03199,0.02250,0.000,0.000
27,Core,9,0.00000,0.00000,0.00000,0.00000,0.000,0.000
27,Core,10,0.00000,0.00000,0.00000,0.00000,0.000,0.000
27,Core,11,0.00000,0.00000,0.00000,0.00000,0.000,0.000
27,Moderator,0,-0.14216,0.20874,0.02687,0.07091,0.000,0.000
27,Moderator,1,-0.66717,0.36303,-0.08946,0.20913,0.000,0.000
27,Moderator,2,-0.14016,0.19202,0.02180,0.06823,0.000,0.000
27,Moderator,3,-0.10337,0.16853,0.02474,0.05384,0.000,0.000
27,Moderator,4,0.00000,0.00000,0.00000,0.00000,0.000,0.000
27,Moderator,5,0.00000,0.00000,0.00000,0.00000,0.000,0.000
27,Moderator,6,0.00000,0.00000,0.00000,0.00000,0.000,0.000
27,Moderator,7,-0.17805,0.19684,-0.01501,0.08816,0.000,0.000
27,Moderator,8,-0.43793,0.50000,0.04853,0.24150,0.000,0.020
27,Moderator,9,0.00000,0.00000,0.00000,0.00000,0.000,0.000
27,Moderator,10,0.00000,0.00000,0.00000,0.00000,0.000,0.000
27,Moderator,11,0.00000,0.00000,0.00000,0.00000,0.000,0.000
28,CR,0,-0.05017,0.10818,0.02684,0.03954,0.000,0.000
28,CR,1,-0.22687,0.32226,0.00890,0.11417,0.000,0.000
28,CR,2,-0.06900,0.04101,-0.00485,0.02505,0.000,0.000
28,CR,3,-0.45155,0.10456,-0.07423,0.10275,0.000,0.000
28,CR,4,0.00000,0.00000,0.00000,0.00000,0.000,0.000
28,CR,5,0.00000,0.00000,0.00000,0.00000,0.000,0.000
28,CR,6,0.00000,0.00000,0.00000,0.00000,0.000,0.000
28,CR,7,-0.29797,0.04879,-0.08417,0.07331,0.000,0.000
28,CR,8,-0.09849,0.29442,0.08806,0.08110,0.000,0.000
28,CR,9,0.00000,0.00000,0.00000,0.00000,0.000,0.000
28,CR,10,0.00000,0.00000,0.00000,0.00000,0.000,0.000
28,CR,11,0.00000,0.00000,0.00000,0.00000,0.000,0.000
28,Core,0,-0.09141,0.12215,0.02967,0.04147,0.000,0.000
28,Core,1,-0.38455,0.50000,0.07039,0.23519,0.000,0.040
28,Core,2,-0.00287,0.05581,0.02344,0.01377,0.000,0.000
28,Core,3,-0.00424,0.03595,0.01557,0.00909,0.000,0.000
28,Core,4,-0.04892,0.02270,-0.01850,0.01475,0.000,0.000
28,Core,5,-0.03034,-0.00086,-0.01412,0.00654,0.000,0.000
28,Core,6,0.00000,0.00000,0.00000,0.00000,0.000,0.000
28,Core,7,-0.03269,0.07012,0.02499,0.02322,0.000,0.000
28,Core,8,-0.09126,0.02549,-0.03148,0.02314,0.000,0.000
28,Core,9,0.00000,0.00000,0.00000,0.00000,0.000,0.000
28,Core,10,0.00000,0.00000,0.00000,0.00000,0.000,0.000
28,Core,11,0.00000,0.00000,0.00000,0.00000,0.000,0.000
28,Moderator,0,-0.13931,0.21298,0.02551,0.06994,0.000,0.000
28,Moderator,1,-0.68727,0.36329,-0.08966,0.21272,0.000,0.000
28,Moderator,2,-0.13708,0.19506,0.02023,0.06708,0.000,0.000
28,Moderator,3,-0.09887,0.17182,0.02331,0.05251,0.000,0.000
28,Moderator,4,0.00000,0.00000,0.00000,0.00000,0.000,0.000
28,Moderator,5,0.00000,0.00000,0.00000,0.00000,0.000,0.000
28,Moderator,6,0.00000,0.00000,0.00000,0.00000,0.000,0.000
28,Moderator,7,-0.17708,0.21132,-0.01197,0.09187,0.000,0.000
28,Moderator,8,-0.44176,0.50000,0.04774,0.24620,0.000,0.030
28,Moderator,9,0.00000,0.00000,0.00000,0.00000,0.000,0.000
28,Moderator,10,0.00000,0.00000,0.00000,0.00000,0.000,0.000
28,Moderator,11,0.00000,0.00000,0.00000,0.00000,0.000,0.000
29,CR,0,-0.04689,0.12981,0.02869,0.03992,0.000,0.000
29,CR,1,-0.22249,0.31212,0.00277,0.11075,0.000,0.000
29,CR,2,-0.08179,0.04101,-0.00568,0.02645,0.000,0.000
29,CR,3,-0.53380,0.11050,-0.08689,0.11882,0.000,0.000
29,CR,4,0.00000,0.00000,0.00000,0.00000,0.000,0.000
29,CR,5,0.00000,0.00000,0.00000,0.00000,0.000,0.000
29,CR,6,0.00000,0.00000,0.00000,0.00000,0.000,0.000
29,CR,7,-0.30925,0.04990,-0.08720,0.07579,0.000,0.000
29,CR,8,-0.10789,0.30666,0.09034,0.08539,0.000,0.000
29,CR,9,0.00000,0.00000,0.00000,0.00000,0.000,0.000
29,CR,10,0.00000,0.00000,0.00000,0.00000,0.000,0.000
29,CR,11,0.00000,0.00000,0.00000,0.00000,0.000,0.000
29,Core,0,-0.08991,0.12441,0.03208,0.04094,0.000,0.000
29,Core,1,-0.39067,0.50000,0.07495,0.23971,0.000,0.050
29,Core,2,0.00052,0.06514,0.02546,0.01419,0.000,0.000
29,Core,3,-0.00409,0.04069,0.01697,0.01017,0.000,0.000
29,Core,4,-0.05051,0.02045,-0.02014,0.01467,0.000,0.000
29,Core,5,-0.03498,-0.00024,-0.01542,0.00742,0.000,0.000
29,Core,6,0.00000,0.00000,0.00000,0.00000,0.000,0.000
29,Core,7,-0.03126,0.07694,0.02700,0.02455,0.000,0.000
29,Core,8,-0.10625,0.02287,-0.03414,0.02412,0.000,0.000
29,Core,9,0.00000,0.00000,0.00000,0.00000,0.000,0.000
29,Core,10,0.00000,0.00000,0.00000,0.00000,0.000,0.000
29,Core,11,0.00000,0.00000,0.00000,0.00000,0.000,0.000
29,Moderator,0,-0.13914,0.22785,0.02832,0.07252,0.000,0.000
29,Moderator,1,-0.72859,0.36098,-0.09717,0.21987,0.000,0.000
29,Moderator,2,-0.13703,0.20776,0.02259,0.06937,0.000,0.000
29,Moderator,3,-0.09876,0.18611,0.02608,0.05509,0.000,0.000
29,Moderator,4,0.00000,0.00000,0.00000,0.00000,0.000,0.000
29,Moderator,5,0.00000,0.00000,0.00000,0.00000,0.000,0.000
29,Moderator,6,0.00000,0.00000,0.00000,0.00000,0.000,0.000
29,Moderator,7,-0.17817,0.21143,-0.01311,0.09162,0.000,0.000
29,Moderator,8,-0.44657,0.50000,0.04853,0.24822,0.000,0.030
29,Moderator,9,0.00000,0.00000,0.00000,0.00000,0.000,0.000
29,Moderator,10,0.00000,0.00000,0.00000,0.00000,0.000,0.000
29,Moderator,11,0.00000,0.00000,0.00000,0.00000,0.000,0.000
30,CR,0,-0.04479,0.14610,0.03072,0.04131,0.000,0.000
30,CR,1,-0.25245,0.34971,0.01349,0.12655,0.000,0.000
30,CR,2,-0.08113,0.04234,-0.00527,0.02763,0.000,0.000
30,CR,3,-0.59946,0.11042,-0.09609,0.12822,0.000,0.000
30,CR,4,0.00000,0.00000,0.00000,0.00000,0.000,0.000
30,CR,5,0.00000,0.00000,0.00000,0.00000,0.000,0.000
30,CR,6,0.00000,0.00000,0.00000,0.00000,0.000,0.000
30,CR,7,-0.34101,0.04628,-0.09225,0.07812,0.000,0.000
30,CR,8,-0.11579,0.34346,0.09907,0.09536,0.000,0.000
30,CR,9,0.00000,0.00000,0.00000,0.00000,0.000,0.000
30,CR,10,0.00000,0.00000,0.00000,0.00000,0.000,0.000
30,CR,11,0.00000,0.00000,0.00000,0.00000,0.000,0.000
30,Core,0,-0.08528,0.12487,0.03306,0.04005,0.000,0.000
30,Core,1,-0.39649,0.50000,0.08439,0.24596,0.000,0.070
30,Core,2,-0.00121,0.06617,0.02639,0.01477,0.000,0.000
30,Core,3,-0.00568,0.04680,0.01773,0.01121,0.000,0.000
30,Core,4,-0.05050,0.01796,-0.02072,0.01416,0.000,0.000
30,Core,5,-0.04069,0.00132,-0.01602,0.00838,0.000,0.000
30,Core,6,0.00000,0.00000,0.00000,0.00000,0.000,0.000
30,Core,7,-0.03126,0.08378,0.02886,0.02587,0.000,0.000
30,Core,8,-0.11342,0.01897,-0.03562,0.02406,0.000,0.000
30,Core,9,0.00000,0.00000,0.00000,0.00000,0.000,0.000
30,Core,10,0.00000,0.00000,0.00000,0.00000,0.000,0.000
30,Core,11,0.00000,0.00000,0.00000,0.00000,0.000,0.000
30,Moderator,0,-0.13814,0.22602,0.02969,0.07270,0.000,0.000
30,Moderator,1,-0.74549,0.35951,-0.10420,0.22319,0.000,0.000
30,Moderator,2,-0.13567,0.20487,0.02377,0.06929,0.000,0.000
30,Moderator,3,-0.09713,0.18193,0.02690,0.05462,0.000,0.000
30,Moderator,4,0.00000,0.00000,0.00000,0.00000,0.000,0.000
30,Moderator,5,0.00000,0.00000,0.00000,0.00000,0.000,0.000
30,Moderator,6,0.00000,0.00000,0.00000,0.00000,0.000,0.000
30,Moderator,7,-0.18006,0.21786,-0.01128,0.09332,0.000,0.000
30,Moderator,8,-0.45941,0.50000,0.04684,0.25198,0.000,0.050
30,Moderator,9,0.00000,0.00000,0.00000,0.00000,0.000,0.000
30,Moderator,10,0.00000,0.00000,0.00000,0.00000,0.000,0.000
30,Moderator,11,0.00000,0.00000,0.00000,0.00000,0.000,0.000
31,CR,0,-0.04985,0.11161,0.02627,0.04052,0.000,0.000
31,CR,1,-0.25204,0.35561,0.01992,0.12935,0.000,0.000
31,CR,2,-0.06130,0.04048,-0.00253,0.02394,0.000,0.000
31,CR,3,-0.48008,0.10537,-0.07687,0.10995,0.000,0.000
31,CR,4,0.00000,0.00000,0.00000,0.00000,0.000,0.000
31,CR,5,0.00000,0.00000,0.00000,0.00000,0.000,0.000
31,CR,6,0.00000,0.00000,0.00000,0.00000,0.000,0.000
31,CR,7,-0.33047,0.05492,-0.08733,0.07948,0.000,0.000
31,CR,8,-0.12719,0.33685,0.09166,0.09620,0.000,0.000
31,CR,9,0.00000,0.00000,0.00000,0.00000,0.000,0.000
31,CR,10,0.00000,0.00000,0.00000,0.00000,0.000,0.000
31,CR,11,0.00000,0.00000,0.00000,0.00000,0.000,0.000
31,Core,0,-0.08573,0.12224,0.03148,0.03983,0.000,0.000
31,Core,1,-0.41278,0.50000,0.07319,0.24734,0.000,0.050
31,Core,2,-0.00192,0.06148,0.02440,0.01389,0.000,0.000
31,Core,3,-0.00162,0.04178,0.01672,0.00868,0.000,0.000
31,Core,4,-0.04924,0.02008,-0.01910,0.01451,0.000,0.000
31,Core,5,-0.03611,-0.00089,-0.01523,0.00615,0.000,0.000
31,Core,6,0.00000,0.00000,0.00000,0.00000,0.000,0.000
31,Core,7,-0.02869,0.07605,0.02643,0.02271,0.000,0.000
31,Core,8,-0.10258,0.02202,-0.03255,0.02373,0.000,0.000
31,Core,9,0.00000,0.00000,0.00000,0.00000,0.000,0.000
31,Core,10,0.00000,0.00000,0.00000,0.00000,0.000,0.000
31,Core,11,0.00000,0.00000,0.00000,0.00000,0.000,0.000
31,Moderator,0,-0.13746,0.20019,0.02316,0.06845,0.000,0.000
31,Moderator,1,-0.66646,0.36726,-0.08423,0.21102,0.000,0.000
31,Moderator,2,-0.13398,0.18099,0.01790,0.06526,0.000,0.000
31,Moderator,3,-0.09527,0.15682,0.02085,0.05065,0.000,0.000
31,Moderator,4,0.00000,0.00000,0.00000,0.00000,0.000,0.000
31,Moderator,5,0.00000,0.00000,0.00000,0.00000,0.000,0.000
31,Moderator,6,0.00000,0.00000,0.00000,0.00000,0.000,0.000
31,Moderator,7,-0.18509,0.21630,-0.01079,0.09503,0.000,0.000
31,Moderator,8,-0.46278,0.50000,0.04775,0.25406,0.000,0.050
31,Moderator,9,0.00000,0.00000,0.00000,0.00000,0.000,0.000
31,Moderator,10,0.00000,0.00000,0.00000,0.00000,0.000,0.000
31,Moderator,11,0.00000,0.00000,0.00000,0.00000,0.000,0.000
32,CR,0,-0.05225,0.12461,0.02534,0.04124,0.000,0.000
32,CR,1,-0.21742,0.31438,0.00968,0.11127,0.000,0.000
32,CR,2,-0.09266,0.04058,-0.00403,0.02608,0.000,0.000
32,CR,3,-0.56634,0.12057,-0.08481,0.13162,0.000,0.000
32,CR,4,0.00000,0.00000,0.00000,0.00000,0.000,0.000
32,CR,5,0.00000,0.00000,0.00000,0.00000,0.000,0.000
32,CR,6,0.00000,0.00000,0.00000,0.00000,0.000,0.000
32,CR,7,-0.33721,0.06782,-0.08925,0.08239,0.000,0.000
32,CR,8,-0.11825,0.32167,0.09508,0.09068,0.000,0.000
32,CR,9,0.00000,0.00000,0.00000,0.00000,0.000,0.000
32,CR,10,0.00000,0.00000,0.00000,0.00000,0.000,0.000
32,CR,11,0.00000,0.00000,0.00000,0.00000,0.000,0.000
32,Core,0,-0.08698,0.12294,0.03186,0.04027,0.000,0.000
32,Core,1,-0.38908,0.50000,0.06438,0.23376,0.000,0.040
32,Core,2,0.00028,0.06212,0.02470,0.01340,0.000,0.000
32,Core,3,-0.00306,0.04573,0.01695,0.00987,0.000,0.000
32,Core,4,-0.04985,0.02318,-0.01939,0.01483,0.000,0.000
32,Core,5,-0.04035,0.00626,-0.01554,0.00796,0.000,0.000
32,Core,6,0.00000,0.00000,0.00000,0.00000,0.000,0.000
32,Core,7,-0.03060,0.07890,0.02613,0.02311,0.000,0.000
32,Core,8,-0.10018,0.02525,-0.03401,0.02389,0.000,0.000
32,Core,9,0.00000,0.00000,0.00000,0.00000,0.000,0.000
32,Core,10,0.00000,0.00000,0.00000,0.00000,0.000,0.000
32,Core,11,0.00000,0.00000,0.00000,0.00000,0.000,0.000
32,Moderator,0,-0.14815,0.22012,0.02674,0.07541,0.000,0.000
32,Moderator,1,-0.69385,0.38367,-0.08871,0.21989,0.000,0.000
32,Moderator,2,-0.14422,0.19667,0.02082,0.07140,0.000,0.000
32,Moderator,3,-0.10607,0.18156,0.02537,0.05750,0.000,0.000
32,Moderator,4,0.00000,0.00000,0.00000,0.00000,0.000,0.000
32,Moderator,5,0.00000,0.00000,0.00000,0.00000,0.000,0.000
32,Moderator,6,0.00000,0.00000,0.00000,0.00000,0.000,0.000
32,Moderator,7,-0.18002,0.19227,-0.01831,0.08796,0.000,0.000
32,Moderator,8,-0.45221,0.50000,0.05631,0.25247,0.000,0.060
32,Moderator,9,0.00000,0.00000,0.00000,0.00000,0.000,0.000
32,Moderator,10,0.00000,0.00000,0.00000,0.00000,0.000,0.000
32,Moderator,11,0.00000,0.00000,0.00000,0.00000,0.000,0.000
33,CR,0,-0.03926,0.14036,0.02911,0.03955,0.000,0.000
33,CR,1,-0.22140,0.30568,-0.00300,0.10918,0.000,0.000
33,CR,2,-0.10785,0.03182,-0.00821,0.02605,0.000,0.000
33,CR,3,-0.63172,0.12372,-0.09819,0.14420,0.000,0.000
33,CR,4,0.00000,0.00000,0.00000,0.00000,0.000,0.000
33,CR,5,0.00000,0.00000,0.00000,0.00000,0.000,0.000
33,CR,6,0.00000,0.00000,0.00000,0.00000,0.000,0.000
33,CR,7,-0.33039,0.06717,-0.09049,0.08324,0.000,0.000
33,CR,8,-0.14340,0.32687,0.09204,0.09742,0.000,0.000
33,CR,9,0.00000,0.00000,0.00000,0.00000,0.000,0.000
33,CR,10,0.00000,0.00000,0.00000,0.00000,0.000,0.000
33,CR,11,0.00000,0.00000,0.00000,0.00000,0.000,0.000
33,Core,0,-0.08807,0.12228,0.03092,0.04059,0.000,0.000
33,Core,1,-0.40074,0.50000,0.07180,0.23846,0.000,0.050
33,Core,2,-0.00269,0.06780,0.02397,0.01478,0.000,0.000
33,Core,3,-0.00598,0.04245,0.01511,0.00974,0.000,0.000
33,Core,4,-0.04949,0.02400,-0.01844,0.01551,0.000,0.000
33,Core,5,-0.03698,0.00157,-0.01362,0.00756,0.000,0.000
33,Core,6,0.00000,0.00000,0.00000,0.00000,0.000,0.000
33,Core,7,-0.03194,0.07591,0.02449,0.02386,0.000,0.000
33,Core,8,-0.11376,0.02356,-0.03395,0.02511,0.000,0.000
33,Core,9,0.00000,0.00000,0.00000,0.00000,0.000,0.000
33,Core,10,0.00000,0.00000,0.00000,0.00000,0.000,0.000
33,Core,11,0.00000,0.00000,0.00000,0.00000,0.000,0.000
33,Moderator,0,-0.14590,0.22154,0.02788,0.07277,0.000,0.000
33,Moderator,1,-0.71247,0.36854,-0.09667,0.21892,0.000,0.000
33,Moderator,2,-0.14166,0.19607,0.02154,0.06816,0.000,0.000
33,Moderator,3,-0.10302,0.18219,0.02613,0.05488,0.000,0.000
33,Moderator,4,0.00000,0.00000,0.00000,0.00000,0.000,0.000
33,Moderator,5,0.00000,0.00000,0.00000,0.00000,0.000,0.000
33,Moderator,6,0.00000,0.00000,0.00000,0.00000,0.000,0.000
33,Moderator,7,-0.18257,0.20690,-0.01421,0.09212,0.000,0.000
33,Moderator,8,-0.45917,0.50000,0.04999,0.25231,0.000,0.050
33,Moderator,9,0.00000,0.00000,0.00000,0.00000,0.000,0.000
33,Moderator,10,0.00000,0.00000,0.00000,0.00000,0.000,0.000
33,Moderator,11,0.00000,0.00000,0.00000,0.00000,0.000,0.000
34,CR,0,-0.03342,0.16044,0.03167,0.03987,0.000,0.000
34,CR,1,-0.23559,0.29872,-0.01169,0.11190,0.000,0.000
34,CR,2,-0.11597,0.02961,-0.01019,0.02689,0.000,0.000
34,CR,3,-0.70387,0.12318,-0.10779,0.15869,0.000,0.000
34,CR,4,0.00000,0.00000,0.00000,0.00000,0.000,0.000
34,CR,5,0.00000,0.00000,0.00000,0.00000,0.000,0.000
34,CR,6,0.00000,0.00000,0.00000,0.00000,0.000,0.000
34,CR,7,-0.32697,0.06677,-0.08975,0.08336,0.000,0.000
34,CR,8,-0.14981,0.32622,0.08816,0.09819,0.000,0.000
34,CR,9,0.00000,0.00000,0.00000,0.00000,0.000,0.000
34,CR,10,0.00000,0.00000,0.00000,0.00000,0.000,0.000
34,CR,11,0.00000,0.00000,0.00000,0.00000,0.000,0.000
34,Core,0,-0.08636,0.12143,0.03269,0.04030,0.000,0.000
34,Core,1,-0.41841,0.50000,0.07741,0.24675,0.000,0.050
34,Core,2,-0.00121,0.08449,0.02615,0.01559,0.000,0.000
34,Core,3,-0.00515,0.03999,0.01607,0.00954,0.000,0.000
34,Core,4,-0.04921,0.02077,-0.02002,0.01521,0.000,0.000
34,Core,5,-0.03447,0.00073,-0.01452,0.00698,0.000,0.000
34,Core,6,0.00000,0.00000,0.00000,0.00000,0.000,0.000
34,Core,7,-0.03327,0.08074,0.02592,0.02404,0.000,0.000
34,Core,8,-0.13278,0.01924,-0.03657,0.02640,0.000,0.000
34,Core,9,0.00000,0.00000,0.00000,0.00000,0.000,0.000
34,Core,10,0.00000,0.00000,0.00000,0.00000,0.000,0.000
34,Core,11,0.00000,0.00000,0.00000,0.00000,0.000,0.000
34,Moderator,0,-0.14328,0.22201,0.02860,0.07245,0.000,0.000
34,Moderator,1,-0.72963,0.36770,-0.10167,0.22149,0.000,0.000
34,Moderator,2,-0.13898,0.19445,0.02184,0.06750,0.000,0.000
34,Moderator,3,-0.09965,0.18180,0.02672,0.05440,0.000,0.000
34,Moderator,4,0.00000,0.00000,0.00000,0.00000,0.000,0.000
34,Moderator,5,0.00000,0.00000,0.00000,0.00000,0.000,0.000
34,Moderator,6,0.00000,0.00000,0.00000,0.00000,0.000,0.000
34,Moderator,7,-0.18048,0.21472,-0.01256,0.09427,0.000,0.000
34,Moderator,8,-0.46933,0.50000,0.05054,0.25623,0.000,0.060
34,Moderator,9,0.00000,0.00000,0.00000,0.00000,0.000,0.000
34,Moderator,10,0.00000,0.00000,0.00000,0.00000,0.000,0.000
34,Moderator,11,0.00000,0.00000,0.00000,0.00000,0.000,0.000
35,CR,0,-0.02436,0.24185,0.04390,0.04767,0.000,0.000
35,CR,1,-0.26365,0.30338,-0.01715,0.12227,0.000,0.000
35,CR,2,-0.17359,0.02307,-0.02016,0.03424,0.000,0.000
35,CR,3,-0.91675,0.12677,-0.13974,0.19275,0.000,0.000
35,CR,4,0.00000,0.00000,0.00000,0.00000,0.000,0.000
35,CR,5,0.00000,0.00000,0.00000,0.00000,0.000,0.000
35,CR,6,0.00000,0.00000,0.00000,0.00000,0.000,0.000
35,CR,7,-0.32721,0.06820,-0.09158,0.08419,0.000,0.000
35,CR,8,-0.14943,0.34216,0.09256,0.10123,0.000,0.000
35,CR,9,0.00000,0.00000,0.00000,0.00000,0.000,0.000
35,CR,10,0.00000,0.00000,0.00000,0.00000,0.000,0.000
35,CR,11,0.00000,0.00000,0.00000,0.00000,0.000,0.000
35,Core,0,-0.08853,0.12330,0.03170,0.04118,0.000,0.000
35,Core,1,-0.41376,0.50000,0.09065,0.25262,0.000,0.070
35,Core,2,0.00024,0.08182,0.02680,0.01495,0.000,0.000
35,Core,3,-0.00771,0.03180,0.01369,0.00926,0.000,0.000
35,Core,4,-0.05122,0.02599,-0.02010,0.01582,0.000,0.000
35,Core,5,-0.02596,0.00690,-0.01195,0.00699,0.000,0.000
35,Core,6,0.00000,0.00000,0.00000,0.00000,0.000,0.000
35,Core,7,-0.03567,0.07158,0.02507,0.02382,0.000,0.000
35,Core,8,-0.14660,0.02219,-0.03972,0.02839,0.000,0.000
35,Core,9,0.00000,0.00000,0.00000,0.00000,0.000,0.000
35,Core,10,0.00000,0.00000,0.00000,0.00000,0.000,0.000
35,Core,11,0.00000,0.00000,0.00000,0.00000,0.000,0.000
35,Moderator,0,-0.13958,0.21857,0.02831,0.07197,0.000,0.000
35,Moderator,1,-0.77379,0.36007,-0.11187,0.22848,0.000,0.000
35,Moderator,2,-0.13582,0.18532,0.02039,0.06655,0.000,0.000
35,Moderator,3,-0.09649,0.17975,0.02637,0.05432,0.000,0.000
35,Moderator,4,0.00000,0.00000,0.00000,0.00000,0.000,0.000
35,Moderator,5,0.00000,0.00000,0.00000,0.00000,0.000,0.000
35,Moderator,6,0.00000,0.00000,0.00000,0.00000,0.000,0.000
35,Moderator,7,-0.17764,0.21409,-0.00745,0.09372,0.000,0.000
35,Moderator,8,-0.47076,0.50000,0.05001,0.25759,0.000,0.060
35,Moderator,9,0.00000,0.00000,0.00000,0.00000,0.000,0.000
35,Moderator,10,0.00000,0.00000,0.00000,0.00000,0.000,0.000
35,Moderator,11,0.00000,0.00000,0.00000,0.00000,0.000,0.000
36,CR,0,-0.02464,0.23847,0.04332,0.04706,0.000,0.000
36,CR,1,-0.25719,0.30345,-0.01462,0.11884,0.000,0.000
36,CR,2,-0.16344,0.02605,-0.01771,0.03349,0.000,0.000
36,CR,3,-0.93809,0.13053,-0.14178,0.19613,0.000,0.000
36,CR,4,0.00000,0.00000,0.00000,0.00000,0.000,0.000
36,CR,5,0.00000,0.00000,0.00000,0.00000,0.000,0.000
36,CR,6,0.00000,0.00000,0.00000,0.00000,0.000,0.000
36,CR,7,-0.33188,0.07564,-0.09343,0.08608,0.000,0.000
36,CR,8,-0.16373,0.35504,0.09061,0.10725,0.000,0.000
36,CR,9,0.00000,0.00000,0.00000,0.00000,0.000,0.000
36,CR,10,0.00000,0.00000,0.00000,0.00000,0.000,0.000
36,CR,11,0.00000,0.00000,0.00000,0.00000,0.000,0.000
36,Core,0,-0.08308,0.12600,0.03508,0.04070,0.000,0.000
36,Core,1,-0.41157,0.50000,0.09488,0.25365,0.000,0.080
36,Core,2,-0.00056,0.09420,0.02857,0.01717,0.000,0.000
36,Core,3,-0.00744,0.04605,0.01623,0.01113,0.000,0.000
36,Core,4,-0.05347,0.01754,-0.02144,0.01522,0.000,0.000
36,Core,5,-0.03996,0.00191,-0.01442,0.00843,0.000,0.000
36,Core,6,0.00000,0.00000,0.00000,0.00000,0.000,0.000
36,Core,7,-0.03561,0.08674,0.02826,0.02691,0.000,0.000
36,Core,8,-0.16063,0.01232,-0.04132,0.02886,0.000,0.000
36,Core,9,0.00000,0.00000,0.00000,0.00000,0.000,0.000
36,Core,10,0.00000,0.00000,0.00000,0.00000,0.000,0.000
36,Core,11,0.00000,0.00000,0.00000,0.00000,0.000,0.000
36,Moderator,0,-0.14242,0.22945,0.03169,0.07480,0.000,0.000
36,Moderator,1,-0.79545,0.36900,-0.11895,0.23654,0.000,0.000
36,Moderator,2,-0.13851,0.19568,0.02350,0.06905,0.000,0.000
36,Moderator,3,-0.09869,0.18959,0.02948,0.05634,0.000,0.000
36,Moderator,4,0.00000,0.00000,0.00000,0.00000,0.000,0.000
36,Moderator,5,0.00000,0.00000,0.00000,0.00000,0.000,0.000
36,Moderator,6,0.00000,0.00000,0.00000,0.00000,0.000,0.000
36,Moderator,7,-0.18124,0.21146,-0.01009,0.09371,0.000,0.000
36,Moderator,8,-0.47299,0.50000,0.05196,0.25862,0.000,0.070
36,Moderator,9,0.00000,0.00000,0.00000,0.00000,0.000,0.000
36,Moderator,10,0.00000,0.00000,0.00000,0.00000,0.000,0.000
36,Moderator,11,0.00000,0.00000,0.00000,0.00000,0.000,0.000
37,CR,0,-0.02419,0.26118,0.04649,0.04888,0.000,0.000
37,CR,1,-0.24980,0.30836,-0.01290,0.11812,0.000,0.000
37,CR,2,-0.17896,0.02281,-0.02035,0.03511,0.000,0.000
37,CR,3,-0.97574,0.13407,-0.14499,0.20221,0.000,0.000
37,CR,4,0.00000,0.00000,0.00000,0.00000,0.000,0.000
37,CR,5,0.00000,0.00000,0.00000,0.00000,0.000,0.000
37,CR,6,0.00000,0.00000,0.00000,0.00000,0.000,0.000
37,CR,7,-0.34923,0.07192,-0.09552,0.08714,0.000,0.000
37,CR,8,-0.16092,0.34467,0.08637,0.10532,0.000,0.000
37,CR,9,0.00000,0.00000,0.00000,0.00000,0.000,0.000
37,CR,10,0.00000,0.00000,0.00000,0.00000,0.000,0.000
37,CR,11,0.00000,0.00000,0.00000,0.00000,0.000,0.000
37,Core,0,-0.08605,0.12724,0.03341,0.04125,0.000,0.000
37,Core,1,-0.41232,0.50000,0.09743,0.25405,0.000,0.080
37,Core,2,0.00047,0.08850,0.02764,0.01616,0.000,0.000
37,Core,3,-0.00667,0.03617,0.01390,0.00978,0.000,0.000
37,Core,4,-0.05087,0.01920,-0.02088,0.01502,0.000,0.000
37,Core,5,-0.03013,0.01052,-0.01206,0.00777,0.000,0.000
37,Core,6,0.00000,0.00000,0.00000,0.00000,0.000,0.000
37,Core,7,-0.03411,0.07582,0.02620,0.02485,0.000,0.000
37,Core,8,-0.16368,0.01292,-0.04134,0.02937,0.000,0.000
37,Core,9,0.00000,0.00000,0.00000,0.00000,0.000,0.000
37,Core,10,0.00000,0.00000,0.00000,0.00000,0.000,0.000
37,Core,11,0.00000,0.00000,0.00000,0.00000,0.000,0.000
37,Moderator,0,-0.14211,0.22621,0.02970,0.07364,0.000,0.000
37,Moderator,1,-0.80372,0.36849,-0.11842,0.23766,0.000,0.000
37,Moderator,2,-0.13811,0.19225,0.02153,0.06790,0.000,0.000
37,Moderator,3,-0.09814,0.18663,0.02752,0.05526,0.000,0.000
37,Moderator,4,0.00000,0.00000,0.00000,0.00000,0.000,0.000
37,Moderator,5,0.00000,0.00000,0.00000,0.00000,0.000,0.000
37,Moderator,6,0.00000,0.00000,0.00000,0.00000,0.000,0.000
37,Moderator,7,-0.18177,0.21580,-0.00708,0.09509,0.000,0.000
37,Moderator,8,-0.47772,0.50000,0.04840,0.26063,0.000,0.070
37,Moderator,9,0.00000,0.00000,0.00000,0.00000,0.000,0.000
37,Moderator,10,0.00000,0.00000,0.00000,0.00000,0.000,0.000
37,Moderator,11,0.00000,0.00000,0.00000,0.00000,0.000,0.000
38,CR,0,-0.02384,0.28242,0.04923,0.05124,0.000,0.000
38,CR,1,-0.24278,0.30526,-0.01316,0.11633,0.000,0.000
38,CR,2,-0.18307,0.02340,-0.02056,0.03592,0.000,0.000
38,CR,3,-1.03720,0.13414,-0.15430,0.21147,0.000,0.000
38,CR,4,0.00000,0.00000,0.00000,0.00000,0.000,0.000
38,CR,5,0.00000,0.00000,0.00000,0.00000,0.000,0.000
38,CR,6,0.00000,0.00000,0.00000,0.00000,0.000,0.000
38,CR,7,-0.37729,0.07036,-0.10019,0.08952,0.000,0.000
38,CR,8,-0.16381,0.34974,0.08795,0.10768,0.000,0.000
38,CR,9,0.00000,0.00000,0.00000,0.00000,0.000,0.000
38,CR,10,0.00000,0.00000,0.00000,0.00000,0.000,0.000
38,CR,11,0.00000,0.00000,0.00000,0.00000,0.000,0.000
38,Core,0,-0.08518,0.12918,0.03562,0.04138,0.000,0.000
38,Core,1,-0.41364,0.50000,0.10409,0.25831,0.000,0.080
38,Core,2,0.00179,0.09513,0.02940,0.01683,0.000,0.000
38,Core,3,-0.00627,0.04181,0.01536,0.01042,0.000,0.000
38,Core,4,-0.05395,0.01945,-0.02218,0.01550,0.000,0.000
38,Core,5,-0.03551,0.00581,-0.01343,0.00802,0.000,0.000
38,Core,6,0.00000,0.00000,0.00000,0.00000,0.000,0.000
38,Core,7,-0.03206,0.08284,0.02845,0.02626,0.000,0.000
38,Core,8,-0.17394,0.01248,-0.04361,0.03057,0.000,0.000
38,Core,9,0.00000,0.00000,0.00000,0.00000,0.000,0.000
38,Core,10,0.00000,0.00000,0.00000,0.00000,0.000,0.000
38,Core,11,0.00000,0.00000,0.00000,0.00000,0.000,0.000
38,Moderator,0,-0.14070,0.22469,0.03023,0.07333,0.000,0.000
38,Moderator,1,-0.81651,0.36409,-0.12206,0.24006,0.000,0.000
38,Moderator,2,-0.13683,0.18913,0.02174,0.06747,0.000,0.000
38,Moderator,3,-0.09642,0.18450,0.02796,0.05479,0.000,0.000
38,Moderator,4,0.00000,0.00000,0.00000,0.00000,0.000,0.000
38,Moderator,5,0.00000,0.00000,0.00000,0.00000,0.000,0.000
38,Moderator,6,0.00000,0.00000,0.00000,0.00000,0.000,0.000
38,Moderator,7,-0.18340,0.22239,-0.00665,0.09611,0.000,0.000
38,Moderator,8,-0.48456,0.50000,0.04971,0.26286,0.000,0.070
38,Moderator,9,0.00000,0.00000,0.00000,0.00000,0.000,0.000
38,Moderator,10,0.00000,0.00000,0.00000,0.00000,0.000,0.000
38,Moderator,11,0.00000,0.00000,0.00000,0.00000,0.000,0.000
39,CR,0,-0.02579,0.28599,0.05005,0.05213,0.000,0.000
39,CR,1,-0.24536,0.30902,-0.01504,0.11723,0.000,0.000
39,CR,2,-0.18566,0.02322,-0.02120,0.03624,0.000,0.000
39,CR,3,-1.04636,0.13498,-0.15543,0.21304,0.000,0.000
39,CR,4,0.00000,0.00000,0.00000,0.00000,0.000,0.000
39,CR,5,0.00000,0.00000,0.00000,0.00000,0.000,0.000
39,CR,6,0.00000,0.00000,0.00000,0.00000,0.000,0.000
39,CR,7,-0.38085,0.07102,-0.10081,0.09053,0.000,0.000
39,CR,8,-0.16710,0.35750,0.08869,0.10990,0.000,0.000
39,CR,9,0.00000,0.00000,0.00000,0.00000,0.000,0.000
39,CR,10,0.00000,0.00000,0.00000,0.00000,0.000,0.000
39,CR,11,0.00000,0.00000,0.00000,0.00000,0.000,0.000
39,Core,0,-0.08785,0.13089,0.03532,0.04207,0.000,0.000
39,Core,1,-0.41346,0.50000,0.10428,0.25900,0.000,0.080
39,Core,2,-0.00079,0.09434,0.02883,0.01704,0.000,0.000
39,Core,3,-0.00624,0.04032,0.01510,0.01025,0.000,0.000
39,Core,4,-0.05214,0.02007,-0.02148,0.01516,0.000,0.000
39,Core,5,-0.03414,0.00608,-0.01318,0.00794,0.000,0.000
39,Core,6,0.00000,0.00000,0.00000,0.00000,0.000,0.000
39,Core,7,-0.03205,0.08463,0.02824,0.02620,0.000,0.000
39,Core,8,-0.17311,0.01226,-0.04299,0.03008,0.000,0.000
39,Core,9,0.00000,0.00000,0.00000,0.00000,0.000,0.000
39,Core,10,0.00000,0.00000,0.00000,0.00000,0.000,0.000
39,Core,11,0.00000,0.00000,0.00000,0.00000,0.000,0.000
39,Moderator,0,-0.14023,0.22295,0.02945,0.07282,0.000,0.000
39,Moderator,1,-0.81740,0.36381,-0.12112,0.23987,0.000,0.000
39,Moderator,2,-0.13625,0.18659,0.02084,0.06686,0.000,0.000
39,Moderator,3,-0.09517,0.18202,0.02720,0.05404,0.000,0.000
39,Moderator,4,0.00000,0.00000,0.00000,0.00000,0.000,0.000
39,Moderator,5,0.00000,0.00000,0.00000,0.00000,0.000,0.000
39,Moderator,6,0.00000,0.00000,0.00000,0.00000,0.000,0.000
39,Moderator,7,-0.18750,0.22656,-0.00659,0.09802,0.000,0.000
39,Moderator,8,-0.48987,0.50000,0.05105,0.26523,0.000,0.070
39,Moderator,9,0.00000,0.00000,0.00000,0.00000,0.000,0.000
39,Moderator,10,0.00000,0.00000,0.00000,0.00000,0.000,0.000
39,Moderator,11,0.00000,0.00000,0.00000,0.00000,0.000,0.000
40,CR,0,-0.02545,0.29068,0.05040,0.05266,0.000,0.000
40,CR,1,-0.25204,0.30640,-0.01721,0.11709,0.000,0.000
40,CR,2,-0.18697,0.02262,-0.02132,0.03671,0.000,0.000
40,CR,3,-1.06495,0.13391,-0.15736,0.21551,0.000,0.000
40,CR,4,0.00000,0.00000,0.00000,0.00000,0.000,0.000
40,CR,5,0.00000,0.00000,0.00000,0.00000,0.000,0.000
40,CR,6,0.00000,0.00000,0.00000,0.00000,0.000,0.000
40,CR,7,-0.37873,0.07534,-0.10108,0.09143,0.000,0.000
40,CR,8,-0.17316,0.36128,0.08887,0.11257,0.000,0.000
40,CR,9,0.00000,0.00000,0.00000,0.00000,0.000,0.000
40,CR,10,0.00000,0.00000,0.00000,0.00000,0.000,0.000
40,CR,11,0.00000,0.00000,0.00000,0.00000,0.000,0.000
40,Core,0,-0.08762,0.12901,0.03592,0.04168,0.000,0.000
40,Core,1,-0.40952,0.50000,0.10549,0.25832,0.000,0.080
40,Core,2,0.00071,0.09618,0.02920,0.01685,0.000,0.000
40,Core,3,-0.00601,0.04041,0.01546,0.01053,0.000,0.000
40,Core,4,-0.05398,0.01984,-0.02180,0.01490,0.000,0.000
40,Core,5,-0.03427,0.00380,-0.01353,0.00805,0.000,0.000
40,Core,6,0.00000,0.00000,0.00000,0.00000,0.000,0.000
40,Core,7,-0.03288,0.08726,0.02881,0.02672,0.000,0.000
40,Core,8,-0.17711,0.01220,-0.04354,0.03038,0.000,0.000
40,Core,9,0.00000,0.00000,0.00000,0.00000,0.000,0.000
40,Core,10,0.00000,0.00000,0.00000,0.00000,0.000,0.000
40,Core,11,0.00000,0.00000,0.00000,0.00000,0.000,0.000
40,Moderator,0,-0.14184,0.22876,0.02980,0.07447,0.000,0.000
40,Moderator,1,-0.82779,0.36587,-0.12197,0.24240,0.000,0.000
40,Moderator,2,-0.13787,0.19197,0.02115,0.06844,0.000,0.000
40,Moderator,3,-0.09664,0.18841,0.02773,0.05571,0.000,0.000
40,Moderator,4,0.00000,0.00000,0.00000,0.00000,0.000,0.000
40,Moderator,5,0.00000,0.00000,0.00000,0.00000,0.000,0.000
40,Moderator,6,0.00000,0.00000,0.00000,0.00000,0.000,0.000
40,Moderator,7,-0.18549,0.22237,-0.00759,0.09684,0.000,0.000
40,Moderator,8,-0.48857,0.50000,0.05273,0.26533,0.000,0.070
40,Moderator,9,0.00000,0.00000,0.00000,0.00000,0.000,0.000
40,Moderator,10,0.00000,0.00000,0.00000,0.00000,0.000,0.000
40,Moderator,11,0.00000,0.00000,0.00000,0.00000,0.000,0.000
41,CR,0,-0.02534,0.29421,0.05136,0.05302,0.000,0.000
41,CR,1,-0.26281,0.30639,-0.01853,0.11762,0.000,0.000
41,CR,2,-0.18855,0.02243,-0.02197,0.03682,0.000,0.000
41,CR,3,-1.07661,0.13128,-0.15992,0.21661,0.000,0.000
41,CR,4,0.00000,0.00000,0.00000,0.00000,0.000,0.000
41,CR,5,0.00000,0.00000,0.00000,0.00000,0.000,0.000
41,CR,6,0.00000,0.00000,0.00000,0.00000,0.000,0.000
41,CR,7,-0.37858,0.07561,-0.10205,0.09232,0.000,0.000
41,CR,8,-0.17966,0.36853,0.08870,0.11647,0.000,0.000
41,CR,9,0.00000,0.00000,0.00000,0.00000,0.000,0.000
41,CR,10,0.00000,0.00000,0.00000,0.00000,0.000,0.000
41,CR,11,0.00000,0.00000,0.00000,0.00000,0.000,0.000
41,Core,0,-0.08836,0.13044,0.03584,0.04204,0.000,0.000
41,Core,1,-0.41138,0.50000,0.10871,0.25956,0.000,0.090
41,Core,2,0.00014,0.09735,0.02883,0.01697,0.000,0.000
41,Core,3,-0.00659,0.03855,0.01516,0.00995,0.000,0.000
41,Core,4,-0.05378,0.02011,-0.02129,0.01499,0.000,0.000
41,Core,5,-0.03235,0.00330,-0.01320,0.00758,0.000,0.000
41,Core,6,0.00000,0.00000,0.00000,0.00000,0.000,0.000
41,Core,7,-0.03204,0.09031,0.02866,0.02624,0.000,0.000
41,Core,8,-0.17764,0.01188,-0.04314,0.03046,0.000,0.000
41,Core,9,0.00000,0.00000,0.00000,0.00000,0.000,0.000
41,Core,10,0.00000,0.00000,0.00000,0.00000,0.000,0.000
41,Core,11,0.00000,0.00000,0.00000,0.00000,0.000,0.000
41,Moderator,0,-0.14181,0.23077,0.02952,0.07437,0.000,0.000
41,Moderator,1,-0.83506,0.36349,-0.12288,0.24282,0.000,0.000
41,Moderator,2,-0.13774,0.19387,0.02085,0.06829,0.000,0.000
41,Moderator,3,-0.09603,0.19016,0.02746,0.05561,0.000,0.000
41,Moderator,4,0.00000,0.00000,0.00000,0.00000,0.000,0.000
41,Moderator,5,0.00000,0.00000,0.00000,0.00000,0.000,0.000
41,Moderator,6,0.00000,0.00000,0.00000,0.00000,0.000,0.000
41,Moderator,7,-0.18840,0.22403,-0.00694,0.09805,0.000,0.000
41,Moderator,8,-0.49249,0.50000,0.05248,0.26679,0.000,0.070
41,Moderator,9,0.00000,0.00000,0.00000,0.00000,0.000,0.000
41,Moderator,10,0.00000,0.00000,0.00000,0.00000,0.000,0.000
41,Moderator,11,0.00000,0.00000,0.00000,0.00000,0.000,0.000
42,CR,0,-0.02528,0.30527,0.05309,0.05427,0.000,0.000
42,CR,1,-0.25580,0.30920,-0.01681,0.11841,0.000,0.000
42,CR,2,-0.19196,0.02209,-0.02290,0.03758,0.000,0.000
42,CR,3,-1.09794,0.12921,-0.16322,0.21961,0.000,0.000
42,CR,4,0.00000,0.00000,0.00000,0.00000,0.000,0.000
42,CR,5,0.00000,0.00000,0.00000,0.00000,0.000,0.000
42,CR,6,0.00000,0.00000,0.00000,0.00000,0.000,0.000
42,CR,7,-0.38166,0.07786,-0.10324,0.09373,0.000,0.000
42,CR,8,-0.18549,0.37597,0.08964,0.11979,0.000,0.000
42,CR,9,0.00000,0.00000,0.00000,0.00000,0.000,0.000
42,CR,10,0.00000,0.00000,0.00000,0.00000,0.000,0.000
42,CR,11,0.00000,0.00000,0.00000,0.00000,0.000,0.000
42,Core,0,-0.08881,0.12998,0.03607,0.04211,0.000,0.000
42,Core,1,-0.40859,0.50000,0.11312,0.25980,0.000,0.090
42,Core,2,-0.00044,0.09635,0.02865,0.01705,0.000,0.000
42,Core,3,-0.00658,0.03991,0.01506,0.00993,0.000,0.000
42,Core,4,-0.05084,0.02083,-0.02085,0.01497,0.000,0.000
42,Core,5,-0.03363,0.00328,-0.01307,0.00764,0.000,0.000
42,Core,6,0.00000,0.00000,0.00000,0.00000,0.000,0.000
42,Core,7,-0.03214,0.09191,0.02891,0.02636,0.000,0.000
42,Core,8,-0.17620,0.01205,-0.04292,0.03032,0.000,0.000
42,Core,9,0.00000,0.00000,0.00000,0.00000,0.000,0.000
42,Core,10,0.00000,0.00000,0.00000,0.00000,0.000,0.000
42,Core,11,0.00000,0.00000,0.00000,0.00000,0.000,0.000
42,Moderator,0,-0.14121,0.22727,0.02869,0.07373,0.000,0.000
42,Moderator,1,-0.83708,0.35901,-0.12316,0.24204,0.000,0.000
42,Moderator,2,-0.13710,0.18970,0.01991,0.06762,0.000,0.000
42,Moderator,3,-0.09511,0.18555,0.02644,0.05478,0.000,0.000
42,Moderator,4,0.00000,0.00000,0.00000,0.00000,0.000,0.000
42,Moderator,5,0.00000,0.00000,0.00000,0.00000,0.000,0.000
42,Moderator,6,0.00000,0.00000,0.00000,0.00000,0.000,0.000
42,Moderator,7,-0.18981,0.23211,-0.00558,0.09888,0.000,0.000
42,Moderator,8,-0.49525,0.50000,0.05164,0.26772,0.000,0.070
42,Moderator,9,0.00000,0.00000,0.00000,0.00000,0.000,0.000
42,Moderator,10,0.00000,0.00000,0.00000,0.00000,0.000,0.000
42,Moderator,11,0.00000,0.00000,0.00000,0.00000,0.000,0.000
43,CR,0,-0.02679,0.30441,0.05274,0.05427,0.000,0.000
43,CR,1,-0.25938,0.30743,-0.01779,0.11836,0.000,0.000
43,CR,2,-0.19255,0.02262,-0.02262,0.03780,0.000,0.000
43,CR,3,-1.10013,0.12985,-0.16327,0.22008,0.000,0.000
43,CR,4,0.00000,0.00000,0.00000,0.00000,0.000,0.000
43,CR,5,0.00000,0.00000,0.00000,0.00000,0.000,0.000
43,CR,6,0.00000,0.00000,0.00000,0.00000,0.000,0.000
43,CR,7,-0.37465,0.08066,-0.10257,0.09366,0.000,0.000
43,CR,8,-0.18615,0.37781,0.09074,0.12048,0.000,0.000
43,CR,9,0.00000,0.00000,0.00000,0.00000,0.000,0.000
43,CR,10,0.00000,0.00000,0.00000,0.00000,0.000,0.000
43,CR,11,0.00000,0.00000,0.00000,0.00000,0.000,0.000
43,Core,0,-0.08844,0.13060,0.03688,0.04207,0.000,0.000
43,Core,1,-0.41197,0.50000,0.11173,0.26044,0.000,0.090
43,Core,2,0.00086,0.09826,0.02944,0.01701,0.000,0.000
43,Core,3,-0.00584,0.04021,0.01592,0.01013,0.000,0.000
43,Core,4,-0.05286,0.01982,-0.02153,0.01493,0.000,0.000
43,Core,5,-0.03399,0.00157,-0.01393,0.00771,0.000,0.000
43,Core,6,0.00000,0.00000,0.00000,0.00000,0.000,0.000
43,Core,7,-0.03238,0.09335,0.02981,0.02652,0.000,0.000
43,Core,8,-0.17831,0.01156,-0.04361,0.03054,0.000,0.000
43,Core,9,0.00000,0.00000,0.00000,0.00000,0.000,0.000
43,Core,10,0.00000,0.00000,0.00000,0.00000,0.000,0.000
43,Core,11,0.00000,0.00000,0.00000,0.00000,0.000,0.000
43,Moderator,0,-0.14052,0.22888,0.02913,0.07384,0.000,0.000
43,Moderator,1,-0.83779,0.35904,-0.12301,0.24197,0.000,0.000
43,Moderator,2,-0.13642,0.19097,0.02030,0.06767,0.000,0.000
43,Moderator,3,-0.09435,0.18710,0.02691,0.05486,0.000,0.000
43,Moderator,4,0.00000,0.00000,0.00000,0.00000,0.000,0.000
43,Moderator,5,0.00000,0.00000,0.00000,0.00000,0.000,0.000
43,Moderator,6,0.00000,0.00000,0.00000,0.00000,0.000,0.000
43,Moderator,7,-0.19059,0.23130,-0.00647,0.09893,0.000,0.000
43,Moderator,8,-0.49447,0.50000,0.05354,0.26803,0.000,0.070
43,Moderator,9,0.00000,0.00000,0.00000,0.00000,0.000,0.000
43,Moderator,10,0.00000,0.00000,0.00000,0.00000,0.000,0.000
43,Moderator,11,0.00000,0.00000,0.00000,0.00000,0.000,0.000
44,CR,0,-0.02851,0.31091,0.05352,0.05519,0.000,0.000
44,CR,1,-0.26794,0.30500,-0.01907,0.11776,0.000,0.000
44,CR,2,-0.19915,0.02310,-0.02347,0.03876,0.000,0.000
44,CR,3,-1.11060,0.13312,-0.16329,0.22181,0.000,0.000
44,CR,4,0.00000,0.00000,0.00000,0.00000,0.000,0.000
44,CR,5,0.00000,0.00000,0.00000,0.00000,0.000,0.000
44,CR,6,0.00000,0.00000,0.00000,0.00000,0.000,0.000
44,CR,7,-0.37464,0.08182,-0.10260,0.09444,0.000,0.000
44,CR,8,-0.18806,0.38222,0.09078,0.12189,0.000,0.000
44,CR,9,0.00000,0.00000,0.00000,0.00000,0.000,0.000
44,CR,10,0.00000,0.00000,0.00000,0.00000,0.000,0.000
44,CR,11,0.00000,0.00000,0.00000,0.00000,0.000,0.000
44,Core,0,-0.08918,0.13143,0.03618,0.04249,0.000,0.000
44,Core,1,-0.41552,0.50000,0.11104,0.26103,0.000,0.090
44,Core,2,-0.00049,0.09670,0.02887,0.01723,0.000,0.000
44,Core,3,-0.00634,0.04035,0.01520,0.01026,0.000,0.000
44,Core,4,-0.05191,0.01955,-0.02111,0.01501,0.000,0.000
44,Core,5,-0.03412,0.00475,-0.01322,0.00799,0.000,0.000
44,Core,6,0.00000,0.00000,0.00000,0.00000,0.000,0.000
44,Core,7,-0.03146,0.09053,0.02907,0.02639,0.000,0.000
44,Core,8,-0.17852,0.01118,-0.04317,0.03068,0.000,0.000
44,Core,9,0.00000,0.00000,0.00000,0.00000,0.000,0.000
44,Core,10,0.00000,0.00000,0.00000,0.00000,0.000,0.000
44,Core,11,0.00000,0.00000,0.00000,0.00000,0.000,0.000
44,Moderator,0,-0.14088,0.22730,0.02853,0.07346,0.000,0.000
44,Moderator,1,-0.83773,0.35695,-0.12242,0.24172,0.000,0.000
44,Moderator,2,-0.13657,0.18925,0.01973,0.06722,0.000,0.000
44,Moderator,3,-0.09424,0.18529,0.02634,0.05432,0.000,0.000
44,Moderator,4,0.00000,0.00000,0.00000,0.00000,0.000,0.000
44,Moderator,5,0.00000,0.00000,0.00000,0.00000,0.000,0.000
44,Moderator,6,0.00000,0.00000,0.00000,0.00000,0.000,0.000
44,Moderator,7,-0.19255,0.23541,-0.00596,0.10021,0.000,0.000
44,Moderator,8,-0.49857,0.50000,0.05394,0.26954,0.000,0.070
44,Moderator,9,0.00000,0.00000,0.00000,0.00000,0.000,0.000
44,Moderator,10,0.00000,0.00000,0.00000,0.00000,0.000,0.000
44,Moderator,11,0.00000,0.00000,0.00000,0.00000,0.000,0.000
45,CR,0,-0.02842,0.31433,0.05385,0.05554,0.000,0.000
45,CR,1,-0.28324,0.29937,-0.02192,0.11707,0.000,0.000
45,CR,2,-0.20146,0.02238,-0.02374,0.03905,0.000,0.000
45,CR,3,-1.11785,0.13285,-0.16386,0.22267,0.000,0.000
45,CR,4,0.00000,0.00000,0.00000,0.00000,0.000,0.000
45,CR,5,0.00000,0.00000,0.00000,0.00000,0.000,0.000
45,CR,6,0.00000,0.00000,0.00000,0.00000,0.000,0.000
45,CR,7,-0.37057,0.08526,-0.10247,0.09509,0.000,0.000
45,CR,8,-0.19130,0.38505,0.09088,0.12334,0.000,0.000
45,CR,9,0.00000,0.00000,0.00000,0.00000,0.000,0.000
45,CR,10,0.00000,0.00000,0.00000,0.00000,0.000,0.000
45,CR,11,0.00000,0.00000,0.00000,0.00000,0.000,0.000
45,Core,0,-0.08987,0.13110,0.03644,0.04247,0.000,0.000
45,Core,1,-0.41692,0.50000,0.11028,0.26109,0.000,0.090
45,Core,2,-0.00037,0.09922,0.02926,0.01746,0.000,0.000
45,Core,3,-0.00605,0.04012,0.01538,0.01027,0.000,0.000
45,Core,4,-0.05437,0.01985,-0.02150,0.01515,0.000,0.000
45,Core,5,-0.03394,0.00287,-0.01341,0.00794,0.000,0.000
45,Core,6,0.00000,0.00000,0.00000,0.00000,0.000,0.000
45,Core,7,-0.03205,0.09200,0.02927,0.02649,0.000,0.000
45,Core,8,-0.18161,0.01171,-0.04360,0.03113,0.000,0.000
45,Core,9,0.00000,0.00000,0.00000,0.00000,0.000,0.000
45,Core,10,0.00000,0.00000,0.00000,0.00000,0.000,0.000
45,Core,11,0.00000,0.00000,0.00000,0.00000,0.000,0.000
45,Moderator,0,-0.14041,0.22865,0.02861,0.07353,0.000,0.000
45,Moderator,1,-0.84183,0.35496,-0.12251,0.24149,0.000,0.000
45,Moderator,2,-0.13596,0.19048,0.01981,0.06720,0.000,0.000
45,Moderator,3,-0.09348,0.18678,0.02651,0.05445,0.000,0.000
45,Moderator,4,0.00000,0.00000,0.00000,0.00000,0.000,0.000
45,Moderator,5,0.00000,0.00000,0.00000,0.00000,0.000,0.000
45,Moderator,6,0.00000,0.00000,0.00000,0.00000,0.000,0.000
45,Moderator,7,-0.19387,0.23573,-0.00616,0.10067,0.000,0.000
45,Moderator,8,-0.49911,0.50000,0.05494,0.27008,0.000,0.070
45,Moderator,9,0.00000,0.00000,0.00000,0.00000,0.000,0.000
45,Moderator,10,0.00000,0.00000,0.00000,0.00000,0.000,0.000
45,Moderator,11,0.00000,0.00000,0.00000,0.00000,0.000,0.000
46,CR,0,-0.02800,0.32125,0.05482,0.05647,0.000,0.000
46,CR,1,-0.29027,0.29869,-0.02316,0.11719,0.000,0.000
46,CR,2,-0.20688,0.02159,-0.02459,0.03986,0.000,0.000
46,CR,3,-1.13303,0.13125,-0.16585,0.22447,0.000,0.000
46,CR,4,0.00000,0.00000,0.00000,0.00000,0.000,0.000
46,CR,5,0.00000,0.00000,0.00000,0.00000,0.000,0.000
46,CR,6,0.00000,0.00000,0.00000,0.00000,0.000,0.000
46,CR,7,-0.37190,0.08625,-0.10306,0.09569,0.000,0.000
46,CR,8,-0.19346,0.38831,0.09131,0.12481,0.000,0.000
46,CR,9,0.00000,0.00000,0.00000,0.00000,0.000,0.000
46,CR,10,0.00000,0.00000,0.00000,0.00000,0.000,0.000
46,CR,11,0.00000,0.00000,0.00000,0.00000,0.000,0.000
46,Core,0,-0.09163,0.13116,0.03611,0.04271,0.000,0.000
46,Core,1,-0.41759,0.50000,0.11092,0.26143,0.000,0.090
46,Core,2,-0.00038,0.09883,0.02905,0.01737,0.000,0.000
46,Core,3,-0.00651,0.03906,0.01496,0.01010,0.000,0.000
46,Core,4,-0.05417,0.02002,-0.02134,0.01516,0.000,0.000
46,Core,5,-0.03286,0.00552,-0.01298,0.00791,0.000,0.000
46,Core,6,0.00000,0.00000,0.00000,0.00000,0.000,0.000
46,Core,7,-0.03146,0.09075,0.02896,0.02617,0.000,0.000
46,Core,8,-0.18296,0.01156,-0.04358,0.03124,0.000,0.000
46,Core,9,0.00000,0.00000,0.00000,0.00000,0.000,0.000
46,Core,10,0.00000,0.00000,0.00000,0.00000,0.000,0.000
46,Core,11,0.00000,0.00000,0.00000,0.00000,0.000,0.000
46,Moderator,0,-0.14021,0.23006,0.02879,0.07368,0.000,0.000
46,Moderator,1,-0.85144,0.35358,-0.12360,0.24219,0.000,0.000
46,Moderator,2,-0.13566,0.19164,0.01996,0.06726,0.000,0.000
46,Moderator,3,-0.09312,0.18831,0.02672,0.05466,0.000,0.000
46,Moderator,4,0.00000,0.00000,0.00000,0.00000,0.000,0.000
46,Moderator,5,0.00000,0.00000,0.00000,0.00000,0.000,0.000
46,Moderator,6,0.00000,0.00000,0.00000,0.00000,0.000,0.000
46,Moderator,7,-0.19382,0.23689,-0.00580,0.10082,0.000,0.000
46,Moderator,8,-0.50090,0.50000,0.05495,0.27068,0.000,0.070
46,Moderator,9,0.00000,0.00000,0.00000,0.00000,0.000,0.000
46,Moderator,10,0.00000,0.00000,0.00000,0.00000,0.000,0.000
46,Moderator,11,0.00000,0.00000,0.00000,0.00000,0.000,0.000
47,CR,0,-0.02806,0.32869,0.05546,0.05755,0.000,0.000
47,CR,1,-0.30040,0.29631,-0.02492,0.11757,0.000,0.000
47,CR,2,-0.21141,0.02099,-0.02492,0.04050,0.000,0.000
47,CR,3,-1.15099,0.13240,-0.16753,0.22681,0.000,0.000
47,CR,4,0.00000,0.00000,0.00000,0.00000,0.000,0.000
47,CR,5,0.00000,0.00000,0.00000,0.00000,0.000,0.000
47,CR,6,0.00000,0.00000,0.00000,0.00000,0.000,0.000
47,CR,7,-0.37247,0.08803,-0.10362,0.09654,0.000,0.000
47,CR,8,-0.19495,0.39115,0.09199,0.12576,0.000,0.000
47,CR,9,0.00000,0.00000,0.00000,0.00000,0.000,0.000
47,CR,10,0.00000,0.00000,0.00000,0.00000,0.000,0.000
47,CR,11,0.00000,0.00000,0.00000,0.00000,0.000,0.000
47,Core,0,-0.09157,0.13138,0.03622,0.04270,0.000,0.000
47,Core,1,-0.41928,0.50000,0.11093,0.26203,0.000,0.090
47,Core,2,0.00007,0.10034,0.02947,0.01743,0.000,0.000
47,Core,3,-0.00596,0.03940,0.01498,0.00995,0.000,0.000
47,Core,4,-0.05651,0.02072,-0.02190,0.01542,0.000,0.000
47,Core,5,-0.03318,0.00674,-0.01298,0.00786,0.000,0.000
47,Core,6,0.00000,0.00000,0.00000,0.00000,0.000,0.000
47,Core,7,-0.03089,0.09086,0.02915,0.02599,0.000,0.000
47,Core,8,-0.18757,0.01214,-0.04435,0.03185,0.000,0.000
47,Core,9,0.00000,0.00000,0.00000,0.00000,0.000,0.000
47,Core,10,0.00000,0.00000,0.00000,0.00000,0.000,0.000
47,Core,11,0.00000,0.00000,0.00000,0.00000,0.000,0.000
47,Moderator,0,-0.13943,0.23313,0.02935,0.07397,0.000,0.000
47,Moderator,1,-0.86363,0.35141,-0.12496,0.24294,0.000,0.000
47,Moderator,2,-0.13483,0.19447,0.02049,0.06747,0.000,0.000
47,Moderator,3,-0.09211,0.19151,0.02733,0.05508,0.000,0.000
47,Moderator,4,0.00000,0.00000,0.00000,0.00000,0.000,0.000
47,Moderator,5,0.00000,0.00000,0.00000,0.00000,0.000,0.000
47,Moderator,6,0.00000,0.00000,0.00000,0.00000,0.000,0.000
47,Moderator,7,-0.19485,0.23777,-0.00591,0.10129,0.000,0.000
47,Moderator,8,-0.50180,0.50000,0.05531,0.27106,0.000,0.070
47,Moderator,9,0.00000,0.00000,0.00000,0.00000,0.000,0.000
47,Moderator,10,0.00000,0.00000,0.00000,0.00000,0.000,0.000
47,Moderator,11,0.00000,0.00000,0.00000,0.00000,0.000,0.000
48,CR,0,-0.02857,0.32591,0.05503,0.05708,0.000,0.000
48,CR,1,-0.30386,0.29297,-0.02542,0.11654,0.000,0.000
48,CR,2,-0.20892,0.02128,-0.02467,0.04016,0.000,0.000
48,CR,3,-1.14610,0.13313,-0.16629,0.22594,0.000,0.000
48,CR,4,0.00000,0.00000,0.00000,0.00000,0.000,0.000
48,CR,5,0.00000,0.00000,0.00000,0.00000,0.000,0.000
48,CR,6,0.00000,0.00000,0.00000,0.00000,0.000,0.000
48,CR,7,-0.37083,0.08952,-0.10348,0.09693,0.000,0.000
48,CR,8,-0.19735,0.39329,0.09152,0.12693,0.000,0.000
48,CR,9,0.00000,0.00000,0.00000,0.00000,0.000,0.000
48,CR,10,0.00000,0.00000,0.00000,0.00000,0.000,0.000
48,CR,11,0.00000,0.00000,0.00000,0.00000,0.000,0.000
48,Core,0,-0.09193,0.13142,0.03620,0.04277,0.000,0.000
48,Core,1,-0.41979,0.50000,0.11119,0.26195,0.000,0.090
48,Core,2,0.00012,0.10158,0.02939,0.01761,0.000,0.000
48,Core,3,-0.00582,0.03881,0.01499,0.00982,0.000,0.000
48,Core,4,-0.05731,0.02033,-0.02179,0.01547,0.000,0.000
48,Core,5,-0.03260,0.00525,-0.01300,0.00772,0.000,0.000
48,Core,6,0.00000,0.00000,0.00000,0.00000,0.000,0.000
48,Core,7,-0.03040,0.09227,0.02911,0.02591,0.000,0.000
48,Core,8,-0.18781,0.01183,-0.04410,0.03193,0.000,0.000
48,Core,9,0.00000,0.00000,0.00000,0.00000,0.000,0.000
48,Core,10,0.00000,0.00000,0.00000,0.00000,0.000,0.000
48,Core,11,0.00000,0.00000,0.00000,0.00000,0.000,0.000
48,Moderator,0,-0.13960,0.23257,0.02897,0.07378,0.000,0.000
48,Moderator,1,-0.86124,0.35085,-0.12414,0.24226,0.000,0.000
48,Moderator,2,-0.13489,0.19411,0.02018,0.06728,0.000,0.000
48,Moderator,3,-0.09209,0.19085,0.02696,0.05486,0.000,0.000
48,Moderator,4,0.00000,0.00000,0.00000,0.00000,0.000,0.000
48,Moderator,5,0.00000,0.00000,0.00000,0.00000,0.000,0.000
48,Moderator,6,0.00000,0.00000,0.00000,0.00000,0.000,0.000
48,Moderator,7,-0.19535,0.23731,-0.00586,0.10151,0.000,0.000
48,Moderator,8,-0.50296,0.50000,0.05502,0.27153,0.000,0.070
48,Moderator,9,0.00000,0.00000,0.00000,0.00000,0.000,0.000
48,Moderator,10,0.00000,0.00000,0.00000,0.00000,0.000,0.000
48,Moderator,11,0.00000,0.00000,0.00000,0.00000,0.000,0.000
49,CR,0,-0.02905,0.32910,0.05561,0.05756,0.000,0.000
49,CR,1,-0.30265,0.29462,-0.02491,0.11699,0.000,0.000
49,CR,2,-0.20971,0.02148,-0.02485,0.04042,0.000,0.000
49,CR,3,-1.15094,0.13160,-0.16770,0.22620,0.000,0.000
49,CR,4,0.00000,0.00000,0.00000,0.00000,0.000,0.000
49,CR,5,0.00000,0.00000,0.00000,0.00000,0.000,0.000
49,CR,6,0.00000,0.00000,0.00000,0.00000,0.000,0.000
49,CR,7,-0.37456,0.08924,-0.10453,0.09747,0.000,0.000
49,CR,8,-0.19827,0.39749,0.09299,0.12799,0.000,0.000
49,CR,9,0.00000,0.00000,0.00000,0.00000,0.000,0.000
49,CR,10,0.00000,0.00000,0.00000,0.00000,0.000,0.000
49,CR,11,0.00000,0.00000,0.00000,0.00000,0.000,0.000
49,Core,0,-0.09142,0.13190,0.03650,0.04269,0.000,0.000
49,Core,1,-0.41974,0.50000,0.11211,0.26206,0.000,0.090
49,Core,2,0.00005,0.10165,0.02958,0.01766,0.000,0.000
49,Core,3,-0.00593,0.03969,0.01519,0.00990,0.000,0.000
49,Core,4,-0.05693,0.01962,-0.02185,0.01529,0.000,0.000
49,Core,5,-0.03344,0.00574,-0.01318,0.00784,0.000,0.000
49,Core,6,0.00000,0.00000,0.00000,0.00000,0.000,0.000
49,Core,7,-0.03029,0.09216,0.02943,0.02588,0.000,0.000
49,Core,8,-0.18772,0.01105,-0.04425,0.03182,0.000,0.000
49,Core,9,0.00000,0.00000,0.00000,0.00000,0.000,0.000
49,Core,10,0.00000,0.00000,0.00000,0.00000,0.000,0.000
49,Core,11,0.00000,0.00000,0.00000,0.00000,0.000,0.000
49,Moderator,0,-0.13974,0.23158,0.02867,0.07379,0.000,0.000
49,Moderator,1,-0.85986,0.35065,-0.12406,0.24228,0.000,0.000
49,Moderator,2,-0.13500,0.19301,0.01983,0.06730,0.000,0.000
49,Moderator,3,-0.09212,0.18970,0.02662,0.05475,0.000,0.000
49,Moderator,4,0.00000,0.00000,0.00000,0.00000,0.000,0.000
49,Moderator,5,0.00000,0.00000,0.00000,0.00000,0.000,0.000
49,Moderator,6,0.00000,0.00000,0.00000,0.00000,0.000,0.000
49,Moderator,7,-0.19552,0.23887,-0.00568,0.10157,0.000,0.000
49,Moderator,8,-0.50393,0.50000,0.05548,0.27195,0.000,0.070
49,Moderator,9,0.00000,0.00000,0.00000,0.00000,0.000,0.000
49,Moderator,10,0.00000,0.00000,0.00000,0.00000,0.000,0.000
49,Moderator,11,0.00000,0.00000,0.00000,0.00000,0.000,0.000
50,CR,0,-0.02948,0.32880,0.05576,0.05744,0.000,0.000
50,CR,1,-0.30102,0.29487,-0.02459,0.11663,0.000,0.000
50,CR,2,-0.20859,0.02179,-0.02498,0.04031,0.000,0.000
50,CR,3,-1.15287,0.13107,-0.16803,0.22623,0.000,0.000
50,CR,4,0.00000,0.00000,0.00000,0.00000,0.000,0.000
50,CR,5,0.00000,0.00000,0.00000,0.00000,0.000,0.000
50,CR,6,0.00000,0.00000,0.00000,0.00000,0.000,0.000
50,CR,7,-0.37361,0.09043,-0.10452,0.09764,0.000,0.000
50,CR,8,-0.20093,0.39875,0.09261,0.12922,0.000,0.000
50,CR,9,0.00000,0.00000,0.00000,0.00000,0.000,0.000
50,CR,10,0.00000,0.00000,0.00000,0.00000,0.000,0.000
50,CR,11,0.00000,0.00000,0.00000,0.00000,0.000,0.000
50,Core,0,-0.09117,0.13115,0.03643,0.04258,0.000,0.000
50,Core,1,-0.42012,0.50000,0.11277,0.26228,0.000,0.090
50,Core,2,-0.00002,0.10274,0.02947,0.01780,0.000,0.000
50,Core,3,-0.00613,0.03934,0.01515,0.01003,0.000,0.000
50,Core,4,-0.05759,0.01910,-0.02171,0.01529,0.000,0.000
50,Core,5,-0.03311,0.00420,-0.01315,0.00783,0.000,0.000
50,Core,6,0.00000,0.00000,0.00000,0.00000,0.000,0.000
50,Core,7,-0.03032,0.09403,0.02944,0.02612,0.000,0.000
50,Core,8,-0.18836,0.01070,-0.04409,0.03193,0.000,0.000
50,Core,9,0.00000,0.00000,0.00000,0.00000,0.000,0.000
50,Core,10,0.00000,0.00000,0.00000,0.00000,0.000,0.000
50,Core,11,0.00000,0.00000,0.00000,0.00000,0.000,0.000
50,Moderator,0,-0.13935,0.23162,0.02854,0.07362,0.000,0.000
50,Moderator,1,-0.86134,0.34946,-0.12411,0.24202,0.000,0.000
50,Moderator,2,-0.13453,0.19302,0.01971,0.06710,0.000,0.000
50,Moderator,3,-0.09173,0.18969,0.02646,0.05458,0.000,0.000
50,Moderator,4,0.00000,0.00000,0.00000,0.00000,0.000,0.000
50,Moderator,5,0.00000,0.00000,0.00000,0.00000,0.000,0.000
50,Moderator,6,0.00000,0.00000,0.00000,0.00000,0.000,0.000
50,Moderator,7,-0.19525,0.23858,-0.00540,0.10126,0.000,0.000
50,Moderator,8,-0.50353,0.50000,0.05524,0.27188,0.000,0.070
50,Moderator,9,0.00000,0.00000,0.00000,0.00000,0.000,0.000
50,Moderator,10,0.00000,0.00000,0.00000,0.00000,0.000,0.000
50,Moderator,11,0.00000,0.00000,0.00000,0.00000,0.000,0.000
51,CR,0,-0.02848,0.33639,0.05658,0.05852,0.000,0.000
51,CR,1,-0.30225,0.29574,-0.02473,0.11713,0.000,0.000
51,CR,2,-0.21394,0.02162,-0.02549,0.04122,0.000,0.000
51,CR,3,-1.16987,0.13198,-0.16963,0.22876,0.000,0.000
51,CR,4,0.00000,0.00000,0.00000,0.00000,0.000,0.000
51,CR,5,0.00000,0.00000,0.00000,0.00000,0.000,0.000
51,CR,6,0.00000,0.00000,0.00000,0.00000,0.000,0.000
51,CR,7,-0.37764,0.09076,-0.10533,0.09834,0.000,0.000
51,CR,8,-0.20118,0.40121,0.09333,0.12975,0.000,0.000
51,CR,9,0.00000,0.00000,0.00000,0.00000,0.000,0.000
51,CR,10,0.00000,0.00000,0.00000,0.00000,0.000,0.000
51,CR,11,0.00000,0.00000,0.00000,0.00000,0.000,0.000
51,Core,0,-0.09201,0.13114,0.03642,0.04264,0.000,0.000
51,Core,1,-0.42083,0.50000,0.11308,0.26265,0.000,0.090
51,Core,2,-0.00072,0.10263,0.02959,0.01787,0.000,0.000
51,Core,3,-0.00690,0.03960,0.01511,0.01027,0.000,0.000
51,Core,4,-0.05777,0.01900,-0.02184,0.01519,0.000,0.000
51,Core,5,-0.03332,0.00639,-0.01308,0.00811,0.000,0.000
51,Core,6,0.00000,0.00000,0.00000,0.00000,0.000,0.000
51,Core,7,-0.03140,0.09315,0.02955,0.02632,0.000,0.000
51,Core,8,-0.19034,0.01046,-0.04439,0.03204,0.000,0.000
51,Core,9,0.00000,0.00000,0.00000,0.00000,0.000,0.000
51,Core,10,0.00000,0.00000,0.00000,0.00000,0.000,0.000
51,Core,11,0.00000,0.00000,0.00000,0.00000,0.000,0.000
51,Moderator,0,-0.13977,0.23238,0.02853,0.07389,0.000,0.000
51,Moderator,1,-0.86744,0.34940,-0.12467,0.24277,0.000,0.000
51,Moderator,2,-0.13486,0.19348,0.01968,0.06732,0.000,0.000
51,Moderator,3,-0.09186,0.19032,0.02650,0.05479,0.000,0.000
51,Moderator,4,0.00000,0.00000,0.00000,0.00000,0.000,0.000
51,Moderator,5,0.00000,0.00000,0.00000,0.00000,0.000,0.000
51,Moderator,6,0.00000,0.00000,0.00000,0.00000,0.000,0.000
51,Moderator,7,-0.19601,0.24103,-0.00539,0.10184,0.000,0.000
51,Moderator,8,-0.50620,0.50000,0.05613,0.27271,0.000,0.070
51,Moderator,9,0.00000,0.00000,0.00000,0.00000,0.000,0.000
51,Moderator,10,0.00000,0.00000,0.00000,0.00000,0.000,0.000
51,Moderator,11,0.00000,0.00000,0.00000,0.00000,0.000,0.000
52,CR,0,-0.02869,0.34094,0.05724,0.05907,0.000,0.000
52,CR,1,-0.30802,0.29354,-0.02585,0.11687,0.000,0.000
52,CR,2,-0.21565,0.02096,-0.02591,0.04140,0.000,0.000
52,CR,3,-1.17882,0.13223,-0.17054,0.22993,0.000,0.000
52,CR,4,0.00000,0.00000,0.00000,0.00000,0.000,0.000
52,CR,5,0.00000,0.00000,0.00000,0.00000,0.000,0.000
52,CR,6,0.00000,0.00000,0.00000,0.00000,0.000,0.000
52,CR,7,-0.37374,0.09267,-0.10496,0.09866,0.000,0.000
52,CR,8,-0.20387,0.40322,0.09255,0.13104,0.000,0.000
52,CR,9,0.00000,0.00000,0.00000,0.00000,0.000,0.000
52,CR,10,0.00000,0.00000,0.00000,0.00000,0.000,0.000
52,CR,11,0.00000,0.00000,0.00000,0.00000,0.000,0.000
52,Core,0,-0.09240,0.13161,0.03655,0.04286,0.000,0.000
52,Core,1,-0.42097,0.50000,0.11390,0.26293,0.000,0.090
52,Core,2,-0.00056,0.10460,0.02965,0.01809,0.000,0.000
52,Core,3,-0.00650,0.03945,0.01505,0.01013,0.000,0.000
52,Core,4,-0.05907,0.01942,-0.02185,0.01535,0.000,0.000
52,Core,5,-0.03319,0.00503,-0.01302,0.00795,0.000,0.000
52,Core,6,0.00000,0.00000,0.00000,0.00000,0.000,0.000
52,Core,7,-0.03118,0.09520,0.02955,0.02637,0.000,0.000
52,Core,8,-0.19225,0.01076,-0.04445,0.03233,0.000,0.000
52,Core,9,0.00000,0.00000,0.00000,0.00000,0.000,0.000
52,Core,10,0.00000,0.00000,0.00000,0.00000,0.000,0.000
52,Core,11,0.00000,0.00000,0.00000,0.00000,0.000,0.000
52,Moderator,0,-0.13952,0.23197,0.02818,0.07371,0.000,0.000
52,Moderator,1,-0.86968,0.34861,-0.12446,0.24281,0.000,0.000
52,Moderator,2,-0.13459,0.19293,0.01931,0.06712,0.000,0.000
52,Moderator,3,-0.09145,0.18968,0.02614,0.05458,0.000,0.000
52,Moderator,4,0.00000,0.00000,0.00000,0.00000,0.000,0.000
52,Moderator,5,0.00000,0.00000,0.00000,0.00000,0.000,0.000
52,Moderator,6,0.00000,0.00000,0.00000,0.00000,0.000,0.000
52,Moderator,7,-0.19698,0.24324,-0.00494,0.10237,0.000,0.000
52,Moderator,8,-0.50769,0.50000,0.05611,0.27328,0.000,0.070
52,Moderator,9,0.00000,0.00000,0.00000,0.00000,0.000,0.000
52,Moderator,10,0.00000,0.00000,0.00000,0.00000,0.000,0.000
52,Moderator,11,0.00000,0.00000,0.00000,0.00000,0.000,0.000
53,CR,0,-0.02906,0.34303,0.05754,0.05938,0.000,0.000
53,CR,1,-0.30721,0.29293,-0.02571,0.11657,0.000,0.000
53,CR,2,-0.21674,0.02140,-0.02600,0.04166,0.000,0.000
53,CR,3,-1.18446,0.13095,-0.17176,0.23037,0.000,0.000
53,CR,4,0.00000,0.00000,0.00000,0.00000,0.000,0.000
53,CR,5,0.00000,0.00000,0.00000,0.00000,0.000,0.000
53,CR,6,0.00000,0.00000,0.00000,0.00000,0.000,0.000
53,CR,7,-0.37400,0.09391,-0.10549,0.09908,0.000,0.000
53,CR,8,-0.20567,0.40736,0.09372,0.13239,0.000,0.000
53,CR,9,0.00000,0.00000,0.00000,0.00000,0.000,0.000
53,CR,10,0.00000,0.00000,0.00000,0.00000,0.000,0.000
53,CR,11,0.00000,0.00000,0.00000,0.00000,0.000,0.000
53,Core,0,-0.09209,0.13172,0.03677,0.04282,0.000,0.000
53,Core,1,-0.42037,0.50000,0.11437,0.26281,0.000,0.090
53,Core,2,-0.00046,0.10501,0.02985,0.01817,0.000,0.000
53,Core,3,-0.00648,0.04042,0.01526,0.01030,0.000,0.000
53,Core,4,-0.05919,0.01920,-0.02199,0.01537,0.000,0.000
53,Core,5,-0.03413,0.00473,-0.01323,0.00809,0.000,0.000
53,Core,6,0.00000,0.00000,0.00000,0.00000,0.000,0.000
53,Core,7,-0.03088,0.09606,0.02988,0.02658,0.000,0.000
53,Core,8,-0.19275,0.01057,-0.04467,0.03240,0.000,0.000
53,Core,9,0.00000,0.00000,0.00000,0.00000,0.000,0.000
53,Core,10,0.00000,0.00000,0.00000,0.00000,0.000,0.000
53,Core,11,0.00000,0.00000,0.00000,0.00000,0.000,0.000
53,Moderator,0,-0.13958,0.23219,0.02825,0.07381,0.000,0.000
53,Moderator,1,-0.87145,0.34849,-0.12488,0.24304,0.000,0.000
53,Moderator,2,-0.13465,0.19300,0.01934,0.06721,0.000,0.000
53,Moderator,3,-0.09142,0.18978,0.02619,0.05463,0.000,0.000
53,Moderator,4,0.00000,0.00000,0.00000,0.00000,0.000,0.000
53,Moderator,5,0.00000,0.00000,0.00000,0.00000,0.000,0.000
53,Moderator,6,0.00000,0.00000,0.00000,0.00000,0.000,0.000
53,Moderator,7,-0.19711,0.24370,-0.00505,0.10238,0.000,0.000
53,Moderator,8,-0.50811,0.50000,0.05659,0.27344,0.000,0.090
53,Moderator,9,0.00000,0.00000,0.00000,0.00000,0.000,0.000
53,Moderator,10,0.00000,0.00000,0.00000,0.00000,0.000,0.000
53,Moderator,11,0.00000,0.00000,0.00000,0.00000,0.000,0.000
54,CR,0,-0.02903,0.34494,0.05775,0.05968,0.000,0.000
54,CR,1,-0.30675,0.29341,-0.02537,0.11668,0.000,0.000
54,CR,2,-0.21813,0.02081,-0.02616,0.04177,0.000,0.000
54,CR,3,-1.18720,0.13111,-0.17201,0.23088,0.000,0.000
54,CR,4,0.00000,0.00000,0.00000,0.00000,0.000,0.000
54,CR,5,0.00000,0.00000,0.00000,0.00000,0.000,0.000
54,CR,6,0.00000,0.00000,0.00000,0.00000,0.000,0.000
54,CR,7,-0.37337,0.09484,-0.10555,0.09939,0.000,0.000
54,CR,8,-0.20754,0.40944,0.09368,0.13332,0.000,0.000
54,CR,9,0.00000,0.00000,0.00000,0.00000,0.000,0.000
54,CR,10,0.00000,0.00000,0.00000,0.00000,0.000,0.000
54,CR,11,0.00000,0.00000,0.00000,0.00000,0.000,0.000
54,Core,0,-0.09221,0.13142,0.03665,0.04271,0.000,0.000
54,Core,1,-0.42073,0.50000,0.11462,0.26300,0.000,0.090
54,Core,2,-0.00025,0.10513,0.02980,0.01805,0.000,0.000
54,Core,3,-0.00662,0.03968,0.01520,0.01021,0.000,0.000
54,Core,4,-0.05902,0.01928,-0.02190,0.01528,0.000,0.000
54,Core,5,-0.03341,0.00480,-0.01316,0.00800,0.000,0.000
54,Core,6,0.00000,0.00000,0.00000,0.00000,0.000,0.000
54,Core,7,-0.03097,0.09605,0.02981,0.02647,0.000,0.000
54,Core,8,-0.19264,0.01072,-0.04457,0.03235,0.000,0.000
54,Core,9,0.00000,0.00000,0.00000,0.00000,0.000,0.000
54,Core,10,0.00000,0.00000,0.00000,0.00000,0.000,0.000
54,Core,11,0.00000,0.00000,0.00000,0.00000,0.000,0.000
54,Moderator,0,-0.13968,0.23096,0.02786,0.07359,0.000,0.000
54,Moderator,1,-0.86884,0.34794,-0.12440,0.24250,0.000,0.000
54,Moderator,2,-0.13470,0.19172,0.01895,0.06699,0.000,0.000
54,Moderator,3,-0.09140,0.18837,0.02579,0.05437,0.000,0.000
54,Moderator,4,0.00000,0.00000,0.00000,0.00000,0.000,0.000
54,Moderator,5,0.00000,0.00000,0.00000,0.00000,0.000,0.000
54,Moderator,6,0.00000,0.00000,0.00000,0.00000,0.000,0.000
54,Moderator,7,-0.19763,0.24552,-0.00477,0.10275,0.000,0.000
54,Moderator,8,-0.50885,0.50000,0.05677,0.27377,0.000,0.090
54,Moderator,9,0.00000,0.00000,0.00000,0.00000,0.000,0.000
54,Moderator,10,0.00000,0.00000,0.00000,0.00000,0.000,0.000
54,Moderator,11,0.00000,0.00000,0.00000,0.00000,0.000,0.000
55,CR,0,-0.02868,0.34812,0.05804,0.06003,0.000,0.000
55,CR,1,-0.30553,0.29400,-0.02526,0.11671,0.000,0.000
55,CR,2,-0.21961,0.02086,-0.02630,0.04205,0.000,0.000
55,CR,3,-1.19338,0.13098,-0.17265,0.23161,0.000,0.000
55,CR,4,0.00000,0.00000,0.00000,0.00000,0.000,0.000
55,CR,5,0.00000,0.00000,0.00000,0.00000,0.000,0.000
55,CR,6,0.00000,0.00000,0.00000,0.00000,0.000,0.000
55,CR,7,-0.37350,0.09519,-0.10570,0.09956,0.000,0.000
55,CR,8,-0.20803,0.41048,0.09388,0.13376,0.000,0.000
55,CR,9,0.00000,0.00000,0.00000,0.00000,0.000,0.000
55,CR,10,0.00000,0.00000,0.00000,0.00000,0.000,0.000
55,CR,11,0.00000,0.00000,0.00000,0.00000,0.000,0.000
55,Core,0,-0.09249,0.13204,0.03684,0.04292,0.000,0.000
55,Core,1,-0.42098,0.50000,0.11463,0.26314,0.000,0.090
55,Core,2,-0.00025,0.10578,0.02999,0.01821,0.000,0.000
55,Core,3,-0.00624,0.04061,0.01529,0.01017,0.000,0.000
55,Core,4,-0.05962,0.01958,-0.02209,0.01549,0.000,0.000
55,Core,5,-0.03431,0.00512,-0.01325,0.00803,0.000,0.000
55,Core,6,0.00000,0.00000,0.00000,0.00000,0.000,0.000
55,Core,7,-0.03061,0.09631,0.02997,0.02646,0.000,0.000
55,Core,8,-0.19378,0.01090,-0.04481,0.03257,0.000,0.000
55,Core,9,0.00000,0.00000,0.00000,0.00000,0.000,0.000
55,Core,10,0.00000,0.00000,0.00000,0.00000,0.000,0.000
55,Core,11,0.00000,0.00000,0.00000,0.00000,0.000,0.000
55,Moderator,0,-0.13891,0.23021,0.02800,0.07329,0.000,0.000
55,Moderator,1,-0.87124,0.34679,-0.12480,0.24235,0.000,0.000
55,Moderator,2,-0.13392,0.19087,0.01907,0.06667,0.000,0.000
55,Moderator,3,-0.09054,0.18738,0.02589,0.05405,0.000,0.000
55,Moderator,4,0.00000,0.00000,0.00000,0.00000,0.000,0.000
55,Moderator,5,0.00000,0.00000,0.00000,0.00000,0.000,0.000
55,Moderator,6,0.00000,0.00000,0.00000,0.00000,0.000,0.000
55,Moderator,7,-0.19845,0.24758,-0.00468,0.10324,0.000,0.000
55,Moderator,8,-0.50959,0.50000,0.05690,0.27394,0.000,0.090
55,Moderator,9,0.00000,0.00000,0.00000,0.00000,0.000,0.000
55,Moderator,10,0.00000,0.00000,0.00000,0.00000,0.000,0.000
55,Moderator,11,0.00000,0.00000,0.00000,0.00000,0.000,0.000
56,CR,0,-0.02905,0.34844,0.05810,0.06011,0.000,0.000
56,CR,1,-0.30674,0.29237,-0.02551,0.11640,0.000,0.000
56,CR,2,-0.21939,0.02094,-0.02633,0.04204,0.000,0.000
56,CR,3,-1.19586,0.13067,-0.17303,0.23185,0.000,0.000
56,CR,4,0.00000,0.00000,0.00000,0.00000,0.000,0.000
56,CR,5,0.00000,0.00000,0.00000,0.00000,0.000,0.000
56,CR,6,0.00000,0.00000,0.00000,0.00000,0.000,0.000
56,CR,7,-0.37143,0.09622,-0.10554,0.09965,0.000,0.000
56,CR,8,-0.20956,0.41171,0.09380,0.13451,0.000,0.000
56,CR,9,0.00000,0.00000,0.00000,0.00000,0.000,0.000
56,CR,10,0.00000,0.00000,0.00000,0.00000,0.000,0.000
56,CR,11,0.00000,0.00000,0.00000,0.00000,0.000,0.000
56,Core,0,-0.09212,0.13164,0.03693,0.04277,0.000,0.000
56,Core,1,-0.42071,0.50000,0.11495,0.26301,0.000,0.090
56,Core,2,-0.00019,0.10708,0.03010,0.01830,0.000,0.000
56,Core,3,-0.00644,0.04028,0.01545,0.01026,0.000,0.000
56,Core,4,-0.06045,0.01901,-0.02214,0.01541,0.000,0.000
56,Core,5,-0.03400,0.00375,-0.01340,0.00802,0.000,0.000
56,Core,6,0.00000,0.00000,0.00000,0.00000,0.000,0.000
56,Core,7,-0.03079,0.09799,0.03016,0.02664,0.000,0.000
56,Core,8,-0.19464,0.01044,-0.04485,0.03261,0.000,0.000
56,Core,9,0.00000,0.00000,0.00000,0.00000,0.000,0.000
56,Core,10,0.00000,0.00000,0.00000,0.00000,0.000,0.000
56,Core,11,0.00000,0.00000,0.00000,0.00000,0.000,0.000
56,Moderator,0,-0.13907,0.23052,0.02788,0.07330,0.000,0.000
56,Moderator,1,-0.87168,0.34665,-0.12466,0.24223,0.000,0.000
56,Moderator,2,-0.13404,0.19111,0.01895,0.06667,0.000,0.000
56,Moderator,3,-0.09072,0.18772,0.02578,0.05408,0.000,0.000
56,Moderator,4,0.00000,0.00000,0.00000,0.00000,0.000,0.000
56,Moderator,5,0.00000,0.00000,0.00000,0.00000,0.000,0.000
56,Moderator,6,0.00000,0.00000,0.00000,0.00000,0.000,0.000
56,Moderator,7,-0.19789,0.24674,-0.00468,0.10291,0.000,0.000
56,Moderator,8,-0.50904,0.50000,0.05697,0.27383,0.000,0.090
56,Moderator,9,0.00000,0.00000,0.00000,0.00000,0.000,0.000
56,Moderator,10,0.00000,0.00000,0.00000,0.00000,0.000,0.000
56,Moderator,11,0.00000,0.00000,0.00000,0.00000,0.000,0.000
57,CR,0,-0.02891,0.35279,0.05855,0.06063,0.000,0.000
57,CR,1,-0.30722,0.29172,-0.02575,0.11625,0.000,0.000
57,CR,2,-0.22207,0.02064,-0.02669,0.04249,0.000,0.000
57,CR,3,-1.20457,0.13058,-0.17385,0.23286,0.000,0.000
57,CR,4,0.00000,0.00000,0.00000,0.00000,0.000,0.000
57,CR,5,0.00000,0.00000,0.00000,0.00000,0.000,0.000
57,CR,6,0.00000,0.00000,0.00000,0.00000,0.000,0.000
57,CR,7,-0.37243,0.09665,-0.10584,0.09990,0.000,0.000
57,CR,8,-0.20916,0.41250,0.09428,0.13468,0.000,0.000
57,CR,9,0.00000,0.00000,0.00000,0.00000,0.000,0.000
57,CR,10,0.00000,0.00000,0.00000,0.00000,0.000,0.000
57,CR,11,0.00000,0.00000,0.00000,0.00000,0.000,0.000
57,Core,0,-0.09255,0.13164,0.03677,0.04283,0.000,0.000
57,Core,1,-0.42103,0.50000,0.11495,0.26318,0.000,0.090
57,Core,2,-0.00026,0.10639,0.03005,0.01825,0.000,0.000
57,Core,3,-0.00632,0.04040,0.01526,0.01026,0.000,0.000
57,Core,4,-0.06002,0.01920,-0.02213,0.01542,0.000,0.000
57,Core,5,-0.03410,0.00540,-0.01321,0.00811,0.000,0.000
57,Core,6,0.00000,0.00000,0.00000,0.00000,0.000,0.000
57,Core,7,-0.03078,0.09651,0.03003,0.02653,0.000,0.000
57,Core,8,-0.19511,0.01056,-0.04494,0.03268,0.000,0.000
57,Core,9,0.00000,0.00000,0.00000,0.00000,0.000,0.000
57,Core,10,0.00000,0.00000,0.00000,0.00000,0.000,0.000
57,Core,11,0.00000,0.00000,0.00000,0.00000,0.000,0.000
57,Moderator,0,-0.13891,0.23074,0.02793,0.07335,0.000,0.000
57,Moderator,1,-0.87623,0.34638,-0.12509,0.24263,0.000,0.000
57,Moderator,2,-0.13387,0.19121,0.01897,0.06669,0.000,0.000
57,Moderator,3,-0.09044,0.18793,0.02583,0.05410,0.000,0.000
57,Moderator,4,0.00000,0.00000,0.00000,0.00000,0.000,0.000
57,Moderator,5,0.00000,0.00000,0.00000,0.00000,0.000,0.000
57,Moderator,6,0.00000,0.00000,0.00000,0.00000,0.000,0.000
57,Moderator,7,-0.19830,0.24802,-0.00454,0.10319,0.000,0.000
57,Moderator,8,-0.51006,0.50000,0.05710,0.27412,0.000,0.090
57,Moderator,9,0.00000,0.00000,0.00000,0.00000,0.000,0.000
57,Moderator,10,0.00000,0.00000,0.00000,0.00000,0.000,0.000
57,Moderator,11,0.00000,0.00000,0.00000,0.00000,0.000,0.000
58,CR,0,-0.02904,0.35219,0.05851,0.06055,0.000,0.000
58,CR,1,-0.30713,0.29170,-0.02555,0.11618,0.000,0.000
58,CR,2,-0.22144,0.02049,-0.02668,0.04233,0.000,0.000
58,CR,3,-1.20322,0.13106,-0.17346,0.23269,0.000,0.000
58,CR,4,0.00000,0.00000,0.00000,0.00000,0.000,0.000
58,CR,5,0.00000,0.00000,0.00000,0.00000,0.000,0.000
58,CR,6,0.00000,0.00000,0.00000,0.00000,0.000,0.000
58,CR,7,-0.37303,0.09686,-0.10595,0.10016,0.000,0.000
58,CR,8,-0.21014,0.41329,0.09393,0.13517,0.000,0.000
58,CR,9,0.00000,0.00000,0.00000,0.00000,0.000,0.000
58,CR,10,0.00000,0.00000,0.00000,0.00000,0.000,0.000
58,CR,11,0.00000,0.00000,0.00000,0.00000,0.000,0.000
58,Core,0,-0.09270,0.13163,0.03662,0.04286,0.000,0.000
58,Core,1,-0.42114,0.50000,0.11531,0.26320,0.000,0.090
58,Core,2,-0.00033,0.10650,0.02987,0.01824,0.000,0.000
58,Core,3,-0.00629,0.03960,0.01512,0.01009,0.000,0.000
58,Core,4,-0.05989,0.01928,-0.02194,0.01541,0.000,0.000
58,Core,5,-0.03332,0.00524,-0.01307,0.00797,0.000,0.000
58,Core,6,0.00000,0.00000,0.00000,0.00000,0.000,0.000
58,Core,7,-0.03048,0.09696,0.02988,0.02639,0.000,0.000
58,Core,8,-0.19482,0.01058,-0.04471,0.03265,0.000,0.000
58,Core,9,0.00000,0.00000,0.00000,0.00000,0.000,0.000
58,Core,10,0.00000,0.00000,0.00000,0.00000,0.000,0.000
58,Core,11,0.00000,0.00000,0.00000,0.00000,0.000,0.000
58,Moderator,0,-0.13913,0.23014,0.02759,0.07322,0.000,0.000
58,Moderator,1,-0.87460,0.34619,-0.12463,0.24228,0.000,0.000
58,Moderator,2,-0.13404,0.19067,0.01867,0.06658,0.000,0.000
58,Moderator,3,-0.09056,0.18724,0.02549,0.05396,0.000,0.000
58,Moderator,4,0.00000,0.00000,0.00000,0.00000,0.000,0.000
58,Moderator,5,0.00000,0.00000,0.00000,0.00000,0.000,0.000
58,Moderator,6,0.00000,0.00000,0.00000,0.00000,0.000,0.000
58,Moderator,7,-0.19874,0.24862,-0.00431,0.10342,0.000,0.000
58,Moderator,8,-0.51052,0.50000,0.05690,0.27430,0.000,0.090
58,Moderator,9,0.00000,0.00000,0.00000,0.00000,0.000,0.000
58,Moderator,10,0.00000,0.00000,0.00000,0.00000,0.000,0.000
58,Moderator,11,0.00000,0.00000,0.00000,0.00000,0.000,0.000
59,CR,0,-0.02886,0.35275,0.05853,0.06060,0.000,0.000
59,CR,1,-0.30780,0.29111,-0.02580,0.11608,0.000,0.000
59,CR,2,-0.22151,0.02067,-0.02659,0.04237,0.000,0.000
59,CR,3,-1.20549,0.13078,-0.17384,0.23286,0.000,0.000
59,CR,4,0.00000,0.00000,0.00000,0.00000,0.000,0.000
59,CR,5,0.00000,0.00000,0.00000,0.00000,0.000,0.000
59,CR,6,0.00000,0.00000,0.00000,0.00000,0.000,0.000
59,CR,7,-0.37215,0.09751,-0.10593,0.10021,0.000,0.000
59,CR,8,-0.21080,0.41423,0.09411,0.13553,0.000,0.000
59,CR,9,0.00000,0.00000,0.00000,0.00000,0.000,0.000
59,CR,10,0.00000,0.00000,0.00000,0.00000,0.000,0.000
59,CR,11,0.00000,0.00000,0.00000,0.00000,0.000,0.000
59,Core,0,-0.09289,0.13218,0.03694,0.04300,0.000,0.000
59,Core,1,-0.42110,0.50000,0.11518,0.26320,0.000,0.090
59,Core,2,-0.00005,0.10749,0.03015,0.01835,0.000,0.000
59,Core,3,-0.00592,0.04011,0.01536,0.01007,0.000,0.000
59,Core,4,-0.06076,0.01959,-0.02220,0.01562,0.000,0.000
59,Core,5,-0.03383,0.00455,-0.01331,0.00795,0.000,0.000
59,Core,6,0.00000,0.00000,0.00000,0.00000,0.000,0.000
59,Core,7,-0.03019,0.09790,0.03014,0.02640,0.000,0.000
59,Core,8,-0.19578,0.01095,-0.04498,0.03286,0.000,0.000
59,Core,9,0.00000,0.00000,0.00000,0.00000,0.000,0.000
59,Core,10,0.00000,0.00000,0.00000,0.00000,0.000,0.000
59,Core,11,0.00000,0.00000,0.00000,0.00000,0.000,0.000
59,Moderator,0,-0.13848,0.22994,0.02777,0.07305,0.000,0.000
59,Moderator,1,-0.87495,0.34530,-0.12479,0.24194,0.000,0.000
59,Moderator,2,-0.13339,0.19041,0.01884,0.06638,0.000,0.000
59,Moderator,3,-0.08991,0.18705,0.02567,0.05383,0.000,0.000
59,Moderator,4,0.00000,0.00000,0.00000,0.00000,0.000,0.000
59,Moderator,5,0.00000,0.00000,0.00000,0.00000,0.000,0.000
59,Moderator,6,0.00000,0.00000,0.00000,0.00000,0.000,0.000
59,Moderator,7,-0.19887,0.24848,-0.00448,0.10343,0.000,0.000
59,Moderator,8,-0.51037,0.50000,0.05712,0.27428,0.000,0.090
59,Moderator,9,0.00000,0.00000,0.00000,0.00000,0.000,0.000
59,Moderator,10,0.00000,0.00000,0.00000,0.00000,0.000,0.000
59,Moderator,11,0.00000,0.00000,0.00000,0.00000,0.000,0.000
60,CR,0,-0.02933,0.35330,0.05861,0.06074,0.000,0.000
60,CR,1,-0.30508,0.29200,-0.02514,0.11607,0.000,0.000
60,CR,2,-0.22188,0.02066,-0.02671,0.04244,0.000,0.000
60,CR,3,-1.20637,0.13086,-0.17384,0.23298,0.000,0.000
60,CR,4,0.00000,0.00000,0.00000,0.00000,0.000,0.000
60,CR,5,0.00000,0.00000,0.00000,0.00000,0.000,0.000
60,CR,6,0.00000,0.00000,0.00000,0.00000,0.000,0.000
60,CR,7,-0.37344,0.09776,-0.10614,0.10045,0.000,0.000
60,CR,8,-0.21124,0.41508,0.09435,0.13584,0.000,0.000
60,CR,9,0.00000,0.00000,0.00000,0.00000,0.000,0.000
60,CR,10,0.00000,0.00000,0.00000,0.00000,0.000,0.000
60,CR,11,0.00000,0.00000,0.00000,0.00000,0.000,0.000
60,Core,0,-0.09261,0.13128,0.03670,0.04275,0.000,0.000
60,Core,1,-0.42057,0.50000,0.11540,0.26296,0.000,0.090
60,Core,2,-0.00026,0.10672,0.02996,0.01824,0.000,0.000
60,Core,3,-0.00627,0.03974,0.01523,0.01016,0.000,0.000
60,Core,4,-0.05993,0.01910,-0.02199,0.01533,0.000,0.000
60,Core,5,-0.03345,0.00517,-0.01318,0.00801,0.000,0.000
60,Core,6,0.00000,0.00000,0.00000,0.00000,0.000,0.000
60,Core,7,-0.03043,0.09722,0.03002,0.02643,0.000,0.000
60,Core,8,-0.19505,0.01049,-0.04477,0.03263,0.000,0.000
60,Core,9,0.00000,0.00000,0.00000,0.00000,0.000,0.000
60,Core,10,0.00000,0.00000,0.00000,0.00000,0.000,0.000
60,Core,11,0.00000,0.00000,0.00000,0.00000,0.000,0.000
60,Moderator,0,-0.13911,0.22975,0.02747,0.07322,0.000,0.000
60,Moderator,1,-0.87378,0.34585,-0.12448,0.24206,0.000,0.000
60,Moderator,2,-0.13398,0.19020,0.01854,0.06657,0.000,0.000
60,Moderator,3,-0.09048,0.18685,0.02538,0.05393,0.000,0.000
60,Moderator,4,0.00000,0.00000,0.00000,0.00000,0.000,0.000
60,Moderator,5,0.00000,0.00000,0.00000,0.00000,0.000,0.000
60,Moderator,6,0.00000,0.00000,0.00000,0.00000,0.000,0.000
60,Moderator,7,-0.19860,0.24861,-0.00435,0.10330,0.000,0.000
60,Moderator,8,-0.51065,0.50000,0.05721,0.27436,0.000,0.090
60,Moderator,9,0.00000,0.00000,0.00000,0.00000,0.000,0.000
60,Moderator,10,0.00000,0.00000,0.00000,0.00000,0.000,0.000
60,Moderator,11,0.00000,0.00000,0.00000,0.00000,0.000,0.000
61,CR,0,-0.02936,0.35348,0.05864,0.06075,0.000,0.000
61,CR,1,-0.30577,0.29159,-0.02533,0.11603,0.000,0.000
61,CR,2,-0.22171,0.02075,-0.02667,0.04244,0.000,0.000
61,CR,3,-1.20696,0.13082,-0.17397,0.23302,0.000,0.000
61,CR,4,0.00000,0.00000,0.00000,0.00000,0.000,0.000
61,CR,5,0.00000,0.00000,0.00000,0.00000,0.000,0.000
61,CR,6,0.00000,0.00000,0.00000,0.00000,0.000,0.000
61,CR,7,-0.37275,0.09800,-0.10612,0.10050,0.000,0.000
61,CR,8,-0.21193,0.41604,0.09440,0.13621,0.000,0.000
61,CR,9,0.00000,0.00000,0.00000,0.00000,0.000,0.000
61,CR,10,0.00000,0.00000,0.00000,0.00000,0.000,0.000
61,CR,11,0.00000,0.00000,0.00000,0.00000,0.000,0.000
61,Core,0,-0.09272,0.13170,0.03687,0.04289,0.000,0.000
61,Core,1,-0.42046,0.50000,0.11545,0.26298,0.000,0.090
61,Core,2,-0.00040,0.10742,0.03008,0.01839,0.000,0.000
61,Core,3,-0.00609,0.04019,0.01535,0.01015,0.000,0.000
61,Core,4,-0.06047,0.01910,-0.02209,0.01542,0.000,0.000
61,Core,5,-0.03390,0.00452,-0.01330,0.00800,0.000,0.000
61,Core,6,0.00000,0.00000,0.00000,0.00000,0.000,0.000
61,Core,7,-0.03037,0.09805,0.03017,0.02650,0.000,0.000
61,Core,8,-0.19558,0.01044,-0.04486,0.03273,0.000,0.000
61,Core,9,0.00000,0.00000,0.00000,0.00000,0.000,0.000
61,Core,10,0.00000,0.00000,0.00000,0.00000,0.000,0.000
61,Core,11,0.00000,0.00000,0.00000,0.00000,0.000,0.000
61,Moderator,0,-0.13883,0.22948,0.02752,0.07310,0.000,0.000
61,Moderator,1,-0.87366,0.34532,-0.12457,0.24186,0.000,0.000
61,Moderator,2,-0.13369,0.18992,0.01859,0.06644,0.000,0.000
61,Moderator,3,-0.09014,0.18648,0.02542,0.05381,0.000,0.000
61,Moderator,4,0.00000,0.00000,0.00000,0.00000,0.000,0.000
61,Moderator,5,0.00000,0.00000,0.00000,0.00000,0.000,0.000
61,Moderator,6,0.00000,0.00000,0.00000,0.00000,0.000,0.000
61,Moderator,7,-0.19906,0.24902,-0.00438,0.10349,0.000,0.000
61,Moderator,8,-0.51085,0.50000,0.05732,0.27444,0.000,0.090
61,Moderator,9,0.00000,0.00000,0.00000,0.00000,0.000,0.000
61,Moderator,10,0.00000,0.00000,0.00000,0.00000,0.000,0.000
61,Moderator,11,0.00000,0.00000,0.00000,0.00000,0.000,0.000
62,CR,0,-0.02933,0.35404,0.05871,0.06081,0.000,0.000
62,CR,1,-0.30558,0.29150,-0.02525,0.11598,0.000,0.000
62,CR,2,-0.22222,0.02066,-0.02677,0.04250,0.000,0.000
62,CR,3,-1.20791,0.13093,-0.17398,0.23316,0.000,0.000
62,CR,4,0.00000,0.00000,0.00000,0.00000,0.000,0.000
62,CR,5,0.00000,0.00000,0.00000,0.00000,0.000,0.000
62,CR,6,0.00000,0.00000,0.00000,0.00000,0.000,0.000
62,CR,7,-0.37269,0.09818,-0.10611,0.10057,0.000,0.000
62,CR,8,-0.21228,0.41656,0.09442,0.13645,0.000,0.000
62,CR,9,0.00000,0.00000,0.00000,0.00000,0.000,0.000
62,CR,10,0.00000,0.00000,0.00000,0.00000,0.000,0.000
62,CR,11,0.00000,0.00000,0.00000,0.00000,0.000,0.000
62,Core,0,-0.09280,0.13166,0.03678,0.04288,0.000,0.000
62,Core,1,-0.42061,0.50000,0.11545,0.26300,0.000,0.090
62,Core,2,-0.00034,0.10724,0.03001,0.01834,0.000,0.000
62,Core,3,-0.00605,0.03986,0.01528,0.01010,0.000,0.000
62,Core,4,-0.06026,0.01913,-0.02203,0.01541,0.000,0.000
62,Core,5,-0.03357,0.00481,-0.01323,0.00797,0.000,0.000
62,Core,6,0.00000,0.00000,0.00000,0.00000,0.000,0.000
62,Core,7,-0.03030,0.09781,0.03009,0.02641,0.000,0.000
62,Core,8,-0.19544,0.01048,-0.04480,0.03272,0.000,0.000
62,Core,9,0.00000,0.00000,0.00000,0.00000,0.000,0.000
62,Core,10,0.00000,0.00000,0.00000,0.00000,0.000,0.000
62,Core,11,0.00000,0.00000,0.00000,0.00000,0.000,0.000
62,Moderator,0,-0.13881,0.22912,0.02739,0.07301,0.000,0.000
62,Moderator,1,-0.87329,0.34519,-0.12439,0.24172,0.000,0.000
62,Moderator,2,-0.13365,0.18955,0.01846,0.06635,0.000,0.000
62,Moderator,3,-0.09009,0.18608,0.02529,0.05371,0.000,0.000
62,Moderator,4,0.00000,0.00000,0.00000,0.00000,0.000,0.000
62,Moderator,5,0.00000,0.00000,0.00000,0.00000,0.000,0.000
62,Moderator,6,0.00000,0.00000,0.00000,0.00000,0.000,0.000
62,Moderator,7,-0.19920,0.24958,-0.00428,0.10363,0.000,0.000
62,Moderator,8,-0.51105,0.50000,0.05732,0.27452,0.000,0.090
62,Moderator,9,0.00000,0.00000,0.00000,0.00000,0.000,0.000
62,Moderator,10,0.00000,0.00000,0.00000,0.00000,0.000,0.000
62,Moderator,11,0.00000,0.00000,0.00000,0.00000,0.000,0.000
63,CR,0,-0.02926,0.35445,0.05877,0.06088,0.000,0.000
63,CR,1,-0.30546,0.29140,-0.02522,0.11592,0.000,0.000
63,CR,2,-0.22255,0.02062,-0.02680,0.04255,0.000,0.000
63,CR,3,-1.20879,0.13053,-0.17429,0.23320,0.000,0.000
63,CR,4,0.00000,0.00000,0.00000,0.00000,0.000,0.000
63,CR,5,0.00000,0.00000,0.00000,0.00000,0.000,0.000
63,CR,6,0.00000,0.00000,0.00000,0.00000,0.000,0.000
63,CR,7,-0.37275,0.09842,-0.10623,0.10066,0.000,0.000
63,CR,8,-0.21267,0.41724,0.09463,0.13674,0.000,0.000
63,CR,9,0.00000,0.00000,0.00000,0.00000,0.000,0.000
63,CR,10,0.00000,0.00000,0.00000,0.00000,0.000,0.000
63,CR,11,0.00000,0.00000,0.00000,0.00000,0.000,0.000
63,Core,0,-0.09283,0.13170,0.03678,0.04288,0.000,0.000
63,Core,1,-0.42055,0.50000,0.11550,0.26299,0.000,0.090
63,Core,2,-0.00030,0.10719,0.03003,0.01833,0.000,0.000
63,Core,3,-0.00613,0.03991,0.01529,0.01011,0.000,0.000
63,Core,4,-0.06019,0.01916,-0.02203,0.01542,0.000,0.000
63,Core,5,-0.03362,0.00493,-0.01324,0.00799,0.000,0.000
63,Core,6,0.00000,0.00000,0.00000,0.00000,0.000,0.000
63,Core,7,-0.03028,0.09779,0.03011,0.02641,0.000,0.000
63,Core,8,-0.19539,0.01052,-0.04482,0.03271,0.000,0.000
63,Core,9,0.00000,0.00000,0.00000,0.00000,0.000,0.000
63,Core,10,0.00000,0.00000,0.00000,0.00000,0.000,0.000
63,Core,11,0.00000,0.00000,0.00000,0.00000,0.000,0.000
63,Moderator,0,-0.13875,0.22909,0.02741,0.07300,0.000,0.000
63,Moderator,1,-0.87349,0.34494,-0.12450,0.24166,0.000,0.000
63,Moderator,2,-0.13360,0.18950,0.01848,0.06633,0.000,0.000
63,Moderator,3,-0.09003,0.18603,0.02531,0.05369,0.000,0.000
63,Moderator,4,0.00000,0.00000,0.00000,0.00000,0.000,0.000
63,Moderator,5,0.00000,0.00000,0.00000,0.00000,0.000,0.000
63,Moderator,6,0.00000,0.00000,0.00000,0.00000,0.000,0.000
63,Moderator,7,-0.19923,0.24978,-0.00427,0.10364,0.000,0.000
63,Moderator,8,-0.51110,0.50000,0.05734,0.27455,0.000,0.090
63,Moderator,9,0.00000,0.00000,0.00000,0.00000,0.000,0.000
63,Moderator,10,0.00000,0.00000,0.00000,0.00000,0.000,0.000
63,Moderator,11,0.00000,0.00000,0.00000,0.00000,0.000,0.000
64,CR,0,-0.02937,0.35478,0.05880,0.06094,0.000,0.000
64,CR,1,-0.30536,0.29128,-0.02519,0.11587,0.000,0.000
64,CR,2,-0.22270,0.02066,-0.02680,0.04258,0.000,0.000
64,CR,3,-1.20932,0.13062,-0.17432,0.23327,0.000,0.000
64,CR,4,0.00000,0.00000,0.00000,0.00000,0.000,0.000
64,CR,5,0.00000,0.00000,0.00000,0.00000,0.000,0.000
64,CR,6,0.00000,0.00000,0.00000,0.00000,0.000,0.000
64,CR,7,-0.37291,0.09864,-0.10628,0.10075,0.000,0.000
64,CR,8,-0.21298,0.41768,0.09467,0.13690,0.000,0.000
64,CR,9,0.00000,0.00000,0.00000,0.00000,0.000,0.000
64,CR,10,0.00000,0.00000,0.00000,0.00000,0.000,0.000
64,CR,11,0.00000,0.00000,0.00000,0.00000,0.000,0.000
64,Core,0,-0.09286,0.13174,0.03681,0.04289,0.000,0.000
64,Core,1,-0.42052,0.50000,0.11553,0.26296,0.000,0.090
64,Core,2,-0.00028,0.10729,0.03005,0.01835,0.000,0.000
64,Core,3,-0.00609,0.04005,0.01531,0.01011,0.000,0.000
64,Core,4,-0.06026,0.01916,-0.02205,0.01543,0.000,0.000
64,Core,5,-0.03375,0.00493,-0.01326,0.00800,0.000,0.000
64,Core,6,0.00000,0.00000,0.00000,0.00000,0.000,0.000
64,Core,7,-0.03017,0.09786,0.03014,0.02641,0.000,0.000
64,Core,8,-0.19551,0.01052,-0.04485,0.03273,0.000,0.000
64,Core,9,0.00000,0.00000,0.00000,0.00000,0.000,0.000
64,Core,10,0.00000,0.00000,0.00000,0.00000,0.000,0.000
64,Core,11,0.00000,0.00000,0.00000,0.00000,0.000,0.000
64,Moderator,0,-0.13875,0.22895,0.02738,0.07299,0.000,0.000
64,Moderator,1,-0.87318,0.34485,-0.12446,0.24162,0.000,0.000
64,Moderator,2,-0.13359,0.18934,0.01844,0.06633,0.000,0.000
64,Moderator,3,-0.09001,0.18585,0.02527,0.05368,0.000,0.000
64,Moderator,4,0.00000,0.00000,0.00000,0.00000,0.000,0.000
64,Moderator,5,0.00000,0.00000,0.00000,0.00000,0.000,0.000
64,Moderator,6,0.00000,0.00000,0.00000,0.00000,0.000,0.000
64,Moderator,7,-0.19929,0.25000,-0.00425,0.10367,0.000,0.000
64,Moderator,8,-0.51120,0.50000,0.05738,0.27458,0.000,0.090
64,Moderator,9,0.00000,0.00000,0.00000,0.00000,0.000,0.000
64,Moderator,10,0.00000,0.00000,0.00000,0.00000,0.000,0.000
64,Moderator,11,0.00000,0.00000,0.00000,0.00000,0.000,0.000
65,CR,0,-0.02933,0.35484,0.05883,0.06094,0.000,0.000
65,CR,1,-0.30574,0.29103,-0.02528,0.11582,0.000,0.000
65,CR,2,-0.22255,0.02066,-0.02682,0.04256,0.000,0.000
65,CR,3,-1.20944,0.13066,-0.17431,0.23329,0.000,0.000
65,CR,4,0.00000,0.00000,0.00000,0.00000,0.000,0.000
65,CR,5,0.00000,0.00000,0.00000,0.00000,0.000,0.000
65,CR,6,0.00000,0.00000,0.00000,0.00000,0.000,0.000
65,CR,7,-0.37254,0.09886,-0.10625,0.10078,0.000,0.000
65,CR,8,-0.21327,0.41784,0.09462,0.13701,0.000,0.000
65,CR,9,0.00000,0.00000,0.00000,0.00000,0.000,0.000
65,CR,10,0.00000,0.00000,0.00000,0.00000,0.000,0.000
65,CR,11,0.00000,0.00000,0.00000,0.00000,0.000,0.000
65,Core,0,-0.09286,0.13164,0.03683,0.04287,0.000,0.000
65,Core,1,-0.42061,0.50000,0.11562,0.26300,0.000,0.090
65,Core,2,-0.00035,0.10747,0.03006,0.01838,0.000,0.000
65,Core,3,-0.00614,0.04009,0.01533,0.01015,0.000,0.000
65,Core,4,-0.06035,0.01913,-0.02205,0.01542,0.000,0.000
65,Core,5,-0.03379,0.00461,-0.01327,0.00801,0.000,0.000
65,Core,6,0.00000,0.00000,0.00000,0.00000,0.000,0.000
65,Core,7,-0.03037,0.09814,0.03016,0.02648,0.000,0.000
65,Core,8,-0.19556,0.01052,-0.04483,0.03274,0.000,0.000
65,Core,9,0.00000,0.00000,0.00000,0.00000,0.000,0.000
65,Core,10,0.00000,0.00000,0.00000,0.00000,0.000,0.000
65,Core,11,0.00000,0.00000,0.00000,0.00000,0.000,0.000
65,Moderator,0,-0.13875,0.22896,0.02735,0.07299,0.000,0.000
65,Moderator,1,-0.87311,0.34479,-0.12444,0.24160,0.000,0.000
65,Moderator,2,-0.13358,0.18934,0.01841,0.06632,0.000,0.000
65,Moderator,3,-0.08999,0.18584,0.02523,0.05367,0.000,0.000
65,Moderator,4,0.00000,0.00000,0.00000,0.00000,0.000,0.000
65,Moderator,5,0.00000,0.00000,0.00000,0.00000,0.000,0.000
65,Moderator,6,0.00000,0.00000,0.00000,0.00000,0.000,0.000
65,Moderator,7,-0.19932,0.24999,-0.00424,0.10366,0.000,0.000
65,Moderator,8,-0.51123,0.50000,0.05740,0.27460,0.000,0.090
65,Moderator,9,0.00000,0.00000,0.00000,0.00000,0.000,0.000
65,Moderator,10,0.00000,0.00000,0.00000,0.00000,0.000,0.000
65,Moderator,11,0.00000,0.00000,0.00000,0.00000,0.000,0.000
66,CR,0,-0.02932,0.35545,0.05891,0.06102,0.000,0.000
66,CR,1,-0.30558,0.29111,-0.02525,0.11584,0.000,0.000
66,CR,2,-0.22301,0.02056,-0.02687,0.04262,0.000,0.000
66,CR,3,-1.21047,0.13052,-0.17451,0.23341,0.000,0.000
66,CR,4,0.00000,0.00000,0.00000,0.00000,0.000,0.000
66,CR,5,0.00000,0.00000,0.00000,0.00000,0.000,0.000
66,CR,6,0.00000,0.00000,0.00000,0.00000,0.000,0.000
66,CR,7,-0.37274,0.09889,-0.10632,0.10082,0.000,0.000
66,CR,8,-0.21332,0.41808,0.09471,0.13710,0.000,0.000
66,CR,9,0.00000,0.00000,0.00000,0.00000,0.000,0.000
66,CR,10,0.00000,0.00000,0.00000,0.00000,0.000,0.000
66,CR,11,0.00000,0.00000,0.00000,0.00000,0.000,0.000
66,Core,0,-0.09286,0.13171,0.03682,0.04288,0.000,0.000
66,Core,1,-0.42075,0.50000,0.11564,0.26306,0.000,0.090
66,Core,2,-0.00024,0.10743,0.03007,0.01835,0.000,0.000
66,Core,3,-0.00606,0.03998,0.01531,0.01010,0.000,0.000
66,Core,4,-0.06033,0.01917,-0.02206,0.01544,0.000,0.000
66,Core,5,-0.03369,0.00483,-0.01326,0.00798,0.000,0.000
66,Core,6,0.00000,0.00000,0.00000,0.00000,0.000,0.000
66,Core,7,-0.03020,0.09798,0.03016,0.02641,0.000,0.000
66,Core,8,-0.19563,0.01056,-0.04486,0.03276,0.000,0.000
66,Core,9,0.00000,0.00000,0.00000,0.00000,0.000,0.000
66,Core,10,0.00000,0.00000,0.00000,0.00000,0.000,0.000
66,Core,11,0.00000,0.00000,0.00000,0.00000,0.000,0.000
66,Moderator,0,-0.13864,0.22874,0.02732,0.07292,0.000,0.000
66,Moderator,1,-0.87304,0.34461,-0.12444,0.24151,0.000,0.000
66,Moderator,2,-0.13347,0.18910,0.01838,0.06625,0.000,0.000
66,Moderator,3,-0.08987,0.18558,0.02520,0.05360,0.000,0.000
66,Moderator,4,0.00000,0.00000,0.00000,0.00000,0.000,0.000
66,Moderator,5,0.00000,0.00000,0.00000,0.00000,0.000,0.000
66,Moderator,6,0.00000,0.00000,0.00000,0.00000,0.000,0.000
66,Moderator,7,-0.19942,0.25048,-0.00417,0.10376,0.000,0.000
66,Moderator,8,-0.51134,0.50000,0.05739,0.27464,0.000,0.090
66,Moderator,9,0.00000,0.00000,0.00000,0.00000,0.000,0.000
66,Moderator,10,0.00000,0.00000,0.00000,0.00000,0.000,0.000
66,Moderator,11,0.00000,0.00000,0.00000,0.00000,0.000,0.000
67,CR,0,-0.02937,0.35560,0.05893,0.06105,0.000,0.000
67,CR,1,-0.30551,0.29105,-0.02524,0.11580,0.000,0.000
67,CR,2,-0.22313,0.02059,-0.02689,0.04264,0.000,0.000
67,CR,3,-1.21079,0.13054,-0.17454,0.23346,0.000,0.000
67,CR,4,0.00000,0.00000,0.00000,0.00000,0.000,0.000
67,CR,5,0.00000,0.00000,0.00000,0.00000,0.000,0.000
67,CR,6,0.00000,0.00000,0.00000,0.00000,0.000,0.000
67,CR,7,-0.37275,0.09901,-0.10633,0.10086,0.000,0.000
67,CR,8,-0.21344,0.41826,0.09472,0.13718,0.000,0.000
67,CR,9,0.00000,0.00000,0.00000,0.00000,0.000,0.000
67,CR,10,0.00000,0.00000,0.00000,0.00000,0.000,0.000
67,CR,11,0.00000,0.00000,0.00000,0.00000,0.000,0.000
67,Core,0,-0.09284,0.13166,0.03681,0.04287,0.000,0.000
67,Core,1,-0.42063,0.50000,0.11566,0.26303,0.000,0.090
67,Core,2,-0.00027,0.10742,0.03006,0.01836,0.000,0.000
67,Core,3,-0.00611,0.03999,0.01531,0.01013,0.000,0.000
67,Core,4,-0.06029,0.01913,-0.02205,0.01542,0.000,0.000
67,Core,5,-0.03370,0.00484,-0.01326,0.00800,0.000,0.000
67,Core,6,0.00000,0.00000,0.00000,0.00000,0.000,0.000
67,Core,7,-0.03021,0.09802,0.03016,0.02643,0.000,0.000
67,Core,8,-0.19561,0.01052,-0.04485,0.03275,0.000,0.000
67,Core,9,0.00000,0.00000,0.00000,0.00000,0.000,0.000
67,Core,10,0.00000,0.00000,0.00000,0.00000,0.000,0.000
67,Core,11,0.00000,0.00000,0.00000,0.00000,0.000,0.000
67,Moderator,0,-0.13868,0.22869,0.02730,0.07292,0.000,0.000
67,Moderator,1,-0.87294,0.34459,-0.12442,0.24150,0.000,0.000
67,Moderator,2,-0.13350,0.18904,0.01836,0.06625,0.000,0.000
67,Moderator,3,-0.08989,0.18552,0.02518,0.05359,0.000,0.000
67,Moderator,4,0.00000,0.00000,0.00000,0.00000,0.000,0.000
67,Moderator,5,0.00000,0.00000,0.00000,0.00000,0.000,0.000
67,Moderator,6,0.00000,0.00000,0.00000,0.00000,0.000,0.000
67,Moderator,7,-0.19942,0.25056,-0.00416,0.10376,0.000,0.000
67,Moderator,8,-0.51140,0.50000,0.05742,0.27466,0.000,0.090
67,Moderator,9,0.00000,0.00000,0.00000,0.00000,0.000,0.000
67,Moderator,10,0.00000,0.00000,0.00000,0.00000,0.000,0.000
67,Moderator,11,0.00000,0.00000,0.00000,0.00000,0.000,0.000
68,CR,0,-0.02934,0.35558,0.05891,0.06105,0.000,0.000
68,CR,1,-0.30544,0.29110,-0.02521,0.11581,0.000,0.000
68,CR,2,-0.22308,0.02057,-0.02687,0.04263,0.000,0.000
68,CR,3,-1.21071,0.13068,-0.17447,0.23347,0.000,0.000
68,CR,4,0.00000,0.00000,0.00000,0.00000,0.000,0.000
68,CR,5,0.00000,0.00000,0.00000,0.00000,0.000,0.000
68,CR,6,0.00000,0.00000,0.00000,0.00000,0.000,0.000
68,CR,7,-0.37274,0.09904,-0.10633,0.10088,0.000,0.000
68,CR,8,-0.21356,0.41832,0.09468,0.13721,0.000,0.000
68,CR,9,0.00000,0.00000,0.00000,0.00000,0.000,0.000
68,CR,10,0.00000,0.00000,0.00000,0.00000,0.000,0.000
68,CR,11,0.00000,0.00000,0.00000,0.00000,0.000,0.000
68,Core,0,-0.09292,0.13172,0.03683,0.04289,0.000,0.000
68,Core,1,-0.42072,0.50000,0.11564,0.26305,0.000,0.090
68,Core,2,-0.00030,0.10753,0.03008,0.01837,0.000,0.000
68,Core,3,-0.00608,0.04002,0.01532,0.01012,0.000,0.000
68,Core,4,-0.06039,0.01920,-0.02206,0.01545,0.000,0.000
68,Core,5,-0.03373,0.00478,-0.01327,0.00799,0.000,0.000
68,Core,6,0.00000,0.00000,0.00000,0.00000,0.000,0.000
68,Core,7,-0.03023,0.09811,0.03017,0.02643,0.000,0.000
68,Core,8,-0.19570,0.01060,-0.04486,0.03277,0.000,0.000
68,Core,9,0.00000,0.00000,0.00000,0.00000,0.000,0.000
68,Core,10,0.00000,0.00000,0.00000,0.00000,0.000,0.000
68,Core,11,0.00000,0.00000,0.00000,0.00000,0.000,0.000
68,Moderator,0,-0.13861,0.22858,0.02730,0.07289,0.000,0.000
68,Moderator,1,-0.87282,0.34447,-0.12441,0.24143,0.000,0.000
68,Moderator,2,-0.13342,0.18894,0.01836,0.06622,0.000,0.000
68,Moderator,3,-0.08981,0.18539,0.02518,0.05356,0.000,0.000
68,Moderator,4,0.00000,0.00000,0.00000,0.00000,0.000,0.000
68,Moderator,5,0.00000,0.00000,0.00000,0.00000,0.000,0.000
68,Moderator,6,0.00000,0.00000,0.00000,0.00000,0.000,0.000
68,Moderator,7,-0.19950,0.25067,-0.00416,0.10380,0.000,0.000
68,Moderator,8,-0.51146,0.50000,0.05742,0.27468,0.000,0.090
68,Moderator,9,0.00000,0.00000,0.00000,0.00000,0.000,0.000
68,Moderator,10,0.00000,0.00000,0.00000,0.00000,0.000,0.000
68,Moderator,11,0.00000,0.00000,0.00000,0.00000,0.000,0.000
69,CR,0,-0.02933,0.35568,0.05894,0.06106,0.000,0.000
69,CR,1,-0.30568,0.29093,-0.02527,0.11577,0.000,0.000
69,CR,2,-0.22313,0.02059,-0.02689,0.04264,0.000,0.000
69,CR,3,-1.21090,0.13061,-0.17454,0.23348,0.000,0.000
69,CR,4,0.00000,0.00000,0.00000,0.00000,0.000,0.000
69,CR,5,0.00000,0.00000,0.00000,0.00000,0.000,0.000
69,CR,6,0.00000,0.00000,0.00000,0.00000,0.000,0.000
69,CR,7,-0.37264,0.09914,-0.10634,0.10090,0.000,0.000
69,CR,8,-0.21371,0.41853,0.09471,0.13730,0.000,0.000
69,CR,9,0.00000,0.00000,0.00000,0.00000,0.000,0.000
69,CR,10,0.00000,0.00000,0.00000,0.00000,0.000,0.000
69,CR,11,0.00000,0.00000,0.00000,0.00000,0.000,0.000
69,Core,0,-0.09292,0.13169,0.03683,0.04289,0.000,0.000
69,Core,1,-0.42065,0.50000,0.11567,0.26303,0.000,0.090
69,Core,2,-0.00031,0.10753,0.03007,0.01838,0.000,0.000
69,Core,3,-0.00610,0.04004,0.01532,0.01013,0.000,0.000
69,Core,4,-0.06037,0.01917,-0.02205,0.01544,0.000,0.000
69,Core,5,-0.03375,0.00475,-0.01327,0.00800,0.000,0.000
69,Core,6,0.00000,0.00000,0.00000,0.00000,0.000,0.000
69,Core,7,-0.03024,0.09814,0.03017,0.02645,0.000,0.000
69,Core,8,-0.19567,0.01057,-0.04485,0.03276,0.000,0.000
69,Core,9,0.00000,0.00000,0.00000,0.00000,0.000,0.000
69,Core,10,0.00000,0.00000,0.00000,0.00000,0.000,0.000
69,Core,11,0.00000,0.00000,0.00000,0.00000,0.000,0.000
69,Moderator,0,-0.13864,0.22862,0.02729,0.07290,0.000,0.000
69,Moderator,1,-0.87286,0.34448,-0.12441,0.24145,0.000,0.000
69,Moderator,2,-0.13345,0.18897,0.01835,0.06623,0.000,0.000
69,Moderator,3,-0.08984,0.18542,0.02517,0.05357,0.000,0.000
69,Moderator,4,0.00000,0.00000,0.00000,0.00000,0.000,0.000
69,Moderator,5,0.00000,0.00000,0.00000,0.00000,0.000,0.000
69,Moderator,6,0.00000,0.00000,0.00000,0.00000,0.000,0.000
69,Moderator,7,-0.19952,0.25068,-0.00416,0.10380,0.000,0.000
69,Moderator,8,-0.51145,0.50000,0.05745,0.27468,0.000,0.090
69,Moderator,9,0.00000,0.00000,0.00000,0.00000,0.000,0.000
69,Moderator,10,0.00000,0.00000,0.00000,0.00000,0.000,0.000
69,Moderator,11,0.00000,0.00000,0.00000,0.00000,0.000,0.000
70,CR,0,-0.02937,0.35583,0.05897,0.06108,0.000,0.000
70,CR,1,-0.30545,0.29100,-0.02520,0.11577,0.000,0.000
70,CR,2,-0.22325,0.02054,-0.02691,0.04265,0.000,0.000
70,CR,3,-1.21102,0.13060,-0.17455,0.23349,0.000,0.000
70,CR,4,0.00000,0.00000,0.00000,0.00000,0.000,0.000
70,CR,5,0.00000,0.00000,0.00000,0.00000,0.000,0.000
70,CR,6,0.00000,0.00000,0.00000,0.00000,0.000,0.000
70,CR,7,-0.37279,0.09915,-0.10637,0.10093,0.000,0.000
70,CR,8,-0.21378,0.41866,0.09472,0.13735,0.000,0.000
70,CR,9,0.00000,0.00000,0.00000,0.00000,0.000,0.000
70,CR,10,0.00000,0.00000,0.00000,0.00000,0.000,0.000
70,CR,11,0.00000,0.00000,0.00000,0.00000,0.000,0.000
70,Core,0,-0.09291,0.13167,0.03680,0.04288,0.000,0.000
70,Core,1,-0.42071,0.50000,0.11569,0.26304,0.000,0.090
70,Core,2,-0.00029,0.10744,0.03005,0.01836,0.000,0.000
70,Core,3,-0.00608,0.03991,0.01529,0.01010,0.000,0.000
70,Core,4,-0.06027,0.01918,-0.02203,0.01543,0.000,0.000
70,Core,5,-0.03363,0.00486,-0.01324,0.00799,0.000,0.000
70,Core,6,0.00000,0.00000,0.00000,0.00000,0.000,0.000
70,Core,7,-0.03018,0.09804,0.03014,0.02641,0.000,0.000
70,Core,8,-0.19559,0.01058,-0.04483,0.03276,0.000,0.000
70,Core,9,0.00000,0.00000,0.00000,0.00000,0.000,0.000
70,Core,10,0.00000,0.00000,0.00000,0.00000,0.000,0.000
70,Core,11,0.00000,0.00000,0.00000,0.00000,0.000,0.000
70,Moderator,0,-0.13862,0.22844,0.02723,0.07286,0.000,0.000
70,Moderator,1,-0.87251,0.34442,-0.12433,0.24138,0.000,0.000
70,Moderator,2,-0.13343,0.18880,0.01829,0.06619,0.000,0.000
70,Moderator,3,-0.08981,0.18524,0.02511,0.05353,0.000,0.000
70,Moderator,4,0.00000,0.00000,0.00000,0.00000,0.000,0.000
70,Moderator,5,0.00000,0.00000,0.00000,0.00000,0.000,0.000
70,Moderator,6,0.00000,0.00000,0.00000,0.00000,0.000,0.000
70,Moderator,7,-0.19955,0.25087,-0.00411,0.10383,0.000,0.000
70,Moderator,8,-0.51150,0.50000,0.05743,0.27470,0.000,0.090
70,Moderator,9,0.00000,0.00000,0.00000,0.00000,0.000,0.000
70,Moderator,10,0.00000,0.00000,0.00000,0.00000,0.000,0.000
70,Moderator,11,0.00000,0.00000,0.00000,0.00000,0.000,0.000
