sample_idx,b4c_r,cr_frac,fuel_r,enrichment,f_mod,water_r,keff_ref,keff_pred,delta_rho_pcm,CR_D1,CR_D2,CR_Sa1,CR_Sa2,CR_nSf1,CR_nSf2,CR_Ss11,CR_Ss22,CR_Ss12,CR_Ss21,CR_chi1,CR_chi2,Core_D1,Core_D2,Core_Sa1,Core_Sa2,Core_nSf1,Core_nSf2,Core_Ss11,Core_Ss22,Core_Ss12,Core_Ss21,Core_chi1,Core_chi2,Mod_D1,Mod_D2,Mod_Sa1,Mod_Sa2,Mod_nSf1,Mod_nSf2,Mod_Ss11,Mod_Ss22,Mod_Ss12,Mod_Ss21,Mod_chi1,Mod_chi2
0,2.428574800491333,0.8104845881462097,35.73987579345703,4.523444652557373,0.6465937495231628,51.928462982177734,1.2438210248947144,1.2437703609466553,3.27,0.7387961745262146,0.00947028212249279,0.08767686039209366,20.06678009033203,0.0,0.0,0.3387729227542877,3.179631312377751e-05,0.0015011436771601439,0.6159259080886841,0.0,0.0,0.9748041033744812,0.6166149973869324,0.015826670452952385,0.20043843984603882,0.01191327441483736,0.35401514172554016,0.298227995634079,0.02357896976172924,0.00058112753322348,0.693732500076294,1.0,0.0,0.9596874117851257,0.17896170914173126,0.0006223798845894635,0.020868675783276558,0.0,0.0,0.342508465051651,0.0684012696146965,6.339766696328297e-05,1.2664451599121094,0.0,0.0
1,3.693047046661377,0.31387773156166077,27.581602096557617,3.272472858428955,0.7327488660812378,56.823795318603516,1.1371420621871948,1.137541651725769,30.89,1.063618779182434,0.08217191696166992,0.03695835918188095,7.67755651473999,0.0,0.0,0.31433939933776855,9.838877303991467e-05,0.0013166835997253656,0.8415317535400391,0.0,0.0,1.061149001121521,0.5566848516464233,0.012885519303381443,0.13705044984817505,0.007561226841062307,0.22756394743919373,0.30549779534339905,0.02965964376926422,0.00037944718496873975,0.8531901240348816,1.0,0.0,0.9692769646644592,0.14523303508758545,0.0006560943438671529,0.02008446678519249,0.0,0.0,0.34197768568992615,0.09607334434986115,2.3260616217157803e-05,1.294987678527832,0.0,0.0
2,1.7346545457839966,0.5767543315887451,33.48297119140625,3.8607258796691895,0.5107541680335999,59.861324310302734,1.137428879737854,1.13462495803833,217.26,0.8591384291648865,0.007396818138659,0.067795529961586,13.3385009765625,0.0,0.0,0.3285323977470398,6.309845775831491e-05,0.002262126887217164,0.7273662686347961,0.0,0.0,1.0730584859848022,0.4944201409816742,0.017148321494460106,0.222982257604599,0.013354538939893246,0.3896513283252716,0.2852167785167694,0.016755525022745132,0.0006558626773767173,0.5623118281364441,1.0,0.0,0.871179461479187,0.22958335280418396,0.0005757326725870371,0.019857006147503853,0.0,0.0,0.3478175401687622,0.06160328537225723,4.732340676127933e-05,1.2904280424118042,0.0,0.0
3,4.734378337860107,0.8046661615371704,25.99892234802246,4.48485803604126,0.5740129351615906,41.62700271606445,1.085008978843689,1.084320306777954,58.54,0.8582099676132202,0.007723257876932621,0.052966728806495667,16.43899154663086,0.0,0.0,0.33043035864830017,1.0741810910985805e-05,0.004125548526644707,0.6302189230918884,0.0,0.0,1.056925892829895,0.4855257272720337,0.016568545252084732,0.23631951212882996,0.013173317536711693,0.4118885099887848,0.2884385883808136,0.018731800839304924,0.0006038069259375334,0.6212142109870911,1.0,0.0,0.8751541972160339,0.22325654327869415,0.0005592881352640688,0.01984129659831524,0.0,0.0,0.3454655408859253,0.05582084134221077,9.483406756771728e-05,1.2698473930358887,0.0,0.0
4,1.0138044357299805,0.7004956603050232,35.06553268432617,3.6949708461761475,0.6623942852020264,50.94021987915039,1.2279071807861328,1.2279554605484009,3.2,0.6984522342681885,0.0035413047298789024,0.10689811408519745,16.201366424560547,0.0,0.0,0.33970075845718384,9.185362432617694e-05,0.0009949513478204608,0.6536908149719238,0.0,0.0,0.952498733997345,0.6032231450080872,0.014646046794950962,0.17279848456382751,0.010207289829850197,0.2952519655227661,0.30002886056900024,0.025375887751579285,0.0004969272413291037,0.74083012342453,1.0,0.0,0.9912648797035217,0.16122987866401672,0.0006469163345173001,0.021162956953048706,0.0,0.0,0.34266212582588196,0.07961772382259369,4.748751234728843e-05,1.2706454992294312,0.0,0.0
5,2.2138185501098633,0.482358455657959,23.161718368530273,8.455509185791016,0.4753132164478302,45.504459381103516,1.114526629447937,1.1137547492980957,62.18,1.0115591287612915,0.02619485929608345,0.044025205075740814,6.750794410705566,0.0,0.0,0.3150940537452698,1.9744640667340718e-05,0.009778200648725033,0.7600342631340027,0.0,0.0,1.1579190492630005,0.26966720819473267,0.021905841305851936,0.4313664436340332,0.02200024202466011,0.7824034094810486,0.27508968114852905,0.011965613812208176,0.0009054903639480472,0.45691177248954773,1.0,0.0,0.7505759000778198,0.3160974383354187,0.0004760970186907798,0.018147926777601242,0.0,0.0,0.34713485836982727,0.03912360593676567,0.00010929630661848933,1.28313148021698,0.0,0.0
6,4.164783000946045,0.1945522278547287,23.350238800048828,7.002357006072998,0.7361241579055786,41.067264556884766,1.2087377309799194,1.2095922231674194,58.44,1.052659273147583,0.12804841995239258,0.027664246037602425,3.678062915802002,0.0,0.0,0.32061171531677246,6.997323362156749e-05,0.004594523925334215,0.9100923538208008,0.0,0.0,1.033751130104065,0.5227993130683899,0.015351819805800915,0.23277044296264648,0.012390010058879852,0.41618335247039795,0.3035283088684082,0.026987135410308838,0.000592221855185926,0.7636002898216248,1.0,0.0,0.8358187675476074,0.2156936377286911,0.0005501032574102283,0.01836496591567993,0.0,0.0,0.34129849076271057,0.06814064830541611,8.463531412417069e-05,1.2730921506881714,0.0,0.0
7,5.79300594329834,0.9592241048812866,21.062679290771484,7.9869256019592285,0.5564696788787842,52.67019271850586,1.035102128982544,1.0374665260314941,220.17,0.7952316999435425,0.026526017114520073,0.042385149747133255,22.53516960144043,0.0,0.0,0.37326398491859436,8.52949742693454e-05,0.004336856305599213,0.5772775411605835,0.0,0.0,1.083116888999939,0.4202152490615845,0.019766129553318024,0.38181331753730774,0.018622852861881256,0.6919631958007812,0.28088366985321045,0.015670761466026306,0.000754636013880372,0.5543819069862366,1.0,0.0,0.8563279509544373,0.22344118356704712,0.0005479194805957377,0.01965349353849888,0.0,0.0,0.3447417616844177,0.053203508257865906,6.726831634296104e-05,1.2886008024215698,0.0,0.0
8,1.6068668365478516,0.941708505153656,14.545916557312012,9.414300918579102,0.7374398112297058,50.872283935546875,1.0867984294891357,1.0856399536132812,98.19,0.6643959879875183,0.027176011353731155,0.09462016820907593,21.6240177154541,0.0,0.0,0.36875829100608826,7.749148062430322e-05,0.0012708494905382395,0.5869076251983643,0.0,0.0,0.9664908647537231,0.5373122692108154,0.01643664948642254,0.3014167547225952,0.014669591560959816,0.5582254528999329,0.29737433791160583,0.025915859267115593,0.0005979203269816935,0.746074378490448,1.0,0.0,1.0039470195770264,0.13741536438465118,0.0006468829815275967,0.02130362018942833,0.0,0.0,0.34091973304748535,0.08088714629411697,3.89752967748791e-05,1.2845200300216675,0.0,0.0
9,2.1630263328552246,0.11129538714885712,34.744415283203125,4.507826805114746,0.621508777141571,41.753807067871094,1.2260158061981201,1.2255958318710327,27.95,0.8320045471191406,0.1466681957244873,0.03477565571665764,2.1546359062194824,0.0,0.0,0.37065601348876953,0.0001703024172456935,0.006428692489862442,0.9472181797027588,0.0,0.0,0.9393847584724426,0.4099132716655731,0.01623035967350006,0.20843681693077087,0.012480674311518669,0.36672696471214294,0.2959265410900116,0.02206869050860405,0.0006001341971568763,0.6618348360061646,1.0,0.0,0.7857521772384644,0.2709546387195587,0.0005112411454319954,0.017871646210551262,0.0,0.0,0.343323677778244,0.05247916653752327,0.00018656945030670613,1.2397373914718628,0.0,0.0
10,3.510739326477051,0.7432973980903625,32.721431732177734,8.23177719116211,0.5190411806106567,51.46657943725586,1.2121796607971191,1.211588740348816,40.24,0.8929877877235413,0.010905394330620766,0.05297892168164253,13.894556045532227,0.0,0.0,0.32499441504478455,2.075006705126725e-06,0.006768567021936178,0.6453874111175537,0.0,0.0,1.072792410850525,0.3356587290763855,0.021286487579345703,0.37188681960105896,0.020988477393984795,0.6973264813423157,0.28302258253097534,0.014299129135906696,0.0009358238894492388,0.47582942247390747,1.0,0.0,0.8079484105110168,0.2709336578845978,0.0005101456772536039,0.019058754667639732,0.0,0.0,0.3455762267112732,0.04329287260770798,0.00014549678598996252,1.2686530351638794,0.0,0.0
11,2.2595553398132324,0.2959756851196289,24.05634880065918,4.734549045562744,0.684782087802887,55.74042892456055,1.1674213409423828,1.1680567264556885,46.6,0.957960307598114,0.0756993517279625,0.04593813046813011,6.450250625610352,0.0,0.0,0.3335360586643219,0.0001442474458599463,0.0022422848269343376,0.8475293517112732,0.0,0.0,1.0457384586334229,0.583547830581665,0.015285554341971874,0.20107702910900116,0.010986622422933578,0.34702685475349426,0.29954925179481506,0.026275277137756348,0.0005184542969800532,0.747852087020874,1.0,0.0,0.9193481802940369,0.17327776551246643,0.0006168984691612422,0.01982736401259899,0.0,0.0,0.3426561951637268,0.08148079365491867,3.54883995896671e-05,1.2921637296676636,0.0,0.0
12,2.8409600257873535,0.8336126208305359,30.487316131591797,8.350196838378906,0.5911082029342651,52.48166275024414,1.2444605827331543,1.2412546873092651,207.54,0.7943293452262878,0.014037428423762321,0.0681823343038559,18.72454071044922,0.0,0.0,0.3425273001194,2.8938027753611095e-05,0.004032705444842577,0.6060570478439331,0.0,0.0,1.017946720123291,0.4324079751968384,0.020220447331666946,0.33787134289741516,0.019153675064444542,0.6350086331367493,0.29017287492752075,0.018376639112830162,0.000865923531819135,0.548880934715271,1.0,0.0,0.8731622099876404,0.22048306465148926,0.000561918190214783,0.019829146564006805,0.0,0.0,0.343599408864975,0.05462947487831116,7.916775939520448e-05,1.276161551475525,0.0,0.0
13,4.673191070556641,0.696277916431427,28.293668746948242,7.5527520179748535,0.6906275153160095,75.28384399414062,1.2452239990234375,1.2454577684402466,15.07,0.946617603302002,0.004377180710434914,0.052193596959114075,16.936077117919922,0.0,0.0,0.3087312579154968,1.0582376717138686e-06,0.0010489511769264936,0.6771248579025269,0.0,0.0,1.069593071937561,0.5799353718757629,0.016992824152112007,0.2651236951351166,0.014801090583205223,0.49483123421669006,0.29961058497428894,0.02401231974363327,0.0006968528614379466,0.6857120394706726,1.0,0.0,0.9502465128898621,0.16918718814849854,0.0006190380663610995,0.020502746105194092,0.0,0.0,0.3416382670402527,0.07530274987220764,3.5408018447924405e-05,1.2885016202926636,0.0,0.0
14,4.907784461975098,0.8066907525062561,43.826778411865234,7.420812606811523,0.4975315034389496,57.59897232055664,1.238169550895691,1.2370792627334595,71.18,0.8282768726348877,0.011150145903229713,0.04869024083018303,15.472046852111816,0.0,0.0,0.33108392357826233,8.985364274849417e-07,0.005476443562656641,0.637336015701294,0.0,0.0,1.028210997581482,0.2813436686992645,0.020464835688471794,0.3357800841331482,0.020364753901958466,0.6370501518249512,0.28140100836753845,0.012608380056917667,0.0009662066586315632,0.45720019936561584,1.0,0.0,0.786402702331543,0.315074622631073,0.0004857326566707343,0.018756888806819916,0.0,0.0,0.3451315462589264,0.03645511716604233,0.0002391234302194789,1.2422864437103271,0.0,0.0
15,2.440096855163574,0.9150956869125366,29.744356155395508,9.009170532226562,0.5330149531364441,47.436912536621094,1.214778184890747,1.2133351564407349,97.9,0.7287847995758057,0.021165193989872932,0.07019169628620148,18.55967140197754,0.0,0.0,0.3655458390712738,5.430332385003567e-05,0.005709854885935783,0.5806004405021667,0.0,0.0,1.0095466375350952,0.36188805103302,0.02187603898346424,0.39449578523635864,0.02175240032374859,0.737093985080719,0.28354334831237793,0.015119679272174835,0.0009426147444173694,0.48265352845191956,1.0,0.0,0.8353065252304077,0.24507245421409607,0.0005306692910380661,0.019526341930031776,0.0,0.0,0.34538474678993225,0.04580749571323395,0.0001194920259877108,1.2713347673416138,0.0,0.0
16,5.463180065155029,0.5066495537757874,21.916391372680664,8.005125999450684,0.7287113666534424,59.59649658203125,1.159615159034729,1.159307599067688,22.88,1.0929054021835327,0.02252623252570629,0.03907444328069687,11.062806129455566,0.0,0.0,0.28908205032348633,8.150947223839466e-07,0.002631555311381817,0.7589457035064697,0.0,0.0,1.1275405883789062,0.5540064573287964,0.016052857041358948,0.2656514048576355,0.013572621159255505,0.47959476709365845,0.3010219931602478,0.02553863637149334,0.0006202298100106418,0.7414394617080688,1.0,0.0,0.9294413328170776,0.173334002494812,0.0006028987700119615,0.02017071098089218,0.0,0.0,0.3414946496486664,0.07081429660320282,4.579749293043278e-05,1.2886368036270142,0.0,0.0
17,5.287524700164795,0.7293592095375061,39.69208526611328,1.9790416955947876,0.7892159819602966,42.29121780395508,1.0511994361877441,1.051817774772644,55.92,0.7384203672409058,1.6487211951243808e-06,0.07717444747686386,11.682672500610352,0.0,0.0,0.3038337528705597,6.902549216647458e-07,0.0005441031535156071,0.6610220670700073,0.0,0.0,0.9233536124229431,0.5006107687950134,0.009496213868260384,0.09461954981088638,0.004218906629830599,0.13311146199703217,0.31096351146698,0.03221381455659866,0.00020839422359131277,0.9825005531311035,1.0,0.0,1.111992597579956,0.11667751520872116,0.0006760492105968297,0.02181321382522583,0.0,0.0,0.337011456489563,0.08327788859605789,5.935573790338822e-05,1.2214620113372803,0.0,0.0
18,2.285322427749634,0.9456135034561157,28.16341781616211,2.497220516204834,0.6865314245223999,47.84555435180664,1.084606647491455,1.0828825235366821,146.8,0.6781612038612366,0.03158201277256012,0.09989485889673233,27.132431030273438,0.0,0.0,0.3665003180503845,7.190952601376921e-05,0.0010126620763912797,0.5701472759246826,0.0,0.0,0.9779629707336426,0.5822775363922119,0.013295617885887623,0.12971310317516327,0.007281714119017124,0.2038147747516632,0.30173709988594055,0.02817435748875141,0.00035355304135009646,0.8161907196044922,1.0,0.0,1.060638666152954,0.12474073469638824,0.0007027648971416056,0.02197984792292118,0.0,0.0,0.34300553798675537,0.09428256750106812,2.9684833862120286e-05,1.281373143196106,0.0,0.0
19,4.945267677307129,0.9717020988464355,22.94474220275879,4.34169864654541,0.6169106960296631,68.26707458496094,1.045162558555603,1.0455665588378906,36.97,0.735590398311615,0.025771964341402054,0.05888376757502556,27.76729965209961,0.0,0.0,0.37000977993011475,5.02862167195417e-05,0.0011630835942924023,0.5780901908874512,0.0,0.0,1.029233694076538,0.6139772534370422,0.01586415059864521,0.21784409880638123,0.011750728823244572,0.3797694742679596,0.2910562753677368,0.021214930340647697,0.0005334580782800913,0.6814794540405273,1.0,0.0,0.9822738170623779,0.16058804094791412,0.0006421096622943878,0.021293841302394867,0.0,0.0,0.34367096424102783,0.07333236187696457,4.1788876842474565e-05,1.2832478284835815,0.0,0.0
20,5.890533924102783,0.8883967995643616,22.11882972717285,9.691570281982422,0.4509921669960022,53.9331169128418,1.028207778930664,1.0293500423431396,107.93,0.8831526041030884,0.020701011642813683,0.0344015508890152,18.233692169189453,0.0,0.0,0.3580141067504883,7.056437607388943e-05,0.006770317442715168,0.6005300283432007,0.0,0.0,1.1581703424453735,0.2730830907821655,0.022614547982811928,0.5069552063941956,0.02379317209124565,0.9263812899589539,0.26840412616729736,0.009674797765910625,0.0009193511214107275,0.4449656307697296,1.0,0.0,0.7767578363418579,0.28896525502204895,0.000488465593662113,0.01867091841995716,0.0,0.0,0.3468833863735199,0.04059964418411255,8.947591413743794e-05,1.2903443574905396,0.0,0.0
21,1.161380648612976,0.016237737610936165,37.681419372558594,4.449162483215332,0.5063443779945374,44.90703582763672,1.1803898811340332,1.1807411909103394,25.21,0.7527002096176147,0.17523367702960968,0.029005294665694237,1.0985169410705566,0.0,0.0,0.4161006212234497,0.00025790726067498326,0.006892271339893341,1.0097540616989136,0.0,0.0,0.9286890029907227,0.3485240042209625,0.017840025946497917,0.24157902598381042,0.014783380553126335,0.4269556403160095,0.2844890058040619,0.01600308157503605,0.0006885663024149835,0.5363967418670654,1.0,0.0,0.7099042534828186,0.33728307485580444,0.0004598730301950127,0.01697882078588009,0.0,0.0,0.3476085960865021,0.04396172985434532,0.00023348980175796896,1.2419642210006714,0.0,0.0
22,2.4371912479400635,0.0269814170897007,29.680383682250977,9.271759986877441,0.40259990096092224,54.2692985534668,1.1612941026687622,1.1628661155700684,116.41,1.0339746475219727,0.16641826927661896,0.00873377826064825,2.580111026763916,0.0,0.0,0.3739469051361084,0.00014263545745052397,0.01265140064060688,0.9912823438644409,0.0,0.0,1.1381561756134033,0.19198660552501678,0.023587845265865326,0.4810347259044647,0.025108352303504944,0.8909012675285339,0.2691134810447693,0.008482125587761402,0.0010770646622404456,0.3758600950241089,1.0,0.0,0.6350884437561035,0.4210461676120758,0.0004130465385969728,0.016007443889975548,0.0,0.0,0.3493055999279022,0.0349079929292202,0.00010365297930547968,1.2850388288497925,0.0,0.0
23,1.913365125656128,0.5453490018844604,25.017183303833008,5.0001749992370605,0.7824668288230896,44.3275146484375,1.221287727355957,1.2220896482467651,53.73,0.8611231446266174,0.01682434231042862,0.08045779913663864,12.828843116760254,0.0,0.0,0.3183533251285553,7.439000182785094e-05,0.0014064148999750614,0.7199118137359619,0.0,0.0,0.9924896955490112,0.5344345569610596,0.012783472426235676,0.1607585996389389,0.008504953235387802,0.2769182622432709,0.30859997868537903,0.031758978962898254,0.00044526008423417807,0.8723706007003784,1.0,0.0,1.0226887464523315,0.13395768404006958,0.0006737454095855355,0.021080171689391136,0.0,0.0,0.3402085602283478,0.09268806129693985,3.4243181289639324e-05,1.2785013914108276,0.0,0.0
24,1.8428740501403809,0.556289792060852,24.513076782226562,6.414416790008545,0.46437060832977295,54.07289123535156,1.0967628955841064,1.0955220460891724,103.27,0.9357985258102417,0.012618247419595718,0.05543608218431473,10.6552095413208,0.0,0.0,0.3230542242527008,2.4945984478108585e-05,0.007262515369802713,0.7349812388420105,0.0,0.0,1.141052007675171,0.3324548006057739,0.02009991556406021,0.3523878753185272,0.0188779104501009,0.6384562253952026,0.2759741544723511,0.01261234562844038,0.0008243832853622735,0.4734363257884979,1.0,0.0,0.7964973449707031,0.2796948552131653,0.0005130883073434234,0.01892092637717724,0.0,0.0,0.34781473875045776,0.045847758650779724,8.367733971681446e-05,1.2899479866027832,0.0,0.0
25,3.5600781440734863,0.3446407616138458,32.45119857788086,7.042111396789551,0.557352602481842,53.458160400390625,1.2201504707336426,1.2169468402862549,215.75,1.055881381034851,0.051696281880140305,0.0324951708316803,6.0256667137146,0.0,0.0,0.3085012435913086,3.9197009755298495e-05,0.00802918802946806,0.8210102319717407,0.0,0.0,1.079862356185913,0.33410224318504333,0.019697681069374084,0.3147940933704376,0.018071267753839493,0.5847211480140686,0.28796496987342834,0.01689261570572853,0.0008388535934500396,0.5336083173751831,1.0,0.0,0.7819711565971375,0.28617361187934875,0.000509148056153208,0.018224025145173073,0.0,0.0,0.34478938579559326,0.0489472821354866,0.0001243640435859561,1.273292899131775,0.0,0.0
26,2.9150547981262207,0.09948555380105972,18.815872192382812,7.8715901374816895,0.5952426791191101,50.01390838623047,1.102051854133606,1.103415608406067,112.15,1.053443431854248,0.17572495341300964,0.01813860610127449,1.9597402811050415,0.0,0.0,0.35237178206443787,0.00011177935812156647,0.008958300575613976,0.9577848315238953,0.0,0.0,1.1144461631774902,0.3752481937408447,0.01960325427353382,0.356039434671402,0.017598383128643036,0.6266471147537231,0.2869424819946289,0.01884191296994686,0.0007141627720557153,0.5919313430786133,1.0,0.0,0.7395409345626831,0.2793624699115753,0.00048462775885127485,0.017200235277414322,0.0,0.0,0.34389689564704895,0.05156082659959793,9.981191396946087e-05,1.2863754034042358,0.0,0.0
27,3.630335807800293,0.9167815446853638,17.57478141784668,6.120245456695557,0.7686494588851929,42.30973434448242,1.0622731447219849,1.0603655576705933,169.35,0.7679305672645569,0.022872326895594597,0.0724736675620079,26.639440536499023,0.0,0.0,0.3494511544704437,3.410351200727746e-05,0.0011519505642354488,0.5884814262390137,0.0,0.0,1.0015653371810913,0.5304775834083557,0.013208488002419472,0.2012275755405426,0.00980907678604126,0.36227652430534363,0.3025069534778595,0.02832493931055069,0.00046846564509905875,0.8429340720176697,1.0,0.0,1.0328513383865356,0.13209299743175507,0.0006715486524626613,0.021486718207597733,0.0,0.0,0.3412139117717743,0.09243340790271759,2.7772073735832237e-05,1.286399483680725,0.0,0.0
28,3.935013771057129,0.3541673719882965,35.58984375,7.173686504364014,0.555579662322998,57.01968765258789,1.2400182485580444,1.2426637411117554,171.68,1.0646309852600098,0.04831793159246445,0.03077027201652527,6.3572998046875,0.0,0.0,0.30371221899986267,2.7159896490047686e-05,0.007550993002951145,0.817908763885498,0.0,0.0,1.079183578491211,0.3206111788749695,0.01980995200574398,0.31414657831192017,0.018403688445687294,0.5877487063407898,0.2880181670188904,0.01654776930809021,0.0008675178978592157,0.5252550840377808,1.0,0.0,0.7781813144683838,0.294819176197052,0.0005060973344370723,0.01816851831972599,0.0,0.0,0.34453561902046204,0.04789579287171364,0.0001292443193960935,1.271753191947937,0.0,0.0
29,4.538477420806885,0.9022397994995117,30.848003387451172,3.483757972717285,0.5350847244262695,59.39433670043945,1.0828207731246948,1.0832866430282593,39.72,0.7931103706359863,0.015340735204517841,0.05544315651059151,26.254636764526367,0.0,0.0,0.3549277186393738,3.28136193274986e-05,0.0019329836359247565,0.6028591394424438,0.0,0.0,1.0604586601257324,0.5627370476722717,0.01648988015949726,0.20401287078857422,0.012102184817194939,0.35338258743286133,0.2867988049983978,0.017981188371777534,0.0005864563281647861,0.6008210778236389,1.0,0.0,0.9200666546821594,0.1991879791021347,0.0006065323832444847,0.020589502528309822,0.0,0.0,0.3466729521751404,0.06542987376451492,4.453422297956422e-05,1.2877038717269897,0.0,0.0
30,4.873961925506592,0.33028095960617065,41.18267822265625,2.6013026237487793,0.4443413317203522,50.4044189453125,1.0489970445632935,1.0447036027908325,391.78,1.0222617387771606,0.050975997000932693,0.028163792565464973,5.737398624420166,0.0,0.0,0.3044026792049408,3.0098373827058822e-05,0.00717933988198638,0.8643323183059692,0.0,0.0,1.0617786645889282,0.3015992343425751,0.01587037369608879,0.18051643669605255,0.011477136984467506,0.30218034982681274,0.27995026111602783,0.013153720647096634,0.0005988990305922925,0.5271577835083008,1.0,0.0,0.7508156895637512,0.35714614391326904,0.0004806892538908869,0.018017081543803215,0.0,0.0,0.34988605976104736,0.040296491235494614,0.00024375996144954115,1.2390960454940796,0.0,0.0
31,5.539647102355957,0.36488616466522217,37.03720474243164,6.903020858764648,0.576894998550415,41.036048889160156,1.2206928730010986,1.2194167375564575,85.73,1.0087776184082031,0.04491623863577843,0.03627396002411842,5.306101322174072,0.0,0.0,0.29079169034957886,6.678191084574792e-07,0.008949792012572289,0.8225738406181335,0.0,0.0,1.008137583732605,0.2677209675312042,0.018737925216555595,0.2914089858531952,0.017576461657881737,0.5524801015853882,0.29056766629219055,0.016830194741487503,0.0008215044508688152,0.549606204032898,1.0,0.0,0.7502870559692383,0.3364107608795166,0.0004606247821357101,0.01769462414085865,0.0,0.0,0.3429540991783142,0.035715360194444656,0.0003109645622316748,1.2169339656829834,0.0,0.0
32,2.5289154052734375,0.23081989586353302,31.220909118652344,4.636107444763184,0.6684740781784058,51.7329216003418,1.229897141456604,1.226387619972229,232.68,0.9887288808822632,0.12012831121683121,0.03360297530889511,2.8125460147857666,0.0,0.0,0.34004825353622437,0.00010174380440730602,0.0036201828625053167,0.8783990740776062,0.0,0.0,0.9619565606117249,0.6019964814186096,0.016421185806393623,0.19974547624588013,0.01180645078420639,0.34775006771087646,0.29984039068222046,0.026279475539922714,0.0004922877997159958,0.7204943299293518,1.0,0.0,0.8788591623306274,0.15505783259868622,0.0005746870883740485,0.019019966945052147,0.0,0.0,0.34260356426239014,0.08602062612771988,9.868841152638197e-05,1.2790242433547974,0.0,0.0
33,2.2075119018554688,0.04537450149655342,16.211597442626953,6.303885459899902,0.7376379370689392,53.05717086791992,1.095138430595398,1.0946248769760132,42.84,0.9082271456718445,0.2231888473033905,0.02428196370601654,1.3617579936981201,0.0,0.0,0.38519448041915894,0.00018443957378622144,0.004177591297775507,0.9987900853157043,0.0,0.0,1.020142674446106,0.5436063408851624,0.015029660426080227,0.23034046590328217,0.011227777227759361,0.39029332995414734,0.3008137047290802,0.028909120708703995,0.00048683039494790137,0.7955048084259033,1.0,0.0,0.8201072216033936,0.19140399992465973,0.0005477501545101404,0.017864646390080452,0.0,0.0,0.341560423374176,0.07924649864435196,6.364051660057157e-05,1.287726879119873,0.0,0.0
34,3.9670827388763428,0.456118106842041,19.37984275817871,6.071563243865967,0.6600366234779358,41.289581298828125,1.0762896537780762,1.071786880493164,390.34,1.0291575193405151,0.031082695350050926,0.04175718128681183,8.624127388000488,0.0,0.0,0.29743242263793945,1.3517103980120737e-05,0.004343217238783836,0.7750415205955505,0.0,0.0,1.1050117015838623,0.4834531545639038,0.01621497981250286,0.2603863477706909,0.013325521722435951,0.4570803642272949,0.29386773705482483,0.02213224209845066,0.0005871544708497822,0.6976304054260254,1.0,0.0,0.8607972860336304,0.21607168018817902,0.0005554562667384744,0.01923101581633091,0.0,0.0,0.34320202469825745,0.060846272855997086,7.633731001988053e-05,1.2807925939559937,0.0,0.0
35,1.5725926160812378,0.22777557373046875,20.133731842041016,9.555341720581055,0.6273440718650818,44.673561096191406,1.1789146661758423,1.1835914850234985,335.17,0.9477777481079102,0.0950860008597374,0.03957800194621086,3.665249824523926,0.0,0.0,0.3459565043449402,0.0001153786142822355,0.00834947731345892,0.8800866603851318,0.0,0.0,1.0583051443099976,0.3796095848083496,0.020089993253350258,0.37267547845840454,0.01923457160592079,0.6801784038543701,0.29020002484321594,0.019930317997932434,0.0007938761846162379,0.5958626866340637,1.0,0.0,0.7782586812973022,0.26045164465904236,0.0005063560092821717,0.017927955836057663,0.0,0.0,0.343043714761734,0.05221877992153168,0.00010669971379684284,1.282167673110962,0.0,0.0
36,5.4623703956604,0.7106748819351196,35.42210006713867,3.978841543197632,0.6283719539642334,43.59128189086914,1.178746223449707,1.1804089546203613,119.5,0.8658058643341064,0.003303715493530035,0.05511787161231041,13.738093376159668,0.0,0.0,0.3093639314174652,7.924656415525533e-07,0.002821992849931121,0.6693928837776184,0.0,0.0,1.0035041570663452,0.5331423282623291,0.015315104275941849,0.19167925417423248,0.011441431939601898,0.3330758213996887,0.29644232988357544,0.021847154945135117,0.0005580362631008029,0.686144232749939,1.0,0.0,0.9001026749610901,0.21079809963703156,0.000564165529794991,0.01994369551539421,0.0,0.0,0.3427422046661377,0.05575660616159439,0.00013835275603923947,1.2401410341262817,0.0,0.0
37,4.954608917236328,0.364378958940506,33.556610107421875,6.170729160308838,0.6411128640174866,55.79123306274414,1.249986171722412,1.2537901401519775,242.72,1.0902262926101685,0.049098845571279526,0.030766073614358902,7.586226940155029,0.0,0.0,0.2947015166282654,1.830464316299185e-05,0.004048614297062159,0.817272961139679,0.0,0.0,1.0692204236984253,0.43100330233573914,0.017359992489218712,0.24804937839508057,0.014600533992052078,0.457522451877594,0.296857625246048,0.02170252986252308,0.0007062951917760074,0.6451743841171265,1.0,0.0,0.8427026271820068,0.23615600168704987,0.0005538174300454557,0.018879754468798637,0.0,0.0,0.34253349900245667,0.06042483076453209,8.228825754486024e-05,1.2755728960037231,0.0,0.0
38,5.71833610534668,0.6432219743728638,37.713050842285156,5.661725044250488,0.5435295701026917,52.04771041870117,1.1992942094802856,1.2009508609771729,115.02,0.9624202251434326,0.008650237694382668,0.04190247133374214,12.271101951599121,0.0,0.0,0.30216580629348755,8.488177059007285e-07,0.0060042147524654865,0.699432909488678,0.0,0.0,1.0662498474121094,0.3584900200366974,0.018359456211328506,0.27157294750213623,0.01620367169380188,0.49957820773124695,0.28741613030433655,0.016290953382849693,0.000776612083427608,0.5443283915519714,1.0,0.0,0.816351592540741,0.27611762285232544,0.0005146043258719146,0.018974624574184418,0.0,0.0,0.34485605359077454,0.04493861645460129,0.00017426548583898693,1.2526869773864746,0.0,0.0
39,5.440449237823486,0.9555418491363525,31.730690002441406,4.937556743621826,0.6455719470977783,53.22039031982422,1.189569115638733,1.194106936454773,319.46,0.7551833391189575,0.027129944413900375,0.05467873811721802,27.100418090820312,0.0,0.0,0.3639926016330719,5.142715235706419e-05,0.0016046997625380754,0.5756562352180481,0.0,0.0,0.9967660903930664,0.610770046710968,0.01624634675681591,0.21697670221328735,0.01234040129929781,0.3860134482383728,0.2966214418411255,0.023178162053227425,0.0005942534189671278,0.6864559650421143,1.0,0.0,0.9603132009506226,0.17272700369358063,0.0006284912233240902,0.020890653133392334,0.0,0.0,0.3428295850753784,0.07081149518489838,5.155684630153701e-05,1.277230978012085,0.0,0.0
40,1.6919727325439453,0.28714707493782043,32.066314697265625,7.895689964294434,0.6279554963111877,44.680519104003906,1.2891395092010498,1.28975510597229,37.02,0.8863016963005066,0.06884131580591202,0.05056251212954521,4.376560211181641,0.0,0.0,0.33866873383522034,0.00010023517097579315,0.00748468330129981,0.8372356295585632,0.0,0.0,0.9776894450187683,0.38680142164230347,0.01915259100496769,0.30004626512527466,0.017718873918056488,0.5557942986488342,0.29476070404052734,0.020727258175611496,0.0008177350973710418,0.5898420810699463,1.0,0.0,0.8019546270370483,0.25823161005973816,0.0005161551525816321,0.018337756395339966,0.0,0.0,0.3423953652381897,0.050157468765974045,0.00016465700173284858,1.25412917137146,0.0,0.0
41,3.35204815864563,0.74222731590271,26.644790649414062,3.4637200832366943,0.5150210857391357,51.5250358581543,1.0452362298965454,1.044938325881958,27.28,0.8740094900131226,0.005762321874499321,0.059390246868133545,18.13408851623535,0.0,0.0,0.3278120160102844,6.757517439837102e-06,0.0036622665356844664,0.6592028737068176,0.0,0.0,1.1075518131256104,0.509952962398529,0.01654902845621109,0.2125292271375656,0.012401668354868889,0.3615284264087677,0.28399157524108887,0.016810325905680656,0.0005840411758981645,0.5837337970733643,1.0,0.0,0.8844173550605774,0.2194070816040039,0.000575240352191031,0.02014881744980812,0.0,0.0,0.3474302887916565,0.05840711668133736,6.06658031756524e-05,1.2845101356506348,0.0,0.0
42,2.128506660461426,0.2091502547264099,28.882970809936523,2.937991142272949,0.6006145477294922,54.871360778808594,1.1066299676895142,1.103833556175232,228.93,0.9336062669754028,0.1096210926771164,0.0386304035782814,4.681019306182861,0.0,0.0,0.3532443344593048,0.0002149562060367316,0.002537512918934226,0.8962489366531372,0.0,0.0,1.048794150352478,0.6347529292106628,0.015306022949516773,0.16856974363327026,0.009949402883648872,0.2783814072608948,0.29391250014305115,0.022738205268979073,0.0004744388279505074,0.6912971138954163,1.0,0.0,0.8737562298774719,0.20013996958732605,0.0005919245886616409,0.019249022006988525,0.0,0.0,0.34542879462242126,0.07705417275428772,4.2588188080117106e-05,1.2906394004821777,0.0,0.0
43,3.398749589920044,0.5594590306282043,37.083133697509766,9.481583595275879,0.4835895001888275,56.838470458984375,1.2385979890823364,1.2389191389083862,20.93,0.9897584319114685,0.017990946769714355,0.04293641448020935,9.536201477050781,0.0,0.0,0.30573713779449463,8.730866056794184e-07,0.007882067002356052,0.7178078293800354,0.0,0.0,1.110328197479248,0.24659602344036102,0.02269822359085083,0.41653531789779663,0.02393275871872902,0.7970502972602844,0.27910932898521423,0.011489523574709892,0.0010854331776499748,0.419360488653183,1.0,0.0,0.750964343547821,0.3336259722709656,0.00047172195627354085,0.018161669373512268,0.0,0.0,0.34606125950813293,0.03688276559114456,0.00016334999236278236,1.265810489654541,0.0,0.0
44,1.3725312948226929,0.10856940597295761,26.167009353637695,2.932950735092163,0.6820018291473389,52.1292839050293,1.1198502779006958,1.1180517673492432,143.65,0.833618700504303,0.1818855255842209,0.03923697769641876,2.3229916095733643,0.0,0.0,0.39085063338279724,0.00027445078012533486,0.0017311401898041368,0.947969913482666,0.0,0.0,0.9768098592758179,0.58551025390625,0.014166836626827717,0.14702652394771576,0.008275642991065979,0.23640842735767365,0.3008093535900116,0.028531908988952637,0.00036993902176618576,0.7969381213188171,1.0,0.0,0.9069272875785828,0.15128907561302185,0.0006144682411104441,0.019257260486483574,0.0,0.0,0.34344959259033203,0.0961882546544075,3.7235120544210076e-05,1.293156623840332,0.0,0.0
45,4.851493835449219,0.05132639780640602,25.281179428100586,5.8891191482543945,0.6155340075492859,52.00205993652344,1.1605076789855957,1.1597754955291748,54.4,1.1332350969314575,0.21378213167190552,0.010951684787869453,1.5414704084396362,0.0,0.0,0.3427862226963043,0.00011062171688536182,0.00861077755689621,0.9880318641662598,0.0,0.0,1.0937579870224,0.41891294717788696,0.017706062644720078,0.2659216523170471,0.014470494352281094,0.4728231132030487,0.2931545674800873,0.02099260874092579,0.0006561382324434817,0.6357825994491577,1.0,0.0,0.7477191686630249,0.2742079794406891,0.0005009025917388499,0.01712137460708618,0.0,0.0,0.3442610204219818,0.060187820345163345,8.81037485669367e-05,1.2858405113220215,0.0,0.0
46,4.0197978019714355,0.4230227470397949,25.004261016845703,4.780407905578613,0.5117307305335999,58.262855529785156,1.0659005641937256,1.0631316900253296,244.34,1.0859405994415283,0.03457391634583473,0.03327212482690811,8.332634925842285,0.0,0.0,0.30197787284851074,1.851583510870114e-05,0.006551941856741905,0.7914796471595764,0.0,0.0,1.1646971702575684,0.37794026732444763,0.01802256889641285,0.2701587677001953,0.014758912846446037,0.4756254255771637,0.28225284814834595,0.015575126744806767,0.0006710245506837964,0.550446629524231,1.0,0.0,0.8135135173797607,0.2644246518611908,0.0005322531214915216,0.018904881551861763,0.0,0.0,0.3466755747795105,0.0519963875412941,7.768499199301004e-05,1.288118839263916,0.0,0.0
47,5.679449081420898,0.8812144994735718,24.65230369567871,3.082874298095703,0.6421822905540466,64.35548400878906,1.0151052474975586,1.0192874670028687,404.2,0.8392167091369629,0.014250094071030617,0.051897529512643814,25.961437225341797,0.0,0.0,0.34378400444984436,1.8620477931108326e-05,0.0010549770668148994,0.6041769981384277,0.0,0.0,1.0642808675765991,0.6095176339149475,0.014290203340351582,0.16301405429840088,0.009214156307280064,0.2715921998023987,0.29493260383605957,0.023253466933965683,0.00043786808964796364,0.7444900870323181,1.0,0.0,1.001389503479004,0.14951753616333008,0.0006602665525861084,0.02130003273487091,0.0,0.0,0.34385502338409424,0.08566000312566757,2.8706079319817945e-05,1.2904167175292969,0.0,0.0
48,5.465811729431152,0.46440738439559937,26.38703727722168,9.774701118469238,0.42659974098205566,57.50160598754883,1.1035679578781128,1.1018155813217163,144.12,1.1867632865905762,0.03410101309418678,0.024146292358636856,7.8705153465271,0.0,0.0,0.2899254858493805,8.14471775356651e-07,0.011175842024385929,0.7650449872016907,0.0,0.0,1.2595771551132202,0.2069474756717682,0.023278221487998962,0.5028613209724426,0.024797681719064713,0.9360952973365784,0.26923927664756775,0.008732962422072887,0.0010169852757826447,0.4074573218822479,1.0,0.0,0.7162842750549316,0.35896143317222595,0.0004499326169025153,0.017653658986091614,0.0,0.0,0.34766414761543274,0.03497370332479477,9.931619570124894e-05,1.2867695093154907,0.0,0.0
49,2.402555465698242,0.2786240577697754,30.16011619567871,6.261094093322754,0.7259365320205688,44.748512268066406,1.2929540872573853,1.2922862768173218,39.97,0.9167217016220093,0.08224804699420929,0.04842814803123474,5.149429798126221,0.0,0.0,0.33161795139312744,0.00010388418013462797,0.00355719355866313,0.8481629490852356,0.0,0.0,0.9815121293067932,0.569443941116333,0.015525382943451405,0.21256382763385773,0.01222212240099907,0.38018032908439636,0.3044882118701935,0.027557313442230225,0.0006028770003467798,0.7511876225471497,1.0,0.0,0.8807017207145691,0.1970435529947281,0.0005781012587249279,0.019143838435411453,0.0,0.0,0.34040868282318115,0.06858870387077332,8.755805174587294e-05,1.2627876996994019,0.0,0.0
50,1.2820026874542236,0.8120684623718262,22.899818420410156,4.65114164352417,0.5046914219856262,58.217594146728516,1.0674560070037842,1.0672601461410522,17.19,0.7344376444816589,0.004098387900739908,0.08508463203907013,17.60017204284668,0.0,0.0,0.35469895601272583,4.2802483221748844e-05,0.0032849020790308714,0.6404693126678467,0.0,0.0,1.0760266780853271,0.5334189534187317,0.018006686121225357,0.2707138955593109,0.01492334809154272,0.466423362493515,0.28088903427124023,0.016144266352057457,0.0006568893440999091,0.5501269102096558,1.0,0.0,0.8963757753372192,0.20399309694766998,0.0005809107678942382,0.020457345992326736,0.0,0.0,0.34693390130996704,0.057745568454265594,5.031274849898182e-05,1.2917429208755493,0.0,0.0
51,2.5942459106445312,0.15875397622585297,34.17110061645508,4.4644598960876465,0.6647842526435852,48.18559646606445,1.2445214986801147,1.2423784732818604,138.6,0.9051647186279297,0.13062633574008942,0.034215088933706284,3.170945405960083,0.0,0.0,0.3532381057739258,0.00016233653877861798,0.0035327125806361437,0.9187356233596802,0.0,0.0,0.9813730716705322,0.5192770957946777,0.015470060519874096,0.1924336850643158,0.011347249150276184,0.337723046541214,0.29986682534217834,0.024800419807434082,0.0005543717998079956,0.7181776165962219,1.0,0.0,0.8387565612792969,0.2247018665075302,0.0005570172215811908,0.018527008593082428,0.0,0.0,0.34224650263786316,0.0662357285618782,9.689896978670731e-05,1.2623300552368164,0.0,0.0
52,4.280856609344482,0.04567650705575943,24.60162925720215,5.497203826904297,0.42610201239585876,49.469573974609375,1.044015645980835,1.0441088676452637,8.55,1.152852177619934,0.18944190442562103,0.0067427754402160645,1.656744360923767,0.0,0.0,0.34847116470336914,0.00010726924665505067,0.011471346952021122,0.9914380311965942,0.0,0.0,1.1850343942642212,0.25838980078697205,0.01972624659538269,0.3349573016166687,0.017359193414449692,0.5841538906097412,0.2729834318161011,0.01142179500311613,0.0007532420568168163,0.4602888822555542,1.0,0.0,0.6538223624229431,0.4055054783821106,0.0004294839163776487,0.016148047521710396,0.0,0.0,0.34939447045326233,0.03998284414410591,0.00010602092515910044,1.2839211225509644,0.0,0.0
53,1.7050271034240723,0.41255006194114685,27.05011558532715,9.824851036071777,0.4732664227485657,55.089412689208984,1.180424690246582,1.180761456489563,24.16,0.9931623339653015,0.03437476232647896,0.044394005089998245,7.114500999450684,0.0,0.0,0.3229996860027313,4.7726040065754205e-05,0.008434069342911243,0.7851951718330383,0.0,0.0,1.1313706636428833,0.2605316638946533,0.02319725602865219,0.46298664808273315,0.02447143755853176,0.8687135577201843,0.2757633626461029,0.011507975868880749,0.0010346885537728667,0.42918190360069275,1.0,0.0,0.7499117851257324,0.3133763372898102,0.0004812213301192969,0.018046462908387184,0.0,0.0,0.3467639684677124,0.04166350141167641,9.509205119684339e-05,1.287966251373291,0.0,0.0
54,3.2665328979492188,0.5735360980033875,14.457453727722168,9.82993221282959,0.6458243727684021,59.72172546386719,1.0067919492721558,1.0055996179580688,117.77,0.9942233562469482,0.016958817839622498,0.05137107893824577,8.756621360778809,0.0,0.0,0.303912490606308,6.3970119299483486e-06,0.005335668101906776,0.7316210865974426,0.0,0.0,1.1326302289962769,0.46257540583610535,0.019046612083911896,0.3936710059642792,0.018140152096748352,0.6990463137626648,0.287526398897171,0.019518917426466942,0.0006771186599507928,0.6394625306129456,1.0,0.0,0.8533856868743896,0.20828817784786224,0.000534575548954308,0.019233662635087967,0.0,0.0,0.3416915237903595,0.0527862086892128,0.000127000967040658,1.2738239765167236,0.0,0.0
55,3.5537002086639404,0.42490828037261963,41.65907287597656,5.911901473999023,0.422225683927536,53.99197006225586,1.1649852991104126,1.1647504568099976,17.31,1.005802869796753,0.02850898541510105,0.03523097559809685,6.2639689445495605,0.0,0.0,0.306884229183197,1.994669219129719e-06,0.008410386741161346,0.803767740726471,0.0,0.0,1.0955923795700073,0.2279883474111557,0.019644375890493393,0.31639379262924194,0.01888432726264,0.5853403806686401,0.27486321330070496,0.009875046089291573,0.0009191631688736379,0.42132601141929626,1.0,0.0,0.7156478762626648,0.39438167214393616,0.000447416357928887,0.01771985925734043,0.0,0.0,0.34941765666007996,0.032490119338035583,0.00022086407989263535,1.2469390630722046,0.0,0.0
56,2.937312602996826,0.8293699026107788,23.53470802307129,8.573023796081543,0.45514166355133057,58.9431037902832,1.0937281847000122,1.0945686101913452,70.2,0.8366687893867493,0.010724243707954884,0.05569064989686012,18.764902114868164,0.0,0.0,0.3453131914138794,1.204683485411806e-05,0.005821827333420515,0.6272230744361877,0.0,0.0,1.1341907978057861,0.3001537621021271,0.021952325478196144,0.44527459144592285,0.02254469506442547,0.8258776068687439,0.2721838355064392,0.010841798037290573,0.0009317685035057366,0.44216468930244446,1.0,0.0,0.8059732913970947,0.2742457985877991,0.0005116852698847651,0.019198056310415268,0.0,0.0,0.3469755947589874,0.04314965754747391,8.088048343779519e-05,1.2904207706451416,0.0,0.0
57,4.473033905029297,0.222968190908432,36.61530303955078,2.997762680053711,0.6495621800422668,48.433509826660156,1.166203498840332,1.1672675609588623,78.17,1.005934238433838,0.1077989935874939,0.02811657451093197,4.461353302001953,0.0,0.0,0.3174884021282196,8.114199590636417e-05,0.0030041560530662537,0.8976396322250366,0.0,0.0,1.0104459524154663,0.5310580730438232,0.014270822517573833,0.15429924428462982,0.00919541995972395,0.2571652829647064,0.29938459396362305,0.024149198085069656,0.00045365732512436807,0.7441797852516174,1.0,0.0,0.8604043126106262,0.22166717052459717,0.0005668890080414712,0.01887495629489422,0.0,0.0,0.3427608013153076,0.06644423305988312,0.0001096705746022053,1.2543081045150757,0.0,0.0
58,3.333343744277954,0.040639687329530716,18.78569793701172,6.030074119567871,0.6245147585868835,42.2302131652832,1.0858087539672852,1.089514136314392,313.22,1.0167503356933594,0.23521554470062256,0.014400160871446133,1.2705451250076294,0.0,0.0,0.3638399839401245,0.0001255050883628428,0.008219162933528423,0.996234118938446,0.0,0.0,1.0816532373428345,0.4434840679168701,0.01742265745997429,0.2811428904533386,0.014254146255552769,0.4781324863433838,0.2910584807395935,0.02157415822148323,0.0005997998523525894,0.6575756669044495,1.0,0.0,0.7403828501701355,0.2666885554790497,0.0004889898118562996,0.017010970041155815,0.0,0.0,0.3441065847873688,0.056463420391082764,0.00010936528269667178,1.2828058004379272,0.0,0.0
59,1.823206901550293,0.7561905384063721,25.523422241210938,7.6832685470581055,0.5141445994377136,52.374732971191406,1.1552276611328125,1.1562564373016357,77.02,0.8217541575431824,0.007279466837644577,0.06952250003814697,16.289836883544922,0.0,0.0,0.3388124108314514,2.4744420443312265e-05,0.00586401391774416,0.6464064121246338,0.0,0.0,1.082735538482666,0.3820189833641052,0.020765209570527077,0.3723500072956085,0.020127641037106514,0.6876221895217896,0.28090226650238037,0.014571861363947392,0.000872233766131103,0.49422478675842285,1.0,0.0,0.8369076251983643,0.2437959760427475,0.0005368923302739859,0.01949460804462433,0.0,0.0,0.34621456265449524,0.04991215094923973,7.177777297329158e-05,1.287539005279541,0.0,0.0
60,3.522813558578491,0.9136333465576172,21.532194137573242,7.255366802215576,0.5346702933311462,58.091941833496094,1.075787901878357,1.0753552913665771,37.4,0.7824587821960449,0.01705760695040226,0.0590740367770195,23.60931968688965,0.0,0.0,0.3597431778907776,3.948665835196152e-05,0.003789417678490281,0.5958789587020874,0.0,0.0,1.0776617527008057,0.4282575845718384,0.019656067714095116,0.357177197933197,0.018482327461242676,0.6638173460960388,0.28056809306144714,0.015172328799962997,0.000774469634052366,0.5354690551757812,1.0,0.0,0.8690118789672852,0.2193136215209961,0.0005581583245657384,0.019879747182130814,0.0,0.0,0.34504279494285583,0.05420171096920967,6.125827349023893e-05,1.2875207662582397,0.0,0.0
61,2.3515732288360596,0.600735068321228,18.976781845092773,5.28249454498291,0.5722078680992126,41.992820739746094,1.0405640602111816,1.0455467700958252,457.99,0.9023757576942444,0.010700072161853313,0.06046787276864052,11.110107421875,0.0,0.0,0.3166111409664154,2.1291971279424615e-05,0.0065114484168589115,0.7125667333602905,0.0,0.0,1.1102566719055176,0.466209352016449,0.01739427261054516,0.27790749073028564,0.01453306619077921,0.47423410415649414,0.2852690815925598,0.018364325165748596,0.00061602215282619,0.6133314371109009,1.0,0.0,0.8524492979049683,0.2263510674238205,0.0005460321553982794,0.019485048949718475,0.0,0.0,0.3452623188495636,0.053656693547964096,8.490845357300714e-05,1.2829315662384033,0.0,0.0
62,1.399093508720398,0.6336828470230103,28.940351486206055,5.134547710418701,0.658769965171814,52.76606369018555,1.230407476425171,1.2313196659088135,60.21,0.8027319312095642,0.006723897065967321,0.08565250039100647,14.295077323913574,0.0,0.0,0.32974347472190857,7.381612522294745e-05,0.0017606024630367756,0.683020830154419,0.0,0.0,1.0089386701583862,0.6033720374107361,0.016199644654989243,0.21878793835639954,0.012574069201946259,0.38517656922340393,0.29824110865592957,0.024559013545513153,0.0006010878132656217,0.6968722343444824,1.0,0.0,0.9570546746253967,0.16837909817695618,0.0006293642800301313,0.02071327157318592,0.0,0.0,0.3428928852081299,0.07610293477773666,3.987188028986566e-05,1.2849406003952026,0.0,0.0
63,1.8307418823242188,0.10312134027481079,27.83317756652832,5.363895416259766,0.44147706031799316,54.88641357421875,1.0999459028244019,1.0974454879760742,207.14,0.9670127034187317,0.12644903361797333,0.022926395758986473,2.15620493888855,0.0,0.0,0.37436461448669434,0.0002067658497253433,0.008579196408390999,0.9604501724243164,0.0,0.0,1.112917423248291,0.3116067051887512,0.019642943516373634,0.31263136863708496,0.017179077491164207,0.5560183525085449,0.27585697174072266,0.012666271068155766,0.0007791847456246614,0.46699294447898865,1.0,0.0,0.7092618346214294,0.34020501375198364,0.0004714612732641399,0.01717028021812439,0.0,0.0,0.34934890270233154,0.046018704771995544,8.841975795803592e-05,1.2901577949523926,0.0,0.0
64,2.705625534057617,0.8636896014213562,28.319353103637695,4.185446262359619,0.7016400694847107,41.251258850097656,1.1908882856369019,1.1905258893966675,25.56,0.7355953454971313,0.015995807945728302,0.08901069313287735,21.25771141052246,0.0,0.0,0.3444274961948395,3.8590860640397295e-05,0.0017832908779382706,0.5950406789779663,0.0,0.0,0.962105393409729,0.5781381130218506,0.01423574611544609,0.17321348190307617,0.009764113463461399,0.30080658197402954,0.3023284077644348,0.02679941989481449,0.00048084152513183653,0.7797797322273254,1.0,0.0,0.9893701076507568,0.15693490207195282,0.0006402189028449357,0.021049706265330315,0.0,0.0,0.341836154460907,0.07693276554346085,5.878389492863789e-05,1.2637079954147339,0.0,0.0
65,3.6699628829956055,0.8414362072944641,33.081634521484375,9.023409843444824,0.5900698900222778,50.67873764038086,1.262834906578064,1.2627921104431152,2.68,0.809773862361908,0.017218787223100662,0.059874992817640305,17.443309783935547,0.0,0.0,0.3404528796672821,2.41488560277503e-05,0.005428100470453501,0.6017024517059326,0.0,0.0,1.002136468887329,0.39238977432250977,0.02071998082101345,0.3506655991077423,0.020208558067679405,0.6648403406143188,0.2901558578014374,0.017781177535653114,0.0009110181708820164,0.5330299139022827,1.0,0.0,0.8489440679550171,0.2383604645729065,0.000539502187166363,0.019437890499830246,0.0,0.0,0.3430444896221161,0.04952872917056084,0.00012115059507777914,1.2636247873306274,0.0,0.0
66,2.4920358657836914,0.2125692367553711,28.6208438873291,6.422524452209473,0.6533980965614319,41.83627700805664,1.2452495098114014,1.2463830709457397,73.04,0.9403278231620789,0.10313063859939575,0.037534233182668686,3.45843768119812,0.0,0.0,0.34003233909606934,0.00010724934691097587,0.007482444867491722,0.8867225646972656,0.0,0.0,0.9991355538368225,0.43497076630592346,0.01737326756119728,0.2557468116283417,0.014576380141079426,0.4598097801208496,0.29736462235450745,0.023001255467534065,0.0006820342969149351,0.6576318144798279,1.0,0.0,0.8050678968429565,0.24744047224521637,0.0005251010879874229,0.01819208636879921,0.0,0.0,0.34253084659576416,0.0558122918009758,0.0001362564944429323,1.259973406791687,0.0,0.0
67,4.06335973739624,0.1568591296672821,31.341426849365234,4.638052463531494,0.7287657856941223,41.47694778442383,1.24042809009552,1.2397981882095337,40.96,0.9828509092330933,0.15158149600028992,0.027994127944111824,3.0354561805725098,0.0,0.0,0.33199435472488403,9.24998676055111e-05,0.003416270948946476,0.928839921951294,0.0,0.0,0.9763326048851013,0.5687738060951233,0.014046626165509224,0.1721159964799881,0.009812544099986553,0.29901444911956787,0.3056802451610565,0.028109945356845856,0.0004939715145155787,0.7998884320259094,1.0,0.0,0.8583191633224487,0.20439933240413666,0.0005636836285702884,0.018552182242274284,0.0,0.0,0.340605765581131,0.07072470337152481,0.00010958609345834702,1.2521138191223145,0.0,0.0
68,3.465714454650879,0.264530211687088,36.47869873046875,3.229238271713257,0.47690001130104065,41.59122085571289,1.0778659582138062,1.077547311782837,27.44,0.9509463906288147,0.07102754712104797,0.03272734582424164,4.366607666015625,0.0,0.0,0.32458528876304626,7.426191587001085e-05,0.007907750084996223,0.8855485916137695,0.0,0.0,1.010332465171814,0.298778235912323,0.016484947875142097,0.20206227898597717,0.012533806264400482,0.34653568267822266,0.28294557332992554,0.014651519246399403,0.0006220551440492272,0.5396583080291748,1.0,0.0,0.7429786920547485,0.35103052854537964,0.000473444233648479,0.01778002642095089,0.0,0.0,0.34876546263694763,0.03960730507969856,0.00026460023946128786,1.2315624952316284,0.0,0.0
69,4.181374549865723,0.29852190613746643,43.43782424926758,5.824552536010742,0.5921248197555542,51.12870407104492,1.2749545574188232,1.2748141288757324,8.64,0.9637831449508667,0.06302560120820999,0.03256458789110184,4.496506690979004,0.0,0.0,0.30623486638069153,2.9190665372880176e-05,0.0072180358693003654,0.8546445369720459,0.0,0.0,0.9791524410247803,0.30636242032051086,0.01763400062918663,0.24953995645046234,0.015524088405072689,0.46131983399391174,0.29182687401771545,0.018154770135879517,0.0007487923721782863,0.5877765417098999,1.0,0.0,0.7720431685447693,0.31736433506011963,0.0004853539867326617,0.01786831207573414,0.0,0.0,0.3419988453388214,0.04160448908805847,0.00028584414394572377,1.2245346307754517,0.0,0.0
70,3.7308013439178467,0.3704904019832611,26.100872039794922,9.724283218383789,0.5002484321594238,49.72571563720703,1.161850929260254,1.1634256839752197,116.5,1.1268068552017212,0.05059843882918358,0.027609210461378098,5.893516540527344,0.0,0.0,0.30200403928756714,1.492493993282551e-05,0.010595434345304966,0.8052371144294739,0.0,0.0,1.1592458486557007,0.2517322897911072,0.02255058102309704,0.4490131139755249,0.023305295035243034,0.8378891944885254,0.27834680676460266,0.012564566917717457,0.0009711875463835895,0.45940715074539185,1.0,0.0,0.7353876233100891,0.3257891833782196,0.00046844137250445783,0.017693564295768738,0.0,0.0,0.3459302484989166,0.04014332592487335,0.00011918054951820523,1.2798646688461304,0.0,0.0
71,5.132141590118408,0.06406427174806595,27.20244598388672,4.384096622467041,0.6151831746101379,46.31694412231445,1.1382625102996826,1.1364091634750366,143.28,1.099776029586792,0.2003341019153595,0.013958620838820934,1.6852914094924927,0.0,0.0,0.33884403109550476,0.00010775903501780704,0.006846022792160511,0.9844005107879639,0.0,0.0,1.0698306560516357,0.4410251975059509,0.01628989353775978,0.21463580429553986,0.012137309648096561,0.37015634775161743,0.2945275604724884,0.02173434942960739,0.0005711688427254558,0.6683327555656433,1.0,0.0,0.7672290205955505,0.2678910791873932,0.0005127783515490592,0.01745518110692501,0.0,0.0,0.34466859698295593,0.06074380502104759,0.00010384526831330732,1.275872826576233,0.0,0.0
72,1.5480166673660278,0.45961225032806396,21.591045379638672,9.210817337036133,0.5179411768913269,54.51220703125,1.1360257863998413,1.1374115943908691,107.25,0.9657922983169556,0.02646772377192974,0.0516391359269619,7.810268878936768,0.0,0.0,0.32266688346862793,5.080365008325316e-05,0.007394989021122456,0.7691478133201599,0.0,0.0,1.126670241355896,0.3136802613735199,0.021852707490324974,0.4309094250202179,0.02210685797035694,0.8031375408172607,0.2787623107433319,0.013791537843644619,0.0009001821745187044,0.4891735911369324,1.0,0.0,0.7859007716178894,0.27553853392601013,0.0005037459195591509,0.018503708764910698,0.0,0.0,0.3452722430229187,0.04648895561695099,9.135214349953458e-05,1.2892075777053833,0.0,0.0
73,4.297530651092529,0.0026158166583627462,17.555997848510742,6.5856194496154785,0.7755762934684753,47.0354118347168,1.125697374343872,1.1269450187683105,98.35,1.043941855430603,0.2490837424993515,0.011919625103473663,1.0565587282180786,0.0,0.0,0.36435750126838684,0.00013489990669768304,0.003994287922978401,1.033732295036316,0.0,0.0,1.0424445867538452,0.5300381779670715,0.013762452639639378,0.20995086431503296,0.0101497583091259,0.36099645495414734,0.3052172064781189,0.029973387718200684,0.0004787553916685283,0.8421518802642822,1.0,0.0,0.8088580965995789,0.20363806188106537,0.0005451449542306364,0.017532145604491234,0.0,0.0,0.3416445553302765,0.08272016048431396,5.083233190816827e-05,1.2902913093566895,0.0,0.0
74,4.644014358520508,0.24204345047473907,38.39116287231445,6.295938491821289,0.5301306843757629,56.5870361328125,1.2240207195281982,1.2225860357284546,95.87,1.0945789813995361,0.0800195038318634,0.02069118060171604,4.125775337219238,0.0,0.0,0.3087446689605713,4.1784936911426485e-05,0.008621834218502045,0.8836004137992859,0.0,0.0,1.0732719898223877,0.2907165586948395,0.019324515014886856,0.29506635665893555,0.017573153600096703,0.5467557311058044,0.28609588742256165,0.015487056225538254,0.0008427196298725903,0.5148458480834961,1.0,0.0,0.7389143705368042,0.3350837230682373,0.00048060104018077254,0.017499404028058052,0.0,0.0,0.34538769721984863,0.04438116401433945,0.00017041376850102097,1.2631670236587524,0.0,0.0
75,5.760064601898193,0.8902249932289124,37.455909729003906,3.9559061527252197,0.4134967625141144,58.623626708984375,1.0612767934799194,1.0605648756027222,63.25,0.8166595697402954,0.01253829151391983,0.04140359163284302,21.74769401550293,0.0,0.0,0.3583877384662628,4.289687785785645e-05,0.0049048238433897495,0.6262404322624207,0.0,0.0,1.0780335664749146,0.36213070154190063,0.017811063677072525,0.24932758510112762,0.014752807095646858,0.4378716051578522,0.27483537793159485,0.011569113470613956,0.0007405824144370854,0.46634557843208313,1.0,0.0,0.809332549571991,0.2884385883808136,0.0005222649779170752,0.019334128126502037,0.0,0.0,0.3505346179008484,0.04481549561023712,0.0001238763943547383,1.272774338722229,0.0,0.0
76,1.1402777433395386,0.3077980875968933,20.458507537841797,6.5770463943481445,0.5719780325889587,45.629249572753906,1.1196695566177368,1.117358922958374,184.69,0.9230217933654785,0.06449127942323685,0.04998138174414635,4.5359978675842285,0.0,0.0,0.3441449999809265,0.000117617251817137,0.007599595468491316,0.8447550535202026,0.0,0.0,1.0818454027175903,0.4270121455192566,0.0190937127918005,0.3188098967075348,0.016716858372092247,0.5610848665237427,0.28590357303619385,0.018518365919589996,0.0007023971411399543,0.5810160636901855,1.0,0.0,0.7943201065063477,0.2493540197610855,0.0005171216325834394,0.0183591116219759,0.0,0.0,0.3449511229991913,0.05290595814585686,9.812400821829215e-05,1.2853147983551025,0.0,0.0
77,2.30023455619812,0.514434278011322,22.61396026611328,4.072570323944092,0.7190229892730713,55.80288314819336,1.1307926177978516,1.129356026649475,112.49,0.926318347454071,0.021579023450613022,0.06569370627403259,12.430737495422363,0.0,0.0,0.3164123594760895,7.416014705086127e-05,0.0013366268249228597,0.7422259449958801,0.0,0.0,1.0346777439117432,0.5618657469749451,0.01380620151758194,0.16798628866672516,0.009012673050165176,0.2845790386199951,0.3022495210170746,0.028521286323666573,0.00043149874545633793,0.8146507740020752,1.0,0.0,1.0153851509094238,0.1337500959634781,0.0006751518812961876,0.021126944571733475,0.0,0.0,0.3420356810092926,0.09525948762893677,2.5480941985733807e-05,1.2924742698669434,0.0,0.0
78,5.007437229156494,0.19336268305778503,44.595123291015625,2.3102071285247803,0.7957559823989868,52.36781692504883,1.145209550857544,1.144921064376831,22.0,0.9494321942329407,0.12360896170139313,0.02785261906683445,3.754267454147339,0.0,0.0,0.31538403034210205,6.302272231550887e-05,0.00108630140312016,0.925650417804718,0.0,0.0,0.9813299179077148,0.49586576223373413,0.01006221305578947,0.10466452687978745,0.004498066380620003,0.1549081951379776,0.31015366315841675,0.0334930494427681,0.00018932610691990703,0.9855554699897766,1.0,0.0,0.9974336624145508,0.14603552222251892,0.0006486380589194596,0.020044228062033653,0.0,0.0,0.33628976345062256,0.08582510054111481,8.19333508843556e-05,1.2397208213806152,0.0,0.0
79,1.628585696220398,0.27701330184936523,12.68301010131836,7.740666389465332,0.7177731990814209,49.6646614074707,1.0072282552719116,1.0136171579360962,625.78,0.9193322658538818,0.09399575740098953,0.04962492361664772,4.374729156494141,0.0,0.0,0.3391055762767792,0.00010015299631049857,0.0049537052400410175,0.873663067817688,0.0,0.0,1.0651891231536865,0.5388516783714294,0.016068801283836365,0.2882174253463745,0.013406852260231972,0.4944695830345154,0.2956295907497406,0.025602063164114952,0.0005427393480204046,0.7521923184394836,1.0,0.0,0.8695902824401855,0.1848965287208557,0.0005632213433273137,0.01907399296760559,0.0,0.0,0.34129491448402405,0.06657776981592178,8.087892638286576e-05,1.2818032503128052,0.0,0.0
80,4.62373161315918,0.887486457824707,41.23406982421875,9.961484909057617,0.5217099189758301,45.07101821899414,1.2523479461669922,1.2525813579559326,14.88,0.7148106694221497,0.021922005340456963,0.05584351718425751,15.113384246826172,0.0,0.0,0.35220658779144287,3.087045843130909e-05,0.007119839079678059,0.5903892517089844,0.0,0.0,0.9165281653404236,0.22288741171360016,0.022192733362317085,0.39653998613357544,0.023900305852293968,0.7655001878738403,0.2830093204975128,0.012655077502131462,0.001070357277058065,0.4384608268737793,1.0,0.0,0.7541637420654297,0.3547409176826477,0.0004511217412073165,0.0181667972356081,0.0,0.0,0.3432152271270752,0.029449915513396263,0.0003452664823271334,1.2073731422424316,0.0,0.0
81,4.121628284454346,0.8122977614402771,25.85014533996582,2.458892822265625,0.6497346758842468,46.54430389404297,1.0192146301269531,1.0216184854507446,230.86,0.8479470610618591,0.009521950967609882,0.06492014974355698,21.546337127685547,0.0,0.0,0.3302570879459381,1.41590917337453e-05,0.0013720635324716568,0.623192310333252,0.0,0.0,1.0475749969482422,0.6088534593582153,0.013685042969882488,0.13877585530281067,0.007970912382006645,0.22022618353366852,0.2971820831298828,0.024646000936627388,0.0003835262905340642,0.7704539895057678,1.0,0.0,1.0018892288208008,0.1473311185836792,0.0006565393996424973,0.021224582567811012,0.0,0.0,0.3440548777580261,0.08709277212619781,3.860195283778012e-05,1.2807247638702393,0.0,0.0
82,4.799086093902588,0.8627423644065857,20.429094314575195,7.040166854858398,0.5090047121047974,55.944175720214844,1.0138068199157715,1.0118001699447632,195.62,0.8755691051483154,0.013754562474787235,0.04477839171886444,19.18086051940918,0.0,0.0,0.34555450081825256,2.3260248781298287e-05,0.005571985617280006,0.6125144362449646,0.0,0.0,1.1353106498718262,0.3819071352481842,0.01965605840086937,0.37208566069602966,0.018492931500077248,0.6730525493621826,0.2766415774822235,0.01358931977301836,0.0007548115099780262,0.5210978984832764,1.0,0.0,0.8302696943283081,0.2464527040719986,0.0005276150186546147,0.019345875829458237,0.0,0.0,0.3456549644470215,0.048308972269296646,8.31073266454041e-05,1.286783218383789,0.0,0.0
83,2.3185226917266846,0.59669029712677,33.058555603027344,6.055803298950195,0.4220755696296692,59.21041488647461,1.1310571432113647,1.1303918361663818,52.04,0.9315971732139587,0.008452418260276318,0.05384686961770058,11.572218894958496,0.0,0.0,0.3220817446708679,1.2553556416605716e-06,0.006302929017692804,0.723099410533905,0.0,0.0,1.157719373703003,0.30029550194740295,0.020148111507296562,0.33730265498161316,0.01899592950940132,0.6174382567405701,0.27421313524246216,0.010738938115537167,0.0008995011448860168,0.4293997287750244,1.0,0.0,0.7784790992736816,0.31015485525131226,0.0005003066617064178,0.01884542964398861,0.0,0.0,0.3498677611351013,0.0418478362262249,9.594931179890409e-05,1.2873836755752563,0.0,0.0
84,4.300936222076416,0.10548504441976547,19.14383316040039,6.551319122314453,0.6870189309120178,50.08597183227539,1.1041185855865479,1.1023485660552979,145.43,1.1004083156585693,0.19111578166484833,0.0167180597782135,2.2460427284240723,0.0,0.0,0.3361080288887024,9.330201282864437e-05,0.0065217530354857445,0.9617422819137573,0.0,0.0,1.0978046655654907,0.5016782283782959,0.01638634502887726,0.26143205165863037,0.013064837083220482,0.4523784816265106,0.29715612530708313,0.024497540667653084,0.0005744320806115866,0.7213644981384277,1.0,0.0,0.798087477684021,0.22822929918766022,0.0005299284239299595,0.017819898203015327,0.0,0.0,0.3427012860774994,0.06599144637584686,7.238528633024544e-05,1.2880768775939941,0.0,0.0
85,2.123183488845825,0.9211104512214661,20.98794937133789,7.541123867034912,0.64524245262146,48.35944747924805,1.1569844484329224,1.1566836833953857,22.47,0.7162235379219055,0.020952649414539337,0.08216805011034012,21.47629165649414,0.0,0.0,0.3633826971054077,6.0869817389175296e-05,0.0030331152956932783,0.5831795930862427,0.0,0.0,1.0180909633636475,0.5840256214141846,0.01824846677482128,0.3070336580276489,0.01600603573024273,0.5542094707489014,0.2924686074256897,0.021990103647112846,0.0006899268482811749,0.6443421840667725,1.0,0.0,0.9376735687255859,0.1747051626443863,0.0006068511866033077,0.020704342052340508,0.0,0.0,0.34295654296875,0.06512448191642761,4.800673923455179e-05,1.2866363525390625,0.0,0.0
86,5.103149890899658,0.5719689130783081,29.79754066467285,7.353399753570557,0.6227496862411499,53.82878875732422,1.219784140586853,1.2208681106567383,72.79,1.0366867780685425,0.015479117631912231,0.04050148278474808,12.192991256713867,0.0,0.0,0.29511559009552,8.853038480083342e-07,0.004191476386040449,0.7179691195487976,0.0,0.0,1.1020382642745972,0.4207741618156433,0.018504325300455093,0.2954784631729126,0.016663426533341408,0.5519847869873047,0.293477863073349,0.019834453240036964,0.0007725321338512003,0.6056916117668152,1.0,0.0,0.8550993204116821,0.230200856924057,0.0005513427895493805,0.019326819106936455,0.0,0.0,0.3430042862892151,0.05599481984972954,8.053630881477147e-05,1.2781063318252563,0.0,0.0
87,4.725555419921875,0.6815773844718933,25.127784729003906,4.447505950927734,0.5039949417114258,58.13910675048828,1.0369620323181152,1.033355951309204,336.53,0.97393798828125,0.006792584899812937,0.04350859299302101,15.745593070983887,0.0,0.0,0.311918169260025,1.166662400464702e-06,0.004456046968698502,0.6808232665061951,0.0,0.0,1.1675269603729248,0.4299183189868927,0.017490604892373085,0.2590543329715729,0.01435677520930767,0.4567466080188751,0.28106996417045593,0.015071488916873932,0.0006569433608092368,0.5518179535865784,1.0,0.0,0.8551353812217712,0.23878473043441772,0.0005516295786947012,0.01972309686243534,0.0,0.0,0.34691596031188965,0.05285705626010895,6.653454329352826e-05,1.2874146699905396,0.0,0.0
88,1.7187250852584839,0.8684042096138,36.679962158203125,7.312476634979248,0.4684838652610779,48.33489990234375,1.2066253423690796,1.2075769901275635,65.31,0.6978445649147034,0.011961312964558601,0.08032721281051636,16.222566604614258,0.0,0.0,0.3621838390827179,3.5684668546309695e-05,0.005751335993409157,0.6080612540245056,0.0,0.0,0.9895830750465393,0.30295372009277344,0.021040506660938263,0.35503682494163513,0.020887352526187897,0.6651586294174194,0.27923667430877686,0.01214225310832262,0.0009642867953516543,0.4362597167491913,1.0,0.0,0.7915967106819153,0.30015623569488525,0.0004954268224537373,0.019050326198339462,0.0,0.0,0.34793248772621155,0.038329046219587326,0.00019874113786499947,1.254130244255066,0.0,0.0
89,3.3709850311279297,0.9873429536819458,25.28839111328125,4.9810028076171875,0.640820324420929,55.73893737792969,1.143575668334961,1.1468734741210938,251.45,0.7026814818382263,0.03221077099442482,0.07391159981489182,28.838647842407227,0.0,0.0,0.37541481852531433,6.79553413647227e-05,0.0014439193764701486,0.5636014938354492,0.0,0.0,1.010617971420288,0.6047941446304321,0.016361596062779427,0.22558803856372833,0.012400181964039803,0.39908716082572937,0.2947808802127838,0.02323639579117298,0.0005737300962209702,0.687289297580719,1.0,0.0,0.979647159576416,0.1573394536972046,0.0006456194678321481,0.021183541044592857,0.0,0.0,0.3434205949306488,0.07670821994543076,3.2374373404309154e-05,1.2896678447723389,0.0,0.0
90,2.3890552520751953,0.4519428014755249,18.430896759033203,6.102402210235596,0.5402088761329651,45.961517333984375,1.0336520671844482,1.0342851877212524,59.22,0.9983454346656799,0.032102927565574646,0.04671384021639824,7.190192699432373,0.0,0.0,0.3141840696334839,3.271145760663785e-05,0.008001702837646008,0.7792260050773621,0.0,0.0,1.154288411140442,0.39337220788002014,0.018784547224640846,0.3248322010040283,0.016430331394076347,0.5623555779457092,0.2812138497829437,0.016225768253207207,0.0006749153835698962,0.5656206607818604,1.0,0.0,0.7995012998580933,0.2585531771183014,0.0005130336503498256,0.018621573224663734,0.0,0.0,0.34553855657577515,0.0487111359834671,0.00010191096225753427,1.2855807542800903,0.0,0.0
91,3.970031261444092,0.13574998080730438,21.946678161621094,6.230323791503906,0.5215895771980286,43.90226745605469,1.0734102725982666,1.0705925226211548,245.2,1.0994428396224976,0.14103522896766663,0.015938183292746544,2.4699084758758545,0.0,0.0,0.3317508101463318,7.920063217170537e-05,0.009965761564671993,0.9383079409599304,0.0,0.0,1.1397209167480469,0.3054969012737274,0.019245801493525505,0.33027970790863037,0.017012199386954308,0.5803967714309692,0.28148019313812256,0.015348837710916996,0.0007217997335828841,0.5377609133720398,1.0,0.0,0.7141153216362,0.3316802978515625,0.00046557458699680865,0.01703403890132904,0.0,0.0,0.3464542627334595,0.044916778802871704,0.00011684402852552012,1.2803229093551636,0.0,0.0
92,1.6379402875900269,0.31959885358810425,21.697927474975586,3.9567368030548096,0.604547917842865,41.69332504272461,1.0825212001800537,1.080013394355774,214.5,0.8920255899429321,0.06100691109895706,0.05260421335697174,6.5821733474731445,0.0,0.0,0.33874478936195374,0.00014148381887935102,0.0043344646692276,0.840465247631073,0.0,0.0,1.045117974281311,0.5120870471000671,0.015820462256669998,0.20758159458637238,0.011685015633702278,0.3533211648464203,0.2913745045661926,0.021391332149505615,0.0005319207557477057,0.6747308969497681,1.0,0.0,0.8549938797950745,0.220036581158638,0.0005638719303533435,0.01917615905404091,0.0,0.0,0.3450676202774048,0.06349041312932968,7.072470179991797e-05,1.279858946800232,0.0,0.0
93,4.939266681671143,0.3747079074382782,25.808578491210938,4.2066545486450195,0.5262936353683472,42.44780731201172,1.0551550388336182,1.0586626529693604,314.01,1.098718285560608,0.04704396799206734,0.030618324875831604,6.056282997131348,0.0,0.0,0.29705649614334106,1.6223693819483742e-05,0.007725251838564873,0.817266047000885,0.0,0.0,1.128176212310791,0.369063138961792,0.017046505585312843,0.241736501455307,0.01352526992559433,0.41795995831489563,0.28448671102523804,0.016425341367721558,0.0006179260672070086,0.577216625213623,1.0,0.0,0.7881888747215271,0.28506380319595337,0.0005087362951599061,0.018416818231344223,0.0,0.0,0.3470017910003662,0.048582106828689575,0.00014172682131174952,1.2705518007278442,0.0,0.0
94,2.5526349544525146,0.355832576751709,18.01858901977539,8.741074562072754,0.5415658354759216,46.81779479980469,1.067899227142334,1.066614031791687,112.83,1.0491020679473877,0.05523133650422096,0.03574972227215767,5.1120429039001465,0.0,0.0,0.31457725167274475,3.924539123545401e-05,0.009267407469451427,0.8213518261909485,0.0,0.0,1.1594816446304321,0.30710166692733765,0.020892595872282982,0.4184144139289856,0.02036692574620247,0.7509980201721191,0.27954602241516113,0.014798424206674099,0.0007998013752512634,0.5304152965545654,1.0,0.0,0.7599347829818726,0.29128798842430115,0.0004855960141867399,0.017951250076293945,0.0,0.0,0.34483322501182556,0.04436790943145752,0.00010052803554572165,1.2861849069595337,0.0,0.0
95,3.879481077194214,0.8283359408378601,31.244722366333008,5.970800399780273,0.658298671245575,43.14937210083008,1.2373850345611572,1.2391735315322876,116.64,0.7987063527107239,0.013017390854656696,0.06736704707145691,17.29390525817871,0.0,0.0,0.3335850238800049,1.4568679944204632e-05,0.0033416333608329296,0.6104685068130493,0.0,0.0,0.9765495657920837,0.5399726033210754,0.016716375946998596,0.23841801285743713,0.0137798972427845,0.43445518612861633,0.2979390025138855,0.02293512038886547,0.0006541619659401476,0.6720851063728333,1.0,0.0,0.9112061262130737,0.197524756193161,0.0005796985933557153,0.02009749971330166,0.0,0.0,0.3419726490974426,0.05990682914853096,0.00010421002662042156,1.2546602487564087,0.0,0.0
96,4.866985321044922,0.09179746359586716,37.38546371459961,4.163556098937988,0.7466350793838501,45.444480895996094,1.2642731666564941,1.265181303024292,56.78,0.9728363752365112,0.18474559485912323,0.020854268223047256,1.9638798236846924,0.0,0.0,0.33700889348983765,8.959714614320546e-05,0.00308242067694664,0.9745908975601196,0.0,0.0,0.9519272446632385,0.5584436655044556,0.013177800923585892,0.15193092823028564,0.008768539875745773,0.2611795663833618,0.3075953423976898,0.029127998277544975,0.0004437106545083225,0.8369783163070679,1.0,0.0,0.8468886017799377,0.21239645779132843,0.0005557089461944997,0.01815892569720745,0.0,0.0,0.3389955759048462,0.07115177065134048,0.0001279605639865622,1.2408313751220703,0.0,0.0
97,2.805551290512085,0.08418038487434387,24.5646915435791,5.630050182342529,0.4852324426174164,52.777591705322266,1.0929899215698242,1.0950895547866821,175.42,1.0413299798965454,0.1542297601699829,0.015637895092368126,1.8880822658538818,0.0,0.0,0.36131301522254944,0.00015850122144911438,0.009307329542934895,0.9671006798744202,0.0,0.0,1.1232918500900269,0.3209703862667084,0.019425168633461,0.31435108184814453,0.01685183309018612,0.557157039642334,0.27932193875312805,0.014434156008064747,0.0007385042845271528,0.5070135593414307,1.0,0.0,0.7083640098571777,0.33185485005378723,0.00046983876382000744,0.0169636532664299,0.0,0.0,0.3475361168384552,0.047488849610090256,9.477852290729061e-05,1.2878940105438232,0.0,0.0
98,5.596281051635742,0.6254060864448547,42.320709228515625,5.77090311050415,0.45411160588264465,49.16918182373047,1.1627827882766724,1.1613962650299072,102.67,0.9233239889144897,0.009058457799255848,0.040573399513959885,9.91036319732666,0.0,0.0,0.30324986577033997,7.599219884468766e-07,0.007960761897265911,0.7194949388504028,0.0,0.0,1.0412797927856445,0.2327357828617096,0.01902644708752632,0.3004843294620514,0.018192816525697708,0.55843585729599,0.2782248556613922,0.011226723901927471,0.0008817741181701422,0.4505791664123535,1.0,0.0,0.735432505607605,0.38750311732292175,0.00044755431008525193,0.017996227368712425,0.0,0.0,0.34738636016845703,0.030637498944997787,0.000296953076031059,1.2225452661514282,0.0,0.0
99,5.3595991134643555,0.11955582350492477,26.738588333129883,8.995612144470215,0.6506971716880798,57.2952880859375,1.2328767776489258,1.235865831375122,196.17,1.1768677234649658,0.15766070783138275,0.015557296574115753,2.995384693145752,0.0,0.0,0.3199732005596161,6.709241279168054e-05,0.009173629805445671,0.9489137530326843,0.0,0.0,1.09321928024292,0.39244168996810913,0.01933051459491253,0.3286193609237671,0.017744654789566994,0.6042472720146179,0.29577910900115967,0.021498505026102066,0.0007888027466833591,0.617733359336853,1.0,0.0,0.7714840769767761,0.2585223317146301,0.0005116666434332728,0.017574261873960495,0.0,0.0,0.3426494300365448,0.05836700648069382,8.476914081256837e-05,1.2861987352371216,0.0,0.0
100,4.418366432189941,0.6107948422431946,27.225271224975586,5.011949062347412,0.6966736912727356,59.00298309326172,1.1854352951049805,1.1855741739273071,9.88,0.9938904047012329,0.009729367680847645,0.05037285387516022,15.56171703338623,0.0,0.0,0.30049607157707214,1.0223205890724785e-06,0.0015126260695979,0.7028614282608032,0.0,0.0,1.0989595651626587,0.5804262161254883,0.015002941712737083,0.19992119073867798,0.011160018853843212,0.35333237051963806,0.30098646879196167,0.025703752413392067,0.000544966955203563,0.753063976764679,1.0,0.0,0.9687802791595459,0.1612330824136734,0.0006363902357406914,0.020728018134832382,0.0,0.0,0.34212273359298706,0.08007553219795227,3.1167779525276273e-05,1.2912113666534424,0.0,0.0
101,5.795215606689453,0.9328665137290955,34.16376876831055,3.5410313606262207,0.6950865387916565,40.82798385620117,1.163932204246521,1.163399338722229,39.35,0.7244768142700195,0.02288917638361454,0.06416584551334381,21.943918228149414,0.0,0.0,0.3541218936443329,2.9456161428242922e-05,0.0012866449542343616,0.5854810476303101,0.0,0.0,0.927468478679657,0.5832246541976929,0.013740643858909607,0.1575089693069458,0.00888012070208788,0.2683256268501282,0.3022311329841614,0.026209022849798203,0.0004406824300531298,0.7876927852630615,1.0,0.0,0.9859579205513,0.16030488908290863,0.0006258117500692606,0.020906437188386917,0.0,0.0,0.34094810485839844,0.07183270156383514,9.384682198287919e-05,1.239601492881775,0.0,0.0
102,4.681065082550049,0.38729792833328247,37.64280319213867,5.212672710418701,0.553507387638092,54.20197296142578,1.2078243494033813,1.2079699039459229,9.98,1.0555027723312378,0.040488678961992264,0.03173191100358963,7.160250186920166,0.0,0.0,0.2970433831214905,1.2340227840468287e-05,0.006300673820078373,0.8115111589431763,0.0,0.0,1.0712696313858032,0.34853318333625793,0.01792808435857296,0.2524452805519104,0.015178891830146313,0.46007561683654785,0.2889767289161682,0.01724446564912796,0.0007369950762949884,0.5651415586471558,1.0,0.0,0.7957000732421875,0.2871667742729187,0.0005144798196852207,0.018449705094099045,0.0,0.0,0.34495481848716736,0.04839605093002319,0.00015216597239486873,1.260791540145874,0.0,0.0
103,2.091818332672119,0.17800818383693695,26.69516944885254,7.7211222648620605,0.7120170593261719,56.9785041809082,1.2834290266036987,1.283306360244751,7.45,0.946821928024292,0.12478850036859512,0.03687720373272896,3.528407573699951,0.0,0.0,0.3539621829986572,0.00016941933427006006,0.0032112321350723505,0.9046561121940613,0.0,0.0,1.0144603252410889,0.5773361325263977,0.017117375507950783,0.25726282596588135,0.014399652369320393,0.47030550241470337,0.30199533700942993,0.02665884420275688,0.0006734431372024119,0.7062997817993164,1.0,0.0,0.8592489361763,0.19449403882026672,0.0005768535775132477,0.018751583993434906,0.0,0.0,0.3412320911884308,0.0760495588183403,4.594137135427445e-05,1.289638638496399,0.0,0.0
104,3.6035561561584473,0.8395338654518127,21.826154708862305,5.811989784240723,0.7152804732322693,40.84576416015625,1.1419357061386108,1.140092134475708,141.6,0.8130537867546082,0.012362251989543438,0.06935321539640427,22.06142807006836,0.0,0.0,0.33447664976119995,2.0318173483246937e-05,0.0018381386762484908,0.6101806163787842,0.0,0.0,1.011533260345459,0.5623468160629272,0.0147840715944767,0.2169766128063202,0.011471387930214405,0.39169439673423767,0.30010005831718445,0.02571072243154049,0.0005416576750576496,0.7664982080459595,1.0,0.0,0.9692514538764954,0.16041216254234314,0.0006265293341130018,0.02074241265654564,0.0,0.0,0.3418900668621063,0.07756483554840088,4.54971996077802e-05,1.2778815031051636,0.0,0.0
105,4.824217319488525,0.9057862758636475,30.592710494995117,5.447634220123291,0.46567294001579285,49.785987854003906,1.0949851274490356,1.0950504541397095,5.45,0.806658148765564,0.016727767884731293,0.04710261523723602,20.82717514038086,0.0,0.0,0.36005935072898865,4.48139981017448e-05,0.005848062690347433,0.6032401919364929,0.0,0.0,1.0673027038574219,0.3699711859226227,0.019133085384964943,0.30472755432128906,0.01695251278579235,0.5511560440063477,0.2779916822910309,0.013165491633117199,0.0007793923141434789,0.48408591747283936,1.0,0.0,0.8213417530059814,0.266392320394516,0.0005262179183773696,0.01939218118786812,0.0,0.0,0.34827980399131775,0.04612624645233154,0.00011677059956127778,1.2739014625549316,0.0,0.0
106,3.8860907554626465,0.8504561185836792,20.228195190429688,7.508439064025879,0.7980850338935852,41.946380615234375,1.1630325317382812,1.1663833856582642,247.01,0.8164700865745544,0.015333172865211964,0.06925974786281586,22.47228240966797,0.0,0.0,0.3337289094924927,2.0061948816874065e-05,0.0012916848063468933,0.6097134351730347,0.0,0.0,1.0022509098052979,0.5320737957954407,0.013400384224951267,0.2100679874420166,0.0104259317740798,0.37853625416755676,0.30652666091918945,0.030024534091353416,0.0005175839178264141,0.8465487360954285,1.0,0.0,1.0137920379638672,0.13962621986865997,0.0006575702573172748,0.02117559313774109,0.0,0.0,0.34028440713882446,0.08805827051401138,3.402562651899643e-05,1.2818589210510254,0.0,0.0
107,3.2001760005950928,0.18031518161296844,39.982967376708984,6.2615461349487305,0.4807252883911133,50.2353630065918,1.2082712650299072,1.2079341411590576,23.1,0.9796237945556641,0.09529216587543488,0.023045295849442482,2.7566940784454346,0.0,0.0,0.3355475068092346,7.936951442388818e-05,0.009204632602632046,0.9166056513786316,0.0,0.0,1.0237973928451538,0.2350863218307495,0.019704308360815048,0.30977562069892883,0.018574045971035957,0.5739148855209351,0.2809284031391144,0.012748872861266136,0.0008869991870597005,0.4648014008998871,1.0,0.0,0.6910259127616882,0.40348321199417114,0.00044033402809873223,0.01686205342411995,0.0,0.0,0.34704893827438354,0.03562702611088753,0.00023648784554097801,1.2411869764328003,0.0,0.0
108,1.671942114830017,0.0868615061044693,18.48054313659668,5.1520280838012695,0.5252025127410889,44.31227111816406,1.0309996604919434,1.02744722366333,335.36,0.9214576482772827,0.16853155195713043,0.025392740964889526,1.7143146991729736,0.0,0.0,0.37941330671310425,0.00017932317859958857,0.008616636507213116,0.970629096031189,0.0,0.0,1.0956382751464844,0.3995717763900757,0.018347755074501038,0.29344475269317627,0.015262487344443798,0.4956511855125427,0.28103548288345337,0.0168805792927742,0.0006262838724069297,0.568852424621582,1.0,0.0,0.731195867061615,0.29025763273239136,0.00048048567259684205,0.017241671681404114,0.0,0.0,0.34643834829330444,0.0495748333632946,0.00010123795073013753,1.2859214544296265,0.0,0.0
109,2.3330740928649902,0.39725634455680847,29.824583053588867,8.196815490722656,0.5942614078521729,47.00331497192383,1.2485114336013794,1.2499332427978516,91.11,0.9634097814559937,0.04126068577170372,0.04795180633664131,6.382559299468994,0.0,0.0,0.3175015449523926,5.1645249186549336e-05,0.007855495437979698,0.786868155002594,0.0,0.0,1.0384228229522705,0.36438384652137756,0.020053274929523468,0.33328142762184143,0.018925612792372704,0.6170873045921326,0.2907504141330719,0.018596651032567024,0.0008526202291250229,0.5535399913787842,1.0,0.0,0.8067671060562134,0.2588832676410675,0.000519281777087599,0.01861032284796238,0.0,0.0,0.34357234835624695,0.04918226972222328,0.00013840498286299407,1.266722559928894,0.0,0.0
110,3.148285388946533,0.1260618418455124,22.461807250976562,6.855535507202148,0.5261480808258057,43.36677932739258,1.1062837839126587,1.1056251525878906,53.85,1.0572751760482788,0.14367683231830597,0.01798729971051216,2.0886635780334473,0.0,0.0,0.3438901901245117,9.569177927915007e-05,0.010162596590816975,0.941882312297821,0.0,0.0,1.1147655248641968,0.3039182424545288,0.019917001947760582,0.3495459258556366,0.018076753243803978,0.6174784898757935,0.2819194793701172,0.015559647232294083,0.0007598355296067894,0.5283010601997375,1.0,0.0,0.7085453867912292,0.33182787895202637,0.00046140392078086734,0.01694975234568119,0.0,0.0,0.3461987376213074,0.04386182501912117,0.00012045595940435305,1.2791167497634888,0.0,0.0
111,5.699770450592041,0.836006224155426,42.209022521972656,7.58723783493042,0.49160388112068176,52.64299774169922,1.2220715284347534,1.2233819961547852,87.65,0.810912549495697,0.013966355472803116,0.0447222962975502,15.26086139678955,0.0,0.0,0.33915525674819946,1.4697091501147952e-05,0.006369167938828468,0.6275939345359802,0.0,0.0,0.9914803504943848,0.26696598529815674,0.020702261477708817,0.34782254695892334,0.020742079243063927,0.6580063104629517,0.2807499170303345,0.012417892925441265,0.0009684513788670301,0.4496995508670807,1.0,0.0,0.7682989239692688,0.3332747519016266,0.00047221031854860485,0.018432296812534332,0.0,0.0,0.3452396094799042,0.03472146391868591,0.00026865722611546516,1.2326037883758545,0.0,0.0
112,5.752362251281738,0.37363573908805847,34.127891540527344,4.334842681884766,0.7421766519546509,56.89763641357422,1.2360200881958008,1.236221432685852,13.18,1.1108580827713013,0.053681451827287674,0.03282610699534416,8.741854667663574,0.0,0.0,0.2891019284725189,1.3261502317618579e-05,0.0016524007078260183,0.8219323754310608,0.0,0.0,1.0699247121810913,0.5604875087738037,0.013537930324673653,0.15838170051574707,0.009098013862967491,0.2751877009868622,0.30684036016464233,0.02886047400534153,0.00046733010094612837,0.8280928134918213,1.0,0.0,0.9489768147468567,0.16588746011257172,0.0006316178478300571,0.01998145878314972,0.0,0.0,0.3405521512031555,0.08724506199359894,4.104266190552153e-05,1.2831686735153198,0.0,0.0
113,3.4967544078826904,0.9294878244400024,24.332475662231445,7.145193576812744,0.6052650213241577,57.20781326293945,1.1560688018798828,1.1572399139404297,87.54,0.7596554160118103,0.021269867196679115,0.06469341367483139,24.08450698852539,0.0,0.0,0.36130908131599426,4.820308822672814e-05,0.0024689643178135157,0.583457350730896,0.0,0.0,1.0403764247894287,0.5303857326507568,0.018765153363347054,0.31213828921318054,0.016580769792199135,0.5693652033805847,0.2896661162376404,0.019693559035658836,0.0007289840723387897,0.6014024019241333,1.0,0.0,0.9187852740287781,0.18851424753665924,0.0005975109525024891,0.02048928663134575,0.0,0.0,0.3436574637889862,0.06266742944717407,4.678572076954879e-05,1.2884701490402222,0.0,0.0
114,1.3414814472198486,0.2337540239095688,20.10331916809082,4.569559574127197,0.7442553043365479,49.39604949951172,1.1379281282424927,1.138971209526062,80.48,0.8543925285339355,0.1146133691072464,0.05406254157423973,4.979049205780029,0.0,0.0,0.3586718738079071,0.0002064872969640419,0.001810205983929336,0.8819260001182556,0.0,0.0,1.001017451286316,0.5457170605659485,0.013549062423408031,0.17352409660816193,0.00898311473429203,0.2908743619918823,0.30368679761886597,0.03028440661728382,0.000429063307819888,0.8387295007705688,1.0,0.0,0.9409217238426208,0.15340542793273926,0.000631132919806987,0.019854312762618065,0.0,0.0,0.3416772782802582,0.09272167086601257,3.33892967319116e-05,1.2908329963684082,0.0,0.0
115,5.255494594573975,0.46636223793029785,27.0403995513916,3.8231635093688965,0.5213210582733154,48.72664260864258,1.0466210842132568,1.0463694334030151,22.98,1.089392066001892,0.026858769357204437,0.03413490951061249,8.964887619018555,0.0,0.0,0.29410016536712646,9.229296438206802e-07,0.005872545763850212,0.773262083530426,0.0,0.0,1.1698168516159058,0.4115879237651825,0.016817238181829453,0.2266238033771515,0.012883596122264862,0.3891851603984833,0.2844654619693756,0.016447732225060463,0.0006022847956046462,0.5802179574966431,1.0,0.0,0.8269522190093994,0.2556133270263672,0.0005347270634956658,0.019154198467731476,0.0,0.0,0.3471231162548065,0.05121429264545441,0.0001018214097712189,1.2781848907470703,0.0,0.0
116,4.185878753662109,0.6207388043403625,25.826963424682617,6.055727481842041,0.7366310954093933,40.013710021972656,1.21463143825531,1.2118479013442993,189.11,0.9374980926513672,0.008216634392738342,0.058626774698495865,12.26633071899414,0.0,0.0,0.3005286157131195,7.592520319121832e-07,0.002405262552201748,0.6959328651428223,0.0,0.0,1.042929768562317,0.561513364315033,0.014557093381881714,0.20862814784049988,0.011322274804115295,0.3705599904060364,0.30394867062568665,0.027049411088228226,0.0005576721159741282,0.7804822325706482,1.0,0.0,0.9398684501647949,0.1740504503250122,0.0005996532272547483,0.020246606320142746,0.0,0.0,0.3408389985561371,0.06914349645376205,7.4240961112082e-05,1.2651331424713135,0.0,0.0
117,4.634029388427734,0.340695321559906,21.439838409423828,3.450599431991577,0.7551882266998291,42.034751892089844,1.0374687910079956,1.0307053327560425,632.5,1.0771938562393188,0.06603988260030746,0.03691233694553375,7.831625461578369,0.0,0.0,0.2994753420352936,4.4761978642782196e-05,0.001401796587742865,0.8353246450424194,0.0,0.0,1.0613754987716675,0.5360070466995239,0.01190178096294403,0.13466601073741913,0.006886761169880629,0.22186274826526642,0.3052654564380646,0.029207970947027206,0.00035437705810181797,0.888422429561615,1.0,0.0,0.96584552526474,0.15056653320789337,0.0006405158201232553,0.02008420042693615,0.0,0.0,0.34203049540519714,0.09405258297920227,3.5915483749704435e-05,1.2833101749420166,0.0,0.0
118,4.929864883422852,0.9075137972831726,40.882530212402344,4.248435020446777,0.5195581316947937,43.91458511352539,1.1398106813430786,1.1381347179412842,129.19,0.6907070279121399,0.014584771357476711,0.06165227293968201,18.572179794311523,0.0,0.0,0.3562673330307007,2.9404198357951827e-05,0.004807583522051573,0.609686553478241,0.0,0.0,0.9245125651359558,0.32715821266174316,0.01700029894709587,0.2288159728050232,0.013998408801853657,0.4085047245025635,0.286034494638443,0.015694517642259598,0.000684891827404499,0.552111804485321,1.0,0.0,0.8282783031463623,0.2933998703956604,0.0005095819942653179,0.019367698580026627,0.0,0.0,0.3455912470817566,0.03826131671667099,0.00026888560387305915,1.2142530679702759,0.0,0.0
119,2.221721649169922,0.33022281527519226,26.333663940429688,8.331572532653809,0.6603677868843079,46.20664596557617,1.2564960718154907,1.2557374238967896,48.08,0.9624199867248535,0.06028877571225166,0.04658880829811096,5.567794322967529,0.0,0.0,0.32465994358062744,7.9796023783274e-05,0.006615630351006985,0.8209184408187866,0.0,0.0,1.0294146537780762,0.43716704845428467,0.01866864413022995,0.3035597503185272,0.01689145900309086,0.5584127306938171,0.2965605854988098,0.022440146654844284,0.0007660940755158663,0.6324411630630493,1.0,0.0,0.8312820196151733,0.23084257543087006,0.0005421082023531199,0.01871895045042038,0.0,0.0,0.34212160110473633,0.05760310962796211,9.753910853760317e-05,1.2734018564224243,0.0,0.0
120,1.6799601316452026,0.17752811312675476,34.01369094848633,7.966674327850342,0.5788245797157288,43.653236389160156,1.2721047401428223,1.272145390510559,2.51,0.8691678643226624,0.1035638377070427,0.03907543420791626,2.7056872844696045,0.0,0.0,0.3574754595756531,0.00012114375567762181,0.00865359976887703,0.8974004983901978,0.0,0.0,0.9666020274162292,0.31343233585357666,0.020162740722298622,0.3255974054336548,0.019318779930472374,0.6041755676269531,0.2899860143661499,0.017816197127103806,0.0008803427335806191,0.5318154096603394,1.0,0.0,0.7441791892051697,0.3101978302001953,0.0004753829271066934,0.017502356320619583,0.0,0.0,0.3436594009399414,0.042393606156110764,0.00022652771440334618,1.2441483736038208,0.0,0.0
121,3.0157954692840576,0.7125667929649353,35.508148193359375,8.390520095825195,0.5082924365997314,50.07806396484375,1.2314810752868652,1.231213927268982,17.62,0.8666125535964966,0.010300678201019764,0.0584447905421257,12.64848804473877,0.0,0.0,0.3235117197036743,1.3102747971061035e-06,0.007068783976137638,0.6557096242904663,0.0,0.0,1.054294228553772,0.2938298285007477,0.02144884690642357,0.3736518621444702,0.021685730665922165,0.707747757434845,0.28238123655319214,0.013380351476371288,0.0009863279992714524,0.4567059874534607,1.0,0.0,0.7866394519805908,0.2997609078884125,0.0004912299918942153,0.018753303214907646,0.0,0.0,0.3457016348838806,0.038946472108364105,0.00019137644267175347,1.2567051649093628,0.0,0.0
122,5.2888031005859375,0.5583491921424866,34.72665786743164,2.981595993041992,0.6297204494476318,43.02262496948242,1.127044677734375,1.127400279045105,27.99,0.9471445679664612,0.010561837814748287,0.049842718988657,10.876823425292969,0.0,0.0,0.2945331335067749,7.767981742290431e-07,0.0025234415661543608,0.7350165843963623,0.0,0.0,1.0306570529937744,0.5502047538757324,0.014401348307728767,0.15955133736133575,0.009551070630550385,0.2663128674030304,0.29724982380867004,0.02250177226960659,0.00047114695189520717,0.7191962599754333,1.0,0.0,0.9015802145004272,0.20864801108837128,0.0005719841574318707,0.019866062328219414,0.0,0.0,0.34328675270080566,0.05920182541012764,0.00013017619494348764,1.2429536581039429,0.0,0.0
123,4.027577877044678,0.6099871397018433,33.696842193603516,9.549872398376465,0.5691214203834534,50.11928939819336,1.2605148553848267,1.260901689529419,24.34,0.9686574339866638,0.016757192090153694,0.04626159742474556,10.515740394592285,0.0,0.0,0.303962379693985,7.603477456541441e-07,0.007821635343134403,0.6917181015014648,0.0,0.0,1.0682851076126099,0.3157310485839844,0.021393390372395515,0.3757166564464569,0.021607786417007446,0.7131754755973816,0.28792887926101685,0.016059117391705513,0.0009655352914705873,0.5033400058746338,1.0,0.0,0.7974880337715149,0.2788379490375519,0.0005003625992685556,0.01865861937403679,0.0,0.0,0.3433675765991211,0.04227706044912338,0.00018113206897396594,1.2584160566329956,0.0,0.0
124,4.949856281280518,0.370935320854187,16.949275970458984,9.430904388427734,0.6236499547958374,53.20125198364258,1.0297834873199463,1.0260872840881348,349.8,1.1637297868728638,0.0572844073176384,0.02846512943506241,6.025835990905762,0.0,0.0,0.29112353920936584,7.06506443748367e-06,0.008222587406635284,0.8192717432975769,0.0,0.0,1.1880664825439453,0.36772459745407104,0.019429493695497513,0.39293527603149414,0.018324347212910652,0.6987601518630981,0.28701889514923096,0.018392663449048996,0.000712017877958715,0.6158978939056396,1.0,0.0,0.802402913570404,0.24598725140094757,0.0005109639023430645,0.018428301438689232,0.0,0.0,0.34300994873046875,0.05036243796348572,0.0001054355307132937,1.2847565412521362,0.0,0.0
125,2.0279645919799805,0.46386757493019104,27.272817611694336,8.902806282043457,0.6506920456886292,56.039798736572266,1.2691172361373901,1.265641450881958,216.39,0.9445312023162842,0.028763607144355774,0.05753179267048836,8.912769317626953,0.0,0.0,0.31790873408317566,6.095327626098879e-05,0.003777825040742755,0.7551851272583008,0.0,0.0,1.0460880994796753,0.4835922122001648,0.01935497857630253,0.32149261236190796,0.017990203574299812,0.5985208749771118,0.2954971194267273,0.021801002323627472,0.0008114413940347731,0.6102855205535889,1.0,0.0,0.8676511645317078,0.20871569216251373,0.000568102637771517,0.019348442554473877,0.0,0.0,0.3421545624732971,0.06260553747415543,6.008883792674169e-05,1.285115361213684,0.0,0.0
126,2.2474300861358643,0.36452704668045044,23.177719116210938,6.366771221160889,0.7743021249771118,54.23509979248047,1.2324787378311157,1.2319409847259521,35.42,0.9439963102340698,0.05589959770441055,0.05515802279114723,8.216455459594727,0.0,0.0,0.32400184869766235,0.00011132333020213991,0.0016139346407726407,0.8125377893447876,0.0,0.0,1.0171173810958862,0.5444643497467041,0.014097968116402626,0.19691912829875946,0.010410115122795105,0.3481266498565674,0.30698996782302856,0.030871916562318802,0.0005174357793293893,0.8272597789764404,1.0,0.0,0.9753711223602295,0.14681418240070343,0.000652075803373009,0.020428452640771866,0.0,0.0,0.34050244092941284,0.09271396696567535,2.8869249945273623e-05,1.2909471988677979,0.0,0.0
127,5.447211265563965,0.16646376252174377,22.68364143371582,4.343635082244873,0.5069625377655029,42.621070861816406,1.0067273378372192,1.0055891275405884,112.43,1.1469779014587402,0.12465883046388626,0.01841818541288376,3.0214548110961914,0.0,0.0,0.313811331987381,5.742069333791733e-05,0.008658639155328274,0.9253287315368652,0.0,0.0,1.1591774225234985,0.3344916105270386,0.01743992045521736,0.2606545090675354,0.013874438591301441,0.44289231300354004,0.2813538908958435,0.015398809686303139,0.0006099253077991307,0.5623214840888977,1.0,0.0,0.7365900874137878,0.31996795535087585,0.0004804701602552086,0.017463838681578636,0.0,0.0,0.34757864475250244,0.04686680808663368,0.0001244641316588968,1.2776703834533691,0.0,0.0
128,1.9319583177566528,0.019877620041370392,43.751731872558594,8.899723052978516,0.48294615745544434,45.48274230957031,1.249462604522705,1.2486861944198608,49.76,0.7928347587585449,0.16195566952228546,0.019875485450029373,1.536117434501648,0.0,0.0,0.3886245787143707,0.00011312910646665841,0.010871777310967445,0.9908577799797058,0.0,0.0,0.9135711789131165,0.17206059396266937,0.02180195041000843,0.3797765076160431,0.023504359647631645,0.7249268889427185,0.2787977457046509,0.010669926181435585,0.0010683293221518397,0.4113636910915375,1.0,0.0,0.6203777194023132,0.4524971544742584,0.0003774997894652188,0.015562759712338448,0.0,0.0,0.34520652890205383,0.02576318196952343,0.00036194294807501137,1.1996585130691528,0.0,0.0
129,5.338996887207031,0.3181011974811554,30.219066619873047,5.0884575843811035,0.4288964867591858,42.23127746582031,1.065675139427185,1.0644057989120483,111.9,1.1368083953857422,0.05874812975525856,0.024277372285723686,4.071187973022461,0.0,0.0,0.29868778586387634,1.2419717677403241e-05,0.01022903248667717,0.8515864014625549,0.0,0.0,1.146154522895813,0.24835172295570374,0.01886747218668461,0.30469071865081787,0.01683342643082142,0.5371854305267334,0.27508166432380676,0.011396361514925957,0.0007708711200393736,0.4584118127822876,1.0,0.0,0.7072072625160217,0.3840997517108917,0.00044751862878911197,0.017438916489481926,0.0,0.0,0.3497733473777771,0.03485400229692459,0.00018688722047954798,1.2570271492004395,0.0,0.0
130,3.5663700103759766,0.9611040353775024,32.325809478759766,7.451227188110352,0.5427441000938416,42.86730194091797,1.2056270837783813,1.2015351057052612,282.48,0.7216398119926453,0.027393171563744545,0.062200602144002914,14.962167739868164,0.0,0.0,0.3732110857963562,5.344625242287293e-05,0.005812494549900293,0.5700996518135071,0.0,0.0,0.9729058146476746,0.3828696608543396,0.020414134487509727,0.3401894271373749,0.01919671893119812,0.6193525791168213,0.2858304977416992,0.016367774456739426,0.0008422169485129416,0.511084794998169,1.0,0.0,0.8224990963935852,0.25360962748527527,0.0005152440862730145,0.019274666905403137,0.0,0.0,0.345113605260849,0.042066946625709534,0.0002077277604257688,1.251213788986206,0.0,0.0
131,1.9484400749206543,0.6862516403198242,28.08650016784668,3.417806625366211,0.6606816053390503,43.63798141479492,1.1493606567382812,1.149876594543457,39.04,0.7923828363418579,0.005510642658919096,0.08651626855134964,16.031604766845703,0.0,0.0,0.3274397552013397,5.506176967173815e-05,0.0019497203174978495,0.6653137803077698,0.0,0.0,0.9945385456085205,0.6030547022819519,0.014397498220205307,0.16602106392383575,0.009631750173866749,0.278288871049881,0.2990730404853821,0.02509477362036705,0.00046943785855546594,0.7500173449516296,1.0,0.0,0.9692644476890564,0.16733253002166748,0.0006321791443042457,0.020832525566220284,0.0,0.0,0.3433718681335449,0.07662308216094971,5.287915337248705e-05,1.2709475755691528,0.0,0.0
132,1.3321385383605957,0.5337241888046265,31.00177574157715,8.566303253173828,0.5261572003364563,51.75363540649414,1.2298009395599365,1.2303788661956787,38.19,0.8857828378677368,0.016502683982253075,0.06399504095315933,9.08066177368164,0.0,0.0,0.3267980217933655,4.708252890850417e-05,0.006610348355025053,0.7256207466125488,0.0,0.0,1.0587447881698608,0.33988845348358154,0.02164444886147976,0.38026368618011475,0.02144033834338188,0.70814049243927,0.28360190987586975,0.014890947379171848,0.0009556554723531008,0.47738343477249146,1.0,0.0,0.8042473793029785,0.26656919717788696,0.0005157559644430876,0.01888364553451538,0.0,0.0,0.34567609429359436,0.04632779583334923,0.00011524277942953631,1.2766352891921997,0.0,0.0
133,4.83597993850708,0.5001241564750671,23.225923538208008,5.533358097076416,0.5979725122451782,54.208805084228516,1.0898067951202393,1.0865445137023926,275.5,1.0919301509857178,0.022903311997652054,0.037061579525470734,10.360916137695312,0.0,0.0,0.2937513291835785,9.154491635854356e-07,0.004311054944992065,0.7530324459075928,0.0,0.0,1.1663941144943237,0.4594321548938751,0.017270362004637718,0.2656530737876892,0.014246705919504166,0.47507888078689575,0.28960517048835754,0.01917019486427307,0.0006398260011337698,0.6288231611251831,1.0,0.0,0.8567563891410828,0.22272822260856628,0.0005544604500755668,0.019373400136828423,0.0,0.0,0.3443652391433716,0.05795369669795036,6.645317625952885e-05,1.286840558052063,0.0,0.0
134,3.345566987991333,0.5989300608634949,30.403650283813477,7.744139194488525,0.5231642127037048,40.23441696166992,1.188590407371521,1.189368724822998,55.06,0.9471805691719055,0.014773381873965263,0.05036343261599541,8.29690170288086,0.0,0.0,0.30938348174095154,1.6256249182333704e-06,0.008916149847209454,0.7045198082923889,0.0,0.0,1.0681288242340088,0.298600435256958,0.020553724840283394,0.3606315553188324,0.02020658552646637,0.6631495356559753,0.283407598733902,0.014548411592841148,0.0008882709662429988,0.4896637201309204,1.0,0.0,0.7621504664421082,0.3100576102733612,0.00047222356079146266,0.018214913085103035,0.0,0.0,0.3457537293434143,0.037522464990615845,0.0002106998290400952,1.249758005142212,0.0,0.0
135,4.840404033660889,0.9506344795227051,22.627059936523438,6.256767272949219,0.5307202339172363,46.738285064697266,1.0455576181411743,1.044416069984436,104.54,0.7862036228179932,0.02324165403842926,0.04847359657287598,23.391754150390625,0.0,0.0,0.36931708455085754,6.559940084116533e-05,0.005100681912153959,0.5811641812324524,0.0,0.0,1.0777676105499268,0.4296495318412781,0.018873056396842003,0.3260906934738159,0.016775423660874367,0.5879894495010376,0.28065255284309387,0.015449062921106815,0.000713901303242892,0.5478348731994629,1.0,0.0,0.8553003668785095,0.22945746779441833,0.0005493147182278335,0.019704340025782585,0.0,0.0,0.3460305333137512,0.052825506776571274,7.311005902010947e-05,1.284656047821045,0.0,0.0
136,4.221656322479248,0.9295122623443604,24.138784408569336,6.493703842163086,0.705826997756958,57.161380767822266,1.1787289381027222,1.1771564483642578,113.33,0.7819619178771973,0.024875199422240257,0.06387057900428772,26.800199508666992,0.0,0.0,0.3552740812301636,4.0005041228141636e-05,0.0012853274820372462,0.5818015933036804,0.0,0.0,1.0213998556137085,0.5686033964157104,0.01593312993645668,0.23865126073360443,0.012656752951443195,0.4311237037181854,0.29971182346343994,0.025777766481041908,0.0005906749283894897,0.73529452085495,1.0,0.0,0.995959997177124,0.14713381230831146,0.0006537328590638936,0.021199729293584824,0.0,0.0,0.34168437123298645,0.08155148476362228,3.0137900466797873e-05,1.2896437644958496,0.0,0.0
137,5.256978511810303,0.8928399085998535,41.2943229675293,4.144687175750732,0.5313701033592224,52.4099235534668,1.170912265777588,1.1704912185668945,30.72,0.7554019689559937,0.014838047325611115,0.054422881454229355,19.568557739257812,0.0,0.0,0.3508165180683136,2.1369241949287243e-05,0.003692357800900936,0.6142659783363342,0.0,0.0,0.9789367914199829,0.4178316593170166,0.017042703926563263,0.22267040610313416,0.01357791293412447,0.3953685760498047,0.28703218698501587,0.01676919125020504,0.0006650808500126004,0.5699897408485413,1.0,0.0,0.8607799410820007,0.24990840256214142,0.000544010428711772,0.01975359581410885,0.0,0.0,0.3454214930534363,0.04765298590064049,0.0001655182131798938,1.2425191402435303,0.0,0.0
138,3.831829309463501,0.9769359230995178,35.93269729614258,4.901951313018799,0.540802001953125,58.523258209228516,1.1798303127288818,1.182417392730713,185.45,0.7021024227142334,0.025301096960902214,0.06449556350708008,26.62032699584961,0.0,0.0,0.37581560015678406,5.976131069473922e-05,0.0020037470385432243,0.576836109161377,0.0,0.0,1.0025873184204102,0.5028179287910461,0.018007710576057434,0.24892379343509674,0.014746160246431828,0.4508683681488037,0.28756341338157654,0.017639324069023132,0.0007104689138941467,0.5638839602470398,1.0,0.0,0.9053322076797485,0.20883183181285858,0.0005914625362493098,0.020457640290260315,0.0,0.0,0.34588006138801575,0.059230294078588486,6.428628694266081e-05,1.2783024311065674,0.0,0.0
139,1.1597458124160767,0.49802839756011963,23.00889778137207,5.732889652252197,0.5427993535995483,48.940345764160156,1.1205443143844604,1.1216497421264648,87.95,0.891557514667511,0.019002944231033325,0.06497065722942352,8.673006057739258,0.0,0.0,0.33104902505874634,7.800500316079706e-05,0.006597364787012339,0.7553774118423462,0.0,0.0,1.090815782546997,0.4311528205871582,0.01872171275317669,0.2962627112865448,0.0160919651389122,0.522896945476532,0.2844369113445282,0.017299383878707886,0.000705049722455442,0.5618529319763184,1.0,0.0,0.8368459939956665,0.23760493099689484,0.0005438991356641054,0.01930376887321472,0.0,0.0,0.34598419070243835,0.053463634103536606,7.635547081008554e-05,1.2870732545852661,0.0,0.0
140,4.636634826660156,0.6700271368026733,35.97050857543945,5.467724800109863,0.7258551120758057,56.2336540222168,1.2919747829437256,1.2914384603500366,32.14,0.9246684312820435,0.0076995426788926125,0.05612907558679581,16.195457458496094,0.0,0.0,0.3027746379375458,9.25054962408467e-07,0.0013451429549604654,0.6757916808128357,0.0,0.0,1.0370275974273682,0.5750405788421631,0.014773012138903141,0.19042253494262695,0.011251947842538357,0.3441345691680908,0.30481600761413574,0.027062462642788887,0.0005664522759616375,0.7702347040176392,1.0,0.0,0.9759565591812134,0.16384166479110718,0.0006332211196422577,0.020709656178951263,0.0,0.0,0.3398006558418274,0.07672356814146042,5.089214755571447e-05,1.2728427648544312,0.0,0.0
141,2.237185478210449,0.8357839584350586,32.47964859008789,2.8250222206115723,0.6991692781448364,53.57378387451172,1.1555453538894653,1.1517698764801025,283.67,0.7299073338508606,0.01325035560876131,0.09704314172267914,23.230623245239258,0.0,0.0,0.34354594349861145,5.424678238341585e-05,0.0006648189155384898,0.6055679321289062,0.0,0.0,0.9880930781364441,0.5749691128730774,0.013237150385975838,0.13677296042442322,0.00767172034829855,0.22118912637233734,0.30343782901763916,0.028446918353438377,0.0003761762345675379,0.8204320073127747,1.0,0.0,1.0633189678192139,0.13028967380523682,0.0007049922132864594,0.022000275552272797,0.0,0.0,0.34212997555732727,0.09427880495786667,2.726166530919727e-05,1.2833784818649292,0.0,0.0
142,1.4466928243637085,0.21637144684791565,21.096088409423828,9.853924751281738,0.5494878888130188,48.86152648925781,1.1563106775283813,1.1548798084259033,107.15,0.9866704940795898,0.09587255120277405,0.03488577902317047,3.1851024627685547,0.0,0.0,0.3485715687274933,0.00010815636778715998,0.009138738736510277,0.885215163230896,0.0,0.0,1.107051968574524,0.31756919622421265,0.02224244549870491,0.4376273453235626,0.02197231538593769,0.7890629172325134,0.2820141911506653,0.01576329581439495,0.0008738234755583107,0.51250159740448,1.0,0.0,0.7428926825523376,0.2913099229335785,0.0004801251634489745,0.017588388174772263,0.0,0.0,0.344635546207428,0.04524208605289459,9.970299288397655e-05,1.286430835723877,0.0,0.0
143,2.289525270462036,0.7994208335876465,16.134021759033203,7.746789932250977,0.6150441765785217,44.9270133972168,1.0417637825012207,1.0424546003341675,63.61,0.8137102723121643,0.010181907564401627,0.070856474339962,15.260226249694824,0.0,0.0,0.3369796574115753,2.1772197214886546e-05,0.005557600874453783,0.6342411041259766,0.0,0.0,1.0949512720108032,0.5087894797325134,0.01859961822628975,0.34858161211013794,0.01696288399398327,0.6088997721672058,0.2861574590206146,0.019301677122712135,0.0006734117632731795,0.6232888698577881,1.0,0.0,0.8808794617652893,0.1995900720357895,0.0005591749213635921,0.01988079771399498,0.0,0.0,0.3434772491455078,0.05590381100773811,7.118043140508235e-05,1.2866240739822388,0.0,0.0
144,3.1420013904571533,0.8362544178962708,26.24408721923828,4.833285808563232,0.5303985476493835,43.890892028808594,1.0989710092544556,1.0988237857818604,12.19,0.8089260458946228,0.010613911785185337,0.06395769119262695,16.981815338134766,0.0,0.0,0.34430545568466187,2.3304981368710287e-05,0.006048014387488365,0.6211183667182922,0.0,0.0,1.0582821369171143,0.44906267523765564,0.01780284196138382,0.2634677588939667,0.014749908819794655,0.46189218759536743,0.2844201922416687,0.016847960650920868,0.0006673535099253058,0.564549446105957,1.0,0.0,0.8580130338668823,0.2334870547056198,0.0005508139729499817,0.019777394831180573,0.0,0.0,0.3467310965061188,0.05180119350552559,9.535616118228063e-05,1.2747379541397095,0.0,0.0
145,4.819064617156982,0.2314995676279068,39.21719741821289,5.762337684631348,0.5894647240638733,44.23722839355469,1.2386906147003174,1.2386361360549927,3.55,0.990951418876648,0.0867062583565712,0.027491342276334763,3.505183458328247,0.0,0.0,0.30891191959381104,3.507529982016422e-05,0.008410586044192314,0.8922414779663086,0.0,0.0,0.9713729619979858,0.29419127106666565,0.01769493706524372,0.2518205940723419,0.015445620752871037,0.46510568261146545,0.2924531400203705,0.018357111141085625,0.0007393239066004753,0.5870617032051086,1.0,0.0,0.7502613663673401,0.33028069138526917,0.00047151121543720365,0.017477018758654594,0.0,0.0,0.34272027015686035,0.0404401496052742,0.00030190774123184383,1.2197450399398804,0.0,0.0
146,2.5726406574249268,0.6568175554275513,31.66959571838379,3.8663995265960693,0.7349517345428467,43.99163818359375,1.220369815826416,1.2226884365081787,155.39,0.8224174976348877,0.0071443067863583565,0.08361487835645676,15.063617706298828,0.0,0.0,0.3162342607975006,3.5484550608089194e-05,0.0014401214430108666,0.6713270545005798,0.0,0.0,0.9728363156318665,0.5588191151618958,0.013160550966858864,0.15109941363334656,0.008504079654812813,0.2586219906806946,0.3061330318450928,0.028837058693170547,0.0004321837332099676,0.8326296210289001,1.0,0.0,1.0016506910324097,0.15004703402519226,0.000649038003757596,0.02092086523771286,0.0,0.0,0.34047430753707886,0.08440671116113663,5.6719054555287585e-05,1.2599908113479614,0.0,0.0
147,1.540724515914917,0.5063037276268005,40.37855529785156,3.6878204345703125,0.5286852121353149,45.72473907470703,1.1670451164245605,1.164939284324646,154.89,0.772843062877655,0.013710269704461098,0.07705526053905487,8.824904441833496,0.0,0.0,0.32981762290000916,6.883490277687088e-05,0.005072150845080614,0.7569330334663391,0.0,0.0,0.9562119245529175,0.35692912340164185,0.016311433166265488,0.20575203001499176,0.012807869352400303,0.3608004152774811,0.2873959243297577,0.016600966453552246,0.0006318929372355342,0.5802896618843079,1.0,0.0,0.820841372013092,0.28881844878196716,0.0005171357770450413,0.019089870154857635,0.0,0.0,0.34649574756622314,0.04391946643590927,0.00020970833429601043,1.2308052778244019,0.0,0.0
148,5.299773216247559,0.24168504774570465,37.916866302490234,1.986096739768982,0.7272953987121582,52.960693359375,1.0807090997695923,1.084728479385376,342.87,1.0529252290725708,0.10657588392496109,0.027500692754983902,5.3099775314331055,0.0,0.0,0.3071085512638092,6.700323865516111e-05,0.0012897473061457276,0.8937735557556152,0.0,0.0,1.0349334478378296,0.5554732084274292,0.011799488216638565,0.10690030455589294,0.00573244784027338,0.15981771051883698,0.3064091205596924,0.029770007357001305,0.00027566138305701315,0.8886622190475464,1.0,0.0,0.9631702303886414,0.15750747919082642,0.000643249717541039,0.01993374526500702,0.0,0.0,0.34082216024398804,0.09201720356941223,5.5561496992595494e-05,1.268341302871704,0.0,0.0
149,2.682922601699829,0.009235741570591927,33.016807556152344,6.609740734100342,0.5575758814811707,59.55622482299805,1.2379313707351685,1.2382285594940186,19.39,0.9806678295135498,0.20458994805812836,0.012763572856783867,0.9764173030853271,0.0,0.0,0.38500678539276123,0.00020906377176288515,0.007424075622111559,1.0041314363479614,0.0,0.0,1.046559453010559,0.37160229682922363,0.019627397879958153,0.30115652084350586,0.017354654148221016,0.5548617839813232,0.28835004568099976,0.01795732043683529,0.0008050028118304908,0.5420918464660645,1.0,0.0,0.7113896608352661,0.31149938702583313,0.00048036311636678874,0.016625162214040756,0.0,0.0,0.34527549147605896,0.056116677820682526,9.087863145396113e-05,1.2870930433273315,0.0,0.0
150,2.4674580097198486,0.9315337538719177,33.35770034790039,5.800975799560547,0.7123207449913025,47.65864944458008,1.2932441234588623,1.2946113348007202,81.66,0.6631665229797363,0.027032097801566124,0.09714605659246445,23.08109474182129,0.0,0.0,0.3603113293647766,5.1266226364532486e-05,0.0015585639048367739,0.5640183091163635,0.0,0.0,0.928762674331665,0.5814669728279114,0.015588941052556038,0.20678754150867462,0.012031993828713894,0.3709460496902466,0.3036796450614929,0.02712409570813179,0.0005906270816922188,0.7426673769950867,1.0,0.0,0.9874371290206909,0.1608085036277771,0.0006385041051544249,0.02111808955669403,0.0,0.0,0.34030792117118835,0.07156854122877121,6.3707324443385e-05,1.261136531829834,0.0,0.0
151,1.325406789779663,0.033452991396188736,23.373302459716797,7.634317874908447,0.4775135815143585,43.552711486816406,1.1254007816314697,1.127336025238037,152.54,0.9197953939437866,0.1699267327785492,0.019876068457961082,1.358959674835205,0.0,0.0,0.3959560990333557,0.00018261211516801268,0.01086048036813736,0.9937754273414612,0.0,0.0,1.0780218839645386,0.2839752733707428,0.021559439599514008,0.4010830521583557,0.02086581662297249,0.7062993049621582,0.2766469717025757,0.013405738398432732,0.0008519224356859922,0.4672335088253021,1.0,0.0,0.6737340092658997,0.3574027121067047,0.0004384049098007381,0.01653122901916504,0.0,0.0,0.34757816791534424,0.039083678275346756,0.00011452494072727859,1.2813115119934082,0.0,0.0
152,4.485848903656006,0.5648688077926636,37.68259048461914,5.758713722229004,0.6331372261047363,58.88811492919922,1.2669700384140015,1.2685412168502808,97.76,0.9845852255821228,0.013725923374295235,0.04599214717745781,12.502388000488281,0.0,0.0,0.2970949113368988,9.295908967033029e-07,0.0025163241662085056,0.723347008228302,0.0,0.0,1.070197343826294,0.47478774189949036,0.017134133726358414,0.23732821643352509,0.014287174679338932,0.4357115626335144,0.29621320962905884,0.02138376049697399,0.0006975634605623782,0.6424165368080139,1.0,0.0,0.8871162533760071,0.21611256897449493,0.0005743121146224439,0.01974380761384964,0.0,0.0,0.3422405421733856,0.059746429324150085,7.91165730333887e-05,1.2719751596450806,0.0,0.0
153,2.000835657119751,0.3404025733470917,25.55196189880371,8.276026725769043,0.4454420208930969,55.318382263183594,1.1270391941070557,1.1273717880249023,26.18,1.031285285949707,0.04723299294710159,0.03595403954386711,5.6791300773620605,0.0,0.0,0.3257296681404114,5.9268804761813954e-05,0.009218333289027214,0.828081488609314,0.0,0.0,1.158124566078186,0.25530487298965454,0.022181060165166855,0.4311750531196594,0.02240261808037758,0.7961905598640442,0.2730526626110077,0.010801967233419418,0.0009522511390969157,0.4282066226005554,1.0,0.0,0.7313336133956909,0.3337044417858124,0.00047166188596747816,0.017761176452040672,0.0,0.0,0.34783050417900085,0.04084213823080063,8.91556846909225e-05,1.289975881576538,0.0,0.0
154,3.837092399597168,0.5802912712097168,29.683759689331055,4.014580249786377,0.6939031481742859,42.782745361328125,1.1827611923217773,1.1830039024353027,17.35,0.9326765537261963,0.011429947800934315,0.058750491589307785,12.679888725280762,0.0,0.0,0.30202367901802063,1.1385040124878287e-05,0.002129818545654416,0.7126898765563965,0.0,0.0,1.0188392400741577,0.5849227905273438,0.014178975485265255,0.17077307403087616,0.009758722968399525,0.2957368493080139,0.3019908666610718,0.025852138176560402,0.0004845564253628254,0.7732492685317993,1.0,0.0,0.9470720887184143,0.17362456023693085,0.000612083647865802,0.020296303555369377,0.0,0.0,0.34188833832740784,0.0741015076637268,7.202799315564334e-05,1.2616794109344482,0.0,0.0
155,3.5157134532928467,0.24223069846630096,32.784610748291016,6.578089714050293,0.46637412905693054,53.618717193603516,1.1619898080825806,1.1622692346572876,20.69,1.095712423324585,0.07778318226337433,0.022001441568136215,3.8892621994018555,0.0,0.0,0.32090282440185547,6.035797923686914e-05,0.009643938392400742,0.879946768283844,0.0,0.0,1.1143349409103394,0.2775721848011017,0.020509446039795876,0.3414938747882843,0.019212784245610237,0.6263622045516968,0.27879226207733154,0.01261825393885374,0.0008798940107226372,0.4560043215751648,1.0,0.0,0.7197784781455994,0.34630927443504333,0.0004676858661696315,0.01742260903120041,0.0,0.0,0.34795740246772766,0.04192255064845085,0.000134379617520608,1.2747198343276978,0.0,0.0
156,3.6458523273468018,0.8345378041267395,29.764081954956055,2.756612539291382,0.5884156823158264,49.435367584228516,1.070373773574829,1.0721759796142578,157.04,0.8026469945907593,0.010629148222506046,0.06776020675897598,22.42646598815918,0.0,0.0,0.33956485986709595,2.3554461222374812e-05,0.001860082265920937,0.6195268034934998,0.0,0.0,1.0366841554641724,0.6554278135299683,0.015015079639852047,0.16321220993995667,0.009820492938160896,0.27023494243621826,0.29262426495552063,0.02124840021133423,0.00047665537567809224,0.6815906763076782,1.0,0.0,0.9521591067314148,0.17942753434181213,0.0006241053342819214,0.020847566425800323,0.0,0.0,0.3454969823360443,0.07170038670301437,5.1696501031983644e-05,1.2773364782333374,0.0,0.0
157,3.8231945037841797,0.5502222776412964,24.277616500854492,6.567719459533691,0.5707713961601257,55.963008880615234,1.1290301084518433,1.1277437210083008,101.03,1.0321176052093506,0.016387945041060448,0.04374866560101509,11.256922721862793,0.0,0.0,0.3020763099193573,9.755498240338056e-07,0.004942120518535376,0.7290171980857849,0.0,0.0,1.15364408493042,0.40857020020484924,0.018726445734500885,0.310248464345932,0.01664639823138714,0.5662484169006348,0.2868109941482544,0.017467284575104713,0.0007377313449978828,0.5745601654052734,1.0,0.0,0.8417693376541138,0.2369777113199234,0.0005430221208371222,0.019294044002890587,0.0,0.0,0.34463196992874146,0.05340658873319626,7.133453618735075e-05,1.2869819402694702,0.0,0.0
158,4.4243903160095215,0.19083279371261597,29.303077697753906,2.1943061351776123,0.7890981435775757,49.65849685668945,1.0367741584777832,1.036030888557434,69.2,1.0716991424560547,0.13118192553520203,0.027264133095741272,4.662712097167969,0.0,0.0,0.32527032494544983,0.00011479286331450567,0.0009675330948084593,0.9135844707489014,0.0,0.0,1.0356868505477905,0.5106310248374939,0.010532083921134472,0.09017961472272873,0.004350877832621336,0.13117168843746185,0.31123942136764526,0.03403466194868088,0.0002322168293176219,0.9739131927490234,1.0,0.0,0.9993378520011902,0.12427886575460434,0.0006800828268751502,0.019959859549999237,0.0,0.0,0.3408696949481964,0.09505604952573776,2.5612476747483015e-05,1.2870970964431763,0.0,0.0
159,5.167192459106445,0.4031701982021332,29.368087768554688,3.7133548259735107,0.7245726585388184,48.330162048339844,1.1597408056259155,1.1591837406158447,41.44,1.077950119972229,0.04550798982381821,0.038011956959962845,9.231648445129395,0.0,0.0,0.2920825481414795,1.8589527826406993e-05,0.0017605945467948914,0.8020350337028503,0.0,0.0,1.064469814300537,0.5650408864021301,0.013329612091183662,0.15128284692764282,0.00844026729464531,0.2560639977455139,0.30488190054893494,0.02794552408158779,0.0004292472149245441,0.8259114027023315,1.0,0.0,0.9460033178329468,0.16546419262886047,0.000625599583145231,0.020005693659186363,0.0,0.0,0.3416270613670349,0.0854855552315712,4.945676846546121e-05,1.2769864797592163,0.0,0.0
160,2.4454360008239746,0.6369832754135132,16.38802719116211,8.551651954650879,0.728101909160614,53.00331115722656,1.1073240041732788,1.1034505367279053,317.01,0.9014042019844055,0.009250298142433167,0.06786508858203888,12.009614944458008,0.0,0.0,0.3147403299808502,2.542034417274408e-05,0.0026283632032573223,0.6981187462806702,0.0,0.0,1.057906150817871,0.5449255704879761,0.016339488327503204,0.2901080250740051,0.014141328632831573,0.5167990326881409,0.2981111407279968,0.025682443752884865,0.0005986537435092032,0.7412837743759155,1.0,0.0,0.9465967416763306,0.16059322655200958,0.000608289148658514,0.0204152949154377,0.0,0.0,0.34107309579849243,0.07277213782072067,5.304388469085097e-05,1.2842330932617188,0.0,0.0
161,2.2692484855651855,0.10212109982967377,18.39057731628418,6.770435810089111,0.5638922452926636,44.387779235839844,1.071991205215454,1.0717169046401978,23.88,0.9932505488395691,0.1701347976922989,0.0219724141061306,1.7936359643936157,0.0,0.0,0.36255165934562683,0.00012618876644410193,0.009070473723113537,0.9580041766166687,0.0,0.0,1.1067081689834595,0.38386377692222595,0.019292937591671944,0.3390721380710602,0.01699204184114933,0.5830996632575989,0.2839781641960144,0.017897820100188255,0.0006846330361440778,0.5775559544563293,1.0,0.0,0.7280744314193726,0.2874903976917267,0.00047536048805341125,0.0170998927205801,0.0,0.0,0.3450237512588501,0.04900408163666725,0.00010398411541245878,1.284896731376648,0.0,0.0
162,1.4968358278274536,0.5325149297714233,37.564476013183594,9.286770820617676,0.4378480315208435,55.10252380371094,1.2255802154541016,1.224489450454712,72.68,0.8928069472312927,0.015305505134165287,0.05713483691215515,8.60342788696289,0.0,0.0,0.3252088725566864,1.941885238920804e-05,0.007196286227554083,0.7312073111534119,0.0,0.0,1.0752428770065308,0.22645203769207,0.023075856268405914,0.43296533823013306,0.02491775155067444,0.8256516456604004,0.2742682099342346,0.009295536205172539,0.0011374071473255754,0.3812094032764435,1.0,0.0,0.7334058880805969,0.35836175084114075,0.00046107216621749103,0.018040534108877182,0.0,0.0,0.34827756881713867,0.03508969396352768,0.00016001150652300566,1.2669955492019653,0.0,0.0
163,2.739569664001465,0.5686951279640198,28.26862907409668,6.517242908477783,0.4938919246196747,53.8590087890625,1.1419029235839844,1.1418308019638062,5.53,0.9677183628082275,0.013359584845602512,0.049973826855421066,11.110047340393066,0.0,0.0,0.3139398694038391,8.09074208518723e-06,0.007181812077760696,0.7235260605812073,0.0,0.0,1.1272292137145996,0.3381965458393097,0.019964583218097687,0.335129976272583,0.018498025834560394,0.6150002479553223,0.28042563796043396,0.013942421413958073,0.0008378189522773027,0.4899517297744751,1.0,0.0,0.80559903383255,0.27523767948150635,0.0005196601268835366,0.01898745633661747,0.0,0.0,0.3470625877380371,0.04704291373491287,9.097835572902113e-05,1.2844318151474,0.0,0.0
164,4.5624518394470215,0.3077033460140228,36.01227569580078,2.87715220451355,0.5296736359596252,58.427608489990234,1.0954574346542358,1.0963795185089111,76.77,1.0836988687515259,0.06314504891633987,0.02633531764149666,6.670456409454346,0.0,0.0,0.30727940797805786,6.165145168779418e-05,0.003898852039128542,0.857322633266449,0.0,0.0,1.103338599205017,0.4408179521560669,0.01592273823916912,0.17927195131778717,0.01108022965490818,0.3028007447719574,0.2880779802799225,0.017870675772428513,0.0005567508633248508,0.6075945496559143,1.0,0.0,0.822658896446228,0.2585600018501282,0.000549019081518054,0.018789609894156456,0.0,0.0,0.34719184041023254,0.05977124348282814,8.082661224761978e-05,1.2797083854675293,0.0,0.0
165,4.845129013061523,0.6650406122207642,33.37211227416992,6.180081844329834,0.6003701090812683,43.77004623413086,1.2187610864639282,1.2199782133102417,81.86,0.9255167841911316,0.00850902684032917,0.05046829208731651,11.321852684020996,0.0,0.0,0.3058261275291443,7.343338097598462e-07,0.005933022126555443,0.6804935336112976,0.0,0.0,1.0319828987121582,0.41504132747650146,0.017921678721904755,0.26884642243385315,0.015735700726509094,0.4941194951534271,0.29252976179122925,0.0191595908254385,0.0007345378398895264,0.5967680215835571,1.0,0.0,0.8362448215484619,0.24786847829818726,0.0005230680690146983,0.019090306013822556,0.0,0.0,0.3432607650756836,0.047979820519685745,0.00017697691509965807,1.2464592456817627,0.0,0.0
166,1.1711276769638062,0.49593809247016907,30.44132423400879,4.589139461517334,0.6698545217514038,58.93790817260742,1.234460473060608,1.2330471277236938,92.85,0.8306761384010315,0.01908923126757145,0.07912995666265488,11.433029174804688,0.0,0.0,0.33317452669143677,0.00013585085980594158,0.0009725934360176325,0.7437416911125183,0.0,0.0,1.0148708820343018,0.5971990823745728,0.015556900762021542,0.19841492176055908,0.011377769522368908,0.3465765714645386,0.2996395230293274,0.025878991931676865,0.0005492614000104368,0.7255923748016357,1.0,0.0,0.9697414040565491,0.159023255109787,0.0006481250165961683,0.020692287012934685,0.0,0.0,0.3427903950214386,0.08698198944330215,2.604176552267745e-05,1.2939069271087646,0.0,0.0
167,2.3484060764312744,0.6220993399620056,25.295974731445312,7.775607109069824,0.5569056272506714,41.100704193115234,1.1730951070785522,1.1731479167938232,3.84,0.909991979598999,0.012205508537590504,0.059489212930202484,9.728411674499512,0.0,0.0,0.31800663471221924,1.705752220004797e-05,0.008016114123165607,0.6935105323791504,0.0,0.0,1.0718934535980225,0.36258968710899353,0.020137259736657143,0.35569852590560913,0.019238686189055443,0.6441876888275146,0.28539326786994934,0.016580097377300262,0.000828451884444803,0.5331970453262329,1.0,0.0,0.8020444512367249,0.2649894058704376,0.0005074903019703925,0.018757585436105728,0.0,0.0,0.345151424407959,0.04525725916028023,0.00014442784595303237,1.2697645425796509,0.0,0.0
168,2.0915603637695312,0.1749695986509323,39.91666030883789,7.267587184906006,0.4653075635433197,47.774818420410156,1.217788815498352,1.217400312423706,26.21,0.9002715945243835,0.08960660547018051,0.030292201787233353,2.6190133094787598,0.0,0.0,0.3515274226665497,0.0001005561716738157,0.009585199877619743,0.9128599166870117,0.0,0.0,0.9974083304405212,0.20731531083583832,0.02076219953596592,0.34779950976371765,0.020816288888454437,0.6536160111427307,0.27853819727897644,0.011317111551761627,0.0009768682066351175,0.4296407401561737,1.0,0.0,0.6754201650619507,0.4308522045612335,0.0004247532633598894,0.016716668382287025,0.0,0.0,0.3474131226539612,0.03183981031179428,0.0002574360987637192,1.2342720031738281,0.0,0.0
169,3.7079648971557617,0.5748187303543091,22.979679107666016,4.290709018707275,0.6737092137336731,56.843345642089844,1.1034282445907593,1.1045377254486084,91.03,0.9935545325279236,0.012840931303799152,0.052351560443639755,14.250739097595215,0.0,0.0,0.30365699529647827,1.4544447367370594e-05,0.001804531435482204,0.7185574173927307,0.0,0.0,1.087600588798523,0.5876272320747375,0.014818047173321247,0.1919783353805542,0.010522905737161636,0.3331928849220276,0.297756165266037,0.024661870673298836,0.0004956501070410013,0.749058187007904,1.0,0.0,0.9641156196594238,0.15996892750263214,0.0006347773014567792,0.02060697041451931,0.0,0.0,0.34290915727615356,0.08233360946178436,3.350195402163081e-05,1.2902628183364868,0.0,0.0
170,1.7170385122299194,0.729428768157959,14.79478645324707,5.880212306976318,0.6415858864784241,50.13343048095703,1.001901626586914,1.0043643712997437,244.74,0.800602376461029,0.004303147550672293,0.08157052844762802,14.996787071228027,0.0,0.0,0.33143341541290283,2.914704782597255e-05,0.0031767103355377913,0.66396564245224,0.0,0.0,1.0667328834533691,0.5787632465362549,0.016423184424638748,0.27155956625938416,0.013643661513924599,0.4712175130844116,0.2893621027469635,0.021519437432289124,0.0005595631082542241,0.6889755725860596,1.0,0.0,0.9330748319625854,0.17132414877414703,0.0005959601257927716,0.02044416218996048,0.0,0.0,0.3428163230419159,0.06721893697977066,5.580545621342026e-05,1.2840365171432495,0.0,0.0
171,2.209686040878296,0.4518217444419861,27.801040649414062,7.996413230895996,0.6072393655776978,45.38847732543945,1.2352583408355713,1.2394737005233765,275.32,0.9479421377182007,0.031185636296868324,0.05371440201997757,7.405856609344482,0.0,0.0,0.3161395788192749,4.580496170092374e-05,0.007553678005933762,0.7621111273765564,0.0,0.0,1.0414994955062866,0.39348578453063965,0.019584806635975838,0.32463422417640686,0.01819085329771042,0.5983571410179138,0.291629821062088,0.01940220221877098,0.0008156105177477002,0.575056791305542,1.0,0.0,0.8224202990531921,0.24573914706707,0.0005292617715895176,0.018827926367521286,0.0,0.0,0.34344494342803955,0.05157629773020744,0.00012081069871783257,1.2693111896514893,0.0,0.0
172,4.735318660736084,0.42327114939689636,34.84092330932617,7.834133625030518,0.5822276473045349,41.65878677368164,1.2422397136688232,1.2378233671188354,287.21,1.0062978267669678,0.03663857281208038,0.03868922218680382,6.053269386291504,0.0,0.0,0.29348456859588623,6.77876812460454e-07,0.00908019207417965,0.7849819660186768,0.0,0.0,1.0302356481552124,0.288282573223114,0.019592424854636192,0.31971055269241333,0.01883767731487751,0.6019823551177979,0.2904415428638458,0.017057005316019058,0.0008617746061645448,0.539837658405304,1.0,0.0,0.763317346572876,0.3139810264110565,0.00047126453137025237,0.01795249804854393,0.0,0.0,0.3429713249206543,0.037583962082862854,0.00027134615811519325,1.2299062013626099,0.0,0.0
173,3.3291280269622803,0.3020657002925873,26.104965209960938,6.896233558654785,0.6728745698928833,52.693115234375,1.2257256507873535,1.2256617546081543,4.25,1.0429741144180298,0.07227038592100143,0.03528783842921257,5.950999736785889,0.0,0.0,0.31544241309165955,7.187842857092619e-05,0.00430930545553565,0.8429914116859436,0.0,0.0,1.0658460855484009,0.5012200474739075,0.017270835116505623,0.26302552223205566,0.014477608725428581,0.4748353660106659,0.29822298884391785,0.023846931755542755,0.0006746318540535867,0.6775621771812439,1.0,0.0,0.8574348092079163,0.21074247360229492,0.0005678363959304988,0.019012590870261192,0.0,0.0,0.34227362275123596,0.0661652535200119,6.1427490436472e-05,1.2844924926757812,0.0,0.0
174,4.470916748046875,0.6981523036956787,21.85952377319336,6.688549518585205,0.5764337182044983,54.00231170654297,1.0800817012786865,1.0812687873840332,101.65,0.9784588813781738,0.00803232192993164,0.04625682160258293,14.69123363494873,0.0,0.0,0.31180694699287415,9.917547458826448e-07,0.004782399628311396,0.6690400838851929,0.0,0.0,1.1598074436187744,0.44000768661499023,0.018586430698633194,0.3206859529018402,0.01647915504872799,0.5737770795822144,0.28563007712364197,0.01748819649219513,0.0007067550905048847,0.5863971710205078,1.0,0.0,0.8619318604469299,0.22181309759616852,0.000549937947653234,0.019676940515637398,0.0,0.0,0.34442436695098877,0.05329087749123573,7.110756996553391e-05,1.2866042852401733,0.0,0.0
175,4.400296688079834,0.07661503553390503,31.994417190551758,3.6051900386810303,0.606734037399292,57.3149299621582,1.1553610563278198,1.1573379039764404,147.84,1.0748635530471802,0.1919703185558319,0.012519663199782372,2.0518298149108887,0.0,0.0,0.34699317812919617,0.00015660023200325668,0.004262961912900209,0.9755494594573975,0.0,0.0,1.0683221817016602,0.5046142339706421,0.015909496694803238,0.18799279630184174,0.011119437403976917,0.3204125761985779,0.2949695289134979,0.022240666672587395,0.0005396794294938445,0.6747087836265564,1.0,0.0,0.7938283681869507,0.2471260279417038,0.0005408544093370438,0.017822159454226494,0.0,0.0,0.3449303209781647,0.06972843408584595,6.129636312834918e-05,1.2874776124954224,0.0,0.0
176,1.0203547477722168,0.15237627923488617,16.844484329223633,6.7319488525390625,0.7763542532920837,45.79526901245117,1.1488621234893799,1.1481300592422485,55.5,0.824359655380249,0.1549711972475052,0.04862656816840172,3.1141910552978516,0.0,0.0,0.3786846399307251,0.0001998814841499552,0.0029659380670636892,0.9322696328163147,0.0,0.0,0.9916567802429199,0.5334594249725342,0.014250999316573143,0.21517546474933624,0.010556014254689217,0.3653686046600342,0.30454543232917786,0.031756021082401276,0.0004830728576052934,0.8353757858276367,1.0,0.0,0.8821156620979309,0.16256870329380035,0.0005866037681698799,0.018823083490133286,0.0,0.0,0.34087109565734863,0.08646254241466522,4.864282163907774e-05,1.287516474723816,0.0,0.0
177,2.8655781745910645,0.0754401832818985,36.031394958496094,3.599079132080078,0.6730196475982666,53.58940124511719,1.2231385707855225,1.2242194414138794,72.18,0.9138542413711548,0.1973908543586731,0.02369352988898754,1.9305622577667236,0.0,0.0,0.37122413516044617,0.00021509555517695844,0.00246089743450284,0.9701420664787292,0.0,0.0,0.9907061457633972,0.6001167297363281,0.014546715654432774,0.1663600355386734,0.009703263640403748,0.2832548916339874,0.30087849497795105,0.02617303654551506,0.00047259803977794945,0.7567518353462219,1.0,0.0,0.8446146249771118,0.21005703508853912,0.0005715900333598256,0.018379176035523415,0.0,0.0,0.34235554933547974,0.077609121799469,6.693086470477283e-05,1.274207592010498,0.0,0.0
178,5.397037982940674,0.4036858379840851,19.436792373657227,9.84878921508789,0.7704873085021973,43.83637619018555,1.1465091705322266,1.14585280418396,49.96,1.1107654571533203,0.04711967706680298,0.037958674132823944,8.027063369750977,0.0,0.0,0.28848281502723694,3.113282673439244e-06,0.003377182874828577,0.8130518794059753,0.0,0.0,1.1006907224655151,0.5383420586585999,0.015460272319614887,0.2761099338531494,0.013532212935388088,0.5004985332489014,0.3036300241947174,0.026866741478443146,0.0006094443378970027,0.777069628238678,1.0,0.0,0.8826087117195129,0.19291357696056366,0.0005708730313926935,0.019256774336099625,0.0,0.0,0.34105750918388367,0.06888748705387115,6.124909123172984e-05,1.2833271026611328,0.0,0.0
179,2.023451805114746,0.8085508942604065,28.09062957763672,7.492140769958496,0.4258142411708832,43.743507385253906,1.1230559349060059,1.1248747110366821,143.97,0.808224081993103,0.01006473507732153,0.06318765878677368,13.310094833374023,0.0,0.0,0.34961560368537903,2.0162202417850494e-05,0.008466743864119053,0.6367040276527405,0.0,0.0,1.0910007953643799,0.2822467088699341,0.021603912115097046,0.40675514936447144,0.021816013380885124,0.7365348935127258,0.2722381055355072,0.010332219302654266,0.0009406852186657488,0.41539812088012695,1.0,0.0,0.7611947059631348,0.31554481387138367,0.00047778620501048863,0.01864282600581646,0.0,0.0,0.3495909869670868,0.0365775041282177,0.00013745660544373095,1.2741036415100098,0.0,0.0
180,1.2036473751068115,0.19185198843479156,36.612464904785156,3.908116102218628,0.7450294494628906,43.703887939453125,1.2701749801635742,1.270090937614441,5.21,0.7294365763664246,0.12803389132022858,0.06469357013702393,3.541452169418335,0.0,0.0,0.37175795435905457,0.0001993985497392714,0.001784041989594698,0.8898627758026123,0.0,0.0,0.896325409412384,0.551058292388916,0.012940317392349243,0.15070874989032745,0.008351019583642483,0.2535550594329834,0.306709349155426,0.0301455557346344,0.0004112847673241049,0.8449675440788269,1.0,0.0,0.923039972782135,0.17738212645053864,0.0006021762383170426,0.019541433081030846,0.0,0.0,0.33923661708831787,0.07524210214614868,9.734385821502656e-05,1.2420682907104492,0.0,0.0
181,2.7646825313568115,0.9474760293960571,29.802522659301758,2.6324851512908936,0.6257372498512268,52.11664581298828,1.087315320968628,1.0890958309173584,150.36,0.6893249154090881,0.025767294690012932,0.08684185147285461,28.08334732055664,0.0,0.0,0.3675957918167114,6.684524123556912e-05,0.0010805265046656132,0.5769802331924438,0.0,0.0,0.997132420539856,0.6275350451469421,0.014470526948571205,0.1491423398256302,0.0088530033826828,0.24406497180461884,0.2963932156562805,0.023979173973202705,0.0004284114402253181,0.7318490147590637,1.0,0.0,1.0060580968856812,0.1523420363664627,0.0006677731871604919,0.02149507962167263,0.0,0.0,0.3445446491241455,0.08392523974180222,3.3399384847143665e-05,1.2840838432312012,0.0,0.0
182,4.829024791717529,0.06659374386072159,40.74766540527344,2.6036429405212402,0.67069411277771,55.54490280151367,1.1689027547836304,1.167414903640747,109.03,1.0114390850067139,0.20471647381782532,0.012781360186636448,1.842613697052002,0.0,0.0,0.3455609083175659,0.0001333134132437408,0.002501200418919325,0.9930172562599182,0.0,0.0,1.0079482793807983,0.6017659306526184,0.013540070503950119,0.139192134141922,0.008087389171123505,0.22544947266578674,0.30098429322242737,0.026009023189544678,0.0003865100152324885,0.7879716157913208,1.0,0.0,0.8427789807319641,0.21488168835639954,0.0005670642131008208,0.01824081502854824,0.0,0.0,0.34197893738746643,0.07683613151311874,8.831691957311705e-05,1.2641173601150513,0.0,0.0
183,1.3318637609481812,0.3103642761707306,37.568912506103516,1.853731393814087,0.6555177569389343,48.90415954589844,1.0830219984054565,1.0887633562088013,486.9,0.7840471267700195,0.07396727055311203,0.07075143605470657,6.403994083404541,0.0,0.0,0.35128992795944214,0.00020136004604864866,0.001135499682277441,0.8395326137542725,0.0,0.0,0.967204213142395,0.6036483645439148,0.01296380814164877,0.12243679165840149,0.006782775744795799,0.18404962122440338,0.29983487725257874,0.026381537318229675,0.0003154324076604098,0.7981783151626587,1.0,0.0,0.9566312432289124,0.16758660972118378,0.0006331492913886905,0.020327206701040268,0.0,0.0,0.3432528078556061,0.08207666873931885,6.726909487042576e-05,1.2602171897888184,0.0,0.0
184,5.0861687660217285,0.6879487037658691,28.012039184570312,4.978722095489502,0.40091562271118164,50.93406677246094,1.017875075340271,1.0171451568603516,70.5,0.9949302077293396,0.008225889876484871,0.036894164979457855,13.647425651550293,0.0,0.0,0.3162137269973755,1.1085369351349073e-06,0.008162063546478748,0.6863674521446228,0.0,0.0,1.1981607675552368,0.3038143217563629,0.01880033127963543,0.3121042549610138,0.01689591445028782,0.5547592043876648,0.27053967118263245,0.010104822926223278,0.000775064923800528,0.44416937232017517,1.0,0.0,0.7741008400917053,0.3142666220664978,0.0004913231823593378,0.018809810280799866,0.0,0.0,0.35039886832237244,0.03974933177232742,0.00011735938460333273,1.2806288003921509,0.0,0.0
185,5.679089546203613,0.9372163414955139,32.23338317871094,9.625006675720215,0.6178805828094482,52.298805236816406,1.2529386281967163,1.2502708435058594,170.3,0.7776274681091309,0.02951275371015072,0.047436781227588654,21.507705688476562,0.0,0.0,0.3641238808631897,6.798208050895482e-05,0.004347238223999739,0.5754731297492981,0.0,0.0,0.9875268936157227,0.4354676902294159,0.020494980737566948,0.3533841073513031,0.019791752099990845,0.669190526008606,0.2918885350227356,0.019129283726215363,0.0008799447678029537,0.5621170997619629,1.0,0.0,0.8686070442199707,0.2182523012161255,0.0005558477714657784,0.01962096430361271,0.0,0.0,0.3422345221042633,0.054190073162317276,9.993142884923145e-05,1.2682313919067383,0.0,0.0
186,3.9897608757019043,0.3244495093822479,24.799863815307617,6.299389362335205,0.431308388710022,50.24957275390625,1.054602861404419,1.0565134286880493,171.47,1.1595561504364014,0.058161620050668716,0.0230674110352993,4.965061187744141,0.0,0.0,0.3061763048171997,2.19033445318928e-05,0.010559436865150928,0.8402054905891418,0.0,0.0,1.2112761735916138,0.26024991273880005,0.02029256522655487,0.36548495292663574,0.018874717876315117,0.6539046764373779,0.2724047005176544,0.010864823125302792,0.0008163172751665115,0.4497302174568176,1.0,0.0,0.7192177772521973,0.35087358951568604,0.00046238512732088566,0.01756724715232849,0.0,0.0,0.34880679845809937,0.03907526284456253,0.00010604017734294757,1.2841095924377441,0.0,0.0
187,2.537470817565918,0.2981032133102417,38.603092193603516,2.694159507751465,0.6293946504592896,54.49801254272461,1.1618682146072388,1.1609151363372803,70.66,0.9099326729774475,0.0716993510723114,0.047296855598688126,6.278573513031006,0.0,0.0,0.33240532875061035,0.000141220647492446,0.0016677050152793527,0.8510157465934753,0.0,0.0,1.010636806488037,0.6221532225608826,0.014272318221628666,0.1520642340183258,0.008972897194325924,0.2516349256038666,0.29712656140327454,0.02362188883125782,0.00043353193905204535,0.7323023676872253,1.0,0.0,0.9056404232978821,0.1950675994157791,0.0006021979497745633,0.01966174505650997,0.0,0.0,0.3436553180217743,0.07446318864822388,6.882969319121912e-05,1.2689919471740723,0.0,0.0
188,1.1944586038589478,0.4761488735675812,28.263336181640625,3.6737194061279297,0.6497057676315308,40.58552169799805,1.1687941551208496,1.1693108081817627,37.8,0.8092746138572693,0.023868931457400322,0.08052865415811539,9.507725715637207,0.0,0.0,0.33293306827545166,0.00011084840662078932,0.0031029803212732077,0.7558366656303406,0.0,0.0,0.9832010269165039,0.6093681454658508,0.01494542509317398,0.1778094619512558,0.01033245399594307,0.29980775713920593,0.298109769821167,0.024524541571736336,0.0004972582682967186,0.7273786067962646,1.0,0.0,0.9131444096565247,0.1905204951763153,0.0005953249637968838,0.01998814381659031,0.0,0.0,0.3436654806137085,0.06779938191175461,8.077192615019158e-05,1.2635077238082886,0.0,0.0
189,4.148209095001221,0.28549301624298096,21.0526123046875,3.8133316040039062,0.7078652381896973,51.104835510253906,1.0574517250061035,1.0578395128250122,34.67,1.07692551612854,0.09058443456888199,0.031173765659332275,6.4668684005737305,0.0,0.0,0.31064602732658386,7.677711255382746e-05,0.002214715350419283,0.8600237965583801,0.0,0.0,1.078521490097046,0.5659570097923279,0.013617999851703644,0.1656273752450943,0.008778874762356281,0.27615055441856384,0.30083101987838745,0.026939786970615387,0.0004213341453578323,0.8110285997390747,1.0,0.0,0.9311443567276001,0.16707395017147064,0.0006225790712051094,0.01983822137117386,0.0,0.0,0.3427458107471466,0.08653715252876282,3.608359838835895e-05,1.2903274297714233,0.0,0.0
190,3.902491569519043,0.09797360748052597,23.59405517578125,8.620007514953613,0.47163110971450806,56.06191635131836,1.110713243484497,1.109433889389038,103.82,1.1605337858200073,0.1532546430826187,0.009576248936355114,2.4791712760925293,0.0,0.0,0.3362959325313568,8.256715227616951e-05,0.01164992619305849,0.9530873894691467,0.0,0.0,1.185472011566162,0.24171680212020874,0.02227018214762211,0.443227618932724,0.021927015855908394,0.7974473834037781,0.27518001198768616,0.011946901679039001,0.0008988871122710407,0.45501992106437683,1.0,0.0,0.680402398109436,0.36647576093673706,0.00044219265691936016,0.016595596447587013,0.0,0.0,0.346699059009552,0.040138959884643555,9.521941683487967e-05,1.2879868745803833,0.0,0.0
191,4.012317657470703,0.14075219631195068,39.310760498046875,5.2297821044921875,0.5431060194969177,56.210941314697266,1.2194448709487915,1.2201040983200073,44.31,1.0387194156646729,0.1233246922492981,0.016974616795778275,2.5355560779571533,0.0,0.0,0.3342069387435913,9.99151889118366e-05,0.007665336597710848,0.9401866793632507,0.0,0.0,1.0437891483306885,0.32412728667259216,0.0181573498994112,0.25540152192115784,0.015418869443237782,0.463909775018692,0.28792405128479004,0.016917116940021515,0.0007492204895243049,0.5528825521469116,1.0,0.0,0.7371038198471069,0.32666516304016113,0.0004855073639191687,0.017307406291365623,0.0,0.0,0.3453930616378784,0.04818714037537575,0.0001691574143478647,1.262726068496704,0.0,0.0
192,3.4058115482330322,0.9669526219367981,22.756439208984375,5.927379608154297,0.6786630749702454,46.381996154785156,1.1465762853622437,1.148123860359192,117.56,0.7221856117248535,0.030738944187760353,0.0731605738401413,25.84391212463379,0.0,0.0,0.3676779568195343,5.8065186749445274e-05,0.002093759598210454,0.5666851997375488,0.0,0.0,1.0080572366714478,0.5797179937362671,0.016171084716916084,0.2412244975566864,0.012680773623287678,0.42561274766921997,0.29688289761543274,0.024642352014780045,0.0005796279874630272,0.7151133418083191,1.0,0.0,0.9700996279716492,0.15966260433197021,0.000632096198387444,0.021006090566515923,0.0,0.0,0.3425452709197998,0.07298216968774796,4.2717681935755536e-05,1.2837828397750854,0.0,0.0
193,5.550739288330078,0.35252511501312256,32.451927185058594,8.876579284667969,0.6765621900558472,58.197837829589844,1.2938177585601807,1.2912951707839966,150.99,1.1311062574386597,0.055095311254262924,0.02943800576031208,7.189765453338623,0.0,0.0,0.29002270102500916,9.003430932352785e-06,0.004858186934143305,0.8234259486198425,0.0,0.0,1.0733857154846191,0.41271767020225525,0.018561050295829773,0.2926604449748993,0.01709437184035778,0.5538536310195923,0.29928046464920044,0.02245253138244152,0.0008071016636677086,0.6363231539726257,1.0,0.0,0.8339431285858154,0.23590382933616638,0.0005461688269861042,0.018673591315746307,0.0,0.0,0.34118303656578064,0.059461601078510284,8.15888779470697e-05,1.2780613899230957,0.0,0.0
194,3.3555564880371094,0.3261951208114624,20.484615325927734,5.601587772369385,0.743331253528595,40.099693298339844,1.1363279819488525,1.1353012323379517,79.59,0.9891780614852905,0.06821601092815399,0.041944071650505066,6.721526145935059,0.0,0.0,0.3119566738605499,6.557026790687814e-05,0.0026665355544537306,0.8388753533363342,0.0,0.0,1.0395563840866089,0.5485957860946655,0.013907575979828835,0.199992835521698,0.01030043512582779,0.34593886137008667,0.3031750023365021,0.027825521305203438,0.0005007582949474454,0.8113175630569458,1.0,0.0,0.9071832299232483,0.18400613963603973,0.0005961778806522489,0.019560623914003372,0.0,0.0,0.341614305973053,0.07521338015794754,5.703697388526052e-05,1.2786108255386353,0.0,0.0
195,4.017642974853516,0.38414958119392395,40.25457000732422,4.1720404624938965,0.6788195371627808,55.54317855834961,1.2612864971160889,1.2626817226409912,87.61,0.9830532670021057,0.04579474404454231,0.041482385247945786,7.867856979370117,0.0,0.0,0.30208542943000793,3.7805471947649494e-05,0.002087587723508477,0.8086442351341248,0.0,0.0,1.0162709951400757,0.553340494632721,0.014731880277395248,0.1781034618616104,0.010589446872472763,0.31280162930488586,0.300864040851593,0.024909889325499535,0.0005199734005145729,0.7447786927223206,1.0,0.0,0.906669020652771,0.19984537363052368,0.0005927369347773492,0.01962197944521904,0.0,0.0,0.3407905101776123,0.0688018947839737,8.592865924583748e-05,1.2602994441986084,0.0,0.0
196,3.172459602355957,0.25480708479881287,30.31586265563965,3.4581031799316406,0.40953439474105835,46.071998596191406,1.023224949836731,1.0203665494918823,273.78,1.0383455753326416,0.07402218133211136,0.026645299047231674,4.140246868133545,0.0,0.0,0.3292904794216156,8.650295785628259e-05,0.009217832237482071,0.8898619413375854,0.0,0.0,1.1245427131652832,0.2973219156265259,0.01740184798836708,0.23381341993808746,0.013668113388121128,0.39496880769729614,0.27476999163627625,0.01196006778627634,0.0006617727922275662,0.47916340827941895,1.0,0.0,0.72734135389328,0.3571496903896332,0.0004747443599626422,0.017755629494786263,0.0,0.0,0.3514598309993744,0.0410369373857975,0.00014914195344317704,1.269547939300537,0.0,0.0
197,1.5631637573242188,0.9874811768531799,18.13681411743164,6.974591255187988,0.7172141075134277,40.31522750854492,1.1390726566314697,1.1388096809387207,20.27,0.6191231608390808,0.033977821469306946,0.09979565441608429,25.50619888305664,0.0,0.0,0.3797067105770111,9.213198063662276e-05,0.0020972657948732376,0.5607389807701111,0.0,0.0,0.961300790309906,0.5563421249389648,0.015715694054961205,0.2519254684448242,0.012953688390552998,0.4524237811565399,0.2984521687030792,0.026175884529948235,0.0005761724896728992,0.7492551207542419,1.0,0.0,0.9764671921730042,0.15409858524799347,0.0006333341589197516,0.021026883274316788,0.0,0.0,0.34192517399787903,0.07491385191679001,4.023942892672494e-05,1.2837053537368774,0.0,0.0
198,5.975586414337158,0.6537015438079834,29.057249069213867,8.238396644592285,0.4608067572116852,58.271244049072266,1.1182805299758911,1.1189160346984863,50.79,1.0528866052627563,0.013060132041573524,0.03256521001458168,12.749246597290039,0.0,0.0,0.30593791604042053,9.597615644452162e-07,0.008375393226742744,0.6880882382392883,0.0,0.0,1.1884398460388184,0.2721802592277527,0.021626519039273262,0.41747525334358215,0.021805403754115105,0.7811316847801208,0.27485594153404236,0.011033223010599613,0.0009472567471675575,0.4405934512615204,1.0,0.0,0.7689290046691895,0.30775880813598633,0.00048684055218473077,0.018496595323085785,0.0,0.0,0.3471955955028534,0.04056030511856079,0.00010716222459450364,1.284255862236023,0.0,0.0
199,5.330305099487305,0.47503799200057983,19.273324966430664,5.680592060089111,0.7382902503013611,49.70516586303711,1.055870771408081,1.0553803443908691,44.01,1.0913523435592651,0.026578407734632492,0.03979318216443062,10.482973098754883,0.0,0.0,0.28834062814712524,7.866552778068581e-07,0.002065513748675585,0.7724995017051697,0.0,0.0,1.1346454620361328,0.544939398765564,0.01394306868314743,0.2080361396074295,0.010335526429116726,0.3609869182109833,0.3013245463371277,0.02675616554915905,0.0004876987368334085,0.8091045618057251,1.0,0.0,0.9533794522285461,0.1597181260585785,0.0006191928987391293,0.020378150045871735,0.0,0.0,0.3419792652130127,0.07859566807746887,3.9295144233619794e-05,1.289430856704712,0.0,0.0
200,5.961935043334961,0.1718575358390808,23.437084197998047,6.103143692016602,0.622352123260498,42.898773193359375,1.1132993698120117,1.1140737533569336,62.44,1.1578266620635986,0.12694741785526276,0.022768355906009674,2.9219210147857666,0.0,0.0,0.3072502315044403,4.2834653868339956e-05,0.007941817864775658,0.92463219165802,0.0,0.0,1.1051414012908936,0.39168816804885864,0.017249658703804016,0.2734244465827942,0.014469578862190247,0.4872420132160187,0.2925313711166382,0.020330803468823433,0.0006447021733038127,0.6458734273910522,1.0,0.0,0.7766386866569519,0.26919013261795044,0.000506920216139406,0.017787763848900795,0.0,0.0,0.3442510962486267,0.055345743894577026,0.0001144359412137419,1.2769157886505127,0.0,0.0
201,4.694946765899658,0.5771201252937317,28.41031265258789,2.867826461791992,0.6769627332687378,40.62919998168945,1.0866695642471313,1.085768222808838,76.39,0.9577248096466064,0.009328478947281837,0.05343198776245117,12.312125205993652,0.0,0.0,0.2973096966743469,1.7541140096000163e-06,0.0016940056812018156,0.7199525237083435,0.0,0.0,1.0442670583724976,0.5929075479507446,0.013350250199437141,0.14316824078559875,0.008202065713703632,0.23532748222351074,0.300523042678833,0.025179965421557426,0.00040621435618959367,0.78883957862854,1.0,0.0,0.9537453055381775,0.17049580812454224,0.0006138140452094376,0.02040046639740467,0.0,0.0,0.3429376780986786,0.0759156346321106,7.204014400485903e-05,1.261741280555725,0.0,0.0
202,1.570669412612915,0.5007365942001343,31.408802032470703,5.929040431976318,0.6997338533401489,42.42451477050781,1.287617802619934,1.2891426086425781,91.86,0.8195972442626953,0.021330999210476875,0.0800066664814949,9.378106117248535,0.0,0.0,0.3237738013267517,7.258303958224133e-05,0.003221214050427079,0.733644962310791,0.0,0.0,0.9542831778526306,0.5633066296577454,0.01582476869225502,0.21588420867919922,0.012719172984361649,0.3899441659450531,0.30231595039367676,0.025816751644015312,0.0006210548453964293,0.722576379776001,1.0,0.0,0.9081065654754639,0.19390682876110077,0.0005844959523528814,0.019780876114964485,0.0,0.0,0.34087979793548584,0.06455884128808975,9.799258259590715e-05,1.2530996799468994,0.0,0.0
203,2.2369120121002197,0.06580059230327606,31.509742736816406,4.600539207458496,0.7385073900222778,58.43263244628906,1.266605257987976,1.265748381614685,53.45,0.898036003112793,0.2059543877840042,0.027821477502584457,1.6740081310272217,0.0,0.0,0.38530582189559937,0.0002534154336899519,0.0015697359340265393,0.970905601978302,0.0,0.0,0.9865508675575256,0.5600294470787048,0.014210648834705353,0.16989721357822418,0.009509391151368618,0.29409533739089966,0.3060607314109802,0.030766094103455544,0.00046040304005146027,0.8160750865936279,1.0,0.0,0.8895918726921082,0.16391298174858093,0.0006092924741096795,0.018747039139270782,0.0,0.0,0.3411460816860199,0.09556093066930771,2.867687180696521e-05,1.2951127290725708,0.0,0.0
204,1.9224663972854614,0.6603907942771912,16.787532806396484,9.088506698608398,0.4354860186576843,52.43511962890625,1.0024547576904297,1.001865267753601,58.7,0.9405168890953064,0.010337211191654205,0.0550973154604435,9.127394676208496,0.0,0.0,0.3246639668941498,9.094708275370067e-07,0.008355127647519112,0.6973975300788879,0.0,0.0,1.2409579753875732,0.2667633593082428,0.02243690751492977,0.5047591924667358,0.02350126951932907,0.9016890525817871,0.265733927488327,0.009179041720926762,0.0008740505436435342,0.44413432478904724,1.0,0.0,0.7649098634719849,0.2997579872608185,0.00047295645345002413,0.018587855622172356,0.0,0.0,0.3466903567314148,0.03619055822491646,9.034462709678337e-05,1.289876103401184,0.0,0.0
205,2.4973807334899902,0.43320173025131226,23.138879776000977,7.046463489532471,0.6751548647880554,54.94075393676758,1.1990268230438232,1.198758840560913,18.64,0.9777095913887024,0.03445219621062279,0.05176332965493202,8.595505714416504,0.0,0.0,0.3142384886741638,6.280645175138488e-05,0.003280745819211006,0.778566300868988,0.0,0.0,1.0655964612960815,0.5469854474067688,0.017254026606678963,0.2717543840408325,0.014514719136059284,0.4865260422229767,0.2971777021884918,0.023995866999030113,0.0006582031492143869,0.6827999353408813,1.0,0.0,0.9005723595619202,0.18901412189006805,0.0005920663243159652,0.01981004700064659,0.0,0.0,0.3422129452228546,0.06807167828083038,5.0907157856272534e-05,1.2881416082382202,0.0,0.0
206,3.5712337493896484,0.9454945921897888,25.464452743530273,6.605057239532471,0.693647563457489,43.80952072143555,1.2061375379562378,1.2033569812774658,191.58,0.7330546975135803,0.028646592050790787,0.07238065451383591,23.467121124267578,0.0,0.0,0.36100003123283386,5.021867764298804e-05,0.002269164426252246,0.5695828199386597,0.0,0.0,0.9795708656311035,0.5786355137825012,0.016316041350364685,0.24476347863674164,0.013324987143278122,0.4464252293109894,0.2992537319660187,0.024839840829372406,0.0006229017162695527,0.7123223543167114,1.0,0.0,0.9487661719322205,0.17140190303325653,0.000614674761891365,0.0205832552164793,0.0,0.0,0.34180623292922974,0.07042662799358368,5.613577377516776e-05,1.274417757987976,0.0,0.0
207,3.401411771774292,0.8936776518821716,32.13218307495117,3.3380489349365234,0.40660083293914795,42.17207717895508,1.0150002241134644,1.013515830039978,144.3,0.7473656535148621,0.012520196847617626,0.061055876314640045,16.993227005004883,0.0,0.0,0.364370733499527,3.881287921103649e-05,0.006688843481242657,0.6260079741477966,0.0,0.0,1.04346764087677,0.3558180034160614,0.017157094553112984,0.22731643915176392,0.013510803692042828,0.38190221786499023,0.27459919452667236,0.01194393914192915,0.0006549145909957588,0.4775683581829071,1.0,0.0,0.7932858467102051,0.3031432032585144,0.0005030622123740613,0.019194694235920906,0.0,0.0,0.351826936006546,0.04002196341753006,0.0001915531902341172,1.256612777709961,0.0,0.0
208,3.272439956665039,0.4281783699989319,29.85357666015625,5.669317722320557,0.7568075060844421,43.20147705078125,1.2746820449829102,1.272782564163208,117.08,0.9516109228134155,0.03901074081659317,0.05483609065413475,8.553836822509766,0.0,0.0,0.30564406514167786,4.166657890891656e-05,0.0024961926974356174,0.7775148153305054,0.0,0.0,0.9954495429992676,0.5578187108039856,0.014103919267654419,0.18437358736991882,0.010368185117840767,0.32558396458625793,0.3073311150074005,0.029271971434354782,0.000529259501490742,0.8103199005126953,1.0,0.0,0.9369041919708252,0.17159786820411682,0.0006094317650422454,0.019916489720344543,0.0,0.0,0.3397338390350342,0.07530374825000763,7.578438817290589e-05,1.2603693008422852,0.0,0.0
209,2.465315103530884,0.49674010276794434,15.258533477783203,7.874445915222168,0.5665839910507202,51.138973236083984,1.0010896921157837,0.9999954700469971,109.3,1.0114723443984985,0.02767343446612358,0.04876811057329178,7.2431640625,0.0,0.0,0.3099740445613861,1.613286258361768e-05,0.007369123864918947,0.7607109546661377,0.0,0.0,1.1761432886123657,0.41148677468299866,0.01977568119764328,0.3869240880012512,0.018243731930851936,0.6711462140083313,0.28070566058158875,0.016405053436756134,0.0006944023189134896,0.5744614005088806,1.0,0.0,0.804920494556427,0.24157847464084625,0.0005084993899799883,0.01861897110939026,0.0,0.0,0.3438242971897125,0.048350729048252106,0.0001080342844943516,1.2837772369384766,0.0,0.0
210,4.364599227905273,0.5203615427017212,22.92459487915039,4.700164318084717,0.5895600914955139,76.66802978515625,1.0676828622817993,1.0669963359832764,60.26,1.0073472261428833,0.014835364185273647,0.04452800005674362,9.828960418701172,0.0,0.0,0.29856565594673157,2.398442347839591e-06,0.0028064860962331295,0.7537604570388794,0.0,0.0,1.1149250268936157,0.5013035535812378,0.016574658453464508,0.24295730888843536,0.0130413006991148,0.42268067598342896,0.2891623079776764,0.01929756999015808,0.0005855896743014455,0.6376946568489075,1.0,0.0,0.8968350887298584,0.2051197737455368,0.0005767311085946858,0.02009444124996662,0.0,0.0,0.3438454866409302,0.05766136571764946,9.160954505205154e-05,1.2720502614974976,0.0,0.0
211,3.4375197887420654,0.06333655118942261,43.88861846923828,3.647822141647339,0.6449527144432068,44.2336540222168,1.2199997901916504,1.2204006910324097,26.93,0.8247362971305847,0.20374934375286102,0.023612363263964653,1.286521553993225,0.0,0.0,0.3629622459411621,0.00010622014087857679,0.0056670233607292175,0.9889417290687561,0.0,0.0,0.8852012753486633,0.4112144112586975,0.014589140191674232,0.17437516152858734,0.010492931120097637,0.30178800225257874,0.2974017560482025,0.022567540407180786,0.0004927872796542943,0.7170957326889038,1.0,0.0,0.7717215418815613,0.2883133888244629,0.0004852742131333798,0.017293019220232964,0.0,0.0,0.3405694365501404,0.04880712553858757,0.0003180394123774022,1.2004921436309814,0.0,0.0
212,1.965658187866211,0.037890031933784485,20.15374755859375,8.427475929260254,0.4883367717266083,51.210205078125,1.09577214717865,1.0940778255462646,141.33,0.9992418885231018,0.1859801560640335,0.015132132917642593,1.6451493501663208,0.0,0.0,0.380398690700531,0.00015366924344561994,0.010585176758468151,0.9907878041267395,0.0,0.0,1.1355490684509277,0.27588656544685364,0.021991558372974396,0.4343853294849396,0.02130846120417118,0.772875964641571,0.2756664454936981,0.013134937733411789,0.0008426839485764503,0.47807076573371887,1.0,0.0,0.6802240014076233,0.3505260944366455,0.0004432843707036227,0.016508370637893677,0.0,0.0,0.3462565839290619,0.04174646735191345,9.262302774004638e-05,1.2891104221343994,0.0,0.0
213,5.058790683746338,0.17466874420642853,20.765775680541992,8.023893356323242,0.6890987753868103,44.12689971923828,1.1438827514648438,1.1485780477523804,357.37,1.1376534700393677,0.13736361265182495,0.022071145474910736,3.3267555236816406,0.0,0.0,0.31298932433128357,4.993426045984961e-05,0.007303173188120127,0.9240461587905884,0.0,0.0,1.094285488128662,0.4366394281387329,0.01719331555068493,0.29449662566185,0.01489376462996006,0.5271173119544983,0.29734382033348083,0.02340167947113514,0.0006528829107992351,0.6947023868560791,1.0,0.0,0.7944476008415222,0.2422378659248352,0.0005204187473282218,0.01788286119699478,0.0,0.0,0.3424954116344452,0.0605703741312027,9.020414290716872e-05,1.2819485664367676,0.0,0.0
214,1.8907759189605713,0.10180595517158508,25.927513122558594,4.680816650390625,0.5324155688285828,48.58736038208008,1.1201611757278442,1.1213992834091187,98.56,0.9315135478973389,0.14305613934993744,0.026746874675154686,2.032146692276001,0.0,0.0,0.37569907307624817,0.00021419076074380428,0.007617651484906673,0.9568999409675598,0.0,0.0,1.0635058879852295,0.40091198682785034,0.018007196485996246,0.2565518915653229,0.014418913051486015,0.44537049531936646,0.2854602336883545,0.01778576895594597,0.0006528993835672736,0.5701290965080261,1.0,0.0,0.7550781965255737,0.2839730381965637,0.0005040278774686158,0.017655525356531143,0.0,0.0,0.3468363583087921,0.053701795637607574,9.957541624316946e-05,1.2837269306182861,0.0,0.0
215,1.588701605796814,0.8652240633964539,17.957183837890625,6.83058500289917,0.6083784103393555,46.60523986816406,1.083223819732666,1.0858761072158813,225.49,0.7267816066741943,0.012672231532633305,0.08502178639173508,19.288095474243164,0.0,0.0,0.3554430902004242,4.8582471208646894e-05,0.003943945746868849,0.60994952917099,0.0,0.0,1.0444331169128418,0.5418983101844788,0.01816665381193161,0.3120029866695404,0.016083061695098877,0.5590468049049377,0.28743404150009155,0.019684072583913803,0.0006690584123134613,0.6236728429794312,1.0,0.0,0.9076095223426819,0.19052696228027344,0.0005836075288243592,0.020303864032030106,0.0,0.0,0.34387150406837463,0.061133041977882385,5.340948700904846e-05,1.2876249551773071,0.0,0.0
216,1.0753953456878662,0.2959762215614319,37.194068908691406,8.243337631225586,0.4080811142921448,42.45586013793945,1.178177833557129,1.1768795251846313,93.63,0.8567986488342285,0.050409652292728424,0.046253129839897156,4.024720191955566,0.0,0.0,0.3468130826950073,7.807312067598104e-05,0.01116854790598154,0.8501989245414734,0.0,0.0,1.0145851373672485,0.17242370545864105,0.02216753549873829,0.4128710925579071,0.023909280076622963,0.7729172706604004,0.2717736065387726,0.008263119496405125,0.001088151358999312,0.36930879950523376,1.0,0.0,0.6636467576026917,0.4397854506969452,0.0004082498198840767,0.016899801790714264,0.0,0.0,0.34991273283958435,0.026694251224398613,0.00026059584342874587,1.2331949472427368,0.0,0.0
217,1.5314393043518066,0.9800269603729248,19.5010929107666,5.389827251434326,0.6454111933708191,51.640777587890625,1.1024872064590454,1.1069974899291992,369.56,0.6307925581932068,0.02742866426706314,0.09758089482784271,27.101530075073242,0.0,0.0,0.3817366063594818,9.041721204994246e-05,0.0016464744694530964,0.5700690746307373,0.0,0.0,0.9804330468177795,0.5914892554283142,0.016412140801548958,0.2407819926738739,0.012944497168064117,0.4325917363166809,0.2928958833217621,0.023111557587981224,0.0005659065791405737,0.6922313570976257,1.0,0.0,0.9868808388710022,0.15132781863212585,0.0006463420577347279,0.021291062235832214,0.0,0.0,0.3432830274105072,0.07802718877792358,3.239007855881937e-05,1.2893891334533691,0.0,0.0
218,3.7466065883636475,0.5238979458808899,37.83639144897461,2.524484634399414,0.640046238899231,40.81459426879883,1.1126245260238647,1.1099159717559814,219.33,0.8538915514945984,0.01503998413681984,0.06285488605499268,9.740571022033691,0.0,0.0,0.30302906036376953,2.083883373416029e-05,0.0025283521972596645,0.7471725344657898,0.0,0.0,0.9525200128555298,0.5086719989776611,0.013563997112214565,0.142124205827713,0.008512277156114578,0.23221231997013092,0.2986699044704437,0.023047570139169693,0.0004212237545289099,0.7472497820854187,1.0,0.0,0.9058396816253662,0.2199254333972931,0.0005700362380594015,0.019828753545880318,0.0,0.0,0.34245291352272034,0.056930042803287506,0.0001570429012645036,1.221789002418518,0.0,0.0
219,2.9543755054473877,0.7052154541015625,30.301288604736328,5.776632308959961,0.46875154972076416,42.25809860229492,1.124354362487793,1.1221849918365479,171.94,0.879189670085907,0.007544430438429117,0.057141873985528946,11.274970054626465,0.0,0.0,0.3259853720664978,4.5998458517715335e-06,0.008061612956225872,0.6735627055168152,0.0,0.0,1.0789543390274048,0.3210098445415497,0.01938849501311779,0.3158024251461029,0.017843542620539665,0.5653567314147949,0.2788763642311096,0.013093906454741955,0.0008097767713479698,0.47628581523895264,1.0,0.0,0.7793942093849182,0.30347347259521484,0.0004888518596999347,0.018734944984316826,0.0,0.0,0.3484320640563965,0.03912753239274025,0.00018073708633892238,1.259766936302185,0.0,0.0
220,5.948785781860352,0.30374425649642944,26.824020385742188,4.571033477783203,0.616355836391449,54.78944778442383,1.1159605979919434,1.1169142723083496,76.51,1.169677972793579,0.07142922282218933,0.025820117443799973,6.687004089355469,0.0,0.0,0.29368531703948975,2.683005550352391e-05,0.004032152704894543,0.8518956899642944,0.0,0.0,1.1252871751785278,0.4877197742462158,0.016295744106173515,0.21975235641002655,0.012412864714860916,0.38958898186683655,0.2937617897987366,0.020990556105971336,0.0005875359056517482,0.6664842963218689,1.0,0.0,0.845238447189331,0.22421614825725555,0.0005599266150966287,0.018881186842918396,0.0,0.0,0.3444744944572449,0.06606266647577286,5.921673800912686e-05,1.2871063947677612,0.0,0.0
221,2.8508541584014893,0.10048940777778625,31.131818771362305,7.982265472412109,0.4098241925239563,51.16126251220703,1.1493905782699585,1.150170087814331,58.96,1.0634764432907104,0.12980367243289948,0.013082585297524929,2.434047222137451,0.0,0.0,0.3523271679878235,0.00010689262126106769,0.012188591994345188,0.9544873833656311,0.0,0.0,1.1285045146942139,0.2048501968383789,0.022289026528596878,0.42337411642074585,0.022752903401851654,0.7818551063537598,0.2712903916835785,0.009281416423618793,0.0010081082582473755,0.3911953270435333,1.0,0.0,0.6514115929603577,0.42434531450271606,0.0004217869427520782,0.01634036935865879,0.0,0.0,0.3495618999004364,0.03496543690562248,0.00012973610137123615,1.2761532068252563,0.0,0.0
222,5.6869659423828125,0.5747068524360657,29.538572311401367,6.539165496826172,0.6039496064186096,40.52952575683594,1.182176113128662,1.180967926979065,86.54,1.0019978284835815,0.012328369542956352,0.043421849608421326,9.283246040344238,0.0,0.0,0.2942824363708496,7.108334330041544e-07,0.00646935636177659,0.7215474247932434,0.0,0.0,1.0661022663116455,0.38012659549713135,0.017866885289549828,0.2844280004501343,0.015986934304237366,0.5230627059936523,0.2917362153530121,0.018807698041200638,0.0007341483724303544,0.6010985970497131,1.0,0.0,0.8229601383209229,0.25911861658096313,0.0005158468266017735,0.0188878383487463,0.0,0.0,0.3436235785484314,0.04742031544446945,0.00017120345728471875,1.2526358366012573,0.0,0.0
223,5.181358814239502,0.417865127325058,33.29085922241211,6.312972545623779,0.4562962055206299,46.454627990722656,1.1355153322219849,1.1365506649017334,80.22,1.1026874780654907,0.036115147173404694,0.02918856218457222,5.8528361320495605,0.0,0.0,0.2940571904182434,7.2353219593424e-07,0.009972807951271534,0.7981466054916382,0.0,0.0,1.1400598287582397,0.24966076016426086,0.01998741365969181,0.3357883393764496,0.018858561292290688,0.6167763471603394,0.2777213752269745,0.011806556023657322,0.0008650014642626047,0.45208674669265747,1.0,0.0,0.7219893336296082,0.3661440908908844,0.0004530154983513057,0.017661044374108315,0.0,0.0,0.348148375749588,0.035076312720775604,0.0001940867368830368,1.255133032798767,0.0,0.0
224,5.346199989318848,0.18137773871421814,35.44247055053711,7.47042989730835,0.537932813167572,42.0219841003418,1.2163861989974976,1.2197833061218262,228.96,1.0674560070037842,0.10906440764665604,0.021835776045918465,2.6608362197875977,0.0,0.0,0.3098691403865814,3.0334884286276065e-05,0.010827990248799324,0.9160356521606445,0.0,0.0,1.0155086517333984,0.24419240653514862,0.02007061429321766,0.33155736327171326,0.019395597279071808,0.6213535666465759,0.2864428162574768,0.015132386237382889,0.0008811047300696373,0.5013728141784668,1.0,0.0,0.6969282031059265,0.37849676609039307,0.0004362570762168616,0.016758890822529793,0.0,0.0,0.34458401799201965,0.035470832139253616,0.00027241770294494927,1.2289807796478271,0.0,0.0
225,4.716347694396973,0.16888004541397095,26.727062225341797,7.449713706970215,0.6177160739898682,40.55571746826172,1.1987535953521729,1.200603723526001,128.55,1.0946850776672363,0.12723414599895477,0.021679183468222618,2.813717842102051,0.0,0.0,0.3176727592945099,5.230518218013458e-05,0.009269042871892452,0.9196996688842773,0.0,0.0,1.0538220405578613,0.3469277322292328,0.018656594678759575,0.30700790882110596,0.016842249780893326,0.5626441240310669,0.2928543984889984,0.019768109545111656,0.0007531408919021487,0.6033903956413269,1.0,0.0,0.7481164336204529,0.29526248574256897,0.0004837819142267108,0.017325125634670258,0.0,0.0,0.3435061275959015,0.0493815578520298,0.00017373659648001194,1.2613774538040161,0.0,0.0
226,2.252734661102295,0.6987262964248657,39.19091796875,3.468169689178467,0.6064621806144714,48.71558380126953,1.1997289657592773,1.2006205320358276,61.9,0.752302348613739,0.004115527030080557,0.08664985746145248,14.42273998260498,0.0,0.0,0.3269844055175781,3.150745760649443e-05,0.002110232599079609,0.666293740272522,0.0,0.0,0.9598615169525146,0.5457561016082764,0.015238559804856777,0.18091891705989838,0.010990546084940434,0.30991417169570923,0.29500630497932434,0.02139795757830143,0.0005364384269341826,0.676247775554657,1.0,0.0,0.9234810471534729,0.20528438687324524,0.0005880293319933116,0.02039286680519581,0.0,0.0,0.3436470925807953,0.05951729416847229,0.00010700457642087713,1.2456408739089966,0.0,0.0
227,2.192948341369629,0.04685613885521889,26.04861068725586,9.931396484375,0.47162002325057983,43.771114349365234,1.1756339073181152,1.1749690771102905,48.13,0.9943045377731323,0.17030693590641022,0.013954173773527145,2.249288320541382,0.0,0.0,0.37231701612472534,0.00012152206181781366,0.012867179699242115,0.9762535691261292,0.0,0.0,1.0942319631576538,0.21951232850551605,0.023471586406230927,0.47583842277526855,0.0245931688696146,0.8663366436958313,0.27555742859840393,0.011653606779873371,0.0010045813396573067,0.4303802251815796,1.0,0.0,0.6568753719329834,0.39693909883499146,0.0004221445124130696,0.016267213970422745,0.0,0.0,0.3470780849456787,0.03549237549304962,0.00013714481610804796,1.2736663818359375,0.0,0.0
228,4.566103935241699,0.8241887092590332,34.5559196472168,7.478984832763672,0.5611432194709778,43.678035736083984,1.224897861480713,1.2244313955307007,31.1,0.8321112394332886,0.013858094811439514,0.05319981649518013,13.186878204345703,0.0,0.0,0.33537557721138,1.393053480569506e-05,0.006478292401880026,0.6171038150787354,0.0,0.0,0.9903705716133118,0.3597815930843353,0.019872484728693962,0.32572734355926514,0.018806207925081253,0.6025800704956055,0.28797677159309387,0.016739698126912117,0.0008477654191665351,0.5260353684425354,1.0,0.0,0.8187906742095947,0.2640990614891052,0.0005083687137812376,0.019088605418801308,0.0,0.0,0.343950092792511,0.041423384100198746,0.0002358671190449968,1.2408804893493652,0.0,0.0
229,3.062567949295044,0.18170833587646484,18.229442596435547,8.838223457336426,0.5973411202430725,46.31827926635742,1.0975408554077148,1.0984458923339844,75.07,1.0762654542922974,0.12989787757396698,0.022985775023698807,2.9810328483581543,0.0,0.0,0.33142849802970886,7.264471787493676e-05,0.009363616816699505,0.9116913080215454,0.0,0.0,1.1296567916870117,0.3517647385597229,0.02009006217122078,0.3862350881099701,0.01883106678724289,0.6850553154945374,0.28611403703689575,0.018153782933950424,0.000748652673792094,0.5840836763381958,1.0,0.0,0.7437721490859985,0.2829090654850006,0.0004818313173018396,0.01734675094485283,0.0,0.0,0.34376460313796997,0.04895690828561783,0.00010422433842904866,1.2848596572875977,0.0,0.0
230,4.359333515167236,0.5685798525810242,25.98133659362793,4.087155342102051,0.47376927733421326,54.323978424072266,1.0271832942962646,1.0269910097122192,18.23,1.033129334449768,0.013571207411587238,0.03950051963329315,11.744386672973633,0.0,0.0,0.3038155138492584,1.0978610589518212e-06,0.006451132241636515,0.7297269105911255,0.0,0.0,1.190779685974121,0.38328346610069275,0.017546137794852257,0.2527208626270294,0.014111253432929516,0.4375535547733307,0.27885761857032776,0.01404697634279728,0.0006527277291752398,0.5289736390113831,1.0,0.0,0.8234767317771912,0.26489436626434326,0.0005321358912624419,0.019323553889989853,0.0,0.0,0.3481775224208832,0.048521462827920914,8.52977464091964e-05,1.2857253551483154,0.0,0.0
231,2.9589645862579346,0.7723263502120972,34.02216720581055,1.767783761024475,0.7374683618545532,56.4240608215332,1.0343058109283447,1.0388989448547363,427.45,0.8147063851356506,0.010270384140312672,0.08688803762197495,20.558000564575195,0.0,0.0,0.3267061710357666,3.426100738579407e-05,0.0004180312971584499,0.6306601762771606,0.0,0.0,1.023897647857666,0.5396417379379272,0.011379432864487171,0.09828813374042511,0.004932803567498922,0.14090855419635773,0.3070700466632843,0.0316450372338295,0.00023303335183300078,0.9146849513053894,1.0,0.0,1.1271817684173584,0.10598119348287582,0.0007512292941100895,0.02240636944770813,0.0,0.0,0.3412756323814392,0.0952402725815773,1.8541097233537585e-05,1.2885671854019165,0.0,0.0
232,4.769930362701416,0.13341565430164337,24.079267501831055,8.057694435119629,0.45370540022850037,51.49995040893555,1.0874649286270142,1.0864479541778564,86.08,1.2256295680999756,0.13784843683242798,0.010693800635635853,2.6638123989105225,0.0,0.0,0.32013583183288574,5.3168121667113155e-05,0.012335152365267277,0.9347591400146484,0.0,0.0,1.2115036249160767,0.23464460670948029,0.021869495511054993,0.43106672167778015,0.02137945406138897,0.7759966850280762,0.2735742926597595,0.01113275159150362,0.0008826210396364331,0.44721293449401855,1.0,0.0,0.6713899970054626,0.3829776644706726,0.00043306255247443914,0.01649056188762188,0.0,0.0,0.3475663959980011,0.03828629478812218,0.00010323384776711464,1.2851461172103882,0.0,0.0
233,3.280158281326294,0.6733323335647583,24.16053009033203,6.917920112609863,0.747695803642273,57.575382232666016,1.2278107404708862,1.2257667779922485,135.81,0.9126004576683044,0.00743632297962904,0.06469866633415222,17.002506256103516,0.0,0.0,0.3120315670967102,1.5482559319934808e-05,0.001344288350082934,0.6741366386413574,0.0,0.0,1.0409051179885864,0.5565913915634155,0.015112272463738918,0.22376762330532074,0.012017528526484966,0.4024832844734192,0.30425316095352173,0.028326991945505142,0.0005796560435555875,0.7778182625770569,1.0,0.0,1.0015285015106201,0.14324574172496796,0.0006572406855411828,0.021062156185507774,0.0,0.0,0.3407534956932068,0.08737903088331223,2.8356093025649898e-05,1.2899689674377441,0.0,0.0
234,2.1378800868988037,0.5783772468566895,32.969451904296875,3.1088578701019287,0.7971312403678894,50.25653076171875,1.1877355575561523,1.18772554397583,0.71,0.8405082821846008,0.014341296628117561,0.08872415125370026,13.927142143249512,0.0,0.0,0.31725436449050903,7.330406515393406e-05,0.0006562555208802223,0.7009247541427612,0.0,0.0,0.9915807843208313,0.5082364082336426,0.010951192118227482,0.1135529950261116,0.0055299242958426476,0.17926493287086487,0.31156647205352783,0.03430795297026634,0.000288768409518525,0.9522270560264587,1.0,0.0,1.0915870666503906,0.11348523199558258,0.000722602941095829,0.021725766360759735,0.0,0.0,0.33912163972854614,0.09253860265016556,2.7313080863677897e-05,1.2769676446914673,0.0,0.0
235,2.7225375175476074,0.3105379045009613,33.75196838378906,2.852134943008423,0.6610179543495178,46.95395278930664,1.1541872024536133,1.153220534324646,72.63,0.9179723262786865,0.0700049176812172,0.04864565283060074,6.528788089752197,0.0,0.0,0.3272591531276703,0.00011882902617799118,0.0021671054419130087,0.8411614298820496,0.0,0.0,1.0022786855697632,0.6068227887153625,0.013940318487584591,0.14726568758487701,0.008624075911939144,0.24295833706855774,0.30023643374443054,0.025301987305283546,0.00042405695421621203,0.765657901763916,1.0,0.0,0.9081092476844788,0.1930515617132187,0.0006008710479363799,0.019643491134047508,0.0,0.0,0.34295135736465454,0.07414127886295319,7.685979653615505e-05,1.2626047134399414,0.0,0.0
236,1.8712550401687622,0.23808248341083527,32.71487045288086,3.011223554611206,0.4611895680427551,52.86224365234375,1.063785433769226,1.0629175901412964,76.75,0.9222623705863953,0.07432098686695099,0.03842517361044884,4.877243518829346,0.0,0.0,0.3523867130279541,0.0001941199298016727,0.006230286788195372,0.8948176503181458,0.0,0.0,1.077286720275879,0.3865743577480316,0.016672570258378983,0.20011983811855316,0.01218335423618555,0.3368391990661621,0.28087443113327026,0.014871158637106419,0.0006062129396013916,0.537138044834137,1.0,0.0,0.778342604637146,0.29722243547439575,0.000519844179507345,0.018373925238847733,0.0,0.0,0.3500632047653198,0.052395135164260864,9.456744737690315e-05,1.2810001373291016,0.0,0.0
237,4.116612434387207,0.8652328848838806,25.06161117553711,7.890658855438232,0.7332128286361694,56.20223617553711,1.2329312562942505,1.2341471910476685,79.91,0.8269845843315125,0.01796782575547695,0.06319887936115265,23.804567337036133,0.0,0.0,0.3395092487335205,2.6297087970306166e-05,0.0013749104691669345,0.6016116738319397,0.0,0.0,1.0192177295684814,0.5624946355819702,0.01615631766617298,0.2517230808734894,0.013554325327277184,0.46386778354644775,0.3024671673774719,0.026660583913326263,0.0006396810058504343,0.7390385866165161,1.0,0.0,0.9824425578117371,0.1522039771080017,0.0006435020477510989,0.020911667495965958,0.0,0.0,0.3408186435699463,0.0804697573184967,3.25424516631756e-05,1.2877839803695679,0.0,0.0
238,2.2730019092559814,0.5515169501304626,24.40708351135254,6.318728446960449,0.557029128074646,45.284053802490234,1.141265869140625,1.1373738050460815,299.84,0.9387913346290588,0.015623923391103745,0.05669856071472168,9.410162925720215,0.0,0.0,0.31635531783103943,2.8635065973503515e-05,0.007373822387307882,0.7275503277778625,0.0,0.0,1.0911808013916016,0.39972761273384094,0.0189215037971735,0.3087020814418793,0.01675930619239807,0.5513701438903809,0.28595393896102905,0.017384840175509453,0.0007387936930172145,0.5618837475776672,1.0,0.0,0.8289538025856018,0.24685436487197876,0.000533470360096544,0.01916324533522129,0.0,0.0,0.34545770287513733,0.05058550834655762,9.911571396514773e-05,1.2791165113449097,0.0,0.0
239,1.3900059461593628,0.9352443814277649,36.88034439086914,5.3303937911987305,0.5425909757614136,59.02370071411133,1.2209516763687134,1.2200613021850586,59.77,0.616815984249115,0.015870286151766777,0.09770290553569794,22.902812957763672,0.0,0.0,0.376952201128006,7.559251389466226e-05,0.000861043983604759,0.5854634642601013,0.0,0.0,0.9714493751525879,0.5494161248207092,0.018502671271562576,0.2617919445037842,0.015586263500154018,0.47398167848587036,0.2880227267742157,0.0178128182888031,0.0007493665907531977,0.5540593862533569,1.0,0.0,0.9283856749534607,0.19792117178440094,0.0006064297049306333,0.020900757983326912,0.0,0.0,0.34616002440452576,0.06224099546670914,5.140158464200795e-05,1.2822604179382324,0.0,0.0
240,4.207403182983398,0.8895183801651001,23.019807815551758,3.73561954498291,0.6914052367210388,40.981624603271484,1.0683845281600952,1.068476676940918,8.07,0.7888221144676208,0.016933243721723557,0.06720660626888275,24.407270431518555,0.0,0.0,0.3441866338253021,2.598109858809039e-05,0.001403846312314272,0.5943077802658081,0.0,0.0,1.013858437538147,0.575476884841919,0.01372518204152584,0.16838057339191437,0.009038248099386692,0.2862319350242615,0.29900458455085754,0.025646010413765907,0.000433669047197327,0.7892662882804871,1.0,0.0,1.003206729888916,0.14777173101902008,0.0006521909381262958,0.021255237981677055,0.0,0.0,0.34286510944366455,0.08344049751758575,4.161854667472653e-05,1.277492642402649,0.0,0.0
241,4.580491065979004,0.36795347929000854,40.60435485839844,5.844435691833496,0.4652698040008545,51.930355072021484,1.1805304288864136,1.1838923692703247,240.55,1.0504857301712036,0.042581092566251755,0.028523318469524384,5.4173808097839355,0.0,0.0,0.2992928922176361,4.788269507116638e-06,0.008970904164016247,0.8279040455818176,0.0,0.0,1.0754063129425049,0.24502234160900116,0.01934855617582798,0.3011360466480255,0.01805119775235653,0.5569429397583008,0.27960512042045593,0.012058613821864128,0.0008689985261298716,0.46016091108322144,1.0,0.0,0.7230956554412842,0.37691259384155273,0.00045405252603814006,0.017605256289243698,0.0,0.0,0.34749680757522583,0.034817054867744446,0.00023592845536768436,1.2417830228805542,0.0,0.0
242,5.594485282897949,0.0566927045583725,33.9483642578125,9.408086776733398,0.551545262336731,41.460628509521484,1.2460201978683472,1.244646430015564,88.58,1.0660592317581177,0.1726190596818924,0.016070473939180374,2.158372402191162,0.0,0.0,0.3286680579185486,4.820574395125732e-05,0.012627399526536465,0.9820293188095093,0.0,0.0,1.0067154169082642,0.22526471316814423,0.021402183920145035,0.3820483684539795,0.0219713244587183,0.7226527333259583,0.28697332739830017,0.015164700336754322,0.0009634402231313288,0.48953700065612793,1.0,0.0,0.6707579493522644,0.39858540892601013,0.0004211651103105396,0.016225457191467285,0.0,0.0,0.34383711218833923,0.03469042107462883,0.00026306157815270126,1.2318967580795288,0.0,0.0
243,1.7048230171203613,0.7792437076568604,17.225317001342773,8.06571102142334,0.7914886474609375,44.01015090942383,1.1610041856765747,1.161468505859375,34.43,0.7609478831291199,0.00866293627768755,0.0919659361243248,18.446063995361328,0.0,0.0,0.3348614275455475,5.3441366617335007e-05,0.0014506739098578691,0.634402871131897,0.0,0.0,0.9817495346069336,0.5346587300300598,0.013949321582913399,0.22819514572620392,0.011438889428973198,0.4125634729862213,0.30500170588493347,0.02981574460864067,0.000543045811355114,0.8291409611701965,1.0,0.0,1.0163887739181519,0.13848544657230377,0.0006604533991776407,0.021277207881212234,0.0,0.0,0.3403719365596771,0.08768599480390549,3.152694625896402e-05,1.2850227355957031,0.0,0.0
244,5.030630111694336,0.06279215216636658,27.352521896362305,6.808041572570801,0.4689289629459381,54.69511795043945,1.1169127225875854,1.1155917644500732,106.01,1.1960817575454712,0.1804250180721283,0.0076392400078475475,1.8718477487564087,0.0,0.0,0.3343566656112671,8.356676698895171e-05,0.011523578315973282,0.977516770362854,0.0,0.0,1.167026400566101,0.2654678523540497,0.020734714344143867,0.3652321696281433,0.019174663349986076,0.6563166379928589,0.2777564227581024,0.012781119905412197,0.0008388287387788296,0.46784162521362305,1.0,0.0,0.6755326390266418,0.37201443314552307,0.00044415719457902014,0.01643875055015087,0.0,0.0,0.3477005660533905,0.04250871762633324,0.00010435221338411793,1.2845741510391235,0.0,0.0
245,2.930198907852173,0.9473392367362976,19.5991153717041,9.382408142089844,0.6739435791969299,59.59363555908203,1.1494272947311401,1.1491025686264038,24.59,0.7177712321281433,0.025509340688586235,0.07430620491504669,23.98958969116211,0.0,0.0,0.36632630228996277,6.869259232189506e-05,0.0012148976093158126,0.5812546610832214,0.0,0.0,0.9966172575950623,0.5583272576332092,0.018505362793803215,0.33759254217147827,0.017134616151452065,0.6298115253448486,0.2935889959335327,0.02239084243774414,0.000710242020431906,0.6565336585044861,1.0,0.0,0.9628888368606567,0.15974417328834534,0.0006227551493793726,0.020909510552883148,0.0,0.0,0.3417148292064667,0.07095236331224442,4.4136115320725366e-05,1.2846649885177612,0.0,0.0
246,1.5337419509887695,0.9147719144821167,39.333282470703125,5.255380630493164,0.46093568205833435,45.90412139892578,1.1668466329574585,1.1680232286453247,86.33,0.6191386580467224,0.01308437343686819,0.09305305778980255,17.430408477783203,0.0,0.0,0.37524735927581787,5.023555422667414e-05,0.005116125103086233,0.6047582626342773,0.0,0.0,0.9439619779586792,0.3130258321762085,0.018836332485079765,0.28042179346084595,0.017135506495833397,0.5113301873207092,0.28016334772109985,0.012720736674964428,0.0008257797453552485,0.47033947706222534,1.0,0.0,0.8006905913352966,0.3046235144138336,0.0004984542028978467,0.019261328503489494,0.0,0.0,0.3489636778831482,0.03707263618707657,0.00023340769985225052,1.2379906177520752,0.0,0.0
247,5.274914741516113,0.847515881061554,22.528518676757812,7.627560138702393,0.62689208984375,49.7946662902832,1.1109122037887573,1.1151597499847412,342.86,0.876376211643219,0.013985578902065754,0.047357749193906784,21.436119079589844,0.0,0.0,0.3377731442451477,2.553488957346417e-05,0.003313709981739521,0.6118237376213074,0.0,0.0,1.0781537294387817,0.5026578903198242,0.0182690117508173,0.3201654255390167,0.01639961451292038,0.5859388709068298,0.2901141047477722,0.01973898522555828,0.0007085746037773788,0.62562096118927,1.0,0.0,0.8985356092453003,0.1963186264038086,0.0005775915924459696,0.020054861903190613,0.0,0.0,0.34335023164749146,0.06146297976374626,5.696233347407542e-05,1.285538673400879,0.0,0.0
248,5.8867340087890625,0.9338542222976685,34.480350494384766,5.728202819824219,0.5881110429763794,43.62366485595703,1.1929001808166504,1.1915720701217651,93.44,0.7441617250442505,0.022778451442718506,0.05245976895093918,18.446510314941406,0.0,0.0,0.36240696907043457,4.637047095457092e-05,0.004378029145300388,0.5871458053588867,0.0,0.0,0.9565111994743347,0.4569511413574219,0.017833050340414047,0.26275742053985596,0.01514426153153181,0.47591638565063477,0.29107698798179626,0.019163288176059723,0.0007037203758955002,0.5944324135780334,1.0,0.0,0.8611694574356079,0.23069564998149872,0.0005416012136265635,0.0195486880838871,0.0,0.0,0.3435952961444855,0.049963630735874176,0.00016825436614453793,1.2432022094726562,0.0,0.0
249,4.94586706161499,0.6058526635169983,32.27801513671875,9.906147003173828,0.4214240312576294,58.61441421508789,1.1639808416366577,1.162232518196106,129.24,1.0719484090805054,0.018015218898653984,0.03062615357339382,11.199228286743164,0.0,0.0,0.30232539772987366,9.212301961269986e-07,0.009665470570325851,0.7044252753257751,0.0,0.0,1.193900465965271,0.20929203927516937,0.02354787476360798,0.48599374294281006,0.025649990886449814,0.9249423742294312,0.27060043811798096,0.008510715328156948,0.0011116376845166087,0.3833208978176117,1.0,0.0,0.7234213948249817,0.36259162425994873,0.00045425756252370775,0.01785205490887165,0.0,0.0,0.3480475842952728,0.03472773730754852,0.00011794662714237347,1.2806791067123413,0.0,0.0
250,2.7652652263641357,0.3232547640800476,28.19929313659668,3.4285833835601807,0.7874326109886169,44.470916748046875,1.1680928468704224,1.1660776138305664,147.95,0.9483110308647156,0.07515563070774078,0.05319222807884216,7.19974422454834,0.0,0.0,0.32349878549575806,0.00010939485218841583,0.0012630645651370287,0.8315162658691406,0.0,0.0,0.9982571601867676,0.5209329128265381,0.011513086967170238,0.1213151216506958,0.006188613828271627,0.19733883440494537,0.31034860014915466,0.03298534080386162,0.0003317043592687696,0.9269973039627075,1.0,0.0,0.9974722862243652,0.13478010892868042,0.0006657702033407986,0.02031010389328003,0.0,0.0,0.34015586972236633,0.09257322549819946,3.824686064035632e-05,1.274670958518982,0.0,0.0
251,2.5208370685577393,0.786076009273529,27.047101974487305,7.1870222091674805,0.749863862991333,48.59468078613281,1.282894492149353,1.2797691822052002,190.36,0.8358564972877502,0.01580776646733284,0.06854349374771118,10.42054271697998,0.0,0.0,0.3309752345085144,2.09704721783055e-05,0.0021084074396640062,0.6185494065284729,0.0,0.0,0.9184064269065857,0.5635253190994263,0.016436073929071426,0.22523115575313568,0.01286297757178545,0.40454474091529846,0.3054558038711548,0.030092012137174606,0.000520834291819483,0.7672551870346069,1.0,0.0,0.9915214776992798,0.11126784235239029,0.0006284828996285796,0.0207731481641531,0.0,0.0,0.3401503264904022,0.09188474714756012,8.080980478553101e-05,1.2778675556182861,0.0,0.0
252,1.3373991250991821,0.3783362805843353,22.541624069213867,8.217602729797363,0.6152816414833069,40.128761291503906,1.1940667629241943,1.1936286687850952,30.74,0.9048024415969849,0.04551602154970169,0.056127745658159256,5.713529109954834,0.0,0.0,0.3312535285949707,8.190365042537451e-05,0.008079779334366322,0.8012336492538452,0.0,0.0,1.0405241250991821,0.39743173122406006,0.01949276402592659,0.33898457884788513,0.01814599707722664,0.6121379137039185,0.29055121541023254,0.019884170964360237,0.0007770765805616975,0.5922461152076721,1.0,0.0,0.8041132688522339,0.24945494532585144,0.0005174086545594037,0.0185029786080122,0.0,0.0,0.3436395227909088,0.050594262778759,0.0001249073975486681,1.273376226425171,0.0,0.0
253,1.8834062814712524,0.7506681084632874,38.009918212890625,6.995150089263916,0.43717846274375916,46.64583969116211,1.184332251548767,1.1851555109024048,58.65,0.7703647017478943,0.006571573670953512,0.07196889072656631,12.071024894714355,0.0,0.0,0.3411678075790405,1.089175020752009e-05,0.0072761233896017075,0.6562119722366333,0.0,0.0,1.014794945716858,0.2561172842979431,0.020780954509973526,0.35526004433631897,0.020988542586565018,0.6612968444824219,0.2761099934577942,0.010436994023621082,0.0009796087397262454,0.41319939494132996,1.0,0.0,0.7543571591377258,0.3462170958518982,0.0004647551104426384,0.018525218591094017,0.0,0.0,0.3490837514400482,0.03304488584399223,0.00023274139675777406,1.2433627843856812,0.0,0.0
254,5.069182395935059,0.7635287642478943,29.069040298461914,8.601831436157227,0.4988274872303009,51.66069412231445,1.154099464416504,1.1550346612930298,70.16,0.9449918866157532,0.012737997807562351,0.03987709432840347,15.043757438659668,0.0,0.0,0.32476523518562317,8.584665010857861e-06,0.007413361221551895,0.641451895236969,0.0,0.0,1.1147973537445068,0.30817925930023193,0.021605579182505608,0.4084872305393219,0.021661657840013504,0.7616499662399292,0.2789878249168396,0.012934381142258644,0.0009358758688904345,0.4654867947101593,1.0,0.0,0.7953485250473022,0.28018516302108765,0.0005036431248299778,0.0188602302223444,0.0,0.0,0.34614673256874084,0.04306356981396675,0.00012715636694338173,1.2774101495742798,0.0,0.0
255,5.893598556518555,0.37558960914611816,31.83700942993164,4.946196556091309,0.5391239523887634,57.03163528442383,1.13906729221344,1.1391754150390625,8.33,1.1510469913482666,0.04459081217646599,0.026981303468346596,7.5500102043151855,0.0,0.0,0.29035484790802,4.446343154995702e-06,0.006186189129948616,0.8174750804901123,0.0,0.0,1.145797610282898,0.3729548752307892,0.01794135570526123,0.256331205368042,0.014783595688641071,0.4617942273616791,0.28700852394104004,0.016819454729557037,0.0007052180008031428,0.5641425848007202,1.0,0.0,0.8015062808990479,0.27270129323005676,0.0005244433996267617,0.018571289256215096,0.0,0.0,0.34610748291015625,0.052317775785923004,9.514689008938149e-05,1.2809687852859497,0.0,0.0
256,4.18599271774292,0.9838742613792419,38.91527557373047,3.262453079223633,0.5533488392829895,51.19295120239258,1.1423360109329224,1.1430363655090332,53.64,0.6689364910125732,0.02824394777417183,0.06878717243671417,24.346296310424805,0.0,0.0,0.3761979639530182,5.716071245842613e-05,0.0021438095718622208,0.5792433619499207,0.0,0.0,0.9565252065658569,0.529439389705658,0.016023358330130577,0.18708978593349457,0.011413093656301498,0.3208233416080475,0.2900198698043823,0.019046863541007042,0.0005598685820586979,0.6214656829833984,1.0,0.0,0.9163610339164734,0.20940308272838593,0.0005896983784623444,0.02055523172020912,0.0,0.0,0.3455519676208496,0.05701861158013344,0.0001068635392584838,1.2525883913040161,0.0,0.0
257,1.313880443572998,0.868630588054657,14.876999855041504,8.624425888061523,0.6442465782165527,47.105491638183594,1.0591654777526855,1.054518222808838,416.08,0.7238273620605469,0.016048237681388855,0.08894600719213486,16.140352249145508,0.0,0.0,0.3565906882286072,4.6149743866408244e-05,0.004412982612848282,0.6116041541099548,0.0,0.0,1.058616280555725,0.5587648153305054,0.01887308433651924,0.35960152745246887,0.017180895432829857,0.6255715489387512,0.2882978916168213,0.021202756091952324,0.0006636852049268782,0.6447716951370239,1.0,0.0,0.9050809144973755,0.17572970688343048,0.000574842793866992,0.020133476704359055,0.0,0.0,0.3426247835159302,0.06056791916489601,6.649000715697184e-05,1.2868468761444092,0.0,0.0
258,2.023862600326538,0.8833449482917786,33.41130828857422,8.581476211547852,0.4815973937511444,43.05674743652344,1.2080947160720825,1.2062090635299683,129.4,0.7146791219711304,0.017092175781726837,0.07425399869680405,14.486271858215332,0.0,0.0,0.3627152740955353,3.952028782805428e-05,0.0072013260796666145,0.5958210825920105,0.0,0.0,0.9888818860054016,0.2920202910900116,0.022163113579154015,0.4006512463092804,0.022762445732951164,0.7464614510536194,0.27933764457702637,0.012401140294969082,0.0009969460079446435,0.431918203830719,1.0,0.0,0.7760383486747742,0.30231398344039917,0.0004806996148545295,0.01873096078634262,0.0,0.0,0.3471311032772064,0.03621246665716171,0.0002108769112965092,1.250361442565918,0.0,0.0
259,5.5814290046691895,0.18145334720611572,22.416526794433594,8.78161907196045,0.5780304670333862,43.66861343383789,1.1212184429168701,1.1224677562713623,99.27,1.211764931678772,0.1251014918088913,0.019379720091819763,2.6611244678497314,0.0,0.0,0.3056600093841553,2.9839731723768637e-05,0.010349157266318798,0.9132493734359741,0.0,0.0,1.1438543796539307,0.31303122639656067,0.020365223288536072,0.38849395513534546,0.019406694918870926,0.6948676705360413,0.2859809100627899,0.016954271122813225,0.0007885578670538962,0.5580947399139404,1.0,0.0,0.7263085842132568,0.30488988757133484,0.0004667016910389066,0.017150690779089928,0.0,0.0,0.3445814549922943,0.044746629893779755,0.0001235131494468078,1.2784096002578735,0.0,0.0
260,4.736327171325684,0.1665821075439453,32.30937957763672,6.531128406524658,0.4859989285469055,53.26356506347656,1.1618130207061768,1.1635358333587646,127.44,1.148209571838379,0.11192602664232254,0.014627720229327679,2.9739866256713867,0.0,0.0,0.3186785876750946,6.034500984242186e-05,0.010413646697998047,0.9214404821395874,0.0,0.0,1.1187664270401,0.2688606083393097,0.02018555998802185,0.33287233114242554,0.01866423524916172,0.6109039783477783,0.2809748649597168,0.013541044667363167,0.0008595844265073538,0.4762873649597168,1.0,0.0,0.7052949070930481,0.3590957522392273,0.0004609843308571726,0.017019445076584816,0.0,0.0,0.3472652733325958,0.04253869876265526,0.00013778118591289967,1.2734758853912354,0.0,0.0
261,3.1378324031829834,0.11647376418113708,21.862964630126953,3.563242197036743,0.7276005148887634,49.145301818847656,1.0884284973144531,1.0873644351959229,89.91,0.9748122692108154,0.17814739048480988,0.025377647951245308,2.9757726192474365,0.0,0.0,0.3555651009082794,0.00018924198229797184,0.002064233412966132,0.950987696647644,0.0,0.0,1.028869867324829,0.5550937056541443,0.013091820292174816,0.15008653700351715,0.007948383688926697,0.24472041428089142,0.30348479747772217,0.029206957668066025,0.0003896879788953811,0.8436695337295532,1.0,0.0,0.9055418968200684,0.1692308634519577,0.000615126802586019,0.01920398138463497,0.0,0.0,0.34247007966041565,0.09295657277107239,3.366657983860932e-05,1.2909256219863892,0.0,0.0
262,5.027144908905029,0.7516641616821289,20.37970542907715,9.686014175415039,0.5631645917892456,46.36658477783203,1.072806715965271,1.07049560546875,201.24,0.9669808745384216,0.013495526276528835,0.040564004331827164,13.388280868530273,0.0,0.0,0.3202604651451111,1.0998520338034723e-05,0.00687034148722887,0.6464684009552002,0.0,0.0,1.1414883136749268,0.34695565700531006,0.0208039041608572,0.43192940950393677,0.02096167765557766,0.7884488701820374,0.2811301350593567,0.015103338286280632,0.0008244566852226853,0.5418197512626648,1.0,0.0,0.8108119964599609,0.2539025843143463,0.0005114084924571216,0.01886179856956005,0.0,0.0,0.3444734513759613,0.04747995361685753,9.534837590763345e-05,1.2857725620269775,0.0,0.0
263,3.0036466121673584,0.4127206802368164,18.758020401000977,6.439531326293945,0.6384056210517883,52.243011474609375,1.0837700366973877,1.0821713209152222,136.31,1.0247280597686768,0.041031364351511,0.04365396127104759,7.761714458465576,0.0,0.0,0.3086700141429901,4.197781527182087e-05,0.0048980554565787315,0.7947267293930054,0.0,0.0,1.1149853467941284,0.492183119058609,0.01731305941939354,0.2846948504447937,0.014441657811403275,0.4996219575405121,0.2915060520172119,0.02139439806342125,0.0006198835908435285,0.6639111042022705,1.0,0.0,0.8647429943084717,0.20836706459522247,0.0005624279729090631,0.019329778850078583,0.0,0.0,0.3430899381637573,0.06135784462094307,6.856273830635473e-05,1.2861530780792236,0.0,0.0
264,2.5558273792266846,0.450539231300354,34.96258544921875,4.498160362243652,0.41937723755836487,58.74811553955078,1.100772500038147,1.1013367176055908,46.54,0.9854642152786255,0.022539665922522545,0.04312145337462425,8.920575141906738,0.0,0.0,0.319407194852829,3.6935220123268664e-05,0.0065427483059465885,0.7926759719848633,0.0,0.0,1.1322784423828125,0.30970555543899536,0.01841668412089348,0.270355761051178,0.01587964966893196,0.4840110242366791,0.2754788100719452,0.011464391835033894,0.0007879326585680246,0.4586852788925171,1.0,0.0,0.7673977613449097,0.3242362439632416,0.0005019477102905512,0.01850740797817707,0.0,0.0,0.3507018983364105,0.044706542044878006,0.00010333543468732387,1.2841942310333252,0.0,0.0
265,1.680324673652649,0.4855683445930481,18.874380111694336,9.241894721984863,0.4475235641002655,48.933448791503906,1.0556401014328003,1.0561814308166504,48.55,1.0002878904342651,0.025462748482823372,0.04599476233124733,6.605178356170654,0.0,0.0,0.31944704055786133,1.9835324565065093e-05,0.009763021022081375,0.7649329900741577,0.0,0.0,1.2033356428146362,0.2471000701189041,0.02267940156161785,0.49248573184013367,0.02366100437939167,0.8882131576538086,0.26888778805732727,0.00999893806874752,0.0009128744713962078,0.44232749938964844,1.0,0.0,0.7425756454467773,0.32322096824645996,0.00046739960089325905,0.0180792436003685,0.0,0.0,0.34704673290252686,0.037416718900203705,8.698840974830091e-05,1.2909059524536133,0.0,0.0
266,3.2397775650024414,0.7558249235153198,31.62462043762207,4.57257604598999,0.41439729928970337,51.775787353515625,1.0671546459197998,1.0698249340057373,233.89,0.8684015870094299,0.005923018790781498,0.05462061986327171,15.86944580078125,0.0,0.0,0.3345845639705658,1.2723214695142815e-06,0.006844017188996077,0.6659613847732544,0.0,0.0,1.1340882778167725,0.3313556909561157,0.018498525023460388,0.28067851066589355,0.016112614423036575,0.4970187544822693,0.27417242527008057,0.011292682960629463,0.0007721996516920626,0.4559594690799713,1.0,0.0,0.7960820198059082,0.29980361461639404,0.0005088262842036784,0.019226713106036186,0.0,0.0,0.35067933797836304,0.04172384366393089,0.00012027390039293095,1.2777782678604126,0.0,0.0
267,2.68866229057312,0.7298475503921509,42.80607604980469,5.409185886383057,0.4645790159702301,47.011165618896484,1.1726102828979492,1.1725094318389893,7.34,0.7484414577484131,0.004495874047279358,0.07271528989076614,12.201027870178223,0.0,0.0,0.3308461308479309,9.119798960455228e-07,0.006264990195631981,0.6712559461593628,0.0,0.0,0.9824714064598083,0.2507820129394531,0.018496407195925713,0.2808947265148163,0.017412349581718445,0.5183437466621399,0.2798481583595276,0.011839468963444233,0.0008516898960806429,0.4674088954925537,1.0,0.0,0.7672789692878723,0.36025503277778625,0.0004648361064027995,0.018646448850631714,0.0,0.0,0.3477255403995514,0.03136945143342018,0.00031007983488962054,1.218513011932373,0.0,0.0
268,4.234828948974609,0.6557142734527588,35.73533248901367,2.9082796573638916,0.7149444222450256,47.473106384277344,1.168148159980774,1.1680738925933838,5.44,0.8795993328094482,0.005850935820490122,0.06603103131055832,14.421669006347656,0.0,0.0,0.30401286482810974,8.539387295058987e-07,0.001159419771283865,0.6829890608787537,0.0,0.0,1.0176841020584106,0.5685049891471863,0.012740802019834518,0.1336943507194519,0.007521193474531174,0.2189035266637802,0.3048529326915741,0.02775658294558525,0.000375892297597602,0.8362044095993042,1.0,0.0,1.0069488286972046,0.1525939255952835,0.0006463208701461554,0.02106180042028427,0.0,0.0,0.34061187505722046,0.08064426481723785,6.523442425532266e-05,1.2554539442062378,0.0,0.0
269,5.560945987701416,0.07672107964754105,21.83837127685547,5.99078369140625,0.6488960385322571,58.04316711425781,1.1108481884002686,1.1113197803497314,38.2,1.1713582277297974,0.1982322484254837,0.012628613039851189,1.9215941429138184,0.0,0.0,0.32939353585243225,9.270478767575696e-05,0.0068190209567546844,0.9779560565948486,0.0,0.0,1.1104544401168823,0.45223191380500793,0.01688256300985813,0.25954169034957886,0.013564160093665123,0.4568423330783844,0.2949819266796112,0.022392820566892624,0.0006049727671779692,0.6812761425971985,1.0,0.0,0.7840536236763,0.24444153904914856,0.0005237205768935382,0.01768503710627556,0.0,0.0,0.3436218798160553,0.06444565951824188,6.896785635035485e-05,1.2903447151184082,0.0,0.0
270,1.979818344116211,0.2613212466239929,21.021270751953125,7.399636745452881,0.7089723944664001,46.8699836730957,1.1997865438461304,1.2029815912246704,221.37,0.9430596828460693,0.08971849083900452,0.045000188052654266,4.841916084289551,0.0,0.0,0.33838555216789246,0.00012215576134622097,0.004311419557780027,0.8652679920196533,0.0,0.0,1.0337560176849365,0.5504302978515625,0.016603248193860054,0.26274895668029785,0.01381494477391243,0.4695775508880615,0.29976198077201843,0.025895748287439346,0.0006277938955463469,0.7219923138618469,1.0,0.0,0.8599936962127686,0.20099802315235138,0.0005681429174728692,0.01891901157796383,0.0,0.0,0.3417026996612549,0.06887951493263245,6.17314872215502e-05,1.2840993404388428,0.0,0.0
271,1.3512990474700928,0.48391392827033997,24.637306213378906,6.9286208152771,0.7207551598548889,56.20102310180664,1.255752682685852,1.2548398971557617,57.93,0.8648129105567932,0.023292720317840576,0.0743052288889885,10.272327423095703,0.0,0.0,0.32780081033706665,0.00010677626414690167,0.0016433396376669407,0.7492781281471252,0.0,0.0,1.0153461694717407,0.5695526599884033,0.01614612154662609,0.23933471739292145,0.013079178519546986,0.4280516505241394,0.30225318670272827,0.02750704064965248,0.0006177537725307047,0.7377748489379883,1.0,0.0,0.9635991454124451,0.15671253204345703,0.0006380798877216876,0.02058975026011467,0.0,0.0,0.3412074148654938,0.08132269233465195,3.3176162105519325e-05,1.2905396223068237,0.0,0.0
272,4.269606590270996,0.13401713967323303,24.115283966064453,6.50591516494751,0.6252694725990295,54.42544174194336,1.1615052223205566,1.1633042097091675,133.14,1.1245267391204834,0.15240992605686188,0.016605759039521217,2.625462293624878,0.0,0.0,0.3305850327014923,9.545941429678351e-05,0.00771865202113986,0.938371479511261,0.0,0.0,1.1022089719772339,0.4299074113368988,0.018002700060606003,0.28308600187301636,0.015108121559023857,0.5036464333534241,0.29320040345191956,0.021255988627672195,0.0006753209163434803,0.6355856657028198,1.0,0.0,0.7817042469978333,0.25149857997894287,0.0005201494204811752,0.017789285629987717,0.0,0.0,0.3437178432941437,0.060048677027225494,7.858183380449191e-05,1.2878457307815552,0.0,0.0
273,5.2449541091918945,0.23526622354984283,26.240615844726562,7.89118766784668,0.7022049427032471,49.096614837646484,1.235106348991394,1.2357512712478638,42.25,1.1367051601409912,0.10056284070014954,0.025451621040701866,4.7028398513793945,0.0,0.0,0.30357587337493896,3.9621765608899295e-05,0.0052620177157223225,0.8876107931137085,0.0,0.0,1.0703831911087036,0.46381860971450806,0.01706528291106224,0.26873302459716797,0.014712796546518803,0.4926758110523224,0.30088233947753906,0.024488219991326332,0.0006872263038530946,0.6975578665733337,1.0,0.0,0.8271408081054688,0.2274092137813568,0.0005446620634756982,0.018400203436613083,0.0,0.0,0.3416461944580078,0.0642000362277031,8.029623131733388e-05,1.2789192199707031,0.0,0.0
274,3.0246825218200684,0.07989461719989777,20.44813346862793,4.654704570770264,0.569261372089386,42.57466506958008,1.055618166923523,1.0514885187149048,372.05,0.9964311718940735,0.18796876072883606,0.01818712055683136,1.7383118867874146,0.0,0.0,0.36039313673973083,0.0001425953523721546,0.008125643245875835,0.9724457263946533,0.0,0.0,1.0887126922607422,0.4180607497692108,0.017171740531921387,0.2527118921279907,0.013445339165627956,0.4249630868434906,0.287015825510025,0.019252942875027657,0.0005794718163087964,0.6216376423835754,1.0,0.0,0.7453796863555908,0.28047457337379456,0.0004930851864628494,0.017303848639130592,0.0,0.0,0.34573787450790405,0.05385471507906914,0.00011277010344201699,1.281624674797058,0.0,0.0
275,3.5299463272094727,0.9568646550178528,27.160764694213867,9.239362716674805,0.5011043548583984,44.108924865722656,1.1595823764801025,1.1588279008865356,56.15,0.7516686320304871,0.027593955397605896,0.05477370694279671,18.188434600830078,0.0,0.0,0.3749317228794098,7.020698831183836e-05,0.006623419933021069,0.5725827217102051,0.0,0.0,1.0372262001037598,0.316551148891449,0.022186491638422012,0.43114808201789856,0.022730769589543343,0.8047884702682495,0.27839428186416626,0.013060502707958221,0.000948761822655797,0.46157023310661316,1.0,0.0,0.7952691912651062,0.275726318359375,0.0005024345591664314,0.018908051773905754,0.0,0.0,0.34636327624320984,0.04207727685570717,0.00013959206989966333,1.2732305526733398,0.0,0.0
276,5.350906848907471,0.9346750378608704,43.420127868652344,3.1685194969177246,0.7784956693649292,49.825096130371094,1.2232930660247803,1.2196950912475586,241.14,0.6901815533638,0.03315676748752594,0.07875777035951614,20.636173248291016,0.0,0.0,0.3453928530216217,2.2074841581343208e-06,0.0006605194648727775,0.5843178033828735,0.0,0.0,0.9256107807159424,0.5181818008422852,0.011382280848920345,0.12462584674358368,0.0062103369273245335,0.20123517513275146,0.30900782346725464,0.03152163699269295,0.0002949864719994366,0.9235314130783081,1.0,0.0,1.0866594314575195,0.12870720028877258,0.0006809341139160097,0.021937694400548935,0.0,0.0,0.33608949184417725,0.08160682767629623,7.971601007739082e-05,1.2284491062164307,0.0,0.0
277,1.870888590812683,0.5248398780822754,42.46876907348633,6.450761318206787,0.4809783101081848,46.1671257019043,1.207936406135559,1.2099779844284058,139.68,0.8015249371528625,0.013451644219458103,0.06722288578748703,7.525817394256592,0.0,0.0,0.3225678503513336,2.2273110516835004e-05,0.007255298551172018,0.7441185116767883,0.0,0.0,0.9646480679512024,0.22941717505455017,0.01949954591691494,0.3100978434085846,0.01916070096194744,0.580578625202179,0.2806881368160248,0.01197599247097969,0.000916625838726759,0.4574710726737976,1.0,0.0,0.7400751113891602,0.38138559460639954,0.0004502631782088429,0.01801242120563984,0.0,0.0,0.3467228412628174,0.030988089740276337,0.0003161612548865378,1.2159587144851685,0.0,0.0
278,3.7927260398864746,0.9727814793586731,31.295757293701172,3.742398738861084,0.46883511543273926,47.03285217285156,1.0635108947753906,1.0632867813110352,19.82,0.7119040489196777,0.023675698786973953,0.06123523414134979,22.87970733642578,0.0,0.0,0.3803142011165619,6.946641951799393e-05,0.005044401157647371,0.5876500010490417,0.0,0.0,1.025140404701233,0.44844791293144226,0.017413338646292686,0.23119136691093445,0.01360013335943222,0.40120530128479004,0.2802959382534027,0.014698397368192673,0.0006475134869106114,0.5249180793762207,1.0,0.0,0.8511009216308594,0.2441270500421524,0.0005493041826412082,0.019849739968776703,0.0,0.0,0.3491041362285614,0.05023692175745964,0.00010947939881589264,1.2692492008209229,0.0,0.0
279,1.2009751796722412,0.7780163884162903,38.348236083984375,4.804209232330322,0.4457293152809143,48.62160110473633,1.1510083675384521,1.1518441438674927,63.04,0.703606128692627,0.0032451131846755743,0.0869561955332756,13.589156150817871,0.0,0.0,0.353411465883255,3.464174733380787e-05,0.005215391982346773,0.65593421459198,0.0,0.0,0.9975900053977966,0.35087788105010986,0.018528806045651436,0.27113115787506104,0.016458969563245773,0.4828117787837982,0.27873748540878296,0.012459417805075645,0.0008003313560038805,0.46960389614105225,1.0,0.0,0.8080353736877441,0.2894103229045868,0.0005080905975773931,0.019385503605008125,0.0,0.0,0.35000771284103394,0.04057149961590767,0.00018531329988036305,1.2529906034469604,0.0,0.0
280,5.820979118347168,0.9332891702651978,25.973791122436523,9.745415687561035,0.5684831738471985,54.151634216308594,1.1511253118515015,1.1498712301254272,94.74,0.8132802248001099,0.026726288720965385,0.04183081537485123,21.93927001953125,0.0,0.0,0.3662613332271576,8.433785114903003e-05,0.004750038962811232,0.581163227558136,0.0,0.0,1.0582854747772217,0.39918678998947144,0.021262386813759804,0.41065695881843567,0.021004628390073776,0.7685084342956543,0.28410467505455017,0.016099603846669197,0.000874439487233758,0.530143678188324,1.0,0.0,0.8555256128311157,0.2222193032503128,0.0005482700653374195,0.01959233544766903,0.0,0.0,0.3441394567489624,0.05295756459236145,7.410890248138458e-05,1.2849985361099243,0.0,0.0
281,1.5152809619903564,0.4825056195259094,39.51664352416992,2.5665135383605957,0.6020050644874573,47.34085464477539,1.1466065645217896,1.1474779844284058,66.23,0.7700679898262024,0.019191574305295944,0.08249104022979736,9.56017780303955,0.0,0.0,0.3309101164340973,0.00010398880840511993,0.0019632598850876093,0.7608311176300049,0.0,0.0,0.9545645713806152,0.5457121133804321,0.01430966705083847,0.15358097851276398,0.009242408908903599,0.2527816593647003,0.2948395013809204,0.021678389981389046,0.0004490602877922356,0.7027150392532349,1.0,0.0,0.9105345010757446,0.2112966924905777,0.0005859759403392673,0.020075026899576187,0.0,0.0,0.34433460235595703,0.06152380630373955,0.00011301299673505127,1.2431560754776,0.0,0.0
282,1.84629225730896,0.7199063301086426,24.148372650146484,2.1138224601745605,0.7549176812171936,43.06079864501953,1.0067176818847656,1.0048918724060059,180.48,0.789501965045929,0.006872493773698807,0.09940293431282043,18.25087547302246,0.0,0.0,0.32910624146461487,6.82552345097065e-05,0.0008224075427278876,0.6485894918441772,0.0,0.0,0.9863460659980774,0.5294315218925476,0.011036918498575687,0.09771011769771576,0.004962702747434378,0.14356674253940582,0.3068110942840576,0.03175749257206917,0.0002560791908763349,0.9293003082275391,1.0,0.0,1.1005557775497437,0.10724576562643051,0.000727901584468782,0.021960509940981865,0.0,0.0,0.3417584300041199,0.09428252279758453,2.2393049221136607e-05,1.2818951606750488,0.0,0.0
283,5.604639530181885,0.634509801864624,29.21984100341797,8.001219749450684,0.48679521679878235,43.280792236328125,1.1356569528579712,1.1330113410949707,205.61,1.0277174711227417,0.013467403128743172,0.03679712861776352,9.221972465515137,0.0,0.0,0.30410540103912354,7.473881282749062e-07,0.008960901759564877,0.6951640844345093,0.0,0.0,1.1356565952301025,0.26931053400039673,0.020965445786714554,0.3954407274723053,0.021074017509818077,0.7311167120933533,0.27815115451812744,0.012332404032349586,0.000909813679754734,0.46203336119651794,1.0,0.0,0.7529959678649902,0.32456180453300476,0.00046752378693781793,0.018191123381257057,0.0,0.0,0.34675970673561096,0.03669827803969383,0.0001753734250087291,1.2617312669754028,0.0,0.0
284,4.941709518432617,0.7009799480438232,39.453102111816406,3.760160446166992,0.503950297832489,41.43998718261719,1.0949656963348389,1.0931669473648071,150.27,0.8122574090957642,0.0032394465524703264,0.055485717952251434,12.289392471313477,0.0,0.0,0.3147847354412079,8.200076422326674e-07,0.006136450916528702,0.6876648664474487,0.0,0.0,0.9832945466041565,0.30730772018432617,0.016430165618658066,0.21567091345787048,0.013379402458667755,0.37974604964256287,0.28497573733329773,0.014927570708096027,0.0006637508631683886,0.549261748790741,1.0,0.0,0.8037905097007751,0.31970709562301636,0.0004895730526186526,0.018992068246006966,0.0,0.0,0.34659644961357117,0.03608279675245285,0.00030687268008477986,1.2123680114746094,0.0,0.0
285,5.169078350067139,0.7882456183433533,33.199405670166016,8.016773223876953,0.5251509547233582,42.97825241088867,1.1949107646942139,1.1959255933761597,71.02,0.8704220056533813,0.012595468200743198,0.046008042991161346,13.075191497802734,0.0,0.0,0.3290550708770752,1.2889394383819308e-05,0.00739680603146553,0.632971465587616,0.0,0.0,1.021467685699463,0.3033072054386139,0.02066323533654213,0.36370813846588135,0.0204419307410717,0.6796879172325134,0.28345027565956116,0.014371306635439396,0.0009088128572329879,0.4855169951915741,1.0,0.0,0.7824785113334656,0.3002038300037384,0.00048471533227711916,0.018555186688899994,0.0,0.0,0.3451407253742218,0.03878374770283699,0.00022818600700702518,1.2448551654815674,0.0,0.0
286,3.782942295074463,0.2044277787208557,25.64560890197754,9.584309577941895,0.7052726745605469,58.086490631103516,1.27022385597229,1.2694153785705566,50.14,1.0858981609344482,0.11450132727622986,0.025413360446691513,4.355488300323486,0.0,0.0,0.3224625289440155,8.298074681079015e-05,0.005156166851520538,0.8974225521087646,0.0,0.0,1.0575237274169922,0.4768287241458893,0.018238814547657967,0.3025458753108978,0.0165566336363554,0.5602071285247803,0.30064815282821655,0.02463211677968502,0.0007516138139180839,0.6720675826072693,1.0,0.0,0.8277036547660828,0.21997679769992828,0.0005507008172571659,0.018372459337115288,0.0,0.0,0.34123745560646057,0.06632930040359497,6.104412750573829e-05,1.2869160175323486,0.0,0.0
287,3.5740489959716797,0.37851083278656006,23.1518497467041,8.442032814025879,0.5060065984725952,46.494693756103516,1.113243579864502,1.113548994064331,24.64,1.1152535676956177,0.04823094233870506,0.029647577553987503,5.607298374176025,0.0,0.0,0.3035949766635895,1.6873684216989204e-05,0.010149127803742886,0.8063575625419617,0.0,0.0,1.165817379951477,0.27437901496887207,0.021310152485966682,0.4131082594394684,0.02109002321958542,0.7568457126617432,0.2784315049648285,0.013262439519166946,0.0008732734713703394,0.48634567856788635,1.0,0.0,0.7423161268234253,0.31745579838752747,0.0004737270646728575,0.017777949571609497,0.0,0.0,0.3461199700832367,0.0415169782936573,0.00011404326505726203,1.2815052270889282,0.0,0.0
288,3.700558662414551,0.770797073841095,27.012178421020508,2.759551525115967,0.659743070602417,55.30259704589844,1.0696499347686768,1.0691593885421753,42.89,0.8675391674041748,0.007372069638222456,0.0664369985461235,21.511674880981445,0.0,0.0,0.3248070478439331,1.3062891412118915e-05,0.0010760664008557796,0.6378011107444763,0.0,0.0,1.0604040622711182,0.6026726365089417,0.01379961147904396,0.1450524777173996,0.0084160715341568,0.23761433362960815,0.2984856963157654,0.025119422003626823,0.000409575121011585,0.7725921273231506,1.0,0.0,1.0113122463226318,0.14542295038700104,0.0006691910093650222,0.021314287558197975,0.0,0.0,0.3436092138290405,0.09124787896871567,2.6377874746685848e-05,1.290251612663269,0.0,0.0
289,5.78774356842041,0.7980484962463379,31.841947555541992,5.377988815307617,0.4424138069152832,46.754051208496094,1.0798592567443848,1.0803369283676147,40.95,0.8965713977813721,0.008804494515061378,0.04014625772833824,15.394665718078613,0.0,0.0,0.3350847363471985,1.896891808428336e-05,0.006947804242372513,0.6437494158744812,0.0,0.0,1.0892882347106934,0.32597917318344116,0.01904224418103695,0.3097226321697235,0.017231620848178864,0.5583199858665466,0.2757226824760437,0.011845871806144714,0.0007957455818541348,0.4632053077220917,1.0,0.0,0.784903883934021,0.3016631007194519,0.0004949962603859603,0.018825484439730644,0.0,0.0,0.3490022122859955,0.040979694575071335,0.0001718356361379847,1.2631903886795044,0.0,0.0
290,3.9928643703460693,0.5406312942504883,39.51823806762695,2.9976532459259033,0.6919229626655579,46.64421081542969,1.1925760507583618,1.1909343004226685,115.59,0.8815872073173523,0.014915094710886478,0.06143500283360481,10.702963829040527,0.0,0.0,0.2990970015525818,1.1113122127426323e-05,0.0017329921247437596,0.735545814037323,0.0,0.0,0.9754127264022827,0.5858824253082275,0.01319877989590168,0.14378567039966583,0.008255685679614544,0.23850402235984802,0.30270951986312866,0.025985751301050186,0.00040448966319672763,0.8008691072463989,1.0,0.0,0.9542043805122375,0.1833133101463318,0.0006063323235139251,0.02032519318163395,0.0,0.0,0.3403173089027405,0.06757824867963791,0.00010976062912959605,1.2353110313415527,0.0,0.0
291,2.9477555751800537,0.8990257978439331,25.885263442993164,3.049321413040161,0.6010777950286865,59.67407989501953,1.0624855756759644,1.0641263723373413,145.12,0.7412548661231995,0.016042394563555717,0.07808246463537216,26.645511627197266,0.0,0.0,0.35637322068214417,4.264422386768274e-05,0.001102058682590723,0.598092257976532,0.0,0.0,1.037605881690979,0.6390725374221802,0.015170584432780743,0.17278596758842468,0.010054739192128181,0.2882767915725708,0.29246756434440613,0.022074129432439804,0.00047529753646813333,0.6927403807640076,1.0,0.0,0.9930878281593323,0.15814872086048126,0.0006586010567843914,0.02142573520541191,0.0,0.0,0.3449437916278839,0.08056148886680603,2.731774111452978e-05,1.2923235893249512,0.0,0.0
292,1.2669566869735718,0.4193820357322693,16.9654598236084,7.501513481140137,0.4663752615451813,54.82607650756836,1.0148868560791016,1.0138412714004517,101.62,0.9761162400245667,0.03540438413619995,0.05058972164988518,5.221401691436768,0.0,0.0,0.32873955368995667,4.6410968934651464e-05,0.00802640151232481,0.8022066950798035,0.0,0.0,1.186580777168274,0.3212338984012604,0.021184982731938362,0.4221391975879669,0.020190035924315453,0.7379409074783325,0.27132371068000793,0.011900662444531918,0.0007736716652289033,0.4802989363670349,1.0,0.0,0.757896363735199,0.29088377952575684,0.000479571201140061,0.018168924376368523,0.0,0.0,0.3461132049560547,0.04094967246055603,0.00010143000690732151,1.2863928079605103,0.0,0.0
293,2.2018232345581055,0.31453877687454224,32.06641387939453,5.069106578826904,0.6785738468170166,44.55116653442383,1.2569748163223267,1.256917119026184,3.65,0.8891894817352295,0.06532827019691467,0.05340135470032692,5.749824047088623,0.0,0.0,0.3308471441268921,0.00010551747982390225,0.0036219917237758636,0.8310256004333496,0.0,0.0,0.9780148267745972,0.5282281637191772,0.015670640394091606,0.20463527739048004,0.011953931301832199,0.3614583909511566,0.30074334144592285,0.025186503306031227,0.0005823824903927743,0.7189587354660034,1.0,0.0,0.8740328550338745,0.20946471393108368,0.0005711180856451392,0.019214225932955742,0.0,0.0,0.34175416827201843,0.06424515694379807,0.00010170459427172318,1.2578747272491455,0.0,0.0
294,3.880551338195801,0.8067857623100281,32.139801025390625,5.8096842765808105,0.7235304713249207,46.18515396118164,1.2755424976348877,1.2748132944107056,44.84,0.808718204498291,0.012147564440965652,0.0714285671710968,19.093952178955078,0.0,0.0,0.32660356163978577,8.669495400681626e-06,0.0018579724710434675,0.6152960658073425,0.0,0.0,0.977186918258667,0.5752676129341125,0.015086143277585506,0.201952263712883,0.011649233289062977,0.3651476800441742,0.3042779862880707,0.026924999430775642,0.0005789969000034034,0.7593240141868591,1.0,0.0,0.9708108901977539,0.16514302790164948,0.0006234113243408501,0.02072107419371605,0.0,0.0,0.3400898873806,0.0717926174402237,6.978864985285327e-05,1.2597922086715698,0.0,0.0
295,1.6299152374267578,0.160340815782547,13.356578826904297,7.713659286499023,0.7065321803092957,53.13978958129883,1.0320600271224976,1.0276390314102173,416.84,0.9116836190223694,0.15612028539180756,0.03865759074687958,2.5216214656829834,0.0,0.0,0.36174312233924866,0.0001361719041597098,0.005955379456281662,0.9358229041099548,0.0,0.0,1.0481382608413696,0.54361492395401,0.016536086797714233,0.29254478216171265,0.013769864104688168,0.5062944293022156,0.2952238917350769,0.025278287008404732,0.0005527040339075029,0.7359108328819275,1.0,0.0,0.8304917812347412,0.19958660006523132,0.000541745510417968,0.018359491601586342,0.0,0.0,0.3413757085800171,0.06591253727674484,9.367775055579841e-05,1.2808295488357544,0.0,0.0
296,2.166419744491577,0.35966426134109497,37.765357971191406,9.33027172088623,0.4873097240924835,58.30462646484375,1.2527847290039062,1.252341389656067,28.26,0.9782127141952515,0.04186006262898445,0.040378011763095856,5.871589183807373,0.0,0.0,0.32164743542671204,4.828464443562552e-05,0.00745870266109705,0.8061420917510986,0.0,0.0,1.0713026523590088,0.24664074182510376,0.022615348920226097,0.40645626187324524,0.023676464334130287,0.7774592041969299,0.2795797288417816,0.011798414401710033,0.0010869893012568355,0.4214308261871338,1.0,0.0,0.733147144317627,0.3454288840293884,0.00046934778220020235,0.017704732716083527,0.0,0.0,0.34619906544685364,0.03940590098500252,0.0001503335515735671,1.2699573040008545,0.0,0.0
297,5.890512943267822,0.20962168276309967,20.280874252319336,5.250235080718994,0.6799633502960205,57.62510299682617,1.0508383512496948,1.0510714054107666,21.1,1.1769070625305176,0.11951493471860886,0.021488552913069725,4.377984523773193,0.0,0.0,0.30345842242240906,5.0401653425069526e-05,0.004007070790976286,0.9059357047080994,0.0,0.0,1.1205546855926514,0.5397936105728149,0.015376162715256214,0.2234470397233963,0.011544602923095226,0.38883113861083984,0.2971794307231903,0.023922450840473175,0.000524847419001162,0.7403527498245239,1.0,0.0,0.8618576526641846,0.20071101188659668,0.0005709199467673898,0.018937397748231888,0.0,0.0,0.3431931734085083,0.07198279350996017,5.3329062211560085e-05,1.2900114059448242,0.0,0.0
298,4.776440620422363,0.1310233473777771,32.10973358154297,5.357304573059082,0.5055620074272156,44.35784912109375,1.1482999324798584,1.149198055267334,68.06,1.092588186264038,0.13388217985630035,0.016112754121422768,2.118699073791504,0.0,0.0,0.3266596496105194,6.837949331384152e-05,0.009806893765926361,0.9463269710540771,0.0,0.0,1.0672945976257324,0.28628602623939514,0.018737681210041046,0.28257617354393005,0.016218677163124084,0.5070696473121643,0.2839432954788208,0.015144949778914452,0.0007521415827795863,0.517982542514801,1.0,0.0,0.7073549032211304,0.3578636646270752,0.00045781114022247493,0.016978375613689423,0.0,0.0,0.3470691740512848,0.0416049100458622,0.00019349656940903515,1.2547261714935303,0.0,0.0
299,2.4923269748687744,0.11304119229316711,28.737409591674805,4.316040515899658,0.42801907658576965,54.97526168823242,1.0636032819747925,1.0646395683288574,91.52,1.015135407447815,0.12823167443275452,0.019246499985456467,2.325165033340454,0.0,0.0,0.36301764845848083,0.00018254996393807232,0.008651439100503922,0.9588111042976379,0.0,0.0,1.1286323070526123,0.3225594758987427,0.018564114347100258,0.27093636989593506,0.015231121331453323,0.4704045057296753,0.2755620777606964,0.012612416408956051,0.0007108275312930346,0.4773096740245819,1.0,0.0,0.7132315635681152,0.3416532874107361,0.0004754332185257226,0.0172665324062109,0.0,0.0,0.3502040505409241,0.046508003026247025,9.283037798013538e-05,1.2885494232177734,0.0,0.0
300,2.4056713581085205,0.23218820989131927,33.36252975463867,9.515833854675293,0.5658959150314331,54.37739181518555,1.275498390197754,1.2746319770812988,53.29,0.9938786625862122,0.08367900550365448,0.032061658799648285,4.013782024383545,0.0,0.0,0.33395102620124817,8.932906348491088e-05,0.008304201066493988,0.8663026690483093,0.0,0.0,1.0443992614746094,0.30810546875,0.02174536883831024,0.37572333216667175,0.02166135609149933,0.7100657224655151,0.28779172897338867,0.01644824631512165,0.0009736379724927247,0.4985888600349426,1.0,0.0,0.7518531084060669,0.3005703091621399,0.0004887223476544023,0.017650365829467773,0.0,0.0,0.34381547570228577,0.04639524221420288,0.00014501229452434927,1.2712844610214233,0.0,0.0
301,5.484230041503906,0.34727364778518677,28.422706604003906,4.4894514083862305,0.45204591751098633,51.04839324951172,1.0453020334243774,1.045530915260315,20.94,1.1606281995773315,0.05158480256795883,0.02411084808409214,5.981978416442871,0.0,0.0,0.2957223653793335,1.1076300324930344e-05,0.00906367413699627,0.8325580358505249,0.0,0.0,1.1829766035079956,0.30888888239860535,0.018232937902212143,0.2737447917461395,0.015202779322862625,0.48010939359664917,0.27737048268318176,0.012839280068874359,0.0007062202203087509,0.49572503566741943,1.0,0.0,0.7554897665977478,0.32173359394073486,0.0004898470360785723,0.018128609284758568,0.0,0.0,0.34900227189064026,0.04364585503935814,0.00012264461838640273,1.2785398960113525,0.0,0.0
302,5.792954444885254,0.24746276438236237,24.126537322998047,5.792768478393555,0.5985320806503296,44.297367095947266,1.1043217182159424,1.1045159101486206,15.92,1.1579619646072388,0.08985777944326401,0.024946920573711395,4.147807598114014,0.0,0.0,0.2986661195755005,2.8597514756256714e-05,0.007669548504054546,0.881193995475769,0.0,0.0,1.1202340126037598,0.3797956705093384,0.01743941567838192,0.2735404968261719,0.014631823636591434,0.48772042989730835,0.2903681993484497,0.01913592964410782,0.0006556744920089841,0.6232890486717224,1.0,0.0,0.7859731912612915,0.27034133672714233,0.0005116429529152811,0.018068870529532433,0.0,0.0,0.344736248254776,0.053722064942121506,0.0001121813984354958,1.2771689891815186,0.0,0.0
303,4.090847969055176,0.049362000077962875,31.223003387451172,7.440378665924072,0.49354052543640137,51.222164154052734,1.1848174333572388,1.185188889503479,26.45,1.1007306575775146,0.18025852739810944,0.008510163985192776,1.778717279434204,0.0,0.0,0.3488459587097168,0.00010104385728482157,0.011243017390370369,0.9831408858299255,0.0,0.0,1.0964349508285522,0.26124903559684753,0.021065576002001762,0.3641718327999115,0.020083457231521606,0.6675086617469788,0.28115808963775635,0.01373101957142353,0.0008992188377305865,0.4684500992298126,1.0,0.0,0.6754609942436218,0.3741477131843567,0.0004430662374943495,0.01639486849308014,0.0,0.0,0.34684324264526367,0.041695643216371536,0.000140146745252423,1.2725481986999512,0.0,0.0
304,4.446120738983154,0.38558387756347656,26.90032958984375,4.114940166473389,0.6930386424064636,40.24642562866211,1.1502101421356201,1.1507506370544434,40.84,1.0262033939361572,0.04820916801691055,0.04094306007027626,7.53217887878418,0.0,0.0,0.29814794659614563,2.881231193896383e-05,0.002896120073273778,0.8085463643074036,0.0,0.0,1.041824221611023,0.5824331045150757,0.014236409217119217,0.17687809467315674,0.009810160845518112,0.3005809485912323,0.301341712474823,0.025809386745095253,0.0004816618748009205,0.7728768587112427,1.0,0.0,0.9009562730789185,0.19275574386119843,0.0005863194819539785,0.01957341656088829,0.0,0.0,0.34238773584365845,0.06968972831964493,8.590292418375611e-05,1.2642256021499634,0.0,0.0
305,1.848537564277649,0.9617738723754883,21.485044479370117,6.707934379577637,0.6732357740402222,51.862545013427734,1.1705881357192993,1.1691874265670776,102.34,0.6626912951469421,0.026528453454375267,0.09256548434495926,25.637792587280273,0.0,0.0,0.37416985630989075,8.209567022277042e-05,0.0016000515315681696,0.5693906545639038,0.0,0.0,0.986116886138916,0.5791758894920349,0.017029128968715668,0.26468345522880554,0.014084117487072945,0.4789200723171234,0.2960206866264343,0.02435813844203949,0.0006268077995628119,0.691817045211792,1.0,0.0,0.9856568574905396,0.15173089504241943,0.0006445550243370235,0.021262051537632942,0.0,0.0,0.3424335718154907,0.07607712596654892,3.388265395187773e-05,1.2888479232788086,0.0,0.0
306,5.4754767417907715,0.46725326776504517,29.63404655456543,3.176417112350464,0.5337040424346924,47.56011199951172,1.0509237051010132,1.0519341230392456,91.4,1.0659719705581665,0.025685252621769905,0.035892948508262634,9.734458923339844,0.0,0.0,0.29352104663848877,1.199351231662149e-06,0.0043984693475067616,0.7756644487380981,0.0,0.0,1.136312484741211,0.4426459074020386,0.01600814238190651,0.1938355714082718,0.011515103280544281,0.3285442292690277,0.2870277762413025,0.01744648441672325,0.0005564016755670309,0.6068452000617981,1.0,0.0,0.8438726663589478,0.2461473047733307,0.0005464988062158227,0.01934240199625492,0.0,0.0,0.34699007868766785,0.05404118075966835,0.00010536889749346301,1.2711164951324463,0.0,0.0
307,4.7618279457092285,0.5620790123939514,21.88859748840332,8.719255447387695,0.621766209602356,51.96258544921875,1.1316648721694946,1.1325434446334839,68.55,1.0725404024124146,0.017888499423861504,0.03915495425462723,11.77071475982666,0.0,0.0,0.29543328285217285,8.707432925803005e-07,0.004929483402520418,0.7239276170730591,0.0,0.0,1.148062825202942,0.4088629186153412,0.019093194976449013,0.35081297159194946,0.01812596246600151,0.6576756238937378,0.28964993357658386,0.018689636141061783,0.0007687030592933297,0.6035543084144592,1.0,0.0,0.84353107213974,0.22758997976779938,0.0005390018923208117,0.01914573647081852,0.0,0.0,0.34318387508392334,0.05513618886470795,7.439513137796894e-05,1.2853384017944336,0.0,0.0
308,3.627858877182007,0.16296710073947906,23.887462615966797,9.252033233642578,0.5421160459518433,56.03948211669922,1.1595922708511353,1.1602338552474976,47.69,1.1288866996765137,0.12018951773643494,0.016878653317689896,3.3194520473480225,0.0,0.0,0.32775798439979553,7.792237738613039e-05,0.010070460848510265,0.9154618382453918,0.0,0.0,1.1394282579421997,0.28940528631210327,0.02166471816599369,0.41521579027175903,0.021256931126117706,0.7634981870651245,0.2827947437763214,0.015216034837067127,0.0008846062119118869,0.5077160596847534,1.0,0.0,0.7282794117927551,0.31196022033691406,0.0004751474771182984,0.01725669391453266,0.0,0.0,0.3448006808757782,0.04625723510980606,9.826118184719235e-05,1.2868419885635376,0.0,0.0
309,3.9966301918029785,0.27552881836891174,20.68871307373047,3.5272068977355957,0.7397924065589905,58.62822723388672,1.0423760414123535,1.041594386100769,71.99,1.091426134109497,0.09731762111186981,0.031202374026179314,6.317614555358887,0.0,0.0,0.31494975090026855,8.921075641410425e-05,0.0017339152982458472,0.8670814633369446,0.0,0.0,1.058733582496643,0.5472772717475891,0.012742305174469948,0.14386598765850067,0.007505042944103479,0.23807604610919952,0.30376681685447693,0.02939901128411293,0.0003636408946476877,0.8634295463562012,1.0,0.0,0.9701421856880188,0.13812372088432312,0.0006518878508359194,0.020080840215086937,0.0,0.0,0.34217190742492676,0.09546832740306854,2.8018816010444425e-05,1.2931734323501587,0.0,0.0
310,2.0657660961151123,0.3890126347541809,28.33022689819336,3.365673303604126,0.5321052074432373,52.317359924316406,1.0869603157043457,1.084484577178955,210.02,0.9399325847625732,0.03943244367837906,0.05087468400597572,8.27633285522461,0.0,0.0,0.32864490151405334,0.00011214095138711855,0.004186152946203947,0.8091369271278381,0.0,0.0,1.0845868587493896,0.48130905628204346,0.01649899035692215,0.2022683322429657,0.011947308667004108,0.34218642115592957,0.2868233621120453,0.018224304541945457,0.0005712586571462452,0.6015217304229736,1.0,0.0,0.8464990854263306,0.23683880269527435,0.0005628887447528541,0.019293535500764847,0.0,0.0,0.34723061323165894,0.06089186295866966,6.309165473794565e-05,1.2856981754302979,0.0,0.0
311,2.400204658508301,0.8238099813461304,40.47636795043945,1.6234856843948364,0.7321916818618774,45.1292839050293,1.0414915084838867,1.0442606210708618,254.61,0.6624631881713867,0.014409639872610569,0.12033655494451523,17.308074951171875,0.0,0.0,0.3368581533432007,3.473049582680687e-05,0.0007202608394436538,0.6090230345726013,0.0,0.0,0.9220147728919983,0.536159336566925,0.01107394602149725,0.10248880088329315,0.004674064461141825,0.14322330057621002,0.30658695101737976,0.03075796365737915,0.00020377212786115706,0.9148527383804321,1.0,0.0,1.094220757484436,0.12740448117256165,0.0006926744244992733,0.022175708785653114,0.0,0.0,0.33930712938308716,0.08554783463478088,7.168563024606556e-05,1.2316374778747559,0.0,0.0
312,1.243619680404663,0.1368218958377838,35.39992141723633,6.71616268157959,0.5121363401412964,41.20438003540039,1.2122458219528198,1.213792085647583,105.09,0.8182251453399658,0.11070182919502258,0.03844445198774338,2.0380420684814453,0.0,0.0,0.37585920095443726,0.00014914633356966078,0.009106911718845367,0.929785430431366,0.0,0.0,0.9581982493400574,0.2601887583732605,0.01993701234459877,0.3188198208808899,0.018954817205667496,0.5833055377006531,0.28385841846466064,0.0147368423640728,0.0008686314686201513,0.4871635437011719,1.0,0.0,0.7051875591278076,0.3670407831668854,0.000446435617050156,0.017135320231318474,0.0,0.0,0.3464161455631256,0.035292766988277435,0.0002556687977630645,1.2344743013381958,0.0,0.0
313,2.5673105716705322,0.6725038886070251,37.21296691894531,7.209345817565918,0.49847865104675293,50.71809005737305,1.2222450971603394,1.2234615087509155,81.35,0.85755854845047,0.008337425999343395,0.06261809170246124,11.5625,0.0,0.0,0.32281264662742615,2.446512553433422e-06,0.00660494901239872,0.6765320897102356,0.0,0.0,1.0447763204574585,0.30645552277565,0.020473837852478027,0.3376518785953522,0.020041408017277718,0.6343708634376526,0.282239705324173,0.013383348472416401,0.0009350537438876927,0.4649122357368469,1.0,0.0,0.7860456705093384,0.3031380772590637,0.0004919367493130267,0.018738005310297012,0.0,0.0,0.3464151918888092,0.03959372267127037,0.00019863565103150904,1.2544186115264893,0.0,0.0
314,1.1933138370513916,0.7709330916404724,30.28099250793457,5.942776203155518,0.46815329790115356,43.60050582885742,1.1465171575546265,1.1447924375534058,131.4,0.7518410682678223,0.0058846259489655495,0.0801386833190918,12.787566184997559,0.0,0.0,0.3503040075302124,3.687491698656231e-05,0.007091053761541843,0.6493034362792969,0.0,0.0,1.0340447425842285,0.36564239859580994,0.01985251158475876,0.32195666432380676,0.018338637426495552,0.5718173384666443,0.27911534905433655,0.013497750274837017,0.0008278033928945661,0.47145384550094604,1.0,0.0,0.8073638081550598,0.27118897438049316,0.0005102058057673275,0.019277192652225494,0.0,0.0,0.3488757610321045,0.042169634252786636,0.0001582957775099203,1.2671873569488525,0.0,0.0
315,3.9693846702575684,0.0988926887512207,41.36203384399414,3.5746352672576904,0.6082810163497925,50.30464553833008,1.2117502689361572,1.209921956062317,124.7,0.9426750540733337,0.16401463747024536,0.01894744671881199,2.001770496368408,0.0,0.0,0.3468061685562134,0.00011980485578533262,0.005171034950762987,0.9691535830497742,0.0,0.0,0.9726155996322632,0.4059695899486542,0.015397983603179455,0.18263155221939087,0.011110039427876472,0.315851092338562,0.29480108618736267,0.021185442805290222,0.0005399860674515367,0.6739301085472107,1.0,0.0,0.7788581252098083,0.28416725993156433,0.0005088174366392195,0.01764829456806183,0.0,0.0,0.3431275188922882,0.053873490542173386,0.00019071427232120186,1.2394129037857056,0.0,0.0
316,1.9338843822479248,0.8077177405357361,27.923812866210938,2.3473827838897705,0.7401410341262817,42.27342224121094,1.0765478610992432,1.076751708984375,17.59,0.7390495538711548,0.01278647966682911,0.10638868063688278,20.622669219970703,0.0,0.0,0.339397132396698,5.892734770895913e-05,0.0009997873567044735,0.6125839352607727,0.0,0.0,0.970817506313324,0.54258131980896,0.011777431704103947,0.10990267246961594,0.005762346554547548,0.16749584674835205,0.306559681892395,0.031017135828733444,0.00029206732870079577,0.8960763216018677,1.0,0.0,1.0745184421539307,0.11735943704843521,0.000705207115970552,0.021775037050247192,0.0,0.0,0.3415514826774597,0.09250498563051224,3.3441028790548444e-05,1.2712395191192627,0.0,0.0
317,1.7548346519470215,0.5930759310722351,36.28470993041992,4.707234859466553,0.5158132314682007,48.269378662109375,1.1830511093139648,1.1816312074661255,101.57,0.8237029910087585,0.008101359009742737,0.07209153473377228,10.730401992797852,0.0,0.0,0.3272712230682373,4.0808794437907636e-05,0.005731155164539814,0.7154154777526855,0.0,0.0,1.0126475095748901,0.38472211360931396,0.017852138727903366,0.2486068159341812,0.015073321759700775,0.444944828748703,0.285638689994812,0.015976887196302414,0.0007285540923476219,0.5393133163452148,1.0,0.0,0.8261183500289917,0.2686571776866913,0.000527250929735601,0.019261926412582397,0.0,0.0,0.34706059098243713,0.04716216027736664,0.00014925537107046694,1.2558852434158325,0.0,0.0
318,3.8488409519195557,0.3531724214553833,16.533470153808594,6.099050045013428,0.6545425057411194,58.672096252441406,1.009964942932129,1.0128734111785889,284.32,1.0666985511779785,0.05893842503428459,0.034321099519729614,6.366507053375244,0.0,0.0,0.3038732409477234,3.8420665077865124e-05,0.004534878768026829,0.8291871547698975,0.0,0.0,1.1044349670410156,0.49249231815338135,0.01636650413274765,0.2679010331630707,0.013332023285329342,0.47431066632270813,0.2919643819332123,0.021613651886582375,0.0005610738880932331,0.6969054341316223,1.0,0.0,0.8711212873458862,0.20338082313537598,0.0005649166996590793,0.01932232454419136,0.0,0.0,0.3425408601760864,0.06337747722864151,8.063498535193503e-05,1.2803881168365479,0.0,0.0
319,2.0065157413482666,0.8413870930671692,17.75690269470215,6.3432936668396,0.5163564682006836,51.51050567626953,1.0156272649765015,1.0182429552078247,252.93,0.7837421894073486,0.00939094927161932,0.07268524914979935,16.600126266479492,0.0,0.0,0.3508416712284088,2.2339110728353262e-05,0.00566310528665781,0.6274487972259521,0.0,0.0,1.116622805595398,0.4382733702659607,0.019220832735300064,0.34511229395866394,0.01736237294971943,0.6085107922554016,0.2775442898273468,0.014802315272390842,0.0007008850807324052,0.5408017635345459,1.0,0.0,0.8603737950325012,0.22426506876945496,0.0005473765195347369,0.019878914579749107,0.0,0.0,0.3456692397594452,0.050509922206401825,7.467502291547135e-05,1.2879055738449097,0.0,0.0
320,3.3555564880371094,0.3261951208114624,20.484615325927734,5.601587772369385,0.743331253528595,40.099693298339844,1.1363279819488525,1.1353012323379517,79.59,0.9891780614852905,0.06821601092815399,0.041944071650505066,6.721526145935059,0.0,0.0,0.3119566738605499,6.557026790687814e-05,0.0026665355544537306,0.8388753533363342,0.0,0.0,1.0395563840866089,0.5485957860946655,0.013907575979828835,0.199992835521698,0.01030043512582779,0.34593886137008667,0.3031750023365021,0.027825521305203438,0.0005007582949474454,0.8113175630569458,1.0,0.0,0.9071832299232483,0.18400613963603973,0.0005961778806522489,0.019560623914003372,0.0,0.0,0.341614305973053,0.07521338015794754,5.703697388526052e-05,1.2786108255386353,0.0,0.0
321,1.8978002071380615,0.5132734179496765,39.074928283691406,3.208735227584839,0.5279840230941772,59.89827346801758,1.148544192314148,1.1458981037139893,201.05,0.8633320927619934,0.013038736768066883,0.06531225144863129,11.651782035827637,0.0,0.0,0.3261728584766388,8.147697371896356e-05,0.001564615755341947,0.7567151188850403,0.0,0.0,1.046285629272461,0.5219564437866211,0.016100281849503517,0.19182446599006653,0.01172950305044651,0.32992619276046753,0.2873901128768921,0.017673151567578316,0.0005854455521330237,0.598550021648407,1.0,0.0,0.8845735192298889,0.22199617326259613,0.0005840234807692468,0.019943926483392715,0.0,0.0,0.347323477268219,0.06400518119335175,6.01190076849889e-05,1.2808566093444824,0.0,0.0
322,1.986336588859558,0.42998161911964417,32.7244758605957,4.824188709259033,0.5894069671630859,51.10715866088867,1.2093796730041504,1.2098602056503296,32.84,0.9002876877784729,0.029851047322154045,0.058453213423490524,8.567790031433105,0.0,0.0,0.3243366777896881,8.723408973310143e-05,0.0037193773314356804,0.7794774174690247,0.0,0.0,1.0295277833938599,0.45634812116622925,0.017162999138236046,0.23175744712352753,0.013699343428015709,0.41343939304351807,0.2923890948295593,0.020173383876681328,0.0006590160774067044,0.618466317653656,1.0,0.0,0.8569321036338806,0.23251773416996002,0.0005628424696624279,0.019364792853593826,0.0,0.0,0.34470611810684204,0.059056203812360764,8.308437099913135e-05,1.273285150527954,0.0,0.0
323,5.333001613616943,0.5178016424179077,29.683473587036133,7.622146129608154,0.41516420245170593,62.89704513549805,1.0990759134292603,1.101952075958252,237.48,1.1339223384857178,0.021887555718421936,0.027117356657981873,9.58420181274414,0.0,0.0,0.2942535877227783,9.698633220978081e-07,0.009384398348629475,0.7492225766181946,0.0,0.0,1.2292773723602295,0.2349741905927658,0.021527279168367386,0.41425734758377075,0.021648552268743515,0.77150559425354,0.27079522609710693,0.009271588176488876,0.0009624185040593147,0.4094071686267853,1.0,0.0,0.7343344688415527,0.35071834921836853,0.00046754576032981277,0.01798965036869049,0.0,0.0,0.3486710488796234,0.037618570029735565,9.701497765490785e-05,1.2873611450195312,0.0,0.0
324,4.2524027824401855,0.07390239089727402,35.221012115478516,9.847336769104004,0.44442877173423767,58.08148956298828,1.2162097692489624,1.2166869640350342,32.25,1.1402759552001953,0.15575559437274933,0.006560135167092085,3.0076169967651367,0.0,0.0,0.3364187777042389,7.25772770238109e-05,0.01285664364695549,0.9627631902694702,0.0,0.0,1.1242523193359375,0.1892482340335846,0.023566054180264473,0.45870813727378845,0.025253748521208763,0.8689340949058533,0.2747233211994171,0.009784807451069355,0.0011199049185961485,0.39001134037971497,1.0,0.0,0.6363166570663452,0.42546695470809937,0.00041210747440345585,0.015869300812482834,0.0,0.0,0.34746018052101135,0.035177070647478104,0.00013815422425977886,1.2735214233398438,0.0,0.0
325,5.706332683563232,0.7711321115493774,20.595746994018555,9.87812614440918,0.6636725664138794,57.277679443359375,1.108491063117981,1.108565092086792,6.02,0.9549382925033569,0.011561030521988869,0.04348063841462135,18.738628387451172,0.0,0.0,0.3212820291519165,1.636191336729098e-05,0.002991806250065565,0.6454660892486572,0.0,0.0,1.0891562700271606,0.5080791711807251,0.018615445122122765,0.3566567003726959,0.017802800983190536,0.6724051237106323,0.29208263754844666,0.02041339874267578,0.0007351052481681108,0.644955575466156,1.0,0.0,0.8976103067398071,0.189220130443573,0.0005748315015807748,0.019845541566610336,0.0,0.0,0.34228309988975525,0.06431082636117935,5.441575194709003e-05,1.2866021394729614,0.0,0.0
326,3.5544888973236084,0.480611652135849,20.02347183227539,3.339061975479126,0.7621597647666931,52.015953063964844,1.0216201543807983,1.0203111171722412,125.58,1.0275553464889526,0.029738329350948334,0.05159851908683777,11.618602752685547,0.0,0.0,0.30265918374061584,4.24926656705793e-05,0.0011709092650562525,0.7625771760940552,0.0,0.0,1.0579955577850342,0.5310836434364319,0.011761891655623913,0.12957368791103363,0.006556170526891947,0.2117893248796463,0.30516836047172546,0.030341170728206635,0.00033039203844964504,0.9029628038406372,1.0,0.0,1.0363792181015015,0.12122973054647446,0.0006889597862027586,0.02105286717414856,0.0,0.0,0.3417009115219116,0.09528091549873352,2.2334312234306708e-05,1.2921229600906372,0.0,0.0
327,1.2867954969406128,0.3796710669994354,18.547883987426758,7.291567802429199,0.664634644985199,53.41659927368164,1.142615795135498,1.1426500082015991,2.62,0.9031951427459717,0.04781556501984596,0.06030481681227684,6.565028667449951,0.0,0.0,0.33366888761520386,0.00010561473027337343,0.004036277066916227,0.8091261982917786,0.0,0.0,1.050602912902832,0.5608090162277222,0.017655836418271065,0.29282307624816895,0.014976841397583485,0.5225312113761902,0.2940087616443634,0.023218676447868347,0.0006359972758218646,0.6755882501602173,1.0,0.0,0.876839280128479,0.1934729367494583,0.000573009077925235,0.019403968006372452,0.0,0.0,0.3423132300376892,0.06650518625974655,6.245991971809417e-05,1.287018060684204,0.0,0.0
328,1.5612906217575073,0.7859941124916077,24.568960189819336,5.305561065673828,0.6855061650276184,46.36856460571289,1.197890281677246,1.1993839740753174,103.96,0.7497379779815674,0.008001646026968956,0.09365816414356232,19.903249740600586,0.0,0.0,0.34098315238952637,5.994276943965815e-05,0.0018746269633993506,0.6240643858909607,0.0,0.0,0.9895903468132019,0.583850085735321,0.015570194460451603,0.2134781777858734,0.011978073045611382,0.38178539276123047,0.29940295219421387,0.02556954324245453,0.0005676407599821687,0.7321988344192505,1.0,0.0,0.9765560626983643,0.15772153437137604,0.0006385655724443495,0.020922547206282616,0.0,0.0,0.3424431383609772,0.07953760772943497,3.882599776261486e-05,1.2819290161132812,0.0,0.0
329,3.925912857055664,0.7622405290603638,34.255531311035156,3.1817610263824463,0.5755472779273987,51.37325668334961,1.1255006790161133,1.125550627708435,3.94,0.8434301018714905,0.006186722312122583,0.06207411736249924,18.591522216796875,0.0,0.0,0.32526451349258423,5.040749329054961e-06,0.0021743683610111475,0.6485826373100281,0.0,0.0,1.0432500839233398,0.5658901333808899,0.015571670606732368,0.1801205724477768,0.010961000807583332,0.3068993389606476,0.29197242856025696,0.02006424590945244,0.0005394970648922026,0.6499945521354675,1.0,0.0,0.9207144379615784,0.20144183933734894,0.0005969689227640629,0.020464060828089714,0.0,0.0,0.34538525342941284,0.06311719119548798,7.324769831029698e-05,1.2689001560211182,0.0,0.0
330,4.5345458984375,0.9093832969665527,25.44125747680664,4.2099528312683105,0.6409460306167603,77.71408081054688,1.1012989282608032,1.1010230779647827,22.75,0.7699614763259888,0.017471300438046455,0.060621727257966995,17.8756103515625,0.0,0.0,0.3518397808074951,1.4574396118405275e-05,0.000535795814357698,0.6036609411239624,0.0,0.0,0.9779278635978699,0.6059026718139648,0.01595124416053295,0.20291593670845032,0.011274810880422592,0.35151708126068115,0.2948850989341736,0.023545188829302788,0.0004764351760968566,0.708827793598175,1.0,0.0,1.004787564277649,0.12922804057598114,0.0006481326417997479,0.021337611600756645,0.0,0.0,0.3431391716003418,0.08901065587997437,5.44033719052095e-05,1.279876470565796,0.0,0.0
331,3.4523885250091553,0.9563500285148621,38.50870132446289,2.368992328643799,0.5767502188682556,58.24936294555664,1.0992950201034546,1.1005773544311523,105.99,0.6850675344467163,0.024922329932451248,0.07788572460412979,26.852062225341797,0.0,0.0,0.3686569333076477,5.1336475735297427e-05,0.0007141701644286513,0.5865047574043274,0.0,0.0,0.9894014596939087,0.6677969098091125,0.014862130396068096,0.15146976709365845,0.009223504923284054,0.24610263109207153,0.29278916120529175,0.021350055932998657,0.0004530780133791268,0.6806046366691589,1.0,0.0,0.9928885102272034,0.1650237888097763,0.0006551010301336646,0.02151036076247692,0.0,0.0,0.3455478250980377,0.07579994201660156,4.6340555854840204e-05,1.276207447052002,0.0,0.0
332,5.881062984466553,0.36320576071739197,28.962364196777344,9.04654598236084,0.6209040880203247,50.102073669433594,1.2266860008239746,1.2252635955810547,94.64,1.1481202840805054,0.05245852842926979,0.030232181772589684,6.455411434173584,0.0,0.0,0.2879309058189392,1.878892248896591e-06,0.008301082998514175,0.8168089985847473,0.0,0.0,1.1128596067428589,0.34607401490211487,0.01976679638028145,0.3431384563446045,0.01890047825872898,0.6442735195159912,0.2926587164402008,0.018978655338287354,0.0008421742240898311,0.5796746015548706,1.0,0.0,0.7984911799430847,0.2640262544155121,0.0005125031457282603,0.018385114148259163,0.0,0.0,0.34285596013069153,0.049587853252887726,0.00012827214959543198,1.2722697257995605,0.0,0.0
333,2.726355791091919,0.7073487639427185,32.34025573730469,8.027904510498047,0.6615843176841736,46.8000602722168,1.2980852127075195,1.299716591835022,96.69,0.8292892575263977,0.010459799319505692,0.07212300598621368,13.831010818481445,0.0,0.0,0.3206902742385864,1.726398113532923e-05,0.0039818668738007545,0.6461458802223206,0.0,0.0,0.9801337122917175,0.47913116216659546,0.01836112141609192,0.2837071120738983,0.016812382265925407,0.5302494168281555,0.2979593575000763,0.022252891212701797,0.0007883469806984067,0.6274965405464172,1.0,0.0,0.8886505961418152,0.2100621461868286,0.0005654622800648212,0.019775202497839928,0.0,0.0,0.3412311375141144,0.056313104927539825,0.00010837099398486316,1.2573267221450806,0.0,0.0
334,5.4094414710998535,0.5433399081230164,43.81059646606445,2.468226194381714,0.6578720211982727,56.03602981567383,1.1550648212432861,1.1573383808135986,170.07,0.9528304934501648,0.013266799040138721,0.04686053842306137,11.189308166503906,0.0,0.0,0.2904413640499115,8.100523700704798e-07,0.001352759194560349,0.7508251070976257,0.0,0.0,1.0447657108306885,0.6087945103645325,0.013367732986807823,0.1395847350358963,0.008080246858298779,0.22619038820266724,0.2991516888141632,0.02427290566265583,0.00038423624937422574,0.7776100635528564,1.0,0.0,0.9557545781135559,0.1829371303319931,0.0006114849238656461,0.020468899980187416,0.0,0.0,0.34122583270072937,0.06840642541646957,9.515699639450759e-05,1.2489752769470215,0.0,0.0
335,3.2160379886627197,0.5929053425788879,22.085397720336914,7.352846145629883,0.6414363980293274,49.794071197509766,1.1558167934417725,1.1564230918884277,45.36,0.9750902056694031,0.01322236005216837,0.053218647837638855,11.915928840637207,0.0,0.0,0.30705055594444275,1.0690974704630207e-05,0.004295311402529478,0.7078770995140076,0.0,0.0,1.0981003046035767,0.48871371150016785,0.018002532422542572,0.30182895064353943,0.015858426690101624,0.5455983281135559,0.2927999496459961,0.021172871813178062,0.00069754000287503,0.641624391078949,1.0,0.0,0.8836840391159058,0.20406775176525116,0.0005703233764506876,0.019745973870158195,0.0,0.0,0.3429553806781769,0.060479339212179184,6.355360528687015e-05,1.2847371101379395,0.0,0.0
336,3.2629361152648926,0.8957058191299438,34.175472259521484,3.171114444732666,0.5380417108535767,41.8071403503418,1.1017831563949585,1.1022077798843384,34.97,0.7066938877105713,0.015117782168090343,0.07616119831800461,19.388919830322266,0.0,0.0,0.357181191444397,3.8311736716423184e-05,0.004255445674061775,0.6056506633758545,0.0,0.0,0.9651455879211426,0.4801176190376282,0.016013873741030693,0.189188614487648,0.011555842123925686,0.3192495107650757,0.28862059116363525,0.0183267705142498,0.0005598324933089316,0.6068586111068726,1.0,0.0,0.8763574361801147,0.23255978524684906,0.0005568815977312624,0.020007571205496788,0.0,0.0,0.3467213809490204,0.0509665384888649,0.0001465266541345045,1.2445948123931885,0.0,0.0
337,1.4596854448318481,0.011431493796408176,28.990070343017578,2.5601353645324707,0.7178563475608826,41.36901092529297,1.1268575191497803,1.1258978843688965,75.64,0.7781168222427368,0.23938803374767303,0.030860813334584236,0.7572479844093323,0.0,0.0,0.41848164796829224,0.0002132050140062347,0.002402971964329481,1.0053874254226685,0.0,0.0,0.8799789547920227,0.560272216796875,0.013248270377516747,0.12461365014314651,0.006927391514182091,0.19246070086956024,0.3048725724220276,0.031776733696460724,0.00029158347751945257,0.8566936254501343,1.0,0.0,0.876785397529602,0.13641324639320374,0.0005806385888718069,0.01840132474899292,0.0,0.0,0.34227946400642395,0.09230359643697739,0.00010523755918256938,1.2675105333328247,0.0,0.0
338,1.4151114225387573,0.00534356152638793,19.71394920349121,6.411557674407959,0.66168612241745,50.257755279541016,1.1612398624420166,1.1612495183944702,0.72,0.8681843280792236,0.25450634956359863,0.022589541971683502,0.6638535857200623,0.0,0.0,0.4105921685695648,0.0001865324447862804,0.00642765499651432,1.0122578144073486,0.0,0.0,0.9703651666641235,0.5812100172042847,0.018078621476888657,0.2711561918258667,0.014313937164843082,0.4661622941493988,0.29515624046325684,0.025695770978927612,0.0005440972163341939,0.687174916267395,1.0,0.0,0.7669128179550171,0.19106951355934143,0.0005059961113147438,0.017126379534602165,0.0,0.0,0.3429432809352875,0.07677016407251358,9.062868048204109e-05,1.2893258333206177,0.0,0.0
339,4.840638637542725,0.9198641180992126,25.689058303833008,2.881178379058838,0.6337706446647644,56.51660919189453,1.0311980247497559,1.0292233228683472,186.06,0.7999129295349121,0.02179938182234764,0.05863814055919647,27.560285568237305,0.0,0.0,0.3541204333305359,3.4201839298475534e-05,0.001117064501158893,0.5881374478340149,0.0,0.0,1.0457751750946045,0.6174152493476868,0.014387200586497784,0.1571674346923828,0.00904268492013216,0.26155972480773926,0.29493167996406555,0.023350520059466362,0.0004298912826925516,0.7383275628089905,1.0,0.0,1.0012327432632446,0.14824111759662628,0.0006626448011957109,0.021282250061631203,0.0,0.0,0.3442065715789795,0.08742630481719971,2.8480157197918743e-05,1.290388822555542,0.0,0.0
340,4.982978343963623,0.94678795337677,22.918315887451172,6.132791519165039,0.46709153056144714,55.72574996948242,1.0125043392181396,1.0135999917984009,106.76,0.7923592329025269,0.020840302109718323,0.04469241201877594,22.92218017578125,0.0,0.0,0.37115389108657837,6.306538125500083e-05,0.005249893292784691,0.5879139304161072,0.0,0.0,1.1148878335952759,0.3784409165382385,0.019545704126358032,0.35089483857154846,0.017775706946849823,0.6273226737976074,0.27388256788253784,0.012428113259375095,0.0007522025262005627,0.49164333939552307,1.0,0.0,0.8373109698295593,0.2468050718307495,0.0005366754485294223,0.0196523480117321,0.0,0.0,0.3472760319709778,0.04760535806417465,7.693843508604914e-05,1.2883045673370361,0.0,0.0
341,4.88996696472168,0.1244489923119545,26.186948776245117,4.878758907318115,0.7901573777198792,47.173343658447266,1.1986666917800903,1.1980595588684082,42.28,1.0844042301177979,0.1673131138086319,0.021129461005330086,3.00276255607605,0.0,0.0,0.3297988474369049,0.00010105778346769512,0.002092982642352581,0.9561202526092529,0.0,0.0,1.0254173278808594,0.5310275554656982,0.01252602506428957,0.15206696093082428,0.00805044174194336,0.26128822565078735,0.310159832239151,0.031966015696525574,0.000427576043875888,0.8884060382843018,1.0,0.0,0.9035210609436035,0.16563405096530914,0.0006101666949689388,0.018917113542556763,0.0,0.0,0.34065672755241394,0.09382833540439606,4.0762501157587394e-05,1.2836947441101074,0.0,0.0
342,2.650693893432617,0.24483267962932587,17.946556091308594,6.617085933685303,0.5680913925170898,56.958919525146484,1.048973560333252,1.0484809875488281,44.79,1.0403847694396973,0.09060817956924438,0.031064579263329506,3.7584054470062256,0.0,0.0,0.32970693707466125,8.73023527674377e-05,0.00756442453712225,0.8810240030288696,0.0,0.0,1.1351584196090698,0.3864615559577942,0.018879484385252,0.3305039703845978,0.016437150537967682,0.5794810056686401,0.2839384973049164,0.017522703856229782,0.000671297952067107,0.585648775100708,1.0,0.0,0.7829614877700806,0.2610827386379242,0.000508574303239584,0.018121501430869102,0.0,0.0,0.3441321849822998,0.051115017384290695,0.00010816511348821223,1.283810019493103,0.0,0.0
343,2.64074444770813,0.24002428352832794,28.349123001098633,7.5653839111328125,0.4159022271633148,50.53987121582031,1.120625376701355,1.118936538696289,134.69,1.0772420167922974,0.07592876255512238,0.023753270506858826,3.7186472415924072,0.0,0.0,0.33022376894950867,6.823608418926597e-05,0.011199493892490864,0.8809912800788879,0.0,0.0,1.1567490100860596,0.22701196372509003,0.021812111139297485,0.4122547209262848,0.0218038447201252,0.7542719841003418,0.27136754989624023,0.009772306308150291,0.0009544201311655343,0.40764203667640686,1.0,0.0,0.6918415427207947,0.38248303532600403,0.00044577394146472216,0.01714576967060566,0.0,0.0,0.3493667244911194,0.036677874624729156,0.00011406327394070104,1.2814662456512451,0.0,0.0
344,3.322549343109131,0.5014633536338806,43.129295349121094,3.953040361404419,0.6719416975975037,55.246158599853516,1.2656744718551636,1.2663242816925049,40.54,0.8870266079902649,0.019788196310400963,0.059881508350372314,10.107902526855469,0.0,0.0,0.30417653918266296,2.430323547741864e-05,0.0015619066543877125,0.7505645751953125,0.0,0.0,0.9889943599700928,0.566260039806366,0.014486649073660374,0.17575383186340332,0.010364723391830921,0.3064441382884979,0.2996976971626282,0.024329904466867447,0.0004994115442968905,0.7444872260093689,1.0,0.0,0.9349790811538696,0.19290587306022644,0.0006002748268656433,0.020154250785708427,0.0,0.0,0.3403382897377014,0.06581380218267441,9.80788390734233e-05,1.2486439943313599,0.0,0.0
345,4.433643817901611,0.9633401036262512,35.05421447753906,3.1159932613372803,0.7340253591537476,55.0174674987793,1.1789482831954956,1.1775435209274292,101.19,0.7250274419784546,0.03736123815178871,0.073862224817276,27.93187141418457,0.0,0.0,0.35946086049079895,3.401388676138595e-05,0.0005734585574828088,0.5674508213996887,0.0,0.0,0.9766383767127991,0.5529947876930237,0.012765398249030113,0.13353940844535828,0.007269232999533415,0.21906009316444397,0.30612263083457947,0.030047286301851273,0.00036154926056042314,0.8585837483406067,1.0,0.0,1.0863350629806519,0.12190129607915878,0.0007179948734119534,0.0221625454723835,0.0,0.0,0.3404839336872101,0.09287039190530777,3.0136079658404924e-05,1.27847158908844,0.0,0.0
346,4.454761028289795,0.2504114806652069,27.262969970703125,3.7572696208953857,0.552725076675415,49.536258697509766,1.0804996490478516,1.0811737775802612,57.71,1.0999269485473633,0.08864215016365051,0.024198822677135468,4.952577114105225,0.0,0.0,0.31283336877822876,6.972311530262232e-05,0.006157581694424152,0.8783277273178101,0.0,0.0,1.115776777267456,0.425533264875412,0.01659408025443554,0.21377325057983398,0.012271154671907425,0.3638611435890198,0.2883482277393341,0.01858716644346714,0.0005782428779639304,0.6138916611671448,1.0,0.0,0.8031936287879944,0.2617206573486328,0.0005323372897692025,0.018443703651428223,0.0,0.0,0.3463638126850128,0.05699336156249046,9.152706479653716e-05,1.2800971269607544,0.0,0.0
347,4.579383373260498,0.741162896156311,24.79620933532715,8.841068267822266,0.6129560470581055,51.48862838745117,1.1752938032150269,1.1773847341537476,151.1,0.9473719596862793,0.011534532532095909,0.04707029089331627,15.91348934173584,0.0,0.0,0.31771793961524963,4.797813289769692e-06,0.004728833679109812,0.6469014883041382,0.0,0.0,1.094323992729187,0.4302373230457306,0.019620466977357864,0.35368889570236206,0.018720140680670738,0.6623145937919617,0.2897631824016571,0.018610188737511635,0.0008086998132057488,0.5834000110626221,1.0,0.0,0.8629434108734131,0.21878743171691895,0.0005522602587006986,0.019544750452041626,0.0,0.0,0.34323886036872864,0.05552949011325836,7.289656059583649e-05,1.2828911542892456,0.0,0.0
348,3.7384326457977295,0.61007159948349,27.244876861572266,6.819206237792969,0.7511348724365234,51.281070709228516,1.263499140739441,1.2646783590316772,73.8,0.9589283466339111,0.011690543964505196,0.057986848056316376,14.845270156860352,0.0,0.0,0.30303433537483215,8.04259798314888e-06,0.001756714773364365,0.6972154378890991,0.0,0.0,1.0409685373306274,0.5609457492828369,0.01495830062776804,0.21311479806900024,0.011923439800739288,0.39044511318206787,0.30564650893211365,0.028009746223688126,0.0005939570837654173,0.7788596749305725,1.0,0.0,0.9621315598487854,0.16001620888710022,0.0006295231869444251,0.02041182480752468,0.0,0.0,0.3403126001358032,0.08128099143505096,4.066274414071813e-05,1.281604528427124,0.0,0.0
349,1.6479060649871826,0.19627179205417633,30.264780044555664,6.762600421905518,0.5069546699523926,50.6141471862793,1.187244176864624,1.1854599714279175,126.77,0.9414501190185547,0.08917176723480225,0.03461287543177605,3.2187726497650146,0.0,0.0,0.35555920004844666,0.00015031178190838546,0.00825178436934948,0.8984093070030212,0.0,0.0,1.0623750686645508,0.31579023599624634,0.020331719890236855,0.33348456025123596,0.018766729161143303,0.609840452671051,0.28250956535339355,0.0149664506316185,0.0008530073100700974,0.4918277859687805,1.0,0.0,0.7462025284767151,0.30805259943008423,0.0004895388847216964,0.017762400209903717,0.0,0.0,0.34688887000083923,0.04604339972138405,0.00012501415039878339,1.2778642177581787,0.0,0.0
350,2.0801806449890137,0.7792159914970398,22.845882415771484,5.998388767242432,0.7955893874168396,41.99446105957031,1.2202917337417603,1.2166472673416138,245.47,0.7688661813735962,0.00929864589124918,0.09412843734025955,19.731901168823242,0.0,0.0,0.33139532804489136,4.5092492655385286e-05,0.0013292529620230198,0.6240909695625305,0.0,0.0,0.9736167192459106,0.5323110818862915,0.01294213067740202,0.17707549035549164,0.009190082550048828,0.3107966184616089,0.30857500433921814,0.031751133501529694,0.0004786989011336118,0.8677917122840881,1.0,0.0,1.0533653497695923,0.12752464413642883,0.0006868531345389783,0.021708620712161064,0.0,0.0,0.33998793363571167,0.09224264323711395,3.2640724384691566e-05,1.2777886390686035,0.0,0.0
351,3.451300859451294,0.4715072512626648,26.997175216674805,6.391228675842285,0.5726290345191956,50.79255676269531,1.1677707433700562,1.1674396991729736,24.28,1.0327086448669434,0.02728988602757454,0.041963595896959305,8.975873947143555,0.0,0.0,0.3040713667869568,1.8438651750329882e-05,0.0064829024486243725,0.7619259357452393,0.0,0.0,1.1098113059997559,0.3993655741214752,0.01881360448896885,0.29925739765167236,0.016451649367809296,0.540177047252655,0.2883983552455902,0.018113216385245323,0.0007452824502252042,0.5726416707038879,1.0,0.0,0.829751193523407,0.24491600692272186,0.0005386342527344823,0.01905549317598343,0.0,0.0,0.34479743242263794,0.053139299154281616,9.032493107952178e-05,1.2806177139282227,0.0,0.0
352,3.5744287967681885,0.005351684521883726,42.022621154785156,6.182070732116699,0.5596168637275696,43.831661224365234,1.2463644742965698,1.2454582452774048,58.38,0.8717451095581055,0.20695984363555908,0.012885487638413906,0.8746456503868103,0.0,0.0,0.37137240171432495,9.962746116798371e-05,0.009222461842000484,1.0170526504516602,0.0,0.0,0.9120358824729919,0.24406784772872925,0.01843377575278282,0.27172714471817017,0.01695074699819088,0.5057133436203003,0.2888835370540619,0.01638440228998661,0.0007980968803167343,0.5418245196342468,1.0,0.0,0.6614578366279602,0.4281143546104431,0.00041406587115488946,0.015855107456445694,0.0,0.0,0.34321653842926025,0.03465297445654869,0.00034965542727150023,1.2035011053085327,0.0,0.0
353,3.8664703369140625,0.4952634274959564,21.55866050720215,8.73771858215332,0.6072555780410767,58.29561996459961,1.136525273323059,1.1370222568511963,38.46,1.065048336982727,0.025055458769202232,0.03959503769874573,9.799169540405273,0.0,0.0,0.2983866035938263,6.463199497375172e-06,0.005287256091833115,0.7538579702377319,0.0,0.0,1.134666085243225,0.3924833834171295,0.019599808380007744,0.3620728552341461,0.018596837297081947,0.672865092754364,0.2883407473564148,0.018227100372314453,0.0007813366246409714,0.5860900282859802,1.0,0.0,0.8364030718803406,0.23339258134365082,0.0005381561350077391,0.019048264250159264,0.0,0.0,0.3431876301765442,0.054486233741045,7.709248166065663e-05,1.285730242729187,0.0,0.0
354,3.8028831481933594,0.0723852664232254,38.27305221557617,1.944764256477356,0.6564767360687256,48.34739303588867,1.0851773023605347,1.0862493515014648,90.95,0.9211934804916382,0.20095603168010712,0.020017603412270546,2.0450754165649414,0.0,0.0,0.3594428300857544,0.00016751783550716937,0.002416840521618724,0.9839488863945007,0.0,0.0,0.980750322341919,0.6100756525993347,0.013117165304720402,0.12260430306196213,0.007055660244077444,0.18687455356121063,0.3003278970718384,0.02579900063574314,0.0003369527985341847,0.7924196720123291,1.0,0.0,0.8519224524497986,0.2141638994216919,0.0005684790667146444,0.01847444288432598,0.0,0.0,0.3428613841533661,0.07402252405881882,0.00010619581007631496,1.2519280910491943,0.0,0.0
355,1.652862787246704,0.10330461710691452,20.295276641845703,3.3153226375579834,0.5415250062942505,52.447505950927734,1.0058009624481201,1.0046699047088623,111.93,0.8931797742843628,0.16158415377140045,0.030277015641331673,2.3652663230895996,0.0,0.0,0.38161522150039673,0.0002507380850147456,0.006150200963020325,0.9607493877410889,0.0,0.0,1.0753238201141357,0.5069786906242371,0.016394661739468575,0.20686160027980804,0.011522101238369942,0.33957821130752563,0.284980833530426,0.018998289480805397,0.0005029407911933959,0.6253955960273743,1.0,0.0,0.7916176319122314,0.24802808463573456,0.0005308791878633201,0.01811128482222557,0.0,0.0,0.34642136096954346,0.06189526990056038,7.060581265250221e-05,1.2898681163787842,0.0,0.0
356,5.784564971923828,0.782562255859375,23.76178741455078,8.224726676940918,0.7078930735588074,44.727867126464844,1.1738768815994263,1.1739866733551025,7.97,0.9126947522163391,0.00885461363941431,0.04894724115729332,18.79564094543457,0.0,0.0,0.32125839591026306,8.596918632974848e-06,0.0023170311469584703,0.6371936202049255,0.0,0.0,1.0463045835494995,0.5616888403892517,0.016590386629104614,0.2792460024356842,0.014619844034314156,0.5206284523010254,0.298749178647995,0.02375314198434353,0.0006655700854025781,0.7086182832717896,1.0,0.0,0.923005998134613,0.18048934638500214,0.0005920772673562169,0.020094921812415123,0.0,0.0,0.34161466360092163,0.06960837543010712,5.6287080951733515e-05,1.2786349058151245,0.0,0.0
357,1.641096830368042,0.9282153248786926,32.512062072753906,3.557243824005127,0.6817521452903748,50.68043899536133,1.2033761739730835,1.2043750286102295,68.92,0.6318061947822571,0.023639287799596786,0.11072520166635513,26.120866775512695,0.0,0.0,0.3671111762523651,8.423317194683477e-05,0.0008336020400747657,0.5715587139129639,0.0,0.0,0.9461988210678101,0.5890967845916748,0.014326656237244606,0.1616211086511612,0.009347393177449703,0.275964617729187,0.3017898201942444,0.026901045814156532,0.0004566931165754795,0.7716682553291321,1.0,0.0,1.0335336923599243,0.1424470990896225,0.0006812593783251941,0.021775338798761368,0.0,0.0,0.3423879146575928,0.08616667985916138,3.634213499026373e-05,1.276695728302002,0.0,0.0
358,4.746040344238281,0.8697926998138428,28.29094123840332,4.913961887359619,0.40412983298301697,58.49569320678711,1.0223220586776733,1.0226062536239624,27.18,0.8506090044975281,0.011701763607561588,0.04343575984239578,21.332883834838867,0.0,0.0,0.3532360792160034,2.2948717742110603e-05,0.00599952507764101,0.6230385899543762,0.0,0.0,1.139963150024414,0.34359967708587646,0.018847718834877014,0.30710694193840027,0.016696801409125328,0.5472385287284851,0.2708708345890045,0.010534617118537426,0.0007726697949692607,0.4487519860267639,1.0,0.0,0.8045265674591064,0.2857622802257538,0.000518735614605248,0.019283168017864227,0.0,0.0,0.3500727415084839,0.04448790103197098,8.487384911859408e-05,1.288025140762329,0.0,0.0
359,5.6716766357421875,0.36606553196907043,31.553964614868164,3.5091075897216797,0.6086443066596985,44.72962951660156,1.123375415802002,1.1220388412475586,106.04,1.0684428215026855,0.0481768362224102,0.033986955881118774,7.234516143798828,0.0,0.0,0.2923927903175354,1.6014168068068102e-05,0.003724889364093542,0.8247452974319458,0.0,0.0,1.0627566576004028,0.4775931239128113,0.015339295379817486,0.18303927779197693,0.01087148766964674,0.31516748666763306,0.2947838306427002,0.021087370812892914,0.000531112658791244,0.6794757843017578,1.0,0.0,0.8560648560523987,0.23108242452144623,0.0005559184937737882,0.019151514396071434,0.0,0.0,0.34444335103034973,0.059780169278383255,0.00011620963050518185,1.2595058679580688,0.0,0.0
360,2.1325178146362305,0.06900612264871597,26.744367599487305,8.034942626953125,0.723351001739502,45.287715911865234,1.2989780902862549,1.3000067472457886,60.91,0.8918577432632446,0.18875183165073395,0.02887382172048092,1.8855440616607666,0.0,0.0,0.37807202339172363,0.00017813718295656145,0.005915900692343712,0.965412437915802,0.0,0.0,0.9737713932991028,0.5185146927833557,0.016939591616392136,0.2557273507118225,0.014447947964072227,0.46381402015686035,0.30323126912117004,0.027081450447440147,0.0006814492517150939,0.713979184627533,1.0,0.0,0.7987149357795715,0.22959056496620178,0.0005321378703229129,0.01772887073457241,0.0,0.0,0.34076520800590515,0.06580404192209244,9.292646427638829e-05,1.2718353271484375,0.0,0.0
361,1.757112979888916,0.2629605531692505,15.507444381713867,6.993957042694092,0.6349536776542664,47.07155990600586,1.0471478700637817,1.048189640045166,94.91,0.9557210803031921,0.09055347740650177,0.04230191931128502,4.254244327545166,0.0,0.0,0.33916643261909485,0.00010467162792338058,0.007174608297646046,0.873396098613739,0.0,0.0,1.0854690074920654,0.49236395955085754,0.017780469730496407,0.3095204830169678,0.015337588265538216,0.5435386896133423,0.28934434056282043,0.021100960671901703,0.0006209428538568318,0.6575274467468262,1.0,0.0,0.8226117491722107,0.21962040662765503,0.0005343413213267922,0.018534060567617416,0.0,0.0,0.3430514633655548,0.05963622406125069,8.567066106479615e-05,1.2852098941802979,0.0,0.0
362,3.735485553741455,0.35933175683021545,20.261394500732422,5.007650375366211,0.6313417553901672,44.90700912475586,1.06488037109375,1.062178373336792,238.88,1.043001651763916,0.055060651153326035,0.036209478974342346,7.069477081298828,0.0,0.0,0.30551859736442566,4.374642958282493e-05,0.004448380321264267,0.82085120677948,0.0,0.0,1.104943871498108,0.47511276602745056,0.01609579287469387,0.2378268539905548,0.012560766190290451,0.41194280982017517,0.2923196256160736,0.021403664723038673,0.0005617477581836283,0.6843501329421997,1.0,0.0,0.8499336242675781,0.2240246683359146,0.000556051847524941,0.019044237211346626,0.0,0.0,0.34397247433662415,0.062083154916763306,7.049786654533818e-05,1.2834033966064453,0.0,0.0
363,5.014150619506836,0.30264705419540405,34.95195388793945,2.086507797241211,0.7550972104072571,52.705047607421875,1.0738164186477661,1.070766806602478,265.23,1.068787693977356,0.08135288953781128,0.03283544257283211,6.911348342895508,0.0,0.0,0.3020783066749573,5.827832501381636e-05,0.001026970916427672,0.8564551472663879,0.0,0.0,1.048420786857605,0.5349194407463074,0.011266002431511879,0.10052850842475891,0.0051963734440505505,0.1494457870721817,0.3087300956249237,0.03152276203036308,0.0002586781920399517,0.9253278970718384,1.0,0.0,1.0010408163070679,0.13823644816875458,0.0006715208292007446,0.020343896001577377,0.0,0.0,0.340625137090683,0.09346405416727066,3.7755959056084976e-05,1.2778706550598145,0.0,0.0
364,4.147690773010254,0.4822579026222229,39.99343490600586,3.518734931945801,0.7402979731559753,52.66073989868164,1.2455345392227173,1.2442823648452759,80.8,0.9418023228645325,0.026695560663938522,0.05325672775506973,10.196207046508789,0.0,0.0,0.29619503021240234,1.671119207458105e-05,0.0012640845961868763,0.7604609131813049,0.0,0.0,1.0017412900924683,0.5539053082466125,0.012687805108726025,0.14223773777484894,0.007928851060569286,0.2395288199186325,0.30643248558044434,0.028938964009284973,0.00039049380575306714,0.8517914414405823,1.0,0.0,0.987739086151123,0.15950524806976318,0.0006403503357432783,0.020556066185235977,0.0,0.0,0.33887049555778503,0.08135619014501572,6.98606891091913e-05,1.2548105716705322,0.0,0.0
365,3.0036301612854004,0.8389300107955933,18.82029914855957,5.43331241607666,0.6704697012901306,44.634124755859375,1.0671216249465942,1.073445439338684,552.06,0.7934011220932007,0.01138538308441639,0.07243956625461578,21.326744079589844,0.0,0.0,0.3386003077030182,2.413282527413685e-05,0.0022792797535657883,0.6146580576896667,0.0,0.0,1.0447449684143066,0.5770759582519531,0.015521863475441933,0.23550736904144287,0.01218590047210455,0.41130414605140686,0.2944735586643219,0.023489942774176598,0.000542552734259516,0.7249300479888916,1.0,0.0,0.9566256403923035,0.16810165345668793,0.0006190466228872538,0.020789828151464462,0.0,0.0,0.34293290972709656,0.07181953638792038,4.266529140295461e-05,1.285531759262085,0.0,0.0
366,4.043938159942627,0.9848235249519348,28.15610122680664,2.8731560707092285,0.7388458251953125,47.09672164916992,1.0980528593063354,1.0951182842254639,244.04,0.7222837805747986,0.044859711080789566,0.07821710407733917,28.606525421142578,0.0,0.0,0.36668795347213745,4.937943958793767e-05,0.0007856208248995245,0.5575103163719177,0.0,0.0,0.9804108142852783,0.5471349954605103,0.012355498038232327,0.12438290566205978,0.006556990090757608,0.20005841553211212,0.30559542775154114,0.030292754992842674,0.0003314510977361351,0.8763044476509094,1.0,0.0,1.079318642616272,0.11595314741134644,0.0007132640457712114,0.02194317802786827,0.0,0.0,0.3414192199707031,0.09341661632061005,2.8691063562291674e-05,1.279510736465454,0.0,0.0
367,5.775737285614014,0.43404653668403625,35.904296875,4.252020835876465,0.6166162490844727,51.53467559814453,1.1939996480941772,1.1953926086425781,97.59,1.0608079433441162,0.03179993852972984,0.03601141646504402,8.65789794921875,0.0,0.0,0.2886795401573181,8.016864398996404e-07,0.003490858245640993,0.7922876477241516,0.0,0.0,1.079306721687317,0.46177777647972107,0.01602163165807724,0.20175683498382568,0.012131405994296074,0.35874876379966736,0.29550328850746155,0.021081097424030304,0.000595750636421144,0.6642817854881287,1.0,0.0,0.8599305152893066,0.23120717704296112,0.0005551967769861221,0.019261434674263,0.0,0.0,0.3433924615383148,0.057404279708862305,0.0001136515274993144,1.2610673904418945,0.0,0.0
368,3.448256731033325,0.592941403388977,33.16804885864258,8.527226448059082,0.6251747608184814,42.483543395996094,1.2801967859268188,1.2819377183914185,106.08,0.9116288423538208,0.016381122171878815,0.056664012372493744,9.10476016998291,0.0,0.0,0.3054640591144562,4.372527200757759e-06,0.007565801497548819,0.696881115436554,0.0,0.0,0.9968752861022949,0.37414565682411194,0.01949424296617508,0.31674185395240784,0.018640942871570587,0.5915356874465942,0.29426276683807373,0.019622990861535072,0.0008479680982418358,0.5752719044685364,1.0,0.0,0.8207695484161377,0.2555379867553711,0.0005107896868139505,0.018798302859067917,0.0,0.0,0.3418102562427521,0.04473792016506195,0.00021598776220344007,1.2402232885360718,0.0,0.0
369,4.8040618896484375,0.6229296326637268,37.61882781982422,9.404610633850098,0.5656266212463379,44.75453186035156,1.2681595087051392,1.2658559083938599,143.5,0.9189298152923584,0.015755776315927505,0.046836040914058685,9.590726852416992,0.0,0.0,0.3015238046646118,6.165246304590255e-07,0.008583527989685535,0.6900673508644104,0.0,0.0,1.0082956552505493,0.26631149649620056,0.0210835263133049,0.36406761407852173,0.021735869348049164,0.6968652606010437,0.28799206018447876,0.01530816126614809,0.000980591168627143,0.4936910569667816,1.0,0.0,0.7677927017211914,0.32084763050079346,0.00046657933853566647,0.018175851553678513,0.0,0.0,0.34251949191093445,0.034470174461603165,0.00029010907746851444,1.224488615989685,0.0,0.0
370,5.046627521514893,0.45961102843284607,24.494356155395508,7.923288822174072,0.48676371574401855,47.47665786743164,1.0918084383010864,1.091206431388855,50.53,1.1565414667129517,0.03255334496498108,0.02873031608760357,6.853209495544434,0.0,0.0,0.29225221276283264,7.672834954064456e-07,0.009909025393426418,0.769900381565094,0.0,0.0,1.2115261554718018,0.27063554525375366,0.0209587961435318,0.40432095527648926,0.020628225058317184,0.7414335608482361,0.27672529220581055,0.012315716594457626,0.0008633662364445627,0.47562655806541443,1.0,0.0,0.7461814880371094,0.31878650188446045,0.00047126319259405136,0.01797787845134735,0.0,0.0,0.34676051139831543,0.03937775641679764,0.00011781266948673874,1.280395746231079,0.0,0.0
371,1.070909023284912,0.7335554957389832,18.51186180114746,9.65027141571045,0.41162315011024475,58.23853302001953,1.0445067882537842,1.0437554121017456,68.92,0.8316041231155396,0.0060343011282384396,0.06815242767333984,11.321866035461426,0.0,0.0,0.34252357482910156,5.194000550545752e-06,0.006383183877915144,0.6743736863136292,0.0,0.0,1.1850287914276123,0.2649041414260864,0.02330569177865982,0.5298510789871216,0.02517678029835224,0.9699509143829346,0.2639089524745941,0.008176960051059723,0.000947542313951999,0.4152926504611969,1.0,0.0,0.77421635389328,0.29373419284820557,0.0004800100577995181,0.01882602833211422,0.0,0.0,0.34721067547798157,0.037259675562381744,8.693291601957753e-05,1.290999174118042,0.0,0.0
372,1.040578007698059,0.9003696441650391,24.966796875,4.386455059051514,0.6826292872428894,45.311805725097656,1.1799293756484985,1.1794315576553345,35.77,0.639549970626831,0.018201736733317375,0.11182098090648651,23.63156509399414,0.0,0.0,0.3660368323326111,9.300250530941412e-05,0.0016274010995402932,0.5834847092628479,0.0,0.0,0.958871603012085,0.5851556062698364,0.01505834050476551,0.18943817913532257,0.010584801435470581,0.32568129897117615,0.2998295724391937,0.02666814997792244,0.0005026065045967698,0.7532379627227783,1.0,0.0,1.0161710977554321,0.14338527619838715,0.0006674397736787796,0.021622035652399063,0.0,0.0,0.3428635001182556,0.08231428265571594,3.5820328776026145e-05,1.2819572687149048,0.0,0.0
373,5.874814033508301,0.215861976146698,36.02659606933594,4.156723499298096,0.49902263283729553,42.599769592285156,1.11531400680542,1.1159793138504028,53.45,1.0651658773422241,0.0897149071097374,0.02464212104678154,3.370248317718506,0.0,0.0,0.3053393065929413,3.549623943399638e-05,0.0085867615416646,0.9116722345352173,0.0,0.0,1.03334379196167,0.2806658148765564,0.017289413139224052,0.23359297215938568,0.014148612506687641,0.41729816794395447,0.2845187783241272,0.014938095584511757,0.0006842913571745157,0.5360021591186523,1.0,0.0,0.7233971357345581,0.36412256956100464,0.0004594797210302204,0.017307408154010773,0.0,0.0,0.3472468852996826,0.03902994468808174,0.0002604865003377199,1.232869267463684,0.0,0.0
374,5.845885276794434,0.9682136178016663,20.6561336517334,7.090939998626709,0.7015184760093689,56.85600280761719,1.0765455961227417,1.0763990879058838,12.64,0.7911099791526794,0.031080985441803932,0.049871087074279785,27.827228546142578,0.0,0.0,0.3685055375099182,6.496961577795446e-05,0.00131856685038656,0.5768723487854004,0.0,0.0,1.0288455486297607,0.5554670691490173,0.016108732670545578,0.26336851716041565,0.013136537745594978,0.48311948776245117,0.2964405417442322,0.02428162284195423,0.0005780765204690397,0.7308389544487,1.0,0.0,0.9841688871383667,0.144636869430542,0.0006404018495231867,0.020962616428732872,0.0,0.0,0.3420460820198059,0.08246338367462158,3.344203651067801e-05,1.2892932891845703,0.0,0.0
375,2.1875674724578857,0.9354003071784973,39.12932205200195,6.809853553771973,0.5583937764167786,52.84162139892578,1.2646262645721436,1.2637121677398682,57.2,0.6492753624916077,0.020432332530617714,0.08784326165914536,19.5538387298584,0.0,0.0,0.3696487247943878,4.7632922360207886e-05,0.0032028427813202143,0.5757134556770325,0.0,0.0,0.9457839727401733,0.41634035110473633,0.019550994038581848,0.29663634300231934,0.01790689490735531,0.5518364906311035,0.28880587220191956,0.017174750566482544,0.0008436882635578513,0.5309734344482422,1.0,0.0,0.8706298470497131,0.23521967232227325,0.0005520313861779869,0.01997789554297924,0.0,0.0,0.34431612491607666,0.04847407713532448,0.0001292723318329081,1.2543556690216064,0.0,0.0
376,2.7504794597625732,0.2510676681995392,17.023128509521484,9.646127700805664,0.43127456307411194,51.432559967041016,1.0076391696929932,1.0069375038146973,69.15,1.141594409942627,0.08954133838415146,0.0210115984082222,3.3738338947296143,0.0,0.0,0.32040703296661377,3.689085860969499e-05,0.01190066896378994,0.8762802481651306,0.0,0.0,1.2533007860183716,0.21415913105010986,0.02314397133886814,0.532376229763031,0.02415895275771618,0.9437137842178345,0.265516072511673,0.00888415053486824,0.0008848019642755389,0.4388100504875183,1.0,0.0,0.6827812790870667,0.37248554825782776,0.0004291388322599232,0.016871022060513496,0.0,0.0,0.3466997444629669,0.0344388410449028,9.440128633286804e-05,1.2888818979263306,0.0,0.0
377,3.950376510620117,0.7236579060554504,22.955596923828125,7.234969139099121,0.602371096611023,49.132476806640625,1.1317328214645386,1.1299939155578613,135.97,0.9351194500923157,0.008776539005339146,0.05238690227270126,15.036633491516113,0.0,0.0,0.31699615716934204,9.690992328614811e-07,0.004573127254843712,0.6557589173316956,0.0,0.0,1.1186368465423584,0.4510951340198517,0.01858736015856266,0.31912288069725037,0.016781147569417953,0.5819476246833801,0.2887727916240692,0.01873002015054226,0.0007301571313291788,0.6000076532363892,1.0,0.0,0.8681442141532898,0.2177606076002121,0.000554719299543649,0.019695553928613663,0.0,0.0,0.34388497471809387,0.055162254720926285,7.048225234029815e-05,1.2838926315307617,0.0,0.0
378,2.450570821762085,0.445284903049469,33.42205810546875,8.178412437438965,0.6361066102981567,48.21185302734375,1.296445369720459,1.2946720123291016,105.65,0.9240574240684509,0.032204411923885345,0.05522081255912781,7.51164436340332,0.0,0.0,0.31348952651023865,4.152700785198249e-05,0.006265432108193636,0.7596862316131592,0.0,0.0,1.0017802715301514,0.4017082750797272,0.01919538900256157,0.3009423613548279,0.017807025462388992,0.5587528944015503,0.2955847382545471,0.020837049931287766,0.0008286528754979372,0.592693567276001,1.0,0.0,0.8379720449447632,0.23955130577087402,0.0005369301652535796,0.018996745347976685,0.0,0.0,0.3418196737766266,0.05136147886514664,0.00014008369180373847,1.2569665908813477,0.0,0.0
379,4.491919994354248,0.2508430480957031,33.412628173828125,7.419709205627441,0.6200702786445618,46.66780471801758,1.2640634775161743,1.2645639181137085,31.31,1.0605454444885254,0.0875122919678688,0.02683422900736332,3.9446959495544434,0.0,0.0,0.3081662952899933,3.74328374164179e-05,0.008828028105199337,0.8711678385734558,0.0,0.0,1.0272550582885742,0.3513984978199005,0.01884901523590088,0.2924419939517975,0.017080241814255714,0.5394229292869568,0.2944864332675934,0.02004898712038994,0.0007939240895211697,0.5919044613838196,1.0,0.0,0.777412474155426,0.2806647717952728,0.0005001093377359211,0.017886735498905182,0.0,0.0,0.3424742519855499,0.04828120023012161,0.00019488297402858734,1.25235915184021,0.0,0.0
380,2.806818962097168,0.5766021013259888,39.55756759643555,8.422717094421387,0.5496723055839539,53.475032806396484,1.281102180480957,1.2829409837722778,111.88,0.8935743570327759,0.014290636405348778,0.057303596287965775,9.747481346130371,0.0,0.0,0.31078270077705383,3.2252528399112634e-06,0.006411099806427956,0.7061393857002258,0.0,0.0,1.0238250494003296,0.29864737391471863,0.02075975388288498,0.34228143095970154,0.020833728834986687,0.6534847617149353,0.28681468963623047,0.015077493153512478,0.0009737584041431546,0.48906299471855164,1.0,0.0,0.7912326455116272,0.2994438409805298,0.0004951900918968022,0.018604956567287445,0.0,0.0,0.3437013626098633,0.0404304601252079,0.0002043267450062558,1.2486652135849,0.0,0.0
381,4.583133220672607,0.6939759254455566,22.953351974487305,4.318797588348389,0.6911217570304871,56.34339904785156,1.089522123336792,1.0888437032699585,57.19,0.9670202136039734,0.005263549275696278,0.05328052490949631,17.964046478271484,0.0,0.0,0.30810490250587463,1.0402236512163654e-06,0.0014297418529167771,0.6699438691139221,0.0,0.0,1.102380394935608,0.5765999555587769,0.014347211457788944,0.18557754158973694,0.01007217075675726,0.32350197434425354,0.29895079135894775,0.02522021159529686,0.00047845178050920367,0.7721662521362305,1.0,0.0,0.9842225313186646,0.14883287250995636,0.0006421143771149218,0.020860714837908745,0.0,0.0,0.34260186553001404,0.08568264544010162,3.0196983061614446e-05,1.2903996706008911,0.0,0.0
382,4.8571391105651855,0.9534255266189575,27.335041046142578,9.082941055297852,0.676423966884613,52.962154388427734,1.2377971410751343,1.2371244430541992,43.93,0.7679106593132019,0.03133554756641388,0.054846055805683136,24.679889678955078,0.0,0.0,0.36488428711891174,6.775153451599181e-05,0.0022452124394476414,0.5698919892311096,0.0,0.0,0.9964324235916138,0.5659825801849365,0.018605826422572136,0.3115077316761017,0.016922807320952415,0.5845910310745239,0.29689911007881165,0.02278205193579197,0.0007606670260429382,0.6454028487205505,1.0,0.0,0.9309449195861816,0.17815953493118286,0.0006046331836842,0.020404281094670296,0.0,0.0,0.34158214926719666,0.06687024980783463,5.287135354592465e-05,1.2812721729278564,0.0,0.0
383,2.0578596591949463,0.6006336808204651,20.81814956665039,9.800819396972656,0.44747328758239746,57.159034729003906,1.086037039756775,1.0847375392913818,110.31,0.9706773161888123,0.012984766624867916,0.05153702199459076,9.531658172607422,0.0,0.0,0.3189522624015808,9.962677722796798e-07,0.007753410842269659,0.7136176228523254,0.0,0.0,1.215916395187378,0.2556665241718292,0.023135783150792122,0.505944013595581,0.02454807609319687,0.9275688529014587,0.2694363296031952,0.009838968515396118,0.0009576806332916021,0.43260982632637024,1.0,0.0,0.7675867080688477,0.3004981279373169,0.00047970880405046046,0.018594292923808098,0.0,0.0,0.3466167449951172,0.037643641233444214,8.832430467009544e-05,1.2903634309768677,0.0,0.0
384,3.534810781478882,0.2103453427553177,24.922304153442383,3.301313877105713,0.5848294496536255,50.82422637939453,1.060528039932251,1.0636935234069824,280.61,1.0687299966812134,0.13418586552143097,0.02375074103474617,3.255427122116089,0.0,0.0,0.33009007573127747,9.626615792512894e-05,0.005007925443351269,0.8977932333946228,0.0,0.0,1.055098056793213,0.6494690775871277,0.016298973932862282,0.18983706831932068,0.011006343178451061,0.3131754398345947,0.29113683104515076,0.02146422490477562,0.0004641880514100194,0.6657029390335083,1.0,0.0,0.8309900164604187,0.1972201019525528,0.0005482960841618478,0.018590567633509636,0.0,0.0,0.34564974904060364,0.07279013842344284,8.948553295340389e-05,1.2863054275512695,0.0,0.0
385,1.3053042888641357,0.6475805640220642,26.586441040039062,4.850858688354492,0.588295042514801,43.09844207763672,1.163702368736267,1.1640331745147705,24.42,0.7984343767166138,0.006276833359152079,0.08222703635692596,12.442208290100098,0.0,0.0,0.3326292932033539,5.935656372457743e-05,0.004890406504273415,0.6854934692382812,0.0,0.0,1.0216200351715088,0.5207287669181824,0.01715652272105217,0.24070383608341217,0.013791640289127827,0.4187517762184143,0.2910461127758026,0.020366527140140533,0.000635985576082021,0.6233677864074707,1.0,0.0,0.8847485780715942,0.21069572865962982,0.0005711507401429117,0.01994807831943035,0.0,0.0,0.3452000916004181,0.05846699699759483,8.2744998508133e-05,1.2731822729110718,0.0,0.0
386,4.453423023223877,0.6716780662536621,36.60884094238281,3.0675768852233887,0.41458064317703247,56.81806182861328,1.0332729816436768,1.0370440483093262,351.93,0.9439257383346558,0.005399031564593315,0.04389514401555061,14.585113525390625,0.0,0.0,0.31680455803871155,1.2787261312041664e-06,0.005675826221704483,0.7061036229133606,0.0,0.0,1.141420841217041,0.3706014156341553,0.016673386096954346,0.20879794657230377,0.012861430644989014,0.35548216104507446,0.27617019414901733,0.0120264682918787,0.0006640433566644788,0.49016398191452026,1.0,0.0,0.8079495429992676,0.29319268465042114,0.0005206606583669782,0.019287453964352608,0.0,0.0,0.3511708080768585,0.04528658092021942,0.00011996586545137689,1.2736750841140747,0.0,0.0
387,3.191587209701538,0.4432247579097748,19.743793487548828,8.351040840148926,0.6091374158859253,58.975433349609375,1.1151727437973022,1.1143912076950073,62.89,1.0403646230697632,0.03271069377660751,0.04158977419137955,8.003076553344727,0.0,0.0,0.30458128452301025,2.6215097022941336e-05,0.005575302988290787,0.7799397110939026,0.0,0.0,1.1217128038406372,0.3973633050918579,0.01931750401854515,0.35590672492980957,0.017946185544133186,0.6496105194091797,0.28798675537109375,0.018627464771270752,0.0007425234653055668,0.5970337390899658,1.0,0.0,0.8369737267494202,0.23165014386177063,0.0005392651655711234,0.019055606797337532,0.0,0.0,0.34304019808769226,0.05422645062208176,8.588088530814275e-05,1.284214735031128,0.0,0.0
388,4.992486953735352,0.5219036936759949,32.69842529296875,9.172722816467285,0.6110655665397644,54.59492111206055,1.2645310163497925,1.2653698921203613,52.43,1.0518943071365356,0.02346935123205185,0.03782735764980316,10.053851127624512,0.0,0.0,0.2924496829509735,7.923230782580504e-07,0.0061210747808218,0.7357378602027893,0.0,0.0,1.0896365642547607,0.34926438331604004,0.020201394334435463,0.34148654341697693,0.019643984735012054,0.6505993604660034,0.2922869622707367,0.01838546060025692,0.0008968911715783179,0.5563583374023438,1.0,0.0,0.8168217539787292,0.25972869992256165,0.0005223667831160128,0.018761765211820602,0.0,0.0,0.34248799085617065,0.04909629747271538,0.00011845523113152012,1.2702101469039917,0.0,0.0
389,4.47337532043457,0.89667147397995,38.07278823852539,3.447112560272217,0.723809540271759,48.11273193359375,1.218799114227295,1.2177516222000122,70.58,0.7339773178100586,0.022404316812753677,0.07662010192871094,21.798349380493164,0.0,0.0,0.34188908338546753,1.1839306353067514e-05,0.0010467888787388802,0.5903413891792297,0.0,0.0,0.9473831653594971,0.5636477470397949,0.013146109879016876,0.14556097984313965,0.008114743046462536,0.24436017870903015,0.3052700161933899,0.028354961425065994,0.00040118393371813,0.8303088545799255,1.0,0.0,1.0267821550369263,0.14711694419384003,0.000657303724437952,0.02140401117503643,0.0,0.0,0.33947592973709106,0.07812196016311646,7.185231515904889e-05,1.2468398809432983,0.0,0.0
390,2.478538751602173,0.06167370080947876,31.831865310668945,4.373934745788574,0.5897570848464966,47.54158401489258,1.1919817924499512,1.1923422813415527,25.36,0.9060343503952026,0.17819425463676453,0.022724444046616554,1.650100588798523,0.0,0.0,0.3781764805316925,0.00020775404118467122,0.006327400449663401,0.9778473973274231,0.0,0.0,1.0001333951950073,0.4431813359260559,0.016879977658391,0.2181837558746338,0.012877841480076313,0.3815632164478302,0.29276812076568604,0.020920975133776665,0.0006090523093007505,0.6320089101791382,1.0,0.0,0.7689932584762573,0.2700153887271881,0.0005138168926350772,0.017608679831027985,0.0,0.0,0.3450200855731964,0.058802857995033264,0.00011884549167007208,1.2684216499328613,0.0,0.0
391,2.3559153079986572,0.005818657111376524,14.396631240844727,9.234682083129883,0.5051626563072205,40.98100280761719,1.0033785104751587,1.0029255151748657,45.02,1.0054351091384888,0.2661164104938507,0.009440433233976364,1.5662868022918701,0.0,0.0,0.3781774342060089,9.600204793969169e-05,0.01199420727789402,1.0165928602218628,0.0,0.0,1.1685010194778442,0.2892923951148987,0.022121351212263107,0.48884013295173645,0.02201058529317379,0.8122150301933289,0.27332067489624023,0.013428776524960995,0.0007692849030718207,0.5091167092323303,1.0,0.0,0.649618923664093,0.3531855642795563,0.00041384840733371675,0.015887822955846786,0.0,0.0,0.3456142842769623,0.037719760090112686,9.874699753709137e-05,1.287267804145813,0.0,0.0
392,4.006174564361572,0.5254339575767517,38.748016357421875,7.7036638259887695,0.46182724833488464,56.59674072265625,1.2062572240829468,1.205411672592163,58.15,1.0153608322143555,0.018719658255577087,0.037303533405065536,9.025106430053711,0.0,0.0,0.3010864853858948,8.888444540389173e-07,0.0082308454439044,0.7442002296447754,0.0,0.0,1.1162296533584595,0.2381971776485443,0.021225083619356155,0.369149386882782,0.02150854654610157,0.6989850997924805,0.2778710424900055,0.011058242060244083,0.0010106166591867805,0.42418739199638367,1.0,0.0,0.7394801378250122,0.35772019624710083,0.00046519999159500003,0.01802537404000759,0.0,0.0,0.3472435474395752,0.035630419850349426,0.0001773048279574141,1.2612918615341187,0.0,0.0
393,1.9064661264419556,0.7377121448516846,20.648216247558594,7.460453510284424,0.731968104839325,45.0360221862793,1.1982089281082153,1.2026419639587402,307.63,0.7985793948173523,0.007639976218342781,0.08391603827476501,16.784101486206055,0.0,0.0,0.32926425337791443,4.336706115282141e-05,0.002152038738131523,0.6447423696517944,0.0,0.0,1.0049511194229126,0.5582109689712524,0.015764443203806877,0.2502560615539551,0.013185382820665836,0.45079004764556885,0.30127790570259094,0.026861218735575676,0.0006100720493122935,0.7513580322265625,1.0,0.0,0.9701018333435059,0.1588968187570572,0.0006293720216490328,0.020794380456209183,0.0,0.0,0.3412047028541565,0.07650993019342422,4.1663573938421905e-05,1.283045768737793,0.0,0.0
394,5.893598556518555,0.37558960914611816,31.83700942993164,4.946196556091309,0.5391239523887634,57.03163528442383,1.13906729221344,1.1391754150390625,8.33,1.1510469913482666,0.04459081217646599,0.026981303468346596,7.5500102043151855,0.0,0.0,0.29035484790802,4.446343154995702e-06,0.006186189129948616,0.8174750804901123,0.0,0.0,1.145797610282898,0.3729548752307892,0.01794135570526123,0.256331205368042,0.014783595688641071,0.4617942273616791,0.28700852394104004,0.016819454729557037,0.0007052180008031428,0.5641425848007202,1.0,0.0,0.8015062808990479,0.27270129323005676,0.0005244433996267617,0.018571289256215096,0.0,0.0,0.34610748291015625,0.052317775785923004,9.514689008938149e-05,1.2809687852859497,0.0,0.0
395,1.3792552947998047,0.5083698034286499,34.34038543701172,4.749527931213379,0.5807926654815674,43.101478576660156,1.2123851776123047,1.2108335494995117,105.7,0.8060005307197571,0.01707865484058857,0.07714228332042694,8.666176795959473,0.0,0.0,0.3294776976108551,7.173605990828946e-05,0.005755322519689798,0.7428019642829895,0.0,0.0,0.971954882144928,0.4348386824131012,0.017123263329267502,0.2313140481710434,0.01390785351395607,0.4079382121562958,0.29193049669265747,0.019676176831126213,0.0006626821705140173,0.6077553033828735,1.0,0.0,0.8518136739730835,0.23931686580181122,0.0005428966251201928,0.01942327991127968,0.0,0.0,0.3448018431663513,0.0504429005086422,0.00015649704437237233,1.2470613718032837,0.0,0.0
396,5.731757164001465,0.08050822466611862,24.387041091918945,5.157025337219238,0.6688913702964783,51.84169006347656,1.1389070749282837,1.137893557548523,78.21,1.1498007774353027,0.19543448090553284,0.015148199163377285,2.1403732299804688,0.0,0.0,0.3284185826778412,9.525510540697724e-05,0.0048003061674535275,0.9774035811424255,0.0,0.0,1.0884060859680176,0.5029123425483704,0.015806065872311592,0.2193172127008438,0.01196169015020132,0.38478827476501465,0.2983783185482025,0.024057675153017044,0.0005622956086881459,0.7196991443634033,1.0,0.0,0.8045012950897217,0.23145292699337006,0.0005407019634731114,0.01789304055273533,0.0,0.0,0.3434957265853882,0.07052856683731079,5.898330346099101e-05,1.2887431383132935,0.0,0.0
397,3.6807684898376465,0.7950109243392944,42.500972747802734,9.281087875366211,0.4637313485145569,43.493797302246094,1.2050544023513794,1.2040544748306274,68.92,0.7511205077171326,0.01330469734966755,0.059474579989910126,11.303200721740723,0.0,0.0,0.33499985933303833,5.583202437264845e-06,0.008608344942331314,0.6293582320213318,0.0,0.0,0.942427396774292,0.1831924468278885,0.02225312776863575,0.40658998489379883,0.024500856176018715,0.7831531763076782,0.27726784348487854,0.009703230112791061,0.001103707356378436,0.39227205514907837,1.0,0.0,0.7098599076271057,0.42479899525642395,0.0004156585200689733,0.017613789066672325,0.0,0.0,0.3456515967845917,0.024589302018284798,0.0003745955182239413,1.1973117589950562,0.0,0.0
398,1.9674140214920044,0.7361933588981628,36.57465744018555,6.584331035614014,0.5163008570671082,44.33795928955078,1.2180052995681763,1.218709945678711,47.47,0.760968804359436,0.006824883166700602,0.07811909168958664,12.323728561401367,0.0,0.0,0.3356051445007324,1.9536359104677103e-05,0.00660319160670042,0.65067458152771,0.0,0.0,0.9776797294616699,0.3209139108657837,0.01964975893497467,0.3110748827457428,0.018646080046892166,0.574586808681488,0.284661203622818,0.014722133055329323,0.0008703996427357197,0.4930976331233978,1.0,0.0,0.8051342368125916,0.2895106375217438,0.0004996257484890521,0.019056789577007294,0.0,0.0,0.346105694770813,0.03899911418557167,0.00023149000480771065,1.239417314529419,0.0,0.0
399,4.4259490966796875,0.7647345662117004,18.66119384765625,8.279465675354004,0.5480995774269104,41.357086181640625,1.023459792137146,1.026147723197937,255.94,0.9230449795722961,0.011135702021420002,0.04475029185414314,12.406494140625,0.0,0.0,0.3234683573246002,5.936687102803262e-06,0.007003674283623695,0.64482182264328,0.0,0.0,1.1562598943710327,0.36158257722854614,0.02009197697043419,0.4068785011768341,0.019365329295396805,0.7127045392990112,0.2792898714542389,0.01494297944009304,0.0007554040057584643,0.5459152460098267,1.0,0.0,0.8148522973060608,0.2523125112056732,0.0005105020245537162,0.019072558730840683,0.0,0.0,0.34519705176353455,0.04509284347295761,0.00010547778219915926,1.2846615314483643,0.0,0.0
400,4.7652177810668945,0.5046420693397522,19.83411407470703,4.633435249328613,0.773577094078064,41.02003860473633,1.0546382665634155,1.0587416887283325,367.5,1.0281778573989868,0.018783360719680786,0.04771986976265907,11.661689758300781,0.0,0.0,0.2910308539867401,8.143381933223282e-07,0.001244090381078422,0.7573624849319458,0.0,0.0,1.0885541439056396,0.5271949172019958,0.012057819403707981,0.16023164987564087,0.007889153435826302,0.2740001082420349,0.30527639389038086,0.02905864454805851,0.0004030814743600786,0.8835709095001221,1.0,0.0,0.9894704818725586,0.146142840385437,0.0006422071601264179,0.020668702200055122,0.0,0.0,0.3414985239505768,0.09025957435369492,3.602056312956847e-05,1.2836066484451294,0.0,0.0
401,5.611809730529785,0.7275410890579224,28.00467300415039,4.308998107910156,0.7390585541725159,45.53425598144531,1.162729263305664,1.1627812385559082,3.84,0.9182963967323303,0.0021936590783298016,0.054639555513858795,17.4928035736084,0.0,0.0,0.30802270770072937,9.117329113905726e-07,0.0011356156319379807,0.6576849222183228,0.0,0.0,1.0432584285736084,0.5548662543296814,0.013175216503441334,0.16251440346240997,0.008876536041498184,0.28126081824302673,0.3049103617668152,0.027974095195531845,0.0004518839414231479,0.8305997848510742,1.0,0.0,1.0056320428848267,0.14279621839523315,0.0006479002768173814,0.02099822834134102,0.0,0.0,0.34112101793289185,0.08845894783735275,4.272579462849535e-05,1.2741997241973877,0.0,0.0
402,5.657217502593994,0.4645397961139679,21.309350967407227,7.37171745300293,0.451558381319046,42.60040283203125,1.0030977725982666,0.9992626905441284,382.61,1.159243106842041,0.03218495473265648,0.02793026529252529,6.106486797332764,0.0,0.0,0.29028552770614624,7.210428520920686e-07,0.010091711767017841,0.770966112613678,0.0,0.0,1.24930739402771,0.25015249848365784,0.020458107814192772,0.41555270552635193,0.020247643813490868,0.7437983155250549,0.27102014422416687,0.010455774143338203,0.0008100814884528518,0.46568286418914795,1.0,0.0,0.7199138402938843,0.3491169810295105,0.0004492664593271911,0.01761232689023018,0.0,0.0,0.34792599081993103,0.03618812933564186,0.00011371753498679027,1.281821608543396,0.0,0.0
403,4.693617820739746,0.8137083649635315,39.17167663574219,5.956859588623047,0.5973330140113831,40.627323150634766,1.2136815786361694,1.211434245109558,152.85,0.7406908273696899,0.009336575865745544,0.06497939676046371,14.715206146240234,0.0,0.0,0.3301379680633545,5.436365881905658e-06,0.005732434336096048,0.6257207989692688,0.0,0.0,0.9149930477142334,0.33505383133888245,0.017537014558911324,0.2556912899017334,0.01557445339858532,0.4732758402824402,0.2927834093570709,0.018453601747751236,0.0007417381275445223,0.5907418727874756,1.0,0.0,0.8372299075126648,0.27824413776397705,0.0005075731896795332,0.019231056794524193,0.0,0.0,0.34202542901039124,0.03896447271108627,0.00028023833874613047,1.2063902616500854,0.0,0.0
404,1.8502614498138428,0.3342191278934479,31.52876091003418,6.235895156860352,0.5387409925460815,40.4769401550293,1.2000900506973267,1.1976290941238403,171.23,0.904924750328064,0.05141987279057503,0.049342311918735504,4.708601474761963,0.0,0.0,0.3321675658226013,7.788685616105795e-05,0.008578370325267315,0.8270928263664246,0.0,0.0,1.007838249206543,0.3184177279472351,0.019159208983182907,0.29856395721435547,0.017374739050865173,0.5420595407485962,0.28654050827026367,0.016468612477183342,0.0007976414053700864,0.5292061567306519,1.0,0.0,0.7639680504798889,0.3059943914413452,0.00048581152805127203,0.018063195049762726,0.0,0.0,0.34587499499320984,0.041899118572473526,0.0002146716433344409,1.2480906248092651,0.0,0.0
405,3.2169463634490967,0.8899400234222412,27.443191528320312,4.1924638748168945,0.7591594457626343,46.43498611450195,1.1887916326522827,1.1883703470230103,29.82,0.7634397745132446,0.02319837175309658,0.0846194475889206,24.72649574279785,0.0,0.0,0.3449050188064575,3.2476596970809624e-05,0.0010438053868710995,0.5850247740745544,0.0,0.0,0.9830341339111328,0.5422992706298828,0.012929114513099194,0.15136472880840302,0.008048896677792072,0.2580189108848572,0.3070346713066101,0.03075736202299595,0.0004117217322345823,0.8617497086524963,1.0,0.0,1.056771993637085,0.12387058138847351,0.0006938785663805902,0.021676378324627876,0.0,0.0,0.3405989110469818,0.09272590279579163,3.201337676728144e-05,1.2780851125717163,0.0,0.0
406,5.961282253265381,0.3661124110221863,39.5853271484375,7.117729187011719,0.6012994647026062,57.180423736572266,1.2753781080245972,1.2734973430633545,115.8,1.0991833209991455,0.04678324609994888,0.029539115726947784,6.497403144836426,0.0,0.0,0.2870456576347351,7.036599072307581e-07,0.006657639518380165,0.8231881260871887,0.0,0.0,1.080385446548462,0.33714762330055237,0.01886938512325287,0.28424447774887085,0.0172616895288229,0.5344776511192322,0.2927282750606537,0.01850336603820324,0.0008267764351330698,0.5723091959953308,1.0,0.0,0.7936335802078247,0.2824760377407074,0.0005073315114714205,0.018291203305125237,0.0,0.0,0.342367023229599,0.04675278812646866,0.000168048485647887,1.2572572231292725,0.0,0.0
407,1.5786056518554688,0.023806683719158173,24.641096115112305,6.069860935211182,0.501655101776123,46.074546813964844,1.1271724700927734,1.130449891090393,257.21,0.9089673161506653,0.1785341501235962,0.020037395879626274,1.1743589639663696,0.0,0.0,0.3985680639743805,0.00022435425489675254,0.009258286096155643,1.0011430978775024,0.0,0.0,1.0623791217803955,0.3292117714881897,0.019778594374656677,0.32400184869766235,0.0175399761646986,0.5727267861366272,0.28090518712997437,0.015446815639734268,0.0007582315010949969,0.5120794773101807,1.0,0.0,0.7006106972694397,0.33036863803863525,0.00046378199476748705,0.016831042245030403,0.0,0.0,0.34733134508132935,0.045873261988162994,0.00011113908840343356,1.2823611497879028,0.0,0.0
408,4.165778636932373,0.027187250554561615,33.77507019042969,2.236306667327881,0.5412850975990295,46.21756362915039,1.0527989864349365,1.0555541515350342,247.93,0.9786685705184937,0.22212789952754974,0.012196002528071404,1.5124273300170898,0.0,0.0,0.36472970247268677,0.00017694915004540235,0.006187340244650841,1.0129468441009521,0.0,0.0,1.0233277082443237,0.43407905101776123,0.015139052644371986,0.15283600986003876,0.009576698765158653,0.2431817501783371,0.28996938467025757,0.01929757185280323,0.0004732558154501021,0.6404693722724915,1.0,0.0,0.7526281476020813,0.2977580428123474,0.0005046014557592571,0.017361152917146683,0.0,0.0,0.34729310870170593,0.05719362571835518,0.00015023595187813044,1.2593204975128174,0.0,0.0
409,3.670501947402954,0.21691054105758667,24.004314422607422,8.447381019592285,0.609432578086853,46.42146682739258,1.1852953433990479,1.1873900890350342,148.84,1.0945537090301514,0.1037854552268982,0.024153094738721848,3.6615025997161865,0.0,0.0,0.31997841596603394,6.286225107032806e-05,0.009249279275536537,0.8878384232521057,0.0,0.0,1.0899699926376343,0.3529088497161865,0.01970750279724598,0.34636053442955017,0.018317312002182007,0.635009229183197,0.29045772552490234,0.01908924989402294,0.0007905905367806554,0.5838025212287903,1.0,0.0,0.7651857733726501,0.27692675590515137,0.0004985581617802382,0.017696989700198174,0.0,0.0,0.3435845673084259,0.05139801278710365,0.00012156278535258025,1.2781939506530762,0.0,0.0
410,5.800577163696289,0.15172140300273895,24.384307861328125,6.999583721160889,0.5715591907501221,60.38724136352539,1.1241470575332642,1.1224706172943115,132.86,1.2234339714050293,0.13541758060455322,0.01518973894417286,2.9499869346618652,0.0,0.0,0.31058716773986816,5.5519802117487416e-05,0.009583169594407082,0.9301153421401978,0.0,0.0,1.1532317399978638,0.34936001896858215,0.019272441044449806,0.3270725905895233,0.017106525599956512,0.5917640328407288,0.28734904527664185,0.017498349770903587,0.0007451808778569102,0.5704420208930969,1.0,0.0,0.7497137784957886,0.2877730131149292,0.0004936155746690929,0.017447806894779205,0.0,0.0,0.34482356905937195,0.05263815075159073,9.336280345451087e-05,1.288480520248413,0.0,0.0
411,5.2713117599487305,0.581777811050415,28.71103858947754,2.7183897495269775,0.7227174639701843,40.44002914428711,1.0777961015701294,1.0767158269882202,93.09,0.9673508405685425,0.006466201040893793,0.053703129291534424,12.34444522857666,0.0,0.0,0.2933787703514099,7.97364691607072e-07,0.0011444530682638288,0.7198115587234497,0.0,0.0,1.042555332183838,0.5604932308197021,0.012238552793860435,0.1250167042016983,0.0068267881870269775,0.199923574924469,0.3046342730522156,0.027894536033272743,0.00034968601539731026,0.8567399382591248,1.0,0.0,1.0001530647277832,0.14606204628944397,0.000642890518065542,0.020839041098952293,0.0,0.0,0.34176313877105713,0.08753973990678787,5.897113078390248e-05,1.2617297172546387,0.0,0.0
412,2.1700851917266846,0.23213417828083038,25.140615463256836,5.706845760345459,0.6700246334075928,51.907108306884766,1.2059751749038696,1.2043782472610474,109.95,0.9496569633483887,0.0969562977552414,0.04043341428041458,4.632713317871094,0.0,0.0,0.34329867362976074,0.00015395754599012434,0.0035392811987549067,0.8785207867622375,0.0,0.0,1.0386161804199219,0.5564005970954895,0.01647610403597355,0.23404201865196228,0.01289665699005127,0.41295140981674194,0.29818984866142273,0.02483787015080452,0.0006034202524460852,0.70186847448349,1.0,0.0,0.8646126389503479,0.20187929272651672,0.0005783403757959604,0.019053488969802856,0.0,0.0,0.342731773853302,0.07112864404916763,5.161124136066064e-05,1.2873529195785522,0.0,0.0
413,3.25935435295105,0.6010744571685791,29.216262817382812,6.7193193435668945,0.5273571014404297,52.22026062011719,1.1691714525222778,1.168299913406372,63.8,0.9682022929191589,0.012082305736839771,0.04993023723363876,11.56521224975586,0.0,0.0,0.31047511100769043,9.941377356881276e-07,0.0068056401796638966,0.7061769962310791,0.0,0.0,1.1231764554977417,0.35904526710510254,0.019749928265810013,0.32580631971359253,0.018138911575078964,0.5991485714912415,0.28406253457069397,0.015457751229405403,0.0008240133756771684,0.5160470008850098,1.0,0.0,0.8207401037216187,0.2608567476272583,0.0005260900943540037,0.01917591691017151,0.0,0.0,0.3459480404853821,0.04755190387368202,9.99975236481987e-05,1.279361367225647,0.0,0.0
414,4.781664848327637,0.6162175536155701,26.692848205566406,9.74740219116211,0.5707504153251648,47.72541809082031,1.188024640083313,1.186179757118225,130.92,1.0261015892028809,0.016570230945944786,0.03990712761878967,11.426590919494629,0.0,0.0,0.3012946844100952,8.198359182642889e-07,0.00813606008887291,0.6944820880889893,0.0,0.0,1.1248003244400024,0.3217826187610626,0.021115971729159355,0.40020114183425903,0.021293392404913902,0.7579576969146729,0.2857688367366791,0.015811724588274956,0.0009068985818885267,0.5242660045623779,1.0,0.0,0.8054405450820923,0.2663649022579193,0.0005086057353764772,0.018781490623950958,0.0,0.0,0.3440290093421936,0.04556572437286377,0.00012575935397762805,1.274512767791748,0.0,0.0
415,3.5051357746124268,0.9366047978401184,28.59125328063965,3.0275723934173584,0.6979503035545349,41.69732666015625,1.1175352334976196,1.1186182498931885,86.63,0.7412763833999634,0.03349574655294418,0.07136500626802444,14.766672134399414,0.0,0.0,0.3572283089160919,3.0096514819888398e-05,0.001606252626515925,0.5740290880203247,0.0,0.0,0.9073577523231506,0.5768885612487793,0.013951841741800308,0.14333191514015198,0.008133151568472385,0.23327937722206116,0.3022942841053009,0.02855641394853592,0.0003459857834968716,0.8122400045394897,1.0,0.0,1.02602219581604,0.11150025576353073,0.0006533412379212677,0.02134587988257408,0.0,0.0,0.34226468205451965,0.09136506170034409,8.34009624668397e-05,1.2654869556427002,0.0,0.0
416,3.523620128631592,0.9061579704284668,23.569135665893555,8.065109252929688,0.5052371621131897,41.472434997558594,1.1022539138793945,1.1014413833618164,66.93,0.8143822550773621,0.019711919128894806,0.05215059220790863,15.036714553833008,0.0,0.0,0.36001056432724,4.310534131946042e-05,0.007001964841037989,0.5941275358200073,0.0,0.0,1.0786677598953247,0.3535601794719696,0.021146947517991066,0.4053119421005249,0.020655900239944458,0.7261149287223816,0.27788272500038147,0.01376629713922739,0.0008379946812056005,0.4896427094936371,1.0,0.0,0.7989621758460999,0.2628086507320404,0.0005047329468652606,0.01896780915558338,0.0,0.0,0.3465934991836548,0.04253951832652092,0.00012557987065520138,1.2780439853668213,0.0,0.0
417,3.4500796794891357,0.6878788471221924,28.685672760009766,3.533494472503662,0.5247418880462646,45.9343376159668,1.0745590925216675,1.0788707733154297,371.92,0.8939407467842102,0.005966442637145519,0.057608459144830704,14.9755859375,0.0,0.0,0.3196569085121155,7.2507455115555786e-06,0.004530042875558138,0.6793553829193115,0.0,0.0,1.084004282951355,0.47823891043663025,0.01649360917508602,0.2102992832660675,0.012436844408512115,0.3602983355522156,0.28572672605514526,0.017157409340143204,0.0005924104480072856,0.5880914926528931,1.0,0.0,0.8685126304626465,0.23133347928524017,0.0005601352895610034,0.01986134611070156,0.0,0.0,0.3472670614719391,0.05512699857354164,9.015987598104402e-05,1.2721388339996338,0.0,0.0
418,4.686223983764648,0.8026251792907715,30.070585250854492,8.041543960571289,0.559192419052124,53.15060043334961,1.196112036705017,1.1937223672866821,167.36,0.8919950127601624,0.01303987018764019,0.047164712101221085,17.562767028808594,0.0,0.0,0.3307023048400879,1.2186899766675197e-05,0.005777467042207718,0.6247448325157166,0.0,0.0,1.0676872730255127,0.3861773908138275,0.020347295328974724,0.3513208031654358,0.019385436549782753,0.6585515737533569,0.2863297760486603,0.016410330310463905,0.0008659908198751509,0.5260664820671082,1.0,0.0,0.841152012348175,0.24210071563720703,0.0005385368131101131,0.0193781778216362,0.0,0.0,0.3444936275482178,0.05070214718580246,9.429849160369486e-05,1.276963710784912,0.0,0.0
419,1.2924151420593262,0.6090415716171265,32.471290588378906,4.779828071594238,0.43407437205314636,49.11624526977539,1.112423062324524,1.1107884645462036,132.28,0.8362798690795898,0.0064157648012042046,0.06861421465873718,10.82811450958252,0.0,0.0,0.33596235513687134,4.1405062802368775e-05,0.006770719774067402,0.7212413549423218,0.0,0.0,1.0751621723175049,0.3493492305278778,0.01878843642771244,0.2818419635295868,0.016451632604002953,0.49705982208251953,0.27674809098243713,0.012337242253124714,0.0007836886215955019,0.46547919511795044,1.0,0.0,0.7972386479377747,0.2889214754104614,0.000511893245857209,0.01914491131901741,0.0,0.0,0.3504628837108612,0.0435522086918354,0.0001308095670538023,1.2740793228149414,0.0,0.0
420,1.126185417175293,0.8642705082893372,16.102062225341797,7.059817790985107,0.709555983543396,54.882266998291016,1.1034345626831055,1.1034144163131714,1.65,0.6830537915229797,0.012249349616467953,0.10338270664215088,17.882038116455078,0.0,0.0,0.3567579388618469,6.124277570052072e-05,0.0014996669488027692,0.6114824414253235,0.0,0.0,0.9923285841941833,0.5533047914505005,0.016119755804538727,0.2651073634624481,0.013159836642444134,0.46795526146888733,0.2966988682746887,0.026030950248241425,0.0005554383969865739,0.7424913048744202,1.0,0.0,1.003114104270935,0.13800691068172455,0.0006466064369305968,0.021360233426094055,0.0,0.0,0.3413664996623993,0.07906759530305862,4.314964098739438e-05,1.2843166589736938,0.0,0.0
421,5.970893383026123,0.2819892168045044,44.14815902709961,3.8188271522521973,0.699194073677063,50.73945236206055,1.257705807685852,1.2578518390655518,9.23,0.9959527254104614,0.0795336663722992,0.03240283578634262,4.831901550292969,0.0,0.0,0.29319146275520325,1.6003321434254758e-05,0.0030176062136888504,0.8811460733413696,0.0,0.0,0.9756449460983276,0.4805068373680115,0.013758806511759758,0.16121245920658112,0.009596356190741062,0.27986961603164673,0.3023932874202728,0.02527078427374363,0.0004664339649025351,0.783044695854187,1.0,0.0,0.8711058497428894,0.22628679871559143,0.0005528080509975553,0.01887708343565464,0.0,0.0,0.3387027978897095,0.05838029086589813,0.00017396258772350848,1.2244865894317627,0.0,0.0
422,5.717195510864258,0.9799667596817017,31.9002628326416,4.123135089874268,0.46676725149154663,50.37434768676758,1.0582274198532104,1.0589574575424194,65.15,0.738025963306427,0.025124872103333473,0.04566163942217827,23.86640739440918,0.0,0.0,0.383492648601532,9.402141586178914e-05,0.004463377874344587,0.5840578079223633,0.0,0.0,1.0383542776107788,0.4349903166294098,0.017796725034713745,0.25040751695632935,0.014295593835413456,0.4378320574760437,0.27908626198768616,0.014187205582857132,0.0006765571888536215,0.5144501328468323,1.0,0.0,0.8474618792533875,0.245749369263649,0.000547064351849258,0.019785607233643532,0.0,0.0,0.34865736961364746,0.049882229417562485,0.00010807010403368622,1.2718915939331055,0.0,0.0
423,1.8539937734603882,0.9047569632530212,24.003644943237305,4.791491985321045,0.7286887764930725,45.8498420715332,1.185273289680481,1.1854408979415894,11.93,0.6914077997207642,0.021783480420708656,0.10085558891296387,24.81029510498047,0.0,0.0,0.3579668700695038,6.775611836928874e-05,0.0013374941190704703,0.5802946090698242,0.0,0.0,0.9732025265693665,0.559112548828125,0.014183209277689457,0.18167395889759064,0.009796762838959694,0.3154691755771637,0.3033007085323334,0.02881106361746788,0.0004783367330674082,0.8048726916313171,1.0,0.0,1.0393599271774292,0.1323731541633606,0.0006832070066593587,0.021725503727793694,0.0,0.0,0.3416087031364441,0.09005340933799744,3.0439830879913643e-05,1.2831425666809082,0.0,0.0
424,4.615259170532227,0.7531343698501587,37.262367248535156,4.536296367645264,0.7185419797897339,42.09521484375,1.2532455921173096,1.2526477575302124,38.08,0.7945854663848877,0.0055531770922243595,0.07131093740463257,15.11439323425293,0.0,0.0,0.31357088685035706,7.241334856189496e-07,0.0019065432716161013,0.6430599093437195,0.0,0.0,0.945704460144043,0.5762205719947815,0.013900823891162872,0.17196892201900482,0.010103290900588036,0.30451035499572754,0.3045714795589447,0.026305440813302994,0.0005066642770543694,0.7848624587059021,1.0,0.0,0.9513676762580872,0.18430106341838837,0.0005910174222663045,0.020388999953866005,0.0,0.0,0.33903107047080994,0.060777075588703156,0.0001274614332942292,1.225738763809204,0.0,0.0
425,2.3803224563598633,0.43100106716156006,25.67612648010254,7.799984931945801,0.7480270862579346,46.1380500793457,1.2822375297546387,1.2837629318237305,92.67,0.9375808835029602,0.03816976398229599,0.058943964540958405,8.670682907104492,0.0,0.0,0.3148570954799652,6.323683919617906e-05,0.003041221061721444,0.7728212475776672,0.0,0.0,1.0101622343063354,0.5655525922775269,0.015877272933721542,0.23783931136131287,0.013178898021578789,0.4308042526245117,0.305011510848999,0.02806890197098255,0.0006389435729943216,0.7534081935882568,1.0,0.0,0.9162460565567017,0.17862261831760406,0.0006002940936014056,0.019755013287067413,0.0,0.0,0.3402692973613739,0.0728340893983841,6.0750156990252435e-05,1.2751823663711548,0.0,0.0
426,4.100435733795166,0.7961742877960205,31.192428588867188,9.847580909729004,0.41477033495903015,43.45600128173828,1.1545130014419556,1.1542515754699707,19.62,0.8954320549964905,0.016464639455080032,0.04145162180066109,11.89064884185791,0.0,0.0,0.33727648854255676,1.7942062186193652e-05,0.009910544380545616,0.6309986114501953,0.0,0.0,1.0974372625350952,0.20718754827976227,0.023560281842947006,0.49553969502449036,0.025997649878263474,0.9198307394981384,0.2695622146129608,0.008349944837391376,0.001090159174054861,0.3777358829975128,1.0,0.0,0.71414715051651,0.3753320574760437,0.0004388614324852824,0.017831353470683098,0.0,0.0,0.34878647327423096,0.030501337721943855,0.00018257691408507526,1.259518027305603,0.0,0.0
427,5.809182643890381,0.27624228596687317,18.95986557006836,5.681209087371826,0.7076922059059143,42.89398193359375,1.0364341735839844,1.038585901260376,199.9,1.1311331987380981,0.08594056218862534,0.02948586829006672,5.624368190765381,0.0,0.0,0.29474058747291565,2.3621043510502204e-05,0.0030908214394003153,0.8738914132118225,0.0,0.0,1.11171555519104,0.5305221080780029,0.014628841541707516,0.22508813440799713,0.011200272478163242,0.39044389128685,0.2986217141151428,0.024726711213588715,0.0005125787574797869,0.7710164785385132,1.0,0.0,0.8648081421852112,0.20561529695987701,0.0005656656576320529,0.018994584679603577,0.0,0.0,0.3428664803504944,0.07007600367069244,5.851158493896946e-05,1.285751223564148,0.0,0.0
428,4.603692054748535,0.7775830626487732,29.411344528198242,4.585413932800293,0.6139411330223083,46.55622100830078,1.1539252996444702,1.1504896879196167,258.79,0.8753575682640076,0.00761372409760952,0.05580509081482887,17.812170028686523,0.0,0.0,0.3235757350921631,2.9016098324063933e-06,0.002825758885592222,0.636922299861908,0.0,0.0,1.0505207777023315,0.5641372203826904,0.016263063997030258,0.21886985003948212,0.012596185319125652,0.38935691118240356,0.29367905855178833,0.021017268300056458,0.0005988655611872673,0.6583754420280457,1.0,0.0,0.9143100380897522,0.19536222517490387,0.0005875632050447166,0.020255794748663902,0.0,0.0,0.34401118755340576,0.06282542645931244,7.65169388614595e-05,1.2699215412139893,0.0,0.0
429,1.698265552520752,0.06719309836626053,35.1453742980957,5.569900035858154,0.5246017575263977,55.99042510986328,1.2112938165664673,1.2152189016342163,266.65,0.8871743083000183,0.1467924416065216,0.02570437453687191,1.6282716989517212,0.0,0.0,0.38831228017807007,0.0002514453371986747,0.006353721488267183,0.9726668000221252,0.0,0.0,1.025462031364441,0.361555278301239,0.018942546099424362,0.2774740755558014,0.016341883689165115,0.5061401724815369,0.2855309545993805,0.0165521539747715,0.0007764619076624513,0.5291565656661987,1.0,0.0,0.7322762608528137,0.3108742833137512,0.0004901433712802827,0.01723414473235607,0.0,0.0,0.3467106521129608,0.05251388996839523,0.00010755610128398985,1.2796978950500488,0.0,0.0
430,2.068246603012085,0.26223641633987427,32.610450744628906,4.4123854637146,0.7023705244064331,55.16381072998047,1.2513678073883057,1.253773808479309,153.35,0.9049275517463684,0.08776960521936417,0.04872342199087143,5.757551193237305,0.0,0.0,0.34293270111083984,0.00017818855121731758,0.0015879158163443208,0.858733594417572,0.0,0.0,1.0067248344421387,0.5812651515007019,0.014663966372609138,0.1788560152053833,0.010243731550872326,0.3110520839691162,0.302975058555603,0.027615632861852646,0.0005057668895460665,0.7711678743362427,1.0,0.0,0.9197274446487427,0.17662273347377777,0.0006195300375111401,0.019663121551275253,0.0,0.0,0.34167763590812683,0.08436266332864761,3.972193371737376e-05,1.285045862197876,0.0,0.0
431,5.698784828186035,0.7561858892440796,35.678768157958984,6.387556076049805,0.6416414976119995,70.032958984375,1.2580556869506836,1.258553147315979,31.42,0.9392769932746887,0.006953003350645304,0.044804610311985016,20.409862518310547,0.0,0.0,0.3155995309352875,1.1380064961485914e-06,0.0014318166067823768,0.6533034443855286,0.0,0.0,1.082502007484436,0.5736339688301086,0.01753479428589344,0.2531154155731201,0.014917349442839622,0.4694387912750244,0.2963216006755829,0.021911945194005966,0.0007235019002109766,0.6424388289451599,1.0,0.0,0.9311637282371521,0.18516501784324646,0.000609101087320596,0.020384952425956726,0.0,0.0,0.3424765169620514,0.06996569782495499,3.664355608634651e-05,1.291204571723938,0.0,0.0
432,5.660465717315674,0.7156031131744385,37.906280517578125,5.4309983253479,0.4200544059276581,50.51669692993164,1.1140652894973755,1.1142213344573975,12.57,0.9297023415565491,0.007471314165741205,0.03921719267964363,12.535818099975586,0.0,0.0,0.3187960982322693,9.254451924789464e-07,0.007655950263142586,0.6824464201927185,0.0,0.0,1.099304437637329,0.2697286903858185,0.019211772829294205,0.3075483441352844,0.017840111628174782,0.5607525110244751,0.274660587310791,0.010501951910555363,0.0008573347004130483,0.4341549277305603,1.0,0.0,0.7503905296325684,0.35190287232398987,0.0004665005544666201,0.01837928779423237,0.0,0.0,0.34951913356781006,0.034618016332387924,0.00021339330123737454,1.2497308254241943,0.0,0.0
433,1.1198986768722534,0.5758854150772095,26.54273796081543,4.137177467346191,0.6670061945915222,50.26758575439453,1.1823753118515015,1.1834514141082764,76.9,0.8039529919624329,0.010443304665386677,0.08634631335735321,13.682638168334961,0.0,0.0,0.3321232497692108,0.00010853209823835641,0.0015876882243901491,0.7098646759986877,0.0,0.0,1.002916693687439,0.5964544415473938,0.015066954307258129,0.18716005980968475,0.010715682990849018,0.3222736716270447,0.2989080846309662,0.025610780343413353,0.0005121948779560626,0.7383702993392944,1.0,0.0,0.9753704071044922,0.1580979824066162,0.0006453655660152435,0.020880280062556267,0.0,0.0,0.3431755006313324,0.08297137916088104,3.4739736292976886e-05,1.2864031791687012,0.0,0.0
434,5.844661235809326,0.2582710087299347,32.5386962890625,3.291912317276001,0.5151257514953613,59.731319427490234,1.074958324432373,1.0781062841415405,271.63,1.1691964864730835,0.08057383447885513,0.020237620919942856,5.579306602478027,0.0,0.0,0.30104753375053406,4.886498209089041e-05,0.005454200319945812,0.8810339570045471,0.0,0.0,1.1401022672653198,0.4078965187072754,0.016595304012298584,0.20045526325702667,0.012111296877264977,0.3448111116886139,0.286065012216568,0.016807392239570618,0.0005982530419714749,0.5816159844398499,1.0,0.0,0.7957267761230469,0.2743585705757141,0.0005312526482157409,0.01836448907852173,0.0,0.0,0.3475971817970276,0.05763612315058708,7.796488353051245e-05,1.285707712173462,0.0,0.0
435,1.050296425819397,0.5271477699279785,26.249290466308594,3.6994948387145996,0.5796238780021667,52.90892028808594,1.1196995973587036,1.1196215152740479,6.23,0.8327410817146301,0.014176826924085617,0.07663379609584808,11.740789413452148,0.0,0.0,0.3354176878929138,0.00011926156730623916,0.0024844894651323557,0.7410476207733154,0.0,0.0,1.047101616859436,0.6126010417938232,0.01622360199689865,0.2034449428319931,0.011839697137475014,0.34520912170410156,0.2906973958015442,0.020932283252477646,0.0005538135883398354,0.6468138694763184,1.0,0.0,0.9156004786491394,0.18925783038139343,0.0006065452471375465,0.020290009677410126,0.0,0.0,0.3457235097885132,0.0702945813536644,4.187450758763589e-05,1.2901273965835571,0.0,0.0
436,3.71806263923645,0.8955507278442383,33.93270492553711,4.562484264373779,0.5819266438484192,47.149898529052734,1.1834418773651123,1.1814497709274292,142.48,0.7490181922912598,0.017380764707922935,0.06851360946893692,20.48821258544922,0.0,0.0,0.352491557598114,3.02563639706932e-05,0.0034071695990860462,0.5961406230926514,0.0,0.0,0.9855779409408569,0.5119357109069824,0.01698363944888115,0.2253263145685196,0.013344467617571354,0.4014606177806854,0.2917519211769104,0.019773298874497414,0.0006377841928042471,0.6164060831069946,1.0,0.0,0.8994329571723938,0.2106606662273407,0.0005766758695244789,0.020197074860334396,0.0,0.0,0.3446005880832672,0.05672634020447731,0.00010486171231605113,1.2582427263259888,0.0,0.0
437,4.397704601287842,0.07633820176124573,21.038007736206055,3.4160242080688477,0.7460331916809082,49.60472106933594,1.0465619564056396,1.046945571899414,35.01,1.0528221130371094,0.2000829577445984,0.01625438593327999,2.303060531616211,0.0,0.0,0.3477146029472351,0.00015264957619365305,0.002018784871324897,0.9805439114570618,0.0,0.0,1.047386884689331,0.5425093173980713,0.012423723936080933,0.13882526755332947,0.007166443858295679,0.22180412709712982,0.3049808144569397,0.030025241896510124,0.000357760553015396,0.8763648271560669,1.0,0.0,0.8982557058334351,0.16702812910079956,0.0006115326541475952,0.01893313229084015,0.0,0.0,0.3424881100654602,0.09572700411081314,3.123739952570759e-05,1.2930567264556885,0.0,0.0
438,2.6956372261047363,0.566680371761322,16.151592254638672,7.63450813293457,0.6581384539604187,44.51258087158203,1.0529991388320923,1.0500086545944214,270.47,0.9411953687667847,0.015450806356966496,0.0564398467540741,10.760043144226074,0.0,0.0,0.3084392249584198,1.798332596081309e-05,0.0046044145710766315,0.7262835502624512,0.0,0.0,1.1008410453796387,0.49133795499801636,0.017305690795183182,0.31450754404067993,0.01551775448024273,0.557590663433075,0.29106616973876953,0.021277956664562225,0.0006413544178940356,0.6734618544578552,1.0,0.0,0.8745196461677551,0.2049674242734909,0.0005595785332843661,0.019542185589671135,0.0,0.0,0.342681348323822,0.059526894241571426,6.941505125723779e-05,1.2848892211914062,0.0,0.0
439,3.006727933883667,0.694987416267395,17.418434143066406,9.302778244018555,0.7217374444007874,46.14594650268555,1.123439073562622,1.1150715351104736,667.95,0.8947953581809998,0.009602455422282219,0.06319664418697357,14.467514991760254,0.0,0.0,0.3153725266456604,1.660561429162044e-05,0.0029166743624955416,0.6708657741546631,0.0,0.0,1.059788465499878,0.5465494990348816,0.016786355525255203,0.30841749906539917,0.015242121182382107,0.5574373602867126,0.2975503206253052,0.024570006877183914,0.0006485769990831614,0.7213228344917297,1.0,0.0,0.9254152178764343,0.17600081861019135,0.0005939345574006438,0.02017871104180813,0.0,0.0,0.34138181805610657,0.0682796984910965,5.218174555920996e-05,1.284932255744934,0.0,0.0
440,1.3765608072280884,0.27928227186203003,16.554424285888672,9.738781929016113,0.5335078835487366,48.205623626708984,1.0672158002853394,1.0687856674194336,137.63,1.000209927558899,0.08202354609966278,0.038901712745428085,3.9773497581481934,0.0,0.0,0.337871789932251,7.691880455240607e-05,0.009194712154567242,0.8613266348838806,0.0,0.0,1.1492470502853394,0.3288942873477936,0.022170644253492355,0.4633727967739105,0.02200224995613098,0.8235752582550049,0.2774513065814972,0.014491068199276924,0.0008195812697522342,0.5165016055107117,1.0,0.0,0.738009512424469,0.2875300943851471,0.0004704559105448425,0.017482012510299683,0.0,0.0,0.34461408853530884,0.04473502188920975,9.687910642242059e-05,1.2877254486083984,0.0,0.0
441,2.839275360107422,0.8890473246574402,21.523033142089844,4.714404106140137,0.6884726285934448,49.07244873046875,1.1098229885101318,1.107897162437439,156.63,0.7699590921401978,0.018181269988417625,0.07908312231302261,24.530990600585938,0.0,0.0,0.34984317421913147,3.9194357668748125e-05,0.0015661593060940504,0.5936903357505798,0.0,0.0,1.0157674551010132,0.5757142305374146,0.01487706508487463,0.19919170439243317,0.01069492194801569,0.35084328055381775,0.29809609055519104,0.025658227503299713,0.0004959306679666042,0.7593601942062378,1.0,0.0,1.008193016052246,0.14166273176670074,0.0006609352421946824,0.021339790895581245,0.0,0.0,0.3425835967063904,0.0861569419503212,3.082600960624404e-05,1.2876932621002197,0.0,0.0
442,2.872356653213501,0.2733430862426758,39.27983474731445,7.7512898445129395,0.6035351157188416,40.05744934082031,1.268343448638916,1.2687454223632812,24.98,0.8662571310997009,0.07099692523479462,0.04337629675865173,3.438868761062622,0.0,0.0,0.3229941129684448,4.5333581510931253e-05,0.008947721682488918,0.8506132960319519,0.0,0.0,0.9140167832374573,0.2630837857723236,0.019077198579907417,0.29578912258148193,0.018418515101075172,0.5571272969245911,0.2927679419517517,0.01790732331573963,0.0008571194484829903,0.554370105266571,1.0,0.0,0.7401387095451355,0.3503624498844147,0.00045179034350439906,0.01738179847598076,0.0,0.0,0.34129273891448975,0.034391190856695175,0.00036219600588083267,1.1998016834259033,0.0,0.0
443,2.2602429389953613,0.7817409634590149,25.2760009765625,8.103456497192383,0.6116430759429932,42.822025299072266,1.2070969343185425,1.2081267833709717,70.62,0.809943437576294,0.011160237714648247,0.072850301861763,14.28954029083252,0.0,0.0,0.3359195590019226,2.929506626969669e-05,0.0062098754569888115,0.6259035468101501,0.0,0.0,1.0267393589019775,0.45185306668281555,0.019458012655377388,0.3331121802330017,0.018157226964831352,0.6069680452346802,0.2908906042575836,0.019633609801530838,0.0007928614504635334,0.5847653150558472,1.0,0.0,0.8613983392715454,0.22003169357776642,0.0005487747257575393,0.019587812945246696,0.0,0.0,0.3435727059841156,0.0528792068362236,9.875177056528628e-05,1.2724313735961914,0.0,0.0
444,2.621554136276245,0.2974527180194855,22.284772872924805,3.6411123275756836,0.6560186147689819,42.186248779296875,1.081845998764038,1.0775913000106812,364.96,0.9456783533096313,0.07380840182304382,0.04374082013964653,6.475594520568848,0.0,0.0,0.32758840918540955,0.00012006302131339908,0.002920022001489997,0.8504302501678467,0.0,0.0,1.0415078401565552,0.5671463012695312,0.014518837444484234,0.17812158167362213,0.009929525665938854,0.29852455854415894,0.29672661423683167,0.02417067252099514,0.0004691419599112123,0.745395302772522,1.0,0.0,0.8871934413909912,0.20109499990940094,0.0005885461578145623,0.01945955865085125,0.0,0.0,0.3438487648963928,0.07163137942552567,5.8716519561130553e-05,1.2794198989868164,0.0,0.0
445,2.684782028198242,0.014939690940082073,32.8061637878418,3.902517795562744,0.6641217470169067,59.99189376831055,1.2203567028045654,1.2199337482452393,28.41,0.9414771795272827,0.24315766990184784,0.01716977171599865,0.9136408567428589,0.0,0.0,0.39175793528556824,0.00025973960873670876,0.0024122074246406555,1.005077600479126,0.0,0.0,1.009860873222351,0.6041103601455688,0.015335665084421635,0.17905870079994202,0.01039295457303524,0.30958253145217896,0.29984721541404724,0.026309875771403313,0.0004915102035738528,0.7372717261314392,1.0,0.0,0.8228731155395508,0.19909508526325226,0.0005661724717356265,0.017856450751423836,0.0,0.0,0.34328922629356384,0.08975088596343994,3.6741967051057145e-05,1.2951033115386963,0.0,0.0
446,2.2404332160949707,0.2532638907432556,21.89003562927246,9.991788864135742,0.4775983989238739,42.254356384277344,1.1227877140045166,1.1230788230895996,23.09,1.0500551462173462,0.08236249536275864,0.02727481536567211,3.530463218688965,0.0,0.0,0.32897695899009705,5.7236338761867955e-05,0.01200934313237667,0.8672964572906494,0.0,0.0,1.1511274576187134,0.22615866363048553,0.023194579407572746,0.4908403158187866,0.024221403524279594,0.8842597007751465,0.27397051453590393,0.011504138819873333,0.0009503818582743406,0.44945579767227173,1.0,0.0,0.696064293384552,0.36214184761047363,0.00044163319398649037,0.01708604395389557,0.0,0.0,0.34675705432891846,0.03587576001882553,0.00011602266749832779,1.280894160270691,0.0,0.0
447,1.279577374458313,0.03567419946193695,14.149710655212402,8.27670669555664,0.6974572539329529,53.530086517333984,1.078005075454712,1.078263759613037,22.25,0.8544780611991882,0.23264950513839722,0.028067605569958687,1.1776179075241089,0.0,0.0,0.40039026737213135,0.00015730659652035683,0.006114412564784288,1.0052088499069214,0.0,0.0,1.0068695545196533,0.5463501214981079,0.01784960925579071,0.3187379240989685,0.015120116993784904,0.5314862132072449,0.29488494992256165,0.0264921635389328,0.0005599226569756866,0.7123844623565674,1.0,0.0,0.7559090852737427,0.20923614501953125,0.0004931337316520512,0.01697610132396221,0.0,0.0,0.3415205478668213,0.06543972343206406,0.00011218272993573919,1.28266179561615,0.0,0.0
448,4.087202548980713,0.669167160987854,28.516263961791992,9.313448905944824,0.47858095169067383,59.99030685424805,1.1606416702270508,1.1621085405349731,108.75,0.9936663508415222,0.012335820123553276,0.04080464690923691,13.632768630981445,0.0,0.0,0.3119197189807892,1.0209162155661033e-06,0.007304895669221878,0.6779322624206543,0.0,0.0,1.1637227535247803,0.27578121423721313,0.022423427551984787,0.4416380226612091,0.023279869928956032,0.8352581262588501,0.276499480009079,0.011597983539104462,0.0010019248584285378,0.4404943287372589,1.0,0.0,0.7820706963539124,0.2950555682182312,0.0004968417924828827,0.018677040934562683,0.0,0.0,0.3463931977748871,0.042067840695381165,9.830463386606425e-05,1.2868256568908691,0.0,0.0
449,3.4234540462493896,0.6963150501251221,22.259700775146484,3.1276934146881104,0.6724636554718018,49.86681365966797,1.0362187623977661,1.0359158515930176,28.22,0.9042083621025085,0.005686939228326082,0.06453924626111984,17.475778579711914,0.0,0.0,0.3153085708618164,1.3981668416818138e-05,0.0015282896347343922,0.6666834950447083,0.0,0.0,1.0687503814697266,0.5888881683349609,0.01378999650478363,0.1565198302268982,0.008620279841125011,0.2548567056655884,0.29778337478637695,0.025526786223053932,0.0004082966479472816,0.7828730940818787,1.0,0.0,1.0126891136169434,0.14161601662635803,0.0006643398082815111,0.021347088739275932,0.0,0.0,0.3433549702167511,0.08900656551122665,3.0642735509900376e-05,1.287988543510437,0.0,0.0
450,2.9833004474639893,0.5461825728416443,37.78681182861328,7.181980133056641,0.5460704565048218,50.30509948730469,1.2523401975631714,1.2537531852722168,89.99,0.918724536895752,0.01635563187301159,0.05380941554903984,9.066730499267578,0.0,0.0,0.30909547209739685,6.751292858098168e-06,0.006988254841417074,0.7250170111656189,0.0,0.0,1.0280771255493164,0.31710296869277954,0.019829167053103447,0.3141331970691681,0.01885749213397503,0.5890102982521057,0.28715550899505615,0.015729423612356186,0.0008855713531374931,0.510429322719574,1.0,0.0,0.7924961447715759,0.2944740653038025,0.0004985253908671439,0.018592296168208122,0.0,0.0,0.34443923830986023,0.04185660183429718,0.00020621447765734047,1.248339295387268,0.0,0.0
451,1.4659250974655151,0.9627863168716431,37.12234878540039,8.066947937011719,0.4947425127029419,51.78984451293945,1.2389318943023682,1.238471269607544,30.02,0.6181196570396423,0.021505722776055336,0.0888933315873146,18.829118728637695,0.0,0.0,0.38498759269714355,6.979241879889742e-05,0.003803001483902335,0.5703994631767273,0.0,0.0,0.9618419408798218,0.34936243295669556,0.02173326350748539,0.3675057291984558,0.021539337933063507,0.6893376111984253,0.2816641926765442,0.013414312154054642,0.0009827223839238286,0.44656455516815186,1.0,0.0,0.8301047682762146,0.25956830382347107,0.000524253468029201,0.019645439460873604,0.0,0.0,0.3467715084552765,0.04241231828927994,0.0001468493283027783,1.2615957260131836,0.0,0.0
452,5.741888999938965,0.9384915232658386,40.569522857666016,4.222134590148926,0.5445345044136047,45.74900817871094,1.1594473123550415,1.1580629348754883,103.1,0.6901351809501648,0.019247839227318764,0.05668561905622482,20.30990982055664,0.0,0.0,0.3640936315059662,4.37338458141312e-05,0.0040365769527852535,0.5986577868461609,0.0,0.0,0.9255281686782837,0.38196927309036255,0.016795890405774117,0.2219519019126892,0.01348578929901123,0.3957819938659668,0.2882350981235504,0.017158320173621178,0.0006575993029400706,0.5804451704025269,1.0,0.0,0.8521773815155029,0.2636149823665619,0.0005298334290273488,0.0195971317589283,0.0,0.0,0.3446260988712311,0.04319898411631584,0.00021794823987875134,1.2221994400024414,0.0,0.0
453,4.786470890045166,0.8037737607955933,28.18829345703125,6.258239269256592,0.6946159601211548,45.27618408203125,1.2187879085540771,1.2191373109817505,23.52,0.861430823802948,0.010563625954091549,0.05773286521434784,18.566503524780273,0.0,0.0,0.3251103162765503,5.578416676144116e-06,0.0023021025117486715,0.6227916479110718,0.0,0.0,1.0184656381607056,0.5822731852531433,0.015958964824676514,0.2322191447019577,0.012940943241119385,0.42329487204551697,0.3002355098724365,0.024626474827528,0.0006194015732035041,0.7176699042320251,1.0,0.0,0.9416079521179199,0.17588327825069427,0.0006048001814633608,0.02041637897491455,0.0,0.0,0.34150269627571106,0.06878981739282608,6.714947085129097e-05,1.2694646120071411,0.0,0.0
454,5.60408353805542,0.4083963930606842,36.19660949707031,5.852562427520752,0.6802542209625244,49.127471923828125,1.277146816253662,1.2760523557662964,67.16,1.041780948638916,0.038551151752471924,0.03803988918662071,7.520477294921875,0.0,0.0,0.2878955006599426,6.801682843615708e-07,0.0037120822817087173,0.8007420897483826,0.0,0.0,1.0404887199401855,0.45817479491233826,0.016114847734570503,0.2187950313091278,0.0131401801481843,0.40146294236183167,0.300856351852417,0.023598860949277878,0.0006463217432610691,0.6981976628303528,1.0,0.0,0.8629517555236816,0.2258756011724472,0.000551760196685791,0.019110050052404404,0.0,0.0,0.3406658470630646,0.05686260387301445,0.00013157421199139208,1.2510244846343994,0.0,0.0
455,5.605978965759277,0.4933411777019501,30.29136085510254,3.913424253463745,0.42004019021987915,56.939430236816406,1.0175284147262573,1.0184476375579834,88.7,1.11628258228302,0.022138280794024467,0.029459763318300247,9.952842712402344,0.0,0.0,0.29565122723579407,1.0728891766120796e-06,0.008116922341287136,0.7684774994850159,0.0,0.0,1.2121552228927612,0.3242122232913971,0.017694663256406784,0.25340551137924194,0.014502379111945629,0.4438347816467285,0.2746690809726715,0.011637494899332523,0.0007010549306869507,0.47899970412254333,1.0,0.0,0.7734688520431519,0.3138764500617981,0.000500208290759474,0.018594179302453995,0.0,0.0,0.35015133023262024,0.043685346841812134,0.00010974965698551387,1.2830216884613037,0.0,0.0
456,4.660393714904785,0.8534880876541138,25.006315231323242,5.618497371673584,0.594055712223053,47.51387405395508,1.1127604246139526,1.109738826751709,244.69,0.8509308695793152,0.013180487789213657,0.05260525643825531,19.998088836669922,0.0,0.0,0.34018707275390625,2.0525865693343803e-05,0.00363688706420362,0.6096552610397339,0.0,0.0,1.0644370317459106,0.5153343677520752,0.017447175458073616,0.2684069275856018,0.014525650069117546,0.4814146161079407,0.2892840802669525,0.019311169162392616,0.0006547759985551238,0.6193384528160095,1.0,0.0,0.896827757358551,0.20283161103725433,0.0005786615656688809,0.020115919411182404,0.0,0.0,0.3445231020450592,0.0603812001645565,6.557944288942963e-05,1.2808014154434204,0.0,0.0
457,3.541135311126709,0.23145821690559387,22.541439056396484,6.297367572784424,0.44346439838409424,49.48492431640625,1.0415215492248535,1.041943073272705,38.84,1.140213966369629,0.08638964593410492,0.019670778885483742,3.737766742706299,0.0,0.0,0.32044872641563416,5.773023440269753e-05,0.010708537884056568,0.8875741958618164,0.0,0.0,1.1970919370651245,0.2636583149433136,0.020144591107964516,0.36442896723747253,0.01862855814397335,0.6511228084564209,0.2729259133338928,0.011399613693356514,0.0007880906923674047,0.46504801511764526,1.0,0.0,0.7034206390380859,0.35941943526268005,0.00045490264892578125,0.01714678294956684,0.0,0.0,0.34828636050224304,0.04024313762784004,0.00010106414993060753,1.2858268022537231,0.0,0.0
458,2.7087438106536865,0.1327134370803833,25.650726318359375,2.1526591777801514,0.6743561029434204,47.70911407470703,1.0245405435562134,1.0282765626907349,354.63,0.943146824836731,0.1700511872768402,0.030421892181038857,3.398343324661255,0.0,0.0,0.36090490221977234,0.00022249070752877742,0.00182147859595716,0.9389879107475281,0.0,0.0,1.0145975351333618,0.5920369625091553,0.013128746300935745,0.12115563452243805,0.006986621767282486,0.1870006024837494,0.30056700110435486,0.02718490920960903,0.0003355683875270188,0.8129280209541321,1.0,0.0,0.907011866569519,0.16959789395332336,0.0006178398616611958,0.019245104864239693,0.0,0.0,0.3438994884490967,0.09549842774868011,3.852202644338831e-05,1.2861287593841553,0.0,0.0
459,4.978871822357178,0.5090876221656799,20.86342430114746,6.128783702850342,0.520561933517456,41.50027847290039,1.016992211341858,1.0187321901321411,167.94,1.0844547748565674,0.022852974012494087,0.03464442491531372,7.510809421539307,0.0,0.0,0.2939392030239105,7.476143650819722e-07,0.008160417899489403,0.7515792846679688,0.0,0.0,1.1993958950042725,0.33708739280700684,0.018678361549973488,0.33235177397727966,0.016800791025161743,0.5829873085021973,0.2795819640159607,0.014533206820487976,0.0006983081693761051,0.5441634058952332,1.0,0.0,0.7786110639572144,0.28702259063720703,0.0004911876749247313,0.0184172410517931,0.0,0.0,0.34643983840942383,0.04347291588783264,0.00011958245158893988,1.2797256708145142,0.0,0.0
460,3.693047046661377,0.31387773156166077,27.581602096557617,3.272472858428955,0.7327488660812378,56.823795318603516,1.1371420621871948,1.137541651725769,30.89,1.063618779182434,0.08217191696166992,0.03695835918188095,7.67755651473999,0.0,0.0,0.31433939933776855,9.838877303991467e-05,0.0013166835997253656,0.8415317535400391,0.0,0.0,1.061149001121521,0.5566848516464233,0.012885519303381443,0.13705044984817505,0.007561226841062307,0.22756394743919373,0.30549779534339905,0.02965964376926422,0.00037944718496873975,0.8531901240348816,1.0,0.0,0.9692769646644592,0.14523303508758545,0.0006560943438671529,0.02008446678519249,0.0,0.0,0.34197768568992615,0.09607334434986115,2.3260616217157803e-05,1.294987678527832,0.0,0.0
461,5.316768646240234,0.21495845913887024,22.692222595214844,7.421798229217529,0.5369195938110352,42.69709014892578,1.087942123413086,1.088423728942871,40.67,1.1708511114120483,0.10252648591995239,0.020205991342663765,3.46612811088562,0.0,0.0,0.30405086278915405,2.9395261663012207e-05,0.010143536143004894,0.8947733044624329,0.0,0.0,1.1589741706848145,0.2888222336769104,0.019897406920790672,0.3659367859363556,0.018504595384001732,0.6548948884010315,0.2823193371295929,0.015158211812376976,0.0007735856925137341,0.5339066982269287,1.0,0.0,0.7247461676597595,0.32617080211639404,0.0004656871024053544,0.017261570319533348,0.0,0.0,0.3458268940448761,0.04332466796040535,0.0001269406930077821,1.2771172523498535,0.0,0.0
462,3.699699878692627,0.5819276571273804,20.5085391998291,9.364544868469238,0.5964704751968384,57.82072067260742,1.1208726167678833,1.1193993091583252,117.42,1.0227617025375366,0.015735993161797523,0.04520706459879875,11.548392295837402,0.0,0.0,0.3027783930301666,9.031858212438237e-07,0.005060057621449232,0.7161039113998413,0.0,0.0,1.1493639945983887,0.3866412341594696,0.02014973759651184,0.3898421823978424,0.019700391218066216,0.7283024787902832,0.28614526987075806,0.017246369272470474,0.0008034863276407123,0.5711910724639893,1.0,0.0,0.8410189151763916,0.22991549968719482,0.0005347350961528718,0.019225075840950012,0.0,0.0,0.3432260751724243,0.05198284983634949,8.154188981279731e-05,1.28511381149292,0.0,0.0
463,4.586360931396484,0.35009413957595825,22.41680908203125,9.1848726272583,0.5730741024017334,57.65809631347656,1.131840467453003,1.13067626953125,90.97,1.168637990951538,0.056117843836545944,0.025971129536628723,6.286233425140381,0.0,0.0,0.2958132028579712,1.6196718206629157e-05,0.008843383751809597,0.8216902017593384,0.0,0.0,1.1662348508834839,0.31847596168518066,0.020676175132393837,0.39692455530166626,0.02011852338910103,0.7362812161445618,0.28502172231674194,0.016222380101680756,0.0008339774212799966,0.545432448387146,1.0,0.0,0.7746145129203796,0.27846547961235046,0.0004991883761249483,0.01805589720606804,0.0,0.0,0.34398186206817627,0.04845507815480232,0.00010070770076708868,1.2860714197158813,0.0,0.0
464,5.352745532989502,0.6554664969444275,26.465166091918945,5.241236686706543,0.45366495847702026,59.29485321044922,1.0368732213974,1.0376027822494507,67.81,1.02345871925354,0.008858563378453255,0.03617748245596886,13.785284996032715,0.0,0.0,0.30792519450187683,1.1057970823458163e-06,0.00716237910091877,0.6929816007614136,0.0,0.0,1.1996288299560547,0.3405899107456207,0.018796410411596298,0.3090556859970093,0.01659616269171238,0.552539050579071,0.27545976638793945,0.012221988290548325,0.0007513475720770657,0.4866325855255127,1.0,0.0,0.8057966828346252,0.27997520565986633,0.0005161596345715225,0.019113343209028244,0.0,0.0,0.34811726212501526,0.0451011098921299,9.031861554831266e-05,1.2870210409164429,0.0,0.0
465,3.6554131507873535,0.2750387191772461,30.00275421142578,7.707862377166748,0.6240292191505432,47.27627182006836,1.2483749389648438,1.2485466003417969,11.01,1.0429441928863525,0.07706604897975922,0.030635133385658264,4.615798473358154,0.0,0.0,0.313711553812027,5.3212690545478836e-05,0.008276062086224556,0.8541045188903809,0.0,0.0,1.0424654483795166,0.3700776696205139,0.018968651071190834,0.3030451536178589,0.01728116348385811,0.5600652098655701,0.29413703083992004,0.020301811397075653,0.0007940961513668299,0.5962725281715393,1.0,0.0,0.7949124574661255,0.2641916275024414,0.0005165283801034093,0.01820538192987442,0.0,0.0,0.34282049536705017,0.051946014165878296,0.00013726438919547945,1.2657697200775146,0.0,0.0
466,1.3400944471359253,0.4427646994590759,19.65007209777832,5.710176467895508,0.715871274471283,46.825286865234375,1.1524684429168701,1.1518793106079102,44.38,0.8740946650505066,0.03331976756453514,0.06994102895259857,9.02464771270752,0.0,0.0,0.3291335701942444,0.00010725270112743601,0.002531154779717326,0.7753404974937439,0.0,0.0,1.0224995613098145,0.5613337755203247,0.015115727670490742,0.21795839071273804,0.011397495865821838,0.37987470626831055,0.3002167344093323,0.027244210243225098,0.0005250937538221478,0.7707703709602356,1.0,0.0,0.951738178730011,0.15895219147205353,0.0006258191424421966,0.020388789474964142,0.0,0.0,0.34188443422317505,0.07993151247501373,4.277966218069196e-05,1.28662109375,0.0,0.0
467,4.500913143157959,0.8819581866264343,38.71589660644531,7.109838485717773,0.45253828167915344,59.90726089477539,1.1824580430984497,1.183273196220398,58.26,0.8066583275794983,0.014515324495732784,0.04733135551214218,19.69232940673828,0.0,0.0,0.3528526723384857,2.0848450731136836e-05,0.005028941668570042,0.6133214831352234,0.0,0.0,1.0540190935134888,0.3002757430076599,0.0209196787327528,0.3567065894603729,0.020555227994918823,0.6658502817153931,0.2770029306411743,0.011393752880394459,0.0009673978202044964,0.42950063943862915,1.0,0.0,0.7939831614494324,0.29979485273361206,0.0005050177569501102,0.019041361287236214,0.0,0.0,0.3478587567806244,0.04103371873497963,0.00014318393368739635,1.2703551054000854,0.0,0.0
468,1.617626428604126,0.04014682024717331,38.06536102294922,8.739259719848633,0.43605539202690125,50.28230667114258,1.2232826948165894,1.222886085510254,26.51,0.8765700459480286,0.14088255167007446,0.019103312864899635,2.061312675476074,0.0,0.0,0.38838931918144226,0.00016601233801338822,0.010782038792967796,0.9816014170646667,0.0,0.0,1.0162646770477295,0.1910528689622879,0.022595498710870743,0.4147067070007324,0.02405165508389473,0.7832669615745544,0.2743093967437744,0.009543539956212044,0.0010961756343021989,0.3850734233856201,1.0,0.0,0.6406445503234863,0.4331079423427582,0.0004087708075530827,0.016120729967951775,0.0,0.0,0.3484162390232086,0.03176906332373619,0.00020346665405668318,1.2519363164901733,0.0,0.0
469,5.141427516937256,0.4530825614929199,30.840486526489258,9.072278022766113,0.5368870496749878,43.012081146240234,1.2033884525299072,1.2052671909332275,129.53,1.0860121250152588,0.035090308636426926,0.03344066068530083,6.076962947845459,0.0,0.0,0.2912590801715851,6.093354159020237e-07,0.010097554884850979,0.7692740559577942,0.0,0.0,1.1072593927383423,0.26411172747612,0.021338697522878647,0.3931898772716522,0.021614566445350647,0.7370664477348328,0.2840881049633026,0.01440417766571045,0.0009370660409331322,0.48715031147003174,1.0,0.0,0.7441063523292542,0.32618123292922974,0.00046219475916586816,0.017813803628087044,0.0,0.0,0.34474891424179077,0.036851298063993454,0.00020423396199475974,1.251962661743164,0.0,0.0
470,2.834946632385254,0.07096397131681442,41.7607421875,8.423881530761719,0.5191503763198853,56.09370422363281,1.2810018062591553,1.2807986736297607,12.38,0.9506109356880188,0.14487597346305847,0.01594218797981739,1.8213341236114502,0.0,0.0,0.36095649003982544,0.00011801619257312268,0.008945020847022533,0.9638949632644653,0.0,0.0,1.0040658712387085,0.2369774430990219,0.021279916167259216,0.3546476364135742,0.02156100980937481,0.6747110486030579,0.2832266390323639,0.013489104807376862,0.0010083193192258477,0.457853227853775,1.0,0.0,0.6753427386283875,0.4009316563606262,0.0004345845081843436,0.016360905021429062,0.0,0.0,0.34470853209495544,0.03777998313307762,0.00021278008352965117,1.2491614818572998,0.0,0.0
471,3.9192466735839844,0.2784959375858307,40.79408645629883,3.718468189239502,0.5356210470199585,42.21054458618164,1.1360846757888794,1.135650634765625,33.64,0.9129730463027954,0.06554527580738068,0.03536847606301308,4.165307521820068,0.0,0.0,0.31548643112182617,4.843301576329395e-05,0.007236748933792114,0.8762018084526062,0.0,0.0,0.9545011520385742,0.287399560213089,0.01620147004723549,0.20416828989982605,0.012746160849928856,0.3603760898113251,0.2881983518600464,0.01647789217531681,0.000626116874627769,0.583537757396698,1.0,0.0,0.7550173401832581,0.35153084993362427,0.0004703001759480685,0.017768707126379013,0.0,0.0,0.3453636169433594,0.03798540309071541,0.0003371865605004132,1.2081786394119263,0.0,0.0
472,1.634007215499878,0.04955696687102318,29.810749053955078,8.635004043579102,0.505180299282074,47.04132843017578,1.2142903804779053,1.2174471616744995,213.54,0.909706711769104,0.1560487002134323,0.021323738619685173,1.8849859237670898,0.0,0.0,0.38610005378723145,0.00017651163216214627,0.010352916084229946,0.9737512469291687,0.0,0.0,1.034529685974121,0.2669115364551544,0.022024232894182205,0.39667683839797974,0.02200653962790966,0.7355682849884033,0.28119516372680664,0.013994958251714706,0.0009598566102795303,0.4603132903575897,1.0,0.0,0.6923867464065552,0.35282596945762634,0.0004508605634327978,0.016774877905845642,0.0,0.0,0.34638845920562744,0.040968216955661774,0.0001472050789743662,1.2703241109848022,0.0,0.0
473,1.0679585933685303,0.5327095985412598,19.555204391479492,8.826502799987793,0.538629412651062,56.31756591796875,1.1167160272598267,1.1171468496322632,34.53,0.8974809646606445,0.016027633100748062,0.06515589356422424,8.464061737060547,0.0,0.0,0.3281309902667999,5.1402548706391826e-05,0.005858824588358402,0.7409844398498535,0.0,0.0,1.1110820770263672,0.37178558111190796,0.021274497732520103,0.4140191674232483,0.020867642015218735,0.7576383352279663,0.28020140528678894,0.015137460082769394,0.0008338383631780744,0.5176966786384583,1.0,0.0,0.8183950185775757,0.24526740610599518,0.0005229312810115516,0.019027020782232285,0.0,0.0,0.34455564618110657,0.04916047304868698,8.852207247400656e-05,1.2881925106048584,0.0,0.0
474,4.081209182739258,0.7301893830299377,23.612276077270508,6.445410251617432,0.5080248117446899,40.94183349609375,1.074406385421753,1.0773701667785645,256.04,0.9268156886100769,0.008313174359500408,0.04787532985210419,12.772720336914062,0.0,0.0,0.3209153115749359,9.122167057284969e-07,0.00761456647887826,0.6593782305717468,0.0,0.0,1.1367229223251343,0.34628361463546753,0.019252752885222435,0.34023264050483704,0.017901409417390823,0.6125044822692871,0.2793942987918854,0.014091351069509983,0.0007642852142453194,0.5170864462852478,1.0,0.0,0.7982187271118164,0.2775470018386841,0.0005020109820179641,0.01888759806752205,0.0,0.0,0.34682756662368774,0.04336579144001007,0.000132842076709494,1.274970531463623,0.0,0.0
475,1.7050271034240723,0.41255006194114685,27.05011558532715,9.824851036071777,0.4732664227485657,55.089412689208984,1.180424690246582,1.180761456489563,24.16,0.9931623339653015,0.03437476232647896,0.044394005089998245,7.114500999450684,0.0,0.0,0.3229996860027313,4.7726040065754205e-05,0.008434069342911243,0.7851951718330383,0.0,0.0,1.1313706636428833,0.2605316936969757,0.02319725602865219,0.46298664808273315,0.02447143755853176,0.8687135577201843,0.2757633626461029,0.011507975868880749,0.0010346885537728667,0.42918190360069275,1.0,0.0,0.7499117851257324,0.3133763372898102,0.0004812213301192969,0.018046462908387184,0.0,0.0,0.3467639684677124,0.04166350141167641,9.509205119684339e-05,1.287966251373291,0.0,0.0
476,5.1706767082214355,0.1769460290670395,27.481985092163086,6.383377552032471,0.4860067069530487,51.76223373413086,1.1111884117126465,1.112904667854309,138.78,1.1938724517822266,0.1131938248872757,0.015076739713549614,3.0271658897399902,0.0,0.0,0.31248217821121216,5.018858428229578e-05,0.01055989321321249,0.9148721098899841,0.0,0.0,1.1622644662857056,0.2820974886417389,0.019986765459179878,0.3395286500453949,0.01815101131796837,0.6125427484512329,0.2797066271305084,0.013589390553534031,0.0008058942039497197,0.4897271990776062,1.0,0.0,0.7150757908821106,0.3419545292854309,0.00046651027514599264,0.017199374735355377,0.0,0.0,0.3473413288593292,0.04354248195886612,0.00011598206037888303,1.2806957960128784,0.0,0.0
477,5.481000900268555,0.8986036777496338,27.938642501831055,4.40081262588501,0.6874530911445618,54.826759338378906,1.1483384370803833,1.1523979902267456,306.77,0.8222110271453857,0.01889522559940815,0.054362449795007706,27.01361083984375,0.0,0.0,0.346129447221756,2.4559236408094876e-05,0.0011668973602354527,0.593941330909729,0.0,0.0,1.0357234477996826,0.5833316445350647,0.01476285606622696,0.187458336353302,0.010335519909858704,0.32536542415618896,0.29984036087989807,0.02569206990301609,0.0005040944088250399,0.7592155933380127,1.0,0.0,1.0000203847885132,0.14944328367710114,0.0006587200332432985,0.02123205177485943,0.0,0.0,0.342412531375885,0.08402089774608612,3.1504481739830226e-05,1.2875595092773438,0.0,0.0
478,1.9459598064422607,0.7284027338027954,27.79467010498047,2.7893075942993164,0.4569319486618042,59.25288009643555,1.0073920488357544,1.006294846534729,108.23,0.7973746061325073,0.00212245830334723,0.07298444956541061,17.836177825927734,0.0,0.0,0.34041523933410645,2.9811393687850796e-05,0.0027718348428606987,0.6777729392051697,0.0,0.0,1.106017827987671,0.5261555910110474,0.016324445605278015,0.19580760598182678,0.011813439428806305,0.3214934766292572,0.27928873896598816,0.014858237467706203,0.0005756993195973337,0.5453984141349792,1.0,0.0,0.8834635019302368,0.22666694223880768,0.0005804208922199905,0.020298998802900314,0.0,0.0,0.3496135175228119,0.059590257704257965,4.2767682316480204e-05,1.2933822870254517,0.0,0.0
479,3.1799089908599854,0.4782593846321106,36.315696716308594,3.6132583618164062,0.42691540718078613,56.7111701965332,1.0785853862762451,1.0770918130874634,128.56,0.9923363924026489,0.019852567464113235,0.041769351810216904,9.591851234436035,0.0,0.0,0.31331172585487366,2.0386611140565947e-05,0.006499759387224913,0.7832310795783997,0.0,0.0,1.1260712146759033,0.33136242628097534,0.01735268160700798,0.23001818358898163,0.013896416872739792,0.4001571536064148,0.2771614193916321,0.012292223982512951,0.0007051610155031085,0.4862135648727417,1.0,0.0,0.7814375162124634,0.3147805333137512,0.0005097286193631589,0.018735503777861595,0.0,0.0,0.350728839635849,0.04519883543252945,0.00012186833191663027,1.2764297723770142,0.0,0.0
480,2.4550845623016357,0.8563904166221619,25.94499969482422,9.974626541137695,0.4813082218170166,44.18716812133789,1.1609941720962524,1.1614611148834229,34.63,0.8086420297622681,0.017490055412054062,0.0595841221511364,14.370038986206055,0.0,0.0,0.3536088168621063,3.738628947758116e-05,0.0077543966472148895,0.6054543256759644,0.0,0.0,1.0806312561035156,0.2915054261684418,0.023229992017149925,0.4732779860496521,0.024453947320580482,0.8690794706344604,0.2756720781326294,0.011884276755154133,0.0009958789451047778,0.43917956948280334,1.0,0.0,0.7817139029502869,0.28436705470085144,0.000490811828058213,0.018791479989886284,0.0,0.0,0.3469085097312927,0.03923056274652481,0.0001264362217625603,1.2777336835861206,0.0,0.0
481,3.0804624557495117,0.5715229511260986,19.61545181274414,9.525888442993164,0.43699589371681213,54.08823776245117,1.041398286819458,1.0423460006713867,87.31,1.0608134269714355,0.017999257892370224,0.03906620666384697,8.585344314575195,0.0,0.0,0.30784016847610474,8.845687489156262e-07,0.00937547069042921,0.7249687314033508,0.0,0.0,1.2610621452331543,0.2353077232837677,0.02284623682498932,0.5101720690727234,0.024047954007983208,0.9272799491882324,0.267309308052063,0.009112902916967869,0.0009228641865774989,0.434234619140625,1.0,0.0,0.7431348562240601,0.3247683048248291,0.0004624811408575624,0.018157532438635826,0.0,0.0,0.3468511700630188,0.035418279469013214,9.117908484768122e-05,1.2894983291625977,0.0,0.0
482,4.952106952667236,0.6757998466491699,29.94499969482422,4.6089582443237305,0.49832630157470703,50.59286880493164,1.0912518501281738,1.0893373489379883,161.05,0.9735941886901855,0.0074858772568404675,0.042737219482660294,13.76179027557373,0.0,0.0,0.3111325800418854,1.0257649591949303e-06,0.006236168090254068,0.6845442652702332,0.0,0.0,1.1352323293685913,0.3993869423866272,0.017898233607411385,0.26125481724739075,0.014876313507556915,0.4625120460987091,0.2821839451789856,0.015005200169980526,0.0006978102028369904,0.5334668159484863,1.0,0.0,0.8305554986000061,0.2578046917915344,0.0005317677278071642,0.01938460022211075,0.0,0.0,0.3474576771259308,0.048535704612731934,0.00010781497257994488,1.275387167930603,0.0,0.0
483,3.1145458221435547,0.77077716588974,26.713970184326172,8.482754707336426,0.40727248787879944,58.5589485168457,1.1027772426605225,1.1008559465408325,158.26,0.8985887169837952,0.00929186400026083,0.04927089810371399,16.20922088623047,0.0,0.0,0.334927499294281,1.2113398497604067e-06,0.00716555118560791,0.649941086769104,0.0,0.0,1.1834579706192017,0.2542465329170227,0.022396571934223175,0.4580804109573364,0.02347591146826744,0.8531286716461182,0.26825612783432007,0.008694758638739586,0.0010021431371569633,0.398028701543808,1.0,0.0,0.7687914967536926,0.3142174780368805,0.00048559930291958153,0.01876203715801239,0.0,0.0,0.34880635142326355,0.038134682923555374,8.514045475749299e-05,1.2912906408309937,0.0,0.0
484,3.31419038772583,0.5975761413574219,22.973857879638672,7.787540912628174,0.6360917687416077,44.575172424316406,1.1720050573349,1.1702754497528076,126.1,0.9641854763031006,0.013849213719367981,0.052703652530908585,10.785225868225098,0.0,0.0,0.3064156770706177,8.018822882149834e-06,0.005822998005896807,0.7040759921073914,0.0,0.0,1.0870904922485352,0.4460604786872864,0.018455754965543747,0.3161739706993103,0.01666550524532795,0.5710083842277527,0.29244405031204224,0.020621245726943016,0.0007288001943379641,0.6255682706832886,1.0,0.0,0.859432578086853,0.2204562872648239,0.000550542667042464,0.01941720023751259,0.0,0.0,0.3430628478527069,0.05542667210102081,8.618070569355041e-05,1.278306484222412,0.0,0.0
485,4.62406587600708,0.7136150598526001,27.62863540649414,2.5267343521118164,0.7446867227554321,50.57268142700195,1.0551806688308716,1.0535997152328491,142.21,0.9437242150306702,0.00503051420673728,0.060519296675920486,18.07712173461914,0.0,0.0,0.30865785479545593,9.8162718131789e-07,0.0007432188722305,0.6589941382408142,0.0,0.0,1.0666530132293701,0.5433319211006165,0.011727584525942802,0.11194504052400589,0.005999519489705563,0.17643998563289642,0.3062341809272766,0.029962657019495964,0.00030741706723347306,0.8966754674911499,1.0,0.0,1.0668500661849976,0.11636321246623993,0.0007006042869761586,0.021555528044700623,0.0,0.0,0.341632217168808,0.09475807845592499,2.388840221101418e-05,1.2866261005401611,0.0,0.0
486,1.9390064477920532,0.47947877645492554,35.85724639892578,3.6373329162597656,0.7897779941558838,53.50727844238281,1.2508269548416138,1.2497118711471558,71.33,0.8392789959907532,0.029431920498609543,0.08186046034097672,11.116162300109863,0.0,0.0,0.32146623730659485,0.00010433910210849717,0.0006245765252970159,0.7443398237228394,0.0,0.0,0.9844133257865906,0.5177507400512695,0.011574077419936657,0.12899388372898102,0.006586490198969841,0.21158239245414734,0.31064924597740173,0.0334811732172966,0.0003348957689013332,0.9221034049987793,1.0,0.0,1.0641521215438843,0.12459266930818558,0.0007059208583086729,0.02143675461411476,0.0,0.0,0.3386758267879486,0.09209226071834564,3.093626582995057e-05,1.2765239477157593,0.0,0.0
487,1.6739603281021118,0.8173947930335999,16.703275680541992,9.80115032196045,0.5396612286567688,46.58378219604492,1.0603352785110474,1.059103012084961,109.73,0.7948118448257446,0.01245992910116911,0.07015746831893921,16.068153381347656,0.0,0.0,0.34696516394615173,3.436049883021042e-05,0.00634548207744956,0.6295589804649353,0.0,0.0,1.1035414934158325,0.3742011785507202,0.02156442031264305,0.4552564322948456,0.022172408178448677,0.8365368247032166,0.2772953510284424,0.014211026020348072,0.0008394454489462078,0.5225274562835693,1.0,0.0,0.8300843238830566,0.2365008145570755,0.0005237001460045576,0.019268358126282692,0.0,0.0,0.34474653005599976,0.04890722036361694,7.672424544580281e-05,1.2899717092514038,0.0,0.0
488,3.0506973266601562,0.5598224997520447,18.582958221435547,5.015076637268066,0.6348747611045837,46.827144622802734,1.0408138036727905,1.0409621000289917,13.69,0.952700674533844,0.014187700115144253,0.05448821932077408,12.40688419342041,0.0,0.0,0.30738288164138794,1.9177405192749575e-05,0.0032955596689134836,0.727421224117279,0.0,0.0,1.0965856313705444,0.5548366904258728,0.015904122963547707,0.2384754717350006,0.012532928958535194,0.41410088539123535,0.29147735238075256,0.0215123500674963,0.0005504876608029008,0.6916913986206055,1.0,0.0,0.9108477830886841,0.19067785143852234,0.0005900855758227408,0.020107027143239975,0.0,0.0,0.3436625897884369,0.06620816886425018,5.41527260793373e-05,1.2855368852615356,0.0,0.0
489,3.764270305633545,0.5498219132423401,24.84027671813965,9.486543655395508,0.672100305557251,56.17609405517578,1.230819821357727,1.232558250427246,114.59,1.0173875093460083,0.019766945391893387,0.04670022800564766,11.73466682434082,0.0,0.0,0.3005782663822174,9.639824384066742e-06,0.0036361264064908028,0.7244887948036194,0.0,0.0,1.0822210311889648,0.4693796634674072,0.018811210989952087,0.32663947343826294,0.017634602263569832,0.6117117404937744,0.2963622808456421,0.021995188668370247,0.0007827370427548885,0.6371672749519348,1.0,0.0,0.8748688697814941,0.20736472308635712,0.0005683742929250002,0.019459767267107964,0.0,0.0,0.34176334738731384,0.062183789908885956,5.922820491832681e-05,1.285086750984192,0.0,0.0
490,4.4715657234191895,0.33857813477516174,29.012693405151367,6.21451473236084,0.406017005443573,42.53767395019531,1.0747661590576172,1.075358271598816,51.23,1.134328007698059,0.05454821139574051,0.023760788142681122,4.175578594207764,0.0,0.0,0.30251166224479675,9.885635336104315e-06,0.011502030305564404,0.8382700085639954,0.0,0.0,1.173475742340088,0.22191770374774933,0.020249325782060623,0.3649390935897827,0.01938394457101822,0.6461502313613892,0.2712820768356323,0.00981126818805933,0.0008589448407292366,0.42067110538482666,1.0,0.0,0.6882273554801941,0.4051961600780487,0.00043334285146556795,0.01722664386034012,0.0,0.0,0.3501954674720764,0.032059647142887115,0.0001688804040895775,1.2630175352096558,0.0,0.0
491,2.7951979637145996,0.6820366382598877,26.594806671142578,3.083008289337158,0.45638737082481384,45.33501052856445,1.0006086826324463,0.9990411996841431,156.8,0.8811953067779541,0.0054845367558300495,0.05918639898300171,14.625101089477539,0.0,0.0,0.32677629590034485,1.3785998817184009e-05,0.006382454186677933,0.6916021704673767,0.0,0.0,1.1132383346557617,0.4301691949367523,0.01650899089872837,0.20917212963104248,0.012450906448066235,0.35098299384117126,0.2784905731678009,0.014149539172649384,0.0005913589848205447,0.53611820936203,1.0,0.0,0.8403621315956116,0.25646865367889404,0.0005429009906947613,0.01965976320207119,0.0,0.0,0.349780797958374,0.050642792135477066,9.175872401101515e-05,1.2775992155075073,0.0,0.0
492,5.226855278015137,0.6086037755012512,38.962337493896484,4.328033924102783,0.6723129153251648,50.71542739868164,1.2455782890319824,1.2458767890930176,19.24,0.9283539056777954,0.008289485238492489,0.05127518251538277,12.639413833618164,0.0,0.0,0.2953973114490509,7.890841970947804e-07,0.002141929231584072,0.7099133133888245,0.0,0.0,1.0189697742462158,0.5485020279884338,0.014898668974637985,0.18396826088428497,0.01104444544762373,0.32526421546936035,0.30041924118995667,0.02396797016263008,0.0005462612025439739,0.730409562587738,1.0,0.0,0.922653317451477,0.19824469089508057,0.0005860414821654558,0.020068081095814705,0.0,0.0,0.34075257182121277,0.06165864318609238,0.00010763835598481819,1.247477412223816,0.0,0.0
493,1.7980659008026123,0.5213152766227722,30.691110610961914,4.897096633911133,0.7419120669364929,50.334510803222656,1.2683266401290894,1.2699058055877686,98.04,0.8455585241317749,0.018877847120165825,0.07922185957431793,12.292621612548828,0.0,0.0,0.3214873969554901,8.915628131944686e-05,0.001262302277609706,0.7264756560325623,0.0,0.0,0.9877246022224426,0.5597324967384338,0.013946647755801678,0.1737903505563736,0.00986236147582531,0.30588990449905396,0.30623048543930054,0.02930193580687046,0.0004997113719582558,0.8112050294876099,1.0,0.0,0.989046037197113,0.15269236266613007,0.0006538907182402909,0.020743319764733315,0.0,0.0,0.34045109152793884,0.08773292601108551,3.8926689740037546e-05,1.2778674364089966,0.0,0.0
494,4.50148868560791,0.8801459670066833,38.21113586425781,6.436629295349121,0.5861626863479614,52.586055755615234,1.2507215738296509,1.2525641918182373,117.62,0.7765995264053345,0.01732551120221615,0.05810709297657013,18.58160972595215,0.0,0.0,0.34592607617378235,1.7669422959443182e-05,0.004067913629114628,0.5999161601066589,0.0,0.0,0.977159321308136,0.4367745816707611,0.018671240657567978,0.277163565158844,0.016566110774874687,0.5112581849098206,0.2913033962249756,0.018719345331192017,0.0007783773471601307,0.571203887462616,1.0,0.0,0.8763524293899536,0.22693130373954773,0.000555489503312856,0.019898852333426476,0.0,0.0,0.34311482310295105,0.050442591309547424,0.00013780748122371733,1.252848505973816,0.0,0.0
495,1.2509222030639648,0.006270145531743765,22.043140411376953,4.212481498718262,0.5479679703712463,58.99112319946289,1.0819766521453857,1.0807154178619385,107.86,0.8583265542984009,0.2558829188346863,0.022639870643615723,0.66238933801651,0.0,0.0,0.4169328212738037,0.00023959037207532674,0.005585324950516224,1.0149424076080322,0.0,0.0,1.004658579826355,0.6560062170028687,0.01820606365799904,0.2428356558084488,0.013398989103734493,0.40677720308303833,0.28582078218460083,0.020192502066493034,0.0005167416529729962,0.6053401231765747,1.0,0.0,0.7587433457374573,0.21013614535331726,0.0005039206589572132,0.01730973646044731,0.0,0.0,0.3459766209125519,0.07124178111553192,8.025359420571476e-05,1.2933201789855957,0.0,0.0
496,3.323194742202759,0.05597366392612457,17.59870147705078,6.92584753036499,0.7366430163383484,47.159446716308594,1.1182496547698975,1.1265945434570312,662.39,1.0065934658050537,0.2181565761566162,0.018007561564445496,1.6541444063186646,0.0,0.0,0.361985445022583,0.0001362866605632007,0.005326203536242247,0.9933394193649292,0.0,0.0,1.0527745485305786,0.5456913113594055,0.015331015922129154,0.2437783181667328,0.011931544169783592,0.4188421368598938,0.30125492811203003,0.02782241441309452,0.0005332874716259539,0.7798293828964233,1.0,0.0,0.8096529245376587,0.2091728299856186,0.0005405790288932621,0.01779845915734768,0.0,0.0,0.34180670976638794,0.07294727861881256,6.410641071852297e-05,1.2877426147460938,0.0,0.0
497,1.8797316551208496,0.24908587336540222,15.329621315002441,9.43248462677002,0.5839457511901855,54.656307220458984,1.0499773025512695,1.047871470451355,191.4,1.0169992446899414,0.09899131953716278,0.036166369915008545,3.3894505500793457,0.0,0.0,0.33588898181915283,7.750928489258513e-05,0.007770765107125044,0.880396842956543,0.0,0.0,1.1368756294250488,0.37677016854286194,0.020846961066126823,0.4239547550678253,0.01983759179711342,0.7469802498817444,0.2825004458427429,0.01719907857477665,0.0007397598819807172,0.5717297792434692,1.0,0.0,0.7602253556251526,0.26298508048057556,0.0004859018954448402,0.017683541402220726,0.0,0.0,0.3430676758289337,0.048026662319898605,0.00011391927546355873,1.2821580171585083,0.0,0.0
498,4.261786460876465,0.16182772815227509,17.702354431152344,9.003029823303223,0.711327075958252,51.82915496826172,1.1126688718795776,1.1123021841049194,29.63,1.1084786653518677,0.15175437927246094,0.02079300954937935,3.3439347743988037,0.0,0.0,0.32309049367904663,7.02993493177928e-05,0.006655147299170494,0.9337367415428162,0.0,0.0,1.0908339023590088,0.47292813658714294,0.017181668430566788,0.30979761481285095,0.015026034787297249,0.5530188679695129,0.29782453179359436,0.024447187781333923,0.0006330919568426907,0.7145155668258667,1.0,0.0,0.8173477649688721,0.22013555467128754,0.0005370680592022836,0.018213434144854546,0.0,0.0,0.3418642580509186,0.06441564857959747,7.642303535249084e-05,1.2865818738937378,0.0,0.0
499,4.094543933868408,0.7974686622619629,29.338088989257812,8.600567817687988,0.436923623085022,59.73509216308594,1.1344207525253296,1.13309645652771,103.03,0.9083011746406555,0.011700197122991085,0.04359859600663185,17.114479064941406,0.0,0.0,0.3352062404155731,3.940481747122249e-06,0.006697800010442734,0.6354668140411377,0.0,0.0,1.150272250175476,0.2737891376018524,0.022357549518346786,0.44011810421943665,0.023075547069311142,0.8251579403877258,0.27233338356018066,0.010044458322227001,0.0010031331330537796,0.41339176893234253,1.0,0.0,0.7788453102111816,0.30157965421676636,0.0004947200650349259,0.018794909119606018,0.0,0.0,0.3479173481464386,0.040550168603658676,9.59555763984099e-05,1.2878015041351318,0.0,0.0
500,4.337907791137695,0.5416510105133057,25.77493667602539,3.0040438175201416,0.6040751934051514,55.75275421142578,1.0432815551757812,1.0423460006713867,86.03,1.0293821096420288,0.01738252304494381,0.04423709958791733,13.321033477783203,0.0,0.0,0.3002052307128906,9.138866516877897e-06,0.0022444617934525013,0.7351903915405273,0.0,0.0,1.1195995807647705,0.6395196914672852,0.01500819530338049,0.17100508511066437,0.009952371940016747,0.2834148705005646,0.29283419251441956,0.02162512205541134,0.00047320235171355307,0.6964475512504578,1.0,0.0,0.9314755201339722,0.18095238506793976,0.0006146790110506117,0.020352860912680626,0.0,0.0,0.3449932634830475,0.07436640560626984,4.1546427382854745e-05,1.2890424728393555,0.0,0.0
501,1.3323858976364136,0.3626917600631714,31.0687198638916,6.098796367645264,0.673046886920929,45.288978576660156,1.279675006866455,1.2798727750778198,12.08,0.8417764902114868,0.0482201986014843,0.06655280292034149,6.333125591278076,0.0,0.0,0.3372405767440796,0.00011896522482857108,0.003992085810750723,0.8008013367652893,0.0,0.0,0.9732147455215454,0.5183115601539612,0.016726339235901833,0.2345866858959198,0.013710890896618366,0.42103078961372375,0.2996484339237213,0.02458307519555092,0.0006570380064658821,0.6850826740264893,1.0,0.0,0.8766033053398132,0.207231804728508,0.0005714538274332881,0.01938467100262642,0.0,0.0,0.3418225347995758,0.06216784939169884,9.655515168560669e-05,1.2626378536224365,0.0,0.0
502,5.8520636558532715,0.398829847574234,33.46949005126953,6.671148300170898,0.7060717344284058,59.76909637451172,1.2835947275161743,1.2838772535324097,17.14,1.1242271661758423,0.04231366142630577,0.0326993465423584,8.849967002868652,0.0,0.0,0.28689756989479065,8.183752129298227e-07,0.0026750070974230766,0.806694746017456,0.0,0.0,1.0965608358383179,0.5273569226264954,0.016279270872473717,0.22754600644111633,0.013392149470746517,0.4212612807750702,0.30278852581977844,0.025181107223033905,0.0006624090019613504,0.7158876657485962,1.0,0.0,0.89005446434021,0.19929850101470947,0.0005853001493960619,0.019434751942753792,0.0,0.0,0.3409520387649536,0.06910156458616257,5.481642801896669e-05,1.2832978963851929,0.0,0.0
503,4.021823883056641,0.5797195434570312,20.342695236206055,7.274672985076904,0.4876120388507843,55.38684844970703,1.028936505317688,1.0250414609909058,369.3,1.0687822103500366,0.015168414451181889,0.038299862295389175,9.904101371765137,0.0,0.0,0.3026622533798218,9.237137987838651e-07,0.008039337582886219,0.7207688689231873,0.0,0.0,1.2282979488372803,0.31288179755210876,0.02028665877878666,0.3909592926502228,0.019354866817593575,0.7052676677703857,0.2750186324119568,0.012447786517441273,0.0007879621698521078,0.4959138333797455,1.0,0.0,0.7836441993713379,0.28387686610221863,0.0004941814113408327,0.018636420369148254,0.0,0.0,0.34609171748161316,0.04193384200334549,0.00010022251808550209,1.2862787246704102,0.0,0.0
504,5.9524078369140625,0.1516534686088562,30.086524963378906,6.420048713684082,0.7357508540153503,44.01939392089844,1.263850450515747,1.2656869888305664,114.81,1.0952004194259644,0.14449693262577057,0.02579149231314659,2.985088348388672,0.0,0.0,0.3119036555290222,4.847899981541559e-05,0.004280170891433954,0.9426778554916382,0.0,0.0,1.0107300281524658,0.5152187347412109,0.015153476037085056,0.2096325010061264,0.011987915262579918,0.38020583987236023,0.30571460723876953,0.02714100293815136,0.0005963463336229324,0.7653210163116455,1.0,0.0,0.8377841114997864,0.21781721711158752,0.0005499446997419,0.01831362023949623,0.0,0.0,0.34057363867759705,0.06774076074361801,0.00010533902968745679,1.2614974975585938,0.0,0.0
505,5.905554294586182,0.9342727065086365,25.313554763793945,3.4666247367858887,0.6216264367103577,67.58732604980469,1.0328121185302734,1.0308541059494019,183.91,0.7894845008850098,0.02048908919095993,0.050883468240499496,27.915998458862305,0.0,0.0,0.35957929491996765,4.274237289791927e-05,0.001097236294299364,0.5889342427253723,0.0,0.0,1.0479835271835327,0.6205845475196838,0.015060311183333397,0.18332885205745697,0.010273569263517857,0.31086036562919617,0.2928158938884735,0.022032225504517555,0.00048476344090886414,0.707673192024231,1.0,0.0,0.9866976737976074,0.15834924578666687,0.0006506940117105842,0.02123430371284485,0.0,0.0,0.3441257178783417,0.07958916574716568,3.266771454946138e-05,1.288772702217102,0.0,0.0
506,2.8949813842773438,0.895225465297699,25.004674911499023,2.937270402908325,0.734912097454071,41.82695388793945,1.083575963973999,1.084700345993042,95.66,0.7415716052055359,0.022968502715229988,0.09039480239152908,24.590702056884766,0.0,0.0,0.34840336441993713,4.3212639866396785e-05,0.0010706335306167603,0.5857058167457581,0.0,0.0,0.9829540848731995,0.5488358736038208,0.01229286752641201,0.12765885889530182,0.0067497906275093555,0.20517964661121368,0.3046708405017853,0.02968287467956543,0.0003414223901927471,0.8704206347465515,1.0,0.0,1.0611488819122314,0.12377059459686279,0.00069629360223189,0.021779421716928482,0.0,0.0,0.341841459274292,0.0930446907877922,3.243966420996003e-05,1.2762672901153564,0.0,0.0
507,1.4656543731689453,0.5731781721115112,34.65568542480469,8.587076187133789,0.4281366169452667,52.21384811401367,1.195745587348938,1.1958094835281372,4.47,0.8907288908958435,0.01229184027761221,0.05888396129012108,9.156373023986816,0.0,0.0,0.3277033269405365,1.7122460121754557e-05,0.00782168097794056,0.7192192077636719,0.0,0.0,1.0907855033874512,0.24256101250648499,0.022658467292785645,0.4240763783454895,0.023840095847845078,0.7961150407791138,0.27346640825271606,0.00950529146939516,0.0010765667539089918,0.38758358359336853,1.0,0.0,0.7427902221679688,0.3425063192844391,0.00046796348760835826,0.018265292048454285,0.0,0.0,0.3490423560142517,0.035854730755090714,0.000147097249282524,1.2711000442504883,0.0,0.0
508,4.701624870300293,0.26548710465431213,34.260379791259766,4.675002098083496,0.5120844841003418,40.00022888183594,1.1318577527999878,1.1325266361236572,52.18,1.032928705215454,0.0752691924571991,0.027649948373436928,3.9440231323242188,0.0,0.0,0.308184415102005,3.571932393242605e-05,0.008769705891609192,0.8783621191978455,0.0,0.0,1.0233569145202637,0.2879484295845032,0.01770060323178768,0.2502065598964691,0.01495725940912962,0.45138344168663025,0.2852640748023987,0.015361024998128414,0.0007087600533850491,0.536635160446167,1.0,0.0,0.7285972237586975,0.35203108191490173,0.00046054963604547083,0.01738012209534645,0.0,0.0,0.3467545807361603,0.03916332498192787,0.00026101191178895533,1.2326260805130005,0.0,0.0
509,5.39510440826416,0.3206724226474762,40.750648498535156,8.428132057189941,0.5742024183273315,56.95943069458008,1.288167119026184,1.2907732725143433,156.74,1.0890705585479736,0.058908455073833466,0.02590787224471569,5.262011528015137,0.0,0.0,0.29203152656555176,3.816609023488127e-06,0.00915153231471777,0.8395628929138184,0.0,0.0,1.0585525035858154,0.27649351954460144,0.020386934280395508,0.3287141025066376,0.020021187141537666,0.6261163353919983,0.2893933653831482,0.01628783904016018,0.0009417226538062096,0.5157837867736816,1.0,0.0,0.7505830526351929,0.32718661427497864,0.000476481654914096,0.01764652691781521,0.0,0.0,0.34254002571105957,0.04100959375500679,0.00021255947649478912,1.2497529983520508,0.0,0.0
510,4.133283615112305,0.3373740613460541,25.5218448638916,6.341846466064453,0.6869070529937744,43.6463623046875,1.2026253938674927,1.205069661140442,168.66,1.052997350692749,0.061344992369413376,0.03567834943532944,6.622279644012451,0.0,0.0,0.3029273748397827,3.810422640526667e-05,0.004294388461858034,0.8292529582977295,0.0,0.0,1.054650068283081,0.4906787872314453,0.016237691044807434,0.240991473197937,0.0132300965487957,0.43464457988739014,0.29951801896095276,0.02421066351234913,0.0006260123918764293,0.7093057632446289,1.0,0.0,0.8564639091491699,0.21598538756370544,0.0005597136914730072,0.018949784338474274,0.0,0.0,0.34212782979011536,0.06432460248470306,8.397013880312443e-05,1.2723830938339233,0.0,0.0
511,3.6492881774902344,0.6270269155502319,19.187026977539062,4.94620418548584,0.7461799383163452,40.831085205078125,1.072679042816162,1.0724753141403198,17.71,0.9195119142532349,0.005910314619541168,0.060515955090522766,15.310352325439453,0.0,0.0,0.3037479519844055,6.966802629904123e-06,0.001499225152656436,0.6978998780250549,0.0,0.0,1.0514745712280273,0.5421498417854309,0.013011344708502293,0.18275870382785797,0.00929344817996025,0.31525447964668274,0.3023211658000946,0.027541490271687508,0.00045380735537037253,0.836010217666626,1.0,0.0,0.9849938750267029,0.15392743051052094,0.0006378248799592257,0.020807642489671707,0.0,0.0,0.34172409772872925,0.08414285629987717,3.735844074981287e-05,1.282453179359436,0.0,0.0
512,2.4102165699005127,0.05719887465238571,33.65395736694336,8.505627632141113,0.41103923320770264,46.75108337402344,1.1785422563552856,1.181401014328003,205.32,0.9814900159835815,0.14568278193473816,0.013158257119357586,2.199700355529785,0.0,0.0,0.3691311478614807,0.00012072075332980603,0.012885571457445621,0.9770053029060364,0.0,0.0,1.0714374780654907,0.1833433359861374,0.022666919976472855,0.43361297249794006,0.023932361975312233,0.8068094253540039,0.27159589529037476,0.008888421580195427,0.0010617433581501245,0.37820833921432495,1.0,0.0,0.6315405368804932,0.43069911003112793,0.0004031596181448549,0.01602337881922722,0.0,0.0,0.34949153661727905,0.031071381643414497,0.0001820205943658948,1.2586870193481445,0.0,0.0
513,4.139751434326172,0.3275092840194702,28.545305252075195,5.176867961883545,0.6904086470603943,45.35346984863281,1.212246298789978,1.212314486503601,4.64,1.0396034717559814,0.06495502591133118,0.03618985787034035,6.698413372039795,0.0,0.0,0.30503836274147034,4.77089051855728e-05,0.0033966705668717623,0.834136426448822,0.0,0.0,1.0418479442596436,0.5457769632339478,0.015367144718766212,0.2047770917415619,0.01160325575619936,0.3635760545730591,0.301215797662735,0.02524462342262268,0.0005672930274158716,0.7369736433029175,1.0,0.0,0.8786998391151428,0.20259679853916168,0.0005774134770035744,0.01921919547021389,0.0,0.0,0.341988205909729,0.06878376752138138,7.893020665505901e-05,1.2695854902267456,0.0,0.0
514,4.561684608459473,0.3985256850719452,29.877052307128906,5.9579854011535645,0.7046123147010803,47.53656005859375,1.247324824333191,1.2489917278289795,107.0,1.050307035446167,0.04421113803982735,0.03880193457007408,8.253393173217773,0.0,0.0,0.2955668568611145,1.970100674952846e-05,0.003174454439431429,0.7987571954727173,0.0,0.0,1.0455213785171509,0.5427485108375549,0.01563517563045025,0.21608185768127441,0.012368928641080856,0.39203333854675293,0.3024213910102844,0.02544179931282997,0.0006080911261960864,0.7337383031845093,1.0,0.0,0.8882561326026917,0.1993444412946701,0.0005804281099699438,0.019369371235370636,0.0,0.0,0.3412175476551056,0.0682125836610794,7.769799412926659e-05,1.2693827152252197,0.0,0.0
515,3.9700260162353516,0.32409459352493286,23.674684524536133,8.638071060180664,0.6829929351806641,55.565162658691406,1.2142460346221924,1.2125842571258545,112.86,1.0977877378463745,0.06644006818532944,0.03175077587366104,6.615983009338379,0.0,0.0,0.30473384261131287,4.469851410249248e-05,0.004635063465684652,0.8357309699058533,0.0,0.0,1.0850553512573242,0.47053512930870056,0.018031593412160873,0.30301523208618164,0.01616721600294113,0.5603228807449341,0.2976697087287903,0.02311612479388714,0.0007236520177684724,0.6653985381126404,1.0,0.0,0.8461607694625854,0.21641279757022858,0.0005567760090343654,0.01881803758442402,0.0,0.0,0.3419003188610077,0.0648287832736969,6.142869096947834e-05,1.2865653038024902,0.0,0.0
516,1.0680660009384155,0.5135226845741272,17.430091857910156,5.993175506591797,0.7817956805229187,44.28999710083008,1.1394938230514526,1.1368513107299805,203.99,0.825019359588623,0.02012074552476406,0.0843399316072464,10.868687629699707,0.0,0.0,0.32863959670066833,0.00010201836994383484,0.0017527074087411165,0.7444817423820496,0.0,0.0,0.9972923994064331,0.5298905968666077,0.013203042559325695,0.19160698354244232,0.009536756202578545,0.3310362696647644,0.3051467835903168,0.031075045466423035,0.00046383144217543304,0.8588187098503113,1.0,0.0,1.0124067068099976,0.13304933905601501,0.0006640890496782959,0.02104981057345867,0.0,0.0,0.34075474739074707,0.09316301345825195,3.2558491511736065e-05,1.2863314151763916,0.0,0.0
517,2.2357699871063232,0.7316449880599976,26.550771713256836,3.885263204574585,0.6218072772026062,57.36532211303711,1.1345938444137573,1.1342034339904785,30.34,0.8159693479537964,0.004625159781426191,0.07800338417291641,18.949344635009766,0.0,0.0,0.33105722069740295,3.946532160625793e-05,0.0014174488605931401,0.653636634349823,0.0,0.0,1.0410568714141846,0.6235944032669067,0.015626106411218643,0.19582650065422058,0.011294759809970856,0.33618366718292236,0.29449793696403503,0.022865550592541695,0.0005338204791769385,0.690833330154419,1.0,0.0,0.9728479981422424,0.16350629925727844,0.000641866005025804,0.021029049530625343,0.0,0.0,0.3442491888999939,0.0797932967543602,2.9631031793542206e-05,1.2917934656143188,0.0,0.0
518,4.150643825531006,0.05972589924931526,22.794286727905273,9.918028831481934,0.6782205700874329,55.56222152709961,1.223490834236145,1.224382758140564,59.54,1.1068429946899414,0.2053835391998291,0.01315424032509327,2.3864529132843018,0.0,0.0,0.3459222912788391,0.0001059243077179417,0.009095798246562481,0.9826507568359375,0.0,0.0,1.0755430459976196,0.4126376509666443,0.019148346036672592,0.3398059904575348,0.01762796938419342,0.6183974742889404,0.2970169484615326,0.02298639714717865,0.0007547791465185583,0.6459569334983826,1.0,0.0,0.7623419761657715,0.25523850321769714,0.0005064317956566811,0.017315294593572617,0.0,0.0,0.3420751988887787,0.059550005942583084,8.772730507189408e-05,1.2868778705596924,0.0,0.0
519,4.034961700439453,0.3968331217765808,33.183170318603516,4.135704517364502,0.7038814425468445,59.24200439453125,1.2239686250686646,1.2242392301559448,18.06,1.0426297187805176,0.04599197581410408,0.03972359001636505,9.566253662109375,0.0,0.0,0.3022548258304596,5.0529535656096414e-05,0.0015203121583908796,0.8000204563140869,0.0,0.0,1.061448335647583,0.5813062191009521,0.014324119314551353,0.1699228137731552,0.009799512103199959,0.2947424054145813,0.3033417761325836,0.027156788855791092,0.0004902857472188771,0.7816307544708252,1.0,0.0,0.9457269310951233,0.17015616595745087,0.0006337145459838212,0.02009463869035244,0.0,0.0,0.34169527888298035,0.08593910932540894,3.4109983971575275e-05,1.2889357805252075,0.0,0.0
520,2.6868841648101807,0.5140080451965332,33.91605758666992,3.9578609466552734,0.6107237935066223,49.39745330810547,1.1924161911010742,1.1919785737991333,30.79,0.9031757712364197,0.01813012920320034,0.06069844961166382,11.035536766052246,0.0,0.0,0.31355053186416626,4.720121432910673e-05,0.0028548454865813255,0.7428542971611023,0.0,0.0,1.0227352380752563,0.5154915452003479,0.015864688903093338,0.1959449201822281,0.011735355481505394,0.3424025774002075,0.29503512382507324,0.021575486287474632,0.0005738112377002835,0.666886568069458,1.0,0.0,0.8907018303871155,0.21403469145298004,0.0005811909213662148,0.01979382149875164,0.0,0.0,0.34407222270965576,0.06263229250907898,8.451185567537323e-05,1.2656824588775635,0.0,0.0
521,3.6649577617645264,0.7437017560005188,28.814769744873047,8.052221298217773,0.6554001569747925,43.966888427734375,1.2516194581985474,1.2515958547592163,1.51,0.8695801496505737,0.011033637449145317,0.06118081882596016,14.954522132873535,0.0,0.0,0.32005366683006287,9.28302324609831e-06,0.004455633461475372,0.6387287974357605,0.0,0.0,1.0122922658920288,0.47540414333343506,0.0183218102902174,0.2951921820640564,0.016744263470172882,0.5525898337364197,0.2963119447231293,0.02157164365053177,0.0007691321661695838,0.6286724805831909,1.0,0.0,0.881671667098999,0.2112065702676773,0.0005604978068731725,0.019680405035614967,0.0,0.0,0.3419071435928345,0.05657968670129776,0.00010321840090909973,1.2623062133789062,0.0,0.0
522,2.6194887161254883,0.8724390864372253,30.457406997680664,3.2435264587402344,0.5994247794151306,53.5064582824707,1.124517798423767,1.1224416494369507,164.49,0.7364650368690491,0.013465873897075653,0.08214438706636429,24.9573917388916,0.0,0.0,0.35231244564056396,4.6266162826213986e-05,0.0013968837447464466,0.6038736701011658,0.0,0.0,1.0160280466079712,0.6449472904205322,0.015433473512530327,0.17694196105003357,0.010562830604612827,0.3014164865016937,0.2937542200088501,0.02190757915377617,0.0005119353882037103,0.6795811653137207,1.0,0.0,0.9671063423156738,0.1722942441701889,0.0006388644105754793,0.021071529015898705,0.0,0.0,0.3450738191604614,0.0749564990401268,3.871488297590986e-05,1.2841778993606567,0.0,0.0
523,5.859381675720215,0.23633548617362976,27.034048080444336,7.912020683288574,0.7069430947303772,44.199588775634766,1.239410638809204,1.2385364770889282,56.95,1.1276729106903076,0.09786491096019745,0.028744937852025032,4.283294677734375,0.0,0.0,0.29874223470687866,2.5830897357081994e-05,0.005703776143491268,0.8912354111671448,0.0,0.0,1.051130771636963,0.4406791031360626,0.01678447611629963,0.2645772099494934,0.014604653231799603,0.48696649074554443,0.3015371561050415,0.024432558566331863,0.000687125138938427,0.7026354074478149,1.0,0.0,0.8213239908218384,0.23570916056632996,0.000534955644980073,0.018309080973267555,0.0,0.0,0.34141552448272705,0.060694918036460876,0.0001072748054866679,1.268704891204834,0.0,0.0
524,3.476337194442749,0.1649952232837677,32.735599517822266,3.992121934890747,0.6894904375076294,45.82773208618164,1.2184042930603027,1.2168488502502441,104.91,0.9582907557487488,0.1390291154384613,0.029416535049676895,3.385385513305664,0.0,0.0,0.33922332525253296,0.0001262770383618772,0.0031821425072848797,0.9205521941184998,0.0,0.0,0.9932965636253357,0.561413586139679,0.014480733312666416,0.17121274769306183,0.00991932861506939,0.2928527295589447,0.3024040460586548,0.02640295960009098,0.0004914356977678835,0.7655727863311768,1.0,0.0,0.8576908111572266,0.2116052359342575,0.0005693411221727729,0.018723759800195694,0.0,0.0,0.34182360768318176,0.07005389779806137,9.292233153246343e-05,1.2607959508895874,0.0,0.0
525,1.576021671295166,0.7681152820587158,34.540897369384766,8.190725326538086,0.5110415816307068,58.38264083862305,1.2366572618484497,1.2367334365844727,4.98,0.7679466009140015,0.00641643675044179,0.0769139900803566,16.598968505859375,0.0,0.0,0.3431282043457031,2.75959446298657e-05,0.0035805944353342056,0.6359650492668152,0.0,0.0,1.0346721410751343,0.3677935004234314,0.021386656910181046,0.3675369620323181,0.02133762836456299,0.6957395672798157,0.28275734186172485,0.014083735644817352,0.0009840939892455935,0.46472403407096863,1.0,0.0,0.8342957496643066,0.25557443499565125,0.0005358398193493485,0.01947086490690708,0.0,0.0,0.346186101436615,0.04936279356479645,7.88599718362093e-05,1.281626582145691,0.0,0.0
526,2.1325953006744385,0.6653519868850708,21.34925079345703,5.768990993499756,0.7731372714042664,48.4281005859375,1.1832051277160645,1.1816681623458862,109.93,0.8430185317993164,0.006577744148671627,0.08154354989528656,16.10833168029785,0.0,0.0,0.31999921798706055,4.729623469756916e-05,0.001336960936896503,0.6743324398994446,0.0,0.0,1.0076897144317627,0.53848797082901,0.013427875936031342,0.1866355538368225,0.009669188410043716,0.32585838437080383,0.30601635575294495,0.030524691566824913,0.0004832065897062421,0.8447723984718323,1.0,0.0,1.0428608655929565,0.12910784780979156,0.0006845910684205592,0.02156866528093815,0.0,0.0,0.3406718075275421,0.0938766673207283,2.6463096219231375e-05,1.2874187231063843,0.0,0.0
527,2.2315313816070557,0.7836804389953613,43.69882583618164,3.240436315536499,0.5101943612098694,51.94335174560547,1.1514396667480469,1.1510447263717651,29.8,0.6981509327888489,0.003219807520508766,0.08736664801836014,15.725961685180664,0.0,0.0,0.34177595376968384,1.9297312974231318e-05,0.0025382856838405132,0.6537944078445435,0.0,0.0,0.9624031782150269,0.4281749129295349,0.015917839482426643,0.19407716393470764,0.012122017331421375,0.3341323733329773,0.2856253981590271,0.015880418941378593,0.0006051658419892192,0.5774596333503723,1.0,0.0,0.870906412601471,0.2529214024543762,0.0005465574795380235,0.02003040909767151,0.0,0.0,0.34709733724594116,0.047609493136405945,0.00015706047997809947,1.238036870956421,0.0,0.0
528,4.373542308807373,0.5096365213394165,23.20975685119629,5.0571184158325195,0.7303857803344727,40.39268112182617,1.1413764953613281,1.13995361328125,109.36,1.00057053565979,0.01965622417628765,0.04892171919345856,10.943742752075195,0.0,0.0,0.2944737672805786,6.151278284960426e-06,0.0021835369989275932,0.7493420839309692,0.0,0.0,1.0621483325958252,0.557124674320221,0.013873537071049213,0.19028867781162262,0.010014410130679607,0.3283153772354126,0.3028395175933838,0.02709651179611683,0.0004921005456708372,0.8033458590507507,1.0,0.0,0.9400160312652588,0.17207717895507812,0.0006088445079512894,0.020165927708148956,0.0,0.0,0.34171226620674133,0.07516338676214218,5.910047184443101e-05,1.2742081880569458,0.0,0.0
529,4.090617656707764,0.2243451029062271,24.22279930114746,4.527192115783691,0.7061238884925842,41.19892501831055,1.1450716257095337,1.1424123048782349,203.29,1.0334376096725464,0.11320045590400696,0.030042747035622597,4.529777526855469,0.0,0.0,0.3188076615333557,8.063223503995687e-05,0.0031982222571969032,0.8925685882568359,0.0,0.0,1.0392104387283325,0.5716671943664551,0.014274020679295063,0.18477490544319153,0.010031587444245815,0.31592515110969543,0.30182084441185,0.026528753340244293,0.0004886171082034707,0.7827069759368896,1.0,0.0,0.8692536950111389,0.20109570026397705,0.0005749685224145651,0.018928198143839836,0.0,0.0,0.3424140214920044,0.07320544123649597,7.179362728493288e-05,1.2737457752227783,0.0,0.0
530,3.6958601474761963,0.10593800246715546,33.61885452270508,4.997586727142334,0.6877427101135254,41.852027893066406,1.25883150100708,1.2585699558258057,16.51,0.9367316365242004,0.16895079612731934,0.02453312650322914,2.1080970764160156,0.0,0.0,0.34726861119270325,0.00011195929982932284,0.005087983328849077,0.9549965858459473,0.0,0.0,0.9538217186927795,0.4662526547908783,0.015331106260418892,0.19637982547283173,0.0116038229316473,0.34891214966773987,0.3020575940608978,0.025350339710712433,0.0005689015961252153,0.7316420674324036,1.0,0.0,0.8042924404144287,0.2461172342300415,0.0005254760617390275,0.017854589968919754,0.0,0.0,0.34114381670951843,0.05985446274280548,0.00015842271386645734,1.2425761222839355,0.0,0.0
531,3.0816211700439453,0.3840809166431427,37.58914566040039,3.048386573791504,0.6677529215812683,57.87929916381836,1.190211534500122,1.1898243427276611,27.34,0.9600294828414917,0.04814669117331505,0.04856889322400093,8.723170280456543,0.0,0.0,0.3148193955421448,8.849687583278865e-05,0.0012562666088342667,0.805849552154541,0.0,0.0,1.03474760055542,0.6014849543571472,0.014034030959010124,0.15294095873832703,0.008850964717566967,0.2553301155567169,0.30046892166137695,0.02580123022198677,0.0004297932027839124,0.7691875696182251,1.0,0.0,0.9498311281204224,0.17097510397434235,0.0006339399260468781,0.02021951600909233,0.0,0.0,0.34243860840797424,0.0838702842593193,4.556817657430656e-05,1.2797176837921143,0.0,0.0
532,5.060056686401367,0.7149888873100281,24.78437614440918,3.722379207611084,0.6008667945861816,45.573184967041016,1.0492522716522217,1.0496176481246948,33.18,0.9327222108840942,0.004293144680559635,0.049796584993600845,17.289247512817383,0.0,0.0,0.3125433325767517,1.053452933774679e-06,0.0023933290503919125,0.6632944345474243,0.0,0.0,1.1048699617385864,0.6014132499694824,0.015416925773024559,0.19887535274028778,0.011228993535041809,0.34288081526756287,0.29113322496414185,0.02028542011976242,0.0005241238977760077,0.6743170619010925,1.0,0.0,0.9203819632530212,0.18991734087467194,0.0005925416480749846,0.020348481833934784,0.0,0.0,0.34497302770614624,0.06628266721963882,5.9057889302494004e-05,1.279017686843872,0.0,0.0
533,5.0174970626831055,0.847282886505127,22.361433029174805,9.954797744750977,0.5210751891136169,42.34396743774414,1.0890177488327026,1.0893243551254272,25.85,0.8932601809501648,0.01930825784802437,0.040679771453142166,14.255459785461426,0.0,0.0,0.3434603810310364,3.975184517912567e-05,0.007125425152480602,0.610305666923523,0.0,0.0,1.113233208656311,0.3085957467556,0.02188277244567871,0.46533825993537903,0.022712891921401024,0.8483951687812805,0.2771112620830536,0.01313226018100977,0.0008896779036149383,0.49430206418037415,1.0,0.0,0.7818716764450073,0.27849099040031433,0.0004906168906018138,0.01853298395872116,0.0,0.0,0.345639705657959,0.04262383654713631,0.0001171650001197122,1.2811236381530762,0.0,0.0
534,1.1846747398376465,0.30784812569618225,20.449317932128906,9.430404663085938,0.6574441194534302,43.239707946777344,1.202975869178772,1.1999913454055786,206.75,0.9136036038398743,0.06937924027442932,0.05219884589314461,4.549808979034424,0.0,0.0,0.3405918478965759,0.00010524833487579599,0.007504872512072325,0.8364568948745728,0.0,0.0,1.0381349325180054,0.44611576199531555,0.019411226734519005,0.3481525480747223,0.01817651465535164,0.628600537776947,0.2935481071472168,0.022045500576496124,0.0007608584710396826,0.6278199553489685,1.0,0.0,0.8112106919288635,0.2315891683101654,0.000526130199432373,0.018422305583953857,0.0,0.0,0.3424369990825653,0.05557850003242493,0.00010188123269472271,1.280074119567871,0.0,0.0
535,5.452348709106445,0.9566763043403625,35.553199768066406,6.164996147155762,0.7414120435714722,49.31279754638672,1.2996493577957153,1.2989369630813599,42.2,0.7224512696266174,0.03278806433081627,0.06289654970169067,24.944255828857422,0.0,0.0,0.35906097292900085,3.370421472936869e-05,0.0013567986898124218,0.5701541304588318,0.0,0.0,0.9341744184494019,0.5686210989952087,0.014989489689469337,0.19921691715717316,0.011514604091644287,0.36067625880241394,0.30568379163742065,0.027981126680970192,0.0005770575371570885,0.7734820246696472,1.0,0.0,0.9943820238113403,0.15772655606269836,0.0006397272809408605,0.021038547158241272,0.0,0.0,0.3388156592845917,0.07302916795015335,6.968780508032069e-05,1.2553380727767944,0.0,0.0
536,2.9225151538848877,0.6933251023292542,24.903934478759766,9.83941650390625,0.738709032535553,54.25181198120117,1.2822837829589844,1.2794437408447266,173.11,0.884573221206665,0.0114061888307333,0.06731073558330536,16.1623592376709,0.0,0.0,0.3170662224292755,2.6186569812125526e-05,0.0018980278400704265,0.6596928834915161,0.0,0.0,1.0187878608703613,0.5673243999481201,0.01723731867969036,0.28323057293891907,0.015621650964021683,0.5278352499008179,0.3030548095703125,0.026329707354307175,0.000721609394531697,0.7102457284927368,1.0,0.0,0.9466239809989929,0.16758792102336884,0.0006173436413519084,0.02036808431148529,0.0,0.0,0.34031763672828674,0.07460418343544006,4.236480162944645e-05,1.2838902473449707,0.0,0.0
537,3.090270757675171,0.20457245409488678,33.85578536987305,3.4734039306640625,0.6337465047836304,51.1214714050293,1.1829371452331543,1.1827563047409058,12.93,0.9641820788383484,0.10941029340028763,0.03230974078178406,4.326820373535156,0.0,0.0,0.3380674421787262,0.00014561800344381481,0.002997084055095911,0.8988404273986816,0.0,0.0,1.0222554206848145,0.5374665260314941,0.015140694566071033,0.17431782186031342,0.010333974845707417,0.296989381313324,0.2974868416786194,0.023548202589154243,0.0005061806295998394,0.7103540897369385,1.0,0.0,0.8527125716209412,0.2209957391023636,0.0005706075462512672,0.018846498802304268,0.0,0.0,0.3437236547470093,0.0690661147236824,7.638835086254403e-05,1.2719471454620361,0.0,0.0
538,4.522096157073975,0.7185782790184021,38.31475067138672,9.414555549621582,0.4690583050251007,51.43014144897461,1.2250571250915527,1.2238376140594482,81.34,0.9200317859649658,0.013854569755494595,0.042998671531677246,11.134987831115723,0.0,0.0,0.318063884973526,7.589870847368729e-07,0.008387267589569092,0.6576359272003174,0.0,0.0,1.0711098909378052,0.23620887100696564,0.022746607661247253,0.42297834157943726,0.024227282032370567,0.8048258423805237,0.2774803042411804,0.010714665055274963,0.001080494956113398,0.4068073332309723,1.0,0.0,0.7416172027587891,0.3483608663082123,0.0004545664705801755,0.018118252977728844,0.0,0.0,0.3461989462375641,0.03231227025389671,0.00022360836737789214,1.2464475631713867,0.0,0.0
539,2.520167827606201,0.9550225734710693,25.439729690551758,5.519534111022949,0.6051059365272522,46.7672119140625,1.1559369564056396,1.1567785739898682,62.94,0.6986658573150635,0.027381179854273796,0.0721321552991867,19.186687469482422,0.0,0.0,0.371488094329834,5.4308744438458234e-05,0.0032915775664150715,0.572855532169342,0.0,0.0,0.959825336933136,0.6226981282234192,0.018058333545923233,0.259475976228714,0.014541355893015862,0.4582572877407074,0.29140350222587585,0.02146822400391102,0.0005984663730487227,0.6301116943359375,1.0,0.0,0.9237536191940308,0.16395631432533264,0.0005927145830355585,0.02053450234234333,0.0,0.0,0.34440699219703674,0.06830611824989319,7.832173287170008e-05,1.2810684442520142,0.0,0.0
540,1.4002468585968018,0.06646842509508133,26.564149856567383,7.3175811767578125,0.4961574375629425,43.65324783325195,1.1637338399887085,1.1653077602386475,116.06,0.9140622019767761,0.14719779789447784,0.023963918909430504,1.5699489116668701,0.0,0.0,0.38750573992729187,0.000181373005034402,0.010152542032301426,0.9718930125236511,0.0,0.0,1.051137924194336,0.2962873876094818,0.02107493206858635,0.36831074953079224,0.020000267773866653,0.660925567150116,0.2801336944103241,0.01442547608166933,0.000852962548378855,0.4794396460056305,1.0,0.0,0.6911060810089111,0.34580907225608826,0.00045033975038677454,0.016788220033049583,0.0,0.0,0.347223699092865,0.041064418852329254,0.00013634531933348626,1.2738875150680542,0.0,0.0
541,3.410775661468506,0.9980552792549133,40.32093048095703,3.042966842651367,0.4012511372566223,54.043941497802734,1.0460041761398315,1.0451374053955078,79.29,0.6489580273628235,0.02216550149023533,0.06631126254796982,23.353225708007812,0.0,0.0,0.3924582004547119,7.311080844374374e-05,0.003673501778393984,0.6037829518318176,0.0,0.0,1.0042502880096436,0.38573452830314636,0.016764240339398384,0.2062607705593109,0.012803975492715836,0.3499487638473511,0.2752993106842041,0.011686974205076694,0.0006647590780630708,0.4794684052467346,1.0,0.0,0.8256235718727112,0.2821856439113617,0.0005304122460074723,0.019767802208662033,0.0,0.0,0.3521067500114441,0.0437387079000473,0.0001503515668446198,1.259578824043274,0.0,0.0
542,4.172710418701172,0.7656623721122742,26.1283016204834,3.0448899269104004,0.5568097829818726,54.337467193603516,1.0295343399047852,1.0274038314819336,201.42,0.8859540820121765,0.006297487765550613,0.05617146193981171,20.041452407836914,0.0,0.0,0.3257722854614258,2.099603989336174e-06,0.002294149249792099,0.6467401385307312,0.0,0.0,1.1153837442398071,0.6076743602752686,0.015615780837833881,0.18534837663173676,0.010859283618628979,0.30933767557144165,0.2880050539970398,0.01902715303003788,0.0005148682976141572,0.6412403583526611,1.0,0.0,0.9247466921806335,0.19272203743457794,0.0006037537823431194,0.020580517128109932,0.0,0.0,0.3461962044239044,0.06618580967187881,4.593653284246102e-05,1.2870869636535645,0.0,0.0
543,2.548260450363159,0.9675566554069519,37.37615203857422,8.235015869140625,0.4479379653930664,47.65863800048828,1.2024388313293457,1.2025351524353027,6.66,0.662434458732605,0.024158725515007973,0.07012328505516052,18.04141616821289,0.0,0.0,0.38292044401168823,5.8555902796797454e-05,0.006091931834816933,0.5763995051383972,0.0,0.0,0.9738706946372986,0.2694717347621918,0.022112436592578888,0.39565253257751465,0.022924112156033516,0.7477562427520752,0.2763211131095886,0.01064799539744854,0.001034157001413405,0.4036334455013275,1.0,0.0,0.763775110244751,0.32488003373146057,0.0004733193782158196,0.01863248273730278,0.0,0.0,0.3481467366218567,0.034608811140060425,0.0002202225150540471,1.24783194065094,0.0,0.0
544,1.8802188634872437,0.5228513479232788,30.097087860107422,2.5105056762695312,0.798424243927002,56.63759231567383,1.1071579456329346,1.105737566947937,116.02,0.8795557618141174,0.021411553025245667,0.08369382470846176,13.476956367492676,0.0,0.0,0.3227321207523346,0.00011895341594936326,0.0004056180769111961,0.7289087176322937,0.0,0.0,1.01792573928833,0.5006049871444702,0.010493318550288677,0.09914414584636688,0.004531605169177055,0.1481279581785202,0.31149426102638245,0.035751037299633026,0.00023235325352288783,0.9782244563102722,1.0,0.0,1.1339880228042603,0.09510176628828049,0.0007655767840333283,0.0220591239631176,0.0,0.0,0.34021905064582825,0.09632403403520584,1.1271196854067966e-05,1.2978922128677368,0.0,0.0
545,1.6043965816497803,0.37780269980430603,19.3386173248291,8.78432559967041,0.5668054819107056,43.23170852661133,1.1223844289779663,1.1179966926574707,349.67,0.9589942693710327,0.04635308310389519,0.04767514392733574,5.455190181732178,0.0,0.0,0.3258077800273895,6.420747376978397e-05,0.008762620389461517,0.8076769709587097,0.0,0.0,1.1038792133331299,0.33560603857040405,0.020645949989557266,0.39655357599258423,0.020083194598555565,0.715729296207428,0.2833177149295807,0.016511932015419006,0.0008108769543468952,0.5463181734085083,1.0,0.0,0.7767298817634583,0.27566632628440857,0.0004980886587873101,0.01820645108819008,0.0,0.0,0.3445693552494049,0.04642607271671295,0.00010788950748974457,1.2835408449172974,0.0,0.0
546,4.931140422821045,0.46808090806007385,32.0199089050293,7.231127738952637,0.43565380573272705,53.05801773071289,1.1325092315673828,1.1308528184890747,129.34,1.1194604635238647,0.028150396421551704,0.028261160477995872,7.685758113861084,0.0,0.0,0.2949005663394928,8.59643250805675e-07,0.010046680457890034,0.7710651159286499,0.0,0.0,1.1854437589645386,0.23824457824230194,0.021107986569404602,0.3821428716182709,0.020794223994016647,0.7100123763084412,0.2743648290634155,0.01042261067777872,0.0009410050697624683,0.42295345664024353,1.0,0.0,0.7267842888832092,0.36022546887397766,0.0004604504501912743,0.01783926971256733,0.0,0.0,0.3485332429409027,0.036210183054208755,0.0001387449592584744,1.2735215425491333,0.0,0.0
547,5.650054454803467,0.6017845273017883,27.690519332885742,8.381620407104492,0.7561538815498352,43.038909912109375,1.2696166038513184,1.2678781747817993,108.0,0.9902940392494202,0.011101429350674152,0.04948688670992851,11.646956443786621,0.0,0.0,0.2934602200984955,7.095634373399662e-07,0.0026868185959756374,0.7104197144508362,0.0,0.0,1.0360572338104248,0.5620390176773071,0.015513390302658081,0.24097593128681183,0.013411354273557663,0.44666022062301636,0.3055309057235718,0.026766588911414146,0.000654102535918355,0.7559460401535034,1.0,0.0,0.9161173701286316,0.18512092530727386,0.0005832604365423322,0.01981329172849655,0.0,0.0,0.33981525897979736,0.06671035289764404,8.325801172759384e-05,1.2637027502059937,0.0,0.0
548,5.648728847503662,0.38335806131362915,33.77617645263672,4.450220584869385,0.7101730704307556,42.548309326171875,1.2248615026474,1.2236952781677246,77.81,1.024680495262146,0.04481218382716179,0.04060030356049538,7.263023376464844,0.0,0.0,0.28906872868537903,6.383912477758713e-06,0.0026903622783720493,0.8165401816368103,0.0,0.0,1.0078238248825073,0.5491131544113159,0.014163834042847157,0.17341220378875732,0.01008413452655077,0.3062499463558197,0.30402854084968567,0.026003658771514893,0.0005079148104414344,0.7786585688591003,1.0,0.0,0.8938136696815491,0.2021746188402176,0.000573069613892585,0.019352203235030174,0.0,0.0,0.34056729078292847,0.06503700464963913,0.00012088881339877844,1.2443866729736328,0.0,0.0
549,3.8072638511657715,0.9749752879142761,15.244335174560547,8.339781761169434,0.7739382386207581,49.94552993774414,1.023565411567688,1.0251144170761108,147.63,0.719508945941925,0.03449514880776405,0.06994062662124634,26.647048950195312,0.0,0.0,0.3665613532066345,5.8371817431179807e-05,0.0010315022664144635,0.5780712962150574,0.0,0.0,0.9910737872123718,0.5260370373725891,0.014241829514503479,0.254568874835968,0.011846442706882954,0.45985281467437744,0.3006944954395294,0.02767743542790413,0.0005209536175243556,0.8141031265258789,1.0,0.0,1.0206564664840698,0.13716839253902435,0.0006623899098485708,0.021471261978149414,0.0,0.0,0.34086528420448303,0.08536210656166077,3.0716892069904134e-05,1.2872503995895386,0.0,0.0
550,4.178389549255371,0.206998810172081,22.482032775878906,5.316037178039551,0.5512110590934753,41.643646240234375,1.0708993673324585,1.0679948329925537,253.96,1.0888149738311768,0.1101677194237709,0.02199023775756359,3.1449179649353027,0.0,0.0,0.3185070753097534,6.034444595570676e-05,0.008698384277522564,0.9009327292442322,0.0,0.0,1.1201047897338867,0.3546448349952698,0.017948195338249207,0.28201308846473694,0.014908775687217712,0.487266480922699,0.2853263020515442,0.017343102023005486,0.0006471909582614899,0.5839692950248718,1.0,0.0,0.7514514327049255,0.2978905737400055,0.0004888439434580505,0.017631251364946365,0.0,0.0,0.34602266550064087,0.04831929877400398,0.00012856164539698511,1.2763326168060303,0.0,0.0
551,5.61317777633667,0.24015431106090546,29.107717514038086,6.606964588165283,0.5513744950294495,45.557830810546875,1.1626688241958618,1.1653891801834106,200.77,1.1561976671218872,0.08863528817892075,0.02279536798596382,3.6481173038482666,0.0,0.0,0.30060875415802,2.658402627275791e-05,0.00951043888926506,0.8830430507659912,0.0,0.0,1.1007170677185059,0.3125963807106018,0.01917196251451969,0.3121531009674072,0.017295029014348984,0.5725072026252747,0.2869206368923187,0.01652609370648861,0.0007793643744662404,0.5447739958763123,1.0,0.0,0.747126042842865,0.3118422031402588,0.0004818011075258255,0.017588600516319275,0.0,0.0,0.34536781907081604,0.045786671340465546,0.00016108340059872717,1.2658038139343262,0.0,0.0
552,1.4091089963912964,0.353368878364563,34.755271911621094,4.4849653244018555,0.558761715888977,48.16639709472656,1.1982060670852661,1.1980396509170532,11.59,0.853474497795105,0.044094789773225784,0.05950665846467018,6.146054267883301,0.0,0.0,0.3402365446090698,0.00012718957441393286,0.005351978354156017,0.8193830251693726,0.0,0.0,1.0037815570831299,0.4179001748561859,0.017288465052843094,0.22973644733428955,0.013743294402956963,0.40514394640922546,0.2897820472717285,0.018774615600705147,0.0006601519999094307,0.5918303728103638,1.0,0.0,0.8285465240478516,0.2525831460952759,0.0005402223323471844,0.019036851823329926,0.0,0.0,0.34579241275787354,0.05266339331865311,0.00012620324559975415,1.2617387771606445,0.0,0.0
553,5.043040752410889,0.9928795695304871,30.844676971435547,7.676663875579834,0.48650291562080383,54.34989547729492,1.145925521850586,1.1486384868621826,206.11,0.74029141664505,0.03013853169977665,0.04532148689031601,23.771116256713867,0.0,0.0,0.3857511281967163,9.634825255488977e-05,0.004965103697031736,0.568864643573761,0.0,0.0,1.0418694019317627,0.3538139760494232,0.021225424483418465,0.3798508048057556,0.020411649718880653,0.7051846385002136,0.2784947156906128,0.013177740387618542,0.0009009993518702686,0.4640777111053467,1.0,0.0,0.8206070065498352,0.2591404616832733,0.000526701333001256,0.019333530217409134,0.0,0.0,0.346787691116333,0.046362318098545074,0.00010052398283733055,1.2795913219451904,0.0,0.0
554,1.7287743091583252,0.6581879258155823,27.447696685791016,5.419193267822266,0.6353373527526855,44.01470947265625,1.2065868377685547,1.2040395736694336,175.34,0.8163395524024963,0.007034849841147661,0.08057784289121628,13.480101585388184,0.0,0.0,0.3268977403640747,4.8111382056958973e-05,0.0035953696351498365,0.6749407649040222,0.0,0.0,1.0058414936065674,0.5569919943809509,0.01674916036427021,0.2371017187833786,0.013638638891279697,0.423016756772995,0.2955404818058014,0.022433312609791756,0.000640583224594593,0.6619759798049927,1.0,0.0,0.9045627117156982,0.19729898869991302,0.0005846259882673621,0.020039109513163567,0.0,0.0,0.34349963068962097,0.06340918689966202,7.352083048317581e-05,1.2711410522460938,0.0,0.0
555,2.897573947906494,0.47988322377204895,28.61853790283203,7.8859477043151855,0.4434265196323395,53.802555084228516,1.1386358737945557,1.1395033597946167,66.86,1.039194941520691,0.02424892783164978,0.03870874270796776,8.477215766906738,0.0,0.0,0.30974847078323364,5.24518554811948e-06,0.009138797409832478,0.762241780757904,0.0,0.0,1.1669877767562866,0.25251880288124084,0.02170855551958084,0.4080979824066162,0.021858109161257744,0.7621579170227051,0.27404099702835083,0.010650062933564186,0.0009645677637308836,0.42464321851730347,1.0,0.0,0.745598316192627,0.3334069848060608,0.0004766565980389714,0.018124409019947052,0.0,0.0,0.34819653630256653,0.03944507986307144,0.00010679043043637648,1.284023642539978,0.0,0.0
556,5.631026268005371,0.9702938199043274,27.909006118774414,3.978891611099243,0.6839839220046997,45.51472091674805,1.1245698928833008,1.1249995231628418,33.96,0.7452492713928223,0.031210029497742653,0.05745190754532814,27.256399154663086,0.0,0.0,0.36663690209388733,5.485870860866271e-05,0.0011424960102885962,0.5697027444839478,0.0,0.0,0.9854281544685364,0.5844932794570923,0.014381151646375656,0.17647145688533783,0.009676034562289715,0.3046055734157562,0.29948627948760986,0.025540795177221298,0.0004694449307862669,0.7667793035507202,1.0,0.0,1.0010493993759155,0.14845405519008636,0.0006530251703225076,0.021238159388303757,0.0,0.0,0.3425227701663971,0.08252815902233124,4.62529860669747e-05,1.2745566368103027,0.0,0.0
557,1.4424667358398438,0.9798411726951599,27.321077346801758,7.17264461517334,0.5297141671180725,51.74746322631836,1.1782642602920532,1.1787043809890747,31.69,0.6357277035713196,0.023906942456960678,0.08682568371295929,22.523181915283203,0.0,0.0,0.38840538263320923,9.041782323038206e-05,0.003909179475158453,0.5700235962867737,0.0,0.0,1.0080528259277344,0.4691064655780792,0.020517811179161072,0.34481436014175415,0.018951861187815666,0.6267073154449463,0.2837243974208832,0.01641973853111267,0.0008293816354125738,0.5129567980766296,1.0,0.0,0.8811564445495605,0.2087237387895584,0.0005699439789168537,0.020271580666303635,0.0,0.0,0.3462091088294983,0.05371830239892006,6.288774602580816e-05,1.286867380142212,0.0,0.0
558,4.4672040939331055,0.11504936963319778,35.40867233276367,8.204092979431152,0.5293293595314026,44.55618667602539,1.2366219758987427,1.2373199462890625,45.62,1.0490108728408813,0.14191190898418427,0.015633488073945045,2.1375114917755127,0.0,0.0,0.3292376399040222,5.4599891882389784e-05,0.011495064944028854,0.9457252025604248,0.0,0.0,1.0203931331634521,0.23758786916732788,0.021014276891946793,0.3588423728942871,0.02079378254711628,0.6687828898429871,0.28517094254493713,0.014640898443758488,0.000935603107791394,0.47986194491386414,1.0,0.0,0.6822748184204102,0.3872193992137909,0.00043158658081665635,0.01650751568377018,0.0,0.0,0.344783753156662,0.03564509004354477,0.00024634922738187015,1.2374614477157593,0.0,0.0
559,2.827967643737793,0.22810570895671844,43.29707336425781,3.766153335571289,0.7401400208473206,50.210086822509766,1.2819993495941162,1.2815747261047363,25.84,0.8375719785690308,0.11050418019294739,0.04697099328041077,4.031877517700195,0.0,0.0,0.33597469329833984,0.00010791923705255613,0.001695667626336217,0.8823590874671936,0.0,0.0,0.9290695190429688,0.5525934100151062,0.012696047313511372,0.15013739466667175,0.008278214372694492,0.25489261746406555,0.30525732040405273,0.028625693172216415,0.00039324769750237465,0.844919741153717,1.0,0.0,0.9202787280082703,0.18940918147563934,0.0005925067816860974,0.019427116960287094,0.0,0.0,0.33771559596061707,0.07029135525226593,0.00011733237624866888,1.232404112815857,0.0,0.0
560,2.089966058731079,0.9041245579719543,39.766258239746094,4.932819366455078,0.6690837144851685,49.635162353515625,1.2903162240982056,1.2890305519104004,77.3,0.6315213441848755,0.01977662555873394,0.10717564076185226,20.671850204467773,0.0,0.0,0.3572865426540375,4.3816100514959544e-05,0.0013823641929775476,0.5766266584396362,0.0,0.0,0.906893789768219,0.598894476890564,0.015689503401517868,0.20069372653961182,0.012041752226650715,0.35889896750450134,0.3001285791397095,0.0243806391954422,0.0005830744048580527,0.7082473039627075,1.0,0.0,0.9697200059890747,0.17846649885177612,0.0006163677317090333,0.020980972796678543,0.0,0.0,0.3406924307346344,0.0628252923488617,9.33272676775232e-05,1.2437667846679688,0.0,0.0
561,2.4421496391296387,0.9965279698371887,29.71392250061035,8.855874061584473,0.4673648774623871,48.831939697265625,1.1739014387130737,1.1747570037841797,62.04,0.6742927432060242,0.028196610510349274,0.06667494028806686,21.089862823486328,0.0,0.0,0.39121749997138977,8.814024477032945e-05,0.0057258461602032185,0.5648031830787659,0.0,0.0,1.0225675106048584,0.318651407957077,0.022693796083331108,0.4290863275527954,0.023108983412384987,0.8003213405609131,0.27629491686820984,0.011907231993973255,0.0009902578312903643,0.4286065101623535,1.0,0.0,0.8070808053016663,0.2685686945915222,0.0005130222998559475,0.019310172647237778,0.0,0.0,0.3476398289203644,0.04194076359272003,0.00011959589028265327,1.2776718139648438,0.0,0.0
562,5.462546348571777,0.5585930943489075,39.526371002197266,8.94648551940918,0.5336460471153259,54.582828521728516,1.2600232362747192,1.262978196144104,185.69,1.0137596130371094,0.019345255568623543,0.03645600378513336,9.47208023071289,0.0,0.0,0.2933503985404968,7.180394163697201e-07,0.008526558987796307,0.7253144383430481,0.0,0.0,1.0711026191711426,0.2596587836742401,0.021368341520428658,0.3683307468891144,0.021860238164663315,0.7049145102500916,0.28477171063423157,0.01390929240733385,0.0010070923017337918,0.4694739878177643,1.0,0.0,0.7597786784172058,0.329502671957016,0.0004726642509922385,0.01809670589864254,0.0,0.0,0.3437897264957428,0.03699073940515518,0.00022124257520772517,1.2472288608551025,0.0,0.0
563,1.729561448097229,0.04451057314872742,27.133983612060547,4.645769119262695,0.7165178060531616,40.90333557128906,1.226992130279541,1.2293719053268433,157.77,0.8076982498168945,0.22029347717761993,0.033183906227350235,1.4733812808990479,0.0,0.0,0.39768993854522705,0.00024053407832980156,0.003539988538250327,0.9841299057006836,0.0,0.0,0.9448379278182983,0.5702196359634399,0.014489036053419113,0.1808169186115265,0.010147830471396446,0.31075549125671387,0.3036959767341614,0.028620123863220215,0.0004936525365337729,0.7874619960784912,1.0,0.0,0.8241512775421143,0.2084149420261383,0.000552310433704406,0.017963452264666557,0.0,0.0,0.341757595539093,0.07507999986410141,8.363039523828775e-05,1.2671167850494385,0.0,0.0
564,4.2135443687438965,0.5536453723907471,24.092042922973633,5.412923812866211,0.6919533014297485,52.489479064941406,1.1556594371795654,1.1546833515167236,73.15,1.0247031450271606,0.015821827575564384,0.04759014770388603,13.021133422851562,0.0,0.0,0.2980400621891022,3.955654847231926e-06,0.002263089409098029,0.7271442413330078,0.0,0.0,1.0999191999435425,0.5780803561210632,0.015391449443995953,0.21666491031646729,0.011709227226674557,0.3831743597984314,0.2994089424610138,0.025090312585234642,0.0005553102819249034,0.7413964867591858,1.0,0.0,0.9429001212120056,0.1685069352388382,0.0006166896782815456,0.020327629521489143,0.0,0.0,0.34231507778167725,0.0761648565530777,4.1218892874894664e-05,1.2873146533966064,0.0,0.0
565,5.599613189697266,0.5799556374549866,19.71195411682129,9.04899787902832,0.7964434623718262,42.473724365234375,1.137552261352539,1.1354625225067139,161.79,1.0483214855194092,0.010605239309370518,0.04687820374965668,13.217819213867188,0.0,0.0,0.2915249168872833,7.935325925245706e-07,0.001688767340965569,0.7318371534347534,0.0,0.0,1.0771712064743042,0.5326719880104065,0.013952691107988358,0.237521693110466,0.011816631071269512,0.44527068734169006,0.30586105585098267,0.02801014669239521,0.0005622417666018009,0.8231841325759888,1.0,0.0,0.9528013467788696,0.15785592794418335,0.0006118947640061378,0.020184315741062164,0.0,0.0,0.3406863808631897,0.08241263777017593,4.1894429159583524e-05,1.2832101583480835,0.0,0.0
566,2.3633406162261963,0.1047808900475502,32.95762634277344,9.574031829833984,0.4899308681488037,50.48308181762695,1.2322372198104858,1.2327966690063477,36.83,0.9891265034675598,0.1303986757993698,0.019144169986248016,2.626569986343384,0.0,0.0,0.3578224182128906,0.00011472645564936101,0.01098904013633728,0.9390362501144409,0.0,0.0,1.0578397512435913,0.2329956591129303,0.02296263538300991,0.42703497409820557,0.023866239935159683,0.8004633784294128,0.2795734703540802,0.012428454123437405,0.001047769677825272,0.4294576644897461,1.0,0.0,0.6837215423583984,0.3754541575908661,0.0004409878747537732,0.016702495515346527,0.0,0.0,0.3462963104248047,0.03771129250526428,0.0001596170332049951,1.2663114070892334,0.0,0.0
567,1.0874289274215698,0.34155645966529846,22.430376052856445,6.032096862792969,0.6857491135597229,45.12294387817383,1.1982810497283936,1.1952996253967285,208.16,0.8628562092781067,0.05730970948934555,0.06326887756586075,6.340534210205078,0.0,0.0,0.3428092896938324,0.00014376634499058127,0.0036879614926874638,0.8204721808433533,0.0,0.0,1.013071060180664,0.5803790092468262,0.01627858728170395,0.23801714181900024,0.012925744988024235,0.4199192523956299,0.2985655963420868,0.02551647275686264,0.0005948431207798421,0.7177673578262329,1.0,0.0,0.8856063485145569,0.19041131436824799,0.0005840571247972548,0.01942405477166176,0.0,0.0,0.342417448759079,0.07018348574638367,5.9181191318202764e-05,1.2825082540512085,0.0,0.0
568,2.937312602996826,0.8293699026107788,23.53470802307129,8.573023796081543,0.45514166355133057,58.9431037902832,1.0937281847000122,1.0945687294006348,70.21,0.8366687893867493,0.010724244639277458,0.05569064989686012,18.76490020751953,0.0,0.0,0.3453131914138794,1.204683485411806e-05,0.005821827333420515,0.6272230744361877,0.0,0.0,1.1341907978057861,0.3001537621021271,0.021952325478196144,0.44527459144592285,0.02254469506442547,0.8258776068687439,0.2721838355064392,0.010841798037290573,0.0009317685035057366,0.44216468930244446,1.0,0.0,0.8059732913970947,0.2742457985877991,0.0005116852698847651,0.019198056310415268,0.0,0.0,0.3469755947589874,0.043149661272764206,8.088048343779519e-05,1.2904207706451416,0.0,0.0
569,4.073570728302002,0.5383827090263367,35.84318923950195,3.23233699798584,0.547868549823761,46.99565887451172,1.1237986087799072,1.1247570514678955,75.83,0.9426950216293335,0.014524206519126892,0.04874905198812485,10.763359069824219,0.0,0.0,0.3033275604248047,8.033925041672774e-06,0.004193606786429882,0.7448499798774719,0.0,0.0,1.0426632165908813,0.4294089376926422,0.01586833782494068,0.187644824385643,0.01154365949332714,0.3217872381210327,0.2896074950695038,0.01817898638546467,0.0005709966644644737,0.6148537993431091,1.0,0.0,0.8502918481826782,0.2524881064891815,0.000545018701814115,0.019405750557780266,0.0,0.0,0.34605681896209717,0.05191801115870476,0.00014332351565826684,1.250834584236145,0.0,0.0
570,3.0225167274475098,0.7488259673118591,30.692230224609375,6.283203125,0.591231107711792,48.51994705200195,1.2127031087875366,1.2145136594772339,122.93,0.8414835333824158,0.008314753882586956,0.0658368393778801,16.301530838012695,0.0,0.0,0.32671552896499634,1.2633820006158203e-05,0.004181404132395983,0.6419453620910645,0.0,0.0,1.0296738147735596,0.4535735249519348,0.01835307665169239,0.2785353362560272,0.016078094020485878,0.5117664933204651,0.29129141569137573,0.01916520670056343,0.0007502742228098214,0.5875556468963623,1.0,0.0,0.8771443963050842,0.22186078131198883,0.0005632194224745035,0.019858282059431076,0.0,0.0,0.3441172242164612,0.05526655912399292,8.981444261735305e-05,1.26978600025177,0.0,0.0
571,1.737962245941162,0.6247333288192749,29.10271644592285,5.585294246673584,0.7345513701438904,58.17732620239258,1.2740349769592285,1.2756617069244385,100.09,0.8247724175453186,0.007448864169418812,0.08472328633069992,16.0020751953125,0.0,0.0,0.3241223394870758,7.5644398748409e-05,0.0007918892079032958,0.6841303706169128,0.0,0.0,1.0019766092300415,0.5645573139190674,0.014703775756061077,0.19474326074123383,0.011035815812647343,0.34800437092781067,0.3050202429294586,0.028811704367399216,0.0005494463257491589,0.7836959362030029,1.0,0.0,1.0136358737945557,0.14200188219547272,0.0006730484892614186,0.021157506853342056,0.0,0.0,0.34085193276405334,0.09461385011672974,2.2419077140511945e-05,1.291953682899475,0.0,0.0
572,5.930984020233154,0.4332248270511627,26.850133895874023,7.571444511413574,0.7604266405105591,48.09072494506836,1.2449932098388672,1.246458649635315,94.43,1.1056878566741943,0.03536009415984154,0.03951596841216087,9.196779251098633,0.0,0.0,0.28570911288261414,7.35760352199577e-07,0.0025239770766347647,0.7927525043487549,0.0,0.0,1.0850493907928467,0.5561686754226685,0.015027269721031189,0.2236718088388443,0.012268360704183578,0.41155096888542175,0.30622929334640503,0.02755945920944214,0.000608002592343837,0.7800835371017456,1.0,0.0,0.9139783382415771,0.17989210784435272,0.0005939010297879577,0.01968754082918167,0.0,0.0,0.3404136896133423,0.07300543040037155,5.9282563597662374e-05,1.2777007818222046,0.0,0.0
573,5.7234272956848145,0.2353457808494568,32.773677825927734,5.521719455718994,0.7453427910804749,49.84638977050781,1.2714558839797974,1.2724703550338745,62.7,1.1016312837600708,0.10455865412950516,0.027709325775504112,4.861063480377197,0.0,0.0,0.30146896839141846,3.9277194446185604e-05,0.0028085981030017138,0.8940549492835999,0.0,0.0,1.0287444591522217,0.56488037109375,0.014337362721562386,0.18272818624973297,0.010621093213558197,0.3287458121776581,0.30699625611305237,0.02815285697579384,0.0005432525067590177,0.7978269457817078,1.0,0.0,0.8852070569992065,0.1935177743434906,0.000585485715419054,0.01899307779967785,0.0,0.0,0.3401259481906891,0.07611574977636337,7.248522160807624e-05,1.2688419818878174,0.0,0.0
574,5.005773544311523,0.4060719311237335,23.285398483276367,9.932633399963379,0.4053885042667389,54.5295524597168,1.0636144876480103,1.0609725713729858,234.12,1.2360185384750366,0.04505690187215805,0.020864635705947876,6.31511926651001,0.0,0.0,0.29089033603668213,7.742661409793072e-07,0.012261675670742989,0.7923117876052856,0.0,0.0,1.3065392971038818,0.19050319492816925,0.023505229502916336,0.5346155166625977,0.02534172497689724,0.9844468235969543,0.26520606875419617,0.007584120612591505,0.000997477094642818,0.40195566415786743,1.0,0.0,0.6893531680107117,0.3843960762023926,0.00043006474152207375,0.017190005630254745,0.0,0.0,0.3480478823184967,0.03245946764945984,9.379589755553752e-05,1.2886725664138794,0.0,0.0
575,2.7834343910217285,0.14547856152057648,21.200666427612305,3.9798102378845215,0.5051957368850708,47.680877685546875,1.0104252099990845,1.0086814165115356,171.09,1.0164856910705566,0.13525670766830444,0.022577423602342606,2.712664842605591,0.0,0.0,0.35017409920692444,0.0001416159066138789,0.008316205814480782,0.9367353320121765,0.0,0.0,1.129650592803955,0.38717466592788696,0.01736537180840969,0.24582286179065704,0.013334863819181919,0.4117804765701294,0.2810893952846527,0.016195738688111305,0.0005824975669384003,0.5697211623191833,1.0,0.0,0.7504814863204956,0.29459911584854126,0.0004966634442098439,0.017641060054302216,0.0,0.0,0.34739598631858826,0.05103561282157898,0.0001011352869682014,1.285739779472351,0.0,0.0
576,4.362912654876709,0.6516485214233398,30.766525268554688,6.267938137054443,0.6022425293922424,40.78431701660156,1.2029200792312622,1.205016851425171,144.65,0.9198164343833923,0.00866504292935133,0.05284721031785011,10.903879165649414,0.0,0.0,0.30630895495414734,7.467415343853645e-07,0.006328452844172716,0.6841397285461426,0.0,0.0,1.0394394397735596,0.401187926530838,0.0178785752505064,0.27460262179374695,0.015746476128697395,0.500995397567749,0.29225337505340576,0.019223934039473534,0.0007295978139154613,0.600170373916626,1.0,0.0,0.8396294713020325,0.24811141192913055,0.0005255310097709298,0.019216202199459076,0.0,0.0,0.3435556888580322,0.04729292169213295,0.00017030326125677675,1.2489385604858398,0.0,0.0
577,4.4643144607543945,0.017042655497789383,20.27000617980957,7.327496528625488,0.6912041902542114,46.09754180908203,1.15815269947052,1.1497125625610352,633.86,1.0873414278030396,0.24839040637016296,0.011493104510009289,1.2890293598175049,0.0,0.0,0.3549216091632843,0.00010633897909428924,0.008293123915791512,1.014628529548645,0.0,0.0,1.0754220485687256,0.4733598828315735,0.016934813931584358,0.27737584710121155,0.013999481685459614,0.4848938286304474,0.29808738827705383,0.024681560695171356,0.000613801705185324,0.7091484665870667,1.0,0.0,0.753079891204834,0.25145313143730164,0.0005016026552766562,0.016985537484288216,0.0,0.0,0.34263360500335693,0.06351645290851593,9.001102444017306e-05,1.285305380821228,0.0,0.0
578,5.461952209472656,0.8618699312210083,22.9053955078125,3.928861618041992,0.7072060108184814,74.61051940917969,1.0538520812988281,1.0530081987380981,76.04,0.829607367515564,0.00957141350954771,0.058094363659620285,22.857362747192383,0.0,0.0,0.33668991923332214,4.899140549241565e-06,0.0007992471801117063,0.6180475950241089,0.0,0.0,1.0402328968048096,0.5662413239479065,0.013601044192910194,0.1695670783519745,0.00896439328789711,0.2846760153770447,0.30004584789276123,0.02648218534886837,0.00042747060069814324,0.8056122064590454,1.0,0.0,1.052797555923462,0.12873683869838715,0.0006847407785244286,0.02198183909058571,0.0,0.0,0.3421318531036377,0.08817324042320251,3.6354624171508476e-05,1.2796807289123535,0.0,0.0
579,2.713191270828247,0.7543363571166992,27.71660041809082,5.321444034576416,0.48218274116516113,56.24922561645508,1.1040971279144287,1.1045013666152954,33.15,0.8530555963516235,0.005704715847969055,0.062016893178224564,17.308252334594727,0.0,0.0,0.3340049684047699,4.3449635995784774e-06,0.004858171567320824,0.6557818055152893,0.0,0.0,1.117878794670105,0.4010547697544098,0.018866242840886116,0.29569920897483826,0.016532832756638527,0.5325086116790771,0.27969086170196533,0.014130587689578533,0.0007613438065163791,0.5051494240760803,1.0,0.0,0.8450722694396973,0.248460054397583,0.0005463397828862071,0.0197208970785141,0.0,0.0,0.3477642834186554,0.05069416016340256,6.458236748585477e-05,1.288604974746704,0.0,0.0
580,1.5547839403152466,0.5297307968139648,36.83199691772461,4.045471668243408,0.496478796005249,41.89521026611328,1.1385047435760498,1.138045310974121,35.46,0.7921031713485718,0.011991342529654503,0.07363840937614441,9.129807472229004,0.0,0.0,0.32988253235816956,5.827314089401625e-05,0.0067306687124073505,0.749200165271759,0.0,0.0,0.9771196842193604,0.32154908776283264,0.017123563215136528,0.2277727723121643,0.01409816276282072,0.4034053683280945,0.2843070328235626,0.015022728592157364,0.0006912510143592954,0.5361753702163696,1.0,0.0,0.7931193709373474,0.31173524260520935,0.0004988830187357962,0.018800826743245125,0.0,0.0,0.3480159044265747,0.0404198095202446,0.00023491724277846515,1.2340677976608276,0.0,0.0
581,5.510272979736328,0.2927296757698059,43.95783996582031,6.082948207855225,0.41811466217041016,58.366424560546875,1.1666874885559082,1.1661642789840698,38.46,1.1167060136795044,0.058038707822561264,0.01942032016813755,4.376082420349121,0.0,0.0,0.29657769203186035,2.058397967630299e-06,0.009992129169404507,0.875690758228302,0.0,0.0,1.122255802154541,0.20060479640960693,0.019809197634458542,0.32216307520866394,0.01920105516910553,0.5994406938552856,0.2741125822067261,0.009391571395099163,0.0009441985166631639,0.41406863927841187,1.0,0.0,0.678371787071228,0.43549951910972595,0.00042642204789444804,0.016942812129855156,0.0,0.0,0.34901589155197144,0.03118112124502659,0.0002222604671260342,1.246414065361023,0.0,0.0
582,2.553380250930786,0.08325590938329697,21.160194396972656,5.550178050994873,0.7862523198127747,45.877681732177734,1.1824363470077515,1.1818933486938477,38.85,0.9158846139907837,0.1951245218515396,0.02849380485713482,2.2379705905914307,0.0,0.0,0.3713679313659668,0.00020503229461610317,0.002255150116980076,0.9715592265129089,0.0,0.0,0.9930404424667358,0.5311326384544373,0.012968485243618488,0.17366671562194824,0.008895923383533955,0.2995522618293762,0.30792683362960815,0.031803809106349945,0.0004548362048808485,0.8703622817993164,1.0,0.0,0.8921336531639099,0.17160408198833466,0.0006042270106263459,0.01886603981256485,0.0,0.0,0.34089192748069763,0.09223346412181854,3.712242323672399e-05,1.2874521017074585,0.0,0.0
583,4.561684608459473,0.3985256850719452,29.877052307128906,5.9579854011535645,0.7046123147010803,47.53656005859375,1.247324824333191,1.2489917278289795,107.0,1.050307035446167,0.04421113803982735,0.03880193457007408,8.25339412689209,0.0,0.0,0.2955668568611145,1.9701008568517864e-05,0.0031744539737701416,0.7987571954727173,0.0,0.0,1.0455213785171509,0.5427485108375549,0.01563517563045025,0.21608185768127441,0.012368928641080856,0.39203333854675293,0.3024213910102844,0.02544179931282997,0.0006080911261960864,0.7337383031845093,1.0,0.0,0.8882561326026917,0.1993444412946701,0.0005804281099699438,0.019369371235370636,0.0,0.0,0.3412175476551056,0.06821259111166,7.769799412926659e-05,1.2693827152252197,0.0,0.0
584,3.2219347953796387,0.2556745111942291,34.21770477294922,7.449653625488281,0.4434002935886383,47.18394470214844,1.1739070415496826,1.174560308456421,47.38,1.05153489112854,0.07336051762104034,0.024613330140709877,3.5739245414733887,0.0,0.0,0.32160627841949463,4.604399873642251e-05,0.011110669001936913,0.87208491563797,0.0,0.0,1.08804190158844,0.21810129284858704,0.021373502910137177,0.37919044494628906,0.021349990740418434,0.7024842500686646,0.2759777903556824,0.010786598548293114,0.0009688764694146812,0.4174995720386505,1.0,0.0,0.6839325428009033,0.40575194358825684,0.000433754496043548,0.016944902017712593,0.0,0.0,0.3484356999397278,0.03378162905573845,0.00019236013758927584,1.2554657459259033,0.0,0.0
585,2.737851142883301,0.6211239695549011,17.67137908935547,9.15023422241211,0.6389954686164856,44.996681213378906,1.1004605293273926,1.1014857292175293,84.58,0.9340319633483887,0.012947475537657738,0.056492291390895844,12.511037826538086,0.0,0.0,0.3113255202770233,1.4801013094256632e-05,0.005060206633061171,0.6994462013244629,0.0,0.0,1.0946580171585083,0.4401288628578186,0.018868811428546906,0.36253681778907776,0.018155477941036224,0.6654075980186462,0.2892659306526184,0.01957949437201023,0.0007389560923911631,0.6256489157676697,1.0,0.0,0.8601875305175781,0.21595551073551178,0.00054880854440853,0.0193872582167387,0.0,0.0,0.3428405821323395,0.05694787949323654,7.073474989738315e-05,1.28475022315979,0.0,0.0
586,2.61303448677063,0.8773937821388245,22.973268508911133,4.7285332679748535,0.7876553535461426,53.905521392822266,1.1648200750350952,1.1671465635299683,171.13,0.7690624594688416,0.021434547379612923,0.09020470827817917,25.270889282226562,0.0,0.0,0.34550222754478455,4.2877836676780134e-05,0.0007242939900606871,0.593270480632782,0.0,0.0,0.9910501837730408,0.5257463455200195,0.01245824433863163,0.15316256880760193,0.007779677864164114,0.263979971408844,0.3079906404018402,0.03256049007177353,0.00039788245339877903,0.8929874300956726,1.0,0.0,1.1052578687667847,0.10451003164052963,0.0007322343299165368,0.022204503417015076,0.0,0.0,0.34050148725509644,0.09490910917520523,1.7101740013458766e-05,1.2925794124603271,0.0,0.0
587,4.020524501800537,0.7180827260017395,39.32728576660156,6.153374195098877,0.4351550042629242,54.85107421875,1.1625622510910034,1.1639885902404785,105.4,0.8979593515396118,0.007288551889359951,0.04747065529227257,13.296104431152344,0.0,0.0,0.3218092620372772,1.0292492333974224e-06,0.0067979721352458,0.6760557889938354,0.0,0.0,1.092186450958252,0.2711552381515503,0.01990683563053608,0.3256176710128784,0.01915394701063633,0.6035860180854797,0.27607399225234985,0.010719332844018936,0.0009216240723617375,0.43003708124160767,1.0,0.0,0.7633265852928162,0.338499516248703,0.00047796996659599245,0.018594278022646904,0.0,0.0,0.3488819897174835,0.036211855709552765,0.00018904705939348787,1.2578169107437134,0.0,0.0
588,3.243492841720581,0.1483849585056305,31.401287078857422,5.2370171546936035,0.6248509287834167,57.04497528076172,1.223123550415039,1.2220641374588013,70.88,1.0203845500946045,0.13374198973178864,0.023139672353863716,3.04416823387146,0.0,0.0,0.3443012535572052,0.0001495596079621464,0.004291122779250145,0.9269164204597473,0.0,0.0,1.0504604578018188,0.48064810037612915,0.017135892063379288,0.23302918672561646,0.013480265624821186,0.41634097695350647,0.2955579161643982,0.022324776276946068,0.0006437168922275305,0.6507401466369629,1.0,0.0,0.8073375225067139,0.2408415824174881,0.0005442573456093669,0.018128687515854836,0.0,0.0,0.3437444567680359,0.0666414126753807,6.245110125746578e-05,1.286325216293335,0.0,0.0
589,3.705291509628296,0.5214390754699707,29.734481811523438,7.20595121383667,0.6375111937522888,46.37752151489258,1.2418701648712158,1.2410478591918945,53.35,0.9844817519187927,0.020880751311779022,0.04820689186453819,10.08166217803955,0.0,0.0,0.3008319139480591,9.08714810066158e-06,0.005068380851298571,0.7344139814376831,0.0,0.0,1.047206997871399,0.4283432960510254,0.018120432272553444,0.28208380937576294,0.016177600249648094,0.5244254469871521,0.2953406572341919,0.020906880497932434,0.0007546829292550683,0.6219582557678223,1.0,0.0,0.8531129956245422,0.23041203618049622,0.0005478248931467533,0.019216759130358696,0.0,0.0,0.3425232172012329,0.05521278455853462,0.00010869108518818393,1.2651268243789673,0.0,0.0
590,5.566812992095947,0.7604292631149292,30.116371154785156,5.980588436126709,0.7073606848716736,53.19374084472656,1.231581449508667,1.2275035381317139,269.74,0.9153551459312439,0.0073682512156665325,0.051285069435834885,19.80733871459961,0.0,0.0,0.31523093581199646,9.827258509176318e-07,0.0016103353118523955,0.6436002850532532,0.0,0.0,1.055821180343628,0.5781777501106262,0.015508630312979221,0.21646414697170258,0.012249539606273174,0.3941730558872223,0.3019455671310425,0.025511132553219795,0.0006020479486323893,0.7393988966941833,1.0,0.0,0.9624542593955994,0.16599705815315247,0.0006242332165129483,0.02065625786781311,0.0,0.0,0.3412173390388489,0.07480718940496445,4.574511694954708e-05,1.2798166275024414,0.0,0.0
591,1.9070419073104858,0.5997326374053955,24.435569763183594,4.097924709320068,0.5405129194259644,57.73960494995117,1.081804633140564,1.0802503824234009,133.0,0.8830526471138,0.00775463692843914,0.06690569221973419,13.134664535522461,0.0,0.0,0.32533732056617737,4.804461423191242e-05,0.003113572485744953,0.7148882150650024,0.0,0.0,1.091870665550232,0.5395472049713135,0.016974052414298058,0.23295173048973083,0.013252302072942257,0.40201297402381897,0.2856588065624237,0.018074218183755875,0.0006062740576453507,0.596417248249054,1.0,0.0,0.8926684260368347,0.20614449679851532,0.0005854635965079069,0.02011355385184288,0.0,0.0,0.34623101353645325,0.06297797709703445,4.71569255751092e-05,1.2911845445632935,0.0,0.0
592,1.9403337240219116,0.5498140454292297,20.905914306640625,9.627333641052246,0.5836116075515747,40.842567443847656,1.1573327779769897,1.1556357145309448,126.89,0.9218506217002869,0.019316788762807846,0.057045627385377884,8.9607515335083,0.0,0.0,0.31640756130218506,3.0219978725654073e-05,0.008334452286362648,0.7235215306282043,0.0,0.0,1.0851269960403442,0.3420049846172333,0.0208527073264122,0.4046594798564911,0.02085668221116066,0.7419924736022949,0.28532326221466064,0.0168844573199749,0.0008509750477969646,0.5485610961914062,1.0,0.0,0.8026811480522156,0.26199936866760254,0.0005095883389003575,0.018691835924983025,0.0,0.0,0.3441453278064728,0.04666374251246452,0.00011780729983001947,1.2783920764923096,0.0,0.0
593,2.2878715991973877,0.2707515060901642,23.417192459106445,7.073955059051514,0.48249754309654236,48.4968147277832,1.1030076742172241,1.1000956296920776,239.99,1.0496201515197754,0.07127589732408524,0.03102056123316288,3.8092551231384277,0.0,0.0,0.33084186911582947,7.739197462797165e-05,0.009706095792353153,0.8642343878746033,0.0,0.0,1.1485460996627808,0.29132887721061707,0.020771440118551254,0.375512033700943,0.019440313801169395,0.6713082790374756,0.27725255489349365,0.013270426541566849,0.0008211191743612289,0.48101264238357544,1.0,0.0,0.7344815135002136,0.3208094537258148,0.0004752061504404992,0.017681313678622246,0.0,0.0,0.34718483686447144,0.042179305106401443,0.00010322496382286772,1.2851107120513916,0.0,0.0
594,3.4674363136291504,0.03870964050292969,28.504985809326172,2.6113202571868896,0.6945280432701111,55.513187408447266,1.1024360656738281,1.1022124290466309,18.4,0.9916166067123413,0.22748412191867828,0.015482204034924507,1.5605897903442383,0.0,0.0,0.3737143576145172,0.00022102771617937833,0.0019154819892719388,0.9951415657997131,0.0,0.0,1.0253015756607056,0.5809942483901978,0.01343908067792654,0.13129469752311707,0.007438924163579941,0.20805476605892181,0.3029152750968933,0.028705161064863205,0.00035428814589977264,0.8219398856163025,1.0,0.0,0.8719080686569214,0.1720844805240631,0.0006003410671837628,0.0184885635972023,0.0,0.0,0.3432755768299103,0.09664332866668701,3.127452509943396e-05,1.2949870824813843,0.0,0.0
595,5.186540603637695,0.9587412476539612,39.67751693725586,4.165507793426514,0.6604865789413452,48.865264892578125,1.2326202392578125,1.2323637008666992,16.89,0.6897986531257629,0.02875887043774128,0.06611085683107376,23.19416618347168,0.0,0.0,0.36150431632995605,3.2425559766124934e-05,0.0016049679834395647,0.5774164795875549,0.0,0.0,0.923116147518158,0.5889925360679626,0.015125607140362263,0.18460986018180847,0.010912798345088959,0.32403233647346497,0.29922008514404297,0.023975824937224388,0.0005323317600414157,0.7208840250968933,1.0,0.0,0.9590539932250977,0.18357302248477936,0.0006091032992117107,0.02075965516269207,0.0,0.0,0.3408413827419281,0.061930544674396515,0.00010768484935397282,1.238985300064087,0.0,0.0
596,2.695188283920288,0.43129825592041016,36.83475875854492,1.809671401977539,0.6572468876838684,44.4112663269043,1.0590813159942627,1.0611940622329712,187.99,0.8599272966384888,0.036230672150850296,0.06578332930803299,8.674605369567871,0.0,0.0,0.3172719180583954,7.970015576574951e-05,0.0016911161364987493,0.7848586440086365,0.0,0.0,0.9794741868972778,0.606898844242096,0.01283006090670824,0.11769149452447891,0.006724767852574587,0.17752841114997864,0.30045798420906067,0.025528058409690857,0.0003240900987293571,0.7984143495559692,1.0,0.0,0.9488642811775208,0.18127946555614471,0.000615624594502151,0.020285088568925858,0.0,0.0,0.3428039848804474,0.07338732481002808,9.554842108627781e-05,1.2440752983093262,0.0,0.0
597,3.8067855834960938,0.5639922022819519,21.13340187072754,5.280292987823486,0.5522477030754089,50.39503860473633,1.042202115058899,1.0360618829727173,568.65,1.0217769145965576,0.014675562269985676,0.044797565788030624,11.038951873779297,0.0,0.0,0.3033992648124695,9.504968829787686e-07,0.005617374554276466,0.7262272834777832,0.0,0.0,1.1740288734436035,0.4261697232723236,0.017691411077976227,0.28068557381629944,0.014817867428064346,0.4938866198062897,0.2840539515018463,0.01693151332437992,0.000644198153167963,0.5889479517936707,1.0,0.0,0.8442924618721008,0.23681417107582092,0.0005417087231762707,0.019393503665924072,0.0,0.0,0.345449298620224,0.052545078098773956,7.788389484630898e-05,1.285764217376709,0.0,0.0
598,1.5402809381484985,0.3764827847480774,26.785247802734375,3.7006914615631104,0.717364490032196,54.46953201293945,1.178086280822754,1.1786820888519287,42.91,0.8821701407432556,0.05280030518770218,0.06634588539600372,9.154747009277344,0.0,0.0,0.33645403385162354,0.0001733813842292875,0.0011162346927449107,0.8019762635231018,0.0,0.0,1.0173677206039429,0.5650944113731384,0.013626407831907272,0.156122088432312,0.008618193678557873,0.2631310820579529,0.30369114875793457,0.029124367982149124,0.0004246726166456938,0.8186779618263245,1.0,0.0,0.9840759634971619,0.1452254354953766,0.00066386564867571,0.02055245079100132,0.0,0.0,0.34210005402565,0.09566144645214081,2.3491200408898294e-05,1.2932714223861694,0.0,0.0
599,3.664393663406372,0.5549222230911255,33.516014099121094,6.132340431213379,0.4826655983924866,53.77994918823242,1.1624102592468262,1.1619541645050049,33.77,0.9961239695549011,0.014707079157233238,0.04300080984830856,10.633366584777832,0.0,0.0,0.30620184540748596,1.0081137133965967e-06,0.007521440740674734,0.7320916056632996,0.0,0.0,1.1268726587295532,0.3050921559333801,0.019628074020147324,0.31559714674949646,0.018157659098505974,0.5836272835731506,0.28070199489593506,0.013308540917932987,0.0008549317135475576,0.4784720540046692,1.0,0.0,0.782919704914093,0.3050420880317688,0.000500733032822609,0.018675081431865692,0.0,0.0,0.3474573791027069,0.04258871078491211,0.00013680095435120165,1.2729610204696655,0.0,0.0
600,2.6069276332855225,0.7313697338104248,22.717239379882812,6.230172634124756,0.46477049589157104,52.57829666137695,1.0574555397033691,1.0581387281417847,61.06,0.8883131146430969,0.0064636957831680775,0.05813276022672653,15.73330307006836,0.0,0.0,0.3305876851081848,1.2349133839961723e-06,0.006949462462216616,0.6655429005622864,0.0,0.0,1.1600478887557983,0.35253670811653137,0.01962544582784176,0.34840282797813416,0.018485162407159805,0.6342939138412476,0.27487772703170776,0.012365150265395641,0.00079286505933851,0.4829266667366028,1.0,0.0,0.8129642009735107,0.2669011354446411,0.0005171241355128586,0.019261425361037254,0.0,0.0,0.34762299060821533,0.04521811008453369,8.127757610054687e-05,1.289001703262329,0.0,0.0
601,5.745948791503906,0.39978131651878357,30.110157012939453,7.640690803527832,0.5137142539024353,44.77788162231445,1.1602038145065308,1.1619974374771118,133.04,1.1357351541519165,0.042281802743673325,0.02971024625003338,5.5632476806640625,0.0,0.0,0.28935497999191284,6.643767846981063e-07,0.009921552613377571,0.800494909286499,0.0,0.0,1.1396183967590332,0.27003902196884155,0.02047409489750862,0.36388692259788513,0.019867366179823875,0.6768168807029724,0.2821674048900604,0.013856584206223488,0.0008757237810641527,0.4887465238571167,1.0,0.0,0.7396729588508606,0.33153200149536133,0.0004647434107027948,0.017755769193172455,0.0,0.0,0.34599044919013977,0.03849966824054718,0.00017833457968663424,1.2604060173034668,0.0,0.0
602,1.8863438367843628,0.28928449749946594,35.775482177734375,2.4515717029571533,0.5761153697967529,40.362850189208984,1.092875599861145,1.092132329940796,62.27,0.8123365044593811,0.06628581881523132,0.057144127786159515,5.3763604164123535,0.0,0.0,0.3439059555530548,0.0001444942463422194,0.0042115491814911366,0.8605117201805115,0.0,0.0,0.9516890048980713,0.44260308146476746,0.014639363624155521,0.1535925418138504,0.009470869787037373,0.249703049659729,0.2928883731365204,0.020480189472436905,0.0004666468012146652,0.6730735898017883,1.0,0.0,0.8365933895111084,0.25770747661590576,0.0005395826301537454,0.018942635506391525,0.0,0.0,0.3456709086894989,0.053236283361911774,0.00017047989240381867,1.2340610027313232,0.0,0.0
603,5.19357442855835,0.36556947231292725,43.09337615966797,8.058993339538574,0.5870994329452515,46.12133026123047,1.2807035446166992,1.2811263799667358,25.77,0.9554018378257751,0.04530276358127594,0.0368189699947834,4.8953399658203125,0.0,0.0,0.29070061445236206,4.905283503831015e-07,0.009294253773987293,0.8185628056526184,0.0,0.0,0.9740846753120422,0.2342103123664856,0.01945333741605282,0.3066045045852661,0.01929478533565998,0.5864260792732239,0.29066282510757446,0.016243096441030502,0.0009046485065482557,0.5301481485366821,1.0,0.0,0.7407375574111938,0.3638298511505127,0.0004455934395082295,0.01751616969704628,0.0,0.0,0.34079521894454956,0.03120282106101513,0.00036870301119051874,1.1985844373703003,0.0,0.0
604,4.0089216232299805,0.3810884952545166,31.948436737060547,4.281290054321289,0.4268670082092285,45.38790512084961,1.0662260055541992,1.0661087036132812,10.32,1.0616024732589722,0.041255224496126175,0.030630016699433327,5.861008167266846,0.0,0.0,0.3069078326225281,2.101606696669478e-05,0.009250160306692123,0.8233582973480225,0.0,0.0,1.1236099004745483,0.2797420620918274,0.01813673973083496,0.26492705941200256,0.015290210023522377,0.4630953371524811,0.2760986387729645,0.011916733346879482,0.0007302535232156515,0.471051961183548,1.0,0.0,0.7332331538200378,0.3583890199661255,0.000469615391921252,0.01788937672972679,0.0,0.0,0.3502964675426483,0.03847772628068924,0.00017635842959862202,1.2607086896896362,0.0,0.0
605,1.6947201490402222,0.7670280337333679,30.759159088134766,3.388258934020996,0.48150205612182617,50.67540740966797,1.0797972679138184,1.0791360139846802,56.75,0.7586737871170044,0.0037836830597370863,0.07961113005876541,18.127281188964844,0.0,0.0,0.34659484028816223,4.429328328114934e-05,0.003884031670168042,0.6572774052619934,0.0,0.0,1.0510151386260986,0.4802236557006836,0.016827942803502083,0.2121543437242508,0.012896955944597721,0.36269375681877136,0.2823850214481354,0.015595789067447186,0.0006285051349550486,0.5474726557731628,1.0,0.0,0.8702577948570251,0.23537258803844452,0.000567310256883502,0.020097117871046066,0.0,0.0,0.3491496443748474,0.05569745972752571,6.808489706600085e-05,1.2807292938232422,0.0,0.0
606,3.0354068279266357,0.42430970072746277,22.2414493560791,8.133593559265137,0.7405911684036255,49.85234451293945,1.2244168519973755,1.2248539924621582,29.15,1.0034288167953491,0.04016513377428055,0.04869898036122322,8.798255920410156,0.0,0.0,0.3074309527873993,4.766845449921675e-05,0.002966413041576743,0.7847182154655457,0.0,0.0,1.047386884689331,0.5587469339370728,0.016073908656835556,0.25581446290016174,0.013543113134801388,0.4660021960735321,0.3028714060783386,0.026985060423612595,0.0006332963821478188,0.747344970703125,1.0,0.0,0.9139834046363831,0.1792915165424347,0.0006005852483212948,0.0197564959526062,0.0,0.0,0.3408861756324768,0.07446856796741486,4.902460568700917e-05,1.2845736742019653,0.0,0.0
607,5.923466205596924,0.46313270926475525,24.068349838256836,6.419195652008057,0.6358425617218018,57.621822357177734,1.1233426332473755,1.124765396118164,112.61,1.1370625495910645,0.029146336019039154,0.03344837948679924,9.734443664550781,0.0,0.0,0.2871168255805969,8.588627338212973e-07,0.003951347898691893,0.7730817198753357,0.0,0.0,1.161306381225586,0.46828657388687134,0.01728503219783306,0.274281769990921,0.014594352804124355,0.49861636757850647,0.29325956106185913,0.020651308819651604,0.0006602077046409249,0.6532308459281921,1.0,0.0,0.8626908659934998,0.2152964323759079,0.0005595943075604737,0.019327867776155472,0.0,0.0,0.34345316886901855,0.060933876782655716,5.995585161144845e-05,1.2884217500686646,0.0,0.0
608,4.6320013999938965,0.9178975224494934,43.540245056152344,2.552370548248291,0.6383069753646851,45.17142868041992,1.1311962604522705,1.131291389465332,7.43,0.6573284864425659,0.02028685249388218,0.07994107156991959,18.586223602294922,0.0,0.0,0.3502725064754486,1.6247975509031676e-05,0.0015797861851751804,0.5989758968353271,0.0,0.0,0.8885303139686584,0.5574440360069275,0.013608534820377827,0.1454494744539261,0.00851685181260109,0.239389568567276,0.2977515161037445,0.022908054292201996,0.0004064174718223512,0.7471163272857666,1.0,0.0,0.9564851522445679,0.19616496562957764,0.0005897292285226285,0.020685337483882904,0.0,0.0,0.34106406569480896,0.05496785789728165,0.00016377567953895777,1.207285761833191,0.0,0.0
609,1.6266220808029175,0.9957473278045654,27.745101928710938,6.595876216888428,0.41785308718681335,58.47298049926758,1.101986289024353,1.1039494276046753,161.37,0.6319527626037598,0.019567718729376793,0.0772341713309288,25.106246948242188,0.0,0.0,0.3973333537578583,8.482185512548313e-05,0.003803925821557641,0.5870132446289062,0.0,0.0,1.0611598491668701,0.3595596253871918,0.02091890573501587,0.371540367603302,0.01999947987496853,0.6804844737052917,0.2718932032585144,0.010808235965669155,0.000892389623913914,0.4271261990070343,1.0,0.0,0.8294661641120911,0.25827911496162415,0.0005370872095227242,0.01977820321917534,0.0,0.0,0.3497065305709839,0.046595800668001175,5.5078548029996455e-05,1.2953181266784668,0.0,0.0
610,4.921050071716309,0.8591299057006836,23.78321647644043,5.459908962249756,0.739803671836853,54.68476104736328,1.147157073020935,1.1469109058380127,18.71,0.8681526184082031,0.01523153018206358,0.057530034333467484,24.83890724182129,0.0,0.0,0.33504095673561096,1.0724594176281244e-05,0.0011052318150177598,0.6075192093849182,0.0,0.0,1.0407452583312988,0.5520890355110168,0.01416691392660141,0.1936933845281601,0.010190614499151707,0.34740790724754333,0.3030140995979309,0.02783457189798355,0.0004942482337355614,0.8066160678863525,1.0,0.0,1.0182183980941772,0.13364306092262268,0.00066837650956586,0.021219614893198013,0.0,0.0,0.34138908982276917,0.09417414665222168,2.56292951235082e-05,1.2905715703964233,0.0,0.0
611,5.074760913848877,0.7686870098114014,22.633012771606445,6.570389747619629,0.48681530356407166,46.50272750854492,1.0305383205413818,1.029572606086731,91.02,0.9488834142684937,0.00920879002660513,0.040619973093271255,15.638566970825195,0.0,0.0,0.32594040036201477,4.6359696170839015e-06,0.007123084273189306,0.645157516002655,0.0,0.0,1.1622133255004883,0.3436700701713562,0.0195471104234457,0.35968002676963806,0.018286408856511116,0.6477327942848206,0.27589473128318787,0.012825746089220047,0.0007685458986088634,0.5015027523040771,1.0,0.0,0.8025617599487305,0.2731338441371918,0.0005079783732071519,0.01898019202053547,0.0,0.0,0.34706833958625793,0.04481608420610428,0.00010296039545210078,1.283728003501892,0.0,0.0
612,3.658907175064087,0.818202555179596,31.27548599243164,8.206438064575195,0.6420891284942627,47.17747116088867,1.269866943359375,1.2682229280471802,102.08,0.8177670836448669,0.015053126029670238,0.06371228396892548,17.13873291015625,0.0,0.0,0.3336215615272522,1.842969322751742e-05,0.004244070500135422,0.6094087362289429,0.0,0.0,0.9914502501487732,0.4697231650352478,0.018924348056316376,0.3024374842643738,0.017458230257034302,0.5682408809661865,0.2954920828342438,0.02100886031985283,0.000802688067778945,0.6057865023612976,1.0,0.0,0.8839989900588989,0.21149948239326477,0.0005631636595353484,0.019782261922955513,0.0,0.0,0.34191349148750305,0.05568372458219528,0.0001045783210429363,1.2617405652999878,0.0,0.0
613,3.903942108154297,0.03295201435685158,19.92514419555664,7.491964340209961,0.7391455769538879,54.62382507324219,1.1785203218460083,1.177552342414856,69.75,1.0469045639038086,0.23496407270431519,0.013356982730329037,1.4747925996780396,0.0,0.0,0.360503226518631,0.0001387475203955546,0.005058575421571732,1.007189393043518,0.0,0.0,1.0473921298980713,0.5505494475364685,0.015757199376821518,0.24943305552005768,0.012613424099981785,0.4407827854156494,0.3026321530342102,0.02765212208032608,0.0005738276522606611,0.7656763792037964,1.0,0.0,0.80226069688797,0.21661686897277832,0.0005402994574978948,0.017651662230491638,0.0,0.0,0.3416353762149811,0.07448497414588928,5.73879515286535e-05,1.2902100086212158,0.0,0.0
614,1.1854091882705688,0.6074538230895996,33.05112075805664,3.6819732189178467,0.4212688207626343,46.58856964111328,1.0720986127853394,1.0707818269729614,114.7,0.810820996761322,0.005626116879284382,0.07194581627845764,10.674039840698242,0.0,0.0,0.33938318490982056,5.306182356434874e-05,0.006797557696700096,0.7293939590454102,0.0,0.0,1.06126868724823,0.36916491389274597,0.017557837069034576,0.23733079433441162,0.014299390837550163,0.4035504162311554,0.27650919556617737,0.012486161664128304,0.0006989645189605653,0.4810992181301117,1.0,0.0,0.8001036047935486,0.28969210386276245,0.0005133223021402955,0.019236166030168533,0.0,0.0,0.3515908122062683,0.0434466190636158,0.00014903605915606022,1.2679136991500854,0.0,0.0
615,2.630976438522339,0.07223048061132431,31.31907844543457,9.870603561401367,0.46356019377708435,52.77956008911133,1.2102047204971313,1.2082850933074951,131.28,1.0295625925064087,0.14742909371852875,0.013192238286137581,2.7709381580352783,0.0,0.0,0.35986998677253723,0.00011872530012624338,0.011799723841249943,0.9589553475379944,0.0,0.0,1.0947151184082031,0.21639008820056915,0.023507384583353996,0.4583022892475128,0.024850647896528244,0.8588411211967468,0.276157408952713,0.011061305180191994,0.0010741447331383824,0.4104313552379608,1.0,0.0,0.6659525036811829,0.3951798677444458,0.00043181097134947777,0.016417786478996277,0.0,0.0,0.3471164405345917,0.037384144961833954,0.00013063872756902128,1.2759567499160767,0.0,0.0
616,2.262964963912964,0.5333468914031982,18.564655303955078,9.761999130249023,0.5352222919464111,41.95479965209961,1.088010311126709,1.0912879705429077,276.05,0.9773805737495422,0.022774485871195793,0.048232994973659515,8.309126853942871,0.0,0.0,0.3121914267539978,1.6372483514714986e-05,0.00918839406222105,0.736652672290802,0.0,0.0,1.1524654626846313,0.30116257071495056,0.021727636456489563,0.4550531804561615,0.022201959043741226,0.8201868534088135,0.27830007672309875,0.014045147225260735,0.0008593008387833834,0.5124318599700928,1.0,0.0,0.773076593875885,0.2843422591686249,0.00048714689910411835,0.018327226862311363,0.0,0.0,0.34515345096588135,0.042378101497888565,0.00010459047189215198,1.2847439050674438,0.0,0.0
617,4.94586706161499,0.8029263019561768,35.34751892089844,9.906147003173828,0.46189871430397034,58.61441421508789,1.2048344612121582,1.2023924589157104,168.57,0.901129424571991,0.015552112832665443,0.039309367537498474,16.86236572265625,0.0,0.0,0.3338923156261444,1.6747268091421574e-05,0.006972430273890495,0.6272746324539185,0.0,0.0,1.0884222984313965,0.25152868032455444,0.023264385759830475,0.4520662724971771,0.024891400709748268,0.8630061745643616,0.27574312686920166,0.010516983456909657,0.0011009805602952838,0.4060392379760742,1.0,0.0,0.7627708315849304,0.32105427980422974,0.00048140299622900784,0.018427133560180664,0.0,0.0,0.34666183590888977,0.038514748215675354,0.00014178054698277265,1.2732468843460083,0.0,0.0
618,4.0822367668151855,0.7030412554740906,35.164466857910156,5.789278030395508,0.5021157264709473,42.25048065185547,1.1630527973175049,1.1622368097305298,60.37,0.8740206956863403,0.007645453792065382,0.05363377556204796,11.299239158630371,0.0,0.0,0.3178083300590515,7.797002012921439e-07,0.007494267541915178,0.6729598045349121,0.0,0.0,1.0349981784820557,0.31577450037002563,0.018929461017251015,0.29453712701797485,0.01733519323170185,0.537934422492981,0.2832097113132477,0.014293838292360306,0.000805802526883781,0.499599426984787,1.0,0.0,0.7794374227523804,0.3080691993236542,0.00048022388364188373,0.01858314499258995,0.0,0.0,0.34660521149635315,0.03718272224068642,0.00025245113647542894,1.2365844249725342,0.0,0.0
619,4.578641891479492,0.09948281943798065,14.989548683166504,8.0335054397583,0.6970583200454712,48.06103515625,1.0098679065704346,1.0058032274246216,400.17,1.1064835786819458,0.19560793042182922,0.016181007027626038,2.2734172344207764,0.0,0.0,0.33135607838630676,7.131286838557571e-05,0.008007061667740345,0.9727756977081299,0.0,0.0,1.1210546493530273,0.4612591862678528,0.01668759435415268,0.30763882398605347,0.01424933597445488,0.5286663770675659,0.29504042863845825,0.023656604811549187,0.0005802480736747384,0.7224380373954773,1.0,0.0,0.783448338508606,0.23646783828735352,0.000512411177624017,0.01764274388551712,0.0,0.0,0.3424329459667206,0.060380227863788605,9.130087710218504e-05,1.286630392074585,0.0,0.0
620,3.3153576850891113,0.3740852475166321,21.40298080444336,4.162412166595459,0.6799265742301941,48.42719650268555,1.0843720436096191,1.0802676677703857,350.38,1.018161654472351,0.053020697087049484,0.0426081046462059,8.21854019165039,0.0,0.0,0.31021398305892944,6.644801760558039e-05,0.0026552791241556406,0.811827540397644,0.0,0.0,1.078459620475769,0.5823102593421936,0.01457855012267828,0.18801520764827728,0.010075625963509083,0.3174055218696594,0.2981208860874176,0.025270773097872734,0.00047384347999468446,0.7629888653755188,1.0,0.0,0.9258837103843689,0.17609232664108276,0.000613333482760936,0.020001932978630066,0.0,0.0,0.34305647015571594,0.07760192453861237,4.410647306940518e-05,1.2869484424591064,0.0,0.0
621,1.9618958234786987,0.6474851369857788,24.616456985473633,8.973840713500977,0.4971292316913605,40.059478759765625,1.151072382926941,1.1530418395996094,148.39,0.8995564579963684,0.012570426799356937,0.05859725549817085,9.360451698303223,0.0,0.0,0.32424619793891907,1.6053438230301253e-05,0.00927890744060278,0.6854116320610046,0.0,0.0,1.1008472442626953,0.29010009765625,0.02204429917037487,0.4332173466682434,0.022687330842018127,0.7845665812492371,0.27785879373550415,0.01292768307030201,0.00093510263832286,0.46349313855171204,1.0,0.0,0.7575426697731018,0.30627956986427307,0.0004740532021969557,0.018253255635499954,0.0,0.0,0.34674370288848877,0.03835587948560715,0.00014167858171276748,1.2724164724349976,0.0,0.0
622,3.4420483112335205,0.16747356951236725,39.06568908691406,2.6716341972351074,0.6564393639564514,44.9100227355957,1.1596254110336304,1.1610217094421387,103.71,0.8845449090003967,0.13463617861270905,0.03270086646080017,3.2211334705352783,0.0,0.0,0.34087008237838745,0.00012286506535019726,0.0029591782949864864,0.926367461681366,0.0,0.0,0.948316752910614,0.5048441290855408,0.013612041249871254,0.14385560154914856,0.00842909887433052,0.23480509221553802,0.2998521327972412,0.02455262653529644,0.000409694854170084,0.7650288343429565,1.0,0.0,0.852154552936554,0.23331256210803986,0.0005538393161259592,0.018693113699555397,0.0,0.0,0.34200161695480347,0.061484403908252716,0.00015143770724534988,1.2331572771072388,0.0,0.0
623,3.999345302581787,0.14422476291656494,30.974586486816406,5.034575462341309,0.7093450427055359,51.34400939941406,1.2465503215789795,1.247611403465271,68.23,1.0322765111923218,0.15342658758163452,0.02249232493340969,3.136324405670166,0.0,0.0,0.33559900522232056,0.00012073855032213032,0.003189128590747714,0.9331100583076477,0.0,0.0,1.0244094133377075,0.577603280544281,0.015006070956587791,0.1910424530506134,0.010974584147334099,0.33629098534584045,0.3036715090274811,0.02716359682381153,0.0005449406453408301,0.763039767742157,1.0,0.0,0.852491557598114,0.20622467994689941,0.0005732944118790329,0.01854524575173855,0.0,0.0,0.3415073752403259,0.07577259093523026,6.264318653848022e-05,1.278038501739502,0.0,0.0
624,4.297153949737549,0.5345166325569153,20.0546932220459,5.501241207122803,0.6550543308258057,46.46356964111328,1.066434621810913,1.0663275718688965,9.41,1.0218051671981812,0.017679911106824875,0.045156415551900864,11.15167236328125,0.0,0.0,0.29647719860076904,8.366617407773447e-07,0.00325545622035861,0.7383087873458862,0.0,0.0,1.1371573209762573,0.5312293171882629,0.015935806557536125,0.24464842677116394,0.012631800957024097,0.42606937885284424,0.2937834858894348,0.022192733362317085,0.0005647490033879876,0.7028541564941406,1.0,0.0,0.8955265283584595,0.19763197004795074,0.0005772855947725475,0.019846666604280472,0.0,0.0,0.3432861864566803,0.06348222494125366,5.9690744819818065e-05,1.284881353378296,0.0,0.0
625,1.5431448221206665,0.6198495030403137,26.163406372070312,3.3915419578552246,0.5932704210281372,48.17406463623047,1.1044803857803345,1.1047078371047974,18.64,0.8253354430198669,0.0071357255801558495,0.07914680987596512,14.63270378112793,0.0,0.0,0.3298722803592682,7.591080066049471e-05,0.0024998232256621122,0.7000194191932678,0.0,0.0,1.0371171236038208,0.6325130462646484,0.015568193048238754,0.1865919828414917,0.011021860875189304,0.3159201145172119,0.292181134223938,0.021427461877465248,0.0005219779559411108,0.671075165271759,1.0,0.0,0.9246882796287537,0.188027024269104,0.0006085188360884786,0.020365433767437935,0.0,0.0,0.3454563319683075,0.07142966240644455,4.660620470531285e-05,1.2835203409194946,0.0,0.0
626,4.8483805656433105,0.8910554051399231,31.68182373046875,5.540107250213623,0.5461331605911255,51.781455993652344,1.156065583229065,1.1552845239639282,58.48,0.8068485856056213,0.016391217708587646,0.05133935809135437,22.109994888305664,0.0,0.0,0.35142165422439575,3.287784056738019e-05,0.004045773297548294,0.6006205677986145,0.0,0.0,1.0367285013198853,0.44502517580986023,0.01838861033320427,0.2750262916088104,0.015680840238928795,0.5006473660469055,0.28671973943710327,0.017152294516563416,0.000732625660020858,0.5578868389129639,1.0,0.0,0.8708798289299011,0.22773215174674988,0.000562091066967696,0.019890837371349335,0.0,0.0,0.34555748105049133,0.05424266681075096,8.747544779907912e-05,1.273518681526184,0.0,0.0
627,4.202051162719727,0.33386746048927307,36.36031723022461,9.712189674377441,0.5838184952735901,75.0686264038086,1.2917696237564087,1.2903554439544678,84.84,1.1342798471450806,0.05489913001656532,0.026601867750287056,6.420660018920898,0.0,0.0,0.3003928065299988,2.8462332920753397e-05,0.004539131186902523,0.8295503258705139,0.0,0.0,1.1056643724441528,0.35576051473617554,0.0214145015925169,0.3644635081291199,0.02117646485567093,0.6985521912574768,0.2896434962749481,0.017253359779715538,0.0009780122200027108,0.5143827795982361,1.0,0.0,0.7914095520973206,0.2676914632320404,0.0005207967478781939,0.018175745382905006,0.0,0.0,0.3433009386062622,0.05538172274827957,6.549413956236094e-05,1.2913621664047241,0.0,0.0
628,5.353663444519043,0.3281882405281067,25.407299041748047,3.4582221508026123,0.6903604865074158,46.02334976196289,1.0849945545196533,1.0835214853286743,125.3,1.107840895652771,0.06941547989845276,0.0321003720164299,7.367049217224121,0.0,0.0,0.2958323359489441,3.3756881748558953e-05,0.0021778608206659555,0.8404819369316101,0.0,0.0,1.0831539630889893,0.5815406441688538,0.01376059278845787,0.15833888947963715,0.0087676290422678,0.2642868161201477,0.30090275406837463,0.025881145149469376,0.0004309606447350234,0.7922276854515076,1.0,0.0,0.9144091606140137,0.17905749380588531,0.0006060397136025131,0.019628629088401794,0.0,0.0,0.34309646487236023,0.08134235441684723,5.118079934618436e-05,1.2808809280395508,0.0,0.0
629,4.459063529968262,0.1768743395805359,25.29756736755371,3.430527448654175,0.7368338704109192,50.03668975830078,1.112051248550415,1.1094194650650024,213.32,1.0804988145828247,0.14280828833580017,0.023615961894392967,4.234969139099121,0.0,0.0,0.3253716230392456,0.0001124912960221991,0.0018854888621717691,0.9199689030647278,0.0,0.0,1.0485841035842896,0.5532389283180237,0.012860992923378944,0.14062298834323883,0.007589080836623907,0.23011523485183716,0.30548393726348877,0.02968302182853222,0.0003830772766377777,0.8564188480377197,1.0,0.0,0.9244762659072876,0.16109058260917664,0.000626232533250004,0.01941714808344841,0.0,0.0,0.342192679643631,0.0952228531241417,3.368290708749555e-05,1.2893515825271606,0.0,0.0
630,1.4917751550674438,0.07589061558246613,18.454858779907227,9.57919692993164,0.4017381966114044,45.960205078125,1.0428571701049805,1.0417052507400513,106.04,1.0171012878417969,0.1595260202884674,0.015910405665636063,2.163538932800293,0.0,0.0,0.37317290902137756,0.00011354395974194631,0.013413404114544392,0.9728450179100037,0.0,0.0,1.2016644477844238,0.20685049891471863,0.023901773616671562,0.544154942035675,0.02512754686176777,0.9481059908866882,0.26353010535240173,0.008219357579946518,0.000926410430110991,0.4097874164581299,1.0,0.0,0.6381208300590515,0.41382676362991333,0.0004053387092426419,0.016097817569971085,0.0,0.0,0.3483743667602539,0.032674841582775116,8.432006143266335e-05,1.292170524597168,0.0,0.0
631,4.039640426635742,0.023613939061760902,27.831615447998047,4.139597415924072,0.4338081181049347,42.76007080078125,1.0481960773468018,1.0474097728729248,71.62,1.063556432723999,0.2002781331539154,0.008489039726555347,1.343115210533142,0.0,0.0,0.36127471923828125,0.00013092118024360389,0.010382523760199547,1.01205575466156,0.0,0.0,1.111092448234558,0.2751188278198242,0.01809486374258995,0.2637079954147339,0.014789369888603687,0.4507158398628235,0.27636656165122986,0.01273389719426632,0.0006801291019655764,0.48726561665534973,1.0,0.0,0.6599097847938538,0.40836966037750244,0.00043397722765803337,0.01624668948352337,0.0,0.0,0.350237637758255,0.03998447209596634,0.00015318175428546965,1.2677425146102905,0.0,0.0
632,3.364346504211426,0.14461936056613922,38.39828872680664,3.30485200881958,0.7009023427963257,42.129486083984375,1.2088053226470947,1.2080051898956299,54.79,0.8604399561882019,0.15343181788921356,0.03372211754322052,2.7024009227752686,0.0,0.0,0.34571075439453125,0.00011750873818527907,0.0030520206782966852,0.9356701374053955,0.0,0.0,0.9188436269760132,0.5149149298667908,0.013308960944414139,0.14852893352508545,0.008556281216442585,0.24885880947113037,0.3035470247268677,0.026659907773137093,0.00042081563151441514,0.8017468452453613,1.0,0.0,0.8541420698165894,0.22620747983455658,0.0005508118192665279,0.018541397526860237,0.0,0.0,0.34015530347824097,0.061960406601428986,0.00016327637422364205,1.2245590686798096,0.0,0.0
633,1.4226438999176025,0.6894358992576599,17.278865814208984,9.16940689086914,0.6121326088905334,40.04153823852539,1.1088976860046387,1.104019045829773,398.5,0.835902988910675,0.009922660887241364,0.0727076306939125,10.628039360046387,0.0,0.0,0.32948756217956543,3.2350089895771816e-05,0.006949949078261852,0.6715261936187744,0.0,0.0,1.0803203582763672,0.4532339870929718,0.01991208642721176,0.3895193636417389,0.019284218549728394,0.6842966675758362,0.28641965985298157,0.018991073593497276,0.0007572509348392487,0.5944919586181641,1.0,0.0,0.841112494468689,0.21994198858737946,0.0005314003792591393,0.01926445960998535,0.0,0.0,0.3436366021633148,0.05104539170861244,9.665684046922252e-05,1.28376042842865,0.0,0.0
634,4.830557823181152,0.6899371147155762,29.407474517822266,7.195646286010742,0.6903379559516907,55.46123504638672,1.2506580352783203,1.248461127281189,140.7,0.9553837776184082,0.008791561238467693,0.05036380887031555,16.79029655456543,0.0,0.0,0.30664777755737305,9.558871170156635e-07,0.0021743609104305506,0.6677341461181641,0.0,0.0,1.0697691440582275,0.5712129473686218,0.016884995624423027,0.25445666909217834,0.014416362158954144,0.4720396399497986,0.30001652240753174,0.02397884428501129,0.0006894005928188562,0.6896814703941345,1.0,0.0,0.9256460070610046,0.18413808941841125,0.0006005761097185314,0.020191702991724014,0.0,0.0,0.34141379594802856,0.06855814903974533,5.002789475838654e-05,1.2821654081344604,0.0,0.0
635,4.986881256103516,0.8262742161750793,20.360591888427734,3.7122933864593506,0.7312909364700317,48.52349090576172,1.0038700103759766,1.004109263420105,23.74,0.8869284987449646,0.008690630085766315,0.05862608551979065,22.134309768676758,0.0,0.0,0.32708320021629333,1.0306833928552805e-06,0.0009593403665348887,0.6196866035461426,0.0,0.0,1.0761042833328247,0.5476165413856506,0.012637407518923283,0.15375837683677673,0.007840820588171482,0.2583842873573303,0.30119600892066956,0.02755826897919178,0.00038015423342585564,0.8499494194984436,1.0,0.0,1.0491218566894531,0.12349294126033783,0.0006822579307481647,0.02166304923593998,0.0,0.0,0.34223228693008423,0.09460865706205368,2.475181463523768e-05,1.2897326946258545,0.0,0.0
636,2.2037203311920166,0.6654505729675293,29.3007869720459,3.4168076515197754,0.4580119550228119,41.34004211425781,1.0480784177780151,1.0468380451202393,113.05,0.8425987362861633,0.005330947693437338,0.0658634752035141,11.794341087341309,0.0,0.0,0.3303913176059723,2.5909790565492585e-05,0.0073271081782877445,0.6993587613105774,0.0,0.0,1.0653058290481567,0.3960021436214447,0.01698056422173977,0.22198668122291565,0.013272702693939209,0.372148722410202,0.27956634759902954,0.014269384555518627,0.000629316084086895,0.523910641670227,1.0,0.0,0.806326150894165,0.2812051475048065,0.0005146482144482434,0.019122157245874405,0.0,0.0,0.34999027848243713,0.045078203082084656,0.0001536930212751031,1.2635877132415771,0.0,0.0
637,3.280830144882202,0.24840062856674194,41.62567901611328,9.563218116760254,0.5914520621299744,41.857933044433594,1.2904425859451294,1.290711760520935,16.16,0.8876340985298157,0.08365166187286377,0.036663029342889786,2.9909937381744385,0.0,0.0,0.31894880533218384,3.063287294935435e-05,0.010263193398714066,0.8586547374725342,0.0,0.0,0.9093847274780273,0.22721512615680695,0.0206952765583992,0.33880898356437683,0.021469108760356903,0.6480088829994202,0.29064157605171204,0.0160980261862278,0.000973547634202987,0.5063318610191345,1.0,0.0,0.7055853009223938,0.39060747623443604,0.0004228295001666993,0.016795175150036812,0.0,0.0,0.34044039249420166,0.0297718346118927,0.0003986202063970268,1.1879597902297974,0.0,0.0
638,3.0535686016082764,0.13730013370513916,37.72827911376953,4.3960161209106445,0.6993635892868042,44.29010009765625,1.2700167894363403,1.271947979927063,119.55,0.8671382069587708,0.14734971523284912,0.03302784636616707,2.5395896434783936,0.0,0.0,0.35057222843170166,0.00012718290963675827,0.0036873449571430683,0.9338129162788391,0.0,0.0,0.928878128528595,0.4852554500102997,0.014429549686610699,0.17585258185863495,0.010412812232971191,0.30817362666130066,0.30299416184425354,0.026115979999303818,0.0005138514679856598,0.7633505463600159,1.0,0.0,0.8364283442497253,0.23437504470348358,0.0005430205492302775,0.018335716798901558,0.0,0.0,0.3401027321815491,0.060640592128038406,0.00015360362885985523,1.234145998954773,0.0,0.0
639,1.6201221942901611,0.7679298520088196,34.79685592651367,5.186206340789795,0.6229662299156189,41.426761627197266,1.2445149421691895,1.2437397241592407,50.08,0.695371687412262,0.006751424632966518,0.09939982742071152,15.151034355163574,0.0,0.0,0.3398182690143585,4.2789823055500165e-05,0.0039381603710353374,0.6289761662483215,0.0,0.0,0.9261806607246399,0.4761092960834503,0.016711503267288208,0.2271263748407364,0.013752932660281658,0.40832871198654175,0.29593968391418457,0.02146073989570141,0.0006605653907172382,0.6435586810112,1.0,0.0,0.8942499160766602,0.2181641012430191,0.0005626050406135619,0.020021485164761543,0.0,0.0,0.3429846465587616,0.05253710225224495,0.00013792050594929606,1.2383193969726562,0.0,0.0
640,2.0906825065612793,0.5855725407600403,23.7891845703125,3.305917978286743,0.671256422996521,54.9777717590332,1.0961854457855225,1.0948783159255981,108.91,0.8850238919258118,0.011201268993318081,0.07264051586389542,14.58875560760498,0.0,0.0,0.3207121193408966,6.941503670532256e-05,0.0013483092188835144,0.7111720442771912,0.0,0.0,1.037396788597107,0.5914310216903687,0.014180582016706467,0.16140249371528625,0.00907888449728489,0.2684747576713562,0.2986188232898712,0.026102881878614426,0.0004285076865926385,0.77300626039505,1.0,0.0,1.0030980110168457,0.14242644608020782,0.0006663170061074197,0.02111794799566269,0.0,0.0,0.34326520562171936,0.093097984790802,2.651811155374162e-05,1.2920607328414917,0.0,0.0
641,5.043939590454102,0.8548845648765564,26.14378547668457,8.957619667053223,0.7444541454315186,46.29829406738281,1.2530008554458618,1.2527315616607666,17.16,0.8411986231803894,0.018843550235033035,0.05625370889902115,20.687963485717773,0.0,0.0,0.3361360728740692,2.495480475772638e-05,0.002082099439576268,0.6048958897590637,0.0,0.0,0.9971120953559875,0.562269389629364,0.01637600176036358,0.2637624740600586,0.014277368783950806,0.4896332323551178,0.30338501930236816,0.026491347700357437,0.0006717208307236433,0.7339903712272644,1.0,0.0,0.9470802545547485,0.1683112233877182,0.0006114101270213723,0.02037438377737999,0.0,0.0,0.340257465839386,0.07233130931854248,5.7028053561225533e-05,1.2743338346481323,0.0,0.0
642,2.372577667236328,0.5699658393859863,31.47616195678711,2.4016106128692627,0.5308579802513123,46.76814270019531,1.048101544380188,1.0483678579330444,24.24,0.8719958662986755,0.011036467738449574,0.06550057232379913,12.4198579788208,0.0,0.0,0.321729451417923,5.340061034075916e-05,0.0035354760475456715,0.730518639087677,0.0,0.0,1.051031470298767,0.5318958759307861,0.015323945321142673,0.1621747612953186,0.010086385533213615,0.26038989424705505,0.2881428003311157,0.018627876415848732,0.0004970217705704272,0.6260499954223633,1.0,0.0,0.8832582831382751,0.22288453578948975,0.0005777673795819283,0.019983412697911263,0.0,0.0,0.347684770822525,0.06021268293261528,8.515865920344368e-05,1.2691526412963867,0.0,0.0
643,4.240080833435059,0.04846256971359253,18.797985076904297,8.664999008178711,0.4124264717102051,45.85108947753906,1.0118199586868286,1.0132193565368652,136.5,1.1793687343597412,0.21217770874500275,0.004676900804042816,2.3993606567382812,0.0,0.0,0.3399714529514313,6.093259435147047e-05,0.01410030946135521,0.9847085475921631,0.0,0.0,1.254000186920166,0.19392357766628265,0.022502833977341652,0.5024592876434326,0.022889118641614914,0.8759421706199646,0.2654583156108856,0.008605379611253738,0.0008642428438179195,0.4291517436504364,1.0,0.0,0.617892861366272,0.42008236050605774,0.0003943240735679865,0.015561656095087528,0.0,0.0,0.3482232987880707,0.033251889050006866,9.53479902818799e-05,1.2881298065185547,0.0,0.0
644,1.8195010423660278,0.1355886310338974,36.9887580871582,2.2503609657287598,0.6282264590263367,55.46711730957031,1.1204396486282349,1.1226866245269775,178.63,0.8405482172966003,0.1537010669708252,0.03949800506234169,3.2827467918395996,0.0,0.0,0.3771432936191559,0.0002959175908472389,0.0013298909179866314,0.9371660947799683,0.0,0.0,0.9967233538627625,0.6274258494377136,0.013984698802232742,0.13983260095119476,0.008090177550911903,0.22172842919826508,0.29714035987854004,0.024793801829218864,0.0003841517318505794,0.7480264902114868,1.0,0.0,0.8947824239730835,0.18706728518009186,0.0006077349535189569,0.019333405420184135,0.0,0.0,0.3444492518901825,0.08398839086294174,4.889965202892199e-05,1.2806549072265625,0.0,0.0
645,1.6438348293304443,0.9681780338287354,29.047569274902344,6.655829429626465,0.43954694271087646,47.46729278564453,1.1283667087554932,1.129465103149414,86.19,0.663307785987854,0.020044783130288124,0.07653797417879105,20.269067764282227,0.0,0.0,0.38875269889831543,7.528676360379905e-05,0.006041175685822964,0.5869396328926086,0.0,0.0,1.0349246263504028,0.34812942147254944,0.02088245004415512,0.361575722694397,0.019954508170485497,0.6610968708992004,0.2748927175998688,0.01176078524440527,0.0008844322292134166,0.43797072768211365,1.0,0.0,0.8103823065757751,0.2684265375137329,0.0005181723390705884,0.019453566521406174,0.0,0.0,0.34953463077545166,0.042925551533699036,0.0001093042956199497,1.280220866203308,0.0,0.0
646,5.203125953674316,0.3378715515136719,19.82515525817871,9.219552993774414,0.4344853162765503,45.01176071166992,1.0085524320602417,1.0097624063491821,118.81,1.218849539756775,0.06437025219202042,0.020306209102272987,4.377588748931885,0.0,0.0,0.29151400923728943,6.266718060032872e-07,0.012311669997870922,0.8279206156730652,0.0,0.0,1.2990506887435913,0.2028731405735016,0.022454826161265373,0.5076783299446106,0.023322641849517822,0.9035862684249878,0.26717984676361084,0.008916047401726246,0.0008831335580907762,0.44016388058662415,1.0,0.0,0.6903828978538513,0.37870559096336365,0.0004294037353247404,0.017144670709967613,0.0,0.0,0.34765100479125977,0.03265823423862457,9.933786350302398e-05,1.286787748336792,0.0,0.0
647,3.243382692337036,0.03117085061967373,40.725563049316406,4.968656063079834,0.6765722632408142,43.45393753051758,1.2847539186477661,1.2874667644500732,164.01,0.8272058963775635,0.2186306267976761,0.021557457745075226,0.9642257690429688,0.0,0.0,0.3732875883579254,0.00012323656119406223,0.0064844111911952496,0.9984420537948608,0.0,0.0,0.888052225112915,0.39721235632896423,0.015317849814891815,0.19655610620975494,0.012028868310153484,0.3521275222301483,0.30041739344596863,0.02400585263967514,0.0005793602322228253,0.7143670916557312,1.0,0.0,0.7602288126945496,0.291872501373291,0.00048524857265874743,0.017063599079847336,0.0,0.0,0.33974096179008484,0.050387993454933167,0.0002715228474698961,1.2129708528518677,0.0,0.0
648,2.5615386962890625,0.39635923504829407,20.085128784179688,8.83367919921875,0.49923649430274963,59.77323913574219,1.0835318565368652,1.0851998329162598,141.85,1.0575085878372192,0.039088379591703415,0.037646353244781494,6.086484909057617,0.0,0.0,0.31252384185791016,3.134362123091705e-05,0.008005649782717228,0.8029001951217651,0.0,0.0,1.1718673706054688,0.28225693106651306,0.02162628248333931,0.4391944408416748,0.02166285365819931,0.8062906265258789,0.2759033441543579,0.012687601149082184,0.0008628279902040958,0.48446425795555115,1.0,0.0,0.7620916962623596,0.29780492186546326,0.0004856357118114829,0.01813727617263794,0.0,0.0,0.3451923429965973,0.042395565658807755,0.00010330009536119178,1.285428762435913,0.0,0.0
649,5.013949871063232,0.4357724189758301,17.768489837646484,8.119032859802246,0.706885576248169,54.699256896972656,1.0642242431640625,1.0659129619598389,148.87,1.1076385974884033,0.037596214562654495,0.03575849533081055,8.470871925354004,0.0,0.0,0.2899305522441864,3.023404360646964e-06,0.0038366487715393305,0.7924697399139404,0.0,0.0,1.1414906978607178,0.5139880776405334,0.016472717747092247,0.29367807507514954,0.01415805984288454,0.5225198864936829,0.2967372536659241,0.02372572012245655,0.0006053548422642052,0.7240251302719116,1.0,0.0,0.8883691430091858,0.19226765632629395,0.0005725817172788084,0.019584067165851593,0.0,0.0,0.34191974997520447,0.06445474922657013,6.396324897650629e-05,1.2860347032546997,0.0,0.0
650,5.220785140991211,0.00634336331859231,27.563386917114258,3.308624029159546,0.5618422031402588,50.936832427978516,1.0840314626693726,1.084174633026123,12.18,1.1032150983810425,0.24999502301216125,0.008192000910639763,1.153132438659668,0.0,0.0,0.3537619113922119,0.00015073013491928577,0.006704504601657391,1.0183405876159668,0.0,0.0,1.0834444761276245,0.443626344203949,0.016142290085554123,0.19259829819202423,0.011328731663525105,0.32440292835235596,0.2901615500450134,0.019617348909378052,0.0005337868933565915,0.6363815665245056,1.0,0.0,0.7429550886154175,0.28551003336906433,0.000503542716614902,0.017078859731554985,0.0,0.0,0.34654903411865234,0.06258071213960648,8.976720710052177e-05,1.28336501121521,0.0,0.0
651,5.583611011505127,0.5822243094444275,30.8595027923584,6.55694580078125,0.595259964466095,58.758811950683594,1.195785403251648,1.1914840936660767,301.9,1.0520546436309814,0.013383038341999054,0.03765764459967613,13.260278701782227,0.0,0.0,0.29485341906547546,9.663139053373015e-07,0.003865701612085104,0.7176054120063782,0.0,0.0,1.1212862730026245,0.42239025235176086,0.01841132715344429,0.2856188714504242,0.016230909153819084,0.5316271185874939,0.291212797164917,0.018738368526101112,0.0007609211024828255,0.5901606678962708,1.0,0.0,0.8557044267654419,0.23176151514053345,0.0005545942694880068,0.01939164102077484,0.0,0.0,0.34393060207366943,0.05675717815756798,6.874121754663065e-05,1.283427119255066,0.0,0.0
652,2.976069688796997,0.6092337965965271,27.665184020996094,6.743445873260498,0.6139146089553833,43.727272033691406,1.208280086517334,1.2074949741363525,53.81,0.9166200160980225,0.01176771055907011,0.05882599949836731,11.666099548339844,0.0,0.0,0.31112614274024963,1.382789560011588e-05,0.005562345497310162,0.696672797203064,0.0,0.0,1.044203519821167,0.4371172785758972,0.01821848750114441,0.2864050567150116,0.016131313517689705,0.5237836837768555,0.2926293611526489,0.02000650204718113,0.0007393203559331596,0.6075651049613953,1.0,0.0,0.8561156392097473,0.22928912937641144,0.0005478497478179634,0.019390597939491272,0.0,0.0,0.343557745218277,0.054188694804906845,0.0001054848253261298,1.2671066522598267,0.0,0.0
653,1.7984201908111572,0.14740966260433197,33.11847686767578,8.688543319702148,0.5038082599639893,52.82356262207031,1.233150839805603,1.2345012426376343,88.71,0.9493688344955444,0.1060231477022171,0.028014548122882843,2.7936434745788574,0.0,0.0,0.35977378487586975,0.00014100958651397377,0.009028676897287369,0.9168367981910706,0.0,0.0,1.050398349761963,0.2675126791000366,0.02207287959754467,0.39004355669021606,0.02213875949382782,0.7330060601234436,0.28148743510246277,0.013586663641035557,0.000994269154034555,0.4517759680747986,1.0,0.0,0.7109735608100891,0.34421607851982117,0.0004629785835277289,0.01713024266064167,0.0,0.0,0.34621065855026245,0.04199865832924843,0.0001401787594659254,1.2728840112686157,0.0,0.0
654,1.7945107221603394,0.09123142063617706,24.26197052001953,7.606875419616699,0.7278717160224915,51.9514274597168,1.2668653726577759,1.2678345441818237,60.34,0.8821577429771423,0.17649255692958832,0.03296276181936264,2.2551488876342773,0.0,0.0,0.37956851720809937,0.00021937483688816428,0.0035812710411846638,0.9555283188819885,0.0,0.0,0.9923011660575867,0.5677231550216675,0.016526460647583008,0.24885855615139008,0.013614640571177006,0.4495928883552551,0.3029553294181824,0.027771776542067528,0.0006364394212141633,0.7337850332260132,1.0,0.0,0.8352561593055725,0.2035721391439438,0.0005629258812405169,0.018290910869836807,0.0,0.0,0.34115317463874817,0.07536588609218597,5.154776954441331e-05,1.2874969244003296,0.0,0.0
655,1.9934576749801636,0.2775704264640808,40.6466178894043,4.909887313842773,0.537629246711731,57.723121643066406,1.2237237691879272,1.2233442068099976,25.35,0.9032610058784485,0.06058723106980324,0.043816015124320984,4.931985855102539,0.0,0.0,0.34023115038871765,0.00013403434422798455,0.004122294485569,0.8619346618652344,0.0,0.0,1.0230281352996826,0.37528061866760254,0.01776791736483574,0.24600377678871155,0.014907660894095898,0.4461728036403656,0.28695905208587646,0.0167502723634243,0.0007289113127626479,0.5568169355392456,1.0,0.0,0.7965414524078369,0.28142228722572327,0.0005222616600804031,0.018462030217051506,0.0,0.0,0.34591713547706604,0.0518965870141983,0.00012070935918018222,1.267420768737793,0.0,0.0
656,1.2517906427383423,0.9858136177062988,24.62527847290039,5.519855976104736,0.724653422832489,41.340538024902344,1.223182201385498,1.2243448495864868,77.63,0.586816132068634,0.03436575457453728,0.11494158208370209,26.115232467651367,0.0,0.0,0.38144367933273315,0.00010296687833033502,0.0017238989239558578,0.5498834252357483,0.0,0.0,0.9221433401107788,0.564831554889679,0.014974365010857582,0.20174036920070648,0.011035301722586155,0.3549220561981201,0.3031151592731476,0.02852078340947628,0.0005310787819325924,0.7773450016975403,1.0,0.0,1.023010015487671,0.1402708888053894,0.0006675439653918147,0.02167830988764763,0.0,0.0,0.341537207365036,0.0804426297545433,4.211014311295003e-05,1.274741768836975,0.0,0.0
657,2.9079525470733643,0.4996723234653473,17.916854858398438,9.303942680358887,0.7017266154289246,57.746482849121094,1.1355910301208496,1.1348117589950562,60.47,0.9856197237968445,0.02439234033226967,0.05246806889772415,9.435551643371582,0.0,0.0,0.3062049150466919,3.1252038752427325e-05,0.0032829130068421364,0.7576481699943542,0.0,0.0,1.078547716140747,0.523076593875885,0.01758519560098648,0.32164767384529114,0.015900567173957825,0.5831652879714966,0.2962978780269623,0.023651722818613052,0.0006673787138424814,0.693846583366394,1.0,0.0,0.8996155261993408,0.188452810049057,0.0005813176394440234,0.01979599893093109,0.0,0.0,0.3413103222846985,0.06468785554170609,6.538727757288143e-05,1.2828973531723022,0.0,0.0
658,2.3938612937927246,0.19209714233875275,18.38035774230957,6.007262229919434,0.7277652025222778,47.48542404174805,1.1226928234100342,1.1222730875015259,33.31,0.9595000147819519,0.13390305638313293,0.03602999076247215,3.716320276260376,0.0,0.0,0.3458518385887146,0.000138902134494856,0.003632843494415283,0.9097172617912292,0.0,0.0,1.0434503555297852,0.55254727602005,0.014945238828659058,0.22272875905036926,0.011235852725803852,0.383440762758255,0.30085423588752747,0.027699746191501617,0.0005138328997418284,0.783998429775238,1.0,0.0,0.8757166862487793,0.18436266481876373,0.0005821490776725113,0.018997035920619965,0.0,0.0,0.341817706823349,0.07650242000818253,5.18940323672723e-05,1.2874925136566162,0.0,0.0
659,5.11282205581665,0.8996831774711609,25.32490348815918,8.506242752075195,0.5686848759651184,59.89452362060547,1.1413801908493042,1.1420767307281494,53.43,0.8303835391998291,0.019337011501193047,0.046116020530462265,22.72976303100586,0.0,0.0,0.35369738936424255,4.8883048293646425e-05,0.003835957497358322,0.5951198935508728,0.0,0.0,1.0711919069290161,0.4189741909503937,0.02034614607691765,0.3740380108356476,0.01938037760555744,0.695838987827301,0.2849026322364807,0.01659230887889862,0.000828654388897121,0.5437825918197632,1.0,0.0,0.8724613189697266,0.2168392390012741,0.0005626684869639575,0.019859572872519493,0.0,0.0,0.34417563676834106,0.0552956759929657,6.040885637048632e-05,1.2875192165374756,0.0,0.0
660,1.8302619457244873,0.5528042912483215,37.61399459838867,3.1898372173309326,0.7950326800346375,48.40031814575195,1.2261162996292114,1.225248098373413,57.79,0.7754145264625549,0.016589807346463203,0.09886424243450165,11.870366096496582,0.0,0.0,0.3200962543487549,7.837763405404985e-05,0.000680538360029459,0.7083415389060974,0.0,0.0,0.9491273760795593,0.5071480870246887,0.010909223929047585,0.11867395043373108,0.005750605370849371,0.18964028358459473,0.31114310026168823,0.033526379615068436,0.0002873036719392985,0.9465426206588745,1.0,0.0,1.0777403116226196,0.1248851791024208,0.0006999949109740555,0.02160484530031681,0.0,0.0,0.33778873085975647,0.0885695368051529,4.661394268623553e-05,1.2555065155029297,0.0,0.0
661,2.3285515308380127,0.18422536551952362,16.337268829345703,6.349374294281006,0.7970650792121887,49.80925750732422,1.097121000289917,1.1016361713409424,373.58,0.9337649941444397,0.13809378445148468,0.03842267021536827,3.7878098487854004,0.0,0.0,0.3496137261390686,0.00015435402747243643,0.0022985737305134535,0.921394944190979,0.0,0.0,1.0168641805648804,0.522341251373291,0.012959741987287998,0.19310440123081207,0.009157181717455387,0.3299718499183655,0.30623507499694824,0.03186152130365372,0.00044312889804132283,0.8765906095504761,1.0,0.0,0.9352490305900574,0.15259632468223572,0.0006241964874789119,0.01968356966972351,0.0,0.0,0.34076255559921265,0.09128923714160919,3.7782829167554155e-05,1.2890055179595947,0.0,0.0
662,1.067984700202942,0.5107298493385315,28.87703514099121,7.615664958953857,0.6205727458000183,45.5620231628418,1.2605701684951782,1.2613410949707031,48.49,0.8395050764083862,0.01947389356791973,0.0747838243842125,8.520981788635254,0.0,0.0,0.3300650417804718,7.486347749363631e-05,0.0060847108252346516,0.7309049963951111,0.0,0.0,1.0023971796035767,0.4552302658557892,0.019136514514684677,0.30421942472457886,0.017459560185670853,0.5571800470352173,0.29352515935897827,0.020731531083583832,0.0007944291573949158,0.5926008224487305,1.0,0.0,0.8571951985359192,0.22093777358531952,0.0005520150298252702,0.01939503848552704,0.0,0.0,0.34321147203445435,0.055063266307115555,0.00010436665615998209,1.2687526941299438,0.0,0.0
663,4.547159194946289,0.5234545469284058,19.63695526123047,9.099678993225098,0.7112948298454285,51.09452438354492,1.1364408731460571,1.134925127029419,117.52,1.0640349388122559,0.022207466885447502,0.04254171624779701,10.718683242797852,0.0,0.0,0.29363173246383667,7.987737831172126e-07,0.003340010531246662,0.7467458248138428,0.0,0.0,1.1255208253860474,0.5094064474105835,0.01700640469789505,0.30521130561828613,0.015307767316699028,0.560300886631012,0.29783594608306885,0.02366241253912449,0.000664936495013535,0.7078558206558228,1.0,0.0,0.8911919593811035,0.1939513385295868,0.000573336030356586,0.019650019705295563,0.0,0.0,0.34162354469299316,0.06430590152740479,5.7984976592706516e-05,1.2860536575317383,0.0,0.0
664,4.977143287658691,0.751542329788208,27.015344619750977,6.783171653747559,0.6519642472267151,44.3318977355957,1.1905938386917114,1.1915438175201416,66.96,0.9086945056915283,0.008143160492181778,0.05200767517089844,15.012614250183105,0.0,0.0,0.31688573956489563,8.549221206521906e-07,0.0036095555406063795,0.6441200971603394,0.0,0.0,1.059936285018921,0.5071492791175842,0.01723654195666313,0.27140769362449646,0.014885875396430492,0.49567070603370667,0.29545921087265015,0.021706881001591682,0.0006850014324299991,0.6562722325325012,1.0,0.0,0.892366886138916,0.2039829045534134,0.0005679401219822466,0.01987805776298046,0.0,0.0,0.3426075577735901,0.05874190106987953,8.679627353558317e-05,1.2700163125991821,0.0,0.0
665,1.1058014631271362,0.11458885669708252,15.35915756225586,6.795830726623535,0.6021268963813782,50.6845817565918,1.0449081659317017,1.0450714826583862,14.96,0.8981823921203613,0.17899292707443237,0.03405351564288139,1.721160650253296,0.0,0.0,0.38110336661338806,0.0001548527943668887,0.0070858309045434,0.9551548361778259,0.0,0.0,1.0743626356124878,0.5296849012374878,0.018865181133151054,0.328769326210022,0.016049522906541824,0.5530447959899902,0.2862219214439392,0.020634746178984642,0.0006121652550064027,0.6241462230682373,1.0,0.0,0.7497905492782593,0.24355697631835938,0.00048799763317219913,0.01725671999156475,0.0,0.0,0.34351474046707153,0.05547603219747543,0.00010399390885140747,1.2854543924331665,0.0,0.0
666,4.819399833679199,0.0456358976662159,41.11659622192383,3.5135936737060547,0.595258891582489,56.104061126708984,1.201051115989685,1.2006127834320068,30.4,1.0294328927993774,0.20907001197338104,0.009751087985932827,1.3616597652435303,0.0,0.0,0.3487027883529663,0.00012829829938709736,0.005320824217051268,1.0048274993896484,0.0,0.0,1.018090009689331,0.41932567954063416,0.01569916121661663,0.18444839119911194,0.011283460073173046,0.3185727596282959,0.29381486773490906,0.02080634981393814,0.0005523004801943898,0.660841166973114,1.0,0.0,0.7572734951972961,0.28912919759750366,0.0005061923293396831,0.017225461080670357,0.0,0.0,0.34408125281333923,0.05882579833269119,0.00014270152314566076,1.2599292993545532,0.0,0.0
667,1.5698572397232056,0.6444230675697327,27.419158935546875,8.842023849487305,0.4620514214038849,57.2900390625,1.1647568941116333,1.163678765296936,79.54,0.8849456310272217,0.008347658440470695,0.062105972319841385,12.546693801879883,0.0,0.0,0.329288512468338,1.5862395230215043e-05,0.006246835924685001,0.6909870505332947,0.0,0.0,1.1242707967758179,0.3002525269985199,0.022426914423704147,0.43523868918418884,0.02326922118663788,0.8156968355178833,0.2751505672931671,0.011373508721590042,0.001005502068437636,0.4294106960296631,1.0,0.0,0.7903653979301453,0.28416842222213745,0.0005051984335295856,0.01886187121272087,0.0,0.0,0.3473973274230957,0.04396582394838333,7.987594290170819e-05,1.2909923791885376,0.0,0.0
668,3.5954792499542236,0.2302708774805069,31.52421760559082,8.407044410705566,0.4598348140716553,54.31563186645508,1.178619384765625,1.179538607597351,66.12,1.113757610321045,0.08159735053777695,0.019418619573116302,4.085482120513916,0.0,0.0,0.3186701536178589,5.1910265028709546e-05,0.010880972258746624,0.8799870014190674,0.0,0.0,1.1308335065841675,0.227561354637146,0.02212247997522354,0.41077613830566406,0.02245457097887993,0.7728005647659302,0.27657249569892883,0.011225610040128231,0.0010016148444265127,0.42469850182533264,1.0,0.0,0.695397138595581,0.37890467047691345,0.000449870596639812,0.01700621284544468,0.0,0.0,0.3475087285041809,0.03886512294411659,0.00012655329192057252,1.2773375511169434,0.0,0.0
669,4.635166645050049,0.888916015625,24.547807693481445,8.836847305297852,0.43660929799079895,79.95439147949219,1.0720328092575073,1.0713505744934082,59.4,0.7793348431587219,0.010635402984917164,0.04956803843379021,18.235897064208984,0.0,0.0,0.35455337166786194,2.3039729057927616e-05,0.0025427488144487143,0.61928790807724,0.0,0.0,1.0823947191238403,0.2775872051715851,0.021802471950650215,0.4665202796459198,0.023014312610030174,0.87446129322052,0.2695828378200531,0.009582256898283958,0.0009478717693127692,0.42820531129837036,1.0,0.0,0.8123124241828918,0.2823143005371094,0.0005061192205175757,0.01933007873594761,0.0,0.0,0.3460172712802887,0.039470069110393524,0.0001493029558332637,1.267392635345459,0.0,0.0
670,4.197214603424072,0.014607676304876804,32.215049743652344,4.587343692779541,0.48195508122444153,51.86054229736328,1.1310155391693115,1.130923867225647,7.17,1.0745389461517334,0.212024986743927,0.006902837660163641,1.1767288446426392,0.0,0.0,0.36184161901474,0.00014450651360675693,0.009426167234778404,1.0132983922958374,0.0,0.0,1.0888934135437012,0.31172242760658264,0.01841632090508938,0.26154643297195435,0.015121116302907467,0.460769921541214,0.28212299942970276,0.01485475804656744,0.0007162190740928054,0.5140067338943481,1.0,0.0,0.6814115047454834,0.36650335788726807,0.00045549299102276564,0.01639566570520401,0.0,0.0,0.3483562171459198,0.04697083681821823,0.00013396651775110513,1.2744760513305664,0.0,0.0
671,1.1326590776443481,0.3088724613189697,35.57071304321289,2.3188395500183105,0.48273664712905884,44.642051696777344,1.0503164529800415,1.0456748008728027,422.63,0.8069122433662415,0.05323755368590355,0.059403855353593826,5.575480937957764,0.0,0.0,0.3555300533771515,0.00018370964971836656,0.005712081212550402,0.8613789081573486,0.0,0.0,1.0020521879196167,0.4066561460494995,0.01555748749524355,0.16552790999412537,0.010441472753882408,0.2656007409095764,0.28396618366241455,0.016232820227742195,0.000524306611623615,0.5776926279067993,1.0,0.0,0.8072983622550964,0.28128087520599365,0.000527179625350982,0.018920890986919403,0.0,0.0,0.34976091980934143,0.04902957007288933,0.00015985724166966975,1.253232717514038,0.0,0.0
672,5.637813091278076,0.26419463753700256,24.196483612060547,2.6380937099456787,0.6652480959892273,45.90464401245117,1.001526117324829,1.0025769472122192,104.65,1.1230937242507935,0.09815792739391327,0.027773208916187286,5.969943523406982,0.0,0.0,0.3009437024593353,5.3457642934517935e-05,0.002059605671092868,0.874496579170227,0.0,0.0,1.0884292125701904,0.5970872640609741,0.013454388827085495,0.13977161049842834,0.007949691265821457,0.22504211962223053,0.298656702041626,0.024672280997037888,0.00038505278644151986,0.7866458892822266,1.0,0.0,0.9038504958152771,0.1840435117483139,0.0006023510941304266,0.019453559070825577,0.0,0.0,0.3441430628299713,0.08332403749227524,4.867613461101428e-05,1.2832770347595215,0.0,0.0
673,1.1270016431808472,0.12005587667226791,27.14008140563965,7.007694244384766,0.6110721826553345,57.229854583740234,1.2321586608886719,1.2295401096343994,172.84,0.8701220750808716,0.138022318482399,0.036922525614500046,2.2581112384796143,0.0,0.0,0.3836778402328491,0.0002372841554461047,0.005012270994484425,0.9358684420585632,0.0,0.0,1.0191789865493774,0.5177575945854187,0.019241340458393097,0.2981531023979187,0.016584238037467003,0.5397903323173523,0.29228663444519043,0.021380482241511345,0.0007294999668374658,0.5994381904602051,1.0,0.0,0.8001163601875305,0.2276701033115387,0.0005352056468836963,0.018115047365427017,0.0,0.0,0.3438296616077423,0.06526939570903778,6.10364877502434e-05,1.2918092012405396,0.0,0.0
674,1.6846747398376465,0.8591371178627014,26.655210494995117,6.322518825531006,0.5938796997070312,57.66492462158203,1.1942856311798096,1.194046974182129,16.74,0.7217522263526917,0.01070372387766838,0.08681242167949677,21.90790367126465,0.0,0.0,0.355888307094574,5.44534414075315e-05,0.0017618490383028984,0.6060199737548828,0.0,0.0,1.0185123682022095,0.589989185333252,0.018481967970728874,0.28470394015312195,0.01599091850221157,0.5215775370597839,0.2905330955982208,0.019992582499980927,0.0007263991865329444,0.5972711443901062,1.0,0.0,0.9260421991348267,0.18458808958530426,0.0006059142178855836,0.020539790391921997,0.0,0.0,0.3443143963813782,0.06754270941019058,3.779278995352797e-05,1.2909053564071655,0.0,0.0
675,3.9455559253692627,0.2069506198167801,35.588478088378906,2.3262887001037598,0.6551995873451233,47.99973678588867,1.1107404232025146,1.1118237972259521,87.73,0.9786936044692993,0.12177237123250961,0.029981210827827454,4.3611602783203125,0.0,0.0,0.3275589346885681,0.00011363242083461955,0.002335313940420747,0.9043799638748169,0.0,0.0,1.0100022554397583,0.6125652194023132,0.013543275184929371,0.13268116116523743,0.007815249264240265,0.21083474159240723,0.30017662048339844,0.025181885808706284,0.0003832977672573179,0.775631844997406,1.0,0.0,0.8839288949966431,0.20363067090511322,0.0005872088950127363,0.01915164850652218,0.0,0.0,0.34310171008110046,0.07400867342948914,8.894441998563707e-05,1.259202480316162,0.0,0.0
676,3.306180953979492,0.6388165950775146,18.20447540283203,4.72260046005249,0.6205793023109436,53.39091491699219,1.0105825662612915,1.0081961154937744,234.23,0.9363404512405396,0.007615854497998953,0.05751221254467964,13.687121391296387,0.0,0.0,0.3105846345424652,4.58249996881932e-06,0.003100448986515403,0.6954233646392822,0.0,0.0,1.1198785305023193,0.5997577905654907,0.016001669690012932,0.23691211640834808,0.012322284281253815,0.40476086735725403,0.28975987434387207,0.02092267945408821,0.0005322382203303277,0.6831396818161011,1.0,0.0,0.9250887036323547,0.1817571371793747,0.000595643708948046,0.020398836582899094,0.0,0.0,0.3436721861362457,0.06571993976831436,5.54732141608838e-05,1.2854602336883545,0.0,0.0
677,4.440815448760986,0.2443782091140747,41.46383285522461,3.402536153793335,0.5617251396179199,48.078285217285156,1.167588710784912,1.1668392419815063,55.01,0.9695847630500793,0.08255132287740707,0.028444457799196243,4.154019832611084,0.0,0.0,0.3142061233520508,5.691984188160859e-05,0.006221418268978596,0.8944274187088013,0.0,0.0,0.9901860952377319,0.34640562534332275,0.01575506292283535,0.1883067637681961,0.011647519655525684,0.32604101300239563,0.2907111644744873,0.018342163413763046,0.000574934296309948,0.6236587762832642,1.0,0.0,0.782532274723053,0.3074260652065277,0.0005002379766665399,0.018055198714137077,0.0,0.0,0.34463146328926086,0.045724205672740936,0.0002472999331075698,1.2285869121551514,0.0,0.0
678,4.3866963386535645,0.29903218150138855,30.68412208557129,4.37710428237915,0.40312737226486206,55.241416931152344,1.0435137748718262,1.0500624179840088,597.64,1.139535903930664,0.060860004276037216,0.021228589117527008,5.364814758300781,0.0,0.0,0.308688759803772,3.629461207310669e-05,0.009510335512459278,0.8618839979171753,0.0,0.0,1.1839426755905151,0.2743188738822937,0.018463609740138054,0.27790316939353943,0.01563187688589096,0.48820188641548157,0.27308616042137146,0.010863390751183033,0.0007509748102165759,0.4525606036186218,1.0,0.0,0.7230854630470276,0.3634738624095917,0.00047316341078840196,0.017682261765003204,0.0,0.0,0.3508116602897644,0.04125655069947243,0.00011146474571432918,1.282236933708191,0.0,0.0
679,1.861710548400879,0.013920733705163002,23.164562225341797,6.588853359222412,0.6550262570381165,42.44370651245117,1.2065097093582153,1.2056773900985718,57.22,0.8726701736450195,0.22830995917320251,0.022828105837106705,1.0393829345703125,0.0,0.0,0.3983583450317383,0.00020421997760422528,0.007587797474116087,1.003698706626892,0.0,0.0,0.9935751557350159,0.4866485595703125,0.017562897875905037,0.26957404613494873,0.014687824063003063,0.4749740660190582,0.295960009098053,0.023901378735899925,0.0006490876548923552,0.6674515604972839,1.0,0.0,0.7489817142486572,0.2558428645133972,0.0004988284199498594,0.017044633626937866,0.0,0.0,0.343132346868515,0.06017744168639183,0.00011148390331072733,1.2769992351531982,0.0,0.0
680,5.869457244873047,0.2975412607192993,30.79199981689453,8.78720760345459,0.6472976803779602,53.32105255126953,1.259603500366211,1.26043701171875,52.5,1.151709794998169,0.07077408581972122,0.02703617513179779,5.739826202392578,0.0,0.0,0.2919008433818817,1.3754459359915927e-05,0.007148743141442537,0.8519332408905029,0.0,0.0,1.0811275243759155,0.3722774386405945,0.01915426179766655,0.31492576003074646,0.017865655943751335,0.590226948261261,0.29614773392677307,0.020819075405597687,0.0008210529340431094,0.6078478097915649,1.0,0.0,0.8039875030517578,0.25593405961990356,0.0005233405390754342,0.01828576810657978,0.0,0.0,0.34211620688438416,0.054381947964429855,0.00010942068183794618,1.2737089395523071,0.0,0.0
681,2.7549562454223633,0.1437043696641922,25.441184997558594,8.405167579650879,0.7435261011123657,45.09897994995117,1.286770224571228,1.2832157611846924,215.26,0.9615649580955505,0.1490350067615509,0.03089122660458088,3.0638937950134277,0.0,0.0,0.3490700423717499,0.0001275834219995886,0.00500540342181921,0.9271462559700012,0.0,0.0,0.9937941431999207,0.5258810520172119,0.016408756375312805,0.2512967586517334,0.01398548949509859,0.45940837264060974,0.30471372604370117,0.027611171826720238,0.0006681011291220784,0.737093448638916,1.0,0.0,0.8279312252998352,0.2165517508983612,0.0005495614022947848,0.018191350623965263,0.0,0.0,0.34044045209884644,0.0684598758816719,8.09194243629463e-05,1.2734674215316772,0.0,0.0
682,3.890329122543335,0.6075471043586731,44.50898361206055,2.7196857929229736,0.6960625648498535,45.00624465942383,1.173277497291565,1.1734766960144043,14.47,0.7794885635375977,0.006205383222550154,0.0773310735821724,9.970514297485352,0.0,0.0,0.301098495721817,1.1031746680600918e-06,0.0016188030131161213,0.70988529920578,0.0,0.0,0.920996367931366,0.5777119994163513,0.012479100376367569,0.13796117901802063,0.007671599742025137,0.22642365097999573,0.3022257089614868,0.025473060086369514,0.0003559303586371243,0.8193687200546265,1.0,0.0,0.9623464941978455,0.1879619061946869,0.0005854450282640755,0.020401282235980034,0.0,0.0,0.3385200500488281,0.05802255868911743,0.00016915907326620072,1.2010471820831299,0.0,0.0
683,1.620646595954895,0.7918506264686584,30.869747161865234,9.605742454528809,0.4277477562427521,45.41042709350586,1.1816680431365967,1.1831927299499512,109.05,0.7959767580032349,0.0115004638209939,0.06582061201334,12.911273002624512,0.0,0.0,0.3489525318145752,2.4339875380974263e-05,0.008494731970131397,0.6318381428718567,0.0,0.0,1.0664035081863403,0.24288365244865417,0.023571807891130447,0.471500962972641,0.02564340829849243,0.8844253420829773,0.2719685435295105,0.009256018325686455,0.0010938327759504318,0.38410571217536926,1.0,0.0,0.7463838458061218,0.3329257667064667,0.0004644092987291515,0.018393874168395996,0.0,0.0,0.3489537239074707,0.03448095545172691,0.0001537642237963155,1.2688747644424438,0.0,0.0
684,1.0691503286361694,0.4163823127746582,33.83125686645508,4.699715614318848,0.5056362748146057,41.21959686279297,1.1616960763931274,1.1609973907470703,51.8,0.8170729875564575,0.029066458344459534,0.06718934327363968,6.441622734069824,0.0,0.0,0.3397330641746521,9.648527338868007e-05,0.0073502808809280396,0.7955397367477417,0.0,0.0,0.9893549680709839,0.33993279933929443,0.018009543418884277,0.25372737646102905,0.015258518047630787,0.4494266211986542,0.2845041751861572,0.015672748908400536,0.0007228883914649487,0.5299479961395264,1.0,0.0,0.7856364250183105,0.29651984572410583,0.0004993620095774531,0.018614867702126503,0.0,0.0,0.34774884581565857,0.04207306727766991,0.00022358646674547344,1.2454791069030762,0.0,0.0
685,2.972677230834961,0.6259543299674988,42.60770034790039,6.48032283782959,0.6054679155349731,44.0809326171875,1.2717759609222412,1.2753314971923828,219.22,0.7747441530227661,0.008778687566518784,0.07489652186632156,9.395798683166504,0.0,0.0,0.3112891614437103,2.6701504793891218e-06,0.006183127872645855,0.6888032555580139,0.0,0.0,0.9177688956260681,0.3169260323047638,0.01779625192284584,0.26028650999069214,0.016429536044597626,0.48768848180770874,0.29311391711235046,0.01817278005182743,0.0007809165399521589,0.5840498208999634,1.0,0.0,0.8159926533699036,0.29603201150894165,0.0004903132794424891,0.018786007538437843,0.0,0.0,0.34101131558418274,0.037041135132312775,0.0003290225868113339,1.1999576091766357,0.0,0.0
686,2.6477620601654053,0.7944828271865845,21.237836837768555,9.66666030883789,0.6107238531112671,56.12653350830078,1.1613311767578125,1.1585084199905396,209.81,0.8377840518951416,0.011110980063676834,0.0657898411154747,17.430919647216797,0.0,0.0,0.33550789952278137,2.914387732744217e-05,0.00332978880032897,0.6290916800498962,0.0,0.0,1.0654324293136597,0.451020747423172,0.020243728533387184,0.3852478563785553,0.01984873227775097,0.7195407152175903,0.28795117139816284,0.018462710082530975,0.0008190543157979846,0.5775740146636963,1.0,0.0,0.8821521401405334,0.20601730048656464,0.0005657924339175224,0.019882438704371452,0.0,0.0,0.34299254417419434,0.05744573473930359,5.954648077022284e-05,1.2869735956192017,0.0,0.0
687,3.5837645530700684,0.840571403503418,22.183820724487305,5.22205114364624,0.4860439598560333,40.28976058959961,1.0214290618896484,1.0207979679107666,60.53,0.8353520035743713,0.011026648804545403,0.05441850423812866,15.820854187011719,0.0,0.0,0.34480294585227966,1.930635880853515e-05,0.006974083837121725,0.6249673366546631,0.0,0.0,1.1026455163955688,0.3881984353065491,0.01832871325314045,0.3041498064994812,0.016172945499420166,0.5330244898796082,0.27714842557907104,0.013867386616766453,0.0006880210130475461,0.5230260491371155,1.0,0.0,0.8058335781097412,0.26843851804733276,0.0005113218794576824,0.01901283487677574,0.0,0.0,0.34789007902145386,0.04607124254107475,0.00011483111302368343,1.2787225246429443,0.0,0.0
688,1.2806814908981323,0.010841812007129192,28.82295799255371,6.578646659851074,0.6953046321868896,48.29161834716797,1.2915477752685547,1.2959829568862915,264.97,0.8158683180809021,0.24633054435253143,0.027665572240948677,0.6898247003555298,0.0,0.0,0.41435471177101135,0.00021532352548092604,0.005175159778445959,0.996324896812439,0.0,0.0,0.9079934358596802,0.5870090126991272,0.01742664724588394,0.23844270408153534,0.013948108069598675,0.42866042256355286,0.3012225925922394,0.027501313015818596,0.0005867399158887565,0.7056453824043274,1.0,0.0,0.799419105052948,0.18528619408607483,0.0005299653857946396,0.017599519342184067,0.0,0.0,0.34166404604911804,0.07953700423240662,0.00011194281978532672,1.2770617008209229,0.0,0.0
689,4.322971343994141,0.09245260804891586,26.880701065063477,5.907724380493164,0.5339233875274658,52.19970703125,1.1369093656539917,1.1375150680541992,46.84,1.1312209367752075,0.16697487235069275,0.012027147226035595,1.9756664037704468,0.0,0.0,0.33849820494651794,0.00010300856229150668,0.009481841698288918,0.9612383246421814,0.0,0.0,1.1227314472198486,0.34172332286834717,0.019147925078868866,0.30213865637779236,0.016407232731580734,0.5363615155220032,0.28518205881118774,0.016679078340530396,0.0007355301058851182,0.5441864728927612,1.0,0.0,0.72444087266922,0.3114735186100006,0.00048051727935671806,0.017093146219849586,0.0,0.0,0.3461933434009552,0.05013260617852211,0.00010809698142111301,1.2832332849502563,0.0,0.0
690,3.34543776512146,0.6285330057144165,39.811851501464844,5.794351100921631,0.4747626781463623,42.37285614013672,1.1552975177764893,1.1570860147476196,133.79,0.8352251052856445,0.007962151430547237,0.05875054746866226,9.298686981201172,0.0,0.0,0.31429755687713623,7.458606887666974e-07,0.008054640144109726,0.7074846625328064,0.0,0.0,1.001015543937683,0.23698192834854126,0.018943361937999725,0.29558417201042175,0.017929447814822197,0.5453058481216431,0.28082162141799927,0.012324103154242039,0.0008563781739212573,0.4676707983016968,1.0,0.0,0.7479208111763,0.37364324927330017,0.0004514711908996105,0.018223972991108894,0.0,0.0,0.34716907143592834,0.030103813856840134,0.0003218684869352728,1.2138943672180176,0.0,0.0
691,1.019329309463501,0.0754714086651802,21.292835235595703,7.802937030792236,0.6399439573287964,46.68517303466797,1.1936984062194824,1.1946933269500732,69.76,0.8547685146331787,0.17685285210609436,0.033138345927000046,1.630441427230835,0.0,0.0,0.3942917585372925,0.00020376345491968095,0.007254529278725386,0.9651963710784912,0.0,0.0,1.010301947593689,0.508421003818512,0.019057726487517357,0.31757956743240356,0.016833750531077385,0.5612103939056396,0.2929920554161072,0.022754788398742676,0.0006999258184805512,0.6301504373550415,1.0,0.0,0.7590405941009521,0.2437632530927658,0.0005016469513066113,0.017351899296045303,0.0,0.0,0.34313368797302246,0.05900553986430168,0.00010145973647013307,1.2849295139312744,0.0,0.0
692,4.635166645050049,0.7778319716453552,23.638246536254883,8.836847305297852,0.40245696902275085,79.95439147949219,1.0464701652526855,1.0459327697753906,49.1,0.8693616390228271,0.005492144264280796,0.04508893936872482,13.962431907653809,0.0,0.0,0.3288637101650238,1.0166215815843316e-06,0.0043062856420874596,0.6580882668495178,0.0,0.0,1.150144100189209,0.22638662159442902,0.021823743358254433,0.48857957124710083,0.023718424141407013,0.9147272109985352,0.2652328312397003,0.0078102159313857555,0.0009651175932958722,0.40611138939857483,1.0,0.0,0.7719839215278625,0.3259017765522003,0.000472804851597175,0.018782038241624832,0.0,0.0,0.34656721353530884,0.03356427326798439,0.00016611625324003398,1.2641017436981201,0.0,0.0
693,2.4326934814453125,0.349518746137619,29.257122039794922,9.545056343078613,0.4211532175540924,50.44767761230469,1.1623153686523438,1.1609044075012207,104.57,1.0656452178955078,0.04898076131939888,0.031044121831655502,5.284183025360107,0.0,0.0,0.3182048499584198,3.1314259103965014e-05,0.011292414739727974,0.8179399371147156,0.0,0.0,1.1577258110046387,0.20843073725700378,0.023564450442790985,0.481700599193573,0.025274798274040222,0.8937669992446899,0.2706987261772156,0.008983316831290722,0.0010747923515737057,0.3867890536785126,1.0,0.0,0.7002608776092529,0.3751395046710968,0.00044404235086403787,0.01738915592432022,0.0,0.0,0.3486270010471344,0.0344189777970314,0.00012160924234194681,1.279100775718689,0.0,0.0
694,5.1168107986450195,0.21905449032783508,20.807817459106445,6.7499566078186035,0.5406081676483154,47.357357025146484,1.0487470626831055,1.0533511638641357,416.77,1.189888834953308,0.1062171459197998,0.019098199903964996,3.3741631507873535,0.0,0.0,0.30538085103034973,3.381616625119932e-05,0.009585508145391941,0.8924044966697693,0.0,0.0,1.184147834777832,0.32068926095962524,0.0193244069814682,0.34584924578666687,0.017220202833414078,0.6082199811935425,0.2821803689002991,0.01566905714571476,0.0007145779673010111,0.5530694127082825,1.0,0.0,0.7400394678115845,0.3046414852142334,0.0004783754120580852,0.01747574284672737,0.0,0.0,0.34567147493362427,0.04616249352693558,0.00010561399540165439,1.2843323945999146,0.0,0.0
695,4.507290840148926,0.9189858436584473,38.283443450927734,7.872214317321777,0.4822397232055664,54.141845703125,1.2096973657608032,1.2086350917816162,72.65,0.7697280645370483,0.021020425483584404,0.04998229816555977,18.145925521850586,0.0,0.0,0.3619634807109833,3.9065329474397004e-05,0.005481527652591467,0.5928829908370972,0.0,0.0,1.0098440647125244,0.3053660988807678,0.021446499973535538,0.3694436848163605,0.021282726898789406,0.6935017108917236,0.2797327935695648,0.01251666434109211,0.0009733732440508902,0.44110235571861267,1.0,0.0,0.7938504815101624,0.2935636639595032,0.0004991191090084612,0.018952716141939163,0.0,0.0,0.34639859199523926,0.03950127586722374,0.0001933037128765136,1.2568279504776,0.0,0.0
696,2.4922285079956055,0.9941256642341614,22.288066864013672,7.03523588180542,0.5422133803367615,44.931236267089844,1.1054579019546509,1.106771469116211,107.36,0.6812698841094971,0.029396984726190567,0.07175697386264801,20.48020362854004,0.0,0.0,0.38555920124053955,7.73211068008095e-05,0.005328335799276829,0.5673372745513916,0.0,0.0,1.039824366569519,0.44479599595069885,0.0198599174618721,0.3488833010196686,0.018073512241244316,0.6207818388938904,0.2823360562324524,0.016531800851225853,0.0007551723392680287,0.5413020253181458,1.0,0.0,0.8627951145172119,0.21986106038093567,0.0005534588126465678,0.019929584115743637,0.0,0.0,0.3457905352115631,0.05091259628534317,7.668772013857961e-05,1.2850492000579834,0.0,0.0
697,3.413165807723999,0.6878823637962341,24.889684677124023,5.29167366027832,0.4672852158546448,42.923336029052734,1.0547655820846558,1.054063081741333,63.19,0.9301316738128662,0.007558086421340704,0.05057049170136452,12.079581260681152,0.0,0.0,0.32037442922592163,9.893788046611007e-07,0.008013053797185421,0.6816633939743042,0.0,0.0,1.151968002319336,0.3442738354206085,0.01877407357096672,0.30804765224456787,0.01665513589978218,0.5425052642822266,0.2768193483352661,0.01306952629238367,0.0007334169349633157,0.49728846549987793,1.0,0.0,0.795271635055542,0.2854301333427429,0.0005030723987147212,0.018990488722920418,0.0,0.0,0.34845077991485596,0.042117681354284286,0.00013040202611591667,1.276163935661316,0.0,0.0
698,1.0401945114135742,0.9319697022438049,39.82463455200195,6.19040060043335,0.47055259346961975,57.78356170654297,1.2092976570129395,1.209612488746643,21.52,0.6000678539276123,0.012561670504510403,0.09612595289945602,20.51312255859375,0.0,0.0,0.38202136754989624,6.587026291526854e-05,0.0017571661155670881,0.5951528549194336,0.0,0.0,0.9719535112380981,0.3956736922264099,0.0199473537504673,0.31158211827278137,0.018702687695622444,0.5770781636238098,0.280266672372818,0.012963700108230114,0.0009009612840600312,0.4611263573169708,1.0,0.0,0.8547759652137756,0.25130391120910645,0.0005476634250953794,0.020090792328119278,0.0,0.0,0.34851622581481934,0.04800822213292122,9.47458393056877e-05,1.2727073431015015,0.0,0.0
699,3.537047863006592,0.10482918471097946,34.569496154785156,8.770774841308594,0.5419400334358215,42.44032287597656,1.2507083415985107,1.246530294418335,267.99,0.9845110774040222,0.14280273020267487,0.017884057015180588,2.1997182369232178,0.0,0.0,0.34236788749694824,7.289966015378013e-05,0.011435078456997871,0.945141613483429,0.0,0.0,0.9944590330123901,0.23557986319065094,0.02125071920454502,0.3680320084095001,0.02142830565571785,0.689191460609436,0.2860925793647766,0.015060405246913433,0.0009578988538123667,0.4829937219619751,1.0,0.0,0.6849979758262634,0.38409265875816345,0.00043246475979685783,0.016546430066227913,0.0,0.0,0.3442985713481903,0.03537699952721596,0.00025531768915243447,1.2343930006027222,0.0,0.0
700,2.5525708198547363,0.18912841379642487,15.628447532653809,6.2369065284729,0.6425471305847168,41.797760009765625,1.024570107460022,1.0227967500686646,169.23,0.9791256785392761,0.12681634724140167,0.030458752065896988,3.436338186264038,0.0,0.0,0.34031859040260315,0.0001071795923053287,0.006832758896052837,0.9141398072242737,0.0,0.0,1.0841585397720337,0.4738142788410187,0.016788916662335396,0.2817460894584656,0.014048443175852299,0.4870362877845764,0.2906048595905304,0.021640317514538765,0.0005818606005050242,0.6821099519729614,1.0,0.0,0.8073499798774719,0.23091191053390503,0.0005270433612167835,0.018222687765955925,0.0,0.0,0.343435138463974,0.05982762575149536,8.624950714875013e-05,1.2840919494628906,0.0,0.0
701,3.4759161472320557,0.8619967699050903,25.170177459716797,3.626575231552124,0.6899715065956116,59.32879638671875,1.1111809015274048,1.110377550125122,65.11,0.801282525062561,0.014994473196566105,0.07357458025217056,25.33002471923828,0.0,0.0,0.3415292203426361,2.464267163304612e-05,0.0008808239945210516,0.6043607592582703,0.0,0.0,1.0334683656692505,0.5799044966697693,0.014060757122933865,0.16463717818260193,0.009071088396012783,0.27655452489852905,0.3001492917537689,0.026852501556277275,0.0004362076288089156,0.7873003482818604,1.0,0.0,1.0467978715896606,0.13042885065078735,0.0006933156400918961,0.021836943924427032,0.0,0.0,0.34262675046920776,0.09486716985702515,2.1861214918317273e-05,1.2930443286895752,0.0,0.0
702,4.8862385749816895,0.8670534491539001,29.236032485961914,7.6176066398620605,0.4946403503417969,52.8941650390625,1.1396934986114502,1.1379588842391968,133.75,0.8563351035118103,0.01614995300769806,0.043974850326776505,19.02946662902832,0.0,0.0,0.3482670783996582,3.307374572614208e-05,0.006165197119116783,0.6076964735984802,0.0,0.0,1.0855447053909302,0.34323087334632874,0.020916515961289406,0.3768724203109741,0.02015586942434311,0.6975758671760559,0.2791176736354828,0.013365082442760468,0.0008858353830873966,0.4746973216533661,1.0,0.0,0.8152060508728027,0.2642256021499634,0.0005208214861340821,0.019196899607777596,0.0,0.0,0.34655842185020447,0.04591595008969307,0.00010464625665917993,1.2799347639083862,0.0,0.0
703,3.4436287879943848,0.48987871408462524,25.121776580810547,7.307994842529297,0.40103647112846375,48.00022888183594,1.0633758306503296,1.0635898113250732,18.92,1.099149465560913,0.025401007384061813,0.03305401653051376,7.109084606170654,0.0,0.0,0.30558478832244873,8.790991046225827e-07,0.010811196640133858,0.7636879682540894,0.0,0.0,1.2404758930206299,0.23463459312915802,0.021396245807409286,0.4209013879299164,0.021364886313676834,0.7601351141929626,0.26806333661079407,0.008895915932953358,0.0009052190580405295,0.4103824496269226,1.0,0.0,0.7209842801094055,0.3572515547275543,0.00045386204146780074,0.017891034483909607,0.0,0.0,0.34961578249931335,0.03417770937085152,0.00010802373435581103,1.2835522890090942,0.0,0.0
704,2.5134284496307373,0.3839477598667145,27.853923797607422,3.1581132411956787,0.6812798380851746,48.12959289550781,1.1341670751571655,1.1313691139221191,218.05,0.9435887336730957,0.04977334663271904,0.05466960743069649,8.97209358215332,0.0,0.0,0.3214494585990906,0.00010929767449852079,0.0018314070766791701,0.8019298911094666,0.0,0.0,1.0351102352142334,0.5896469354629517,0.013873403891921043,0.1512104570865631,0.00862337276339531,0.2511489689350128,0.30103152990341187,0.02650347165763378,0.00042418212979100645,0.7858223915100098,1.0,0.0,0.9413490891456604,0.16951826214790344,0.0006287964642979205,0.02008347399532795,0.0,0.0,0.34299689531326294,0.08470071852207184,4.3498745071701705e-05,1.2808170318603516,0.0,0.0
705,2.0356245040893555,0.8979943990707397,21.032384872436523,4.5320000648498535,0.5026517510414124,59.94855880737305,1.0236859321594238,1.023629069328308,5.43,0.7130204439163208,0.01083705760538578,0.08010444045066833,21.1328182220459,0.0,0.0,0.36504149436950684,3.578642645152286e-05,0.0031286345329135656,0.6123353242874146,0.0,0.0,1.074690818786621,0.5129137635231018,0.017738716676831245,0.2692328691482544,0.014561327174305916,0.46477457880973816,0.27942711114883423,0.015689503401517868,0.0006284142727963626,0.5556918382644653,1.0,0.0,0.8992834687232971,0.2056124210357666,0.0005811793962493539,0.0205383338034153,0.0,0.0,0.3464750647544861,0.0557190477848053,5.895771028008312e-05,1.2875150442123413,0.0,0.0
706,2.585273265838623,0.8049600720405579,19.155494689941406,8.593159675598145,0.7105063796043396,58.74026870727539,1.1601836681365967,1.159988522529602,14.5,0.804470419883728,0.00925634428858757,0.07632327824831009,18.864307403564453,0.0,0.0,0.33534616231918335,3.403086157049984e-05,0.0013751774094998837,0.6296241879463196,0.0,0.0,1.0167573690414429,0.5555304288864136,0.016897480934858322,0.293131560087204,0.015051353722810745,0.5418930053710938,0.2977207601070404,0.024668045341968536,0.0006523564225062728,0.7104602456092834,1.0,0.0,0.971205472946167,0.1572711318731308,0.000629053043667227,0.020874667912721634,0.0,0.0,0.34117937088012695,0.07541055232286453,4.10402899433393e-05,1.2846956253051758,0.0,0.0
707,1.8026635646820068,0.8982594013214111,26.84833526611328,2.2106502056121826,0.5729734897613525,48.39664840698242,1.0161854028701782,1.0167409181594849,53.77,0.6879252791404724,0.01620967499911785,0.09448028355836868,24.630783081054688,0.0,0.0,0.36535969376564026,7.68565441831015e-05,0.0018644275842234492,0.6008201837539673,0.0,0.0,1.0151023864746094,0.6657771468162537,0.014797939918935299,0.1469351053237915,0.009004932828247547,0.23090212047100067,0.29115381836891174,0.02162020653486252,0.00042814231710508466,0.6845666170120239,1.0,0.0,0.9744588732719421,0.16391508281230927,0.0006444069440476596,0.02123202569782734,0.0,0.0,0.346545547246933,0.07711227983236313,3.886365084326826e-05,1.2842854261398315,0.0,0.0
708,4.273168563842773,0.3903827667236328,40.53983688354492,4.10071325302124,0.7140469551086426,52.03568649291992,1.2719775438308716,1.2745672464370728,159.74,0.9647627472877502,0.04636940360069275,0.04375772923231125,7.6844377517700195,0.0,0.0,0.2985164225101471,2.761105861281976e-05,0.002030986826866865,0.8062131404876709,0.0,0.0,0.9933189749717712,0.5771162509918213,0.013832446187734604,0.1639920473098755,0.00957745686173439,0.2848060131072998,0.30400192737579346,0.0268233772367239,0.0004724921309389174,0.7940349578857422,1.0,0.0,0.9237021207809448,0.19086456298828125,0.0005974339437671006,0.019728727638721466,0.0,0.0,0.33929792046546936,0.06947558373212814,9.938189759850502e-05,1.2480436563491821,0.0,0.0
709,2.2084720134735107,0.30699294805526733,21.91015625,7.322654724121094,0.41144829988479614,48.45792770385742,1.0492640733718872,1.0501890182495117,83.94,1.0688616037368774,0.05847148597240448,0.029969563707709312,4.103875160217285,0.0,0.0,0.32638224959373474,5.220932507654652e-05,0.011086814105510712,0.8519197106361389,0.0,0.0,1.205363392829895,0.23490145802497864,0.021503997966647148,0.4254588484764099,0.021121887490153313,0.7567270398139954,0.2681531608104706,0.009512255899608135,0.0008666975772939622,0.4252728521823883,1.0,0.0,0.7046114802360535,0.36799079179763794,0.0004502517986111343,0.01744021661579609,0.0,0.0,0.3489978313446045,0.03604552522301674,9.324449638370425e-05,1.2886319160461426,0.0,0.0
710,1.5388553142547607,0.006349962204694748,18.019763946533203,7.488650798797607,0.7108561396598816,48.272300720214844,1.1708266735076904,1.1687711477279663,150.21,0.8515576124191284,0.2523510754108429,0.02520313300192356,1.0928349494934082,0.0,0.0,0.406766802072525,0.00022255520161706954,0.006054230034351349,1.0151029825210571,0.0,0.0,1.0007907152175903,0.5571451783180237,0.016767943277955055,0.27153921127319336,0.013833249919116497,0.47507330775260925,0.2988274097442627,0.027041371911764145,0.0005896852817386389,0.7308197021484375,1.0,0.0,0.772286593914032,0.22017550468444824,0.0005167405470274389,0.017175830900669098,0.0,0.0,0.3418577015399933,0.07112747430801392,7.254241063492373e-05,1.287731409072876,0.0,0.0
711,4.311426639556885,0.0033556621056050062,37.72398376464844,5.990698337554932,0.5420163869857788,77.74005889892578,1.2388701438903809,1.2379800081253052,58.04,1.1700817346572876,0.2552472651004791,0.003142750822007656,0.5581600666046143,0.0,0.0,0.3621074855327606,0.0001563343539601192,0.006274477578699589,1.02320396900177,0.0,0.0,1.10944402217865,0.4004943370819092,0.019292885437607765,0.2850353419780731,0.01656162180006504,0.5256407260894775,0.2872321307659149,0.017344078049063683,0.0007895171293057501,0.5376293063163757,1.0,0.0,0.6836283802986145,0.3223329484462738,0.0004688547633122653,0.015906501561403275,0.0,0.0,0.3461161255836487,0.06379230320453644,4.9010264774551615e-05,1.3027307987213135,0.0,0.0
712,2.6376092433929443,0.8283653259277344,35.669517517089844,6.5733747482299805,0.5973342061042786,46.81498336791992,1.2607671022415161,1.2623465061187744,99.24,0.7410523295402527,0.012207621708512306,0.07941427826881409,16.76227569580078,0.0,0.0,0.3420127332210541,2.3891523596830666e-05,0.004505545366555452,0.608353853225708,0.0,0.0,0.9595823884010315,0.4270256459712982,0.01852637156844139,0.27598902583122253,0.01658119633793831,0.5126504302024841,0.2926492989063263,0.019230827689170837,0.0007818357553333044,0.5798915028572083,1.0,0.0,0.8705161809921265,0.23254583775997162,0.0005497384699992836,0.019766638055443764,0.0,0.0,0.34319764375686646,0.04992946237325668,0.0001392806152580306,1.2484259605407715,0.0,0.0
713,1.2027804851531982,0.4113422632217407,38.60786437988281,2.2963364124298096,0.6206316351890564,58.54026412963867,1.1326003074645996,1.1303790807724,173.5,0.8022408485412598,0.03530445322394371,0.0754493921995163,9.350790977478027,0.0,0.0,0.34167373180389404,0.00019665990839712322,0.0004915837780572474,0.7924520969390869,0.0,0.0,1.0040634870529175,0.6299909353256226,0.014052281156182289,0.14434383809566498,0.00825549941509962,0.23001039028167725,0.29626601934432983,0.02416195161640644,0.0003906880156137049,0.73912113904953,1.0,0.0,0.9816409945487976,0.1598808765411377,0.0006577001186087728,0.020904703065752983,0.0,0.0,0.34457287192344666,0.08884704858064651,3.5440767533145845e-05,1.2841979265213013,0.0,0.0
714,1.900630235671997,0.9780866503715515,28.20277976989746,2.504631996154785,0.5621069669723511,56.019840240478516,1.047169804573059,1.04619562625885,88.92,0.6264379620552063,0.025766421109437943,0.0953531265258789,29.545162200927734,0.0,0.0,0.3844955861568451,0.000100537137768697,0.0010832210537046194,0.5777143239974976,0.0,0.0,1.002983570098877,0.6716116070747375,0.015302984975278378,0.16025680303573608,0.00973446387797594,0.25981083512306213,0.2902257442474365,0.020988373085856438,0.00046586617827415466,0.6627776026725769,1.0,0.0,0.9858248233795166,0.16288304328918457,0.0006576126907020807,0.021505003795027733,0.0,0.0,0.3466402590274811,0.07834837585687637,2.7911581128137186e-05,1.2921136617660522,0.0,0.0
715,1.3321385383605957,0.5337241888046265,31.00177574157715,8.566303253173828,0.5261572003364563,51.75363540649414,1.2298009395599365,1.2303788661956787,38.19,0.8857828378677368,0.016502683982253075,0.06399504095315933,9.08066177368164,0.0,0.0,0.3267980217933655,4.708252890850417e-05,0.006610348355025053,0.7256207466125488,0.0,0.0,1.0587447881698608,0.33988845348358154,0.02164444886147976,0.38026368618011475,0.02144033834338188,0.70814049243927,0.28360190987586975,0.014890947379171848,0.0009556554723531008,0.47738343477249146,1.0,0.0,0.8042473793029785,0.26656919717788696,0.0005157559644430876,0.01888364553451538,0.0,0.0,0.34567609429359436,0.04632779583334923,0.00011524277942953631,1.2766352891921997,0.0,0.0
716,3.2293291091918945,0.6526251435279846,28.378267288208008,8.156018257141113,0.5028505921363831,57.568138122558594,1.1682038307189941,1.1682963371276855,6.78,0.9594343900680542,0.010430988855659962,0.04948994889855385,13.01032829284668,0.0,0.0,0.314854234457016,1.052062771123019e-06,0.006675345823168755,0.6847864389419556,0.0,0.0,1.1438690423965454,0.3250497579574585,0.02129879593849182,0.38873741030693054,0.020985620096325874,0.7261335253715515,0.2801542282104492,0.013502652756869793,0.000924473803024739,0.47267746925354004,1.0,0.0,0.8081792593002319,0.2700837552547455,0.0005165924085304141,0.019053786993026733,0.0,0.0,0.3461385667324066,0.045555479824543,8.717309538042173e-05,1.2863510847091675,0.0,0.0
717,3.617894172668457,0.019884780049324036,29.517467498779297,9.893085479736328,0.531673014163971,41.281410217285156,1.2312089204788208,1.2272199392318726,264.0,1.0241162776947021,0.2042168527841568,0.009869457222521305,2.0747082233428955,0.0,0.0,0.3593588173389435,8.86735288077034e-05,0.01280148047953844,0.9928507804870605,0.0,0.0,1.0377748012542725,0.23219898343086243,0.022325972095131874,0.4219423830509186,0.02306436188519001,0.7816752791404724,0.28362104296684265,0.014486830681562424,0.0009790470357984304,0.47324761748313904,1.0,0.0,0.6617611646652222,0.391317754983902,0.0004230685590300709,0.01611120067536831,0.0,0.0,0.34501346945762634,0.036567572504282,0.00019980777869932353,1.252583622932434,0.0,0.0
718,2.1049814224243164,0.8493412733078003,20.069751739501953,8.788484573364258,0.7305333614349365,55.12811279296875,1.1994314193725586,1.1996606588363647,15.93,0.7496244311332703,0.01408930029720068,0.08582119643688202,20.36325454711914,0.0,0.0,0.3462684154510498,5.4206921049626544e-05,0.001259191776625812,0.6082592010498047,0.0,0.0,0.9951062798500061,0.5554072856903076,0.016732320189476013,0.28191110491752625,0.014562050811946392,0.5159379839897156,0.3002966046333313,0.02645915001630783,0.000645367952529341,0.7284038066864014,1.0,0.0,0.9967505931854248,0.14685587584972382,0.0006489064544439316,0.021258700639009476,0.0,0.0,0.34091219305992126,0.07888635993003845,3.506050052237697e-05,1.2870678901672363,0.0,0.0
719,1.1958043575286865,0.26708540320396423,32.23939514160156,8.758354187011719,0.5304370522499084,53.70777130126953,1.2468127012252808,1.245668649673462,73.66,0.9143267869949341,0.06522500514984131,0.045078471302986145,4.270585536956787,0.0,0.0,0.3483538031578064,0.00012663919187616557,0.007242255844175816,0.850157618522644,0.0,0.0,1.0469015836715698,0.31692931056022644,0.021837761625647545,0.3793831169605255,0.02158718928694725,0.7110337018966675,0.2841094136238098,0.015102935023605824,0.0009670975268818438,0.4760594069957733,1.0,0.0,0.7571712732315063,0.2963661253452301,0.000492581631988287,0.017900679260492325,0.0,0.0,0.34543922543525696,0.04627683386206627,0.00012709785369224846,1.2773182392120361,0.0,0.0
720,5.330305099487305,0.47503799200057983,19.273324966430664,5.680592060089111,0.7382902503013611,49.70516586303711,1.055870771408081,1.0553803443908691,44.01,1.0913523435592651,0.026578407734632492,0.03979318216443062,10.482973098754883,0.0,0.0,0.28834062814712524,7.866552778068581e-07,0.002065513748675585,0.7724995017051697,0.0,0.0,1.1346454620361328,0.544939398765564,0.01394306868314743,0.2080361396074295,0.010335526429116726,0.3609869182109833,0.3013245463371277,0.02675616554915905,0.0004876987368334085,0.8091045618057251,1.0,0.0,0.9533794522285461,0.1597181260585785,0.0006191928987391293,0.020378150045871735,0.0,0.0,0.3419792652130127,0.07859566807746887,3.9295144233619794e-05,1.289430856704712,0.0,0.0
721,1.477042555809021,0.03031967766582966,34.1821403503418,5.827342987060547,0.5086676478385925,53.489742279052734,1.2016063928604126,1.2013771533966064,15.88,0.8671566843986511,0.16901299357414246,0.02314145863056183,1.217896819114685,0.0,0.0,0.4020376205444336,0.0002544099115766585,0.007105151191353798,0.9938614964485168,0.0,0.0,1.0121363401412964,0.37115225195884705,0.019615329802036285,0.2950887680053711,0.017216090112924576,0.5330520272254944,0.28372320532798767,0.015868302434682846,0.0007875849260017276,0.5080647468566895,1.0,0.0,0.7174389958381653,0.31150051951408386,0.00047667892067693174,0.017046673223376274,0.0,0.0,0.34723612666130066,0.050500258803367615,0.00012804583820980042,1.2769466638565063,0.0,0.0
722,3.0286927223205566,0.028250349685549736,15.452910423278809,4.924046993255615,0.6705024242401123,51.01460647583008,1.004541039466858,1.003920555114746,61.53,0.9824777841567993,0.23960807919502258,0.015254796482622623,1.0860577821731567,0.0,0.0,0.3751819133758545,0.00015840600826777518,0.006249452009797096,1.0073869228363037,0.0,0.0,1.069211721420288,0.571539044380188,0.01544695720076561,0.22666355967521667,0.011221841908991337,0.37616774439811707,0.2943636476993561,0.02467440813779831,0.0004703708691522479,0.7448223829269409,1.0,0.0,0.7812767624855042,0.22334063053131104,0.00052061234600842,0.017387527972459793,0.0,0.0,0.3429911434650421,0.06999661773443222,8.088015601970255e-05,1.2862937450408936,0.0,0.0
723,3.120901584625244,0.3717658519744873,18.274871826171875,9.189306259155273,0.7590233087539673,53.77217102050781,1.1649070978164673,1.160109043121338,355.04,1.025596022605896,0.056903474032878876,0.04373319074511528,7.085629463195801,0.0,0.0,0.30947911739349365,5.3716805268777534e-05,0.003229626687243581,0.8203496932983398,0.0,0.0,1.0596619844436646,0.5438562035560608,0.01591862551867962,0.27407634258270264,0.013564392924308777,0.49344727396965027,0.3025941252708435,0.027512049302458763,0.0006029249634593725,0.7661749720573425,1.0,0.0,0.9099379181861877,0.17602390050888062,0.0005964594311080873,0.01966886594891548,0.0,0.0,0.3407481908798218,0.07409437745809555,5.2737846999662e-05,1.2858752012252808,0.0,0.0
724,5.731726169586182,0.1575876772403717,42.953712463378906,8.796771049499512,0.5524814128875732,44.614070892333984,1.260644555091858,1.261389970779419,46.88,0.9871059656143188,0.11066700518131256,0.023194117471575737,2.4756691455841064,0.0,0.0,0.30811193585395813,1.968704236787744e-05,0.011785579845309258,0.9315547943115234,0.0,0.0,0.9443819522857666,0.18970632553100586,0.020604247227311134,0.34246018528938293,0.02137853391468525,0.6600282788276672,0.28714320063591003,0.014211765490472317,0.0009823415894061327,0.48189714550971985,1.0,0.0,0.6727344393730164,0.4468376636505127,0.00040605117101222277,0.016291292384266853,0.0,0.0,0.3418295383453369,0.028086107224225998,0.0003879448340740055,1.191527009010315,0.0,0.0
725,4.979044437408447,0.40110301971435547,41.4182014465332,5.908997535705566,0.4997465908527374,48.31939697265625,1.2001093626022339,1.1990159749984741,75.99,1.0028542280197144,0.035376936197280884,0.03345637768507004,5.846084117889404,0.0,0.0,0.2943534851074219,6.599111657124013e-07,0.008754507638514042,0.8116785287857056,0.0,0.0,1.044510841369629,0.2386503964662552,0.018889838829636574,0.28862208127975464,0.01760764978826046,0.5386547446250916,0.28310951590538025,0.013342048972845078,0.0008468879968859255,0.4892904460430145,1.0,0.0,0.7287852764129639,0.3804938793182373,0.0004492201842367649,0.017618777230381966,0.0,0.0,0.34571313858032227,0.032733846455812454,0.0002916443918365985,1.2236281633377075,0.0,0.0
726,5.454687595367432,0.45135924220085144,27.035863876342773,4.880685329437256,0.5763662457466125,57.80586242675781,1.108699083328247,1.112209439277649,284.68,1.121169924736023,0.030364878475666046,0.03224031999707222,9.573708534240723,0.0,0.0,0.290834903717041,9.347261311631883e-07,0.004339630715548992,0.7773337960243225,0.0,0.0,1.1691385507583618,0.44322025775909424,0.017266524955630302,0.2470569610595703,0.013748489320278168,0.4384515881538391,0.28936272859573364,0.01867106556892395,0.0006407002219930291,0.6128351092338562,1.0,0.0,0.84955894947052,0.23163673281669617,0.0005547015462070704,0.019291922450065613,0.0,0.0,0.34513381123542786,0.057802148163318634,6.499820301542059e-05,1.2875885963439941,0.0,0.0
727,1.9256147146224976,0.39376693964004517,20.750900268554688,2.8849661350250244,0.652158260345459,56.34088897705078,1.0230895280838013,1.0242204666137695,107.93,0.9180633425712585,0.047747720032930374,0.05898250639438629,8.9966402053833,0.0,0.0,0.3292255997657776,0.0001329526276094839,0.0017891123425215483,0.8031008243560791,0.0,0.0,1.0517455339431763,0.6011275053024292,0.014112296514213085,0.15569175779819489,0.008663531392812729,0.25060757994651794,0.29594817757606506,0.025110140442848206,0.0003971082915086299,0.7656316161155701,1.0,0.0,0.9672490358352661,0.15463611483573914,0.0006462308228947222,0.02059757150709629,0.0,0.0,0.34372225403785706,0.0873359814286232,3.334454231662676e-05,1.290989637374878,0.0,0.0
728,5.240436553955078,0.08207257837057114,31.73906898498535,9.532033920288086,0.6293469667434692,46.538421630859375,1.2834199666976929,1.2824434041976929,59.33,1.0880115032196045,0.1663922816514969,0.0163686852902174,2.5238707065582275,0.0,0.0,0.3277621865272522,6.0711328842444345e-05,0.010900010354816914,0.9658457636833191,0.0,0.0,1.0227954387664795,0.3119181990623474,0.020147200673818588,0.34038832783699036,0.01955581083893776,0.6371632218360901,0.29471999406814575,0.01974685676395893,0.000878965831361711,0.5726932883262634,1.0,0.0,0.7341976761817932,0.3078320324420929,0.00047531205927953124,0.01707720384001732,0.0,0.0,0.34209269285202026,0.04661503806710243,0.0001925141696119681,1.255400538444519,0.0,0.0
729,5.407103061676025,0.23943455517292023,21.21581268310547,3.611992120742798,0.6956911683082581,45.13019561767578,1.021544337272644,1.0199007987976074,157.75,1.1124399900436401,0.10833407938480377,0.0266162920743227,5.40387487411499,0.0,0.0,0.30427560210227966,5.628464714391157e-05,0.0023280885070562363,0.8888339400291443,0.0,0.0,1.0960609912872314,0.571376383304596,0.013548803515732288,0.16480818390846252,0.0087118623778224,0.27066195011138916,0.2997977137565613,0.025806179270148277,0.0004184850840829313,0.8021644353866577,1.0,0.0,0.8996899127960205,0.18573157489299774,0.0005980522255413234,0.019421961158514023,0.0,0.0,0.3433684706687927,0.07972969859838486,4.670743510359898e-05,1.2862495183944702,0.0,0.0
730,4.1667375564575195,0.44173988699913025,24.55233383178711,8.552123069763184,0.6563013792037964,42.092491149902344,1.204066276550293,1.2054078578948975,92.43,1.0505799055099487,0.035936832427978516,0.039547499269247055,7.800580978393555,0.0,0.0,0.29593798518180847,1.0283606570737902e-05,0.00673315953463316,0.7751085758209229,0.0,0.0,1.0745011568069458,0.4009988605976105,0.018463684245944023,0.3172641694545746,0.017016777768731117,0.5866178870201111,0.2950153350830078,0.021101854741573334,0.0007550200098194182,0.6334884762763977,1.0,0.0,0.8237980008125305,0.24252966046333313,0.0005280443001538515,0.018663953989744186,0.0,0.0,0.3423892855644226,0.05395536124706268,0.00011460632231319323,1.2697601318359375,0.0,0.0
731,3.5333352088928223,0.5879608392715454,28.81541633605957,4.128415584564209,0.5504597425460815,54.583003997802734,1.11420738697052,1.1149640083312988,60.9,0.9774588346481323,0.012095932848751545,0.046816274523735046,11.069330215454102,0.0,0.0,0.30890804529190063,6.778199349355418e-06,0.003692725207656622,0.7163754105567932,0.0,0.0,1.079406499862671,0.5784837603569031,0.01728295162320137,0.2274465411901474,0.013290613889694214,0.39336833357810974,0.28793808817863464,0.018567631021142006,0.0005905525758862495,0.5996988415718079,1.0,0.0,0.8795812129974365,0.20142590999603271,0.0005694745341315866,0.01987271197140217,0.0,0.0,0.34610721468925476,0.06319974362850189,7.56279332563281e-05,1.2847472429275513,0.0,0.0
732,2.311324119567871,0.8734551072120667,33.06871795654297,9.385098457336426,0.5944538116455078,40.555477142333984,1.2746846675872803,1.275881052017212,73.56,0.7038001418113708,0.020715083926916122,0.0817146822810173,14.650626182556152,0.0,0.0,0.35388249158859253,3.9060800190782174e-05,0.006335034966468811,0.5823500156402588,0.0,0.0,0.9331623315811157,0.36629316210746765,0.020954398438334465,0.3565453588962555,0.02088073268532753,0.667781412601471,0.2908913195133209,0.017970573157072067,0.0009219254716299474,0.527058482170105,1.0,0.0,0.8265666365623474,0.25352707505226135,0.0005109655321575701,0.019133640453219414,0.0,0.0,0.3427946865558624,0.041849326342344284,0.00022262523998506367,1.2376760244369507,0.0,0.0
733,1.2834293842315674,0.872240424156189,24.521183013916016,6.705450534820557,0.4292457401752472,49.45952606201172,1.0862820148468018,1.0857175588607788,47.86,0.7314093708992004,0.00982670858502388,0.07435568422079086,18.046722412109375,0.0,0.0,0.3678319454193115,4.233795334585011e-05,0.006581366527825594,0.6223604679107666,0.0,0.0,1.0983113050460815,0.3418353199958801,0.02088768593966961,0.3809887766838074,0.020143555477261543,0.6833310127258301,0.27186065912246704,0.011116239242255688,0.0008592877420596778,0.43952450156211853,1.0,0.0,0.8116376996040344,0.26664188504219055,0.0005178313003852963,0.01950732432305813,0.0,0.0,0.34937840700149536,0.042999111115932465,8.388909191126004e-05,1.2909862995147705,0.0,0.0
734,5.135667324066162,0.9442301392555237,20.702646255493164,8.705928802490234,0.6348696351051331,46.68479537963867,1.092327356338501,1.0931236743927002,66.69,0.7922995686531067,0.026660984382033348,0.04908844456076622,24.273038864135742,0.0,0.0,0.36412927508354187,6.852793012512848e-05,0.003139002248644829,0.5793140530586243,0.0,0.0,1.0496536493301392,0.49332067370414734,0.018748393282294273,0.35129514336586,0.017382822930812836,0.6446462869644165,0.28916898369789124,0.019687805324792862,0.0007219378021545708,0.6249544024467468,1.0,0.0,0.8943933844566345,0.19698205590248108,0.0005745830712839961,0.01999833434820175,0.0,0.0,0.34315982460975647,0.06097584590315819,5.644896737067029e-05,1.28610098361969,0.0,0.0
735,1.8846091032028198,0.8942177295684814,27.054506301879883,6.5959978103637695,0.6918083429336548,52.32999038696289,1.2525032758712769,1.2524808645248413,1.43,0.6981361508369446,0.01888173073530197,0.0943639799952507,23.654354095458984,0.0,0.0,0.35763096809387207,6.45405743853189e-05,0.0013850937830284238,0.5823960900306702,0.0,0.0,0.9772781133651733,0.5838888883590698,0.016679856926202774,0.24242642521858215,0.013616095297038555,0.4408593475818634,0.30021992325782776,0.025677476078271866,0.0006433365633711219,0.7050328850746155,1.0,0.0,0.980975329875946,0.15635548532009125,0.0006439092103391886,0.021067021414637566,0.0,0.0,0.3417520523071289,0.07738731801509857,3.566263694665395e-05,1.2849617004394531,0.0,0.0
736,3.5886471271514893,0.8927043676376343,26.31708335876465,7.020080089569092,0.42220842838287354,45.133060455322266,1.0741459131240845,1.07405686378479,7.72,0.8214643597602844,0.01622476615011692,0.04950905218720436,16.737234115600586,0.0,0.0,0.3605603873729706,3.665677650133148e-05,0.007793725933879614,0.608812153339386,0.0,0.0,1.1074719429016113,0.28945887088775635,0.0208892822265625,0.3952876627445221,0.020680269226431847,0.7194107174873352,0.27069583535194397,0.010172436013817787,0.0008854444022290409,0.4276479482650757,1.0,0.0,0.7685657739639282,0.3104041814804077,0.00048614799743518233,0.018717767670750618,0.0,0.0,0.3494088649749756,0.038580674678087234,0.00012133798009017482,1.2794773578643799,0.0,0.0
737,2.9530856609344482,0.6852790117263794,26.352853775024414,2.9814565181732178,0.7807800769805908,47.652687072753906,1.1053051948547363,1.1062061786651611,73.69,0.8857739567756653,0.007071850821375847,0.07849100232124329,17.368633270263672,0.0,0.0,0.3147212862968445,3.11685616907198e-05,0.0008123575244098902,0.6633203625679016,0.0,0.0,1.0137579441070557,0.5198939442634583,0.011235901154577732,0.11302582919597626,0.005685996729880571,0.17891673743724823,0.30917811393737793,0.03284017741680145,0.0003010231885127723,0.934653103351593,1.0,0.0,1.0931100845336914,0.1070433259010315,0.0007221749983727932,0.021768534556031227,0.0,0.0,0.34068843722343445,0.094237320125103,2.2110876670922153e-05,1.284812569618225,0.0,0.0
738,5.066993236541748,0.03552040830254555,40.013999938964844,8.106890678405762,0.6141138076782227,41.418827056884766,1.2830854654312134,1.282773494720459,18.95,0.9394711256027222,0.18792076408863068,0.01651819795370102,1.3727402687072754,0.0,0.0,0.3411071300506592,5.5036154662957415e-05,0.010709436610341072,0.9994497299194336,0.0,0.0,0.9115694761276245,0.2433110624551773,0.019126590341329575,0.297471821308136,0.018591323867440224,0.5625354647636414,0.2940903306007385,0.018380893394351006,0.0008633104735054076,0.5613383054733276,1.0,0.0,0.686315655708313,0.39488375186920166,0.0004244461306370795,0.016217339783906937,0.0,0.0,0.3406125605106354,0.03426909074187279,0.0003659742942545563,1.1981570720672607,0.0,0.0
739,4.428254127502441,0.9434003233909607,30.36359977722168,8.379827499389648,0.4021811783313751,53.740814208984375,1.11321222782135,1.113470196723938,20.81,0.7915695905685425,0.022309571504592896,0.042532287538051605,20.54905891418457,0.0,0.0,0.3744068145751953,6.834056694060564e-05,0.006884161848574877,0.5903263688087463,0.0,0.0,1.1003832817077637,0.25755757093429565,0.022571325302124023,0.4507324993610382,0.023352758958935738,0.8345844745635986,0.26855748891830444,0.008688190951943398,0.0010106362169608474,0.3882192373275757,1.0,0.0,0.760897696018219,0.32030197978019714,0.0004823904891964048,0.018659960478544235,0.0,0.0,0.3494221270084381,0.03750231862068176,0.00011304198415018618,1.2824971675872803,0.0,0.0
740,2.7365024089813232,0.7085874080657959,26.79354476928711,7.837657451629639,0.4108867049217224,40.727149963378906,1.0989172458648682,1.0996464490890503,60.34,0.9086765050888062,0.009926785714924335,0.05062892287969589,10.503044128417969,0.0,0.0,0.3284265995025635,9.238818279300176e-07,0.010188790038228035,0.6733348965644836,0.0,0.0,1.1530535221099854,0.23292531073093414,0.02168668620288372,0.43177011609077454,0.022651398554444313,0.7853240370750427,0.26952093839645386,0.009102452546358109,0.000960132572799921,0.4038507640361786,1.0,0.0,0.7272683382034302,0.36015084385871887,0.00045046722516417503,0.018129520118236542,0.0,0.0,0.3498246669769287,0.03201087564229965,0.00014705841022077948,1.2707459926605225,0.0,0.0
741,2.9149348735809326,0.1828409880399704,19.016748428344727,8.159658432006836,0.6799525022506714,52.135128021240234,1.1465723514556885,1.142137050628662,338.69,1.0352917909622192,0.12989981472492218,0.02789110504090786,3.347243309020996,0.0,0.0,0.33678412437438965,0.00010398464655736461,0.0065528759732842445,0.9133894443511963,0.0,0.0,1.0816929340362549,0.47297239303588867,0.017792075872421265,0.3074073791503906,0.015411436557769775,0.5466116666793823,0.2956705391407013,0.023535825312137604,0.0006589636323042214,0.6807972192764282,1.0,0.0,0.8133274912834167,0.2251245528459549,0.0005359699716791511,0.018233666196465492,0.0,0.0,0.3421662151813507,0.062321070581674576,7.642477430636063e-05,1.286598801612854,0.0,0.0
742,5.824287414550781,0.40799981355667114,34.0665168762207,9.660114288330078,0.5543022751808167,54.510555267333984,1.2426350116729736,1.2424793243408203,10.08,1.1326560974121094,0.04232167825102806,0.029101509600877762,7.10845947265625,0.0,0.0,0.28699904680252075,7.025811328276177e-07,0.009878357872366905,0.7915412187576294,0.0,0.0,1.1211186647415161,0.27452024817466736,0.021675171330571175,0.388370156288147,0.02199733443558216,0.741091251373291,0.28638955950737,0.015093558467924595,0.0009821206331253052,0.49166426062583923,1.0,0.0,0.7564300894737244,0.3120957314968109,0.0004796331631951034,0.017900479957461357,0.0,0.0,0.3438543975353241,0.04137289524078369,0.00016380920715164393,1.2655867338180542,0.0,0.0
743,1.2280774116516113,0.7956916093826294,38.55261993408203,9.503839492797852,0.41715142130851746,47.602291107177734,1.2185696363449097,1.2189899682998657,28.3,0.7217827439308167,0.009490798227488995,0.07712670415639877,12.357831001281738,0.0,0.0,0.35349977016448975,2.1889885829295963e-05,0.0073571293614804745,0.6292396783828735,0.0,0.0,1.0024899244308472,0.21088743209838867,0.023408036679029465,0.4488292634487152,0.026040900498628616,0.8515481352806091,0.2722702622413635,0.008133789524435997,0.0011668503284454346,0.35905393958091736,1.0,0.0,0.7318374514579773,0.3697779178619385,0.00044593767961487174,0.018283845856785774,0.0,0.0,0.34917736053466797,0.029395155608654022,0.0002294119040016085,1.244577169418335,0.0,0.0
744,3.92191743850708,0.5514085292816162,25.366661071777344,5.261930465698242,0.7255792021751404,59.09562683105469,1.187837839126587,1.1841779947280884,260.19,1.010748267173767,0.016016371548175812,0.05065279081463814,13.91200065612793,0.0,0.0,0.30018672347068787,1.459786835766863e-05,0.0014914664207026362,0.7284125685691833,0.0,0.0,1.074145793914795,0.5640910863876343,0.014512426219880581,0.19424158334732056,0.010598386637866497,0.3443809747695923,0.30316880345344543,0.02744569070637226,0.0005191091913729906,0.7868965864181519,1.0,0.0,0.9795769453048706,0.15158289670944214,0.0006482774624601007,0.020666861906647682,0.0,0.0,0.34157562255859375,0.0881909653544426,2.75268448604038e-05,1.292338490486145,0.0,0.0
745,4.248533248901367,0.5815969109535217,19.912080764770508,4.8070478439331055,0.5746178030967712,40.54396057128906,1.0079879760742188,1.009326457977295,131.56,0.9890097379684448,0.011947393417358398,0.045248981565237045,10.452564239501953,0.0,0.0,0.3009479343891144,8.334187668879167e-07,0.005480991210788488,0.7199755311012268,0.0,0.0,1.1537768840789795,0.45353245735168457,0.016694743186235428,0.25863155722618103,0.013489093631505966,0.4409557282924652,0.2857644855976105,0.018112899735569954,0.0005791962030343711,0.6270354986190796,1.0,0.0,0.8456153869628906,0.23414891958236694,0.0005377145134843886,0.019361913204193115,0.0,0.0,0.34542790055274963,0.052594490349292755,9.44225539569743e-05,1.2798041105270386,0.0,0.0
746,5.4704790115356445,0.42607203125953674,27.066394805908203,3.645303964614868,0.6985836029052734,54.472938537597656,1.1166737079620361,1.1193760633468628,216.19,1.1141514778137207,0.03979374095797539,0.03525254875421524,10.4884033203125,0.0,0.0,0.290091872215271,1.1591348084039055e-05,0.0017753232968971133,0.7910605669021606,0.0,0.0,1.1066664457321167,0.5788976550102234,0.01384612824767828,0.16056601703166962,0.008985408581793308,0.2700612545013428,0.30187922716140747,0.02652200311422348,0.0004462284850887954,0.7954518795013428,1.0,0.0,0.9479365944862366,0.16464440524578094,0.0006302426918409765,0.020181259140372276,0.0,0.0,0.34272077679634094,0.08545560389757156,3.4899127058451995e-05,1.289803147315979,0.0,0.0
747,2.6585419178009033,0.8275098204612732,44.46758270263672,4.113874435424805,0.6825998425483704,52.74771499633789,1.2846611738204956,1.2839215993881226,44.84,0.6778264045715332,0.011211507022380829,0.10049404948949814,17.822635650634766,0.0,0.0,0.3361578583717346,1.4573669432138558e-05,0.0008829064317978919,0.6097152233123779,0.0,0.0,0.9162673354148865,0.5914456248283386,0.014329095371067524,0.17604053020477295,0.010348700918257236,0.30941975116729736,0.30054834485054016,0.02479693852365017,0.0004916380275972188,0.7544499635696411,1.0,0.0,0.9939110279083252,0.17160005867481232,0.0006236864719539881,0.021151669323444366,0.0,0.0,0.3393140435218811,0.06476640701293945,9.982404299080372e-05,1.233471155166626,0.0,0.0
748,2.5263450145721436,0.8098134994506836,39.218040466308594,5.4780497550964355,0.49212297797203064,47.415130615234375,1.188915729522705,1.1894254684448242,36.05,0.7375833988189697,0.007878042757511139,0.0754854679107666,14.837553977966309,0.0,0.0,0.3441048860549927,1.4655698578280862e-05,0.0056277113035321236,0.6342315673828125,0.0,0.0,0.9799712300300598,0.32689183950424194,0.018742742016911507,0.27959975600242615,0.01703076995909214,0.5123776197433472,0.28288936614990234,0.01394667848944664,0.0008173084352165461,0.4939521849155426,1.0,0.0,0.8048919439315796,0.29780542850494385,0.0005007647559978068,0.01911134272813797,0.0,0.0,0.34714922308921814,0.039171554148197174,0.0002271301782457158,1.2387806177139282,0.0,0.0
749,3.78456711769104,0.7817912697792053,27.02129554748535,3.073507308959961,0.5257482528686523,40.00221633911133,1.0282597541809082,1.02743399143219,78.16,0.8329528570175171,0.005969181656837463,0.060033515095710754,15.97409725189209,0.0,0.0,0.3319151699542999,1.4852347703708801e-05,0.004626012872904539,0.6454828977584839,0.0,0.0,1.0519336462020874,0.48689034581184387,0.015827279537916183,0.19389568269252777,0.011485813185572624,0.3228954076766968,0.28540411591529846,0.017371201887726784,0.0005387559649534523,0.6041291356086731,1.0,0.0,0.8630796074867249,0.23643353581428528,0.0005525564774870872,0.01976940967142582,0.0,0.0,0.3475165069103241,0.05390533432364464,0.00010903880320256576,1.264925241470337,0.0,0.0
750,2.0470972061157227,0.22594717144966125,15.8484468460083,9.477010726928711,0.6891567707061768,57.4310417175293,1.1080048084259033,1.1108027696609497,227.33,0.9782843589782715,0.11233855783939362,0.03908634930849075,3.53403902053833,0.0,0.0,0.34049510955810547,0.00010338283755118027,0.006098142825067043,0.8957239389419556,0.0,0.0,1.0728752613067627,0.49883225560188293,0.018323181197047234,0.34330031275749207,0.01634274050593376,0.607336699962616,0.29432645440101624,0.02352275885641575,0.0006517722504213452,0.6815508008003235,1.0,0.0,0.8239160776138306,0.21365313231945038,0.0005353618762455881,0.01843223348259926,0.0,0.0,0.341389924287796,0.06023328751325607,0.00010103910608449951,1.2806462049484253,0.0,0.0
751,4.114857196807861,0.0014023513067513704,15.106162071228027,6.287724494934082,0.7797940969467163,46.00792694091797,1.0511462688446045,1.0474497079849243,335.74,1.0290426015853882,0.24870258569717407,0.011959410272538662,0.9875267744064331,0.0,0.0,0.36694538593292236,0.00013662556011695415,0.003814480034634471,1.0374232530593872,0.0,0.0,1.0444222688674927,0.5215780138969421,0.013216079212725163,0.204565167427063,0.009515482001006603,0.3474642038345337,0.30426380038261414,0.030061760917305946,0.00044065783731639385,0.8616867065429688,1.0,0.0,0.8130627870559692,0.19755059480667114,0.0005460893153212965,0.01755382865667343,0.0,0.0,0.3417368531227112,0.08493635058403015,5.117864930070937e-05,1.2899909019470215,0.0,0.0
752,1.3288832902908325,0.6266217827796936,25.554481506347656,5.370031833648682,0.5734511017799377,45.35309982299805,1.1568970680236816,1.1569585800170898,4.6,0.8261743187904358,0.007339679170399904,0.07647985219955444,12.424466133117676,0.0,0.0,0.33098798990249634,5.7805678807199e-05,0.005120514892041683,0.6952909231185913,0.0,0.0,1.0405908823013306,0.48803719878196716,0.017863383516669273,0.26548752188682556,0.015007618814706802,0.4686364233493805,0.2888477146625519,0.019201472401618958,0.0006800857372581959,0.5963887572288513,1.0,0.0,0.8741151094436646,0.2160150706768036,0.0005656705470755696,0.019848447293043137,0.0,0.0,0.34543377161026,0.05721164122223854,7.612790068378672e-05,1.2791237831115723,0.0,0.0
753,1.052978754043579,0.4375515580177307,19.944984436035156,4.623042583465576,0.5796838998794556,50.16445541381836,1.0721944570541382,1.0703330039978027,162.2,0.8790672421455383,0.03076952137053013,0.06596679985523224,8.144205093383789,0.0,0.0,0.33584025502204895,0.00011055667710024863,0.004797676578164101,0.7854508757591248,0.0,0.0,1.0805808305740356,0.5430164933204651,0.017094973474740982,0.24552243947982788,0.013247615657746792,0.42023399472236633,0.28750619292259216,0.019922077655792236,0.0005747156101278961,0.6328896880149841,1.0,0.0,0.8671696782112122,0.2083301991224289,0.0005681182374246418,0.01951117441058159,0.0,0.0,0.345040500164032,0.06250352412462234,6.144496001070365e-05,1.2886333465576172,0.0,0.0
754,3.078341484069824,0.2232438027858734,40.09579849243164,4.548716068267822,0.6669220328330994,51.46457290649414,1.2780760526657104,1.2776141166687012,28.29,0.9151247143745422,0.09824808686971664,0.036816757172346115,4.026948928833008,0.0,0.0,0.33269137144088745,0.00010556632332736626,0.0032092046458274126,0.8862269520759583,0.0,0.0,0.9713501334190369,0.48147159814834595,0.015317785553634167,0.191914364695549,0.011493139900267124,0.33973678946495056,0.29960304498672485,0.024140002205967903,0.0005599489668384194,0.7167103886604309,1.0,0.0,0.8492341637611389,0.23065519332885742,0.0005540969432331622,0.018721530213952065,0.0,0.0,0.34095051884651184,0.06118471175432205,0.00012663195957429707,1.2483890056610107,0.0,0.0
755,1.5919764041900635,0.2584432363510132,24.92593765258789,4.890938758850098,0.4321184456348419,56.48387908935547,1.053661584854126,1.0561014413833618,219.26,0.9673757553100586,0.06523358076810837,0.03713032975792885,4.481523036956787,0.0,0.0,0.3480362892150879,0.0001479290222050622,0.007787213195115328,0.8814645409584045,0.0,0.0,1.1415009498596191,0.3203679919242859,0.018964432179927826,0.30043429136276245,0.016355905681848526,0.5281926393508911,0.27406036853790283,0.012264315038919449,0.000736952933948487,0.4746456444263458,1.0,0.0,0.7512307167053223,0.3148011863231659,0.0004950778093189001,0.018059585243463516,0.0,0.0,0.3493279218673706,0.045994535088539124,8.197388524422422e-05,1.2925037145614624,0.0,0.0
756,3.4810938835144043,0.9861375689506531,22.82784080505371,7.577785968780518,0.7297395467758179,54.64033889770508,1.1998274326324463,1.1993629932403564,32.27,0.7110189199447632,0.0370817631483078,0.07413845509290695,27.754444122314453,0.0,0.0,0.37207749485969543,6.953866977710277e-05,0.0011662107426673174,0.5611552000045776,0.0,0.0,0.9919461011886597,0.5586498975753784,0.016180075705051422,0.2534700334072113,0.01314632873982191,0.456580251455307,0.3012867569923401,0.02733820676803589,0.00060418585781008,0.7452090978622437,1.0,0.0,1.017932653427124,0.13626576960086823,0.0006673712050542235,0.021523600444197655,0.0,0.0,0.34108981490135193,0.0835917517542839,2.986673280247487e-05,1.2886854410171509,0.0,0.0
757,4.222207546234131,0.20034842193126678,23.049766540527344,7.046480178833008,0.5327293276786804,52.55181121826172,1.1032516956329346,1.1038556098937988,49.59,1.167278528213501,0.10779272019863129,0.01789231039583683,3.2680559158325195,0.0,0.0,0.3169250190258026,5.908771345275454e-05,0.009681961499154568,0.8998066782951355,0.0,0.0,1.165480375289917,0.31819114089012146,0.02001226507127285,0.35267728567123413,0.01806013472378254,0.6295145153999329,0.28252744674682617,0.015589393675327301,0.0007663273136131465,0.5317878723144531,1.0,0.0,0.7377880811691284,0.3050926923751831,0.0004808717349078506,0.017445826902985573,0.0,0.0,0.34564217925071716,0.046857696026563644,0.00010070497955894098,1.285922646522522,0.0,0.0
758,3.270353078842163,0.8626161217689514,42.05416488647461,2.086454391479492,0.42529284954071045,58.49814987182617,1.0093353986740112,1.008036494255066,127.66,0.743256688117981,0.007084543816745281,0.06745342165231705,20.387773513793945,0.0,0.0,0.35549643635749817,1.3917499927629251e-05,0.0022457465529441833,0.6480117440223694,0.0,0.0,1.0469624996185303,0.47969168424606323,0.01537192054092884,0.16112202405929565,0.010363319888710976,0.25838854908943176,0.27833595871925354,0.013201323337852955,0.0005554361850954592,0.5320278406143188,1.0,0.0,0.8678544163703918,0.247762531042099,0.0005616864073090255,0.020238341763615608,0.0,0.0,0.3515557646751404,0.052065152674913406,0.00010328459029551595,1.2665995359420776,0.0,0.0
759,2.7262113094329834,0.22663837671279907,42.70749282836914,9.717170715332031,0.4528186023235321,46.8530387878418,1.240182638168335,1.2387475967407227,93.41,0.9182681441307068,0.07477510720491409,0.028155744075775146,3.316128969192505,0.0,0.0,0.32866087555885315,4.112726674065925e-05,0.011765318922698498,0.8761759996414185,0.0,0.0,0.9815955758094788,0.14879657328128815,0.02276107482612133,0.4215092957019806,0.02550397627055645,0.814191997051239,0.2755615711212158,0.00883388239890337,0.0011604243190959096,0.37712427973747253,1.0,0.0,0.6399327516555786,0.44892454147338867,0.0003863871970679611,0.016174854710698128,0.0,0.0,0.34618207812309265,0.024396134540438652,0.00033342093229293823,1.2093876600265503,0.0,0.0
760,3.3627161979675293,0.6337873339653015,17.027023315429688,6.951325416564941,0.693268358707428,55.894569396972656,1.0597397089004517,1.0666109323501587,607.9,0.9431521892547607,0.008095849305391312,0.05807885155081749,12.775571823120117,0.0,0.0,0.3077033460140228,6.094969648984261e-06,0.0026617373805493116,0.6998386383056641,0.0,0.0,1.0927746295928955,0.5577824711799622,0.01610940508544445,0.2721153199672699,0.01341335941106081,0.48011335730552673,0.29528340697288513,0.023813476786017418,0.0005740197957493365,0.7255342602729797,1.0,0.0,0.9411380290985107,0.168610081076622,0.0006038458668626845,0.020463455468416214,0.0,0.0,0.34178927540779114,0.06921041756868362,5.538904952118173e-05,1.2835733890533447,0.0,0.0
761,4.8357462882995605,0.7371552586555481,22.429946899414062,8.75536060333252,0.7152454853057861,46.52866744995117,1.18174409866333,1.1763710975646973,386.5,0.9353732466697693,0.009582201950252056,0.051656220108270645,16.515228271484375,0.0,0.0,0.31363391876220703,2.56836710832431e-06,0.0026103369891643524,0.6522432565689087,0.0,0.0,1.0676541328430176,0.558813214302063,0.016760725528001785,0.2886590361595154,0.014985451474785805,0.5330592393875122,0.29917454719543457,0.024175239726901054,0.0006757195224054158,0.7101224064826965,1.0,0.0,0.9147762656211853,0.18528807163238525,0.0005874029011465609,0.020003102719783783,0.0,0.0,0.3414103388786316,0.067367322742939,5.48061725567095e-05,1.2817175388336182,0.0,0.0
762,1.7607702016830444,0.7824404835700989,24.329347610473633,6.406974792480469,0.4498150944709778,54.19568634033203,1.0848745107650757,1.0848302841186523,3.76,0.8081867098808289,0.005719754844903946,0.06852588802576065,16.508352279663086,0.0,0.0,0.3460567593574524,1.556646566314157e-05,0.006113861221820116,0.6501068472862244,0.0,0.0,1.1214631795883179,0.3559679388999939,0.02016161009669304,0.3594488203525543,0.019213158637285233,0.6488763689994812,0.2741485834121704,0.012008292600512505,0.0008344524540007114,0.4623556435108185,1.0,0.0,0.8211312294006348,0.26224303245544434,0.0005256786826066673,0.019495122134685516,0.0,0.0,0.3483196496963501,0.04572441801428795,7.196124352049083e-05,1.291520595550537,0.0,0.0
763,3.5382447242736816,0.21704818308353424,44.91613006591797,1.707128882408142,0.7129354476928711,51.80337142944336,1.0774270296096802,1.077532410621643,9.08,0.8886111378669739,0.11586391925811768,0.03525862097740173,2.8356640338897705,0.0,0.0,0.33060821890830994,7.917585753602907e-05,0.0012978186132386327,0.9032734036445618,0.0,0.0,0.9253334999084473,0.5534288287162781,0.01180341187864542,0.1142045184969902,0.005431485828012228,0.16331088542938232,0.3033178746700287,0.029873445630073547,0.00019841353059746325,0.8875401616096497,1.0,0.0,0.975041389465332,0.13686946034431458,0.0006216901238076389,0.020044555887579918,0.0,0.0,0.33929768204689026,0.08622100204229355,0.00013920606579631567,1.2360292673110962,0.0,0.0
764,4.080902099609375,0.01722707785665989,25.793527603149414,9.585766792297363,0.4468229115009308,53.721160888671875,1.1461673974990845,1.1442922353744507,142.97,1.157872200012207,0.21445763111114502,0.0035412900615483522,2.7101645469665527,0.0,0.0,0.3511423170566559,9.095101995626464e-05,0.013520208187401295,0.9962294101715088,0.0,0.0,1.173119306564331,0.20526418089866638,0.023339420557022095,0.4830225706100464,0.024213867262005806,0.8873469829559326,0.27280575037002563,0.010349092073738575,0.0009907417697831988,0.42051640152931213,1.0,0.0,0.6310912370681763,0.42088112235069275,0.000410855864174664,0.01568823866546154,0.0,0.0,0.3474540412425995,0.0374331958591938,0.0001010525447782129,1.28593111038208,0.0,0.0
765,5.534812927246094,0.33267703652381897,42.77215576171875,4.841545581817627,0.4894663393497467,47.334327697753906,1.161802053451538,1.1621251106262207,23.93,1.006498098373413,0.048997458070516586,0.02984270639717579,4.778462886810303,0.0,0.0,0.2949390113353729,4.984739462088328e-06,0.008597350679337978,0.8554922342300415,0.0,0.0,1.0179929733276367,0.23513422906398773,0.017831016331911087,0.25500521063804626,0.015737231820821762,0.46562638878822327,0.2827097177505493,0.013337490148842335,0.0007712333463132381,0.5046007633209229,1.0,0.0,0.7216275334358215,0.3957751989364624,0.00044495100155472755,0.017446724697947502,0.0,0.0,0.34627681970596313,0.03238002210855484,0.0003217219782527536,1.2136366367340088,0.0,0.0
766,3.243492841720581,0.1483849585056305,31.401287078857422,5.2370171546936035,0.6248509287834167,57.04497528076172,1.223123550415039,1.2220641374588013,70.88,1.020384430885315,0.13374200463294983,0.023139672353863716,3.04416823387146,0.0,0.0,0.3443012535572052,0.0001495596079621464,0.004291122779250145,0.9269164204597473,0.0,0.0,1.0504604578018188,0.48064810037612915,0.017135892063379288,0.23302918672561646,0.013480265624821186,0.41634097695350647,0.2955579161643982,0.022324776276946068,0.0006437168922275305,0.6507401466369629,1.0,0.0,0.8073375225067139,0.2408415824174881,0.0005442573456093669,0.018128687515854836,0.0,0.0,0.3437444567680359,0.0666414126753807,6.245110125746578e-05,1.286325216293335,0.0,0.0
767,2.996401071548462,0.02165805920958519,35.12492752075195,3.8108508586883545,0.6279321908950806,57.16653823852539,1.2120044231414795,1.2107768058776855,83.66,0.9481022953987122,0.2338487058877945,0.015373455360531807,1.051823616027832,0.0,0.0,0.383281946182251,0.00023623593733645976,0.0034062075428664684,1.003424048423767,0.0,0.0,1.0129293203353882,0.5601562857627869,0.015758609399199486,0.18709339201450348,0.011075848713517189,0.3229771554470062,0.29674234986305237,0.023682793602347374,0.000532702193595469,0.6931069493293762,1.0,0.0,0.7929094433784485,0.23625996708869934,0.000541737477760762,0.017633041366934776,0.0,0.0,0.3440031111240387,0.07435670495033264,6.316458893707022e-05,1.2841943502426147,0.0,0.0
768,1.5774362087249756,0.8026502132415771,20.807418823242188,9.988815307617188,0.5272316336631775,53.29814910888672,1.132849931716919,1.134021282196045,91.18,0.7984579801559448,0.010093177668750286,0.07140765339136124,15.387002944946289,0.0,0.0,0.3465892970561981,3.8464680983452126e-05,0.005296767223626375,0.6299492120742798,0.0,0.0,1.0930434465408325,0.35213425755500793,0.02223784849047661,0.4548347592353821,0.02296231873333454,0.8437452912330627,0.27857720851898193,0.014004870317876339,0.0009131882106885314,0.4939841628074646,1.0,0.0,0.8381841778755188,0.23938754200935364,0.0005324323428794742,0.01953241601586342,0.0,0.0,0.34500449895858765,0.04782254248857498,7.20809621270746e-05,1.2902976274490356,0.0,0.0
769,3.0804858207702637,0.6616272926330566,19.88615608215332,6.147149562835693,0.7037051320075989,44.88847351074219,1.1216853857040405,1.1199655532836914,136.9,0.901060938835144,0.006946336943656206,0.06358999013900757,15.457589149475098,0.0,0.0,0.3118363916873932,1.4087505405768752e-05,0.0022874504793435335,0.6807907223701477,0.0,0.0,1.0546727180480957,0.5644014477729797,0.015278845094144344,0.23594051599502563,0.012336588464677334,0.4203619658946991,0.2983189523220062,0.024985797703266144,0.0005669594975188375,0.7471393346786499,1.0,0.0,0.9563755393028259,0.16649754345417023,0.0006188114639371634,0.020627500489354134,0.0,0.0,0.3420925438404083,0.07426883280277252,4.357211946626194e-05,1.2840447425842285,0.0,0.0
770,3.392740488052368,0.5118611454963684,33.80377197265625,4.23043966293335,0.670998752117157,49.51384735107422,1.2245913743972778,1.2237892150878906,53.53,0.936202347278595,0.02001677267253399,0.05615346506237984,11.403780937194824,0.0,0.0,0.3047007918357849,2.9499737138394266e-05,0.002209777943789959,0.741564929485321,0.0,0.0,1.0210472345352173,0.5834856033325195,0.015001637861132622,0.18396075069904327,0.010802679695189,0.3213379681110382,0.3004416823387146,0.02472374029457569,0.0005344522069208324,0.7335532903671265,1.0,0.0,0.9245361685752869,0.1907007396221161,0.0006034320686012506,0.020069647580385208,0.0,0.0,0.3420141935348511,0.06934858858585358,7.268867921084166e-05,1.2653955221176147,0.0,0.0
771,1.9144002199172974,0.523987352848053,25.17344856262207,8.540826797485352,0.6629081964492798,46.2486572265625,1.248255968093872,1.2486165761947632,23.14,0.9073290228843689,0.020548881962895393,0.06446721404790878,9.589872360229492,0.0,0.0,0.317548543214798,4.986033673048951e-05,0.004943291191011667,0.7277945876121521,0.0,0.0,1.0304113626480103,0.473381906747818,0.018652724102139473,0.3089798092842102,0.017084311693906784,0.5712568163871765,0.2962110638618469,0.022336458787322044,0.0007690712227486074,0.6343304514884949,1.0,0.0,0.8699275255203247,0.21153882145881653,0.0005630285595543683,0.01943005621433258,0.0,0.0,0.34210655093193054,0.05969727411866188,7.898182957433164e-05,1.2761391401290894,0.0,0.0
772,2.1794590950012207,0.9535039067268372,34.83479690551758,3.8864166736602783,0.4274795651435852,41.85057830810547,1.0735325813293457,1.0734201669692993,9.76,0.6391414403915405,0.017686843872070312,0.08083556592464447,18.80390167236328,0.0,0.0,0.38392284512519836,6.400478741852567e-05,0.006191016640514135,0.6045347452163696,0.0,0.0,0.9783773422241211,0.346455842256546,0.01772679202258587,0.24195964634418488,0.014616711996495724,0.4189660847187042,0.27736008167266846,0.012570729479193687,0.0007088900892995298,0.47813236713409424,1.0,0.0,0.8033367991447449,0.29598116874694824,0.0005062585114501417,0.019406551495194435,0.0,0.0,0.35113370418548584,0.03872405365109444,0.00021611452393699437,1.2468767166137695,0.0,0.0
773,1.166526436805725,0.9403008222579956,25.805801391601562,7.071622371673584,0.5159300565719604,41.11991500854492,1.1578770875930786,1.1587934494018555,68.3,0.6520213484764099,0.019532592967152596,0.08762738853693008,17.30076789855957,0.0,0.0,0.38062411546707153,7.447040843544528e-05,0.00637682294473052,0.5840574502944946,0.0,0.0,1.0077053308486938,0.3997925817966461,0.02045857161283493,0.3520718514919281,0.01924166828393936,0.6307393312454224,0.28188326954841614,0.015480736270546913,0.0008259285241365433,0.5028945207595825,1.0,0.0,0.8301851749420166,0.24508512020111084,0.0005277810269035399,0.019537778571248055,0.0,0.0,0.34702444076538086,0.045262545347213745,0.0001183291751658544,1.274594783782959,0.0,0.0
774,3.999345302581787,0.14422476291656494,30.974586486816406,5.034575462341309,0.7093450427055359,51.34400939941406,1.2465503215789795,1.247611403465271,68.23,1.0322765111923218,0.15342658758163452,0.02249232493340969,3.136324405670166,0.0,0.0,0.33559900522232056,0.00012073855032213032,0.0031891283579170704,0.9331100583076477,0.0,0.0,1.0244094133377075,0.577603280544281,0.015006070956587791,0.1910424530506134,0.010974584147334099,0.33629098534584045,0.3036715090274811,0.02716360054910183,0.0005449406453408301,0.763039767742157,1.0,0.0,0.852491557598114,0.20622466504573822,0.0005732944118790329,0.01854524575173855,0.0,0.0,0.3415073752403259,0.07577259093523026,6.264318653848022e-05,1.278038501739502,0.0,0.0
775,4.0440754890441895,0.16448190808296204,41.7967643737793,4.513325214385986,0.6368008852005005,53.8640022277832,1.264583706855774,1.2653902769088745,50.4,0.9765307903289795,0.12514182925224304,0.023027779534459114,2.9296672344207764,0.0,0.0,0.3302115797996521,9.191701246891171e-05,0.004371160641312599,0.927534282207489,0.0,0.0,0.9889155030250549,0.4216644763946533,0.015842506662011147,0.2004433125257492,0.012193112634122372,0.3571864068508148,0.2967868149280548,0.022146426141262054,0.0005929674371145666,0.679689884185791,1.0,0.0,0.8064218759536743,0.2615993916988373,0.0005269217654131353,0.018077204003930092,0.0,0.0,0.3417283594608307,0.0566524975001812,0.0001537339558126405,1.2478395700454712,0.0,0.0
776,3.1815857887268066,0.033603813499212265,30.433841705322266,8.595115661621094,0.6519184708595276,52.031455993652344,1.2957855463027954,1.293797254562378,118.6,0.9909305572509766,0.20733892917633057,0.015077048912644386,1.656307339668274,0.0,0.0,0.36812418699264526,0.00014495381037704647,0.008618014864623547,0.9859158992767334,0.0,0.0,1.0120575428009033,0.40456658601760864,0.01929248683154583,0.30633243918418884,0.01763419434428215,0.5683999061584473,0.2969285547733307,0.022207265719771385,0.0008076749509200454,0.6111478805541992,1.0,0.0,0.7455050349235535,0.2743837833404541,0.0004969050060026348,0.017021166160702705,0.0,0.0,0.3420427739620209,0.0576799176633358,0.00011389023711672053,1.2745639085769653,0.0,0.0
777,5.664271831512451,0.7713399529457092,32.28680419921875,3.2249653339385986,0.5673023462295532,53.98051452636719,1.0903550386428833,1.0892343521118164,94.36,0.8972017765045166,0.005698478315025568,0.047797564417123795,19.504486083984375,0.0,0.0,0.3226977288722992,1.1718542509697727e-06,0.0020975074730813503,0.6478545665740967,0.0,0.0,1.0868110656738281,0.5738507509231567,0.01569340005517006,0.18540899455547333,0.011153161525726318,0.31683242321014404,0.2903652489185333,0.01936057023704052,0.0005465917056426406,0.6412910223007202,1.0,0.0,0.9170776605606079,0.1997659057378769,0.0005954969674348831,0.02042040042579174,0.0,0.0,0.3457043766975403,0.06405530869960785,6.230930739548057e-05,1.2774407863616943,0.0,0.0
778,4.058102130889893,0.718272864818573,21.913448333740234,8.492754936218262,0.5639292001724243,44.943153381347656,1.1089296340942383,1.1069246530532837,163.34,0.9498557448387146,0.010789856314659119,0.04715282469987869,13.998032569885254,0.0,0.0,0.3167192339897156,1.8507877257434302e-06,0.007184283342212439,0.6581099629402161,0.0,0.0,1.1330170631408691,0.3657374083995819,0.020157769322395325,0.38435184955596924,0.019599834457039833,0.707177996635437,0.2833247780799866,0.01589081808924675,0.0008097455138340592,0.5454279780387878,1.0,0.0,0.8207475543022156,0.2500920295715332,0.0005188373615965247,0.019051898270845413,0.0,0.0,0.34467342495918274,0.04798073694109917,9.666342521086335e-05,1.2819361686706543,0.0,0.0
779,3.3648645877838135,0.11981577426195145,23.960153579711914,4.822098255157471,0.6535367965698242,51.844669342041016,1.1469628810882568,1.1503409147262573,256.03,1.0227901935577393,0.16468384861946106,0.021206559613347054,2.6373705863952637,0.0,0.0,0.34861132502555847,0.00015350535977631807,0.004420137498527765,0.9461263418197632,0.0,0.0,1.062511920928955,0.5253534317016602,0.016022883355617523,0.21726663410663605,0.011872240342199802,0.3747009038925171,0.29677945375442505,0.02409021556377411,0.0005518124671652913,0.707144021987915,1.0,0.0,0.8230688571929932,0.22223274409770966,0.0005543546285480261,0.018300365656614304,0.0,0.0,0.34354352951049805,0.0701683834195137,5.7014491176232696e-05,1.2885708808898926,0.0,0.0
780,4.372320175170898,0.025391895323991776,40.14119338989258,9.063432693481445,0.5751009583473206,44.39365005493164,1.294069766998291,1.293149709701538,54.98,0.9412906765937805,0.19143538177013397,0.012123769149184227,1.6832025051116943,0.0,0.0,0.35016363859176636,6.663631211267784e-05,0.011638452298939228,0.9955037236213684,0.0,0.0,0.9371764063835144,0.2201501578092575,0.020768137648701668,0.34184524416923523,0.021094420924782753,0.6501616835594177,0.28959888219833374,0.01602312922477722,0.0009623990627005696,0.5025593638420105,1.0,0.0,0.6624482274055481,0.41948580741882324,0.0004123757826164365,0.015926426276564598,0.0,0.0,0.34185993671417236,0.03274111822247505,0.0003328175807837397,1.2090498208999634,0.0,0.0
781,5.463180065155029,0.5066495537757874,21.916391372680664,8.005125999450684,0.7287113666534424,59.59649658203125,1.159615159034729,1.159307599067688,22.88,1.0929054021835327,0.02252623252570629,0.03907444328069687,11.062806129455566,0.0,0.0,0.28908205032348633,8.150947223839466e-07,0.002631555311381817,0.7589457035064697,0.0,0.0,1.1275405883789062,0.5540064573287964,0.016052857041358948,0.2656514048576355,0.013572621159255505,0.47959476709365845,0.3010219931602478,0.02553863637149334,0.0006202298100106418,0.7414394617080688,1.0,0.0,0.9294413328170776,0.173334002494812,0.0006028987700119615,0.02017071098089218,0.0,0.0,0.3414946496486664,0.07081429660320282,4.579749293043278e-05,1.2886368036270142,0.0,0.0
782,4.931122303009033,0.42671114206314087,39.69044876098633,5.611792087554932,0.4913662075996399,58.5066032409668,1.1879407167434692,1.18446683883667,246.89,1.0774931907653809,0.03093922697007656,0.030042603611946106,7.6723856925964355,0.0,0.0,0.2943710386753082,8.781009910308057e-07,0.007650164421647787,0.7983343005180359,0.0,0.0,1.1245702505111694,0.293643981218338,0.01897820085287094,0.28565144538879395,0.017091525718569756,0.5276275277137756,0.28234657645225525,0.013649366796016693,0.0008330309065058827,0.4922339916229248,1.0,0.0,0.763805627822876,0.32376423478126526,0.0004888988332822919,0.01821218430995941,0.0,0.0,0.3468603789806366,0.041632406413555145,0.00016902248898986727,1.2640256881713867,0.0,0.0
783,5.494141101837158,0.44589415192604065,26.416091918945312,6.323000907897949,0.5602957606315613,58.055816650390625,1.123645305633545,1.1216280460357666,160.06,1.1405194997787476,0.03202814981341362,0.03043355420231819,8.623151779174805,0.0,0.0,0.2898094356060028,8.820202310744207e-07,0.006280289962887764,0.7784870862960815,0.0,0.0,1.1809284687042236,0.3749358355998993,0.018800238147377968,0.3052002191543579,0.016405703499913216,0.5542319416999817,0.28660932183265686,0.016973866149783134,0.0007383712218143046,0.5660706162452698,1.0,0.0,0.8185486197471619,0.2542282044887543,0.0005300635239109397,0.018903296440839767,0.0,0.0,0.34508195519447327,0.05174332857131958,8.110539056360722e-05,1.286760687828064,0.0,0.0
784,3.351632833480835,0.01066198293119669,37.00777816772461,2.565171480178833,0.6025473475456238,46.98260498046875,1.1344897747039795,1.1339508295059204,41.89,0.8889052271842957,0.2450912445783615,0.015425442717969418,1.1223978996276855,0.0,0.0,0.38202133774757385,0.0002012972254306078,0.004434599075466394,1.0187617540359497,0.0,0.0,0.9671860337257385,0.4878274202346802,0.014626557007431984,0.15269549190998077,0.009290623478591442,0.2485610544681549,0.29531392455101013,0.02234729193150997,0.0004503670206759125,0.701002836227417,1.0,0.0,0.7778595685958862,0.2665643095970154,0.0005193358520045877,0.01752045936882496,0.0,0.0,0.3446847200393677,0.06205138564109802,0.00014625332551077008,1.2509514093399048,0.0,0.0
785,5.585070610046387,0.2402043640613556,23.852664947509766,9.481451034545898,0.6564604640007019,47.40110397338867,1.1906417608261108,1.1902636289596558,26.68,1.1778761148452759,0.09720534831285477,0.02473893016576767,4.610123634338379,0.0,0.0,0.2987693250179291,2.6785868612932973e-05,0.008719482459127903,0.8838719725608826,0.0,0.0,1.1064223051071167,0.3706405460834503,0.019056739285588264,0.3425644338130951,0.017888469621539116,0.6352414488792419,0.2946890592575073,0.02078983560204506,0.0007729060016572475,0.6278228759765625,1.0,0.0,0.7849937677383423,0.2603657841682434,0.0005097710527479649,0.017911015078425407,0.0,0.0,0.34261271357536316,0.05478157475590706,0.00010585088602965698,1.2794189453125,0.0,0.0
786,2.8238658905029297,0.882742166519165,17.27713966369629,4.30777645111084,0.7992766499519348,57.110530853271484,1.0174232721328735,1.0186868906021118,121.92,0.7714306712150574,0.019233131781220436,0.08910300582647324,23.362367630004883,0.0,0.0,0.3448408842086792,3.118577296845615e-05,0.000726591213606298,0.6019489765167236,0.0,0.0,0.9886928796768188,0.5101234316825867,0.011305643245577812,0.14065353572368622,0.006571752019226551,0.2376772165298462,0.30622848868370056,0.03231306001543999,0.00033113674726337194,0.9330759048461914,1.0,0.0,1.1360543966293335,0.09501837193965912,0.000746077683288604,0.022557029500603676,0.0,0.0,0.3406153619289398,0.09410664439201355,1.97564295376651e-05,1.288127064704895,0.0,0.0
787,5.078131198883057,0.224398672580719,21.313579559326172,8.597858428955078,0.506309986114502,57.74879837036133,1.0697654485702515,1.069560170173645,17.94,1.2323213815689087,0.09746949374675751,0.016223132610321045,3.7111399173736572,0.0,0.0,0.30280131101608276,2.983918966492638e-05,0.010738919489085674,0.8861967921257019,0.0,0.0,1.2173964977264404,0.2611950635910034,0.02142522484064102,0.4300672709941864,0.020816074684262276,0.7746305465698242,0.27750465273857117,0.013059224002063274,0.0008353441371582448,0.49516087770462036,1.0,0.0,0.7172829508781433,0.3312581777572632,0.0004599236708600074,0.017225857824087143,0.0,0.0,0.34554409980773926,0.04122607409954071,0.00010134970943909138,1.286103367805481,0.0,0.0
788,4.175652980804443,0.6849874258041382,24.429353713989258,8.08293628692627,0.5543127655982971,45.464454650878906,1.1370335817337036,1.1358181238174438,94.11,0.9773293137550354,0.011214151978492737,0.04572698846459389,11.710500717163086,0.0,0.0,0.31204965710639954,8.474063406538335e-07,0.007486523594707251,0.6702607870101929,0.0,0.0,1.1334563493728638,0.3583528399467468,0.020151806995272636,0.37090134620666504,0.019409261643886566,0.6801676154136658,0.2838733196258545,0.01580774039030075,0.000824365415610373,0.5335155725479126,1.0,0.0,0.813996434211731,0.25688865780830383,0.0005142230656929314,0.018991045653820038,0.0,0.0,0.3449629545211792,0.046084214001894,0.0001155779100372456,1.2779319286346436,0.0,0.0
789,3.894375801086426,0.6361703276634216,18.436416625976562,7.077579975128174,0.7269862294197083,56.20723342895508,1.096136450767517,1.090372085571289,482.29,0.9715769290924072,0.007867195643484592,0.05520300194621086,13.828454971313477,0.0,0.0,0.3041938841342926,1.0158012173633324e-06,0.0019613774493336678,0.6987041234970093,0.0,0.0,1.0946340560913086,0.5495455861091614,0.015264414250850677,0.24921472370624542,0.01252662856131792,0.45028156042099,0.2993144392967224,0.025556810200214386,0.0005614004330709577,0.762769341468811,1.0,0.0,0.9636814594268799,0.1572851985692978,0.0006210555438883603,0.020648609846830368,0.0,0.0,0.3413950800895691,0.07642006129026413,4.251173231750727e-05,1.2860509157180786,0.0,0.0
790,3.276893377304077,0.1726311296224594,32.42317581176758,3.373905897140503,0.6070717573165894,56.051151275634766,1.1537009477615356,1.1509274244308472,208.88,1.0063886642456055,0.12493325769901276,0.025748243555426598,3.8657796382904053,0.0,0.0,0.3418852686882019,0.00016616702487226576,0.0031033793929964304,0.9179074764251709,0.0,0.0,1.0559062957763672,0.538950502872467,0.015602675266563892,0.18003837764263153,0.010668997652828693,0.3051599860191345,0.29492947459220886,0.02240048535168171,0.0005196763668209314,0.6821887493133545,1.0,0.0,0.8379630446434021,0.2262885421514511,0.0005673821433447301,0.018647262826561928,0.0,0.0,0.34487777948379517,0.07108500599861145,5.5985427025007084e-05,1.285634160041809,0.0,0.0
791,5.899811744689941,0.5752568244934082,37.423973083496094,3.0301504135131836,0.5733660459518433,48.61133575439453,1.1202621459960938,1.1205347776412964,21.72,0.9673517346382141,0.009238408878445625,0.044172920286655426,11.417837142944336,0.0,0.0,0.29508665204048157,8.574077128287172e-07,0.0031289688777178526,0.7344430685043335,0.0,0.0,1.054584264755249,0.4794979989528656,0.01531414408236742,0.17447318136692047,0.010750163346529007,0.2965986132621765,0.2919979393482208,0.019374508410692215,0.0005334420129656792,0.6494534015655518,1.0,0.0,0.8729495406150818,0.23360733687877655,0.0005552628426812589,0.019648684188723564,0.0,0.0,0.34488362073898315,0.05442323163151741,0.00013976043555885553,1.2479921579360962,0.0,0.0
792,1.9454553127288818,0.7589159607887268,24.965906143188477,6.228372573852539,0.6953514814376831,48.7027702331543,1.2241648435592651,1.2236119508743286,36.91,0.7906662225723267,0.007839689962565899,0.08540517091751099,18.369356155395508,0.0,0.0,0.3333166539669037,4.464627636480145e-05,0.0019774858374148607,0.6332381963729858,0.0,0.0,1.0060744285583496,0.5797639489173889,0.01613805629312992,0.23479168117046356,0.012991441413760185,0.4205331802368164,0.30002570152282715,0.025789979845285416,0.0006123277125880122,0.7213954329490662,1.0,0.0,0.9693379998207092,0.15961246192455292,0.0006323561538010836,0.020832357928156853,0.0,0.0,0.3418929874897003,0.07664332538843155,4.086636545252986e-05,1.28300142288208,0.0,0.0
793,4.907784461975098,0.6133814454078674,39.061424255371094,7.420812606811523,0.448148638010025,57.59897232055664,1.187207579612732,1.1886215209960938,100.2,1.0041399002075195,0.012546016834676266,0.03595704957842827,11.16700553894043,0.0,0.0,0.3030849099159241,9.223858228324389e-07,0.008051752112805843,0.7119928598403931,0.0,0.0,1.121979832649231,0.24190698564052582,0.021056735888123512,0.36693650484085083,0.021231943741440773,0.6922013759613037,0.2764414846897125,0.01057085394859314,0.001001357682980597,0.41857439279556274,1.0,0.0,0.7434656620025635,0.35600146651268005,0.00046663719695061445,0.018149904906749725,0.0,0.0,0.3477103114128113,0.035505831241607666,0.00017622023005969822,1.2618613243103027,0.0,0.0
794,4.8918023109436035,0.8814337253570557,21.652563095092773,5.300551891326904,0.5399129390716553,52.07554244995117,1.0148005485534668,1.0155746936798096,75.12,0.8425010442733765,0.014454387128353119,0.048531971871852875,21.40106964111328,0.0,0.0,0.3489542603492737,2.8016029318678193e-05,0.004336851183325052,0.6046369671821594,0.0,0.0,1.1082261800765991,0.47111082077026367,0.017827294766902924,0.2883906662464142,0.014957305043935776,0.5072291493415833,0.28190290927886963,0.01629890874028206,0.0006448413478210568,0.5778197646141052,1.0,0.0,0.876660168170929,0.21752555668354034,0.0005643274052999914,0.020000286400318146,0.0,0.0,0.3457127511501312,0.05567498132586479,6.33498202660121e-05,1.2870680093765259,0.0,0.0
795,2.0755221843719482,0.5413239002227783,29.346149444580078,4.655261516571045,0.6890381574630737,52.12030029296875,1.2268192768096924,1.2240451574325562,184.73,0.8744195103645325,0.015691887587308884,0.07184324413537979,12.938575744628906,0.0,0.0,0.3188515603542328,7.218361861305311e-05,0.001601789495907724,0.7230507731437683,0.0,0.0,1.0182716846466064,0.5875619649887085,0.015035481192171574,0.19160783290863037,0.010974242351949215,0.335405558347702,0.3013095259666443,0.02621995471417904,0.0005388892604969442,0.7484426498413086,1.0,0.0,0.9577320218086243,0.1685473620891571,0.0006340047693811357,0.020524410530924797,0.0,0.0,0.34213536977767944,0.08010019361972809,3.9379479858325794e-05,1.2832300662994385,0.0,0.0
796,4.5939741134643555,0.6388682126998901,36.233360290527344,4.206620693206787,0.6856945753097534,56.24335479736328,1.235677719116211,1.2335458993911743,139.86,0.9406514167785645,0.007716764230281115,0.05377830192446709,15.397928237915039,0.0,0.0,0.30122920870780945,9.75864168140106e-07,0.0013605572748929262,0.6919344663619995,0.0,0.0,1.054692268371582,0.5937215685844421,0.014633865095674992,0.1768227070569992,0.01046181283891201,0.31142956018447876,0.3016699552536011,0.025360632687807083,0.0005207211361266673,0.7538151144981384,1.0,0.0,0.9644916653633118,0.17068226635456085,0.0006278163054957986,0.020628461614251137,0.0,0.0,0.34135231375694275,0.07550602406263351,5.212972973822616e-05,1.2740055322647095,0.0,0.0
797,2.0,0.09081386029720306,28.753732681274414,7.294552326202393,0.46202927827835083,54.83251190185547,1.1562355756759644,1.1553196907043457,68.56,0.9902232885360718,0.1332242339849472,0.019896795973181725,2.0880773067474365,0.0,0.0,0.3705483376979828,0.0001720848958939314,0.009461482986807823,0.9587963819503784,0.0,0.0,1.1043527126312256,0.27719295024871826,0.021409014239907265,0.3779776394367218,0.020451458171010017,0.6923530697822571,0.27694541215896606,0.012491019442677498,0.0009032405214384198,0.44697803258895874,1.0,0.0,0.6940796375274658,0.3530179262161255,0.00045774385216645896,0.01686069369316101,0.0,0.0,0.3480115234851837,0.043551716953516006,9.6988478617277e-05,1.2872391939163208,0.0,0.0
798,1.1320356130599976,0.521188497543335,23.66802406311035,4.547722816467285,0.629910945892334,45.55110549926758,1.1466314792633057,1.1475144624710083,67.11,0.8324922323226929,0.016479993239045143,0.07689832150936127,11.332480430603027,0.0,0.0,0.33134332299232483,0.00010260284034302458,0.0030809531453996897,0.7387720942497253,0.0,0.0,1.0243099927902222,0.594364583492279,0.016112731769680977,0.21656684577465057,0.012206438928842545,0.3758392333984375,0.29425379633903503,0.022843440994620323,0.0005639062728732824,0.6847004890441895,1.0,0.0,0.915956974029541,0.18740421533584595,0.0006012168014422059,0.02017778903245926,0.0,0.0,0.3441450297832489,0.06928915530443192,5.313837755238637e-05,1.2827354669570923,0.0,0.0
799,1.45737886428833,0.265720397233963,15.56530475616455,7.053277969360352,0.613179624080658,44.1025505065918,1.04674232006073,1.0506391525268555,354.34,0.9471414685249329,0.09342482686042786,0.044107940047979355,3.7176284790039062,0.0,0.0,0.3428459167480469,9.582392522133887e-05,0.007648338098078966,0.8719162940979004,0.0,0.0,1.107427954673767,0.48443207144737244,0.018555112183094025,0.33039653301239014,0.01605456881225109,0.557429313659668,0.28709548711776733,0.020491819828748703,0.000632536772172898,0.6318351626396179,1.0,0.0,0.7957769632339478,0.23031137883663177,0.0005134071689099073,0.018213223665952682,0.0,0.0,0.3436166048049927,0.05373590439558029,0.0001033126754919067,1.2852191925048828,0.0,0.0
800,4.157653331756592,0.4109403192996979,21.508834838867188,2.827625036239624,0.7679704427719116,44.73624038696289,1.0004249811172485,1.001143455505371,71.73,1.0548367500305176,0.04475913941860199,0.04415049031376839,9.749798774719238,0.0,0.0,0.2993701696395874,4.3486437789397314e-05,0.0010659720283001661,0.7970479130744934,0.0,0.0,1.0537999868392944,0.5255798101425171,0.011170448735356331,0.11273012310266495,0.005623623263090849,0.17654110491275787,0.30658453702926636,0.03084730915725231,0.0002946740132756531,0.9267079830169678,1.0,0.0,1.0241256952285767,0.12585695087909698,0.0006816523964516819,0.020779510959982872,0.0,0.0,0.3418278396129608,0.09483947604894638,2.6102366973645985e-05,1.2874841690063477,0.0,0.0
801,5.248624801635742,0.4477044939994812,33.23392105102539,5.285762786865234,0.7614865303039551,54.90195083618164,1.2734520435333252,1.2771705389022827,228.63,1.0663360357284546,0.03376982361078262,0.04010315611958504,10.344551086425781,0.0,0.0,0.2889567017555237,2.4731257326493505e-06,0.0016151285963132977,0.7808670997619629,0.0,0.0,1.0651744604110718,0.5546994209289551,0.013720817863941193,0.17117568850517273,0.009804211556911469,0.30402955412864685,0.30812588334083557,0.029415857046842575,0.0005082386778667569,0.8270905613899231,1.0,0.0,0.9604766368865967,0.16210919618606567,0.0006325660506263375,0.020214689895510674,0.0,0.0,0.3397175967693329,0.08381514996290207,4.4728119974024594e-05,1.2792208194732666,0.0,0.0
802,5.053112030029297,0.787270188331604,28.094879150390625,7.6690521240234375,0.47395059466362,41.77637481689453,1.1140896081924438,1.115662932395935,126.58,0.9152697324752808,0.01218454260379076,0.0412573516368866,12.080609321594238,0.0,0.0,0.33133822679519653,1.5134707609831821e-05,0.008027175441384315,0.6372675895690918,0.0,0.0,1.0980886220932007,0.28784623742103577,0.02090577408671379,0.3963586091995239,0.02080466039478779,0.717825710773468,0.2763800621032715,0.012104330584406853,0.0008878571097739041,0.4575975239276886,1.0,0.0,0.7624462842941284,0.3130709230899811,0.00047519401414319873,0.018416978418827057,0.0,0.0,0.3474089205265045,0.03748565539717674,0.00016774651885498315,1.2643377780914307,0.0,0.0
803,4.494218826293945,0.28964030742645264,22.6296329498291,3.26597261428833,0.7922554016113281,42.82770538330078,1.05006742477417,1.0524009466171265,211.16,1.0697802305221558,0.08420506119728088,0.035176634788513184,6.663159370422363,0.0,0.0,0.306633323431015,6.518199370475486e-05,0.001141184475272894,0.8625952005386353,0.0,0.0,1.038648247718811,0.5136615633964539,0.010906199924647808,0.11500126868486404,0.005587968975305557,0.18282265961170197,0.30923891067504883,0.032264601439237595,0.00030628216336481273,0.9470665454864502,1.0,0.0,0.9970512390136719,0.133148193359375,0.0006665093242190778,0.0202812310308218,0.0,0.0,0.34127944707870483,0.0942680761218071,3.0105196856311522e-05,1.284388542175293,0.0,0.0
804,4.795742511749268,0.7696713209152222,28.753747940063477,5.387328624725342,0.7628394365310669,52.20144271850586,1.2302840948104858,1.2296253442764282,43.55,0.8998764753341675,0.008204477839171886,0.05991220474243164,20.533340454101562,0.0,0.0,0.3161042034626007,9.72445604929817e-07,0.001099643879570067,0.6368607878684998,0.0,0.0,1.0494568347930908,0.5487226843833923,0.013623718172311783,0.17630058526992798,0.009657969698309898,0.31300950050354004,0.30707070231437683,0.02945786900818348,0.0004954991163685918,0.831538736820221,1.0,0.0,1.0177963972091675,0.1385565847158432,0.0006641524960286915,0.021187668666243553,0.0,0.0,0.34023940563201904,0.08981038630008698,3.2446299883304164e-05,1.2831735610961914,0.0,0.0
805,4.228072166442871,0.4300892651081085,30.736513137817383,4.8544416427612305,0.7446373701095581,41.74458312988281,1.2407413721084595,1.240149974822998,38.43,0.9861778020858765,0.03715167194604874,0.0483490526676178,8.567849159240723,0.0,0.0,0.2967732548713684,2.1315447156666778e-05,0.0023862060625106096,0.7833698987960815,0.0,0.0,1.001683235168457,0.5599279403686523,0.013713444583117962,0.17102093994617462,0.009609957225620747,0.2994614541530609,0.30659154057502747,0.028447197750210762,0.000491397746372968,0.8162088990211487,1.0,0.0,0.9335587620735168,0.17514480650424957,0.0006037324201315641,0.019852973520755768,0.0,0.0,0.34007301926612854,0.07434004545211792,8.62164597492665e-05,1.2542821168899536,0.0,0.0
806,5.6784539222717285,0.5923873782157898,39.408565521240234,6.84977912902832,0.42978402972221375,48.945194244384766,1.1590986251831055,1.1580824851989746,75.7,0.993270218372345,0.013778873719274998,0.03541253134608269,8.8460111618042,0.0,0.0,0.3003960847854614,7.422551107083564e-07,0.009379519149661064,0.7272039651870728,0.0,0.0,1.0881400108337402,0.21632669866085052,0.02046740986406803,0.3541611433029175,0.020570488646626472,0.6641268134117126,0.2748855948448181,0.009841004386544228,0.000964198901783675,0.4114985167980194,1.0,0.0,0.7101975679397583,0.4042680859565735,0.00043449513032101095,0.017618568614125252,0.0,0.0,0.34831318259239197,0.029959671199321747,0.0002553306403569877,1.2357938289642334,0.0,0.0
807,2.429356813430786,0.8374723792076111,35.35532760620117,4.582165718078613,0.5995323061943054,58.42679977416992,1.2175544500350952,1.2157378196716309,122.73,0.7425050735473633,0.009505740366876125,0.08230408281087875,21.783998489379883,0.0,0.0,0.3458367586135864,3.26846529787872e-05,0.0011746719246730208,0.6135998368263245,0.0,0.0,1.0072520971298218,0.6073760390281677,0.016822079196572304,0.2195778489112854,0.013036184944212437,0.3898150324821472,0.29367366433143616,0.021163830533623695,0.0006327693699859083,0.637194812297821,1.0,0.0,0.9493955969810486,0.18405933678150177,0.0006227857666090131,0.020894644781947136,0.0,0.0,0.3442932963371277,0.0689687430858612,4.5400978706311435e-05,1.2822445631027222,0.0,0.0
808,4.6641340255737305,0.4800831973552704,30.513835906982422,7.881938457489014,0.6744388937950134,43.7421760559082,1.2689698934555054,1.2708226442337036,114.89,1.0154333114624023,0.027495723217725754,0.04375188425183296,8.39676570892334,0.0,0.0,0.2926207482814789,6.784463835174392e-07,0.00516229635104537,0.7563504576683044,0.0,0.0,1.0448323488235474,0.42387548089027405,0.017678754404187202,0.27599459886550903,0.015941355377435684,0.5173037052154541,0.2988821566104889,0.02233828417956829,0.000749076483771205,0.6521090865135193,1.0,0.0,0.848103940486908,0.23203864693641663,0.0005378278438001871,0.019025122746825218,0.0,0.0,0.34116873145103455,0.053078703582286835,0.0001392080303048715,1.2546762228012085,0.0,0.0
809,1.1614490747451782,0.10637074708938599,33.84904098510742,4.743630886077881,0.439148485660553,51.55736541748047,1.127879023551941,1.1275241374969482,27.91,0.8685091137886047,0.11684448271989822,0.03110576793551445,2.170598268508911,0.0,0.0,0.3890039920806885,0.0002521158312447369,0.007487658876925707,0.9623843431472778,0.0,0.0,1.0500359535217285,0.32111960649490356,0.018890850245952606,0.2768040895462036,0.01617174968123436,0.49157193303108215,0.27726083993911743,0.012776149436831474,0.0007694879313930869,0.47007325291633606,1.0,0.0,0.7130906581878662,0.34299296140670776,0.0004715912218671292,0.01731356978416443,0.0,0.0,0.3503398895263672,0.04483196511864662,0.00012967284419573843,1.2765085697174072,0.0,0.0
810,3.8399269580841064,0.022168975323438644,19.249799728393555,5.64968729019165,0.47800374031066895,49.58246994018555,1.0103867053985596,1.0061942338943481,412.38,1.1141327619552612,0.24078798294067383,0.006614108569920063,1.151820421218872,0.0,0.0,0.35909736156463623,0.00010762806778075173,0.010493013076484203,1.0041425228118896,0.0,0.0,1.1804646253585815,0.3049308955669403,0.01936952769756317,0.33648794889450073,0.016628656536340714,0.5702478885650635,0.27593159675598145,0.013667643070220947,0.0006732577458024025,0.5156395435333252,1.0,0.0,0.6650727987289429,0.3643350601196289,0.00043608792475424707,0.01611938327550888,0.0,0.0,0.3472274839878082,0.043039388954639435,9.93640860542655e-05,1.2865891456604004,0.0,0.0
811,2.0838661193847656,0.005809891503304243,22.326284408569336,8.653172492980957,0.5465788841247559,52.95301818847656,1.1638984680175781,1.1615633964538574,172.72,0.9750370979309082,0.21328718960285187,0.014271656051278114,1.416738748550415,0.0,0.0,0.38984617590904236,0.00017688414664007723,0.009478718973696232,1.005735158920288,0.0,0.0,1.086026668548584,0.32599523663520813,0.021440451964735985,0.39822918176651,0.020365720614790916,0.7182310223579407,0.28320667147636414,0.016403472051024437,0.0008327139657922089,0.5202025175094604,1.0,0.0,0.6984777450561523,0.3176317512989044,0.0004610900650732219,0.016601290553808212,0.0,0.0,0.34494200348854065,0.04785165190696716,9.380249684909359e-05,1.2884413003921509,0.0,0.0
812,3.8222901821136475,0.6160967350006104,29.987804412841797,4.795200824737549,0.7219145894050598,56.16489028930664,1.2272824048995972,1.227948546409607,44.2,0.9529792070388794,0.009769337251782417,0.057560767978429794,15.919428825378418,0.0,0.0,0.30395346879959106,8.635543053969741e-06,0.0012592060957103968,0.6961685419082642,0.0,0.0,1.0554956197738647,0.5699854493141174,0.014308564364910126,0.18033044040203094,0.010231670923531055,0.31856051087379456,0.3041646182537079,0.027552109211683273,0.0005141778383404016,0.7887652516365051,1.0,0.0,0.9879395961761475,0.15415596961975098,0.000651981623377651,0.02082754671573639,0.0,0.0,0.341232031583786,0.08669910579919815,3.1257703085429966e-05,1.2872469425201416,0.0,0.0
813,4.673248767852783,0.38693609833717346,23.001483917236328,6.017509937286377,0.5197893977165222,54.12122344970703,1.061997413635254,1.0619995594024658,0.19,1.153035283088684,0.044550132006406784,0.027600832283496857,6.899649143218994,0.0,0.0,0.29602497816085815,8.938995051721577e-06,0.008502294309437275,0.8063154220581055,0.0,0.0,1.19241201877594,0.33873796463012695,0.018959088250994682,0.3191045820713043,0.016677536070346832,0.5733160376548767,0.2812529504299164,0.01492410246282816,0.0007239896222017705,0.5382900238037109,1.0,0.0,0.778502881526947,0.2851735055446625,0.0005031726323068142,0.01828213408589363,0.0,0.0,0.3460906147956848,0.047789525240659714,0.00010004130308516324,1.2861896753311157,0.0,0.0
814,5.350726127624512,0.6853443384170532,39.22930145263672,9.79782485961914,0.5283289551734924,48.4104118347168,1.2603836059570312,1.2626068592071533,139.71,0.9138583540916443,0.015152579173445702,0.0434313639998436,10.585912704467773,0.0,0.0,0.30903440713882446,6.38882511339034e-07,0.008518942631781101,0.6681278347969055,0.0,0.0,1.0241912603378296,0.24947300553321838,0.022069191560149193,0.3948521614074707,0.023352639749646187,0.7583860754966736,0.28372469544410706,0.013246507383883,0.0010425957152619958,0.4524390399456024,1.0,0.0,0.7517141699790955,0.33676302433013916,0.00045596659765578806,0.01802339404821396,0.0,0.0,0.34348687529563904,0.03283504769206047,0.0002781163202598691,1.2287991046905518,0.0,0.0
815,1.383612871170044,0.7272671461105347,17.787490844726562,9.158117294311523,0.6332516670227051,53.65779495239258,1.1302989721298218,1.1298847198486328,32.44,0.8113656044006348,0.0070783658884465694,0.08051855862140656,12.623135566711426,0.0,0.0,0.33483749628067017,4.028395778732374e-05,0.0039565409533679485,0.6586962342262268,0.0,0.0,1.0689449310302734,0.533638060092926,0.01959783025085926,0.3703910708427429,0.018330218270421028,0.6616309881210327,0.2890639901161194,0.02034587413072586,0.0007339026778936386,0.6150715947151184,1.0,0.0,0.8936914801597595,0.1906455010175705,0.0005701521877199411,0.01999218389391899,0.0,0.0,0.3425360321998596,0.05919954180717468,6.706804560963064e-05,1.2860760688781738,0.0,0.0
816,5.831714153289795,0.0520128570497036,35.01199722290039,6.76002311706543,0.4529712498188019,40.50516891479492,1.144500494003296,1.1445094347000122,0.68,1.0722739696502686,0.15951593220233917,0.014442325569689274,1.8028987646102905,0.0,0.0,0.33021003007888794,5.663484989781864e-05,0.01246272400021553,0.996622622013092,0.0,0.0,1.034285068511963,0.19016793370246887,0.02027357928454876,0.34748390316963196,0.019897041842341423,0.6487308740615845,0.27803948521614075,0.011374992318451405,0.0009047792991623282,0.4377986788749695,1.0,0.0,0.6363692283630371,0.4420678913593292,0.00039863275014795363,0.01591362990438938,0.0,0.0,0.3480028808116913,0.030199391767382622,0.00027165032224729657,1.2286324501037598,0.0,0.0
817,4.526583671569824,0.7037825584411621,23.710546493530273,6.356865882873535,0.40344536304473877,47.6407585144043,1.0081722736358643,1.0090935230255127,90.55,1.014824628829956,0.009451505728065968,0.03669395670294762,11.794950485229492,0.0,0.0,0.3188592195510864,1.0110799166795914e-06,0.008986448869109154,0.6765962839126587,0.0,0.0,1.2274329662322998,0.2792810797691345,0.02022114396095276,0.38554131984710693,0.019435089081525803,0.6861061453819275,0.26762139797210693,0.009292695671319962,0.0008162787999026477,0.4322240948677063,1.0,0.0,0.7563728094100952,0.32041189074516296,0.0004749070794787258,0.018545160070061684,0.0,0.0,0.34960129857063293,0.036764614284038544,0.00010460108751431108,1.2848280668258667,0.0,0.0
818,5.863561153411865,0.6497159004211426,43.98773956298828,7.551132678985596,0.4542764127254486,51.19150161743164,1.2030340433120728,1.2050246000289917,137.31,0.9143897891044617,0.010778659023344517,0.03930845856666565,9.977947235107422,0.0,0.0,0.3046831786632538,6.987464757912676e-07,0.008646510541439056,0.7045859098434448,0.0,0.0,1.0325276851654053,0.19978967308998108,0.020704030990600586,0.3583419620990753,0.021573157981038094,0.6828913688659668,0.27680304646492004,0.010064946487545967,0.0010177247459068894,0.41456136107444763,1.0,0.0,0.7148410677909851,0.415447860956192,0.000429399311542511,0.017660222947597504,0.0,0.0,0.34629857540130615,0.02758973091840744,0.00031309606856666505,1.2175763845443726,0.0,0.0
819,1.544764757156372,0.1474752575159073,27.353618621826172,4.004511833190918,0.6858728528022766,45.20588684082031,1.1897876262664795,1.1887623071670532,72.49,0.835440456867218,0.14120182394981384,0.044049590826034546,3.349020481109619,0.0,0.0,0.3745872974395752,0.00024805220891721547,0.002626341301947832,0.9238619208335876,0.0,0.0,0.9794431924819946,0.5865760445594788,0.014593949541449547,0.17529205977916718,0.009949046187102795,0.2992865741252899,0.3010692596435547,0.026856539770960808,0.00048474944196641445,0.7656999826431274,1.0,0.0,0.8720988631248474,0.1959528774023056,0.0005870076129212976,0.018948908895254135,0.0,0.0,0.34276720881462097,0.0775875523686409,5.6869987020036206e-05,1.277004599571228,0.0,0.0
820,1.272186279296875,0.9024636149406433,24.475217819213867,7.380031108856201,0.7428923845291138,44.715057373046875,1.2706925868988037,1.267975091934204,168.66,0.6555219292640686,0.021838780492544174,0.10729137808084488,21.497461318969727,0.0,0.0,0.36200273036956787,8.003009861567989e-05,0.001774025266058743,0.5745208859443665,0.0,0.0,0.9423657655715942,0.563439667224884,0.015899691730737686,0.23490768671035767,0.012866787612438202,0.42333555221557617,0.30416420102119446,0.028701696544885635,0.0006119916797615588,0.7569283843040466,1.0,0.0,1.0087127685546875,0.14303189516067505,0.0006567585514858365,0.02140607126057148,0.0,0.0,0.3406665623188019,0.0791950598359108,4.239240661263466e-05,1.2780240774154663,0.0,0.0
821,2.524242639541626,0.5021722316741943,25.707626342773438,5.885653495788574,0.49493086338043213,47.327205657958984,1.1087925434112549,1.1103461980819702,126.2,0.9848909378051758,0.02068273164331913,0.047761112451553345,8.699816703796387,0.0,0.0,0.31472212076187134,2.528020013414789e-05,0.008162761107087135,0.7546093463897705,0.0,0.0,1.1210767030715942,0.34243449568748474,0.019286764785647392,0.31625914573669434,0.017333155497908592,0.5698303580284119,0.2801825702190399,0.014323791489005089,0.0007724897004663944,0.5075237154960632,1.0,0.0,0.7948508262634277,0.2805202007293701,0.0005122635047882795,0.01876828633248806,0.0,0.0,0.34735605120658875,0.046439483761787415,0.00011127954348921776,1.2805207967758179,0.0,0.0
822,1.197348713874817,0.3053935170173645,21.44731330871582,4.453677654266357,0.6748956441879272,57.322940826416016,1.133092999458313,1.1315460205078125,120.66,0.8625308871269226,0.07161039113998413,0.059857457876205444,6.372267723083496,0.0,0.0,0.34960633516311646,0.0001954620674951002,0.0018465783214196563,0.844804048538208,0.0,0.0,1.0248132944107056,0.584453821182251,0.015237248502671719,0.19948990643024445,0.010740993544459343,0.3412185609340668,0.2977151870727539,0.025941526517271996,0.0004902099026367068,0.7469615340232849,1.0,0.0,0.9258084297180176,0.168805330991745,0.0006197639158926904,0.019953224807977676,0.0,0.0,0.34285393357276917,0.08262950927019119,3.566578743630089e-05,1.2925385236740112,0.0,0.0
823,5.890041828155518,0.7304105162620544,28.885942459106445,6.221797943115234,0.6311475038528442,58.865779876708984,1.1791905164718628,1.1778349876403809,97.6,0.9600954651832581,0.006890269462019205,0.04373377189040184,18.77496337890625,0.0,0.0,0.31260478496551514,1.0548604905125103e-06,0.0024142113979905844,0.6577368974685669,0.0,0.0,1.0987780094146729,0.5316665768623352,0.01735634356737137,0.26258790493011475,0.014700789004564285,0.4832623600959778,0.2940705120563507,0.020881351083517075,0.0006904109031893313,0.6425751447677612,1.0,0.0,0.9093775153160095,0.19503332674503326,0.0005898512899875641,0.020130151882767677,0.0,0.0,0.3432442247867584,0.06505364924669266,4.804941272595897e-05,1.2867690324783325,0.0,0.0
824,2.6009669303894043,0.1689070612192154,33.64243698120117,5.958694934844971,0.5780325531959534,42.01044845581055,1.2282435894012451,1.2291429042816162,59.57,0.9192097187042236,0.11300744861364365,0.031665265560150146,2.642139196395874,0.0,0.0,0.3472774028778076,0.000108713997178711,0.00834664236754179,0.9139547944068909,0.0,0.0,0.9764943718910217,0.3374008536338806,0.018348563462495804,0.26938074827194214,0.016002826392650604,0.4905295670032501,0.291011780500412,0.018688714131712914,0.0007468807161785662,0.5743483901023865,1.0,0.0,0.751063883304596,0.30516451597213745,0.0004828154342249036,0.017526770010590553,0.0,0.0,0.34431129693984985,0.04525522142648697,0.00023190911451820284,1.2422370910644531,0.0,0.0
825,5.634751319885254,0.13977253437042236,30.166921615600586,3.3950347900390625,0.64890056848526,41.4961051940918,1.1288347244262695,1.1281315088272095,55.22,1.0647834539413452,0.1529790759086609,0.023112528026103973,2.7585368156433105,0.0,0.0,0.31940895318984985,7.343749166466296e-05,0.003977761138230562,0.9475616812705994,0.0,0.0,1.0200939178466797,0.5042328834533691,0.01459762454032898,0.16720199584960938,0.009791162796318531,0.2827722728252411,0.2988530397415161,0.023711740970611572,0.00047734714462421834,0.7339454889297485,1.0,0.0,0.821691632270813,0.23696264624595642,0.0005407172720879316,0.018234943971037865,0.0,0.0,0.3436499834060669,0.06495098024606705,0.0001231717033078894,1.2574902772903442,0.0,0.0
826,3.31482195854187,0.27059072256088257,30.21879768371582,4.296891689300537,0.7313119769096375,49.47368240356445,1.2246531248092651,1.2232509851455688,93.6,0.9880889654159546,0.09210924059152603,0.03873896226286888,5.943571090698242,0.0,0.0,0.32289206981658936,0.00010662451677490026,0.0020237877033650875,0.8604499697685242,0.0,0.0,1.020289659500122,0.5640418529510498,0.013779562897980213,0.16428759694099426,0.009216480888426304,0.2816419303417206,0.30559709668159485,0.02892724797129631,0.0004663399304263294,0.8153770565986633,1.0,0.0,0.9242986440658569,0.1735427975654602,0.0006184662925079465,0.019654756411910057,0.0,0.0,0.3411065936088562,0.08388510346412659,4.973930481355637e-05,1.2774826288223267,0.0,0.0
827,1.306014895439148,0.4256552457809448,39.64548110961914,3.4248931407928467,0.6192441582679749,52.45955276489258,1.2153830528259277,1.2153912782669067,0.56,0.790141224861145,0.029062530025839806,0.07668866962194443,8.607707977294922,0.0,0.0,0.3362009823322296,0.00013352361565921456,0.0015272607561200857,0.7813204526901245,0.0,0.0,0.9704143404960632,0.5706892013549805,0.015072417445480824,0.17744703590869904,0.010532901622354984,0.30371758341789246,0.2956559360027313,0.02244933694601059,0.0005087787285447121,0.6955558061599731,1.0,0.0,0.9128308892250061,0.2015952318906784,0.0005959247355349362,0.020031074061989784,0.0,0.0,0.3435628116130829,0.06660713255405426,8.419909863732755e-05,1.2594552040100098,0.0,0.0
828,3.384312868118286,0.28369325399398804,16.720003128051758,9.42603874206543,0.525164783000946,52.17436599731445,1.0250967741012573,1.0325571298599243,704.82,1.147296667098999,0.08466780185699463,0.02413013204932213,3.8139541149139404,0.0,0.0,0.3104234039783478,3.125899820588529e-05,0.009942828677594662,0.8584995269775391,0.0,0.0,1.212257742881775,0.28636062145233154,0.021740702912211418,0.46424275636672974,0.021365594118833542,0.8167917728424072,0.27637773752212524,0.013586613349616528,0.0007954820175655186,0.5169568657875061,1.0,0.0,0.7339094877243042,0.3038104772567749,0.0004651333438232541,0.017502039670944214,0.0,0.0,0.3445919454097748,0.04128462076187134,0.00010415386350359768,1.285355567932129,0.0,0.0
829,3.9093751907348633,0.22900167107582092,19.534629821777344,8.094755172729492,0.6713851094245911,57.77687454223633,1.130794644355774,1.1295758485794067,95.42,1.09769868850708,0.10318905115127563,0.02504064328968525,4.339515686035156,0.0,0.0,0.3165813982486725,6.981858314247802e-05,0.005671983119100332,0.891014814376831,0.0,0.0,1.0963733196258545,0.44395652413368225,0.017787642776966095,0.3094269037246704,0.015587982721626759,0.5585634708404541,0.294924795627594,0.02249162271618843,0.0006661173538304865,0.6721464991569519,1.0,0.0,0.8262101411819458,0.224420428276062,0.0005425967392511666,0.018525753170251846,0.0,0.0,0.3422795534133911,0.06182827055454254,7.53581989556551e-05,1.2859470844268799,0.0,0.0
830,2.5002689361572266,0.7585039138793945,16.622859954833984,9.519388198852539,0.5648122429847717,54.0490608215332,1.0475062131881714,1.0462627410888672,113.46,0.89250648021698,0.010488344356417656,0.05750083178281784,9.850923538208008,0.0,0.0,0.3303142488002777,1.0697068319132086e-05,0.0055036116391420364,0.6513159871101379,0.0,0.0,1.115822672843933,0.46316206455230713,0.021323421970009804,0.4447349011898041,0.020949460566043854,0.7672852277755737,0.28004780411720276,0.016234656795859337,0.0007502344669774175,0.550519585609436,1.0,0.0,0.8255766034126282,0.2185441106557846,0.0005161131266504526,0.019134219735860825,0.0,0.0,0.3436354100704193,0.04745888710021973,0.00010314943210687488,1.2851349115371704,0.0,0.0
831,4.88425350189209,0.1499972641468048,39.37334060668945,3.7342286109924316,0.5073155760765076,54.4726676940918,1.1456607580184937,1.144594669342041,81.3,1.071911096572876,0.1211850717663765,0.015630263835191727,2.8948795795440674,0.0,0.0,0.3246423900127411,8.537871326552704e-05,0.007746609393507242,0.9458382725715637,0.0,0.0,1.0613934993743896,0.32798779010772705,0.016993341967463493,0.21459084749221802,0.01316175889223814,0.3754104673862457,0.2855156660079956,0.015920205041766167,0.0006552474806085229,0.5561915636062622,1.0,0.0,0.7367576360702515,0.33587804436683655,0.00048497627722099423,0.017395328730344772,0.0,0.0,0.34724754095077515,0.047341424971818924,0.0001837124873418361,1.2586101293563843,0.0,0.0
832,4.190165996551514,0.6216790676116943,23.9352970123291,5.594814300537109,0.5110891461372375,58.35110855102539,1.0642770528793335,1.0644160509109497,12.27,1.0058435201644897,0.009920448996126652,0.043107032775878906,13.1116943359375,0.0,0.0,0.3064289391040802,1.0740519655882963e-06,0.005629268940538168,0.7034257054328918,0.0,0.0,1.1792688369750977,0.3821529448032379,0.018621113151311874,0.3046911656856537,0.01622193120419979,0.5452305674552917,0.28069713711738586,0.01480137463659048,0.0007181292749010026,0.5356574654579163,1.0,0.0,0.8352363705635071,0.2507370710372925,0.0005364614189602435,0.01942061074078083,0.0,0.0,0.34625110030174255,0.04951220378279686,7.668937178095803e-05,1.2873151302337646,0.0,0.0
833,2.1470770835876465,0.15424343943595886,26.477659225463867,7.714663505554199,0.7167498469352722,51.274715423583984,1.2834389209747314,1.2819600105285645,89.89,0.9297306537628174,0.13585005700588226,0.03519465774297714,3.1766436100006104,0.0,0.0,0.3575705587863922,0.00016771182708907872,0.0039782836101949215,0.9171460866928101,0.0,0.0,1.0034273862838745,0.5529561638832092,0.01690937764942646,0.2540890872478485,0.014230334199965,0.4624563157558441,0.3024783134460449,0.026743024587631226,0.0006716519128531218,0.7127413153648376,1.0,0.0,0.8416867852210999,0.2073904424905777,0.0005633822875097394,0.018495848402380943,0.0,0.0,0.3410887122154236,0.07132899761199951,6.0071244661230594e-05,1.283024549484253,0.0,0.0
834,1.2357231378555298,0.23393067717552185,20.628826141357422,6.008573532104492,0.7836394309997559,56.44257736206055,1.2039194107055664,1.2038496732711792,4.81,0.8525511622428894,0.11209190636873245,0.05649421736598015,4.7399702072143555,0.0,0.0,0.36074480414390564,0.0002088005858240649,0.001352344173938036,0.882754385471344,0.0,0.0,0.9849799275398254,0.534360408782959,0.013633615337312222,0.18747195601463318,0.009564000181853771,0.3267905116081238,0.30704888701438904,0.03225570544600487,0.000462392286863178,0.8535259366035461,1.0,0.0,0.958989679813385,0.14152036607265472,0.0006445669569075108,0.01999685727059841,0.0,0.0,0.3405860364437103,0.0948004350066185,2.8435708372853696e-05,1.2932524681091309,0.0,0.0
835,1.6059452295303345,0.5184179544448853,16.1733455657959,5.5788984298706055,0.6867180466651917,47.248287200927734,1.0562444925308228,1.0535701513290405,240.32,0.8776505589485168,0.018821902573108673,0.0706644281744957,10.742852210998535,0.0,0.0,0.321613609790802,6.745999417034909e-05,0.0028208636213093996,0.7473609447479248,0.0,0.0,1.0544549226760864,0.565910816192627,0.015296364203095436,0.23446780443191528,0.011986964382231236,0.4075051546096802,0.2953294813632965,0.024564065039157867,0.000523805501870811,0.7457559108734131,1.0,0.0,0.9337559342384338,0.1700088381767273,0.0006071862298995256,0.020220639184117317,0.0,0.0,0.34236159920692444,0.07383626699447632,4.7763267502887174e-05,1.2860016822814941,0.0,0.0
836,3.966397762298584,0.8930974006652832,37.57408905029297,9.067695617675781,0.4142213761806488,50.21635818481445,1.187942385673523,1.1864545345306396,105.56,0.7808370590209961,0.01881941594183445,0.04830686002969742,16.49800682067871,0.0,0.0,0.3598158657550812,3.551361442077905e-05,0.007609110791236162,0.602692186832428,0.0,0.0,1.0316616296768188,0.21608752012252808,0.02297740802168846,0.44396817684173584,0.024893762543797493,0.8422122001647949,0.2715212106704712,0.008454480208456516,0.0011123636504635215,0.36948922276496887,1.0,0.0,0.7293739318847656,0.37206611037254333,0.00045013133785687387,0.01812322624027729,0.0,0.0,0.34873494505882263,0.031312495470047,0.00020884363038931042,1.251465916633606,0.0,0.0
837,2.0825209617614746,0.641545295715332,39.348876953125,3.79709792137146,0.6438080072402954,52.838260650634766,1.2374558448791504,1.238671064376831,79.28,0.7804055213928223,0.0055148727260529995,0.08521795272827148,14.136499404907227,0.0,0.0,0.32274648547172546,4.451782660908066e-05,0.0013085991377010942,0.6835310459136963,0.0,0.0,0.972426176071167,0.6184582710266113,0.01498016994446516,0.1805185079574585,0.010776893235743046,0.3127902150154114,0.29802682995796204,0.023459995165467262,0.0005247092340141535,0.7128539085388184,1.0,0.0,0.95430988073349,0.18340803682804108,0.0006159821641631424,0.020660942420363426,0.0,0.0,0.3423459529876709,0.06890314817428589,7.354330591624603e-05,1.2585500478744507,0.0,0.0
838,1.517300009727478,0.9239616990089417,17.344284057617188,7.4930901527404785,0.47450870275497437,47.6108283996582,1.014600157737732,1.013192892074585,136.9,0.7377128005027771,0.018175756558775902,0.06653281301259995,11.697250366210938,0.0,0.0,0.3738403022289276,3.549477332853712e-05,0.006326797418296337,0.6047442555427551,0.0,0.0,1.087141752243042,0.4709760844707489,0.0213664211332798,0.4247046709060669,0.02075837552547455,0.7186121940612793,0.271799772977829,0.012944001704454422,0.00073980976594612,0.4874679148197174,1.0,0.0,0.8001550436019897,0.23153235018253326,0.0005004912964068353,0.019047308713197708,0.0,0.0,0.346827894449234,0.04364987090229988,8.310403791256249e-05,1.2919151782989502,0.0,0.0
839,3.223982095718384,0.6715271472930908,18.163536071777344,3.8533546924591064,0.7708198428153992,44.8271598815918,1.0124047994613647,1.0150126218795776,253.78,0.8928301334381104,0.0042239585891366005,0.06982041895389557,17.10502815246582,0.0,0.0,0.31035932898521423,1.7183496311190538e-05,0.001084012445062399,0.6785686016082764,0.0,0.0,1.0486754179000854,0.5243914723396301,0.011596856638789177,0.14305150508880615,0.006947418209165335,0.233043372631073,0.3044809103012085,0.030216623097658157,0.00035395356826484203,0.9035817980766296,1.0,0.0,1.0668519735336304,0.12125420570373535,0.0006973196868784726,0.021790290251374245,0.0,0.0,0.34147581458091736,0.09437339007854462,2.2970598365645856e-05,1.2881337404251099,0.0,0.0
840,5.9177327156066895,0.4625645577907562,19.612741470336914,9.100013732910156,0.6914437413215637,53.385520935058594,1.0953558683395386,1.095616340637207,21.7,1.1467074155807495,0.031697411090135574,0.035295162349939346,9.693999290466309,0.0,0.0,0.2860955595970154,7.714872936048778e-07,0.0038639220874756575,0.7795457243919373,0.0,0.0,1.1517844200134277,0.48355239629745483,0.017387893050909042,0.31946688890457153,0.01590740494430065,0.5956567525863647,0.29557135701179504,0.022054145112633705,0.0006748497253283858,0.6887247562408447,1.0,0.0,0.87548828125,0.198195680975914,0.0005617252318188548,0.019396528601646423,0.0,0.0,0.3422382175922394,0.0633813887834549,6.1020451539661735e-05,1.287493109703064,0.0,0.0
841,3.15824294090271,0.5853855013847351,21.61164093017578,7.124340057373047,0.6792386770248413,57.25734329223633,1.1635082960128784,1.1654229164123535,141.2,0.9609682559967041,0.012218269519507885,0.05608535557985306,12.79291820526123,0.0,0.0,0.30716878175735474,1.7369462511851452e-05,0.002566335489973426,0.7137136459350586,0.0,0.0,1.0797574520111084,0.5749868750572205,0.01693793386220932,0.2745615839958191,0.014382869005203247,0.4934442639350891,0.2965436577796936,0.023629995062947273,0.0006447579944506288,0.6914967894554138,1.0,0.0,0.9309428334236145,0.177132248878479,0.0006059483857825398,0.020330896601080894,0.0,0.0,0.3420700132846832,0.06942322105169296,4.610948235495016e-05,1.287583351135254,0.0,0.0
842,3.7167470455169678,0.5141387581825256,18.317678451538086,6.809545040130615,0.7649151086807251,45.695430755615234,1.1073377132415771,1.104475975036621,233.99,0.993060290813446,0.02025679126381874,0.050859592854976654,11.687240600585938,0.0,0.0,0.29843607544898987,1.5664505554013886e-05,0.001980486325919628,0.7512561678886414,0.0,0.0,1.065453290939331,0.5372684597969055,0.01386016234755516,0.2194768339395523,0.01092479843646288,0.39012610912323,0.30326712131500244,0.027865994721651077,0.00052211171714589,0.8191045522689819,1.0,0.0,0.9568024277687073,0.16322627663612366,0.0006238539353944361,0.020375626161694527,0.0,0.0,0.3411267101764679,0.08009015023708344,3.9034919609548524e-05,1.286196231842041,0.0,0.0
843,2.1794590950012207,0.9535039067268372,34.83479690551758,3.8864166736602783,0.4274795651435852,41.85057830810547,1.0735325813293457,1.0734201669692993,9.76,0.6391414403915405,0.017686843872070312,0.08083556592464447,18.803903579711914,0.0,0.0,0.38392284512519836,6.400478741852567e-05,0.006191016640514135,0.6045347452163696,0.0,0.0,0.9783773422241211,0.346455842256546,0.01772679202258587,0.24195964634418488,0.014616711996495724,0.4189660847187042,0.27736008167266846,0.012570730410516262,0.0007088900892995298,0.47813236713409424,1.0,0.0,0.8033368587493896,0.29598116874694824,0.0005062585696578026,0.019406551495194435,0.0,0.0,0.35113370418548584,0.03872405365109444,0.00021611452393699437,1.2468767166137695,0.0,0.0
844,1.2087528705596924,0.7447977066040039,39.93688201904297,4.3674163818359375,0.7960803508758545,40.187496185302734,1.2912015914916992,1.2925753593444824,82.31,0.6052690148353577,0.008321565575897694,0.14500105381011963,12.952682495117188,0.0,0.0,0.3342958688735962,4.694197923527099e-05,0.001290994812734425,0.6165144443511963,0.0,0.0,0.8360664248466492,0.5207114219665527,0.01166085060685873,0.14098653197288513,0.007592618465423584,0.23697558045387268,0.31103605031967163,0.03205704316496849,0.00038238661363720894,0.9031952619552612,1.0,0.0,1.046744465827942,0.1450498104095459,0.0006419530254788697,0.021430324763059616,0.0,0.0,0.3357868194580078,0.07111112028360367,0.00011038046795874834,1.2074631452560425,0.0,0.0
845,5.66946268081665,0.21852387487888336,20.755855560302734,4.886948585510254,0.7026066780090332,56.9113655090332,1.0625052452087402,1.0634803771972656,86.3,1.1735535860061646,0.12131824344396591,0.022039689123630524,4.884378910064697,0.0,0.0,0.3045375645160675,5.5046475608833134e-05,0.0030701078940182924,0.9015989303588867,0.0,0.0,1.0967167615890503,0.56614750623703,0.014581012539565563,0.19908630847930908,0.010468165390193462,0.34921854734420776,0.29977571964263916,0.02547742798924446,0.00048770452849566936,0.7768399119377136,1.0,0.0,0.884954035282135,0.18291203677654266,0.0005898494855500758,0.019111918285489082,0.0,0.0,0.342875599861145,0.08139017969369888,4.240697671775706e-05,1.291558027267456,0.0,0.0
846,3.2881901264190674,0.2718662619590759,21.721601486206055,4.371123313903809,0.6043277382850647,49.5670280456543,1.0698769092559814,1.06875479221344,98.14,1.039828896522522,0.08316410332918167,0.0317872017621994,5.4693074226379395,0.0,0.0,0.32143691182136536,9.18974110390991e-05,0.004807781893759966,0.864372193813324,0.0,0.0,1.0989165306091309,0.4883149266242981,0.01632208563387394,0.22442980110645294,0.012205966748297215,0.3850170373916626,0.29097071290016174,0.020922264084219933,0.0005504241562448442,0.6645750999450684,1.0,0.0,0.8438939452171326,0.22334736585617065,0.0005590388900600374,0.01895015873014927,0.0,0.0,0.3446805775165558,0.06395222246646881,6.485135236289352e-05,1.286440372467041,0.0,0.0
847,5.21334171295166,0.9751165509223938,20.208274841308594,6.489354133605957,0.590823769569397,58.963890075683594,1.0232632160186768,1.02506422996521,171.7,0.7600696086883545,0.02706018276512623,0.050285857170820236,25.187938690185547,0.0,0.0,0.3736739456653595,6.886253686388955e-05,0.002671387977898121,0.5746043920516968,0.0,0.0,1.066622257232666,0.5269377827644348,0.018043112009763718,0.31202274560928345,0.015535325743258,0.5556687116622925,0.2853294909000397,0.018300587311387062,0.0006512421532534063,0.613071858882904,1.0,0.0,0.9171926975250244,0.18855835497379303,0.0005902849952690303,0.020523108541965485,0.0,0.0,0.3438894748687744,0.060203246772289276,5.7226505305152386e-05,1.2856214046478271,0.0,0.0
848,4.2158684730529785,0.6037207245826721,17.631174087524414,9.236480712890625,0.6843971610069275,47.210182189941406,1.081566333770752,1.0876902341842651,520.56,1.0072567462921143,0.014220327138900757,0.047066282480955124,11.403233528137207,0.0,0.0,0.2996862530708313,7.553987302344467e-07,0.004249094985425472,0.7110416889190674,0.0,0.0,1.1369976997375488,0.48696884512901306,0.017736898735165596,0.33765673637390137,0.01627359911799431,0.6064698100090027,0.2935875654220581,0.021965043619275093,0.000670313136652112,0.6807327270507812,1.0,0.0,0.8814306855201721,0.19974678754806519,0.0005609047948382795,0.019648492336273193,0.0,0.0,0.34211865067481995,0.059284795075654984,6.742688128724694e-05,1.285559058189392,0.0,0.0
849,4.3107757568359375,0.4283903241157532,38.16638946533203,9.400923728942871,0.5448259115219116,53.36005401611328,1.273371934890747,1.2734123468399048,2.49,1.0418930053710938,0.03681068494915962,0.034301843494176865,6.702521324157715,0.0,0.0,0.29534056782722473,6.756562243026565e-07,0.009086198173463345,0.7760102152824402,0.0,0.0,1.0760573148727417,0.26134124398231506,0.02170688845217228,0.3750390410423279,0.022218044847249985,0.717104971408844,0.2859143316745758,0.014474522322416306,0.0010134741896763444,0.4733184576034546,1.0,0.0,0.749869167804718,0.3286493122577667,0.0004693266237154603,0.017852377146482468,0.0,0.0,0.3435647487640381,0.03755151852965355,0.000212361293961294,1.2496339082717896,0.0,0.0
850,1.7272295951843262,0.5737269520759583,26.131410598754883,7.714788436889648,0.6713483929634094,48.416900634765625,1.2558690309524536,1.2561982870101929,20.87,0.8679738640785217,0.01385625172406435,0.07259635627269745,11.729194641113281,0.0,0.0,0.321046382188797,5.518096804735251e-05,0.0033486918546259403,0.7054967880249023,0.0,0.0,1.018315076828003,0.5373796820640564,0.017876192927360535,0.2819085717201233,0.01584707386791706,0.5190340876579285,0.29767343401908875,0.023363005369901657,0.0007311712834052742,0.656538724899292,1.0,0.0,0.9013885855674744,0.19396831095218658,0.0005862161051481962,0.019880197942256927,0.0,0.0,0.3420090973377228,0.06517716497182846,6.14724776824005e-05,1.2787879705429077,0.0,0.0
851,3.0810799598693848,0.14544177055358887,24.68590545654297,4.440548896789551,0.4053194224834442,58.85683822631836,1.008793592453003,1.0100040435791016,118.8,1.0782979726791382,0.1164187639951706,0.016713058575987816,2.690167188644409,0.0,0.0,0.3452562093734741,0.00013053775182925165,0.009357883594930172,0.9403276443481445,0.0,0.0,1.178195834159851,0.291532039642334,0.01863454282283783,0.29089945554733276,0.015593663789331913,0.5030186772346497,0.27143973112106323,0.011155807413160801,0.0007015784503892064,0.4634370505809784,1.0,0.0,0.7083625793457031,0.3555162847042084,0.00046787792234681547,0.01726626046001911,0.0,0.0,0.34994634985923767,0.04336352273821831,8.770322892814875e-05,1.2904889583587646,0.0,0.0
852,5.540659427642822,0.8032466769218445,43.59537887573242,4.276993274688721,0.4449407458305359,47.783966064453125,1.11003839969635,1.1117138862609863,135.77,0.7765822410583496,0.006036302540451288,0.04981152340769768,14.592964172363281,0.0,0.0,0.3344458043575287,4.3461732275318354e-06,0.005929405335336924,0.6610068082809448,0.0,0.0,0.9812157154083252,0.2636152505874634,0.017427342012524605,0.24738889932632446,0.015257353894412518,0.44276922941207886,0.2782262861728668,0.011736562475562096,0.000762314535677433,0.4785674810409546,1.0,0.0,0.7669463753700256,0.3609600067138672,0.00046617473708465695,0.018581999465823174,0.0,0.0,0.3482730984687805,0.032069358974695206,0.0003263888065703213,1.2135670185089111,0.0,0.0
853,2.5584068298339844,0.16568529605865479,26.46695899963379,6.483242511749268,0.7882165312767029,58.57365417480469,1.2818914651870728,1.2800394296646118,112.87,0.9666014313697815,0.14898090064525604,0.03490205481648445,3.75730562210083,0.0,0.0,0.35264354944229126,0.00018615313456393778,0.0016660952242091298,0.9184920787811279,0.0,0.0,1.0088621377944946,0.5440769195556641,0.013929523527622223,0.18663005530834198,0.010195099748671055,0.33397501707077026,0.30937960743904114,0.03217842057347298,0.0005202718893997371,0.8385555148124695,1.0,0.0,0.9239100217819214,0.15707354247570038,0.0006288417498581111,0.01934082992374897,0.0,0.0,0.34014326333999634,0.09508420526981354,2.4785776986391284e-05,1.2951892614364624,0.0,0.0
854,2.65244460105896,0.8124500513076782,18.98146629333496,3.6741456985473633,0.6666910648345947,40.9160270690918,1.0175459384918213,1.0174059867858887,13.52,0.7773260474205017,0.008280741050839424,0.07893235981464386,21.749561309814453,0.0,0.0,0.3359605669975281,3.076716893701814e-05,0.0018669795244932175,0.6244928240776062,0.0,0.0,1.030556321144104,0.5855514407157898,0.014005889184772968,0.17883500456809998,0.009631418623030186,0.2982349395751953,0.2952924370765686,0.024221856147050858,0.00044136607903055847,0.7649916410446167,1.0,0.0,0.9788228869438171,0.16054385900497437,0.0006358764949254692,0.021037457510828972,0.0,0.0,0.3435646593570709,0.07781403511762619,3.9342790842056274e-05,1.2829771041870117,0.0,0.0
855,1.7819242477416992,0.726414144039154,24.263317108154297,7.638476848602295,0.5670996904373169,51.27820587158203,1.1728407144546509,1.1732863187789917,32.38,0.8312498927116394,0.007047866005450487,0.07208289206027985,15.041765213012695,0.0,0.0,0.33357179164886475,3.169711271766573e-05,0.004846442956477404,0.6535739898681641,0.0,0.0,1.0655981302261353,0.43832582235336304,0.019852517172694206,0.34528467059135437,0.018728839233517647,0.6345731616020203,0.2861306369304657,0.017382372170686722,0.0008137025288306177,0.5486739873886108,1.0,0.0,0.8653395175933838,0.22056524455547333,0.0005568800843320787,0.01976655051112175,0.0,0.0,0.34473249316215515,0.05484142154455185,6.475389091065153e-05,1.2865012884140015,0.0,0.0
856,3.8126299381256104,0.1061917319893837,34.380226135253906,3.1489062309265137,0.5556873679161072,50.156463623046875,1.1266571283340454,1.1264562606811523,15.83,1.000380277633667,0.1540539562702179,0.017896154895424843,2.4594132900238037,0.0,0.0,0.3483195900917053,0.00015402527060359716,0.005686257500201464,0.9616571664810181,0.0,0.0,1.0360243320465088,0.41844820976257324,0.01595643162727356,0.18382218480110168,0.011211927980184555,0.31123343110084534,0.29057827591896057,0.01933874748647213,0.0005505959852598608,0.6275940537452698,1.0,0.0,0.774288535118103,0.2836650013923645,0.0005179818253964186,0.017790639773011208,0.0,0.0,0.34634464979171753,0.05744146555662155,0.00012195938325021416,1.2668617963790894,0.0,0.0
857,1.065658450126648,0.2963925004005432,20.545198440551758,4.000205039978027,0.5878638029098511,51.216922760009766,1.066401720046997,1.0657567977905273,56.75,0.8674629926681519,0.06873095035552979,0.05534755066037178,5.873965263366699,0.0,0.0,0.35222557187080383,0.00018726415873970836,0.0038762043695896864,0.853918194770813,0.0,0.0,1.055971384048462,0.5619388818740845,0.0163924228399992,0.21766380965709686,0.01201260183006525,0.36897188425064087,0.28913742303848267,0.020937226712703705,0.0005291932029649615,0.6567548513412476,1.0,0.0,0.8628041744232178,0.20823632180690765,0.0005728223477490246,0.019313005730509758,0.0,0.0,0.3450891077518463,0.06694300472736359,5.501266059582122e-05,1.2897894382476807,0.0,0.0
858,1.0051406621932983,0.5036895275115967,38.79874801635742,7.286131381988525,0.49471527338027954,57.77661895751953,1.2408936023712158,1.2400068044662476,57.63,0.8339255452156067,0.014045575633645058,0.06859687715768814,8.751900672912598,0.0,0.0,0.33353254199028015,6.522867624880746e-05,0.004326520953327417,0.7456725239753723,0.0,0.0,1.0342273712158203,0.32503533363342285,0.02067555859684944,0.3391282856464386,0.02022639289498329,0.6370952129364014,0.28151965141296387,0.013232963159680367,0.0009604506776668131,0.4594877064228058,1.0,0.0,0.7918239831924438,0.2928573489189148,0.0005083261057734489,0.018753185868263245,0.0,0.0,0.3469521701335907,0.04526428505778313,0.00012306268035899848,1.2721577882766724,0.0,0.0
859,2.8499646186828613,0.20392270386219025,28.57248306274414,5.493068695068359,0.6374266147613525,49.92635726928711,1.2136224508285522,1.2130205631256104,40.88,0.9864169359207153,0.10559631884098053,0.0316595695912838,4.045289993286133,0.0,0.0,0.3381142020225525,0.0001305823534494266,0.004648599773645401,0.8943207859992981,0.0,0.0,1.0388200283050537,0.47490817308425903,0.016972897574305534,0.2373957633972168,0.013552868738770485,0.4245724081993103,0.29614925384521484,0.02265988476574421,0.0006412846269086003,0.6620845198631287,1.0,0.0,0.8230253458023071,0.2343904823064804,0.0005484687280841172,0.018467210233211517,0.0,0.0,0.3433966338634491,0.06386881321668625,7.621556869708002e-05,1.2788887023925781,0.0,0.0
860,1.4216208457946777,0.9750979542732239,23.712129592895508,5.727749824523926,0.7013007998466492,44.04805374145508,1.2043410539627075,1.204654335975647,21.59,0.6176392436027527,0.03166557103395462,0.10631638765335083,24.88079261779785,0.0,0.0,0.37872979044914246,9.217471233569086e-05,0.0019638848025351763,0.5573586821556091,0.0,0.0,0.9525774717330933,0.5745271444320679,0.01580921746790409,0.2210603803396225,0.011956621892750263,0.38759374618530273,0.30039259791374207,0.02710789255797863,0.0005574219394475222,0.7434046864509583,1.0,0.0,1.0045015811920166,0.14471600949764252,0.0006562534836120903,0.021480806171894073,0.0,0.0,0.3421165645122528,0.07785288989543915,4.080011785845272e-05,1.2808014154434204,0.0,0.0
861,5.242523193359375,0.19807647168636322,42.34126663208008,4.137875080108643,0.47369101643562317,53.74064636230469,1.1478604078292847,1.1474279165267944,32.84,1.068408727645874,0.094184011220932,0.017944281920790672,3.2971534729003906,0.0,0.0,0.312283992767334,4.766810525325127e-05,0.008415347896516323,0.9262906312942505,0.0,0.0,1.0552334785461426,0.2673202455043793,0.017514271661639214,0.23538431525230408,0.0144725376740098,0.41950467228889465,0.28162577748298645,0.013495076447725296,0.0007240354898385704,0.5102256536483765,1.0,0.0,0.7117695808410645,0.3855855166912079,0.0004576483042910695,0.017168106511235237,0.0,0.0,0.3478356897830963,0.03906950727105141,0.00023378778132610023,1.2423088550567627,0.0,0.0
862,1.2182788848876953,0.9112070202827454,20.747039794921875,5.30136251449585,0.4157606363296509,49.053829193115234,1.0030157566070557,1.0047677755355835,173.85,0.6992499232292175,0.011771234683692455,0.0779523253440857,18.07029914855957,0.0,0.0,0.3776938021183014,4.600409738486633e-05,0.006579349283128977,0.6199064254760742,0.0,0.0,1.1200342178344727,0.37959542870521545,0.019416242837905884,0.33477160334587097,0.017444662749767303,0.5788405537605286,0.26944470405578613,0.011142545379698277,0.0007313722744584084,0.46336910128593445,1.0,0.0,0.8193946480751038,0.26130515336990356,0.0005238176672719419,0.01964123547077179,0.0,0.0,0.3496881425380707,0.043812345713377,7.733017991995439e-05,1.293161153793335,0.0,0.0
863,4.8840484619140625,0.40207523107528687,22.571931838989258,3.053414821624756,0.71596360206604,44.67053985595703,1.023232340812683,1.0219752788543701,120.21,1.0841505527496338,0.04804586246609688,0.03824184462428093,9.377921104431152,0.0,0.0,0.29421335458755493,2.6756497391033918e-05,0.0015140543691813946,0.8023297190666199,0.0,0.0,1.077555775642395,0.5611684322357178,0.012647099792957306,0.13746576011180878,0.007380069699138403,0.22457058727741241,0.3022037148475647,0.027240069583058357,0.00036553293466567993,0.8437370657920837,1.0,0.0,0.9679121971130371,0.15282051265239716,0.000640488404314965,0.020294098183512688,0.0,0.0,0.34279578924179077,0.0936979278922081,3.732361801667139e-05,1.2843067646026611,0.0,0.0
864,2.7222890853881836,0.6814167499542236,26.40131950378418,4.0130228996276855,0.41516241431236267,40.64078903198242,1.0117504596710205,1.010705590248108,102.18,0.8920096755027771,0.006256036926060915,0.05542822554707527,11.253837585449219,0.0,0.0,0.3280479609966278,6.123102593846852e-06,0.00849245861172676,0.6964907646179199,0.0,0.0,1.1288866996765137,0.33984604477882385,0.017750322818756104,0.2642592489719391,0.015005674213171005,0.45005103945732117,0.2732168436050415,0.01167217455804348,0.0006839108536951244,0.47617408633232117,1.0,0.0,0.7679697871208191,0.31481051445007324,0.00048617261927574873,0.01864641159772873,0.0,0.0,0.3510441184043884,0.039862260222435,0.00014627604105044156,1.270880937576294,0.0,0.0
865,4.832658290863037,0.4362753927707672,28.81709861755371,7.855705738067627,0.5015503764152527,50.56263732910156,1.1528937816619873,1.1515699625015259,99.71,1.1201874017715454,0.034177735447883606,0.029491815716028214,7.4531354904174805,0.0,0.0,0.2935330271720886,8.15656107988616e-07,0.009648509323596954,0.7796393036842346,0.0,0.0,1.166070818901062,0.2729523479938507,0.02089907042682171,0.3787510395050049,0.02044154331088066,0.7082157135009766,0.28036728501319885,0.01322622038424015,0.0009011918446049094,0.47649818658828735,1.0,0.0,0.7576448917388916,0.31610384583473206,0.00048227683873847127,0.018140124157071114,0.0,0.0,0.3463122546672821,0.041034504771232605,0.00013254657096695155,1.275496244430542,0.0,0.0
866,2.8179962635040283,0.9890889525413513,20.03091812133789,7.538905620574951,0.7428163886070251,46.32616424560547,1.165743112564087,1.1679826974868774,164.49,0.6826022863388062,0.037604160606861115,0.08292414993047714,27.557086944580078,0.0,0.0,0.37373796105384827,7.572388858534396e-05,0.0014343750663101673,0.5593248009681702,0.0,0.0,0.9750483632087708,0.5500306487083435,0.015471771359443665,0.24670809507369995,0.012598820962011814,0.4486541450023651,0.30135616660118103,0.02749892883002758,0.0005783800152130425,0.7687845230102539,1.0,0.0,1.005465030670166,0.1422858089208603,0.0006566723459400237,0.021307509392499924,0.0,0.0,0.34112632274627686,0.08279489725828171,3.2180079870158806e-05,1.2860407829284668,0.0,0.0
867,5.2353515625,0.4109956920146942,35.27782440185547,5.751657485961914,0.4980884790420532,55.06443786621094,1.1652848720550537,1.1633126735687256,145.49,1.106726050376892,0.035649530589580536,0.02875814028084278,7.350637912750244,0.0,0.0,0.29301002621650696,8.525184966856614e-07,0.008420352824032307,0.801179051399231,0.0,0.0,1.140929937362671,0.29896852374076843,0.019167814403772354,0.2951054573059082,0.017100894823670387,0.5408348441123962,0.28282520174980164,0.014189740642905235,0.0008146747713908553,0.49950844049453735,1.0,0.0,0.7636693716049194,0.31837448477745056,0.0004905637470073998,0.018195558339357376,0.0,0.0,0.3468570113182068,0.04252024367451668,0.0001533618924440816,1.2688353061676025,0.0,0.0
868,2.8623340129852295,0.26022422313690186,30.61280632019043,3.6473982334136963,0.5157926678657532,49.80921173095703,1.1044597625732422,1.1025700569152832,155.18,0.9928462505340576,0.07435774058103561,0.033018313348293304,5.148314476013184,0.0,0.0,0.3316822648048401,0.00011996539251413196,0.006427203305065632,0.8749850988388062,0.0,0.0,1.0773036479949951,0.3904714286327362,0.016922274604439735,0.21518616378307343,0.012779954820871353,0.37069377303123474,0.2856377363204956,0.016971394419670105,0.0006170105189085007,0.5734128355979919,1.0,0.0,0.7924574613571167,0.2806798815727234,0.0005256073200143874,0.01844278909265995,0.0,0.0,0.3476329445838928,0.05345551669597626,0.000103034071798902,1.2759894132614136,0.0,0.0
869,1.7484965324401855,0.28648340702056885,32.94868087768555,4.937852382659912,0.4731657803058624,45.43663024902344,1.1442129611968994,1.1418472528457642,181.07,0.9171250462532043,0.060116108506917953,0.043024204671382904,4.379443168640137,0.0,0.0,0.3425927460193634,0.00011221954628126696,0.008218296803534031,0.8621701598167419,0.0,0.0,1.045059084892273,0.31046393513679504,0.018684614449739456,0.27502259612083435,0.01613347791135311,0.48903733491897583,0.2807895243167877,0.014025934040546417,0.0007618341478519142,0.49487388134002686,1.0,0.0,0.7481427788734436,0.3255216181278229,0.00048350528231821954,0.017984634265303612,0.0,0.0,0.34876224398612976,0.04193471372127533,0.00017778707842808217,1.2604210376739502,0.0,0.0
870,4.038997650146484,0.24672821164131165,40.10609817504883,4.030033588409424,0.47949692606925964,41.73696517944336,1.1059144735336304,1.104066014289856,151.39,0.9445385336875916,0.0732003003358841,0.029270002618432045,3.450814723968506,0.0,0.0,0.3186081051826477,4.8596702981740236e-05,0.00852165650576353,0.8969653844833374,0.0,0.0,0.9797521233558655,0.2407587319612503,0.017107928171753883,0.22973892092704773,0.01422304380685091,0.40828368067741394,0.28260350227355957,0.013667052611708641,0.000699170574080199,0.5168336033821106,1.0,0.0,0.710731565952301,0.40790215134620667,0.0004417827585712075,0.017236188054084778,0.0,0.0,0.3476356565952301,0.03318645432591438,0.0003299462841823697,1.2101855278015137,0.0,0.0
871,5.093132972717285,0.871536910533905,22.326650619506836,4.006641864776611,0.6998007297515869,62.999935150146484,1.0509703159332275,1.0532655715942383,207.35,0.8532587289810181,0.0142785320058465,0.056938063353300095,24.86605453491211,0.0,0.0,0.3390674591064453,1.0485347957001068e-05,0.0009900382719933987,0.6067689657211304,0.0,0.0,1.0543596744537354,0.5694329142570496,0.013920211233198643,0.1738836169242859,0.009232308715581894,0.2979160249233246,0.2990986704826355,0.02608918398618698,0.00043585302773863077,0.7947598099708557,1.0,0.0,1.032474398612976,0.13112831115722656,0.0006774067296646535,0.02156739868223667,0.0,0.0,0.34240803122520447,0.09268995374441147,2.7342064640833996e-05,1.2894617319107056,0.0,0.0
872,5.974216938018799,0.34235823154449463,27.544126510620117,4.437465190887451,0.5983968377113342,60.73139572143555,1.1100975275039673,1.1123197078704834,179.97,1.1737096309661865,0.05776553601026535,0.026006022468209267,7.6328301429748535,0.0,0.0,0.2911513149738312,1.862474891822785e-05,0.003965115174651146,0.8324127197265625,0.0,0.0,1.1407309770584106,0.48240408301353455,0.016549482941627502,0.22166560590267181,0.01259901188313961,0.3923691213130951,0.2921946346759796,0.020161239430308342,0.0005975482054054737,0.6479588150978088,1.0,0.0,0.8498772978782654,0.22472327947616577,0.0005636142450384796,0.0190363097935915,0.0,0.0,0.3448653221130371,0.06541044265031815,5.304596561472863e-05,1.2905197143554688,0.0,0.0
873,2.6091272830963135,0.2364884316921234,37.89778137207031,6.825000286102295,0.4574545919895172,55.144046783447266,1.1977442502975464,1.1966733932495117,74.71,0.9986497163772583,0.07082010805606842,0.028134167194366455,3.79459547996521,0.0,0.0,0.33362600207328796,8.553376392228529e-05,0.008584613911807537,0.8832753300666809,0.0,0.0,1.0727710723876953,0.24012459814548492,0.020589035004377365,0.3419491648674011,0.01998656801879406,0.6378591060638428,0.27800115942955017,0.011587709188461304,0.0009504734771326184,0.43591538071632385,1.0,0.0,0.7046285271644592,0.3835519254207611,0.0004554765182547271,0.017235523089766502,0.0,0.0,0.34817081689834595,0.038210429251194,0.00016364494513254613,1.2653582096099854,0.0,0.0
874,5.478905200958252,0.0362127311527729,23.32056999206543,6.986057758331299,0.7358099222183228,42.878013610839844,1.203688383102417,1.2028526067733765,57.72,1.103562593460083,0.22692377865314484,0.016777703538537025,1.51080322265625,0.0,0.0,0.3399996757507324,8.81742307683453e-05,0.005660818889737129,1.0105507373809814,0.0,0.0,1.043000340461731,0.5151606202125549,0.015397786162793636,0.2334623485803604,0.012275639921426773,0.41444578766822815,0.30387645959854126,0.027182864025235176,0.000582316773943603,0.7668218612670898,1.0,0.0,0.7903358936309814,0.2319611757993698,0.0005262997001409531,0.017478832975029945,0.0,0.0,0.34179097414016724,0.06963637471199036,8.343337685801089e-05,1.278342843055725,0.0,0.0
875,2.3495538234710693,0.02965305559337139,22.28293228149414,7.598682403564453,0.7255389094352722,50.62849044799805,1.2383116483688354,1.2365580797195435,114.52,0.9168328642845154,0.23709701001644135,0.021605459973216057,1.3954437971115112,0.0,0.0,0.38603997230529785,0.00019824143964797258,0.0047732084058225155,0.9973945617675781,0.0,0.0,1.001966953277588,0.5632137656211853,0.01659720577299595,0.2552696764469147,0.013572020456194878,0.45419755578041077,0.30219051241874695,0.02771054580807686,0.0006130211404524744,0.7367626428604126,1.0,0.0,0.7939961552619934,0.21788066625595093,0.0005345862591639161,0.017548980191349983,0.0,0.0,0.3414553701877594,0.07361383736133575,6.33631570963189e-05,1.2876570224761963,0.0,0.0
876,5.8900532722473145,0.15667478740215302,29.14988136291504,3.353564977645874,0.6931203007698059,47.3093376159668,1.1283305883407593,1.1270301342010498,102.26,1.1157152652740479,0.15128934383392334,0.022499974817037582,3.584247589111328,0.0,0.0,0.3143848478794098,7.629059109603986e-05,0.002552247839048505,0.9376948475837708,0.0,0.0,1.052751898765564,0.5844809412956238,0.01378681045025587,0.15166708827018738,0.0086916359141469,0.253940224647522,0.3026609420776367,0.026427214965224266,0.0004338562721386552,0.7946925759315491,1.0,0.0,0.8679670095443726,0.19815634191036224,0.0005816295742988586,0.018754078075289726,0.0,0.0,0.3428787589073181,0.08030376583337784,6.286048301262781e-05,1.2764475345611572,0.0,0.0
877,4.747592449188232,0.15061870217323303,30.644506454467773,4.106517791748047,0.5776183605194092,41.266937255859375,1.1402409076690674,1.1366175413131714,279.58,1.0467458963394165,0.13184672594070435,0.021153980866074562,2.6297266483306885,0.0,0.0,0.32522568106651306,7.880656630732119e-05,0.0076494221575558186,0.9368306398391724,0.0,0.0,1.0333666801452637,0.375062495470047,0.016473982483148575,0.21388933062553406,0.01254794280976057,0.37227120995521545,0.29172655940055847,0.01949838362634182,0.0005976823740638793,0.6265504956245422,1.0,0.0,0.7655118703842163,0.2952858805656433,0.0004994416958652437,0.017685355618596077,0.0,0.0,0.3453349173069,0.05099451541900635,0.0001847869425546378,1.2530357837677002,0.0,0.0
878,1.0321624279022217,0.32934853434562683,25.42783546447754,2.3479201793670654,0.5773454308509827,55.401885986328125,1.0301291942596436,1.0300627946853638,6.26,0.8484647274017334,0.059776727110147476,0.06189139559864998,7.5375800132751465,0.0,0.0,0.353098064661026,0.00023463893739972264,0.0019125575199723244,0.8375376462936401,0.0,0.0,1.047473430633545,0.6596770286560059,0.0149863101541996,0.15382613241672516,0.009178469888865948,0.24355687201023102,0.2910756468772888,0.0219709575176239,0.00042812051833607256,0.686907172203064,1.0,0.0,0.9162986874580383,0.1817164272069931,0.0006184953381307423,0.020069440826773643,0.0,0.0,0.3462601900100708,0.07997354865074158,3.33345087710768e-05,1.2945219278335571,0.0,0.0
879,1.020975112915039,0.48282724618911743,19.153284072875977,8.080434799194336,0.6488574147224426,56.524681091308594,1.1612576246261597,1.1583000421524048,219.88,0.868716299533844,0.022723393514752388,0.07166039198637009,8.156658172607422,0.0,0.0,0.330477237701416,8.806271216599271e-05,0.0034837753046303988,0.7598881721496582,0.0,0.0,1.0547125339508057,0.53423672914505,0.01860199309885502,0.32332396507263184,0.016556227579712868,0.5822486877441406,0.29230886697769165,0.02193012274801731,0.0006952910334803164,0.6415182948112488,1.0,0.0,0.8845638632774353,0.19452574849128723,0.0005741905188187957,0.019676536321640015,0.0,0.0,0.34235018491744995,0.06320510059595108,6.293045589700341e-05,1.2866886854171753,0.0,0.0
880,4.637704372406006,0.4791063070297241,25.895477294921875,2.659663200378418,0.7563457489013672,52.984039306640625,1.048689365386963,1.0469932556152344,154.48,1.0848662853240967,0.029440144076943398,0.04389742761850357,11.827804565429688,0.0,0.0,0.29445818066596985,2.1932848540018313e-05,0.000967930187471211,0.7631624341011047,0.0,0.0,1.070504069328308,0.5366790890693665,0.011637202464044094,0.11131726950407028,0.005884858779609203,0.17634625732898712,0.3070632219314575,0.03077646531164646,0.00030317247728817165,0.9099966883659363,1.0,0.0,1.0377161502838135,0.11978033930063248,0.0006933641852810979,0.020920109003782272,0.0,0.0,0.341755211353302,0.0957711786031723,2.128174492099788e-05,1.2927690744400024,0.0,0.0
881,2.0537145137786865,0.7666832208633423,21.40016746520996,8.658150672912598,0.5504376888275146,59.26810836791992,1.1312564611434937,1.1288201808929443,190.78,0.8253129124641418,0.006964433938264847,0.06959477066993713,15.093183517456055,0.0,0.0,0.33662649989128113,2.1820658730575815e-05,0.004111428279429674,0.6451959609985352,0.0,0.0,1.090839147567749,0.4085559844970703,0.020785100758075714,0.397794246673584,0.02038555033504963,0.7292293906211853,0.2821614146232605,0.015794090926647186,0.0008366024121642113,0.5275459885597229,1.0,0.0,0.8624318838119507,0.22263391315937042,0.0005501759005710483,0.019813472405076027,0.0,0.0,0.3443433344364166,0.051715441048145294,6.971569382585585e-05,1.2877426147460938,0.0,0.0
882,2.9852206707000732,0.8848097324371338,36.52586364746094,2.782632827758789,0.5744926929473877,47.39923095703125,1.1227045059204102,1.1226505041122437,4.28,0.7022250294685364,0.014422495849430561,0.08322005718946457,21.461639404296875,0.0,0.0,0.35368210077285767,3.812492286670022e-05,0.0021228438708931208,0.6053455471992493,0.0,0.0,0.9664948582649231,0.5727387070655823,0.015177403576672077,0.16540618240833282,0.01015761960297823,0.27611759305000305,0.29256635904312134,0.020466327667236328,0.0004990368615835905,0.6608470678329468,1.0,0.0,0.9341598153114319,0.1987481415271759,0.0006014803657308221,0.02072029933333397,0.0,0.0,0.3454256057739258,0.06096753850579262,9.469439828535542e-05,1.252946138381958,0.0,0.0
883,2.192260503768921,0.41432973742485046,25.582773208618164,7.221502780914307,0.4309459626674652,44.50270462036133,1.099470615386963,1.1004303693771362,79.33,1.027189016342163,0.03412090614438057,0.039194256067276,5.920067310333252,0.0,0.0,0.31959906220436096,3.189440394635312e-05,0.010572465136647224,0.7973983883857727,0.0,0.0,1.1558018922805786,0.2499205768108368,0.02125827968120575,0.39849603176116943,0.020926550030708313,0.7216370701789856,0.2722039818763733,0.010527580976486206,0.0008954247459769249,0.429884672164917,1.0,0.0,0.7243059873580933,0.34927091002464294,0.00046081235632300377,0.01780613325536251,0.0,0.0,0.34909987449645996,0.03671547397971153,0.00012248390703462064,1.2786749601364136,0.0,0.0
884,5.574759006500244,0.08590023219585419,31.328588485717773,9.891560554504395,0.6519650816917419,58.8299560546875,1.2925286293029785,1.2915029525756836,61.44,1.1649866104125977,0.1739664226770401,0.014092418365180492,2.955568313598633,0.0,0.0,0.3241538107395172,6.825260061305016e-05,0.009864837862551212,0.9669557809829712,0.0,0.0,1.0637367963790894,0.3798004388809204,0.020126499235630035,0.3343007266521454,0.019058313220739365,0.626593291759491,0.29687264561653137,0.021293720230460167,0.000856194004882127,0.5958735346794128,1.0,0.0,0.7526688575744629,0.27433279156684875,0.0004987399443052709,0.017204293981194496,0.0,0.0,0.34198591113090515,0.0571618415415287,0.00010434966679895297,1.280659794807434,0.0,0.0
885,5.934395790100098,0.12365531921386719,28.95682144165039,2.0582547187805176,0.6572649478912354,44.485904693603516,1.0087074041366577,1.010095238685608,136.21,1.0907896757125854,0.16914218664169312,0.021592028439044952,3.0248446464538574,0.0,0.0,0.32175272703170776,9.52093250816688e-05,0.0023110010661184788,0.9574083089828491,0.0,0.0,1.0476926565170288,0.6091101169586182,0.013278734870254993,0.12144458293914795,0.007223943248391151,0.18600216507911682,0.3000853955745697,0.025268828496336937,0.00035579537507146597,0.78992760181427,1.0,0.0,0.86678147315979,0.19876699149608612,0.0005810168222524226,0.018761903047561646,0.0,0.0,0.3442824184894562,0.08097662031650543,7.233255018945783e-05,1.271662950515747,0.0,0.0
886,1.1176952123641968,0.9960078001022339,28.47011375427246,7.0989990234375,0.6830832958221436,53.301727294921875,1.2811309099197388,1.279986023902893,69.82,0.5753924250602722,0.03415637090802193,0.11135111004114151,25.470273971557617,0.0,0.0,0.3883010745048523,0.0001183146596304141,0.0009085456840693951,0.5458807945251465,0.0,0.0,0.9305164217948914,0.5896115303039551,0.01754237897694111,0.2574637830257416,0.0146755650639534,0.47059398889541626,0.2998291552066803,0.025640413165092468,0.0006840303540229797,0.6798757314682007,1.0,0.0,1.00224769115448,0.1464516967535019,0.0006585269002243876,0.021484650671482086,0.0,0.0,0.34186041355133057,0.07860143482685089,3.3620632166275755e-05,1.285348892211914,0.0,0.0
887,1.9279977083206177,0.8483380675315857,30.7805233001709,2.6042304039001465,0.4825791120529175,57.34431076049805,1.0349178314208984,1.0356123447418213,64.8,0.721126139163971,0.006758970208466053,0.08237791061401367,22.918153762817383,0.0,0.0,0.35892152786254883,5.035861977376044e-05,0.0019530702847987413,0.6319250464439392,0.0,0.0,1.0595933198928833,0.5783767700195312,0.016055084764957428,0.17956724762916565,0.011097212322056293,0.2945637106895447,0.28298258781433105,0.01645076274871826,0.0005499208346009254,0.5730476379394531,1.0,0.0,0.9121143221855164,0.20807401835918427,0.0006033552344888449,0.020692262798547745,0.0,0.0,0.34926822781562805,0.06385946273803711,4.0400966099696234e-05,1.2909958362579346,0.0,0.0
888,5.34125280380249,0.46317002177238464,26.67506980895996,5.13029670715332,0.5961587429046631,42.601585388183594,1.1217377185821533,1.1214971542358398,19.12,1.070977807044983,0.02718549594283104,0.03769111633300781,8.339361190795898,0.0,0.0,0.2910182774066925,7.721365022916871e-07,0.005343251395970583,0.7724971771240234,0.0,0.0,1.1210055351257324,0.4203645586967468,0.016917333006858826,0.24804946780204773,0.013734151609241962,0.44127801060676575,0.291070818901062,0.01929118111729622,0.0006345364381559193,0.6288820505142212,1.0,0.0,0.8324278593063354,0.24506597220897675,0.0005326128448359668,0.018987935036420822,0.0,0.0,0.3446539640426636,0.0526716522872448,0.00011903177801286802,1.2681210041046143,0.0,0.0
889,5.739192008972168,0.5329418182373047,33.57676315307617,3.0109691619873047,0.48471859097480774,47.553138732910156,1.0453546047210693,1.0455076694488525,14.01,1.027524709701538,0.014920474961400032,0.037745293229818344,10.370667457580566,0.0,0.0,0.29656752943992615,9.531860882816545e-07,0.0056298114359378815,0.7539973855018616,0.0,0.0,1.1166014671325684,0.3929602801799774,0.016215048730373383,0.19501154124736786,0.011950161308050156,0.3328016996383667,0.28300386667251587,0.01507670246064663,0.0005916714435443282,0.5569409728050232,1.0,0.0,0.8174856901168823,0.2760123610496521,0.0005226698121987283,0.01910167932510376,0.0,0.0,0.34846481680870056,0.04760727658867836,0.00015645612438675016,1.2591845989227295,0.0,0.0
890,3.8662142753601074,0.003562253201380372,23.612340927124023,2.3773751258850098,0.7802674770355225,50.68486785888672,1.0227612257003784,1.0226078033447266,14.67,1.0148710012435913,0.24572516977787018,0.0125510198995471,1.1385053396224976,0.0,0.0,0.3788222074508667,0.00020007776038255543,0.0011903109261766076,1.0227643251419067,0.0,0.0,0.9952924847602844,0.5169820189476013,0.010886695235967636,0.09470638632774353,0.0047814929857850075,0.14373762905597687,0.3094234764575958,0.03337086737155914,0.00024722720263525844,0.9579635262489319,1.0,0.0,0.9249219298362732,0.13183829188346863,0.0006388159818015993,0.0185985304415226,0.0,0.0,0.3420145511627197,0.09677617996931076,2.02511073439382e-05,1.2970664501190186,0.0,0.0
891,2.1802761554718018,0.678265392780304,26.898700714111328,4.319785118103027,0.6099017262458801,54.39555740356445,1.1496224403381348,1.1525931358337402,224.2,0.8444221615791321,0.005411615129560232,0.07395786792039871,16.463327407836914,0.0,0.0,0.32586580514907837,3.99948148697149e-05,0.0020813290029764175,0.6736788749694824,0.0,0.0,1.051516056060791,0.629901647567749,0.016252683475613594,0.214302659034729,0.012307791039347649,0.3724631369113922,0.29328131675720215,0.021792011335492134,0.0005812384188175201,0.6635158658027649,1.0,0.0,0.9367296099662781,0.18148498237133026,0.0006160326302051544,0.020555365830659866,0.0,0.0,0.34447264671325684,0.07213746011257172,3.8598718674620613e-05,1.2886170148849487,0.0,0.0
892,4.6685590744018555,0.6520168781280518,26.74949836730957,6.464901924133301,0.5656493902206421,47.07572937011719,1.1418980360031128,1.1420025825500488,8.02,0.9929666519165039,0.009740983135998249,0.044124044477939606,12.255420684814453,0.0,0.0,0.30602648854255676,8.995963867164392e-07,0.006223764736205339,0.6857326626777649,0.0,0.0,1.118693470954895,0.40164780616760254,0.018665628507733345,0.30556485056877136,0.016702143475413322,0.5585843920707703,0.2869725227355957,0.01718503050506115,0.0007485456299036741,0.5665971636772156,1.0,0.0,0.8369790315628052,0.2441329061985016,0.0005333105218596756,0.019275588914752007,0.0,0.0,0.34497201442718506,0.050547871738672256,0.00010345878399675712,1.2754487991333008,0.0,0.0
893,3.5299463272094727,0.9568646550178528,27.160764694213867,9.239362716674805,0.5011043548583984,44.108924865722656,1.1595823764801025,1.1588279008865356,56.15,0.7516686320304871,0.027593955397605896,0.05477370694279671,18.188434600830078,0.0,0.0,0.3749317228794098,7.020698831183836e-05,0.006623419933021069,0.5725827217102051,0.0,0.0,1.0372262001037598,0.316551148891449,0.022186491638422012,0.43114808201789856,0.022730769589543343,0.8047884702682495,0.27839428186416626,0.013060502707958221,0.000948761822655797,0.46157023310661316,1.0,0.0,0.7952691912651062,0.275726318359375,0.0005024345591664314,0.018908051773905754,0.0,0.0,0.34636327624320984,0.04207727685570717,0.00013959206989966333,1.2732305526733398,0.0,0.0
894,2.2537713050842285,0.4084431529045105,38.552528381347656,7.50360107421875,0.5762822031974792,47.75093460083008,1.2837382555007935,1.2854766845703125,105.35,0.8855395913124084,0.0347573459148407,0.054661136120557785,6.122024059295654,0.0,0.0,0.3185078799724579,4.379849633551203e-05,0.0072180405259132385,0.781131386756897,0.0,0.0,0.977249026298523,0.3077397346496582,0.019609102979302406,0.30610623955726624,0.01868884265422821,0.5745564103126526,0.290020614862442,0.017084406688809395,0.0008776571485213935,0.532728374004364,1.0,0.0,0.7835113406181335,0.3003772795200348,0.0004923936212435365,0.01828991249203682,0.0,0.0,0.34310635924339294,0.04117295518517494,0.0002448871673550457,1.2365872859954834,0.0,0.0
895,5.408110618591309,0.9632095098495483,23.603607177734375,3.846259355545044,0.6950257420539856,70.7378921508789,1.0571613311767578,1.0574098825454712,22.23,0.7599310278892517,0.029326768592000008,0.05880989506840706,28.14472007751465,0.0,0.0,0.36388441920280457,3.8656769902445376e-05,0.0006720645469613373,0.5806252360343933,0.0,0.0,1.0110080242156982,0.5730605721473694,0.013949268497526646,0.17032264173030853,0.009131957776844501,0.28999456763267517,0.2990417778491974,0.02612282522022724,0.0004322015156503767,0.7916859984397888,1.0,0.0,1.055820345878601,0.12628497183322906,0.0006950583774596453,0.02197658084332943,0.0,0.0,0.34241703152656555,0.0939202681183815,2.8579985155374743e-05,1.2858264446258545,0.0,0.0
896,5.267034530639648,0.4817277491092682,15.214138984680176,9.373370170593262,0.7800031304359436,51.25290298461914,1.0013710260391235,1.0022245645523071,85.05,1.074978232383728,0.027734635397791862,0.04095824807882309,9.6185302734375,0.0,0.0,0.2883557081222534,6.883402079438383e-07,0.0025238979142159224,0.7830314636230469,0.0,0.0,1.1297061443328857,0.5223180651664734,0.014484886080026627,0.2734719216823578,0.012390903197228909,0.48410138487815857,0.30190202593803406,0.02703540027141571,0.0005356941255740821,0.8105931282043457,1.0,0.0,0.9301818609237671,0.16962271928787231,0.0005968480836600065,0.020085880532860756,0.0,0.0,0.34121841192245483,0.07148489356040955,5.076886372989975e-05,1.2870031595230103,0.0,0.0
897,5.664271831512451,0.5426798462867737,29.829442977905273,3.2249653339385986,0.5004767179489136,53.98051452636719,1.033199429512024,1.031333565711975,175.1,1.0632028579711914,0.015227793715894222,0.03565426170825958,12.196782112121582,0.0,0.0,0.2962941527366638,1.0893462558669853e-06,0.004312587436288595,0.7424767017364502,0.0,0.0,1.1626379489898682,0.43428879976272583,0.016374854370951653,0.20337748527526855,0.012140587903559208,0.3493495285511017,0.2834676206111908,0.01573268324136734,0.0005901752156205475,0.57161945104599,1.0,0.0,0.8409233689308167,0.2508002817630768,0.0005468837334774435,0.019393807277083397,0.0,0.0,0.34789562225341797,0.05418059602379799,8.272231934824958e-05,1.2807972431182861,0.0,0.0
898,4.394729137420654,0.7637309432029724,19.558574676513672,4.045199394226074,0.6651915311813354,40.45420455932617,1.0020413398742676,1.0047218799591064,266.25,0.863704264163971,0.003684829920530319,0.05880967900156975,19.317195892333984,0.0,0.0,0.3189471364021301,1.0086338306791731e-06,0.0016896759625524282,0.6437913775444031,0.0,0.0,1.0820845365524292,0.583844006061554,0.014154935255646706,0.19331686198711395,0.010163191705942154,0.3263791799545288,0.2946329414844513,0.0232118871062994,0.0004646645102184266,0.7537221312522888,1.0,0.0,0.9610855579376221,0.168510302901268,0.0006160118500702083,0.020829932764172554,0.0,0.0,0.343574583530426,0.07255379110574722,4.589319723891094e-05,1.2816792726516724,0.0,0.0
899,5.105605125427246,0.7340295314788818,38.703792572021484,7.391442775726318,0.4579083323478699,44.9964714050293,1.1737748384475708,1.1756818294525146,138.19,0.8647297024726868,0.009616182185709476,0.045085277408361435,11.932531356811523,0.0,0.0,0.32075369358062744,7.694504233768384e-07,0.00844972487539053,0.6639504432678223,0.0,0.0,1.0330042839050293,0.22051267325878143,0.020678222179412842,0.3620050251483917,0.021102773025631905,0.6824579834938049,0.2775266766548157,0.010856013745069504,0.0009756348445080221,0.42493611574172974,1.0,0.0,0.7340110540390015,0.38064253330230713,0.000444295845227316,0.01805434376001358,0.0,0.0,0.34706515073776245,0.029452897608280182,0.00028555101016536355,1.2261481285095215,0.0,0.0
900,2.122715473175049,0.701572060585022,18.468963623046875,5.729023456573486,0.5903621912002563,49.82147216796875,1.0539389848709106,1.0514581203460693,223.87,0.8570193648338318,0.005859686527401209,0.07037073373794556,14.523011207580566,0.0,0.0,0.32660728693008423,2.0642744857468642e-05,0.004323239903897047,0.6712624430656433,0.0,0.0,1.098649024963379,0.5467830300331116,0.017561310902237892,0.2850021421909332,0.014817420393228531,0.49754536151885986,0.2865085005760193,0.019154641777276993,0.000625502725597471,0.6245815753936768,1.0,0.0,0.8916913866996765,0.197943314909935,0.0005724395159631968,0.019994065165519714,0.0,0.0,0.34427782893180847,0.06048373878002167,6.04691740591079e-05,1.28683602809906,0.0,0.0
901,4.413693904876709,0.2806648313999176,38.81550979614258,5.834892749786377,0.4585886597633362,42.025917053222656,1.1389822959899902,1.1394368410110474,35.02,0.9902050495147705,0.06166880205273628,0.02717079408466816,3.8759098052978516,0.0,0.0,0.30820605158805847,2.4051156287896447e-05,0.010374863632023335,0.872669517993927,0.0,0.0,1.016498327255249,0.19719286262989044,0.019203588366508484,0.3046424686908722,0.018151555210351944,0.5611023902893066,0.27919483184814453,0.011680862866342068,0.0008651833049952984,0.45343050360679626,1.0,0.0,0.6851968169212341,0.4431120455265045,0.00042228621896356344,0.01694626174867153,0.0,0.0,0.3477402627468109,0.029282376170158386,0.0003129966207779944,1.215714931488037,0.0,0.0
902,2.5818190574645996,0.03659658133983612,28.598337173461914,3.579078197479248,0.46652960777282715,56.43044662475586,1.0644670724868774,1.0647506713867188,25.02,0.9773375391960144,0.18414083123207092,0.014781158417463303,1.540218472480774,0.0,0.0,0.3832017183303833,0.0002491172053851187,0.007547655142843723,1.0007922649383545,0.0,0.0,1.0955816507339478,0.38827836513519287,0.017534596845507622,0.22811882197856903,0.013250511139631271,0.39030924439430237,0.2802613377571106,0.01509841624647379,0.0006247080164030194,0.5304334759712219,1.0,0.0,0.7233638763427734,0.3155076503753662,0.000489796744659543,0.017141828313469887,0.0,0.0,0.34925076365470886,0.05469534546136856,8.381070074392483e-05,1.2909533977508545,0.0,0.0
903,1.958980679512024,0.9269228577613831,26.930341720581055,6.077615261077881,0.4322216212749481,59.04703140258789,1.0900050401687622,1.088832139968872,98.83,0.7023242115974426,0.013023083098232746,0.07308121770620346,22.74048614501953,0.0,0.0,0.3758803606033325,4.510922735789791e-05,0.004253949970006943,0.6060009002685547,0.0,0.0,1.0859768390655518,0.37124350666999817,0.020213183015584946,0.34737688302993774,0.01871294155716896,0.6284643411636353,0.27347031235694885,0.011647832579910755,0.0008387241396121681,0.44926324486732483,1.0,0.0,0.8372899293899536,0.25422167778015137,0.0005419847439043224,0.019840057939291,0.0,0.0,0.34911245107650757,0.04757469519972801,5.746608803747222e-05,1.2938660383224487,0.0,0.0
904,1.430699110031128,0.17703835666179657,24.208251953125,5.982861042022705,0.7094627618789673,42.042293548583984,1.2291852235794067,1.2280328273773193,76.34,0.8494195342063904,0.12784019112586975,0.046215858310461044,3.42223858833313,0.0,0.0,0.3658297061920166,0.00018238644406665117,0.004189466591924429,0.9064874649047852,0.0,0.0,0.98189377784729,0.573258101940155,0.01574495993554592,0.2225680947303772,0.012235110625624657,0.3888167440891266,0.3016451895236969,0.02734147384762764,0.0005743700894527137,0.7460210919380188,1.0,0.0,0.8417746424674988,0.20405027270317078,0.0005579889402724802,0.01849639229476452,0.0,0.0,0.34182047843933105,0.07008936256170273,7.779534644214436e-05,1.2746179103851318,0.0,0.0
905,4.341192722320557,0.529110312461853,27.88745880126953,5.9820876121521,0.6392819881439209,43.985496520996094,1.1935192346572876,1.193597435951233,5.49,1.0057847499847412,0.018589237704873085,0.046302374452352524,10.22144603729248,0.0,0.0,0.29686373472213745,8.78586433827877e-07,0.004387200810015202,0.7364863157272339,0.0,0.0,1.0836304426193237,0.46416905522346497,0.016995152458548546,0.25215697288513184,0.014149592258036137,0.4571833312511444,0.29543009400367737,0.021430859342217445,0.0006633407319895923,0.6549512147903442,1.0,0.0,0.8632121682167053,0.22191646695137024,0.0005527141038328409,0.019371790811419487,0.0,0.0,0.34304478764533997,0.05650997534394264,0.00010252742504235357,1.2667909860610962,0.0,0.0
906,1.7795363664627075,0.5464022755622864,25.58599281311035,3.5964419841766357,0.7013107538223267,41.57258987426758,1.1491055488586426,1.1468374729156494,172.11,0.8385258316993713,0.014840813353657722,0.07994867116212845,12.839125633239746,0.0,0.0,0.32201912999153137,8.36420658743009e-05,0.0018322620308026671,0.7231383919715881,0.0,0.0,0.9965387582778931,0.5749105215072632,0.01365850679576397,0.15818388760089874,0.008857031352818012,0.2655426859855652,0.30205070972442627,0.027231719344854355,0.00043831710354425013,0.80045086145401,1.0,0.0,0.9755889177322388,0.15979987382888794,0.0006406994652934372,0.020704543218016624,0.0,0.0,0.3424527943134308,0.08263164758682251,4.749074287246913e-05,1.2728285789489746,0.0,0.0
907,4.2711663246154785,0.6077796220779419,27.418500900268555,4.038788795471191,0.6495772004127502,49.55210494995117,1.1348202228546143,1.1324251890182495,186.37,0.9774808287620544,0.009802782908082008,0.05192378908395767,14.536101341247559,0.0,0.0,0.302247017621994,9.819360684559797e-07,0.0021573409903794527,0.703468918800354,0.0,0.0,1.1007250547409058,0.6085420846939087,0.01514321006834507,0.19031502306461334,0.010827391408383846,0.3283206820487976,0.2971029281616211,0.023383505642414093,0.0005229952512308955,0.7190907597541809,1.0,0.0,0.9328420162200928,0.1801277995109558,0.0006072986871004105,0.020335741341114044,0.0,0.0,0.3434513509273529,0.07096845656633377,5.193626566324383e-05,1.280510425567627,0.0,0.0
908,2.681253433227539,0.6343763470649719,44.34708023071289,5.643632888793945,0.5986576080322266,47.581939697265625,1.2708673477172852,1.2731775045394897,142.78,0.7580479979515076,0.0067204697988927364,0.07923879474401474,10.50442123413086,0.0,0.0,0.3148059844970703,5.975643944111653e-06,0.004601949360221624,0.688920795917511,0.0,0.0,0.9232941269874573,0.34371358156204224,0.017091862857341766,0.24089819192886353,0.015175215899944305,0.4460958242416382,0.2923942506313324,0.018225349485874176,0.0007295217365026474,0.5994247198104858,1.0,0.0,0.8384081721305847,0.2785802185535431,0.0005089963669888675,0.019154082983732224,0.0,0.0,0.3414950370788574,0.04017991945147514,0.00026521048857830465,1.2077122926712036,0.0,0.0
909,5.09999418258667,0.5169733762741089,37.49884796142578,7.75811767578125,0.6265299916267395,42.4203987121582,1.2760156393051147,1.276695728302002,41.75,0.9471943378448486,0.020919106900691986,0.04664565622806549,7.852830410003662,0.0,0.0,0.2912691831588745,5.673788336935104e-07,0.00793096050620079,0.7423675656318665,0.0,0.0,0.9863830208778381,0.3204399049282074,0.018607087433338165,0.2883978486061096,0.017580239102244377,0.5467299222946167,0.29498323798179626,0.019159069284796715,0.0008222023025155067,0.5859729051589966,1.0,0.0,0.7992001175880432,0.2857673764228821,0.0004886366077698767,0.018401626497507095,0.0,0.0,0.340864896774292,0.039329733699560165,0.00030805502319708467,1.217763066291809,0.0,0.0
910,5.515011787414551,0.3803810775279999,38.72027587890625,9.294283866882324,0.49007943272590637,58.93922805786133,1.2372711896896362,1.2386484146118164,89.87,1.133837103843689,0.044796232134103775,0.024600179865956306,6.30307674407959,0.0,0.0,0.2887757420539856,7.231660106299387e-07,0.010332911275327206,0.8080808520317078,0.0,0.0,1.1331830024719238,0.22315895557403564,0.022347014397382736,0.40512269735336304,0.023401668295264244,0.7763773798942566,0.28004199266433716,0.011719929985702038,0.0010699199046939611,0.4278581440448761,1.0,0.0,0.7166659235954285,0.3693845868110657,0.0004518216010183096,0.017422497272491455,0.0,0.0,0.34553828835487366,0.035608429461717606,0.00017551334167364985,1.2618108987808228,0.0,0.0
911,4.668120384216309,0.11832334846258163,34.801204681396484,1.8272342681884766,0.6406800150871277,40.7773323059082,1.0286266803741455,1.0284885168075562,13.06,0.9673636555671692,0.17154958844184875,0.023606617003679276,2.6630654335021973,0.0,0.0,0.33656999468803406,0.00011038110824301839,0.00307141593657434,0.9620423316955566,0.0,0.0,0.9783289432525635,0.5765697360038757,0.01321437582373619,0.1188541129231453,0.007136895786970854,0.179756298661232,0.2994464933872223,0.02449219301342964,0.00035070045851171017,0.7733597159385681,1.0,0.0,0.8359802961349487,0.2290775179862976,0.0005491254851222038,0.01833951286971569,0.0,0.0,0.3436700105667114,0.06638699024915695,0.00014688566443510354,1.2387522459030151,0.0,0.0
912,1.3921540975570679,0.4152313470840454,13.010963439941406,9.617408752441406,0.7133812308311462,51.377262115478516,1.0453004837036133,1.0447877645492554,46.95,0.928483784198761,0.04970811679959297,0.06231512129306793,5.656134605407715,0.0,0.0,0.3257690370082855,6.0301845223875716e-05,0.005293383728712797,0.8035987615585327,0.0,0.0,1.0791749954223633,0.5352822542190552,0.017608843743801117,0.339583158493042,0.015561221167445183,0.5842819213867188,0.29460039734840393,0.02496212162077427,0.0005969150806777179,0.7182058095932007,1.0,0.0,0.8710441589355469,0.17954950034618378,0.0005562667502090335,0.019164839759469032,0.0,0.0,0.34102946519851685,0.06374306231737137,9.726796997711062e-05,1.280523419380188,0.0,0.0
913,4.961115837097168,0.33557868003845215,25.7740421295166,4.8357415199279785,0.5139108300209045,45.25411605834961,1.0672706365585327,1.0701085329055786,248.48,1.1318461894989014,0.057684000581502914,0.02664937637746334,5.361083030700684,0.0,0.0,0.2985042929649353,2.0313063942012377e-05,0.008480503223836422,0.8350481986999512,0.0,0.0,1.1452200412750244,0.34142565727233887,0.017922239378094673,0.2712681293487549,0.01485572848469019,0.47575363516807556,0.28280436992645264,0.015544356778264046,0.0006711044115945697,0.5502492189407349,1.0,0.0,0.772614598274231,0.2960650324821472,0.0005002805264666677,0.018191155046224594,0.0,0.0,0.34709054231643677,0.047119054943323135,0.00013271273928694427,1.2751214504241943,0.0,0.0
914,1.1983524560928345,0.5973078012466431,26.971691131591797,6.509678840637207,0.5817715525627136,43.32584762573242,1.2002097368240356,1.2003778219223022,11.67,0.8278932571411133,0.010166638530790806,0.07652448117733002,10.053474426269531,0.0,0.0,0.3301825225353241,5.603994213743135e-05,0.006642136722803116,0.7021223306655884,0.0,0.0,1.0254868268966675,0.44292011857032776,0.018848849460482597,0.2971155643463135,0.016758635640144348,0.5331491827964783,0.2895899713039398,0.01903795823454857,0.0007541825762018561,0.5765172243118286,1.0,0.0,0.850845456123352,0.2299579381942749,0.0005457421648316085,0.01947379671037197,0.0,0.0,0.34484145045280457,0.05244693532586098,0.00010603288683341816,1.2713112831115723,0.0,0.0
915,5.755425930023193,0.4595598578453064,23.25033187866211,8.304545402526855,0.5709128379821777,58.213623046875,1.1094930171966553,1.1093971729278564,7.79,1.164431095123291,0.03195935860276222,0.030272329226136208,8.688129425048828,0.0,0.0,0.28756827116012573,8.218594871323148e-07,0.0075368513353168964,0.771579384803772,0.0,0.0,1.1944700479507446,0.3419555425643921,0.019913900643587112,0.37007132172584534,0.01893513835966587,0.6887543797492981,0.285102903842926,0.016108572483062744,0.0007998255314305425,0.5545752048492432,1.0,0.0,0.7962499260902405,0.2643890976905823,0.0005092668579891324,0.018488731235265732,0.0,0.0,0.34430405497550964,0.04897937923669815,9.305778075940907e-05,1.2864773273468018,0.0,0.0
916,2.606778144836426,0.8073566555976868,32.66902160644531,9.660750389099121,0.49860328435897827,51.8551025390625,1.2253237962722778,1.2237043380737305,108.0,0.8131027221679688,0.01331007294356823,0.0618729442358017,16.373510360717773,0.0,0.0,0.3419428765773773,2.2310221538646147e-05,0.006306735333055258,0.6174858808517456,0.0,0.0,1.0444122552871704,0.2970220148563385,0.02274477854371071,0.42413172125816345,0.023814165964722633,0.808937132358551,0.2801331877708435,0.01264935452491045,0.0010483021615073085,0.4379518926143646,1.0,0.0,0.7948862910270691,0.2861701250076294,0.0005024385172873735,0.018901797011494637,0.0,0.0,0.3460306227207184,0.04188871756196022,0.0001367666118312627,1.270982265472412,0.0,0.0
917,2.5918128490448,0.41344282031059265,39.401187896728516,2.158202886581421,0.7750921845436096,47.76630401611328,1.1223360300064087,1.1174628734588623,388.56,0.8400528430938721,0.04402833804488182,0.07407922297716141,8.30535888671875,0.0,0.0,0.3171851336956024,8.338584302691743e-05,0.0007833819254301488,0.7840332388877869,0.0,0.0,0.9696118831634521,0.5098465085029602,0.010553596541285515,0.10418860614299774,0.004624741151928902,0.15356315672397614,0.3095629811286926,0.0328691266477108,0.0002113944065058604,0.9567453265190125,1.0,0.0,1.0526238679885864,0.131184920668602,0.0006840509013272822,0.02116846852004528,0.0,0.0,0.33825674653053284,0.08774054795503616,6.046620546840131e-05,1.2473065853118896,0.0,0.0
918,2.8026607036590576,0.24549919366836548,44.89113998413086,1.7757405042648315,0.5510857701301575,49.08967590332031,1.0507285594940186,1.0528522729873657,191.97,0.8411936163902283,0.08361603319644928,0.04324786365032196,4.314419746398926,0.0,0.0,0.33778443932533264,0.00012005296593997627,0.0032299128361046314,0.8986402153968811,0.0,0.0,0.9610300660133362,0.431650310754776,0.013849252834916115,0.13716988265514374,0.008231444284319878,0.21396061778068542,0.2895878553390503,0.018718842417001724,0.00039973814273253083,0.6732926368713379,1.0,0.0,0.8301749229431152,0.2708547115325928,0.0005300731281749904,0.018809441477060318,0.0,0.0,0.34563547372817993,0.05057171732187271,0.00021346205903682858,1.2223048210144043,0.0,0.0
919,3.6929683685302734,0.4557363986968994,25.094371795654297,2.573312997817993,0.6008943319320679,45.90745544433594,1.0161503553390503,1.0186145305633545,238.07,1.0082234144210815,0.03128083422780037,0.045262377709150314,10.543636322021484,0.0,0.0,0.30508124828338623,4.3101546907564625e-05,0.002676890231668949,0.7748429775238037,0.0,0.0,1.0886138677597046,0.6129218339920044,0.014547258615493774,0.15524102747440338,0.009171801619231701,0.25148114562034607,0.29284703731536865,0.021596860140562057,0.00043721808469854295,0.7061825394630432,1.0,0.0,0.9077513217926025,0.19484952092170715,0.0005991911748424172,0.01993481256067753,0.0,0.0,0.3454320430755615,0.07213497161865234,5.7173005188815296e-05,1.279784083366394,0.0,0.0
920,5.399145126342773,0.6344903707504272,32.41840744018555,6.284590244293213,0.4095543622970581,48.50251770019531,1.092856526374817,1.0940250158309937,97.73,1.0273345708847046,0.011656432412564754,0.03434349596500397,10.148408889770508,0.0,0.0,0.30742064118385315,8.81957646470255e-07,0.009200421161949635,0.7061975598335266,0.0,0.0,1.1634368896484375,0.2522432804107666,0.020245317369699478,0.35759562253952026,0.01948617771267891,0.6509916186332703,0.2719332277774811,0.009749600663781166,0.0008893524063751101,0.4174237847328186,1.0,0.0,0.7348536849021912,0.3576478064060211,0.0004595749487634748,0.018135884776711464,0.0,0.0,0.3498128056526184,0.034467656165361404,0.00016592680185567588,1.2647629976272583,0.0,0.0
921,2.759119749069214,0.6159142255783081,28.809005737304688,9.706591606140137,0.5952392816543579,57.39490509033203,1.249955654144287,1.2509992122650146,66.74,0.9361265897750854,0.013565320521593094,0.055933501571416855,12.80999755859375,0.0,0.0,0.3131285011768341,1.5381263438030146e-05,0.004439107608050108,0.6890778541564941,0.0,0.0,1.0695159435272217,0.3913101255893707,0.021031616255640984,0.3738531172275543,0.020812703296542168,0.7081358432769775,0.2896527349948883,0.017876338213682175,0.0009206499089486897,0.5379931926727295,1.0,0.0,0.8449953198432922,0.2345074564218521,0.0005458974046632648,0.019266124814748764,0.0,0.0,0.34322988986968994,0.05424976348876953,7.143007678678259e-05,1.2835328578948975,0.0,0.0
922,2.949601173400879,0.36001724004745483,16.11972999572754,7.401978492736816,0.5851218104362488,57.68478012084961,1.0169349908828735,1.0172412395477295,29.6,1.0561445951461792,0.0562933087348938,0.03752502053976059,5.365235328674316,0.0,0.0,0.3111441731452942,3.8524474803125486e-05,0.007199072744697332,0.8247182369232178,0.0,0.0,1.1516990661621094,0.39941954612731934,0.01901089958846569,0.3545319736003876,0.0170410368591547,0.6222431063652039,0.2838406562805176,0.017579367384314537,0.0006703641847707331,0.5969604253768921,1.0,0.0,0.8012608289718628,0.24665048718452454,0.0005120242713019252,0.018435537815093994,0.0,0.0,0.34329256415367126,0.05014713853597641,0.00012114694254705682,1.2794997692108154,0.0,0.0
923,2.7863852977752686,0.7420300841331482,17.49976921081543,6.56514310836792,0.6513581275939941,49.55524444580078,1.0605077743530273,1.0555567741394043,442.28,0.8543195724487305,0.006549258250743151,0.0674118846654892,16.673917770385742,0.0,0.0,0.3242262303829193,1.3491862773662433e-05,0.0028920983895659447,0.6534547805786133,0.0,0.0,1.073566198348999,0.5763636231422424,0.016750715672969818,0.2820446789264679,0.014383598230779171,0.503203809261322,0.29143545031547546,0.021572072058916092,0.0006123288767412305,0.6806058287620544,1.0,0.0,0.9266901612281799,0.18051593005657196,0.0005951365455985069,0.0203817468136549,0.0,0.0,0.34280821681022644,0.06639262288808823,5.031230830354616e-05,1.2861697673797607,0.0,0.0
924,3.744093179702759,0.6906925439834595,40.91091537475586,3.1921534538269043,0.7742838859558105,54.8133430480957,1.2306182384490967,1.2285839319229126,134.55,0.836317241191864,0.007023531012237072,0.07799685001373291,15.478804588317871,0.0,0.0,0.30730122327804565,8.559031243748905e-07,0.0005867515574209392,0.6642679572105408,0.0,0.0,1.0076171159744263,0.5225407481193542,0.01149345189332962,0.12563259899616241,0.0064337532967329025,0.2049831598997116,0.3090789318084717,0.03157106786966324,0.00030855447403155267,0.9160897731781006,1.0,0.0,1.0883095264434814,0.12300832569599152,0.0006996135925874114,0.02190409041941166,0.0,0.0,0.33775264024734497,0.08912699669599533,4.550056473817676e-05,1.260386347770691,0.0,0.0
925,4.658905029296875,0.8945311307907104,21.446365356445312,4.116858959197998,0.7021377682685852,67.1821060180664,1.0488132238388062,1.0470935106277466,156.59,0.8178368806838989,0.01688055507838726,0.0628938153386116,24.887548446655273,0.0,0.0,0.3451755940914154,1.5578298189211637e-05,0.0008594225510023534,0.6013466119766235,0.0,0.0,1.0269598960876465,0.5670031905174255,0.013860275037586689,0.17557285726070404,0.009335587732493877,0.3060345947742462,0.29896804690361023,0.02593977190554142,0.00043576210737228394,0.7956605553627014,1.0,0.0,1.0310826301574707,0.13063330948352814,0.0006754334317520261,0.021483777090907097,0.0,0.0,0.3421303629875183,0.09311549365520477,3.164729059790261e-05,1.2843948602676392,0.0,0.0
926,3.5021378993988037,0.1874588578939438,42.660118103027344,4.3521342277526855,0.4102148413658142,50.752967834472656,1.118909478187561,1.1159800291061401,234.6,0.9889127016067505,0.08992919325828552,0.020980462431907654,2.8251237869262695,0.0,0.0,0.3340166509151459,7.605850260006264e-05,0.008875283412635326,0.9339150786399841,0.0,0.0,1.0377036333084106,0.2266131192445755,0.01793934404850006,0.2575564384460449,0.015748104080557823,0.46091994643211365,0.27476614713668823,0.010248160921037197,0.0007899160264059901,0.4473794400691986,1.0,0.0,0.6779861450195312,0.4385695457458496,0.0004295281833037734,0.01687253639101982,0.0,0.0,0.3506459593772888,0.03283654898405075,0.00025731962523423135,1.2343825101852417,0.0,0.0
927,2.5755648612976074,0.26750871539115906,25.910737991333008,5.97895622253418,0.7885819673538208,57.467559814453125,1.2608554363250732,1.2628860473632812,127.53,0.9808977842330933,0.0990108847618103,0.044120028614997864,6.140954971313477,0.0,0.0,0.33335304260253906,0.0001447446848032996,0.0014224494807422161,0.862723171710968,0.0,0.0,1.0204334259033203,0.5396665930747986,0.013497883453965187,0.1771680861711502,0.00954907201230526,0.31470051407814026,0.30928337574005127,0.032177992165088654,0.0004913715529255569,0.8531482815742493,1.0,0.0,0.9611181020736694,0.1458578258752823,0.0006502738106064498,0.019948510453104973,0.0,0.0,0.3402045667171478,0.09506016224622726,2.3261813112185337e-05,1.2944937944412231,0.0,0.0
928,4.3990254402160645,0.5877659916877747,28.66419219970703,2.805708408355713,0.5055295825004578,53.447853088378906,1.0161985158920288,1.0167272090911865,51.17,0.997665524482727,0.01110707875341177,0.044057849794626236,13.774813652038574,0.0,0.0,0.3054730296134949,1.1758527307392797e-06,0.003608125261962414,0.7225978374481201,0.0,0.0,1.15256929397583,0.48064637184143066,0.01593208685517311,0.18564634025096893,0.011196257546544075,0.3091629147529602,0.28415969014167786,0.0165043156594038,0.0005447608418762684,0.5897359848022461,1.0,0.0,0.8648930191993713,0.23486575484275818,0.0005646082572638988,0.019793013110756874,0.0,0.0,0.3479374945163727,0.05706368014216423,6.870644574519247e-05,1.2831244468688965,0.0,0.0
929,5.380914688110352,0.211187943816185,15.740768432617188,9.770402908325195,0.722080409526825,43.848060607910156,1.0282492637634277,1.0307611227035522,236.99,1.1345726251602173,0.11896970123052597,0.02526693418622017,4.608476638793945,0.0,0.0,0.3032147288322449,3.31085902871564e-05,0.005665169563144445,0.9151183366775513,0.0,0.0,1.1189918518066406,0.43658164143562317,0.016633497551083565,0.3266564607620239,0.015148679725825787,0.580903172492981,0.2969963550567627,0.02374344877898693,0.0006191867869347334,0.731499195098877,1.0,0.0,0.8250041604042053,0.2231488823890686,0.0005347738624550402,0.018438832834362984,0.0,0.0,0.3422048091888428,0.061316102743148804,7.50701583456248e-05,1.2869445085525513,0.0,0.0
930,5.007436752319336,0.8995927572250366,39.759368896484375,8.89065170288086,0.43595561385154724,40.8822135925293,1.1461302042007446,1.1470273733139038,68.24,0.7198476791381836,0.01955823041498661,0.048828866332769394,14.051610946655273,0.0,0.0,0.3608459234237671,4.041775900986977e-05,0.008526940830051899,0.602385401725769,0.0,0.0,0.9445008635520935,0.18263816833496094,0.022262118756771088,0.42224693298339844,0.02415601536631584,0.8001832365989685,0.2741018533706665,0.009113078005611897,0.0010736825643107295,0.382284551858902,1.0,0.0,0.7071787714958191,0.42224857211112976,0.0004186511505395174,0.01767459511756897,0.0,0.0,0.34719154238700867,0.025011640042066574,0.00034976075403392315,1.2055742740631104,0.0,0.0
931,2.716928720474243,0.48977890610694885,43.48286056518555,7.031706809997559,0.5091467499732971,52.51997375488281,1.2518972158432007,1.2521570920944214,16.58,0.8872966766357422,0.01959097571671009,0.05326531454920769,7.4120588302612305,0.0,0.0,0.3110615909099579,9.04045555216726e-06,0.006709275301545858,0.7561360597610474,0.0,0.0,1.0036027431488037,0.25278276205062866,0.019834211096167564,0.31622838973999023,0.019552117213606834,0.5986347794532776,0.2829037606716156,0.013053896836936474,0.0009349466417916119,0.4726203680038452,1.0,0.0,0.7538255453109741,0.35241419076919556,0.00046591091086156666,0.01807429827749729,0.0,0.0,0.3450983762741089,0.03488386049866676,0.0002709157997742295,1.2309678792953491,0.0,0.0
932,3.5664560794830322,0.19711393117904663,38.472633361816406,7.749622344970703,0.5651705265045166,57.84587478637695,1.2751452922821045,1.2762341499328613,66.91,1.0388177633285522,0.09637130796909332,0.022439230233430862,3.364685297012329,0.0,0.0,0.3258677124977112,7.547215500380844e-05,0.008072571828961372,0.8964460492134094,0.0,0.0,1.042298674583435,0.30264896154403687,0.020164307206869125,0.3197888135910034,0.019181489944458008,0.6030582785606384,0.2887606918811798,0.01670682616531849,0.0009057495626620948,0.519839882850647,1.0,0.0,0.7416360378265381,0.3206891715526581,0.00048403468099422753,0.017402447760105133,0.0,0.0,0.34376898407936096,0.046497538685798645,0.00016357535787392408,1.265284538269043,0.0,0.0
933,3.1020455360412598,0.5155730843544006,27.165285110473633,2.1826601028442383,0.6226072311401367,50.068023681640625,1.0193597078323364,1.020376443862915,97.75,0.9628914594650269,0.021572373807430267,0.05611567944288254,12.659051895141602,0.0,0.0,0.31071028113365173,5.410960875451565e-05,0.0018280366202816367,0.7452670931816101,0.0,0.0,1.0735875368118286,0.6317029595375061,0.013982133939862251,0.13547705113887787,0.008095938712358475,0.2113610804080963,0.2958323061466217,0.02369750663638115,0.00039136112900450826,0.7435098886489868,1.0,0.0,0.954136848449707,0.16819913685321808,0.0006346991285681725,0.020508263260126114,0.0,0.0,0.34491226077079773,0.08276169002056122,4.08057494496461e-05,1.2842332124710083,0.0,0.0
934,2.701002597808838,0.6885777115821838,24.058012008666992,2.9401438236236572,0.5986000895500183,58.60395431518555,1.0385934114456177,1.0389211177825928,30.37,0.8685426115989685,0.004672366194427013,0.06923225522041321,17.90880012512207,0.0,0.0,0.32333141565322876,2.8988450139877386e-05,0.0015608692774549127,0.6749292612075806,0.0,0.0,1.0730619430541992,0.6403111815452576,0.014942098408937454,0.17069827020168304,0.00998295471072197,0.2823430001735687,0.2918134033679962,0.021708190441131592,0.00046698859659954906,0.6944218277931213,1.0,0.0,0.9689874053001404,0.16488517820835114,0.0006388991023413837,0.02094312570989132,0.0,0.0,0.3449750542640686,0.07994739711284637,3.1538267649011686e-05,1.2911407947540283,0.0,0.0
935,4.124802112579346,0.12672658264636993,25.304052352905273,7.843456268310547,0.5754144191741943,47.78865432739258,1.1744340658187866,1.175353765487671,66.63,1.1278668642044067,0.14956490695476532,0.015749983489513397,2.4228529930114746,0.0,0.0,0.33104512095451355,7.702448056079447e-05,0.009981117211282253,0.9386822581291199,0.0,0.0,1.1055468320846558,0.3320348262786865,0.020083921030163765,0.3479720950126648,0.018412388861179352,0.6315569877624512,0.28782767057418823,0.0177303534001112,0.0007958785281516612,0.554786741733551,1.0,0.0,0.7278305292129517,0.3039569556713104,0.000476303044706583,0.01707354187965393,0.0,0.0,0.34457075595855713,0.04884743690490723,0.0001225308806169778,1.278457760810852,0.0,0.0
936,4.61383056640625,0.8899760842323303,27.683326721191406,3.85664439201355,0.44269615411758423,59.483306884765625,1.0083911418914795,1.0066567659378052,170.86,0.8152387738227844,0.012315942905843258,0.04869604483246803,24.386104583740234,0.0,0.0,0.3566942512989044,2.983396188938059e-05,0.00425256323069334,0.6144487857818604,0.0,0.0,1.1134792566299438,0.4235745668411255,0.017474528402090073,0.2477378398180008,0.014084674417972565,0.43327614665031433,0.27581194043159485,0.012923713773488998,0.0006656515179201961,0.5054234862327576,1.0,0.0,0.8526909947395325,0.24771243333816528,0.0005555117386393249,0.019894909113645554,0.0,0.0,0.34914520382881165,0.052076876163482666,6.249202851904556e-05,1.288572907447815,0.0,0.0
937,1.8164435625076294,0.403476357460022,38.69086456298828,5.934942722320557,0.5085281133651733,46.332969665527344,1.215430736541748,1.214582085609436,57.49,0.8598414063453674,0.03125300258398056,0.05681193992495537,6.047579288482666,0.0,0.0,0.327592134475708,6.0624428442679346e-05,0.007317380513995886,0.7967318892478943,0.0,0.0,0.9897313714027405,0.27746841311454773,0.019026845693588257,0.28878918290138245,0.01754051446914673,0.5332311391830444,0.2840428352355957,0.014334478415548801,0.0008380605140700936,0.49842002987861633,1.0,0.0,0.758540153503418,0.33635956048965454,0.0004770348023157567,0.018132973462343216,0.0,0.0,0.34641894698143005,0.037808503955602646,0.000251425604801625,1.2367050647735596,0.0,0.0
938,2.297647714614868,0.683689534664154,18.272544860839844,5.914819240570068,0.5581292510032654,45.3188362121582,1.0341873168945312,1.032322645187378,174.66,0.880733072757721,0.007038203068077564,0.0641123503446579,12.718697547912598,0.0,0.0,0.3234928548336029,1.3156941349734552e-05,0.00673253508284688,0.6797873973846436,0.0,0.0,1.1256548166275024,0.46264952421188354,0.018194152042269707,0.3090377449989319,0.015830984339118004,0.535811722278595,0.2828146815299988,0.017169615253806114,0.0006557237938977778,0.5877849459648132,1.0,0.0,0.8533076047897339,0.224617600440979,0.0005441341199912131,0.01955755054950714,0.0,0.0,0.3452053368091583,0.052796706557273865,7.846680091461167e-05,1.2859981060028076,0.0,0.0
939,1.6405714750289917,0.770289421081543,33.812957763671875,1.669435977935791,0.5606676936149597,43.11618423461914,1.0037375688552856,1.0041393041610718,39.86,0.6995653510093689,0.004385141655802727,0.09901677072048187,17.11347198486328,0.0,0.0,0.345599502325058,6.694841431453824e-05,0.0023249557707458735,0.6491965055465698,0.0,0.0,0.9736588001251221,0.684239387512207,0.014146637171506882,0.12796272337436676,0.00812680833041668,0.1908257007598877,0.29207122325897217,0.020955201238393784,0.000400472228648141,0.6840061545372009,1.0,0.0,0.9460449814796448,0.18783417344093323,0.0006109081441536546,0.020858829841017723,0.0,0.0,0.3470057249069214,0.06646358221769333,8.466657163808122e-05,1.2545158863067627,0.0,0.0
940,4.92157506942749,0.8001052737236023,39.08041000366211,4.347159385681152,0.5442265868186951,58.554649353027344,1.1785047054290771,1.1767679452896118,125.23,0.8546546101570129,0.007810269948095083,0.05163922160863876,18.930418014526367,0.0,0.0,0.3288938105106354,1.1352278761478374e-06,0.0026056822389364243,0.6417135000228882,0.0,0.0,1.060685634613037,0.46587079763412476,0.017179392278194427,0.22704516351222992,0.013763814233243465,0.40589427947998047,0.2882217764854431,0.017484016716480255,0.0006761380354873836,0.5798971652984619,1.0,0.0,0.8820546269416809,0.22684189677238464,0.0005669215461239219,0.020046088844537735,0.0,0.0,0.34548285603523254,0.0543636754155159,9.363584103994071e-05,1.2683185338974,0.0,0.0
941,5.315112590789795,0.7742385864257812,29.259204864501953,9.055878639221191,0.6288729906082153,49.93207550048828,1.2308542728424072,1.2344038486480713,233.62,0.9151234030723572,0.013334373012185097,0.046201154589653015,16.104074478149414,0.0,0.0,0.3223707973957062,1.13480600703042e-05,0.004958669189363718,0.6330282092094421,0.0,0.0,1.0469471216201782,0.4331079125404358,0.01963329128921032,0.339498907327652,0.01869421824812889,0.635271430015564,0.29280567169189453,0.01967998407781124,0.0008328207186423242,0.5869555473327637,1.0,0.0,0.8673490285873413,0.21907109022140503,0.0005535248783417046,0.019584137946367264,0.0,0.0,0.3424404561519623,0.05450233072042465,9.611764107830822e-05,1.2719497680664062,0.0,0.0
942,1.477514386177063,0.646739661693573,25.662181854248047,7.727108478546143,0.4006221294403076,40.48505783081055,1.0965712070465088,1.0982342958450317,138.1,0.8834943175315857,0.009433681145310402,0.057914119213819504,9.088951110839844,0.0,0.0,0.3327251076698303,1.2154739124525804e-05,0.010525275021791458,0.7018715143203735,0.0,0.0,1.1396560668945312,0.23789283633232117,0.021930217742919922,0.43577349185943604,0.022694380953907967,0.7792728543281555,0.2683691382408142,0.008909282274544239,0.0009540289756841958,0.39873936772346497,1.0,0.0,0.7271040081977844,0.3559982478618622,0.0004536128253675997,0.018166042864322662,0.0,0.0,0.3504492938518524,0.03255690261721611,0.00013098902127239853,1.2760299444198608,0.0,0.0
943,4.315026760101318,0.223384290933609,24.899044036865234,3.6777796745300293,0.5540239214897156,73.51725769042969,1.051236629486084,1.051934838294983,63.14,1.0998961925506592,0.10214369744062424,0.021569106727838516,4.200737953186035,0.0,0.0,0.3187359869480133,9.316181967733428e-05,0.004674790892750025,0.8955013751983643,0.0,0.0,1.1206791400909424,0.47348493337631226,0.016533659771084785,0.21509438753128052,0.01197486836463213,0.36277109384536743,0.28762492537498474,0.018790993839502335,0.0005516966339200735,0.6206977367401123,1.0,0.0,0.8284563422203064,0.2363133579492569,0.0005511271301656961,0.018806517124176025,0.0,0.0,0.3455897569656372,0.06089760363101959,7.882922363933176e-05,1.284454345703125,0.0,0.0
944,3.951470136642456,0.22980520129203796,36.4106330871582,6.441514015197754,0.4330558776855469,42.08249282836914,1.1406680345535278,1.14305579662323,183.13,1.0276139974594116,0.08098851889371872,0.02237081527709961,3.184735059738159,0.0,0.0,0.3183768093585968,3.863037272822112e-05,0.011513564735651016,0.8952131867408752,0.0,0.0,1.0437651872634888,0.1952938437461853,0.02017267607152462,0.3401601314544678,0.019754579290747643,0.6304627060890198,0.2759495973587036,0.010484272614121437,0.0009166321833617985,0.4223545789718628,1.0,0.0,0.6612123250961304,0.44148823618888855,0.00041154318023473024,0.01655520312488079,0.0,0.0,0.3489104211330414,0.02958308719098568,0.00026960077229887247,1.2297310829162598,0.0,0.0
945,5.097116470336914,0.6625586748123169,34.7413444519043,4.61471700668335,0.7478115558624268,42.419864654541016,1.2516248226165771,1.2531450986862183,96.93,0.8792744874954224,0.003742433385923505,0.06169210746884346,13.47155475616455,0.0,0.0,0.299227237701416,7.133423309824138e-07,0.0016552164452150464,0.6820423603057861,0.0,0.0,0.9829433560371399,0.5581859350204468,0.013267479836940765,0.16287630796432495,0.009311179630458355,0.28548580408096313,0.30703404545783997,0.028120996430516243,0.00047896671458147466,0.8252311944961548,1.0,0.0,0.9703956246376038,0.1667802333831787,0.0006104531930759549,0.020489774644374847,0.0,0.0,0.3389524221420288,0.0704767182469368,9.485110058449209e-05,1.2397207021713257,0.0,0.0
946,5.4109344482421875,0.6836630702018738,34.43964385986328,4.794128894805908,0.43870577216148376,41.2093391418457,1.0772442817687988,1.0770457983016968,17.11,0.9236584901809692,0.006376654375344515,0.043021392077207565,10.318244934082031,0.0,0.0,0.31446656584739685,7.953947260830319e-07,0.007807075046002865,0.6930299401283264,0.0,0.0,1.0764083862304688,0.2879830002784729,0.018309064209461212,0.28173261880874634,0.01632615551352501,0.5019006729125977,0.27683180570602417,0.011821910738945007,0.0007683304138481617,0.4661683142185211,1.0,0.0,0.7494251132011414,0.3449814021587372,0.00046081977779977024,0.0182654932141304,0.0,0.0,0.3493005037307739,0.034109584987163544,0.0002484454307705164,1.2377341985702515,0.0,0.0
947,2.0622026920318604,0.041222065687179565,36.661651611328125,6.103864669799805,0.4211004972457886,58.64521408081055,1.160596489906311,1.1628193855285645,164.71,0.953466534614563,0.14687371253967285,0.015818925574421883,1.5688201189041138,0.0,0.0,0.38561928272247314,0.00021963835752103478,0.008366754278540611,0.9963776469230652,0.0,0.0,1.0807161331176758,0.2538122236728668,0.020300759002566338,0.3322829008102417,0.019115988165140152,0.6124064326286316,0.2744278013706207,0.010683071799576283,0.0009155706502497196,0.4226321578025818,1.0,0.0,0.6639325618743896,0.40752196311950684,0.0004404066421557218,0.016413498669862747,0.0,0.0,0.35020118951797485,0.041255779564380646,0.00011420354712754488,1.2816393375396729,0.0,0.0
948,3.681525707244873,0.488756388425827,37.33893966674805,8.48648452758789,0.4894469976425171,50.12940979003906,1.2288920879364014,1.2269459962844849,129.07,1.0015789270401,0.025319233536720276,0.03954651951789856,7.362409591674805,0.0,0.0,0.30183541774749756,7.354470312748163e-07,0.009251382201910019,0.7524720430374146,0.0,0.0,1.0835487842559814,0.23881982266902924,0.021676359698176384,0.3820664584636688,0.02228882536292076,0.7273468971252441,0.28045353293418884,0.012063948437571526,0.0010173131013289094,0.4356480538845062,1.0,0.0,0.7325391173362732,0.3568880558013916,0.00045488812611438334,0.017795931547880173,0.0,0.0,0.3459673821926117,0.03417558595538139,0.0002177955029765144,1.2477543354034424,0.0,0.0
949,2.093125104904175,0.920829713344574,24.709110260009766,3.6407546997070312,0.6471152901649475,53.23038101196289,1.1124846935272217,1.1148934364318848,194.21,0.6965057253837585,0.020973384380340576,0.09237983822822571,26.381607055664062,0.0,0.0,0.36401990056037903,6.76308263791725e-05,0.0012598406756296754,0.584326446056366,0.0,0.0,1.0037016868591309,0.6058396697044373,0.015036671422421932,0.17991560697555542,0.01016111858189106,0.3038921058177948,0.29637381434440613,0.02481570653617382,0.0004762472817674279,0.7317359447479248,1.0,0.0,1.014280080795288,0.14324025809764862,0.0006711471942253411,0.02159608155488968,0.0,0.0,0.3437781035900116,0.08521697670221329,2.743893492151983e-05,1.2904595136642456,0.0,0.0
950,4.3219380378723145,0.04755547270178795,31.656692504882812,3.290269374847412,0.5889282822608948,50.429073333740234,1.1310155391693115,1.1306143999099731,31.37,1.0336089134216309,0.20978447794914246,0.012141849845647812,1.619650959968567,0.0,0.0,0.3553280830383301,0.00016137352213263512,0.005281656049191952,0.9939269423484802,0.0,0.0,1.0455023050308228,0.46461549401283264,0.01577075943350792,0.18188948929309845,0.010888252407312393,0.3063088357448578,0.29353418946266174,0.02127744071185589,0.00052732223412022,0.6630284190177917,1.0,0.0,0.7718223929405212,0.2682749032974243,0.0005217827274464071,0.01753539964556694,0.0,0.0,0.34550246596336365,0.06369110941886902,9.629217674955726e-05,1.2751868963241577,0.0,0.0
951,2.994572162628174,0.6613366603851318,40.309181213378906,8.104323387145996,0.5016170144081116,57.09724426269531,1.2503972053527832,1.2500427961349487,22.67,0.8808990120887756,0.009104618802666664,0.05694378912448883,11.90570068359375,0.0,0.0,0.31691884994506836,9.587230351826292e-07,0.005776256788522005,0.6795116662979126,0.0,0.0,1.0596075057983398,0.2854440212249756,0.021159786731004715,0.35822412371635437,0.021481920033693314,0.6821659207344055,0.28188708424568176,0.01277456246316433,0.0010093279415741563,0.44969576597213745,1.0,0.0,0.7842132449150085,0.30966508388519287,0.0004908902337774634,0.018709013238549232,0.0,0.0,0.3456312119960785,0.0389212891459465,0.00018677338084671646,1.2578517198562622,0.0,0.0
952,4.3783278465271,0.7042114734649658,30.32249641418457,5.815628528594971,0.5137512683868408,50.01051330566406,1.1394529342651367,1.1377863883972168,128.55,0.9431906342506409,0.008197305724024773,0.04682575911283493,13.79216480255127,0.0,0.0,0.3160223960876465,9.845219892667956e-07,0.006785939447581768,0.6690495014190674,0.0,0.0,1.1142632961273193,0.3752385377883911,0.019003672525286674,0.3000277876853943,0.016843652352690697,0.5439450144767761,0.2831839323043823,0.015160059556365013,0.0007746882038190961,0.5201416015625,1.0,0.0,0.8247230052947998,0.2608150541782379,0.0005254552816040814,0.019292330369353294,0.0,0.0,0.3465695381164551,0.0468304418027401,0.0001176889127236791,1.2732301950454712,0.0,0.0
953,2.665458917617798,0.5040493607521057,34.5505485534668,2.215106248855591,0.7970008254051208,44.6313591003418,1.0926283597946167,1.0916038751602173,85.9,0.8668133020401001,0.023845313116908073,0.08061657845973969,10.676248550415039,0.0,0.0,0.31128934025764465,6.26385590294376e-05,0.000768752652220428,0.7389787435531616,0.0,0.0,0.9815455079078674,0.49797677993774414,0.010135017335414886,0.09398113936185837,0.0041144234128296375,0.13755930960178375,0.31189441680908203,0.03420209139585495,0.00021005183225497603,0.9854786992073059,1.0,0.0,1.081244945526123,0.11589240282773972,0.0007064586970955133,0.02139647677540779,0.0,0.0,0.33871716260910034,0.08953369408845901,4.435893788468093e-05,1.2567991018295288,0.0,0.0
954,2.4650652408599854,0.589249849319458,38.097713470458984,1.927361249923706,0.5831743478775024,48.01567459106445,1.0633724927902222,1.068547010421753,455.4,0.8141025304794312,0.008289343677461147,0.07570844143629074,12.543672561645508,0.0,0.0,0.32003557682037354,5.097787652630359e-05,0.001913982443511486,0.7201654314994812,0.0,0.0,0.9935578107833862,0.6106786727905273,0.014026633463799953,0.13533630967140198,0.00827835313975811,0.20977568626403809,0.2937910258769989,0.02134908363223076,0.0004073177988175303,0.7014248371124268,1.0,0.0,0.9320900440216064,0.199485644698143,0.0006023378227837384,0.02048679254949093,0.0,0.0,0.34540656208992004,0.06494971364736557,9.544082422507927e-05,1.2505614757537842,0.0,0.0
955,4.028905868530273,0.5794776082038879,28.99528694152832,2.0935773849487305,0.7329984903335571,49.25523376464844,1.0321993827819824,1.0365536212921143,406.96,0.9825279116630554,0.013319775462150574,0.05811196565628052,14.241104125976562,0.0,0.0,0.3010585606098175,1.9792803868767805e-05,0.0009004668099805713,0.713958203792572,0.0,0.0,1.054000735282898,0.550229012966156,0.011708478443324566,0.10408222675323486,0.0055972132831811905,0.1565081775188446,0.30601707100868225,0.02994762733578682,0.00028359144926071167,0.8940248489379883,1.0,0.0,1.0443274974822998,0.12460855394601822,0.0006924825138412416,0.021192440763115883,0.0,0.0,0.3418620824813843,0.09440480917692184,2.884537389036268e-05,1.2824437618255615,0.0,0.0
956,3.0355825424194336,0.8371230959892273,25.24069595336914,6.429543495178223,0.5918925404548645,44.55018615722656,1.1584103107452393,1.156851053237915,116.35,0.8082310557365417,0.01265878789126873,0.06660272181034088,17.388700485229492,0.0,0.0,0.3419383466243744,2.5633591576479375e-05,0.005119774956256151,0.612176239490509,0.0,0.0,1.0407637357711792,0.47481194138526917,0.01836857758462429,0.29426929354667664,0.016068503260612488,0.5307800769805908,0.2893701195716858,0.0191727876663208,0.0007154100458137691,0.5960503816604614,1.0,0.0,0.8763082027435303,0.2148984670639038,0.0005625406629405916,0.01986098103225231,0.0,0.0,0.3444598913192749,0.05570443719625473,8.14312370494008e-05,1.2764931917190552,0.0,0.0
957,1.2372936010360718,0.6521990895271301,24.791345596313477,6.4701828956604,0.5362892150878906,40.50621032714844,1.1496831178665161,1.1487089395523071,73.76,0.8145829439163208,0.007277413737028837,0.0746297538280487,10.812954902648926,0.0,0.0,0.3332214951515198,4.271074431017041e-05,0.007575677242130041,0.6869630217552185,0.0,0.0,1.0490361452102661,0.38788041472435,0.019372237846255302,0.3221110999584198,0.01776285655796528,0.5743903517723083,0.2840508222579956,0.01641014963388443,0.0007759847212582827,0.535427451133728,1.0,0.0,0.823721706867218,0.25397250056266785,0.0005241089384071529,0.019263427704572678,0.0,0.0,0.34635889530181885,0.04671422392129898,0.0001226025342475623,1.2729734182357788,0.0,0.0
958,2.5535809993743896,0.24102944135665894,27.56062889099121,3.0382559299468994,0.7588677406311035,50.940670013427734,1.136938452720642,1.1388061046600342,144.25,0.9600215554237366,0.11104237288236618,0.04389122501015663,5.680078506469727,0.0,0.0,0.3406853973865509,0.00017399294301867485,0.0011406093835830688,0.8751518726348877,0.0,0.0,1.0130723714828491,0.5363836884498596,0.01206254493445158,0.12212929129600525,0.006441875826567411,0.19781707227230072,0.30789753794670105,0.031969230622053146,0.00032825430389493704,0.8989960551261902,1.0,0.0,0.9827840924263,0.13525362312793732,0.0006673280731774867,0.02008364163339138,0.0,0.0,0.3413333296775818,0.09526929259300232,2.5422223188797943e-05,1.2896679639816284,0.0,0.0
959,4.417433261871338,0.8456158638000488,21.98663902282715,5.529188632965088,0.648017406463623,42.958900451660156,1.0913981199264526,1.0925898551940918,99.94,0.8375208377838135,0.01175975613296032,0.05766020342707634,21.619892120361328,0.0,0.0,0.33613499999046326,1.6713755030650645e-05,0.002544017508625984,0.6115930676460266,0.0,0.0,1.0543382167816162,0.5900285243988037,0.016135113313794136,0.24547182023525238,0.012914600782096386,0.43518269062042236,0.29337239265441895,0.022028455510735512,0.0005828191642649472,0.6900196075439453,1.0,0.0,0.9298121929168701,0.18217548727989197,0.0005991653306409717,0.020438233390450478,0.0,0.0,0.34343835711479187,0.0670245885848999,5.459241947392002e-05,1.2805272340774536,0.0,0.0
960,5.718051910400391,0.4853350520133972,35.53858947753906,2.725451946258545,0.6682883501052856,52.399681091308594,1.1296801567077637,1.1284250020980835,98.46,1.0367406606674194,0.02342185378074646,0.041079889982938766,10.738070487976074,0.0,0.0,0.28892648220062256,8.655879355501384e-07,0.0015468227211385965,0.768689751625061,0.0,0.0,1.0787105560302734,0.6040387749671936,0.013635565526783466,0.14056748151779175,0.008340932428836823,0.23163631558418274,0.3008742034435272,0.02501368336379528,0.0004156833456363529,0.778753936290741,1.0,0.0,0.9484602808952332,0.17649565637111664,0.0006192949949763715,0.020314201712608337,0.0,0.0,0.34252890944480896,0.07592251896858215,6.478053546743467e-05,1.2688640356063843,0.0,0.0
961,2.1148931980133057,0.8712942600250244,22.150463104248047,5.6974639892578125,0.5186153054237366,55.153480529785156,1.076137900352478,1.0750104188919067,97.46,0.7533585429191589,0.010608866810798645,0.07454759627580643,20.13011932373047,0.0,0.0,0.3575102984905243,3.468027352937497e-05,0.004124329425394535,0.614148736000061,0.0,0.0,1.0803720951080322,0.4661058783531189,0.018793556839227676,0.3079107403755188,0.016438979655504227,0.5459166765213013,0.28089794516563416,0.01584358513355255,0.0007079110946506262,0.5431593656539917,1.0,0.0,0.8810009360313416,0.21508261561393738,0.0005685054929926991,0.020222876220941544,0.0,0.0,0.3461940586566925,0.054239507764577866,5.7994348026113585e-05,1.2898879051208496,0.0,0.0
962,2.4767282009124756,0.4510684907436371,31.806711196899414,1.8407820463180542,0.7019084692001343,43.00864028930664,1.0398457050323486,1.040698766708374,78.83,0.8860309720039368,0.03658789023756981,0.06991489976644516,9.811287879943848,0.0,0.0,0.3181368112564087,8.652231917949393e-05,0.0014099684776738286,0.7696847915649414,0.0,0.0,1.0000636577606201,0.571276843547821,0.012204430066049099,0.10734815895557404,0.005833046045154333,0.15661630034446716,0.3041515052318573,0.028901265934109688,0.00028638914227485657,0.8582835793495178,1.0,0.0,0.9947431683540344,0.14660128951072693,0.0006546106305904686,0.020671896636486053,0.0,0.0,0.342251718044281,0.09126345813274384,5.808700734633021e-05,1.2604546546936035,0.0,0.0
963,1.4888862371444702,0.260108083486557,35.963260650634766,6.079592227935791,0.4473353922367096,43.72694778442383,1.166504144668579,1.1653313636779785,86.27,0.8858968019485474,0.06364027410745621,0.042529795318841934,3.4889206886291504,0.0,0.0,0.34883373975753784,0.00010280979768140242,0.009338264353573322,0.8745993971824646,0.0,0.0,1.0166754722595215,0.242539644241333,0.01994158700108528,0.3217681348323822,0.01889890432357788,0.5863091349601746,0.27755334973335266,0.011700945906341076,0.000884137349203229,0.44168880581855774,1.0,0.0,0.7061906456947327,0.382112056016922,0.0004461891367100179,0.01741636171936989,0.0,0.0,0.3491804599761963,0.03388825058937073,0.000230175704928115,1.2431453466415405,0.0,0.0
964,1.0411320924758911,0.7931103706359863,23.068927764892578,6.808516502380371,0.6145467162132263,45.61176681518555,1.1818044185638428,1.181296944618225,36.35,0.734138548374176,0.007753911893814802,0.09110496938228607,15.71279525756836,0.0,0.0,0.3486965596675873,6.0757236497011036e-05,0.004333357326686382,0.6263673305511475,0.0,0.0,1.0181461572647095,0.5400669574737549,0.018449630588293076,0.2972794473171234,0.01619615964591503,0.5324503183364868,0.29120227694511414,0.020832020789384842,0.0007123160758055747,0.6153826713562012,1.0,0.0,0.9067031145095825,0.19333581626415253,0.0005849086446687579,0.020316317677497864,0.0,0.0,0.3439798653125763,0.06034817546606064,6.0856225900352e-05,1.2832425832748413,0.0,0.0
965,5.311657428741455,0.7362051010131836,24.191787719726562,3.3436498641967773,0.6653848886489868,58.39920425415039,1.042301058769226,1.0430713891983032,70.85,0.9518807530403137,0.004511590581387281,0.05014995113015175,19.624536514282227,0.0,0.0,0.31296685338020325,1.0971913297908031e-06,0.0012803944991901517,0.6545262932777405,0.0,0.0,1.1090198755264282,0.5945832133293152,0.014090239070355892,0.16489732265472412,0.009188677184283733,0.2753000557422638,0.29723021388053894,0.024469131603837013,0.0004383329360280186,0.7657225131988525,1.0,0.0,0.998126745223999,0.14545024931430817,0.0006523684714920819,0.021155839785933495,0.0,0.0,0.3434167206287384,0.08654435724020004,2.884132118197158e-05,1.2912648916244507,0.0,0.0
966,2.8532238006591797,0.21309910714626312,27.58850860595703,6.311933994293213,0.5679847598075867,55.02568435668945,1.1821458339691162,1.1828080415725708,47.36,1.0344375371932983,0.09541458636522293,0.027897527441382408,3.8187594413757324,0.0,0.0,0.33466193079948425,0.00011382338561816141,0.007474416401237249,0.8902066349983215,0.0,0.0,1.0872032642364502,0.3868574798107147,0.019020702689886093,0.29658058285713196,0.01643567718565464,0.5375146269798279,0.28847548365592957,0.018351363018155098,0.0007483458030037582,0.5676624774932861,1.0,0.0,0.783343493938446,0.26679083704948425,0.0005199891747906804,0.018071506172418594,0.0,0.0,0.3450296223163605,0.05562964826822281,8.095972589217126e-05,1.286375880241394,0.0,0.0
967,2.2028212547302246,0.3741797208786011,33.62177276611328,5.72314453125,0.5443630218505859,42.90994644165039,1.2040005922317505,1.2037874460220337,14.71,0.910682737827301,0.0420125275850296,0.05035236477851868,5.677514553070068,0.0,0.0,0.32422080636024475,6.317566294455901e-05,0.007864827290177345,0.8085870146751404,0.0,0.0,1.0066958665847778,0.333231121301651,0.01858990639448166,0.2765595018863678,0.01634576916694641,0.5002664923667908,0.2876870632171631,0.016918819397687912,0.000765381206292659,0.5440481305122375,1.0,0.0,0.7833911776542664,0.2931065857410431,0.0004986898857168853,0.018383078277111053,0.0,0.0,0.3456146717071533,0.04330690950155258,0.00021956890122964978,1.2466996908187866,0.0,0.0
968,1.0113626718521118,0.9244840741157532,36.934776306152344,5.325570106506348,0.6046291589736938,48.61137008666992,1.2618056535720825,1.261152982711792,41.01,0.5851564407348633,0.01814032904803753,0.11535411328077316,20.16912078857422,0.0,0.0,0.3744543790817261,7.963552343426272e-05,0.002167211379855871,0.5741873979568481,0.0,0.0,0.9138656258583069,0.5358899235725403,0.017453541979193687,0.23692426085472107,0.014340363442897797,0.4280381202697754,0.29431989789009094,0.020987173542380333,0.0006841154536232352,0.6191810369491577,1.0,0.0,0.9273462891578674,0.1972690224647522,0.0005934449727647007,0.020692862570285797,0.0,0.0,0.34371864795684814,0.057426873594522476,9.458943532081321e-05,1.2550963163375854,0.0,0.0
969,1.197348713874817,0.3053935170173645,21.44731330871582,4.453677654266357,0.6748956441879272,57.322940826416016,1.133092999458313,1.1315460205078125,120.66,0.8625308871269226,0.07161039113998413,0.059857457876205444,6.372267723083496,0.0,0.0,0.34960633516311646,0.0001954620674951002,0.0018465783214196563,0.844804048538208,0.0,0.0,1.0248132944107056,0.584453821182251,0.015237248502671719,0.19948990643024445,0.010740993544459343,0.3412185609340668,0.2977151870727539,0.025941526517271996,0.0004902099026367068,0.7469615340232849,1.0,0.0,0.9258084297180176,0.168805330991745,0.0006197639158926904,0.019953224807977676,0.0,0.0,0.34285393357276917,0.08262950927019119,3.566578743630089e-05,1.2925385236740112,0.0,0.0
970,5.929140090942383,0.8112543225288391,29.72331428527832,6.921439170837402,0.40572473406791687,50.21578598022461,1.0688433647155762,1.0704187154769897,137.69,0.9242635369300842,0.01200892124325037,0.03499544411897659,15.491137504577637,0.0,0.0,0.33982810378074646,2.9337579690036364e-05,0.007929930463433266,0.6359120011329651,0.0,0.0,1.1392509937286377,0.2716251015663147,0.020884279161691666,0.39506810903549194,0.02054380439221859,0.7194023132324219,0.26947835087776184,0.009320354089140892,0.0009036624687723815,0.4128492474555969,1.0,0.0,0.7556731700897217,0.3265942931175232,0.0004766447236761451,0.018483631312847137,0.0,0.0,0.34960925579071045,0.03762008249759674,0.00013159499212633818,1.2763768434524536,0.0,0.0
971,1.3882219791412354,0.037647634744644165,43.64316940307617,2.662632465362549,0.7243239283561707,53.857303619384766,1.2143621444702148,1.2133196592330933,70.75,0.6966684460639954,0.21409229934215546,0.04034635052084923,1.1004812717437744,0.0,0.0,0.41291776299476624,0.0002700862241908908,0.0005681061884388328,0.9865660667419434,0.0,0.0,0.8831179738044739,0.5462677478790283,0.012299107387661934,0.13613472878932953,0.006753399036824703,0.21500124037265778,0.3032352030277252,0.03052416816353798,0.0002713854773901403,0.8689312934875488,1.0,0.0,0.944945752620697,0.14397697150707245,0.0006231711595319211,0.019521770998835564,0.0,0.0,0.3394777178764343,0.08875889331102371,8.143192826537415e-05,1.2547760009765625,0.0,0.0
972,4.769317626953125,0.06986761838197708,26.916513442993164,9.72463607788086,0.4017263948917389,51.645057678222656,1.1240628957748413,1.1255923509597778,120.88,1.2203962802886963,0.1712498515844345,0.005394964944571257,3.145944118499756,0.0,0.0,0.3298170566558838,5.76021739107091e-05,0.01496601477265358,0.96622234582901,0.0,0.0,1.2134596109390259,0.17587070167064667,0.023763025179505348,0.515063464641571,0.025437798351049423,0.9431800842285156,0.2676597833633423,0.008051164448261261,0.001042076968587935,0.3858568072319031,1.0,0.0,0.6264368891716003,0.4219779074192047,0.0004014931037090719,0.01583557389676571,0.0,0.0,0.34883955121040344,0.03288157284259796,0.00010991910676239058,1.2829197645187378,0.0,0.0
973,4.818619728088379,0.9771524667739868,24.091020584106445,4.468099117279053,0.6461412310600281,51.431941986083984,1.08518648147583,1.0811896324157715,340.65,0.7521941661834717,0.03141886368393898,0.05856063589453697,29.07706642150879,0.0,0.0,0.3701821565628052,6.0788934206357226e-05,0.0015521199675276875,0.5678049921989441,0.0,0.0,1.0301719903945923,0.6002006530761719,0.015581082552671432,0.20947831869125366,0.011296040378510952,0.36537548899650574,0.2944217026233673,0.023118237033486366,0.0005230153910815716,0.7108092308044434,1.0,0.0,0.9757727384567261,0.15763463079929352,0.0006401964346878231,0.021047310903668404,0.0,0.0,0.3435491621494293,0.07776383310556412,3.604602534323931e-05,1.2874218225479126,0.0,0.0
974,4.822117328643799,0.8703488707542419,35.63844299316406,5.5958075523376465,0.6182039976119995,56.38552474975586,1.2337987422943115,1.2317248582839966,136.47,0.8060415387153625,0.015285732224583626,0.05591113120317459,22.924251556396484,0.0,0.0,0.3417645990848541,1.534362672828138e-05,0.0020535546354949474,0.6042706966400146,0.0,0.0,1.0102360248565674,0.5260382294654846,0.017331700772047043,0.2417529970407486,0.01429641991853714,0.4424767792224884,0.29457059502601624,0.02100962959229946,0.0006894699763506651,0.631589412689209,1.0,0.0,0.9211916923522949,0.1972229927778244,0.0005975303938612342,0.020387697964906693,0.0,0.0,0.3429314196109772,0.06259313225746155,6.858099368400872e-05,1.272102952003479,0.0,0.0
975,3.895677328109741,0.08977060765028,27.968080520629883,9.385024070739746,0.5958767533302307,53.37057113647461,1.2392629384994507,1.2403727769851685,72.2,1.0944621562957764,0.16599419713020325,0.01377875916659832,2.622119903564453,0.0,0.0,0.34090280532836914,9.658397902967408e-05,0.010073857381939888,0.9547265768051147,0.0,0.0,1.0757163763046265,0.3275800347328186,0.020925696939229965,0.37006476521492004,0.02020251750946045,0.6862837076187134,0.2902514934539795,0.018370507284998894,0.0008829251164570451,0.5465835332870483,1.0,0.0,0.7321236729621887,0.29771700501441956,0.0004828352830372751,0.01709035225212574,0.0,0.0,0.3435240387916565,0.05049458146095276,0.0001179740866064094,1.2800438404083252,0.0,0.0
976,2.3329994678497314,0.9186348915100098,37.88188171386719,6.84580659866333,0.431924432516098,56.696353912353516,1.1778324842453003,1.17730712890625,37.89,0.7006492018699646,0.013961417600512505,0.07026039808988571,20.237621307373047,0.0,0.0,0.3712596297264099,3.568517786334269e-05,0.0042215255089104176,0.6029933094978333,0.0,0.0,1.0281323194503784,0.302650511264801,0.020913133397698402,0.35402724146842957,0.020530659705400467,0.6590505242347717,0.2754657566547394,0.010684150271117687,0.000971881381701678,0.41603174805641174,1.0,0.0,0.797505259513855,0.29992377758026123,0.0005078217945992947,0.019275205209851265,0.0,0.0,0.34940412640571594,0.04044441878795624,0.0001319953880738467,1.2722618579864502,0.0,0.0
977,1.3173731565475464,0.18987134099006653,22.516258239746094,6.823671817779541,0.43161439895629883,48.65264892578125,1.072383999824524,1.0723257064819336,5.07,0.9773215055465698,0.09235303848981857,0.030825654044747353,2.8807480335235596,0.0,0.0,0.35938555002212524,0.00013752035738434643,0.010213603265583515,0.9130914807319641,0.0,0.0,1.1465198993682861,0.2721491754055023,0.021133463829755783,0.3904726505279541,0.019986284896731377,0.6952140927314758,0.27146852016448975,0.011110308580100536,0.00083176139742136,0.4443431794643402,1.0,0.0,0.703798770904541,0.3501341640949249,0.0004565826093312353,0.017264729365706444,0.0,0.0,0.3488011062145233,0.03989239037036896,9.156580199487507e-05,1.2892667055130005,0.0,0.0
978,1.6895992755889893,0.4618213176727295,32.59269714355469,4.920141696929932,0.5571756958961487,58.76340103149414,1.194056749343872,1.1917649507522583,161.05,0.8975730538368225,0.022158928215503693,0.06087677925825119,9.992712020874023,0.0,0.0,0.32755327224731445,9.47029548115097e-05,0.002646715845912695,0.7684636116027832,0.0,0.0,1.058148980140686,0.4789069890975952,0.01779763028025627,0.2470322549343109,0.014502041041851044,0.444352388381958,0.2890147864818573,0.01856662705540657,0.0006958027370274067,0.5820239782333374,1.0,0.0,0.8596051335334778,0.22909072041511536,0.0005695828585885465,0.01946120895445347,0.0,0.0,0.3458400368690491,0.0626765713095665,5.1815535698551685e-05,1.288739562034607,0.0,0.0
979,5.029729843139648,0.7586032748222351,39.26734161376953,3.1354129314422607,0.616611123085022,44.41874313354492,1.1547154188156128,1.1542003154754639,38.65,0.7954821586608887,0.0038200237322598696,0.06321325898170471,15.106796264648438,0.0,0.0,0.3179023861885071,8.395848567488429e-07,0.002303013578057289,0.6546919941902161,0.0,0.0,0.9692835807800293,0.5100902318954468,0.014578538946807384,0.16701719164848328,0.010170822963118553,0.28442394733428955,0.2959512174129486,0.02137644961476326,0.0005018508527427912,0.697023868560791,1.0,0.0,0.9118258357048035,0.21707746386528015,0.0005671373219229281,0.020179878920316696,0.0,0.0,0.34269067645072937,0.05315601825714111,0.0001543384132673964,1.2258906364440918,0.0,0.0
980,2.0784101486206055,0.43588918447494507,32.60926818847656,9.653528213500977,0.4171282649040222,40.13207244873047,1.1791731119155884,1.1783239841461182,61.11,0.9598501324653625,0.03335180878639221,0.042636848986148834,5.453548908233643,0.0,0.0,0.3187011778354645,1.844288817665074e-05,0.012417488731443882,0.7764269709587097,0.0,0.0,1.0759952068328857,0.17720654606819153,0.02341499552130699,0.4743005633354187,0.026094142347574234,0.885569155216217,0.27119943499565125,0.008369466289877892,0.0011192669626325369,0.3703490197658539,1.0,0.0,0.671657919883728,0.43574023246765137,0.00041054445318877697,0.017021356150507927,0.0,0.0,0.34901946783065796,0.027291815727949142,0.00022598142095375806,1.2445052862167358,0.0,0.0
981,2.604832887649536,0.24813960492610931,21.341703414916992,8.72057056427002,0.48890092968940735,56.34663772583008,1.1002094745635986,1.0998154878616333,32.56,1.0919259786605835,0.07901674509048462,0.026010828092694283,3.8196895122528076,0.0,0.0,0.3266575336456299,7.025514059932902e-05,0.009559184312820435,0.8738842606544495,0.0,0.0,1.1694711446762085,0.26709794998168945,0.021902669221162796,0.4377897381782532,0.02179974503815174,0.8007781505584717,0.2757588028907776,0.01251229178160429,0.0008795787580311298,0.4725869596004486,1.0,0.0,0.7254271507263184,0.32545074820518494,0.0004672570212278515,0.017444562166929245,0.0,0.0,0.3459034860134125,0.0417952723801136,9.484911424806342e-05,1.288235068321228,0.0,0.0
982,5.501925468444824,0.05696244537830353,17.04465103149414,8.86784839630127,0.550338089466095,48.0072021484375,1.0136293172836304,1.009683609008789,385.53,1.2002640962600708,0.21409153938293457,0.010979809798300266,2.0798919200897217,0.0,0.0,0.32678571343421936,5.390160367824137e-05,0.0111794238910079,0.9847541451454163,0.0,0.0,1.1946460008621216,0.282512903213501,0.020637189969420433,0.4289819002151489,0.019756680354475975,0.7527859210968018,0.28007131814956665,0.01494371984153986,0.0007454286678694189,0.5506210923194885,1.0,0.0,0.6892164945602417,0.3356741666793823,0.0004435460432432592,0.016458097845315933,0.0,0.0,0.3449380397796631,0.04356436803936958,9.882151789497584e-05,1.287139892578125,0.0,0.0
983,2.9880104064941406,0.967248260974884,20.10584831237793,7.663815498352051,0.7199497222900391,52.49409866333008,1.1569924354553223,1.1565093994140625,36.1,0.7120797634124756,0.03122738189995289,0.0779903307557106,26.22539710998535,0.0,0.0,0.36844292283058167,6.661986117251217e-05,0.0013553221942856908,0.5694722533226013,0.0,0.0,0.9955481886863708,0.5561192631721497,0.016275670379400253,0.26507264375686646,0.013527775183320045,0.4818416237831116,0.29909226298332214,0.026180829852819443,0.0006034773541614413,0.7370795607566833,1.0,0.0,1.000640869140625,0.14380303025245667,0.0006531522376462817,0.021321982145309448,0.0,0.0,0.3413831889629364,0.08041007816791534,3.26434092130512e-05,1.2880644798278809,0.0,0.0
984,1.872780203819275,0.4650467038154602,22.140668869018555,7.9569783210754395,0.6105439066886902,41.452796936035156,1.1737502813339233,1.1736494302749634,7.32,0.9290429353713989,0.02840278297662735,0.05635225772857666,7.303805351257324,0.0,0.0,0.31873223185539246,5.020428943680599e-05,0.007813194766640663,0.762024462223053,0.0,0.0,1.0623325109481812,0.3919212222099304,0.019222553819417953,0.3356490731239319,0.017830973491072655,0.6076046824455261,0.28981152176856995,0.01935189589858055,0.0007651820196770132,0.5936645269393921,1.0,0.0,0.817746639251709,0.24792742729187012,0.0005252881092019379,0.018793541938066483,0.0,0.0,0.3437642753124237,0.050965044647455215,0.00010982514504576102,1.2762752771377563,0.0,0.0
985,1.3042539358139038,0.9885199666023254,24.39744758605957,9.265503883361816,0.44446444511413574,46.03525924682617,1.131329894065857,1.1302742958068848,82.55,0.6570673584938049,0.024668309837579727,0.07386522740125656,17.782316207885742,0.0,0.0,0.3954359292984009,9.161673369817436e-05,0.006506385747343302,0.5750347971916199,0.0,0.0,1.0597976446151733,0.3095397353172302,0.02326829545199871,0.47474583983421326,0.024357154965400696,0.8680716156959534,0.2715185582637787,0.010655778460204601,0.000980858225375414,0.41969600319862366,1.0,0.0,0.794350802898407,0.27143821120262146,0.0005025774007663131,0.019211288541555405,0.0,0.0,0.34847068786621094,0.04006696119904518,9.219333878718317e-05,1.2890589237213135,0.0,0.0
986,5.992785453796387,0.24362675845623016,44.302738189697266,7.822658061981201,0.540421724319458,47.043819427490234,1.2508188486099243,1.2514710426330566,41.66,0.9961342811584473,0.07524071633815765,0.027592306956648827,3.280555486679077,0.0,0.0,0.29531949758529663,5.941904873907333e-06,0.010708539746701717,0.8913799524307251,0.0,0.0,0.970098614692688,0.19427679479122162,0.019934166222810745,0.32280874252319336,0.020166506990790367,0.6176561117172241,0.2860288619995117,0.013894411735236645,0.000945140200201422,0.4865179657936096,1.0,0.0,0.6925213932991028,0.4311208128929138,0.00041780422907322645,0.016750743612647057,0.0,0.0,0.3424113988876343,0.028315717354416847,0.00037733992212451994,1.195458173751831,0.0,0.0
987,4.673191070556641,0.392555832862854,26.63493537902832,7.5527520179748535,0.592970609664917,75.28384399414062,1.1798436641693115,1.1814379692077637,114.38,1.1145710945129395,0.04032912105321884,0.030520547181367874,7.285321235656738,0.0,0.0,0.29503852128982544,1.5747113138786517e-05,0.004606058821082115,0.8093189597129822,0.0,0.0,1.1186647415161133,0.38458287715911865,0.019207259640097618,0.32649919390678406,0.01747801899909973,0.6035932898521423,0.289685994386673,0.018386272713541985,0.0007807300426065922,0.5759381055831909,1.0,0.0,0.8216008543968201,0.24803704023361206,0.0005362426745705307,0.018745088949799538,0.0,0.0,0.34365129470825195,0.055192798376083374,8.117999823298305e-05,1.2836161851882935,0.0,0.0
988,5.986557483673096,0.34715524315834045,34.43890380859375,4.004448413848877,0.605625569820404,55.454097747802734,1.1667779684066772,1.1673749685287476,43.83,1.1217319965362549,0.053624238818883896,0.028473354876041412,7.409445762634277,0.0,0.0,0.290961891412735,1.5202259419311304e-05,0.0036518636625260115,0.8351718187332153,0.0,0.0,1.0931721925735474,0.46481114625930786,0.016072476282715797,0.1988280862569809,0.01191518921405077,0.34956827759742737,0.2945847511291504,0.020912107080221176,0.0005868913722224534,0.6598907113075256,1.0,0.0,0.8479514122009277,0.23451174795627594,0.0005594285321421921,0.019001686945557594,0.0,0.0,0.3442891538143158,0.06219053640961647,8.24834278319031e-05,1.2753543853759766,0.0,0.0
989,1.9993189573287964,0.6043445467948914,16.5980224609375,6.867570877075195,0.6133748888969421,42.343055725097656,1.0505410432815552,1.0456942319869995,441.2,0.8923313617706299,0.011159520596265793,0.0643250122666359,11.584820747375488,0.0,0.0,0.31789907813072205,2.60547694779234e-05,0.005756945349276066,0.7104855179786682,0.0,0.0,1.0978467464447021,0.49449971318244934,0.017876993864774704,0.31650272011756897,0.015968339517712593,0.5555398464202881,0.2872070372104645,0.01955065317451954,0.000653772265650332,0.6330645084381104,1.0,0.0,0.8663039803504944,0.20850086212158203,0.0005525329615920782,0.01954217441380024,0.0,0.0,0.34379684925079346,0.05697939917445183,7.488764822483063e-05,1.284666895866394,0.0,0.0
990,4.281387805938721,0.22772502899169922,37.485774993896484,5.528420925140381,0.5867101550102234,58.054054260253906,1.2402101755142212,1.2401832342147827,1.75,1.0713368654251099,0.0896514356136322,0.022560499608516693,4.231653690338135,0.0,0.0,0.3156546950340271,6.916311394888908e-05,0.005642481613904238,0.8894296884536743,0.0,0.0,1.0590590238571167,0.37780216336250305,0.017884060740470886,0.2502065598964691,0.014992032200098038,0.4563955068588257,0.29209104180336,0.0192238949239254,0.000727176433429122,0.5939990282058716,1.0,0.0,0.787768542766571,0.27717986702919006,0.0005209024529904127,0.018061675131320953,0.0,0.0,0.34402069449424744,0.05486474186182022,0.0001111768142436631,1.2720741033554077,0.0,0.0
991,2.6660704612731934,0.6133900284767151,39.025691986083984,3.349334955215454,0.7296614646911621,49.96104049682617,1.2365902662277222,1.2370500564575195,30.06,0.8090776205062866,0.008936909958720207,0.08361160755157471,13.289995193481445,0.0,0.0,0.3126162588596344,3.472940807114355e-05,0.0010056697065010667,0.6910753846168518,0.0,0.0,0.9620941877365112,0.5572840571403503,0.01273548323661089,0.14223980903625488,0.00789523683488369,0.23848755657672882,0.3057064712047577,0.02862580679357052,0.0003856839903164655,0.8430123329162598,1.0,0.0,1.0164775848388672,0.15139254927635193,0.0006545265787281096,0.02108924277126789,0.0,0.0,0.3393891155719757,0.08273749053478241,6.463491445174441e-05,1.251407504081726,0.0,0.0
992,5.815553665161133,0.28806039690971375,20.658857345581055,7.38584566116333,0.6312523484230042,51.041847229003906,1.0822218656539917,1.0835623741149902,114.31,1.1949281692504883,0.07803742587566376,0.025401441380381584,5.247103691101074,0.0,0.0,0.2928571403026581,1.717625855235383e-05,0.007161366753280163,0.8603872060775757,0.0,0.0,1.1595970392227173,0.3963397443294525,0.01802125759422779,0.31493544578552246,0.01578870601952076,0.5649800300598145,0.2911221981048584,0.01989053376019001,0.0006750195170752704,0.63982754945755,1.0,0.0,0.8044440150260925,0.24765457212924957,0.000522098911460489,0.01832331158220768,0.0,0.0,0.3436131775379181,0.0560932382941246,8.326367242261767e-05,1.2869318723678589,0.0,0.0
993,3.1020455360412598,0.5155730843544006,27.165285110473633,2.1826601028442383,0.6226072311401367,50.068023681640625,1.0193597078323364,1.020376443862915,97.75,0.9628914594650269,0.021572373807430267,0.05611567944288254,12.659051895141602,0.0,0.0,0.31071028113365173,5.410961603047326e-05,0.0018280366202816367,0.7452670931816101,0.0,0.0,1.0735875368118286,0.6317029595375061,0.013982133939862251,0.13547705113887787,0.008095938712358475,0.2113610804080963,0.2958323061466217,0.02369750663638115,0.00039136112900450826,0.7435098886489868,1.0,0.0,0.954136848449707,0.16819913685321808,0.0006346991285681725,0.020508266985416412,0.0,0.0,0.34491226077079773,0.08276169002056122,4.08057494496461e-05,1.2842332124710083,0.0,0.0
994,4.910849571228027,0.011048668064177036,33.12322235107422,3.6325526237487793,0.555220365524292,55.45128631591797,1.144468903541565,1.1435461044311523,70.51,1.0864592790603638,0.2335202693939209,0.006957894191145897,1.1086009740829468,0.0,0.0,0.3563213646411896,0.00015604721556883305,0.007073569111526012,1.0175347328186035,0.0,0.0,1.0687447786331177,0.40412449836730957,0.0166240856051445,0.20263046026229858,0.0121631920337677,0.34871816635131836,0.2903265058994293,0.019197305664420128,0.0005914507200941443,0.6137866377830505,1.0,0.0,0.7279990911483765,0.3070302903652191,0.0004951985320076346,0.01685372367501259,0.0,0.0,0.3464105427265167,0.059732843190431595,9.922341996571049e-05,1.280853509902954,0.0,0.0
995,5.569274425506592,0.8954461812973022,25.49272918701172,2.9029440879821777,0.6615310907363892,71.0343246459961,1.026506781578064,1.0207560062408447,548.84,0.8259844779968262,0.01600015163421631,0.05483616515994072,26.071914672851562,0.0,0.0,0.34639984369277954,1.7770325939636678e-05,0.000757640867959708,0.6024402976036072,0.0,0.0,1.0461386442184448,0.5985886454582214,0.013796553947031498,0.14963097870349884,0.008544477634131908,0.24840183556079865,0.2972395122051239,0.024558112025260925,0.0004105076950509101,0.7734758853912354,1.0,0.0,1.0273258686065674,0.13722273707389832,0.0006789711187593639,0.021525882184505463,0.0,0.0,0.3434043526649475,0.09356845915317535,2.6701914976001717e-05,1.2890616655349731,0.0,0.0
996,1.4193278551101685,0.10273554921150208,30.716699600219727,4.703309059143066,0.5890907645225525,40.23843765258789,1.1958715915679932,1.1937143802642822,151.12,0.8192365169525146,0.14722652733325958,0.036634910851716995,1.730927586555481,0.0,0.0,0.38540810346603394,0.00019652170885819942,0.007066627964377403,0.9520105719566345,0.0,0.0,0.957093358039856,0.4251711964607239,0.017172986641526222,0.23135699331760406,0.013635731302201748,0.3997677266597748,0.2923257648944855,0.02091442607343197,0.0006244982942007482,0.6223548650741577,1.0,0.0,0.7575613260269165,0.2788296937942505,0.0004942897357977927,0.017562037333846092,0.0,0.0,0.3449978828430176,0.05039288476109505,0.00019915557641070336,1.2529629468917847,0.0,0.0
997,1.8369505405426025,0.7168511152267456,43.87538528442383,6.600683689117432,0.4749903976917267,53.636539459228516,1.2288949489593506,1.2323297262191772,226.81,0.7440261244773865,0.004007378127425909,0.07894189655780792,12.183103561401367,0.0,0.0,0.33479171991348267,4.410496785567375e-06,0.0045686149969697,0.6669222116470337,0.0,0.0,0.9911248087882996,0.27919822931289673,0.019722789525985718,0.3167891502380371,0.019575098529458046,0.5940077304840088,0.2797826826572418,0.011709101498126984,0.0009454546961933374,0.4510711133480072,1.0,0.0,0.7828830480575562,0.32839396595954895,0.0004815108550246805,0.018840789794921875,0.0,0.0,0.34710365533828735,0.0356564074754715,0.0002502547577023506,1.2383671998977661,0.0,0.0
998,5.160719394683838,0.8134970664978027,38.720664978027344,4.023187637329102,0.4531468451023102,49.4885139465332,1.1040018796920776,1.1034579277038574,44.65,0.8240140676498413,0.007619931362569332,0.048210639506578445,16.372236251831055,0.0,0.0,0.3373037874698639,8.930204785428941e-06,0.005742969457060099,0.6484022736549377,0.0,0.0,1.0333133935928345,0.33598053455352783,0.01750645972788334,0.23997050523757935,0.014522434212267399,0.42428871989250183,0.27939435839653015,0.012979080900549889,0.0007192061166279018,0.49580857157707214,1.0,0.0,0.8020888566970825,0.3038256764411926,0.0005041563417762518,0.019115472212433815,0.0,0.0,0.34886565804481506,0.04043324291706085,0.00021626389934681356,1.2453408241271973,0.0,0.0
999,1.589745283126831,0.5444625616073608,15.130159378051758,5.883418083190918,0.6922681927680969,40.98265838623047,1.0375605821609497,1.0373382568359375,20.66,0.8637046217918396,0.015628861263394356,0.07191169261932373,10.71230411529541,0.0,0.0,0.3202844560146332,5.562270598602481e-05,0.003344099037349224,0.7369938492774963,0.0,0.0,1.0531206130981445,0.559961199760437,0.01525905542075634,0.24377396702766418,0.012251084670424461,0.4197758138179779,0.2950022518634796,0.02461278811097145,0.0005270425463095307,0.7491641640663147,1.0,0.0,0.9232231974601746,0.17286747694015503,0.0005951563944108784,0.0200837180018425,0.0,0.0,0.34244802594184875,0.07074695080518723,5.475861325976439e-05,1.2842174768447876,0.0,0.0
1000,4.211672306060791,0.42600688338279724,37.2950553894043,6.167537689208984,0.516604483127594,43.1922721862793,1.1924214363098145,1.1924577951431274,2.56,0.9812236428260803,0.032789528369903564,0.03853469714522362,6.143557548522949,0.0,0.0,0.2995120882987976,5.020115168008488e-06,0.008883227594196796,0.7916563749313354,0.0,0.0,1.0237765312194824,0.2623318135738373,0.019103456288576126,0.29659461975097656,0.017722344025969505,0.5498142838478088,0.2848280668258667,0.014485526829957962,0.0008321756613440812,0.5022761225700378,1.0,0.0,0.743773877620697,0.34813135862350464,0.00046051974641159177,0.017813287675380707,0.0,0.0,0.3455778658390045,0.03512013331055641,0.0002803370007313788,1.2269433736801147,0.0,0.0
1001,2.5959651470184326,0.6299453973770142,23.483932495117188,5.302079200744629,0.4289083182811737,52.92972946166992,1.0276049375534058,1.0277143716812134,10.36,0.9536209106445312,0.008352742530405521,0.05202358588576317,12.097641944885254,0.0,0.0,0.32117557525634766,1.1971997082582675e-06,0.007742282003164291,0.7102606296539307,0.0,0.0,1.1956044435501099,0.33241620659828186,0.019043216481804848,0.32226455211639404,0.01728108897805214,0.5742741227149963,0.2721799314022064,0.01127974595874548,0.0007590666646137834,0.4676670432090759,1.0,0.0,0.7898204922676086,0.29028260707855225,0.0005038745584897697,0.018965313211083412,0.0,0.0,0.3490450084209442,0.04264139011502266,9.161436173599213e-05,1.2890808582305908,0.0,0.0
1002,3.5180580615997314,0.31852129101753235,23.245563507080078,8.916529655456543,0.4489147961139679,45.65997314453125,1.0927101373672485,1.0939701795578003,105.41,1.1705892086029053,0.06405580043792725,0.02264314331114292,3.7093021869659424,0.0,0.0,0.30770251154899597,1.920561226143036e-05,0.011910023167729378,0.836759626865387,0.0,0.0,1.2020350694656372,0.2317342907190323,0.02262294851243496,0.4698776602745056,0.023171843960881233,0.8407520055770874,0.271724671125412,0.010475539602339268,0.0009225373505614698,0.43435823917388916,1.0,0.0,0.6969659328460693,0.3606099784374237,0.00044089314178563654,0.01719500869512558,0.0,0.0,0.34763574600219727,0.03489917516708374,0.00011211849050596356,1.2821846008300781,0.0,0.0
1003,3.884117364883423,0.6646028161048889,42.53245162963867,5.962727069854736,0.43821877241134644,51.60591125488281,1.1738039255142212,1.1747506856918335,68.66,0.8771075010299683,0.007178498897701502,0.0496322363615036,11.12592887878418,0.0,0.0,0.3149051368236542,8.925945280680025e-07,0.0072243367321789265,0.7000520825386047,0.0,0.0,1.0488256216049194,0.2363850623369217,0.019389746710658073,0.31102946400642395,0.0188499316573143,0.5792596340179443,0.2765202820301056,0.01041101012378931,0.0009179857443086803,0.4326396882534027,1.0,0.0,0.7420960664749146,0.3786342144012451,0.0004550192679744214,0.01822400838136673,0.0,0.0,0.3484397828578949,0.03158891946077347,0.0002625594206620008,1.2338640689849854,0.0,0.0
1004,4.983912944793701,0.4412810802459717,19.43573760986328,9.936514854431152,0.4547569155693054,54.109676361083984,1.0190472602844238,1.0179661512374878,104.22,1.2131695747375488,0.039903365075588226,0.024309132248163223,6.4037957191467285,0.0,0.0,0.2899606227874756,7.20196112524718e-07,0.010839610360562801,0.777493417263031,0.0,0.0,1.294774055480957,0.22177310287952423,0.022701360285282135,0.5179305076599121,0.023974455893039703,0.946113646030426,0.2686742842197418,0.009457302279770374,0.0009021952864713967,0.45197418332099915,1.0,0.0,0.7135606408119202,0.345178484916687,0.0004436291055753827,0.017450939863920212,0.0,0.0,0.3463096022605896,0.03508058935403824,9.716052591102198e-05,1.287724256515503,0.0,0.0
1005,3.4706192016601562,0.936222493648529,18.92761993408203,8.869698524475098,0.4949529767036438,57.702911376953125,1.0295010805130005,1.0324060916900635,273.32,0.7824208736419678,0.02034190483391285,0.054982662200927734,18.909687042236328,0.0,0.0,0.36752885580062866,4.91156242787838e-05,0.004831069149076939,0.592231035232544,0.0,0.0,1.124497890472412,0.34255313873291016,0.02164640463888645,0.45501041412353516,0.021551057696342468,0.8182737827301025,0.2732888162136078,0.012375514023005962,0.0008288194658234715,0.48940858244895935,1.0,0.0,0.8312561511993408,0.24431660771369934,0.000523987109772861,0.019546568393707275,0.0,0.0,0.3453095555305481,0.04405166581273079,9.463178139412776e-05,1.2866641283035278,0.0,0.0
1006,2.1225295066833496,0.2563974857330322,16.169164657592773,9.040793418884277,0.6121930480003357,52.260623931884766,1.0741904973983765,1.0743166208267212,10.93,1.0243462324142456,0.09682076424360275,0.03589947149157524,3.7301175594329834,0.0,0.0,0.33231812715530396,7.754089165246114e-05,0.007720905356109142,0.874937117099762,0.0,0.0,1.1247559785842896,0.4097612202167511,0.019988836720585823,0.38864442706108093,0.018535112962126732,0.685039222240448,0.28633153438568115,0.01901950128376484,0.0007164824637584388,0.6016414761543274,1.0,0.0,0.7792922258377075,0.24828287959098816,0.0005019368836656213,0.017924394458532333,0.0,0.0,0.34290242195129395,0.05193229764699936,0.00010665679292287678,1.2842848300933838,0.0,0.0
1007,4.11927604675293,0.419961154460907,17.566679000854492,7.060629844665527,0.6005391478538513,42.13389587402344,1.0241013765335083,1.0303950309753418,596.43,1.0713905096054077,0.040768224745988846,0.0347638875246048,6.632124423980713,0.0,0.0,0.29634881019592285,8.29710734251421e-06,0.007867241278290749,0.7931755185127258,0.0,0.0,1.1604673862457275,0.38437458872795105,0.018198532983660698,0.3320021331310272,0.016185956075787544,0.5794021487236023,0.28608766198158264,0.018227534368634224,0.0006584327202290297,0.6177489757537842,1.0,0.0,0.8098576664924622,0.2501712739467621,0.0005167271010577679,0.018659556284546852,0.0,0.0,0.3441907465457916,0.05021197721362114,0.00010599909728625789,1.2833853960037231,0.0,0.0
1008,3.791431188583374,0.9677493572235107,33.663787841796875,2.6322004795074463,0.515565037727356,45.370689392089844,1.0533164739608765,1.0530622005462646,22.92,0.6861248016357422,0.024404965341091156,0.06947115808725357,23.982303619384766,0.0,0.0,0.3759040832519531,6.631825090153143e-05,0.003248063614591956,0.586972713470459,0.0,0.0,0.9832765460014343,0.5334205031394958,0.01574489288032055,0.17277179658412933,0.010691416449844837,0.28646913170814514,0.28649961948394775,0.017672674730420113,0.0005248257657513022,0.6009178757667542,1.0,0.0,0.8989645838737488,0.21607321500778198,0.0005804499960504472,0.020395362749695778,0.0,0.0,0.3478039801120758,0.05643235146999359,0.00010573281906545162,1.257650375366211,0.0,0.0
1009,1.8509725332260132,0.7373887896537781,19.24985694885254,8.812271118164062,0.4830160439014435,53.52470016479492,1.0679200887680054,1.0671508312225342,67.5,0.871997594833374,0.007818407379090786,0.06306769698858261,12.411093711853027,0.0,0.0,0.33478862047195435,1.060054637491703e-05,0.006625582929700613,0.6617985963821411,0.0,0.0,1.1565046310424805,0.324449360370636,0.02180764451622963,0.4515376687049866,0.02224745973944664,0.8231983780860901,0.2732182741165161,0.011943422257900238,0.0008732375572435558,0.473243772983551,1.0,0.0,0.8060323596000671,0.26409128308296204,0.000507341930642724,0.019108863547444344,0.0,0.0,0.3460083305835724,0.04311671108007431,8.904167771106586e-05,1.2899593114852905,0.0,0.0
1010,3.1765353679656982,0.3333373963832855,37.980812072753906,5.441645622253418,0.43653640151023865,55.893394470214844,1.1506571769714355,1.1492961645126343,102.92,1.0294276475906372,0.04597495123744011,0.030925380066037178,5.634801864624023,0.0,0.0,0.31692516803741455,4.4913576857652515e-05,0.008075552061200142,0.8437648415565491,0.0,0.0,1.1025824546813965,0.2580311596393585,0.01929582469165325,0.2996721863746643,0.017623651772737503,0.5471619963645935,0.27680978178977966,0.011366883292794228,0.0008619927684776485,0.44727960228919983,1.0,0.0,0.7263834476470947,0.36849093437194824,0.00046982240746729076,0.01773071102797985,0.0,0.0,0.34946250915527344,0.039231136441230774,0.00015682674711570144,1.267701506614685,0.0,0.0
1011,2.916914939880371,0.5729544758796692,28.912473678588867,2.9945380687713623,0.7938849925994873,55.82685852050781,1.1348178386688232,1.1336251497268677,92.71,0.9460983872413635,0.014912809245288372,0.0700090304017067,14.83920955657959,0.0,0.0,0.30962228775024414,5.3746323828818277e-05,0.0006019308930262923,0.7113640308380127,0.0,0.0,1.0328327417373657,0.5117045044898987,0.010999595746397972,0.10960421711206436,0.005422855261713266,0.17317432165145874,0.31085020303726196,0.034218281507492065,0.0002857613726519048,0.9527236223220825,1.0,0.0,1.1022590398788452,0.10341136157512665,0.0007387448567897081,0.021730756387114525,0.0,0.0,0.3402966856956482,0.09578485786914825,1.4624013601860497e-05,1.2950838804244995,0.0,0.0
1012,2.14908504486084,0.0635906308889389,37.27290344238281,5.368016242980957,0.6317771673202515,46.862281799316406,1.2762397527694702,1.2793136835098267,188.27,0.8348492980003357,0.17619147896766663,0.028885411098599434,1.4072020053863525,0.0,0.0,0.3823899030685425,0.0001810087269404903,0.0063650235533714294,0.9704379439353943,0.0,0.0,0.937940239906311,0.41503483057022095,0.016911184415221214,0.2273986041545868,0.01373447384685278,0.4093320667743683,0.2962827682495117,0.022221319377422333,0.0006561009213328362,0.6489550471305847,1.0,0.0,0.768481433391571,0.2750825881958008,0.0005030130851082504,0.017473889514803886,0.0,0.0,0.34238722920417786,0.05366303026676178,0.00018011362408287823,1.244864821434021,0.0,0.0
1013,4.5179619789123535,0.7921937108039856,35.840423583984375,9.831780433654785,0.6064035892486572,52.69195556640625,1.2937663793563843,1.2914015054702759,141.54,0.85600745677948,0.016386013478040695,0.0520174503326416,15.349017143249512,0.0,0.0,0.32707449793815613,1.1122543583041988e-05,0.005784208886325359,0.6192353963851929,0.0,0.0,1.0001676082611084,0.37578925490379333,0.020948106423020363,0.3542459011077881,0.02087748982012272,0.6724680066108704,0.29178816080093384,0.01814623363316059,0.0009422353468835354,0.5349542498588562,1.0,0.0,0.841285765171051,0.2450743168592453,0.0005304382066242397,0.019259048625826836,0.0,0.0,0.3418283462524414,0.04722214862704277,0.00015025463653728366,1.2559850215911865,0.0,0.0
1014,2.172644853591919,0.6301043033599854,26.60500717163086,9.10708236694336,0.6478493213653564,54.91908264160156,1.2578414678573608,1.2587411403656006,56.82,0.8909921646118164,0.01169462688267231,0.06691425293684006,13.053383827209473,0.0,0.0,0.31896790862083435,3.294928319519386e-05,0.003264198312535882,0.6825392246246338,0.0,0.0,1.0411345958709717,0.5112875699996948,0.019490590319037437,0.32985976338386536,0.018335659056901932,0.6157083511352539,0.29481491446495056,0.021404556930065155,0.0008171905064955354,0.6061930656433105,1.0,0.0,0.8900968432426453,0.1983560472726822,0.0005775631288997829,0.01978175900876522,0.0,0.0,0.3422091007232666,0.06306730210781097,5.713857899536379e-05,1.2843579053878784,0.0,0.0
1015,2.8448092937469482,0.2141139954328537,39.643898010253906,7.431560039520264,0.40397733449935913,52.73625183105469,1.1822330951690674,1.1794143915176392,202.15,1.0118926763534546,0.07557399570941925,0.022607410326600075,3.350189685821533,0.0,0.0,0.33262282609939575,6.434903480112553e-05,0.010608265176415443,0.899327278137207,0.0,0.0,1.0771088600158691,0.18108578026294708,0.021397408097982407,0.3819916546344757,0.02212541736662388,0.7175619006156921,0.27183255553245544,0.008386591449379921,0.0010469704866409302,0.3792847692966461,1.0,0.0,0.6540970802307129,0.43316784501075745,0.0004142348188906908,0.016549669206142426,0.0,0.0,0.34983792901039124,0.03045673482120037,0.00020371866412460804,1.2520402669906616,0.0,0.0
1016,4.401162624359131,0.35157501697540283,26.53251838684082,7.51334285736084,0.6592416167259216,56.62419509887695,1.2189900875091553,1.2179611921310425,69.3,1.112512230873108,0.057494327425956726,0.031033016741275787,7.0850749015808105,0.0,0.0,0.29925021529197693,3.0177345252013765e-05,0.004700318910181522,0.8212329149246216,0.0,0.0,1.094486117362976,0.46800723671913147,0.01800285093486309,0.2860608696937561,0.015648065134882927,0.5242018103599548,0.2966228425502777,0.022384855896234512,0.0007176867802627385,0.6500886082649231,1.0,0.0,0.8474553823471069,0.21872839331626892,0.000558308616746217,0.01890622079372406,0.0,0.0,0.34246474504470825,0.0638166293501854,6.216314795892686e-05,1.2864561080932617,0.0,0.0
1017,1.8143868446350098,0.9789409637451172,38.56944274902344,8.30544662475586,0.49304285645484924,50.75285720825195,1.2442729473114014,1.2462303638458252,126.23,0.6113907694816589,0.02442009374499321,0.08572450280189514,19.350685119628906,0.0,0.0,0.3870243430137634,6.9468813308049e-05,0.004131763707846403,0.5644207000732422,0.0,0.0,0.9446064233779907,0.3177153468132019,0.02178698219358921,0.3708299398422241,0.022056909278035164,0.704901397228241,0.28138411045074463,0.01287782471626997,0.0010094725294038653,0.43889397382736206,1.0,0.0,0.8097005486488342,0.2823812961578369,0.0005066824378445745,0.019283628091216087,0.0,0.0,0.3464670479297638,0.03955678269267082,0.0001852922432590276,1.2516465187072754,0.0,0.0
1018,1.8655742406845093,0.20178915560245514,19.13382339477539,6.683721542358398,0.6678934693336487,51.88901138305664,1.1378620862960815,1.1418156623840332,304.3,0.9471127390861511,0.11617188155651093,0.038877710700035095,3.50636887550354,0.0,0.0,0.35114040970802307,0.00014986973837949336,0.0050802091136574745,0.900976836681366,0.0,0.0,1.056004285812378,0.5310754776000977,0.017123954370617867,0.27271565794944763,0.014026010408997536,0.4822080731391907,0.29510027170181274,0.023800598457455635,0.0006100620375946164,0.6906609535217285,1.0,0.0,0.8348795771598816,0.2121681421995163,0.000552792043890804,0.018577352166175842,0.0,0.0,0.3425624370574951,0.06649893522262573,6.453265814343467e-05,1.287865400314331,0.0,0.0
1019,2.3514857292175293,0.6968336701393127,19.031631469726562,4.691774845123291,0.612319827079773,48.030574798583984,1.0443565845489502,1.0456840991973877,121.56,0.856498122215271,0.005596472416073084,0.07046370953321457,15.488058090209961,0.0,0.0,0.32409247756004333,2.246250005555339e-05,0.0033529570791870356,0.6713563799858093,0.0,0.0,1.085160493850708,0.6112318634986877,0.0162337739020586,0.2373923808336258,0.012621497735381126,0.4050830900669098,0.28966274857521057,0.020979849621653557,0.0005502707208506763,0.671391487121582,1.0,0.0,0.9235643148422241,0.18261505663394928,0.0005966579192318022,0.02039998210966587,0.0,0.0,0.34418800473213196,0.06634245812892914,5.1062994316453114e-05,1.2865395545959473,0.0,0.0
1020,4.604891777038574,0.4802491366863251,25.8520450592041,6.1432037353515625,0.5737829208374023,43.24747085571289,1.1324067115783691,1.1325230598449707,9.07,1.0655615329742432,0.026300599798560143,0.038000185042619705,7.767508506774902,0.0,0.0,0.2950628101825714,7.673526738471992e-07,0.007680411450564861,0.7614309787750244,0.0,0.0,1.1286309957504272,0.3737013041973114,0.0181997399777174,0.2924974262714386,0.015955055132508278,0.5293523669242859,0.2879999577999115,0.017666539177298546,0.0007149134762585163,0.5828381180763245,1.0,0.0,0.8080102205276489,0.26356303691864014,0.0005150060751475394,0.018713170662522316,0.0,0.0,0.34496092796325684,0.04844338446855545,0.00013171248428989202,1.2708666324615479,0.0,0.0
1021,1.2900559902191162,0.3060609996318817,27.367698669433594,3.1309244632720947,0.5933049917221069,48.690513610839844,1.1073663234710693,1.1049541234970093,197.14,0.8574245572090149,0.06398961693048477,0.057232290506362915,6.615262985229492,0.0,0.0,0.3499268889427185,0.00019957056792918593,0.002976204501464963,0.845036506652832,0.0,0.0,1.0296571254730225,0.5801816582679749,0.015530209057033062,0.1781250536441803,0.010457154363393784,0.2939830422401428,0.2927757501602173,0.022122129797935486,0.0004949686117470264,0.6778403520584106,1.0,0.0,0.8826521039009094,0.20352113246917725,0.0005906583392061293,0.019618893042206764,0.0,0.0,0.34565091133117676,0.06961240619421005,5.523063009604812e-05,1.2837120294570923,0.0,0.0
1022,4.351089954376221,0.3317877948284149,19.78789710998535,7.896251201629639,0.4780423641204834,47.37406921386719,1.0259966850280762,1.0308771133422852,461.43,1.1759437322616577,0.06371002644300461,0.0227563064545393,4.482036590576172,0.0,0.0,0.29895496368408203,9.86801660474157e-06,0.010678937658667564,0.8329614400863647,0.0,0.0,1.2364894151687622,0.2572709918022156,0.021079815924167633,0.4265453517436981,0.02039106748998165,0.7543010711669922,0.27359938621520996,0.011799542233347893,0.0008058105013333261,0.4825487732887268,1.0,0.0,0.7222898602485657,0.336514949798584,0.00045787333510816097,0.017504682764410973,0.0,0.0,0.346670538187027,0.038417983800172806,0.00010147110879188403,1.285887360572815,0.0,0.0
1023,1.7289960384368896,0.47685056924819946,22.38517189025879,8.218700408935547,0.580905556678772,59.19609451293945,1.166077733039856,1.1652902364730835,57.95,0.9416477084159851,0.022851204499602318,0.05736469477415085,8.461149215698242,0.0,0.0,0.32133665680885315,5.9470159612828866e-05,0.004749503917992115,0.7607768774032593,0.0,0.0,1.0913822650909424,0.40943488478660583,0.020040711387991905,0.36011189222335815,0.018965665251016617,0.6633912920951843,0.28659501671791077,0.017785776406526566,0.0008049025200307369,0.5586315393447876,1.0,0.0,0.8391251564025879,0.23183636367321014,0.0005439762026071548,0.019171064719557762,0.0,0.0,0.3438303768634796,0.0549464151263237,7.011422712821513e-05,1.2883963584899902,0.0,0.0
1024,5.208215236663818,0.2879060208797455,31.125593185424805,3.3473258018493652,0.6945252418518066,57.28768539428711,1.152861475944519,1.1523549556732178,38.13,1.1223008632659912,0.0865645632147789,0.02681850455701351,6.919355392456055,0.0,0.0,0.30169597268104553,5.876139402971603e-05,0.001902163727208972,0.8615320920944214,0.0,0.0,1.083815574645996,0.5854091048240662,0.013846241869032383,0.15169744193553925,0.008752705529332161,0.25359052419662476,0.3028072416782379,0.026937119662761688,0.00043897595605812967,0.7951721549034119,1.0,0.0,0.9199554920196533,0.17708760499954224,0.0006204303354024887,0.019623471423983574,0.0,0.0,0.34263402223587036,0.08690349012613297,3.575278606149368e-05,1.2900294065475464,0.0,0.0
1025,4.944036483764648,0.34326818585395813,20.386398315429688,8.64211368560791,0.4677124321460724,55.33320999145508,1.0324093103408813,1.0305613279342651,173.69,1.2330355644226074,0.058819059282541275,0.021193109452724457,5.031904697418213,0.0,0.0,0.2930641174316406,1.3556766589317704e-06,0.010769888758659363,0.8253668546676636,0.0,0.0,1.2756961584091187,0.24296881258487701,0.02174297533929348,0.45685386657714844,0.021745016798377037,0.8289346098899841,0.27209699153900146,0.010814635083079338,0.0008532280917279422,0.4660533666610718,1.0,0.0,0.7128285765647888,0.3432736396789551,0.00044890472781844437,0.01734360307455063,0.0,0.0,0.3463422358036041,0.03710050880908966,0.00010023144568549469,1.2865326404571533,0.0,0.0
1026,3.2288763523101807,0.23280440270900726,30.88541603088379,4.232700347900391,0.4534240961074829,44.10913848876953,1.0843819379806519,1.0826517343521118,147.38,1.0283598899841309,0.08312536031007767,0.026318468153476715,3.4936413764953613,0.0,0.0,0.32988274097442627,8.304374205181375e-05,0.00922220479696989,0.8949907422065735,0.0,0.0,1.0904176235198975,0.29686909914016724,0.018055513501167297,0.2569807469844818,0.014855797402560711,0.44478437304496765,0.27894309163093567,0.013476586900651455,0.0007017862517386675,0.4967455267906189,1.0,0.0,0.7288042902946472,0.34797990322113037,0.00047255094978027046,0.01764407381415367,0.0,0.0,0.3495393395423889,0.040894586592912674,0.0001721272274153307,1.2618954181671143,0.0,0.0
1027,1.2170233726501465,0.500105619430542,30.042470932006836,4.896683216094971,0.6639965176582336,45.60258483886719,1.2372342348098755,1.2370591163635254,11.44,0.8151916861534119,0.020004352554678917,0.0809888169169426,10.020063400268555,0.0,0.0,0.33057937026023865,0.00010063915397040546,0.002798554254695773,0.738980770111084,0.0,0.0,0.9851997494697571,0.5950021147727966,0.015843618661165237,0.20824556052684784,0.012087982147932053,0.3644419312477112,0.29914718866348267,0.024801021441817284,0.0005828876746818423,0.707533061504364,1.0,0.0,0.9196560382843018,0.18710856139659882,0.0006005681934766471,0.020111801102757454,0.0,0.0,0.3426520526409149,0.06788698583841324,7.121571979951113e-05,1.2688581943511963,0.0,0.0
1028,1.5215893983840942,0.6493892073631287,21.393905639648438,8.655970573425293,0.5367157459259033,42.72746276855469,1.1347187757492065,1.1342711448669434,34.78,0.8955869078636169,0.01115776039659977,0.05847596004605293,7.768563747406006,0.0,0.0,0.32756227254867554,2.305090856680181e-05,0.007953458465635777,0.6862635612487793,0.0,0.0,1.0710417032241821,0.43468648195266724,0.021580908447504044,0.41361474990844727,0.021481793373823166,0.724452793598175,0.2809457778930664,0.015745170414447784,0.0008129877387546003,0.5121873617172241,1.0,0.0,0.7893056273460388,0.24334020912647247,0.0004948580171912909,0.018631594255566597,0.0,0.0,0.34555110335350037,0.045304153114557266,0.00011096502566942945,1.2825342416763306,0.0,0.0
1029,3.382132053375244,0.8446898460388184,29.686086654663086,2.945640802383423,0.4955558478832245,47.912322998046875,1.0368777513504028,1.0372440814971924,34.06,0.7912184000015259,0.009778423234820366,0.06454870849847794,20.865419387817383,0.0,0.0,0.347709596157074,2.7115826014778577e-05,0.003968249075114727,0.6268219351768494,0.0,0.0,1.0610734224319458,0.504991352558136,0.01625208370387554,0.19276975095272064,0.011625810526311398,0.3213950991630554,0.2834257185459137,0.016413241624832153,0.0005627708742395043,0.5744746327400208,1.0,0.0,0.8850629329681396,0.22424151003360748,0.0005752149154432118,0.020276209339499474,0.0,0.0,0.3484986126422882,0.05612309277057648,7.930502033559605e-05,1.274953842163086,0.0,0.0
1030,3.4013872146606445,0.5748987197875977,31.872413635253906,3.263195276260376,0.45569583773612976,52.78426742553711,1.0492146015167236,1.048285722732544,84.45,0.9604104161262512,0.010987012647092342,0.04784664884209633,12.326406478881836,0.0,0.0,0.3132305145263672,6.560240308317589e-06,0.005696071311831474,0.7349608540534973,0.0,0.0,1.128746509552002,0.3888722062110901,0.016850359737873077,0.2130977213382721,0.012826751917600632,0.36266225576400757,0.2797865867614746,0.014027883298695087,0.000634887779597193,0.5246164202690125,1.0,0.0,0.8219032883644104,0.27580100297927856,0.0005349902203306556,0.019350698217749596,0.0,0.0,0.34968242049217224,0.04914909228682518,9.755578503245488e-05,1.278178334236145,0.0,0.0
1031,4.7618279457092285,0.5620790123939514,21.88859748840332,8.719255447387695,0.621766209602356,51.96258544921875,1.1316648721694946,1.1325434446334839,68.55,1.0725404024124146,0.017888499423861504,0.03915495425462723,11.77071475982666,0.0,0.0,0.29543328285217285,8.707432925803005e-07,0.004929483402520418,0.7239276170730591,0.0,0.0,1.148062825202942,0.4088629186153412,0.019093194976449013,0.35081297159194946,0.01812596246600151,0.6576756238937378,0.28964993357658386,0.018689636141061783,0.0007687030592933297,0.6035543084144592,1.0,0.0,0.84353107213974,0.22758997976779938,0.0005390018923208117,0.01914573647081852,0.0,0.0,0.34318387508392334,0.05513618886470795,7.439513137796894e-05,1.2853384017944336,0.0,0.0
1032,2.2485833168029785,0.37227171659469604,19.677656173706055,6.89227819442749,0.702734649181366,56.69846725463867,1.1565271615982056,1.1577521562576294,91.49,0.9630963206291199,0.05157030373811722,0.05130721256136894,7.264081954956055,0.0,0.0,0.321723997592926,8.812722808215767e-05,0.002848205156624317,0.8136385083198547,0.0,0.0,1.0507941246032715,0.564591646194458,0.016288621351122856,0.2565472424030304,0.013245216570794582,0.4595949947834015,0.2984847128391266,0.025402169674634933,0.0005911465850658715,0.7280946373939514,1.0,0.0,0.9092833399772644,0.17846760153770447,0.0005989173077978194,0.01976034604012966,0.0,0.0,0.34170371294021606,0.07367763668298721,4.9208108976017684e-05,1.2875789403915405,0.0,0.0
1033,3.090273380279541,0.6310360431671143,23.83893394470215,5.390894889831543,0.4567144513130188,58.16960144042969,1.0429799556732178,1.0426900386810303,26.66,0.9570756554603577,0.00813143141567707,0.050063956528902054,12.743765830993652,0.0,0.0,0.3162522614002228,1.17733418392163e-06,0.006804740056395531,0.7060037851333618,0.0,0.0,1.187605857849121,0.34534981846809387,0.01898322068154812,0.31748348474502563,0.016895480453968048,0.5631299614906311,0.27519455552101135,0.012513892725110054,0.0007464930531568825,0.4892236888408661,1.0,0.0,0.8149383068084717,0.2722294330596924,0.0005220997263677418,0.019319899380207062,0.0,0.0,0.34785109758377075,0.044976767152547836,8.32808218547143e-05,1.2888410091400146,0.0,0.0
1034,5.611198425292969,0.7175278067588806,22.138996124267578,8.38000774383545,0.6260768175125122,42.64781951904297,1.1110289096832275,1.1110239028930664,0.41,0.9729933738708496,0.008799091912806034,0.043890438973903656,12.797257423400879,0.0,0.0,0.311701238155365,1.3607226492240443e-06,0.005222200881689787,0.6609891057014465,0.0,0.0,1.112001657485962,0.4323117733001709,0.018521927297115326,0.34374621510505676,0.01749013364315033,0.6309775710105896,0.2895675003528595,0.01887919194996357,0.0007388252415694296,0.615251362323761,1.0,0.0,0.842805802822113,0.2293047159910202,0.0005323554505594075,0.019150204956531525,0.0,0.0,0.3434433937072754,0.05396644026041031,9.024035534821451e-05,1.2789413928985596,0.0,0.0
1035,1.8288862705230713,0.9522062540054321,20.376859664916992,5.280405044555664,0.504696786403656,41.94178009033203,1.0350279808044434,1.0334248542785645,149.88,0.6734392046928406,0.020384809002280235,0.07870813459157944,20.38829231262207,0.0,0.0,0.37891918420791626,6.410380592569709e-05,0.006259322632104158,0.5911837220191956,0.0,0.0,1.0558104515075684,0.4503404200077057,0.018535036593675613,0.30107545852661133,0.015974121168255806,0.522689163684845,0.2787628173828125,0.015340283513069153,0.0006690201698802412,0.5418952703475952,1.0,0.0,0.8512791991233826,0.23160132765769958,0.0005457921070046723,0.019823502749204636,0.0,0.0,0.347407728433609,0.05016656592488289,7.83222567406483e-05,1.2858279943466187,0.0,0.0
1036,5.064050197601318,0.8647468686103821,31.42557144165039,5.887489318847656,0.7100858092308044,43.498619079589844,1.247664451599121,1.2494661808013916,115.58,0.7978381514549255,0.016256799921393394,0.06155777722597122,19.51505470275879,0.0,0.0,0.33683398365974426,1.3857696103514172e-05,0.002140809316188097,0.6008179187774658,0.0,0.0,0.9679078459739685,0.5795080065727234,0.015379535034298897,0.21236900985240936,0.012052525766193867,0.3838484585285187,0.3025241494178772,0.02588551491498947,0.0005892501212656498,0.741756021976471,1.0,0.0,0.9523152709007263,0.17285330593585968,0.0006076013669371605,0.0204926747828722,0.0,0.0,0.3405134677886963,0.06794245541095734,8.5220999608282e-05,1.2552117109298706,0.0,0.0
1037,3.962284564971924,0.43896645307540894,16.30891227722168,8.087834358215332,0.5845943093299866,59.6723518371582,1.002334713935852,0.9986284971237183,370.27,1.0957881212234497,0.036813657730817795,0.03550795838236809,6.660259246826172,0.0,0.0,0.2968151867389679,6.04379829383106e-06,0.007268628105521202,0.7867984175682068,0.0,0.0,1.1797682046890259,0.37103989720344543,0.019304828718304634,0.37825292348861694,0.017928535118699074,0.6714922785758972,0.2830849885940552,0.01675453782081604,0.0006957094301469624,0.5890278816223145,1.0,0.0,0.8071184754371643,0.24782347679138184,0.0005097472458146513,0.018635770305991173,0.0,0.0,0.3431514501571655,0.04743041470646858,0.00012729251466225833,1.2774337530136108,0.0,0.0
1038,4.5443267822265625,0.7259040474891663,38.14025115966797,2.4188590049743652,0.5350663065910339,61.8803825378418,1.0755176544189453,1.0763938426971436,75.68,0.9139707684516907,0.004713823087513447,0.05020990967750549,15.226055145263672,0.0,0.0,0.31839028000831604,1.1295353488094406e-06,0.0016481408383697271,0.67454993724823,0.0,0.0,1.080593466758728,0.702741265296936,0.015482170507311821,0.16184109449386597,0.010188990272581577,0.2639567255973816,0.28862321376800537,0.018806830048561096,0.0004892978467978537,0.6299265027046204,1.0,0.0,0.9320026636123657,0.1774662435054779,0.0006049260264262557,0.020596016198396683,0.0,0.0,0.34696710109710693,0.0712331160902977,6.137914897408336e-05,1.281821370124817,0.0,0.0
1039,4.127532482147217,0.690413236618042,36.208160400390625,6.537667274475098,0.425790011882782,49.031288146972656,1.14420747756958,1.1458048820495605,121.84,0.9288219809532166,0.009082176722586155,0.04444670304656029,11.488146781921387,0.0,0.0,0.31817999482154846,9.070066653293907e-07,0.008378258906304836,0.6836838722229004,0.0,0.0,1.102294921875,0.25292450189590454,0.020417336374521255,0.3498266637325287,0.019985591992735863,0.6469311118125916,0.2745923399925232,0.0102339843288064,0.0009325688006356359,0.41737398505210876,1.0,0.0,0.7413946390151978,0.35722556710243225,0.0004605499270837754,0.01824192702770233,0.0,0.0,0.3492050766944885,0.033756159245967865,0.00020053367188666016,1.2536510229110718,0.0,0.0
1040,4.633659362792969,0.46570971608161926,32.36189651489258,8.923478126525879,0.5678930282592773,43.228633880615234,1.2370686531066895,1.235664963722229,91.83,1.040887475013733,0.032530948519706726,0.03764789178967476,6.453019618988037,0.0,0.0,0.2937609851360321,6.074679959056084e-07,0.009446190670132637,0.7608556747436523,0.0,0.0,1.0696840286254883,0.28764858841896057,0.02075018547475338,0.36326608061790466,0.020707102492451668,0.6871032118797302,0.2879559397697449,0.016024574637413025,0.0009179131593555212,0.5135295391082764,1.0,0.0,0.7589081525802612,0.31159305572509766,0.00047153799096122384,0.017937781289219856,0.0,0.0,0.34361013770103455,0.038679856806993484,0.00022358317801263183,1.2456141710281372,0.0,0.0
1041,5.748066425323486,0.8418759703636169,23.155841827392578,9.601961135864258,0.47256070375442505,43.58554458618164,1.0603532791137695,1.0616679191589355,116.78,0.9136481881141663,0.018162773922085762,0.03583864867687225,14.037972450256348,0.0,0.0,0.34500378370285034,4.740964141092263e-05,0.0076174247078597546,0.6144309043884277,0.0,0.0,1.1390438079833984,0.27174627780914307,0.022215545177459717,0.4859163761138916,0.02341422811150551,0.884894073009491,0.27178725600242615,0.010783111676573753,0.0009175968007184565,0.4565218985080719,1.0,0.0,0.7599163055419922,0.30445393919944763,0.00047530903248116374,0.01831824705004692,0.0,0.0,0.3469488322734833,0.03930339217185974,0.00011340795754222199,1.2825241088867188,0.0,0.0
1042,3.0465774536132812,0.9053964018821716,28.44692039489746,8.50756549835205,0.5105211138725281,47.21878433227539,1.177398681640625,1.1748813390731812,181.98,0.7740859985351562,0.019773408770561218,0.06044725701212883,18.077428817749023,0.0,0.0,0.3613215386867523,4.637494930648245e-05,0.006288596894592047,0.5893185138702393,0.0,0.0,1.0426841974258423,0.34518325328826904,0.021638019010424614,0.39678752422332764,0.02145046927034855,0.7385247945785522,0.2806932032108307,0.01401330903172493,0.0009234647150151432,0.47355860471725464,1.0,0.0,0.8179062008857727,0.2589961588382721,0.0005195960984565318,0.0192718543112278,0.0,0.0,0.34617874026298523,0.04462674260139465,0.00012070881348336115,1.2747294902801514,0.0,0.0
1043,4.260976314544678,0.9465556144714355,25.799171447753906,2.82183837890625,0.6700146198272705,50.71861267089844,1.0488969087600708,1.0477334260940552,105.87,0.7651211619377136,0.029569581151008606,0.0675407201051712,27.917530059814453,0.0,0.0,0.35985323786735535,4.340089435572736e-05,0.0010414065327495337,0.5754978060722351,0.0,0.0,1.0170589685440063,0.5931352972984314,0.013753753155469894,0.14470043778419495,0.0081233074888587,0.23665264248847961,0.2985973060131073,0.025886287912726402,0.0003901640302501619,0.7859331369400024,1.0,0.0,1.0347436666488647,0.13313253223896027,0.000684652419295162,0.021654345095157623,0.0,0.0,0.3433989882469177,0.09426949173212051,2.8660975658567622e-05,1.2868720293045044,0.0,0.0
1044,4.027188777923584,0.2804326117038727,18.737560272216797,6.192724704742432,0.5348624587059021,40.51649856567383,1.012851595878601,1.0127490758895874,9.99,1.0921056270599365,0.07811814546585083,0.025115441530942917,4.499363899230957,0.0,0.0,0.3080205023288727,3.59799487341661e-05,0.009166596457362175,0.8629699945449829,0.0,0.0,1.1594176292419434,0.32289859652519226,0.01860409788787365,0.33084601163864136,0.016593653708696365,0.5770993828773499,0.2806977331638336,0.01543367374688387,0.0006805853918194771,0.561188280582428,1.0,0.0,0.7555466294288635,0.2990916073322296,0.00048523605801165104,0.01784796454012394,0.0,0.0,0.3460249602794647,0.04538539797067642,0.00011493721831357107,1.2810932397842407,0.0,0.0
1045,1.9230461120605469,0.804762065410614,21.15353012084961,7.492443561553955,0.6773128509521484,57.7639045715332,1.1804066896438599,1.1817724704742432,97.91,0.7692813873291016,0.00795659888535738,0.08435659855604172,18.774057388305664,0.0,0.0,0.34104061126708984,4.571213139570318e-05,0.001489454647526145,0.6254792809486389,0.0,0.0,1.0172802209854126,0.5743216276168823,0.017350349575281143,0.28457340598106384,0.015029823407530785,0.5176904797554016,0.2960290014743805,0.023813724517822266,0.0006620343774557114,0.6817363500595093,1.0,0.0,0.9688718318939209,0.1598418802022934,0.0006298651569522917,0.02097366377711296,0.0,0.0,0.3419632911682129,0.07361193001270294,3.816671232925728e-05,1.2880253791809082,0.0,0.0
1046,4.376575469970703,0.35724878311157227,28.794424057006836,3.4500138759613037,0.637977123260498,51.698734283447266,1.1221307516098022,1.1223920583724976,20.75,1.06608247756958,0.056006718426942825,0.03414453938603401,8.184691429138184,0.0,0.0,0.30264315009117126,5.0767128414008766e-05,0.002620844868943095,0.8215361833572388,0.0,0.0,1.0825896263122559,0.5802204012870789,0.014949733391404152,0.17406068742275238,0.010131885297596455,0.2947061359882355,0.2970559298992157,0.023370184004306793,0.0004944218089804053,0.7201064825057983,1.0,0.0,0.8954163193702698,0.19868351519107819,0.0005962272989563644,0.019612781703472137,0.0,0.0,0.34401237964630127,0.07297886908054352,5.414720726548694e-05,1.2824842929840088,0.0,0.0
1047,1.4917751550674438,0.07589061558246613,18.454858779907227,9.57919692993164,0.4017381966114044,45.960205078125,1.0428571701049805,1.0417052507400513,106.04,1.0171012878417969,0.1595260202884674,0.015910405665636063,2.163538932800293,0.0,0.0,0.37317290902137756,0.00011354395974194631,0.013413404114544392,0.9728450179100037,0.0,0.0,1.2016644477844238,0.20685049891471863,0.023901773616671562,0.544154942035675,0.02512754686176777,0.9481059908866882,0.26353010535240173,0.008219357579946518,0.000926410430110991,0.4097874164581299,1.0,0.0,0.6381208300590515,0.41382676362991333,0.0004053387092426419,0.016097817569971085,0.0,0.0,0.3483743667602539,0.032674841582775116,8.432006143266335e-05,1.292170524597168,0.0,0.0
1048,1.5774362087249756,0.8026502132415771,20.807418823242188,9.988815307617188,0.5272316336631775,53.29814910888672,1.132849931716919,1.134021282196045,91.18,0.7984579801559448,0.010093177668750286,0.07140765339136124,15.387001991271973,0.0,0.0,0.3465892970561981,3.8464680983452126e-05,0.005296767223626375,0.6299492120742798,0.0,0.0,1.0930434465408325,0.3521342873573303,0.02223784849047661,0.4548347592353821,0.02296231873333454,0.8437452912330627,0.27857720851898193,0.014004870317876339,0.0009131882106885314,0.4939841628074646,1.0,0.0,0.8381841778755188,0.23938754200935364,0.0005324322846718132,0.01953241601586342,0.0,0.0,0.34500449895858765,0.04782254248857498,7.20809621270746e-05,1.2902976274490356,0.0,0.0
1049,1.1308366060256958,0.8665173053741455,25.79501724243164,2.791494131088257,0.6079984903335571,40.090728759765625,1.0764049291610718,1.0766465663909912,20.85,0.6534736752510071,0.012327791191637516,0.10652368515729904,20.795692443847656,0.0,0.0,0.36234936118125916,8.532537322025746e-05,0.0026235943660140038,0.6062424778938293,0.0,0.0,0.9731475114822388,0.6370059251785278,0.014834647066891193,0.16118647158145905,0.009568882174789906,0.2600693106651306,0.29402488470077515,0.02305910736322403,0.0004495762404985726,0.7070544958114624,1.0,0.0,0.9644190073013306,0.16919398307800293,0.0006284229457378387,0.021078381687402725,0.0,0.0,0.3455319404602051,0.07115722447633743,5.804324973723851e-05,1.2720354795455933,0.0,0.0
1050,3.9388041496276855,0.3372603952884674,36.09040451049805,2.218625068664551,0.6681310534477234,57.373382568359375,1.1046861410140991,1.1071128845214844,198.42,1.0254745483398438,0.06813915073871613,0.037313442677259445,7.927934646606445,0.0,0.0,0.31021732091903687,8.482446719426662e-05,0.0013111962471157312,0.8342124819755554,0.0,0.0,1.0595818758010864,0.6011314988136292,0.013281328603625298,0.12749610841274261,0.007369344588369131,0.20060878992080688,0.3010939061641693,0.0263861995190382,0.00035796361044049263,0.7982983589172363,1.0,0.0,0.9513235092163086,0.16736260056495667,0.0006402583094313741,0.02012213133275509,0.0,0.0,0.3430136442184448,0.08965335041284561,4.052518488606438e-05,1.283090353012085,0.0,0.0
1051,2.321403980255127,0.5139807462692261,17.521320343017578,5.904425144195557,0.5975101590156555,44.88331985473633,1.0405359268188477,1.0423907041549683,171.0,0.9527694582939148,0.021118836477398872,0.05516240373253822,9.695308685302734,0.0,0.0,0.3134036660194397,3.17377234750893e-05,0.006038843188434839,0.7497491240501404,0.0,0.0,1.1170251369476318,0.487169086933136,0.01752820797264576,0.2903224527835846,0.014837976545095444,0.5038439035415649,0.28676271438598633,0.019275905564427376,0.0006190021522343159,0.631531834602356,1.0,0.0,0.8571792244911194,0.21472421288490295,0.0005509977345354855,0.019377870485186577,0.0,0.0,0.34425848722457886,0.05714717507362366,7.697061664657667e-05,1.2850240468978882,0.0,0.0
1052,1.2715644836425781,0.14641745388507843,27.648921966552734,4.465973854064941,0.6087572574615479,59.427738189697266,1.1779838800430298,1.1791584491729736,84.56,0.8707920908927917,0.1429366171360016,0.03984621539711952,2.849567174911499,0.0,0.0,0.37976422905921936,0.00025958087644539773,0.002677513752132654,0.9272205829620361,0.0,0.0,1.0212790966033936,0.6298523545265198,0.016964588314294815,0.2202000916004181,0.012572013773024082,0.38463151454925537,0.2934059202671051,0.022786207497119904,0.0005666165379807353,0.6573514342308044,1.0,0.0,0.847353458404541,0.19489556550979614,0.0005720548797398806,0.018724162131547928,0.0,0.0,0.34469959139823914,0.07853955775499344,3.984261638834141e-05,1.2965654134750366,0.0,0.0
1053,4.31614351272583,0.9658909440040588,24.089290618896484,3.820568561553955,0.661983847618103,40.410072326660156,1.0765068531036377,1.0764758586883545,2.67,0.726662814617157,0.02974534220993519,0.06718414276838303,25.376426696777344,0.0,0.0,0.36570197343826294,5.215778583078645e-05,0.0017693436238914728,0.5698150992393494,0.0,0.0,0.9977790713310242,0.5940987467765808,0.01454712264239788,0.18321935832500458,0.00988420657813549,0.3086053431034088,0.29651257395744324,0.024381360039114952,0.00046512120752595365,0.7470748424530029,1.0,0.0,0.9700280427932739,0.163696750998497,0.0006300394306890666,0.020945420488715172,0.0,0.0,0.3434835970401764,0.07444725185632706,5.335230162017979e-05,1.274298906326294,0.0,0.0
1054,5.440503120422363,0.49297136068344116,36.44839096069336,5.634921550750732,0.6924404501914978,56.554840087890625,1.2801121473312378,1.2819914817810059,114.52,1.0430094003677368,0.022977974265813828,0.039948470890522,10.805828094482422,0.0,0.0,0.2882849872112274,8.195424925361294e-07,0.002333340235054493,0.7596482038497925,0.0,0.0,1.0687109231948853,0.5364435911178589,0.015763532370328903,0.20888099074363708,0.012469487264752388,0.3798760175704956,0.3018789291381836,0.02479015290737152,0.000619881902821362,0.7207022905349731,1.0,0.0,0.9086101651191711,0.19716601073741913,0.0005906518781557679,0.01979946531355381,0.0,0.0,0.34071382880210876,0.0663512647151947,7.220025145215914e-05,1.2709383964538574,0.0,0.0
1055,4.824495792388916,0.38644611835479736,36.674076080322266,7.2468109130859375,0.4833081066608429,48.098838806152344,1.1947438716888428,1.196012020111084,88.75,1.0715504884719849,0.04205050319433212,0.029392490163445473,5.50641393661499,0.0,0.0,0.2954164743423462,6.729017627549183e-07,0.01008711475878954,0.8093754053115845,0.0,0.0,1.0981377363204956,0.23666441440582275,0.02060815319418907,0.34846919775009155,0.02019440568983555,0.6546187400817871,0.2805590033531189,0.012388316914439201,0.0009314325288869441,0.45249703526496887,1.0,0.0,0.7162917852401733,0.374789297580719,0.00044660165440291166,0.017459524795413017,0.0,0.0,0.34654977917671204,0.03394346311688423,0.000226768315769732,1.2445470094680786,0.0,0.0
1056,3.1084482669830322,0.703050434589386,32.6915397644043,3.1605045795440674,0.7493451237678528,54.952484130859375,1.1822259426116943,1.1818292140960693,28.39,0.8579798340797424,0.0072099328972399235,0.07715009152889252,18.406429290771484,0.0,0.0,0.3162226974964142,2.54807328019524e-05,0.0006736148498021066,0.6560554504394531,0.0,0.0,1.0188804864883423,0.5433627963066101,0.012286857701838017,0.12971273064613342,0.007011795416474342,0.2120806872844696,0.30750447511672974,0.030823975801467896,0.00035438075428828597,0.8788965344429016,1.0,0.0,1.0721251964569092,0.12293153256177902,0.0007096229819580913,0.021766649559140205,0.0,0.0,0.34058505296707153,0.0941532626748085,2.4327029677806422e-05,1.2852859497070312,0.0,0.0
1057,4.500589370727539,0.9448354244232178,23.212953567504883,4.415971279144287,0.7087585926055908,57.5687370300293,1.0995622873306274,1.0988906621932983,55.58,0.7847487330436707,0.03387371078133583,0.05815280228853226,19.696489334106445,0.0,0.0,0.35785406827926636,2.6763817004393786e-05,0.001081738155335188,0.5780417323112488,0.0,0.0,0.9802604913711548,0.5654944777488708,0.014767555519938469,0.18349146842956543,0.009766747243702412,0.31374412775039673,0.3002541959285736,0.0277042668312788,0.0004145346465520561,0.7934620976448059,1.0,0.0,1.026328206062317,0.11394785344600677,0.0006667324341833591,0.021411580964922905,0.0,0.0,0.34215113520622253,0.0947856679558754,3.6186967918183655e-05,1.291514277458191,0.0,0.0
1058,5.892464637756348,0.5538265109062195,34.145084381103516,3.8361129760742188,0.5878428816795349,74.07215118408203,1.1470980644226074,1.1470178365707397,6.1,1.0891951322555542,0.01232150662690401,0.03471837565302849,14.248254776000977,0.0,0.0,0.29239413142204285,1.145886812992103e-06,0.0017887671710923314,0.7422339916229248,0.0,0.0,1.153678059577942,0.5720667243003845,0.01619763858616352,0.20023924112319946,0.011937362141907215,0.3520319163799286,0.29242876172065735,0.020284457132220268,0.0005906254518777132,0.6466754674911499,1.0,0.0,0.9039813876152039,0.19887800514698029,0.0005983583396300673,0.019964419305324554,0.0,0.0,0.34513357281684875,0.07099339365959167,3.250302324886434e-05,1.2968182563781738,0.0,0.0
1059,4.538090705871582,0.9698769450187683,19.29592514038086,9.452810287475586,0.5800533890724182,49.77644348144531,1.057157278060913,1.0565983057022095,50.04,0.794577419757843,0.031280867755413055,0.04742204025387764,16.85004234313965,0.0,0.0,0.3739769756793976,7.047138205962256e-05,0.004449204541742802,0.5729824900627136,0.0,0.0,1.0806739330291748,0.4407711923122406,0.020755719393491745,0.4202858805656433,0.019904127344489098,0.7521081566810608,0.2821677327156067,0.01671130396425724,0.0007633229834027588,0.5634452104568481,1.0,0.0,0.8565965890884399,0.21216851472854614,0.0005461401306092739,0.01962730847299099,0.0,0.0,0.34399303793907166,0.05178654193878174,7.520750659750775e-05,1.2887639999389648,0.0,0.0
1060,3.4241740703582764,0.4054320156574249,17.4555606842041,8.370893478393555,0.495648056268692,44.47954177856445,1.0097334384918213,1.0078717470169067,182.93,1.1005064249038696,0.046455610543489456,0.03085358813405037,5.2844438552856445,0.0,0.0,0.3022092878818512,7.664825716346968e-06,0.010148140601813793,0.7993633151054382,0.0,0.0,1.2245240211486816,0.2753686308860779,0.021161310374736786,0.4428960084915161,0.020809436216950417,0.7745937705039978,0.2737843692302704,0.012369529344141483,0.0007933540036901832,0.49855858087539673,1.0,0.0,0.7363434433937073,0.316813200712204,0.000463450065581128,0.017742151394486427,0.0,0.0,0.3460342586040497,0.03873350843787193,9.978758316719905e-05,1.2865042686462402,0.0,0.0
1061,2.389346122741699,0.9130145311355591,19.026817321777344,9.953954696655273,0.6017799973487854,41.92095184326172,1.122079610824585,1.1193270683288574,219.16,0.7428703308105469,0.023477671667933464,0.06945083290338516,16.135848999023438,0.0,0.0,0.361852765083313,5.54487451154273e-05,0.005616656504571438,0.5871627330780029,0.0,0.0,1.0523523092269897,0.4230743944644928,0.020772794261574745,0.41465815901756287,0.020325917750597,0.7412371635437012,0.2853531837463379,0.018055640161037445,0.000796101288869977,0.5729932188987732,1.0,0.0,0.8604558110237122,0.21605150401592255,0.0005460967076942325,0.019734207540750504,0.0,0.0,0.3437855839729309,0.05051996186375618,8.353980229003355e-05,1.2848584651947021,0.0,0.0
1062,4.870873928070068,0.5980457067489624,18.683284759521484,9.120043754577637,0.7151409983634949,53.4268798828125,1.1032217741012573,1.1059081554412842,220.18,1.0369703769683838,0.013244790025055408,0.0445835217833519,12.519577980041504,0.0,0.0,0.2964205741882324,8.224735665862681e-07,0.002908492460846901,0.7170315980911255,0.0,0.0,1.1274404525756836,0.5444482564926147,0.016785645857453346,0.30735862255096436,0.015067781321704388,0.5595365762710571,0.2973829209804535,0.02376384101808071,0.0006447951309382915,0.7168539762496948,1.0,0.0,0.9125363826751709,0.18216654658317566,0.0005844372790306807,0.020009908825159073,0.0,0.0,0.34159964323043823,0.06586596369743347,5.460260945255868e-05,1.2864521741867065,0.0,0.0
1063,5.08885383605957,0.6858640909194946,20.5051326751709,8.355753898620605,0.47595977783203125,59.84314727783203,1.016743540763855,1.0175652503967285,79.42,1.014876365661621,0.010681740939617157,0.03657729551196098,13.678084373474121,0.0,0.0,0.3102952241897583,9.781109611139982e-07,0.007486772257834673,0.6767616271972656,0.0,0.0,1.2157106399536133,0.2844260334968567,0.0210589487105608,0.4395447373390198,0.021227441728115082,0.8073500394821167,0.27233269810676575,0.011076691560447216,0.0008444295381195843,0.47640880942344666,1.0,0.0,0.7876085638999939,0.2860792875289917,0.0004924174281768501,0.01877441070973873,0.0,0.0,0.345865398645401,0.04067566990852356,0.0001056864348356612,1.2845968008041382,0.0,0.0
1064,4.610360145568848,0.026740077883005142,33.490699768066406,7.321234703063965,0.43069174885749817,44.865352630615234,1.1596208810806274,1.1584970951080322,83.65,1.096055030822754,0.18945090472698212,0.006757105700671673,1.6200987100601196,0.0,0.0,0.34743380546569824,7.627264858456329e-05,0.013217096216976643,1.0029700994491577,0.0,0.0,1.084865689277649,0.19508258998394012,0.02131209708750248,0.3847006559371948,0.021259114146232605,0.7045136094093323,0.2749001979827881,0.010437731631100178,0.0009513716213405132,0.412487268447876,1.0,0.0,0.6237592101097107,0.43388938903808594,0.00039839089731685817,0.015716105699539185,0.0,0.0,0.34888872504234314,0.03172392025589943,0.0002053957141470164,1.2506132125854492,0.0,0.0
1065,1.9256147146224976,0.39376693964004517,20.750900268554688,2.8849661350250244,0.652158260345459,56.34088897705078,1.0230895280838013,1.0242204666137695,107.93,0.9180633425712585,0.047747720032930374,0.05898250639438629,8.9966402053833,0.0,0.0,0.3292255997657776,0.0001329526276094839,0.0017891123425215483,0.8031008243560791,0.0,0.0,1.0517455339431763,0.6011275053024292,0.014112296514213085,0.15569175779819489,0.008663531392812729,0.25060757994651794,0.29594817757606506,0.025110140442848206,0.0003971082915086299,0.7656316161155701,1.0,0.0,0.9672490358352661,0.15463611483573914,0.0006462308228947222,0.02059757150709629,0.0,0.0,0.34372225403785706,0.0873359814286232,3.334454231662676e-05,1.290989637374878,0.0,0.0
1066,2.357583522796631,0.13031120598316193,27.9676513671875,6.44705867767334,0.6171264052391052,54.014915466308594,1.2235175371170044,1.2247871160507202,84.72,0.9707199335098267,0.1384534388780594,0.027247672900557518,2.515841007232666,0.0,0.0,0.35957297682762146,0.00017089126049540937,0.006147364154458046,0.9327937960624695,0.0,0.0,1.044922113418579,0.45671510696411133,0.018397219479084015,0.27658674120903015,0.015513560734689236,0.4994015395641327,0.29355180263519287,0.021449290215969086,0.0007100080256350338,0.6171267032623291,1.0,0.0,0.7901365756988525,0.24619978666305542,0.0005288273678161204,0.017935821786522865,0.0,0.0,0.34375283122062683,0.06198664754629135,7.322274905163795e-05,1.2858967781066895,0.0,0.0
1067,4.780601501464844,0.09575178474187851,22.910900115966797,5.01494836807251,0.5289347767829895,47.0806770324707,1.0568130016326904,1.0552648305892944,138.82,1.1460801362991333,0.17279917001724243,0.012726946733891964,1.9169865846633911,0.0,0.0,0.3327804505825043,8.738505857763812e-05,0.009185784496366978,0.9621486663818359,0.0,0.0,1.1439334154129028,0.34835654497146606,0.01812402717769146,0.27885523438453674,0.014734628610312939,0.48084113001823425,0.2836131453514099,0.016521714627742767,0.0006433969247154891,0.5676206350326538,1.0,0.0,0.7225139737129211,0.315314918756485,0.0004764733894262463,0.017047110944986343,0.0,0.0,0.34664586186408997,0.04948769509792328,0.00010973118332913145,1.2826597690582275,0.0,0.0
1068,1.2904523611068726,0.8615156412124634,39.29960250854492,6.663721084594727,0.5555891394615173,58.325565338134766,1.2675633430480957,1.2677828073501587,13.66,0.6536033749580383,0.009567633271217346,0.09710228443145752,18.652690887451172,0.0,0.0,0.36037200689315796,5.058035094407387e-05,0.0011886847205460072,0.6009060144424438,0.0,0.0,0.964676558971405,0.4814260005950928,0.01943913847208023,0.29408028721809387,0.017775336280465126,0.5457512140274048,0.2884790897369385,0.01722429320216179,0.0008481234544888139,0.5327227115631104,1.0,0.0,0.9018089175224304,0.2141997218132019,0.0005796205950900912,0.020442688837647438,0.0,0.0,0.3448733389377594,0.05621287599205971,7.628984894836321e-05,1.2715041637420654,0.0,0.0
1069,4.586690425872803,0.8666167259216309,28.13531494140625,7.923150539398193,0.7108389735221863,46.96151351928711,1.2563512325286865,1.2563846111297607,2.11,0.8113264441490173,0.018726995214819908,0.057370107620954514,19.823841094970703,0.0,0.0,0.3393501341342926,2.3204107492347248e-05,0.0024010951165109873,0.5969840288162231,0.0,0.0,0.9751226902008057,0.5763806700706482,0.01707414910197258,0.263773113489151,0.014597331173717976,0.48103436827659607,0.3012077808380127,0.025466881692409515,0.0006650401628576219,0.7029403448104858,1.0,0.0,0.9382275342941284,0.171996608376503,0.0006028269999660552,0.02042590267956257,0.0,0.0,0.3407594859600067,0.06806914508342743,7.348755025304854e-05,1.2711392641067505,0.0,0.0
1070,2.407973289489746,0.825864315032959,34.905948638916016,2.96875262260437,0.5589425563812256,57.59782791137695,1.123947024345398,1.1272436380386353,260.2,0.7455930113792419,0.007342179771512747,0.08160851895809174,22.40707778930664,0.0,0.0,0.3466672897338867,3.819217818090692e-05,0.0011752768186852336,0.6272770762443542,0.0,0.0,1.0247669219970703,0.6428678035736084,0.0156903937458992,0.17698010802268982,0.010783967562019825,0.29728078842163086,0.2907499074935913,0.019981328397989273,0.0005319795454852283,0.6400659084320068,1.0,0.0,0.9511005878448486,0.18526960909366608,0.0006277033244259655,0.020994840189814568,0.0,0.0,0.34637677669525146,0.07076946645975113,4.2208790546283126e-05,1.2839789390563965,0.0,0.0
1071,5.419406414031982,0.35850223898887634,27.613706588745117,7.559927463531494,0.46450570225715637,40.662349700927734,1.1086615324020386,1.108637809753418,1.93,1.1488635540008545,0.051332250237464905,0.02638242393732071,4.5041680335998535,0.0,0.0,0.2926938831806183,6.42826250896178e-07,0.011062311939895153,0.8219130635261536,0.0,0.0,1.1777281761169434,0.22845928370952606,0.020864734426140785,0.39579567313194275,0.02068021334707737,0.7193000912666321,0.276030957698822,0.011516225524246693,0.0008847834542393684,0.4523670971393585,1.0,0.0,0.7046665549278259,0.3761393427848816,0.0004393058770801872,0.017358621582388878,0.0,0.0,0.34774231910705566,0.033226002007722855,0.0001749482617015019,1.261228084564209,0.0,0.0
1072,2.89709210395813,0.7968754172325134,21.41619300842285,8.71237850189209,0.5908825993537903,40.54872512817383,1.1379342079162598,1.1346536874771118,254.08,0.8440337777137756,0.012916157022118568,0.061330124735832214,14.086999893188477,0.0,0.0,0.33453115820884705,2.232702900073491e-05,0.006745476275682449,0.6263973116874695,0.0,0.0,1.0676124095916748,0.4076562821865082,0.019979655742645264,0.3754700720310211,0.019325075671076775,0.6826210618019104,0.28618764877319336,0.017635028809309006,0.0007952369633130729,0.5677093267440796,1.0,0.0,0.8325669765472412,0.23695401847362518,0.0005268185632303357,0.019171586260199547,0.0,0.0,0.3441772162914276,0.04985441640019417,0.0001023266013362445,1.278133749961853,0.0,0.0
1073,5.438663482666016,0.8494981527328491,42.116729736328125,4.376485824584961,0.49589288234710693,48.3679313659668,1.150862216949463,1.1520565748214722,90.08,0.7607356905937195,0.009766250848770142,0.05263075605034828,16.570392608642578,0.0,0.0,0.34225478768348694,1.3444628166325856e-05,0.005079053808003664,0.6345681548118591,0.0,0.0,0.9677022695541382,0.3242914080619812,0.01739027351140976,0.23951463401317596,0.014678985811769962,0.42923131585121155,0.2833862900733948,0.01442092377692461,0.0007220857078209519,0.5252581834793091,1.0,0.0,0.8097412586212158,0.3050188720226288,0.000500289024785161,0.019103143364191055,0.0,0.0,0.3463595509529114,0.03814258053898811,0.00027214986039325595,1.2235642671585083,0.0,0.0
1074,5.700589179992676,0.6744058728218079,32.30198287963867,6.148305416107178,0.5096022486686707,43.35654067993164,1.1456996202468872,1.1460628509521484,27.66,0.9601410031318665,0.008221643045544624,0.04207433760166168,10.501602172851562,0.0,0.0,0.3089046776294708,7.740757723695424e-07,0.0074223666451871395,0.6842777132987976,0.0,0.0,1.0806396007537842,0.32525649666786194,0.019086062908172607,0.310971200466156,0.017614739015698433,0.5708476901054382,0.28276190161705017,0.014381574466824532,0.0008031664765439928,0.5064147114753723,1.0,0.0,0.7827067971229553,0.2994379997253418,0.00048677134327590466,0.018564870581030846,0.0,0.0,0.34636181592941284,0.04026279225945473,0.00020933961786795408,1.2507445812225342,0.0,0.0
1075,4.5539679527282715,0.9639284610748291,29.95357894897461,7.645362854003906,0.6324856877326965,59.777103424072266,1.2290539741516113,1.234132170677185,334.79,0.740355908870697,0.02880108542740345,0.0563688799738884,27.393638610839844,0.0,0.0,0.3682275712490082,6.256859342101961e-05,0.0016980146756395698,0.5695741176605225,0.0,0.0,0.9949943423271179,0.560168981552124,0.018917962908744812,0.30035528540611267,0.016698705032467842,0.5562639832496643,0.293936550617218,0.021251892670989037,0.0007558541256003082,0.6123037934303284,1.0,0.0,0.9315072298049927,0.1831212192773819,0.0006087216315791011,0.02058388665318489,0.0,0.0,0.34267860651016235,0.06689221411943436,4.657407771446742e-05,1.2859971523284912,0.0,0.0
1076,3.3242027759552,0.7239366173744202,28.997987747192383,6.088436603546143,0.45142313838005066,56.4708137512207,1.108120322227478,1.1081511974334717,2.51,0.9125205874443054,0.0069808089174330235,0.051484089344739914,15.19272232055664,0.0,0.0,0.32602658867836,1.2055261322529987e-06,0.0065758805721998215,0.6675858497619629,0.0,0.0,1.1532363891601562,0.3325258791446686,0.019929299131035805,0.3369557559490204,0.01843508705496788,0.6127804517745972,0.2760802209377289,0.012100446037948132,0.00084119220264256,0.4606570899486542,1.0,0.0,0.8073257207870483,0.28018394112586975,0.0005172237288206816,0.019248252734541893,0.0,0.0,0.34844645857810974,0.04422195628285408,8.795254689175636e-05,1.2866816520690918,0.0,0.0
1077,2.629150390625,0.3396681547164917,23.91765022277832,9.001888275146484,0.6854962110519409,53.336326599121094,1.2422939538955688,1.2448097467422485,162.69,1.0073213577270508,0.058607958257198334,0.0428500734269619,6.605418682098389,0.0,0.0,0.3182159662246704,7.619436655659229e-05,0.0043266029097139835,0.821294367313385,0.0,0.0,1.0543696880340576,0.477935791015625,0.01832081377506256,0.3072175979614258,0.016653358936309814,0.5704657435417175,0.2979808747768402,0.02344706654548645,0.0007477212348021567,0.6588559150695801,1.0,0.0,0.8535109162330627,0.21303264796733856,0.0005616985145024955,0.018956907093524933,0.0,0.0,0.3416377902030945,0.0645940825343132,6.168225809233263e-05,1.2850151062011719,0.0,0.0
1078,3.0914230346679688,0.7012499570846558,30.895587921142578,3.5725910663604736,0.5933389663696289,48.95257568359375,1.138352394104004,1.1364314556121826,148.49,0.855892539024353,0.005757346749305725,0.06698079407215118,17.10923194885254,0.0,0.0,0.3211650252342224,1.7511860278318636e-05,0.0024706271942704916,0.6667680740356445,0.0,0.0,1.0421236753463745,0.5779476165771484,0.015724873170256615,0.19042855501174927,0.011356756091117859,0.32704487442970276,0.29307636618614197,0.020910177379846573,0.0005517119425348938,0.6605696082115173,1.0,0.0,0.9181415438652039,0.19820505380630493,0.000597684585954994,0.020340925082564354,0.0,0.0,0.3450056314468384,0.0653921589255333,6.465194746851921e-05,1.273165225982666,0.0,0.0
1079,4.826961517333984,0.41919809579849243,30.558151245117188,8.861945152282715,0.6697230935096741,42.25412368774414,1.2780327796936035,1.2785322666168213,30.57,1.0347651243209839,0.040258631110191345,0.039292722940444946,6.714530944824219,0.0,0.0,0.2918478548526764,3.9010847103782e-06,0.007281061727553606,0.7848457098007202,0.0,0.0,1.0261118412017822,0.3746526837348938,0.018448008224368095,0.30051448941230774,0.017335960641503334,0.5657384991645813,0.2981908321380615,0.02164190262556076,0.0007997315260581672,0.6294363141059875,1.0,0.0,0.8176040649414062,0.25505614280700684,0.0005171950906515121,0.01853157766163349,0.0,0.0,0.341020792722702,0.049375563859939575,0.000176966714207083,1.248978853225708,0.0,0.0
1080,1.8098182678222656,0.7867318391799927,25.254085540771484,4.164958477020264,0.6150739192962646,48.809669494628906,1.1335190534591675,1.1330878734588623,33.57,0.7686067819595337,0.006875029765069485,0.08585409075021744,19.691923141479492,0.0,0.0,0.34184956550598145,5.106473690830171e-05,0.0022886977531015873,0.6318092942237854,0.0,0.0,1.0252548456192017,0.6254385709762573,0.01601213403046131,0.20792116224765778,0.011911672540009022,0.35943010449409485,0.29338812828063965,0.022283872589468956,0.0005556184914894402,0.675902783870697,1.0,0.0,0.9484428763389587,0.17367127537727356,0.0006209503626450896,0.02075083553791046,0.0,0.0,0.3445379436016083,0.07237286120653152,4.239046393195167e-05,1.2848925590515137,0.0,0.0
1081,5.0733561515808105,0.5976710915565491,16.53230857849121,7.4994215965271,0.7765495777130127,44.76627731323242,1.0238893032073975,1.027645230293274,356.96,1.0031734704971313,0.006928160320967436,0.04755508154630661,13.968971252441406,0.0,0.0,0.29366543889045715,8.435388281213818e-07,0.0015439498238265514,0.7228366732597351,0.0,0.0,1.099955439567566,0.5255647301673889,0.013458732515573502,0.23208780586719513,0.01098868902772665,0.4156251549720764,0.3024389445781708,0.027237247675657272,0.0005119028501212597,0.8310894966125488,1.0,0.0,0.9748558402061462,0.1553928554058075,0.0006258607609197497,0.02071860246360302,0.0,0.0,0.34131601452827454,0.07964081317186356,3.552874841261655e-05,1.2881397008895874,0.0,0.0
1082,3.6735734939575195,0.5845779776573181,37.474281311035156,8.500640869140625,0.5131289958953857,47.925811767578125,1.241891622543335,1.2403202056884766,102.02,0.9425824284553528,0.016406511887907982,0.04754688963294029,8.773229598999023,0.0,0.0,0.30549341440200806,7.082743422870408e-07,0.008541174232959747,0.7083368897438049,0.0,0.0,1.0510255098342896,0.26305532455444336,0.02136034332215786,0.36982858180999756,0.021830931305885315,0.7031755447387695,0.282990425825119,0.013235218822956085,0.0009924039477482438,0.4558660089969635,1.0,0.0,0.75260990858078,0.33298638463020325,0.0004632191266864538,0.018081676214933395,0.0,0.0,0.34500908851623535,0.034863587468862534,0.00024210645642597228,1.239959716796875,0.0,0.0
1083,3.3554022312164307,0.27572789788246155,16.31450653076172,6.702706813812256,0.7065925002098083,40.76346969604492,1.0523195266723633,1.054162621498108,166.15,1.0233228206634521,0.09397973865270615,0.0342007614672184,4.7896575927734375,0.0,0.0,0.31585708260536194,5.912518463446759e-05,0.004944465588778257,0.8696642518043518,0.0,0.0,1.0869535207748413,0.5416759252548218,0.01558102760463953,0.26054900884628296,0.012653292156755924,0.4447356164455414,0.2969876527786255,0.02510645240545273,0.0005472154589369893,0.750074565410614,1.0,0.0,0.8527625203132629,0.2025274783372879,0.0005546321044676006,0.018847333267331123,0.0,0.0,0.34232670068740845,0.06509234756231308,7.552780880359933e-05,1.2834358215332031,0.0,0.0
1084,5.873559474945068,0.4232732057571411,29.18020248413086,7.761285781860352,0.5608577132225037,42.76201248168945,1.1762994527816772,1.1771975755691528,64.86,1.1158429384231567,0.03763577714562416,0.03346008062362671,5.868566513061523,0.0,0.0,0.288003534078598,6.41144538349181e-07,0.009039335884153843,0.7892771363258362,0.0,0.0,1.118111252784729,0.303901344537735,0.019770532846450806,0.3450552225112915,0.018874479457736015,0.6400080919265747,0.28679531812667847,0.016118017956614494,0.0008333201985806227,0.5348095297813416,1.0,0.0,0.7662007212638855,0.30142366886138916,0.00048099851119332016,0.018072595819830894,0.0,0.0,0.34463703632354736,0.04148144647479057,0.000184618795174174,1.2584244012832642,0.0,0.0
1085,1.7167423963546753,0.8553226590156555,26.003707885742188,3.4337244033813477,0.6159425377845764,55.476776123046875,1.11203932762146,1.111395001411438,52.13,0.7141897678375244,0.010804574005305767,0.09352785348892212,23.758167266845703,0.0,0.0,0.35506725311279297,6.628919072682038e-05,0.0012194246519356966,0.6096400618553162,0.0,0.0,1.0147572755813599,0.6277775168418884,0.015365499071776867,0.18179863691329956,0.010566695593297482,0.3076590597629547,0.2941184937953949,0.023101279512047768,0.0004975693882443011,0.6981251239776611,1.0,0.0,0.9900659918785095,0.1559813767671585,0.0006559804896824062,0.021316170692443848,0.0,0.0,0.344661146402359,0.08206766098737717,2.7244206648902036e-05,1.2919974327087402,0.0,0.0
1086,2.291496753692627,0.33321377635002136,34.08004379272461,2.845095157623291,0.6269672513008118,56.61732864379883,1.1475156545639038,1.1483559608459473,63.77,0.9252550005912781,0.059812743216753006,0.050467073917388916,7.687939167022705,0.0,0.0,0.33175256848335266,0.00015368993626907468,0.001523616723716259,0.8304269909858704,0.0,0.0,1.0393881797790527,0.6295838356018066,0.014657854102551937,0.1577131450176239,0.009292756207287312,0.26032453775405884,0.2969556152820587,0.023967644199728966,0.0004529964935500175,0.7242061495780945,1.0,0.0,0.9185876846313477,0.18616841733455658,0.0006185345118865371,0.019922738894820213,0.0,0.0,0.3443506956100464,0.08003253489732742,4.15374779549893e-05,1.2859855890274048,0.0,0.0
1087,3.850271701812744,0.33428865671157837,32.26021957397461,7.414318561553955,0.6695562601089478,45.16975784301758,1.2873225212097168,1.2859487533569336,82.99,1.0066224336624146,0.06089647486805916,0.03766500949859619,5.58474063873291,0.0,0.0,0.3055189251899719,3.489542723400518e-05,0.006237366236746311,0.8238719701766968,0.0,0.0,1.0041145086288452,0.4145059287548065,0.017687220126390457,0.2655787169933319,0.015624954365193844,0.49103784561157227,0.2991179823875427,0.02281349152326584,0.0007405944052152336,0.6506569981575012,1.0,0.0,0.8246405720710754,0.2443186193704605,0.0005306784296408296,0.01852411776781082,0.0,0.0,0.341151624917984,0.05429764837026596,0.00014983840810600668,1.2527586221694946,0.0,0.0
1088,5.7935709953308105,0.24630066752433777,37.56149673461914,5.0804362297058105,0.4455697238445282,49.76316452026367,1.1278800964355469,1.128075361251831,15.35,1.1209921836853027,0.07586821168661118,0.020742114633321762,3.8754851818084717,0.0,0.0,0.3012862801551819,2.320222665730398e-05,0.0100367097184062,0.8939458131790161,0.0,0.0,1.0953556299209595,0.23994934558868408,0.01881331019103527,0.2842780649662018,0.016730723902583122,0.5164825916290283,0.2782829701900482,0.0118956808000803,0.0008101241546683013,0.4628492295742035,1.0,0.0,0.6988125443458557,0.40269407629966736,0.0004456017632037401,0.01712604984641075,0.0,0.0,0.34881049394607544,0.03601924702525139,0.00021516301785595715,1.2480604648590088,0.0,0.0
1089,2.0160529613494873,0.4441342055797577,37.65167236328125,5.782444000244141,0.46340957283973694,57.65814971923828,1.1816731691360474,1.1805680990219116,79.21,0.9317753314971924,0.022810546681284904,0.05020913854241371,8.08027458190918,0.0,0.0,0.3236725330352783,5.073611828265712e-05,0.0058933100663125515,0.785114586353302,0.0,0.0,1.0791229009628296,0.30316659808158875,0.01947721838951111,0.3033026158809662,0.01792428269982338,0.5580851435661316,0.279286652803421,0.012571132741868496,0.0008706868975423276,0.4640745520591736,1.0,0.0,0.7715334296226501,0.31752651929855347,0.0005000855890102684,0.018476996570825577,0.0,0.0,0.34857502579689026,0.04398241639137268,0.00012760657409671694,1.2750985622406006,0.0,0.0
1090,4.1928887367248535,0.6838746070861816,24.100391387939453,5.572941780090332,0.4650176167488098,40.15546417236328,1.0373656749725342,1.0393153429031372,180.83,0.9647749066352844,0.008349601179361343,0.04410463199019432,10.43195629119873,0.0,0.0,0.31567808985710144,8.670961051393533e-07,0.008215334266424179,0.6826351284980774,0.0,0.0,1.1629536151885986,0.3296675980091095,0.01889514923095703,0.32549020648002625,0.017197342589497566,0.5695173740386963,0.27564167976379395,0.012625649571418762,0.0007383039919659495,0.49276673793792725,1.0,0.0,0.7712825536727905,0.30208221077919006,0.00048315332969650626,0.0185544416308403,0.0,0.0,0.34841421246528625,0.039721760898828506,0.0001395975996274501,1.2731269598007202,0.0,0.0
1091,1.1838027238845825,0.785420835018158,25.35589027404785,3.3849573135375977,0.6511541604995728,58.56086349487305,1.1265430450439453,1.1259461641311646,47.06,0.7199316620826721,0.004446596838533878,0.10060524940490723,20.67188835144043,0.0,0.0,0.3481840491294861,8.797772898105904e-05,0.000755504472181201,0.6325914263725281,0.0,0.0,1.0019347667694092,0.6037943363189697,0.014715626835823059,0.17060251533985138,0.009766176342964172,0.28436604142189026,0.2973287105560303,0.025607967749238014,0.000457788206404075,0.7438694834709167,1.0,0.0,1.0347336530685425,0.13344718515872955,0.0006864183233119547,0.021756449714303017,0.0,0.0,0.3437424600124359,0.09539064764976501,2.0287146980990656e-05,1.2952020168304443,0.0,0.0
1092,4.613486289978027,0.059113774448633194,38.60824966430664,5.669622421264648,0.640217661857605,40.332767486572266,1.2519954442977905,1.2520204782485962,1.6,0.9181521534919739,0.18130670487880707,0.01897234469652176,1.3314265012741089,0.0,0.0,0.34447264671325684,7.667300815228373e-05,0.008228768594563007,0.9899153113365173,0.0,0.0,0.9114940166473389,0.3122488856315613,0.01662115566432476,0.2281000167131424,0.014089575037360191,0.41840222477912903,0.2975597381591797,0.021221183240413666,0.0006779706454835832,0.6486525535583496,1.0,0.0,0.7309507131576538,0.3373423218727112,0.0004611843323800713,0.016824470832943916,0.0,0.0,0.3410106897354126,0.04264983534812927,0.000335448858095333,1.208169937133789,0.0,0.0
1093,5.704561710357666,0.346330463886261,24.993595123291016,7.582806587219238,0.4764523208141327,44.138668060302734,1.080670952796936,1.0787162780761719,167.68,1.1938973665237427,0.055723391473293304,0.024868281558156013,4.697916030883789,0.0,0.0,0.2908649146556854,6.878829026391031e-07,0.010688097216188908,0.8261557817459106,0.0,0.0,1.2131553888320923,0.24886354804039001,0.020714377984404564,0.3975107669830322,0.020249376073479652,0.7232187390327454,0.2761562764644623,0.011952747590839863,0.0008508838945999742,0.4710592031478882,1.0,0.0,0.7200987935066223,0.34845295548439026,0.00045385753037407994,0.017533471807837486,0.0,0.0,0.34731918573379517,0.03701058775186539,0.0001335395354544744,1.2750767469406128,0.0,0.0
1094,4.988818168640137,0.9037072658538818,24.20416831970215,3.586725950241089,0.6790992617607117,50.12965393066406,1.0618476867675781,1.0584427118301392,302.96,0.8227457404136658,0.020142177119851112,0.0581868439912796,26.225690841674805,0.0,0.0,0.34757477045059204,2.601459709694609e-05,0.001200309139676392,0.5909613370895386,0.0,0.0,1.0416673421859741,0.5841991305351257,0.01411590538918972,0.16794560849666595,0.009111535735428333,0.2839856743812561,0.29815104603767395,0.025417929515242577,0.0004339397419244051,0.7767444252967834,1.0,0.0,1.0094152688980103,0.14041882753372192,0.0006630326970480382,0.021278446540236473,0.0,0.0,0.34307757019996643,0.08972899615764618,3.1083352951100096e-05,1.287259817123413,0.0,0.0
1095,3.200272560119629,0.7141408920288086,32.01021957397461,4.061045169830322,0.4834498465061188,45.23773956298828,1.0995633602142334,1.1003491878509521,64.95,0.8617470264434814,0.005739910062402487,0.059425029903650284,13.5143404006958,0.0,0.0,0.3261492848396301,6.443980964832008e-06,0.0066245426423847675,0.6738998889923096,0.0,0.0,1.0652194023132324,0.3952485918998718,0.01749873347580433,0.23979225754737854,0.014207057654857635,0.4171747863292694,0.28210005164146423,0.014884687028825283,0.0006786803132854402,0.5280557870864868,1.0,0.0,0.823712170124054,0.269734650850296,0.0005242865299805999,0.019354987889528275,0.0,0.0,0.3484681248664856,0.0461236909031868,0.00014642345195170492,1.261581301689148,0.0,0.0
1096,4.48587703704834,0.32177504897117615,34.30131912231445,9.199674606323242,0.5608087182044983,43.41561508178711,1.2543970346450806,1.2553468942642212,60.32,1.053802490234375,0.0647968128323555,0.029683122411370277,4.345125675201416,0.0,0.0,0.2994869649410248,1.3273593140183948e-05,0.010576935485005379,0.8297221660614014,0.0,0.0,1.0318293571472168,0.2592807710170746,0.02120518684387207,0.37047356367111206,0.021431995555758476,0.6980253458023071,0.28762972354888916,0.015638217329978943,0.0009514103294350207,0.49767741560935974,1.0,0.0,0.7281732559204102,0.3410376310348511,0.00045366925769485533,0.017342546954751015,0.0,0.0,0.3434537649154663,0.03665037080645561,0.00024969957303255796,1.2367889881134033,0.0,0.0
1097,1.809556007385254,0.5316651463508606,17.75555419921875,6.770914554595947,0.7662658095359802,43.63349533081055,1.1421676874160767,1.1445221900939941,180.11,0.8823664784431458,0.017406867817044258,0.07221893221139908,11.569232940673828,0.0,0.0,0.31776461005210876,6.638296326855198e-05,0.0020159189589321613,0.7374392747879028,0.0,0.0,1.0139189958572388,0.5389165282249451,0.014033203944563866,0.21663548052310944,0.011010212823748589,0.38708388805389404,0.3034915626049042,0.028872648254036903,0.0005223448388278484,0.8192657232284546,1.0,0.0,0.978022575378418,0.15025392174720764,0.0006386617897078395,0.02065802365541458,0.0,0.0,0.34091752767562866,0.08482769876718521,3.778376412810758e-05,1.2846189737319946,0.0,0.0
1098,5.9474945068359375,0.5508090853691101,24.343111038208008,9.707493782043457,0.5318493247032166,45.53208923339844,1.1169886589050293,1.1177266836166382,59.11,1.1190686225891113,0.022849824279546738,0.03322381153702736,8.474817276000977,0.0,0.0,0.29294347763061523,7.23461141660664e-07,0.009163974784314632,0.7269530892372131,0.0,0.0,1.182344913482666,0.280137300491333,0.02148197777569294,0.43906283378601074,0.02208711951971054,0.8161202073097229,0.280072420835495,0.013576873578131199,0.0008983690058812499,0.5005654096603394,1.0,0.0,0.7636101245880127,0.29844170808792114,0.0004785507917404175,0.018163105472922325,0.0,0.0,0.3452713191509247,0.041062697768211365,0.00012603617506101727,1.2780728340148926,0.0,0.0
1099,3.7836101055145264,0.7845169305801392,24.35870933532715,5.638299465179443,0.6277850866317749,54.58050537109375,1.1393052339553833,1.137617588043213,130.21,0.8794330358505249,0.008375665172934532,0.05963495746254921,19.879764556884766,0.0,0.0,0.32714682817459106,6.809461410739459e-06,0.002378631616011262,0.6332373023033142,0.0,0.0,1.0799334049224854,0.5907701849937439,0.016879793256521225,0.25229406356811523,0.013831859454512596,0.45572948455810547,0.2928522527217865,0.021234853193163872,0.0006337783415801823,0.657177746295929,1.0,0.0,0.9273782968521118,0.18284757435321808,0.0006027761264704168,0.020417558029294014,0.0,0.0,0.34354376792907715,0.06786514073610306,4.366066787042655e-05,1.2876241207122803,0.0,0.0
1100,1.2429920434951782,0.2810654640197754,23.97896957397461,6.210794448852539,0.6237446665763855,49.03591537475586,1.1901850700378418,1.187638282775879,180.17,0.8971288800239563,0.07157151401042938,0.051424358040094376,4.727420330047607,0.0,0.0,0.34869498014450073,0.00015454167441930622,0.005559018347412348,0.8521354794502258,0.0,0.0,1.039899230003357,0.4902883470058441,0.017925292253494263,0.27295297384262085,0.014945191331207752,0.4846537709236145,0.29298654198646545,0.021893616765737534,0.0006691611488349736,0.6363843083381653,1.0,0.0,0.8371344804763794,0.22165049612522125,0.0005530075286515057,0.018873998895287514,0.0,0.0,0.34376630187034607,0.06156463548541069,7.045292295515537e-05,1.2853518724441528,0.0,0.0
1101,3.9255003929138184,0.20098498463630676,24.737638473510742,3.9816718101501465,0.7683462500572205,44.3740348815918,1.146626591682434,1.1499682664871216,253.43,1.0335872173309326,0.12810863554477692,0.030223842710256577,4.572203636169434,0.0,0.0,0.326310396194458,0.00010854574793484062,0.0018020294373854995,0.9060518145561218,0.0,0.0,1.025208592414856,0.5355744361877441,0.012350788339972496,0.1422603726387024,0.0074530658312141895,0.23791886866092682,0.307878315448761,0.030935488641262054,0.0003895317204296589,0.8847874402999878,1.0,0.0,0.931634247303009,0.1591660976409912,0.000625665474217385,0.019459182396531105,0.0,0.0,0.34123337268829346,0.0936860665678978,4.05843420594465e-05,1.2812491655349731,0.0,0.0
1102,4.713784694671631,0.024686815217137337,23.443870544433594,7.245005130767822,0.5908117294311523,47.705970764160156,1.1550205945968628,1.1489981412887573,453.8,1.1343765258789062,0.23152659833431244,0.009329824708402157,1.3769227266311646,0.0,0.0,0.3479647934436798,9.650926222093403e-05,0.009889713488519192,1.0021690130233765,0.0,0.0,1.1036251783370972,0.35064730048179626,0.01924685202538967,0.3260260224342346,0.01698036678135395,0.5837329626083374,0.28923505544662476,0.0188427846878767,0.0007294593960978091,0.5870701670646667,1.0,0.0,0.707976758480072,0.3098341226577759,0.00046817699330858886,0.016558172181248665,0.0,0.0,0.34455400705337524,0.051863398402929306,0.00011125869059469551,1.2821977138519287,0.0,0.0
1103,5.539743423461914,0.785631537437439,36.322330474853516,8.954459190368652,0.6259168982505798,53.43798828125,1.288638710975647,1.2879302501678467,42.69,0.8788397908210754,0.014530250802636147,0.047513365745544434,15.280524253845215,0.0,0.0,0.3234666585922241,6.584168204426533e-06,0.005237238481640816,0.62928706407547,0.0,0.0,1.0057458877563477,0.40811729431152344,0.019849931821227074,0.323025107383728,0.019047049805521965,0.6076644062995911,0.29395148158073425,0.01956886053085327,0.0008754517766647041,0.5701937079429626,1.0,0.0,0.8574769496917725,0.23317931592464447,0.0005421210662461817,0.019445400685071945,0.0,0.0,0.34137579798698425,0.049748629331588745,0.00013922811194788665,1.2566215991973877,0.0,0.0
1104,1.3574734926223755,0.8920183777809143,37.73604965209961,2.001300811767578,0.7405574917793274,58.79189682006836,1.1075679063796997,1.1076641082763672,7.84,0.6071274280548096,0.024140745401382446,0.13072627782821655,23.39939308166504,0.0,0.0,0.35972902178764343,0.00010824731725733727,3.0078323106863536e-05,0.5803279280662537,0.0,0.0,0.9411824941635132,0.5293623208999634,0.011534110642969608,0.10944480448961258,0.005131511949002743,0.16080878674983978,0.3072353005409241,0.03281739354133606,0.0002246737712994218,0.9152072072029114,1.0,0.0,1.249903678894043,0.08465785533189774,0.0008332413854077458,0.024235287681221962,0.0,0.0,0.34071850776672363,0.09483573585748672,1.3054205737716984e-05,1.2887948751449585,0.0,0.0
1105,4.17711877822876,0.22775046527385712,15.660632133483887,8.399849891662598,0.6864413619041443,58.24923324584961,1.0331237316131592,1.0392944812774658,574.71,1.1130813360214233,0.11639328300952911,0.024577265605330467,3.7223012447357178,0.0,0.0,0.3129124343395233,5.1069837354589254e-05,0.00739776436239481,0.8993526101112366,0.0,0.0,1.1253143548965454,0.45934340357780457,0.017392897978425026,0.32326197624206543,0.015019084326922894,0.5599142909049988,0.2940215766429901,0.022958969697356224,0.0006057158461771905,0.6991167068481445,1.0,0.0,0.8211408257484436,0.22015905380249023,0.0005313013098202646,0.018437903374433517,0.0,0.0,0.341889888048172,0.05800829455256462,0.00010931355063803494,1.280051827430725,0.0,0.0
1106,3.256422519683838,0.13050568103790283,21.032480239868164,9.51941204071045,0.44246676564216614,41.19362258911133,1.0788246393203735,1.0783333778381348,42.23,1.1168617010116577,0.14379757642745972,0.012655917555093765,2.5186920166015625,0.0,0.0,0.33528971672058105,5.819131183670834e-05,0.013664286583662033,0.9365765452384949,0.0,0.0,1.1904693841934204,0.20168457925319672,0.023172670975327492,0.506227433681488,0.024064376950263977,0.894191563129425,0.26973778009414673,0.009927897714078426,0.0009247807902283967,0.4325530230998993,1.0,0.0,0.6506805419921875,0.4129577577114105,0.000412544934079051,0.016266822814941406,0.0,0.0,0.3477833867073059,0.033110808581113815,0.00011383532546460629,1.281600832939148,0.0,0.0
1107,5.621998310089111,0.20396654307842255,26.2597713470459,4.730945587158203,0.6222153306007385,49.10730743408203,1.1248856782913208,1.1236438751220703,98.25,1.146812081336975,0.11108705401420593,0.02190485969185829,4.154382228851318,0.0,0.0,0.3070114552974701,5.579895150731318e-05,0.005022010765969753,0.9048839807510376,0.0,0.0,1.1017844676971436,0.45137760043144226,0.01630157046020031,0.22359463572502136,0.012525005266070366,0.3940975069999695,0.2943507730960846,0.021322594955563545,0.0005891395849175751,0.6698464155197144,1.0,0.0,0.8117625117301941,0.24510502815246582,0.0005382398376241326,0.018296854570508003,0.0,0.0,0.3443657159805298,0.062687948346138,7.88317047408782e-05,1.2814191579818726,0.0,0.0
1108,2.195847511291504,0.3801756203174591,26.41615104675293,5.153952598571777,0.739259660243988,40.97407531738281,1.2318129539489746,1.2338571548461914,134.5,0.8929948806762695,0.04905785992741585,0.061095431447029114,7.75473165512085,0.0,0.0,0.3226676881313324,9.328701708000153e-05,0.002494970802217722,0.7997004985809326,0.0,0.0,0.9866812229156494,0.5599951148033142,0.014074724167585373,0.18379542231559753,0.010162658989429474,0.32031360268592834,0.3052128553390503,0.02861877530813217,0.0005113884690217674,0.8043431043624878,1.0,0.0,0.9307515621185303,0.17573297023773193,0.0006105595384724438,0.019911818206310272,0.0,0.0,0.340922087430954,0.07585444301366806,6.53659735689871e-05,1.2670291662216187,0.0,0.0
1109,4.275745868682861,0.8290449380874634,34.53540802001953,7.524043560028076,0.6364508867263794,48.54905700683594,1.2772808074951172,1.277469515800476,11.57,0.8099377751350403,0.014905816875398159,0.06044440343976021,17.53655242919922,0.0,0.0,0.33345890045166016,1.2548332051665056e-05,0.0040089767426252365,0.6090944409370422,0.0,0.0,0.9814615249633789,0.4524642527103424,0.018542593345046043,0.28464823961257935,0.016752509400248528,0.5312259793281555,0.29561862349510193,0.020871294662356377,0.000785699172411114,0.6076128482818604,1.0,0.0,0.8841729760169983,0.21810266375541687,0.0005606361664831638,0.019822701811790466,0.0,0.0,0.34167298674583435,0.05330629274249077,0.00012166436499683186,1.2539260387420654,0.0,0.0
1110,5.429105281829834,0.9424598813056946,25.235803604125977,6.250957489013672,0.5639957785606384,45.20476150512695,1.0951915979385376,1.0981881618499756,249.15,0.7932673096656799,0.02324807643890381,0.047208767384290695,19.963829040527344,0.0,0.0,0.36617618799209595,6.158763426356018e-05,0.004666974768042564,0.5814064741134644,0.0,0.0,1.047042727470398,0.4577685296535492,0.018502429127693176,0.30729836225509644,0.016110820695757866,0.5496448278427124,0.2853292226791382,0.017485957592725754,0.0007035023299977183,0.5755002498626709,1.0,0.0,0.8680679202079773,0.22029641270637512,0.0005571905639953911,0.019828608259558678,0.0,0.0,0.34521427750587463,0.054077763110399246,8.586703916080296e-05,1.2780948877334595,0.0,0.0
1111,4.454418659210205,0.33981776237487793,25.57980728149414,7.084457874298096,0.7988923788070679,59.19291687011719,1.2550426721572876,1.2558964490890503,54.17,1.1115779876708984,0.07132310420274734,0.034512296319007874,7.888552188873291,0.0,0.0,0.3011460602283478,4.536689448286779e-05,0.0018439163686707616,0.8368246555328369,0.0,0.0,1.0585179328918457,0.5417004823684692,0.013810766860842705,0.19226188957691193,0.010337618179619312,0.34604495763778687,0.30989187955856323,0.031557612121105194,0.0005290667759254575,0.8435702323913574,1.0,0.0,0.9569716453552246,0.1492941677570343,0.0006408279878087342,0.01997668668627739,0.0,0.0,0.34012848138809204,0.09470707178115845,2.7379315724829212e-05,1.2933979034423828,0.0,0.0
1112,1.9063801765441895,0.22177769243717194,25.375585556030273,7.107544898986816,0.6000588536262512,54.28594970703125,1.200500249862671,1.199264407157898,85.84,0.966732919216156,0.09085351228713989,0.037229035049676895,3.825543165206909,0.0,0.0,0.3465350866317749,0.00014516961527988315,0.006499425508081913,0.8827483654022217,0.0,0.0,1.0635547637939453,0.4239250719547272,0.019115403294563293,0.30916160345077515,0.01690981350839138,0.562063992023468,0.2906404435634613,0.019919827580451965,0.0007531700539402664,0.5895481705665588,1.0,0.0,0.8039914965629578,0.24458549916744232,0.0005326687241904438,0.018357207998633385,0.0,0.0,0.3439975678920746,0.05815458297729492,7.211131742224097e-05,1.287948489189148,0.0,0.0
1113,2.952535629272461,0.4033341705799103,27.3006591796875,3.2681422233581543,0.5030113458633423,48.3680419921875,1.0469801425933838,1.0443028211593628,244.87,0.9988898038864136,0.03778272122144699,0.04199184477329254,8.102834701538086,0.0,0.0,0.3163217008113861,6.349231261992827e-05,0.006103871390223503,0.8052377104759216,0.0,0.0,1.1097184419631958,0.42249196767807007,0.01656433567404747,0.20642350614070892,0.01216774433851242,0.3480314314365387,0.2836201786994934,0.016439002007246017,0.0005781979416497052,0.5749727487564087,1.0,0.0,0.8218448758125305,0.2605227828025818,0.0005409187288023531,0.01903492957353592,0.0,0.0,0.34809383749961853,0.05437195673584938,8.946073648985475e-05,1.2797420024871826,0.0,0.0
1114,5.8180365562438965,0.5048449039459229,34.92249298095703,8.82571029663086,0.46803760528564453,43.5836067199707,1.1823265552520752,1.181086778640747,88.78,1.0522664785385132,0.02581469714641571,0.03345361724495888,6.762503623962402,0.0,0.0,0.29195138812065125,6.239466188162623e-07,0.010896546766161919,0.75204998254776,0.0,0.0,1.0966477394104004,0.20503291487693787,0.021894413977861404,0.4141697883605957,0.023148395121097565,0.787228524684906,0.2773486077785492,0.01080696377903223,0.0010193901835009456,0.4210338294506073,1.0,0.0,0.703201413154602,0.39777252078056335,0.00042854080675169826,0.017356008291244507,0.0,0.0,0.34656035900115967,0.029998643323779106,0.0002493278298061341,1.2373799085617065,0.0,0.0
1115,4.07041597366333,0.7892090082168579,34.383033752441406,5.858147621154785,0.5448928475379944,54.70229721069336,1.1950151920318604,1.194259524345398,52.95,0.8582558631896973,0.009068927727639675,0.055582161992788315,17.59522819519043,0.0,0.0,0.3297658860683441,1.0877213298954302e-06,0.004039508290588856,0.635276734828949,0.0,0.0,1.0685750246047974,0.4149683713912964,0.018724748864769936,0.2811870872974396,0.01641828380525112,0.5163759589195251,0.28724995255470276,0.01682058349251747,0.0007776465499773622,0.5447418689727783,1.0,0.0,0.8571553826332092,0.2401817888021469,0.0005492570344358683,0.019725065678358078,0.0,0.0,0.3453575670719147,0.05077190324664116,9.702391980681568e-05,1.2721335887908936,0.0,0.0
1116,1.8675711154937744,0.0013451901031658053,37.9122200012207,4.526601314544678,0.4840273857116699,51.52657699584961,1.1734917163848877,1.1745368242263794,75.83,0.8486783504486084,0.1851998269557953,0.018913431093096733,1.000586748123169,0.0,0.0,0.4059784412384033,0.0002591119846329093,0.007048183120787144,1.020993947982788,0.0,0.0,0.9978241324424744,0.3206265866756439,0.018127642571926117,0.25072985887527466,0.015098657459020615,0.4471126198768616,0.2822084128856659,0.014783862978219986,0.0007298914715647697,0.5132394433021545,1.0,0.0,0.6937966346740723,0.3598998486995697,0.000459834816865623,0.016689684242010117,0.0,0.0,0.3484479784965515,0.045518308877944946,0.0001743401662679389,1.2616002559661865,0.0,0.0
1117,3.5139317512512207,0.7528514266014099,19.899625778198242,7.072751998901367,0.6440572738647461,43.665740966796875,1.1026538610458374,1.1037533283233643,90.34,0.8834738731384277,0.008617243729531765,0.056025415658950806,14.71445369720459,0.0,0.0,0.3217913508415222,6.924798071850091e-06,0.0045820255763828754,0.6457036733627319,0.0,0.0,1.069848895072937,0.581285834312439,0.017729749903082848,0.3027077317237854,0.01540383044630289,0.5275351405143738,0.29158905148506165,0.021618178114295006,0.0006348711904138327,0.6571616530418396,1.0,0.0,0.8795328736305237,0.19205071032047272,0.0005597486160695553,0.01967315562069416,0.0,0.0,0.3431776463985443,0.06069527938961983,7.747102063149214e-05,1.2829492092132568,0.0,0.0
1118,5.800577163696289,0.5758606791496277,25.480384826660156,6.999583721160889,0.6620789170265198,60.38724136352539,1.1675885915756226,1.1652745008468628,170.08,1.077488660812378,0.01362654846161604,0.03877849131822586,13.251069068908691,0.0,0.0,0.292550653219223,9.21587798075052e-07,0.0029277377761900425,0.7227376103401184,0.0,0.0,1.1331771612167358,0.5208868384361267,0.017187871038913727,0.2731803059577942,0.014759689569473267,0.5037925839424133,0.2960054576396942,0.02196062169969082,0.0006791446940042078,0.669356107711792,1.0,0.0,0.8922536373138428,0.19747097790241241,0.0005792669835500419,0.019716013222932816,0.0,0.0,0.34264448285102844,0.06569816172122955,4.855090446653776e-05,1.2889951467514038,0.0,0.0
1119,4.2425856590271,0.4711683988571167,20.887821197509766,6.809822082519531,0.4371126890182495,54.92542266845703,1.0031956434249878,1.0060802698135376,285.81,1.1443191766738892,0.0283577349036932,0.029715070500969887,7.24845027923584,0.0,0.0,0.2976763844490051,8.761936669543502e-07,0.009555474855005741,0.7698925733566284,0.0,0.0,1.2738927602767944,0.2676742374897003,0.020479893311858177,0.3973658084869385,0.019427936524152756,0.707224428653717,0.27012020349502563,0.010361215099692345,0.0007937974878586829,0.45906805992126465,1.0,0.0,0.7423803806304932,0.32652410864830017,0.00046802719589322805,0.018061133101582527,0.0,0.0,0.3475915491580963,0.037414900958538055,9.889779175864533e-05,1.2867871522903442,0.0,0.0
1120,5.861750602722168,0.02017122134566307,30.395755767822266,9.768434524536133,0.4340243637561798,51.21506881713867,1.1706520318984985,1.1701668500900269,35.42,1.2004040479660034,0.18758031725883484,0.00750121520832181,2.987739324569702,0.0,0.0,0.3311450183391571,6.221439980436116e-05,0.015152746811509132,0.9972577095031738,0.0,0.0,1.1538100242614746,0.18270495533943176,0.023422447964549065,0.4817564785480499,0.025068840011954308,0.9005863666534424,0.2728041410446167,0.009502601809799671,0.0010574522893875837,0.3995613753795624,1.0,0.0,0.6350060701370239,0.4256843626499176,0.0004073070304002613,0.015919672325253487,0.0,0.0,0.347976416349411,0.03376933932304382,0.00013939838390797377,1.2730005979537964,0.0,0.0
1121,2.983590602874756,0.3866044878959656,40.85232162475586,3.3332912921905518,0.6492031216621399,48.38698959350586,1.2158076763153076,1.2151929140090942,41.61,0.8742866516113281,0.04246239736676216,0.05549762398004532,7.20585823059082,0.0,0.0,0.31455039978027344,6.273786857491359e-05,0.0024860354606062174,0.806025505065918,0.0,0.0,0.9641261100769043,0.5040032267570496,0.014334358274936676,0.16513775289058685,0.009789244271814823,0.28170862793922424,0.29851603507995605,0.02342686615884304,0.0004750298394355923,0.7335788607597351,1.0,0.0,0.8908166885375977,0.21900328993797302,0.0005709248362109065,0.019511910155415535,0.0,0.0,0.3416382074356079,0.05971469730138779,0.00013709203631151468,1.235878586769104,0.0,0.0
1122,1.4933007955551147,0.6803158521652222,17.647342681884766,6.517711162567139,0.5578055381774902,54.29356002807617,1.0508946180343628,1.0522757768630981,124.9,0.8442292213439941,0.005054798908531666,0.07451214641332626,11.66389274597168,0.0,0.0,0.33104726672172546,2.655609387147706e-05,0.005378538742661476,0.6844460368156433,0.0,0.0,1.11557936668396,0.49361491203308105,0.018975218757987022,0.3336641192436218,0.0167431328445673,0.5791671872138977,0.28227829933166504,0.017192773520946503,0.000676944328006357,0.5767317414283752,1.0,0.0,0.8643327951431274,0.21229922771453857,0.0005501905106939375,0.01971965655684471,0.0,0.0,0.3444482982158661,0.053932640701532364,8.024745329748839e-05,1.2859638929367065,0.0,0.0
1123,4.764665126800537,0.3674311935901642,21.75992202758789,9.559924125671387,0.4840664863586426,55.06103515625,1.076641321182251,1.0804095268249512,323.95,1.2115272283554077,0.052474506199359894,0.023009857162833214,5.893786430358887,0.0,0.0,0.2929233908653259,1.0441792710480513e-06,0.010649595409631729,0.8114517331123352,0.0,0.0,1.255753517150879,0.24268761277198792,0.02234230935573578,0.4730024039745331,0.022893469780683517,0.8718157410621643,0.27419325709342957,0.011369558051228523,0.0009064013720490038,0.46627360582351685,1.0,0.0,0.7248866558074951,0.33126479387283325,0.000457484187791124,0.017537662759423256,0.0,0.0,0.34593719244003296,0.038358766585588455,9.873969247564673e-05,1.2869521379470825,0.0,0.0
1124,3.668992280960083,0.05538346245884895,25.728504180908203,9.541436195373535,0.5687652230262756,47.77857971191406,1.208150029182434,1.2081321477890015,1.23,1.084577202796936,0.18609851598739624,0.011577080003917217,2.415767192840576,0.0,0.0,0.35054701566696167,0.0001014699082588777,0.011109797284007072,0.9745165705680847,0.0,0.0,1.0859166383743286,0.2942289113998413,0.021518712863326073,0.3978877067565918,0.02108803577721119,0.7378631830215454,0.28658050298690796,0.01668580248951912,0.0008898039814084768,0.5238208174705505,1.0,0.0,0.696827232837677,0.33184167742729187,0.00045588886132463813,0.016533680260181427,0.0,0.0,0.34432947635650635,0.04622739553451538,0.00012746595893986523,1.2768478393554688,0.0,0.0
1125,3.4986724853515625,0.15982544422149658,36.38775634765625,3.808306932449341,0.4073849320411682,42.574180603027344,1.0593211650848389,1.060446858406067,100.21,0.985232412815094,0.10631507635116577,0.02068963646888733,2.693941831588745,0.0,0.0,0.34044456481933594,9.457032138016075e-05,0.009845339693129063,0.9465113878250122,0.0,0.0,1.042914628982544,0.2365124374628067,0.017553996294736862,0.2412041872739792,0.014566569589078426,0.4205872118473053,0.2753804624080658,0.011154665611684322,0.0007206900045275688,0.4606921076774597,1.0,0.0,0.674048900604248,0.4359164237976074,0.0004299029824323952,0.016780201345682144,0.0,0.0,0.35138607025146484,0.03358989208936691,0.0002492790808901191,1.2362313270568848,0.0,0.0
1126,3.558159589767456,0.17364732921123505,24.730777740478516,4.667494297027588,0.5185104608535767,49.20175552368164,1.076271891593933,1.0763756036758423,8.95,1.0823312997817993,0.11722876131534576,0.020329410210251808,3.136042356491089,0.0,0.0,0.3333927094936371,0.00010742165613919497,0.008573311381042004,0.9181577563285828,0.0,0.0,1.1269901990890503,0.3626452386379242,0.01799006387591362,0.2633037865161896,0.01445520855486393,0.45829683542251587,0.2834833264350891,0.01637980341911316,0.0006516949506476521,0.5594725608825684,1.0,0.0,0.7531111836433411,0.29767704010009766,0.0004980826051905751,0.017680542543530464,0.0,0.0,0.3469885587692261,0.05115669593214989,0.00010765642946353182,1.28334641456604,0.0,0.0
1127,3.561286211013794,0.33439019322395325,27.815185546875,6.653072834014893,0.7256202101707458,40.7547607421875,1.2624528408050537,1.2612886428833008,73.11,1.0046236515045166,0.0716220811009407,0.038707632571458817,4.751878261566162,0.0,0.0,0.3088453412055969,3.916814966942184e-05,0.004527658224105835,0.827000081539154,0.0,0.0,0.9677613973617554,0.5733033418655396,0.01601702906191349,0.2251332551240921,0.012809306383132935,0.4033326506614685,0.3038707673549652,0.02724064141511917,0.0005731096025556326,0.7460811734199524,1.0,0.0,0.8644512891769409,0.18418003618717194,0.0005538645782507956,0.018867801874876022,0.0,0.0,0.34063950181007385,0.06937634199857712,0.00014325574738904834,1.2589356899261475,0.0,0.0
1128,1.524770975112915,0.9300557374954224,34.07713317871094,2.911520481109619,0.4465266168117523,40.29446792602539,1.0420526266098022,1.0430984497070312,96.22,0.6165475249290466,0.014511938206851482,0.09413021802902222,19.40850830078125,0.0,0.0,0.38194146752357483,7.544292748207226e-05,0.0058509912341833115,0.6127610206604004,0.0,0.0,0.9603053331375122,0.4101860225200653,0.01646893471479416,0.1948251873254776,0.01230813842266798,0.32678890228271484,0.2802561819553375,0.014188084751367569,0.0006071517709642649,0.5231970548629761,1.0,0.0,0.8285629749298096,0.27190548181533813,0.0005259023746475577,0.019671719521284103,0.0,0.0,0.3510700464248657,0.04378488287329674,0.00017681156168691814,1.2468911409378052,0.0,0.0
1129,3.585156202316284,0.17492814362049103,39.64939880371094,6.004671573638916,0.6240990161895752,48.68734359741211,1.2872941493988037,1.2874895334243774,11.79,0.9450002908706665,0.1119142547249794,0.02703098952770233,2.819319248199463,0.0,0.0,0.3320852816104889,8.130598871503025e-05,0.007438543252646923,0.9130823612213135,0.0,0.0,0.9643838405609131,0.3444516360759735,0.017424454912543297,0.24416661262512207,0.015015261247754097,0.44930848479270935,0.29536885023117065,0.020510584115982056,0.0007232853095047176,0.6211171746253967,1.0,0.0,0.7697437405586243,0.2987805902957916,0.000494526291731745,0.017632564529776573,0.0,0.0,0.3416999280452728,0.04743380844593048,0.0002253654383821413,1.2356036901474,0.0,0.0
1130,5.982441425323486,0.9833360910415649,26.65081214904785,2.6270036697387695,0.6711335778236389,58.956031799316406,1.0137795209884644,1.0176682472229004,376.93,0.763175904750824,0.03615575656294823,0.05330733209848404,30.49524688720703,0.0,0.0,0.3715444803237915,6.265328556764871e-05,0.0006769492174498737,0.568432092666626,0.0,0.0,1.0224775075912476,0.5922918319702148,0.0134923430159688,0.13778993487358093,0.007808984257280827,0.2233559936285019,0.29836785793304443,0.025735890492796898,0.00037813824019394815,0.7944375276565552,1.0,0.0,1.0442979335784912,0.12869469821453094,0.0006953453412279487,0.021683916449546814,0.0,0.0,0.343464732170105,0.09576883912086487,2.154641697416082e-05,1.2932204008102417,0.0,0.0
1131,2.454209327697754,0.5164257287979126,35.18547058105469,5.774696350097656,0.58750981092453,51.51249313354492,1.2422043085098267,1.2427502870559692,35.37,0.9031530022621155,0.01768103986978531,0.059568438678979874,9.699409484863281,0.0,0.0,0.3147687315940857,3.668104181997478e-05,0.004450513981282711,0.7377766966819763,0.0,0.0,1.0243641138076782,0.41660362482070923,0.018046198412775993,0.25939011573791504,0.01543382927775383,0.4720108211040497,0.2919194996356964,0.019238093867897987,0.0007384619675576687,0.5891816020011902,1.0,0.0,0.84986412525177,0.24224057793617249,0.0005491269985213876,0.019340787082910538,0.0,0.0,0.3440420627593994,0.05347997322678566,0.00011100066330982372,1.264424204826355,0.0,0.0
1132,2.4999423027038574,0.7479808926582336,24.30562973022461,7.932831764221191,0.5302526950836182,40.89859390258789,1.1445177793502808,1.1451835632324219,50.8,0.8593308925628662,0.010223135352134705,0.061579491943120956,12.000454902648926,0.0,0.0,0.33130261301994324,1.5899173376965337e-05,0.007799716200679541,0.6468414664268494,0.0,0.0,1.083074688911438,0.3537241220474243,0.02068760059773922,0.38112565875053406,0.02007875218987465,0.6834723353385925,0.28178098797798157,0.015139799565076828,0.000843282148707658,0.5086706876754761,1.0,0.0,0.7992926239967346,0.26759469509124756,0.0005034048808738589,0.018863074481487274,0.0,0.0,0.3459486663341522,0.04320305958390236,0.00013807091454509646,1.2736668586730957,0.0,0.0
1133,3.4844954013824463,0.711499035358429,15.895089149475098,7.557163715362549,0.6719474196434021,46.79115676879883,1.0231531858444214,1.03302001953125,933.53,0.9034439921379089,0.007267314940690994,0.05868499353528023,14.248664855957031,0.0,0.0,0.31462815403938293,2.426798801025143e-06,0.0035348585806787014,0.6676053404808044,0.0,0.0,1.1166322231292725,0.5567745566368103,0.016866283491253853,0.3082195222377777,0.01479357574135065,0.5375087261199951,0.29176369309425354,0.022027695551514626,0.0006085209897719324,0.6941765546798706,1.0,0.0,0.9115270376205444,0.18349818885326385,0.0005788406124338508,0.02016458287835121,0.0,0.0,0.3424115777015686,0.0617295540869236,6.099298479966819e-05,1.2858045101165771,0.0,0.0
1134,2.9864184856414795,0.44086477160453796,40.9017333984375,2.289998769760132,0.5126549005508423,41.05270004272461,1.0343475341796875,1.0352363586425781,83.01,0.8386967778205872,0.026130272075533867,0.057919640094041824,6.810208797454834,0.0,0.0,0.3158605098724365,4.15686154155992e-05,0.005860317498445511,0.8015880584716797,0.0,0.0,0.948229968547821,0.3640475869178772,0.014870093204081059,0.1579706370830536,0.010060516186058521,0.25764837861061096,0.2869471609592438,0.01647872105240822,0.0005021712277084589,0.605873703956604,1.0,0.0,0.8045915961265564,0.30409592390060425,0.0004987274296581745,0.018695548176765442,0.0,0.0,0.3471927046775818,0.04170147702097893,0.00031637304346077144,1.2075515985488892,0.0,0.0
1135,3.315471649169922,0.6907085180282593,38.46550369262695,8.163060188293457,0.4261534810066223,59.347251892089844,1.1943222284317017,1.1927993297576904,106.9,0.9175844192504883,0.00867388118058443,0.048098210245370865,12.997454643249512,0.0,0.0,0.3206745386123657,1.08182689473324e-06,0.006673067808151245,0.6780354976654053,0.0,0.0,1.1192704439163208,0.24113667011260986,0.022016728296875954,0.4027842581272125,0.023052075877785683,0.7628456354141235,0.2736191749572754,0.009292755275964737,0.0010765460319817066,0.3893217444419861,1.0,0.0,0.7496192455291748,0.3476945757865906,0.00047096420894376934,0.018404453992843628,0.0,0.0,0.3486761450767517,0.035564519464969635,0.0001477912301197648,1.271201252937317,0.0,0.0
1136,5.641398906707764,0.7286575436592102,30.927867889404297,7.0104756355285645,0.5619775652885437,74.21371459960938,1.1801680326461792,1.182248830795288,149.13,0.9651452302932739,0.0059552560560405254,0.041111644357442856,17.432863235473633,0.0,0.0,0.3140488564968109,1.1304388181088143e-06,0.0026351171545684338,0.6657450795173645,0.0,0.0,1.1195008754730225,0.43666988611221313,0.019299905747175217,0.3176129460334778,0.017679724842309952,0.5937421917915344,0.28722864389419556,0.01695018820464611,0.0008168319473043084,0.5481594204902649,1.0,0.0,0.8700309991836548,0.22345367074012756,0.0005626736092381179,0.019750041887164116,0.0,0.0,0.34458938241004944,0.057044051587581635,5.444980342872441e-05,1.2889312505722046,0.0,0.0
1137,3.7300848960876465,0.6561012268066406,26.541486740112305,6.954684734344482,0.7946298122406006,57.14785385131836,1.2699986696243286,1.271239995956421,76.89,0.9493957757949829,0.008852412924170494,0.061769116669893265,16.970802307128906,0.0,0.0,0.3064939081668854,8.523014912498184e-06,0.0010708533227443695,0.681096613407135,0.0,0.0,1.0376193523406982,0.5433294773101807,0.013759810477495193,0.19052913784980774,0.010450596921145916,0.3486877977848053,0.3093598484992981,0.03092828579246998,0.0005377301713451743,0.8381549119949341,1.0,0.0,1.0187036991119385,0.1337142139673233,0.000671497022267431,0.02101459540426731,0.0,0.0,0.3396768271923065,0.09400266408920288,2.4092163585009985e-05,1.290191888809204,0.0,0.0
1138,1.3275808095932007,0.1972440779209137,23.58308219909668,4.280149936676025,0.4628618359565735,48.53519821166992,1.0442172288894653,1.0435558557510376,60.69,0.9258671402931213,0.09369336813688278,0.03642734885215759,3.418383836746216,0.0,0.0,0.36405065655708313,0.0001872177963377908,0.008146176114678383,0.9128842949867249,0.0,0.0,1.1084673404693604,0.37421098351478577,0.01827874965965748,0.26669764518737793,0.014726610854268074,0.45528700947761536,0.27749526500701904,0.014369134791195393,0.0006502220057882369,0.5171461701393127,1.0,0.0,0.7515842914581299,0.29817628860473633,0.0004960953374393284,0.01792163960635662,0.0,0.0,0.3489205241203308,0.048482395708560944,9.568685345584527e-05,1.2877596616744995,0.0,0.0
1139,2.322636127471924,0.23931336402893066,25.338573455810547,4.752697467803955,0.5229613780975342,47.963253021240234,1.101599097251892,1.1001828908920288,116.85,0.9966714978218079,0.08428215235471725,0.0335310623049736,3.9608943462371826,0.0,0.0,0.33967992663383484,0.00012273887114133686,0.007914205081760883,0.8825997114181519,0.0,0.0,1.0988521575927734,0.38381344079971313,0.018105611205101013,0.2640046179294586,0.014650038443505764,0.4581315219402313,0.2841031551361084,0.016874082386493683,0.0006612446159124374,0.5598121285438538,1.0,0.0,0.7771981358528137,0.2783319056034088,0.0005124345188960433,0.018183032050728798,0.0,0.0,0.3469545543193817,0.05120045319199562,0.00010445693624205887,1.2824029922485352,0.0,0.0
1140,4.7079997062683105,0.3815295398235321,33.58320999145508,6.594920635223389,0.41144436597824097,69.00860595703125,1.121960997581482,1.1211901903152466,61.28,1.1689188480377197,0.038972318172454834,0.022816337645053864,6.855744361877441,0.0,0.0,0.29691240191459656,1.0103344720846508e-06,0.008543726056814194,0.8184047937393188,0.0,0.0,1.2279200553894043,0.24694862961769104,0.020691683515906334,0.3644091784954071,0.01995847001671791,0.6762424111366272,0.2725082039833069,0.009768261574208736,0.0009406628669239581,0.4129752516746521,1.0,0.0,0.7232466340065002,0.3614903390407562,0.000467810285044834,0.01771867461502552,0.0,0.0,0.34942924976348877,0.03948518633842468,8.675069693708792e-05,1.2906850576400757,0.0,0.0
1141,1.5509984493255615,0.7992491722106934,18.904762268066406,5.2259840965271,0.4855690002441406,58.00737380981445,1.0070353746414185,1.0060882568359375,93.48,0.7608309388160706,0.003893163986504078,0.07916704565286636,16.270708084106445,0.0,0.0,0.3491475582122803,1.9862627596012317e-05,0.004739493131637573,0.6491689085960388,0.0,0.0,1.1048452854156494,0.44985172152519226,0.018425771966576576,0.30763012170791626,0.016187211498618126,0.5401732325553894,0.2760195732116699,0.014026683755218983,0.0006747453007847071,0.5291256308555603,1.0,0.0,0.8658636212348938,0.22704236209392548,0.0005523651489056647,0.020036835223436356,0.0,0.0,0.34644314646720886,0.0509929396212101,7.353166438406333e-05,1.286086916923523,0.0,0.0
1142,5.804523944854736,0.49456754326820374,29.452238082885742,7.2726521492004395,0.5092264413833618,46.328102111816406,1.1419212818145752,1.141114354133606,61.93,1.1120755672454834,0.02518150396645069,0.032547879964113235,7.528506278991699,0.0,0.0,0.29084381461143494,7.46261093809153e-07,0.009093670174479485,0.7565509080886841,0.0,0.0,1.148964762687683,0.29106733202934265,0.02018934302031994,0.35576367378234863,0.019323423504829407,0.6596644520759583,0.28146132826805115,0.013793453574180603,0.0008541546994820237,0.49246788024902344,1.0,0.0,0.7596006989479065,0.3127416968345642,0.0004785885685123503,0.018134182319045067,0.0,0.0,0.34625840187072754,0.04049982130527496,0.00016059591143857688,1.2664103507995605,0.0,0.0
1143,4.5014472007751465,0.5623791813850403,21.26571273803711,5.207803726196289,0.7302226424217224,46.05767822265625,1.1057623624801636,1.104876160621643,72.54,1.0348680019378662,0.015426242724061012,0.04474368318915367,9.429672241210938,0.0,0.0,0.2953842580318451,6.286310281211627e-07,0.002134682610630989,0.7265485525131226,0.0,0.0,1.0650920867919922,0.553679883480072,0.01449524238705635,0.19764670729637146,0.010288996621966362,0.3404814302921295,0.30174461007118225,0.027715200558304787,0.000445681216660887,0.8036780953407288,1.0,0.0,0.9474769234657288,0.13740433752536774,0.0006052622920833528,0.020121319219470024,0.0,0.0,0.3418883979320526,0.08756193518638611,6.082425170461647e-05,1.285293459892273,0.0,0.0
1144,2.7607622146606445,0.9221251606941223,41.506099700927734,4.661959648132324,0.4714808762073517,49.573089599609375,1.1629412174224854,1.1641846895217896,91.85,0.6608647704124451,0.014922309666872025,0.07822005450725555,19.144807815551758,0.0,0.0,0.36821672320365906,3.4361390135018155e-05,0.004392463248223066,0.6059524416923523,0.0,0.0,0.9562534093856812,0.33211052417755127,0.01803436502814293,0.25431230664253235,0.01565493829548359,0.4606586992740631,0.2812970280647278,0.01336042582988739,0.0007684494485147297,0.49523770809173584,1.0,0.0,0.8158893585205078,0.29575303196907043,0.000509834208060056,0.019385216757655144,0.0,0.0,0.3481627404689789,0.03947766125202179,0.00021725584520027041,1.2372921705245972,0.0,0.0
1145,2.6697475910186768,0.4726411700248718,38.27667999267578,3.195871591567993,0.6490293145179749,51.59531021118164,1.198874831199646,1.1982148885726929,45.94,0.8808558583259583,0.024743590503931046,0.06322643160820007,10.099431037902832,0.0,0.0,0.31429222226142883,6.349399336613715e-05,0.0016995073528960347,0.7617975473403931,0.0,0.0,0.9972227811813354,0.6058801412582397,0.014369722455739975,0.1614396721124649,0.009540426544845104,0.2733593285083771,0.2988238036632538,0.024081168696284294,0.0004655431548599154,0.7387545108795166,1.0,0.0,0.9312964677810669,0.1904573291540146,0.0006078542210161686,0.020148923620581627,0.0,0.0,0.34251639246940613,0.07048297673463821,7.913893205113709e-05,1.2591341733932495,0.0,0.0
1146,3.744222402572632,0.8015923500061035,29.418840408325195,3.7244999408721924,0.4387308657169342,47.20271301269531,1.0310429334640503,1.0288491249084473,206.81,0.856929361820221,0.00754590006545186,0.053552426397800446,16.737586975097656,0.0,0.0,0.339871883392334,1.0025665687862784e-05,0.006562356371432543,0.6471229791641235,0.0,0.0,1.1035418510437012,0.3986973762512207,0.01741364412009716,0.24028748273849487,0.013985109515488148,0.4145817756652832,0.2766934037208557,0.012982258573174477,0.0006646766560152173,0.4998791813850403,1.0,0.0,0.8204361200332642,0.2710370123386383,0.0005264388746581972,0.019431553781032562,0.0,0.0,0.3500779867172241,0.04658512771129608,0.00011631796951405704,1.2739158868789673,0.0,0.0
1147,5.84880256652832,0.7119327783584595,27.744518280029297,9.046222686767578,0.6662535667419434,52.34923553466797,1.2269290685653687,1.2277147769927979,52.16,0.9709908366203308,0.010741591453552246,0.044511012732982635,15.5772705078125,0.0,0.0,0.30980589985847473,8.739409622648964e-07,0.003525656647980213,0.6614903211593628,0.0,0.0,1.0820965766906738,0.47975677251815796,0.018577827140688896,0.317152202129364,0.017313562333583832,0.5947328209877014,0.29614683985710144,0.021509885787963867,0.0007801562314853072,0.6347793936729431,1.0,0.0,0.8888189196586609,0.20240873098373413,0.0005691153346560895,0.019796133041381836,0.0,0.0,0.3418594002723694,0.0594681091606617,7.110449951142073e-05,1.2789908647537231,0.0,0.0
1148,5.609135627746582,0.1148168072104454,28.327455520629883,6.114218235015869,0.5955234169960022,57.91606140136719,1.1763883829116821,1.1748292446136475,112.81,1.1832332611083984,0.15427671372890472,0.013778353109955788,2.504387378692627,0.0,0.0,0.3207467794418335,7.973403990035877e-05,0.008096612989902496,0.9524321556091309,0.0,0.0,1.1112151145935059,0.38763511180877686,0.01831933483481407,0.27747437357902527,0.015409978106617928,0.5014020800590515,0.2918284833431244,0.01963280327618122,0.0007112272433005273,0.6033532619476318,1.0,0.0,0.7624081969261169,0.27548375725746155,0.0005094871739856899,0.01751394383609295,0.0,0.0,0.34456866979599,0.05830563232302666,8.022577094379812e-05,1.2877413034439087,0.0,0.0
1149,4.292398929595947,0.28068697452545166,18.483814239501953,6.074609756469727,0.6583583354949951,43.79363250732422,1.0554194450378418,1.0540275573730469,125.12,1.0849926471710205,0.08698595315217972,0.028634393587708473,4.989217758178711,0.0,0.0,0.30599021911621094,4.2040606786031276e-05,0.005548365879803896,0.8641983270645142,0.0,0.0,1.117108941078186,0.46316099166870117,0.016322186216711998,0.26481059193611145,0.013283644802868366,0.45688289403915405,0.29356712102890015,0.022286945953965187,0.0005769442650489509,0.6986647844314575,1.0,0.0,0.8273706436157227,0.22833740711212158,0.0005392809398472309,0.01858571730554104,0.0,0.0,0.3433159291744232,0.06025459244847298,8.062655251706019e-05,1.284144401550293,0.0,0.0
1150,2.2226574420928955,0.15820984542369843,18.005970001220703,5.2237420082092285,0.5926381945610046,41.6799430847168,1.0446100234985352,1.0474261045455933,257.38,0.9560679197311401,0.14134779572486877,0.029762480407953262,2.6802918910980225,0.0,0.0,0.3535037338733673,0.00013033364666625857,0.007840772159397602,0.9289233088493347,0.0,0.0,1.0892181396484375,0.456770658493042,0.017269819974899292,0.26934993267059326,0.013879590667784214,0.45128369331359863,0.2876242399215698,0.020219825208187103,0.0005802617524750531,0.6393586993217468,1.0,0.0,0.7763295769691467,0.25216031074523926,0.0005086614401079714,0.01784728281199932,0.0,0.0,0.34485405683517456,0.05489160493016243,0.00010743199527496472,1.2831164598464966,0.0,0.0
1151,4.7673659324646,0.49366211891174316,21.14258575439453,4.906513690948486,0.6509014368057251,49.14622497558594,1.0599279403686523,1.0574936866760254,217.18,1.0674216747283936,0.023692835122346878,0.04029586538672447,10.801137924194336,0.0,0.0,0.2931714653968811,8.722362281332607e-07,0.002910519950091839,0.7570294737815857,0.0,0.0,1.1452006101608276,0.556727945804596,0.01555347815155983,0.22422726452350616,0.011892635375261307,0.3929026424884796,0.294249027967453,0.022182969376444817,0.0005426387651823461,0.709763765335083,1.0,0.0,0.90241938829422,0.19226688146591187,0.0005853131879121065,0.019877607002854347,0.0,0.0,0.3435158431529999,0.0670110210776329,5.331783904694021e-05,1.286301612854004,0.0,0.0
1152,5.863839149475098,0.4688858687877655,24.06324005126953,3.4840359687805176,0.6457842588424683,50.00783157348633,1.0370100736618042,1.0371289253234863,11.05,1.1082571744918823,0.027265990152955055,0.037047434598207474,10.898619651794434,0.0,0.0,0.288514643907547,9.041727366820851e-07,0.0021520303562283516,0.7703465223312378,0.0,0.0,1.1466025114059448,0.6062783598899841,0.01456273254007101,0.17562375962734222,0.009795783087611198,0.2979198694229126,0.29570508003234863,0.022780627012252808,0.0004646386078093201,0.7367580533027649,1.0,0.0,0.9151527285575867,0.18284516036510468,0.0005984200397506356,0.019927313551306725,0.0,0.0,0.34413257241249084,0.07436999678611755,4.7654913942096755e-05,1.2863320112228394,0.0,0.0
1153,1.9570791721343994,0.9103047847747803,26.02566146850586,3.2094926834106445,0.7338787317276001,40.44648361206055,1.1324373483657837,1.1316988468170166,57.62,0.6737731099128723,0.02455732971429825,0.10801924765110016,24.758358001708984,0.0,0.0,0.3577128052711487,6.808555917814374e-05,0.0012246676487848163,0.5769174098968506,0.0,0.0,0.9528371691703796,0.5512304902076721,0.01265194546431303,0.13564375042915344,0.007267153821885586,0.22114543616771698,0.3051249384880066,0.02988607808947563,0.0003673973842523992,0.8581802845001221,1.0,0.0,1.0554274320602417,0.12888509035110474,0.0006913820980116725,0.021814865991473198,0.0,0.0,0.34168288111686707,0.09219014644622803,3.7137015169719234e-05,1.2711694240570068,0.0,0.0
1154,2.3962435722351074,0.9547469615936279,39.84016799926758,4.633161544799805,0.6894239187240601,50.66162109375,1.2887605428695679,1.28752601146698,74.4,0.6126282215118408,0.029407363384962082,0.10662977397441864,23.357467651367188,0.0,0.0,0.36602261662483215,4.955727490596473e-05,0.000998839852400124,0.5599696636199951,0.0,0.0,0.9020001292228699,0.5905839800834656,0.015033818781375885,0.18614479899406433,0.010973340831696987,0.32901519536972046,0.30203384160995483,0.02596721239387989,0.0005321759381331503,0.7446800470352173,1.0,0.0,1.0025439262390137,0.16237415373325348,0.0006411650683730841,0.02137550711631775,0.0,0.0,0.3400958776473999,0.06875375658273697,7.761977758491412e-05,1.2473762035369873,0.0,0.0
1155,5.5593461990356445,0.23370341956615448,33.16509246826172,3.676201343536377,0.6083526611328125,57.936588287353516,1.1512374877929688,1.1531099081039429,141.05,1.1452617645263672,0.10493272542953491,0.0205228328704834,4.542395114898682,0.0,0.0,0.30510440468788147,5.539133053389378e-05,0.00379681377671659,0.8921089172363281,0.0,0.0,1.0791069269180298,0.5499135851860046,0.01601257361471653,0.18930041790008545,0.011324794963002205,0.3245769441127777,0.2950671911239624,0.021900460124015808,0.0005372483865357935,0.6737036108970642,1.0,0.0,0.8409817218780518,0.21860183775424957,0.000560968357603997,0.018725553527474403,0.0,0.0,0.34464937448501587,0.07037293165922165,7.01368844602257e-05,1.2843478918075562,0.0,0.0
1156,4.1077141761779785,0.8519049882888794,29.87326431274414,3.4181511402130127,0.45127108693122864,65.36604309082031,1.0257598161697388,1.0282008647918701,231.45,0.8254856467247009,0.008113516494631767,0.0540841706097126,22.635831832885742,0.0,0.0,0.3478739857673645,5.967424840491731e-06,0.0027724294923245907,0.630929708480835,0.0,0.0,1.1252213716506958,0.4686570167541504,0.017062272876501083,0.2237667441368103,0.013095708563923836,0.38436466455459595,0.2781035304069519,0.01385934092104435,0.0006393648218363523,0.5213602781295776,1.0,0.0,0.8747783899307251,0.23328222334384918,0.0005722954520024359,0.020225370302796364,0.0,0.0,0.3491355776786804,0.055297184735536575,5.085535303805955e-05,1.291409969329834,0.0,0.0
1157,4.06505012512207,0.08337444812059402,33.00454330444336,8.263169288635254,0.6396171450614929,56.61585998535156,1.2949230670928955,1.2967487573623657,108.72,1.0688611268997192,0.17116251587867737,0.014185022562742233,2.0914556980133057,0.0,0.0,0.34306973218917847,0.0001067615085048601,0.008377634920179844,0.9610611200332642,0.0,0.0,1.0360642671585083,0.38286256790161133,0.019324682652950287,0.3017089068889618,0.017611291259527206,0.5628402233123779,0.2961697578430176,0.021347062662243843,0.0008190593216568232,0.5995590090751648,1.0,0.0,0.7529621720314026,0.27870064973831177,0.0005017154617235065,0.01721002720296383,0.0,0.0,0.34221816062927246,0.05707797035574913,0.0001078803397831507,1.2768349647521973,0.0,0.0
1158,3.551995038986206,0.17513558268547058,41.885093688964844,7.764152526855469,0.5043323040008545,49.0447998046875,1.2493058443069458,1.24883234500885,30.35,0.9682509899139404,0.09914504736661911,0.02169564738869667,2.6397171020507812,0.0,0.0,0.32911133766174316,5.500579936779104e-05,0.010184263810515404,0.9132059812545776,0.0,0.0,0.9899078607559204,0.20657536387443542,0.02068250998854637,0.3423239290714264,0.02088995650410652,0.6497495770454407,0.28236356377601624,0.012684489600360394,0.0009776614606380463,0.45392802357673645,1.0,0.0,0.6760597825050354,0.4304674565792084,0.00042150678928010166,0.016528615728020668,0.0,0.0,0.3449694514274597,0.03171268850564957,0.0002920685219578445,1.2229576110839844,0.0,0.0
1159,1.0948858261108398,0.6205282211303711,28.721363067626953,7.207171440124512,0.6419342160224915,56.19404220581055,1.2641950845718384,1.2672948837280273,193.48,0.8059448003768921,0.0074668508023023605,0.0841546282172203,12.753803253173828,0.0,0.0,0.33202993869781494,7.427110540447757e-05,0.0020313672721385956,0.6860530972480774,0.0,0.0,1.0146464109420776,0.6024155020713806,0.01838190108537674,0.2828671336174011,0.01617671735584736,0.5181894898414612,0.29566115140914917,0.02248016558587551,0.0007485257228836417,0.6271970868110657,1.0,0.0,0.9205377101898193,0.18278712034225464,0.0006026175688020885,0.020230883732438087,0.0,0.0,0.34278813004493713,0.06975136697292328,4.3227599235251546e-05,1.287621021270752,0.0,0.0
1160,4.311426639556885,0.5016778111457825,42.15497970581055,5.990698337554932,0.6226885318756104,77.74005889892578,1.2910712957382202,1.290987491607666,5.03,1.057126760482788,0.016994766891002655,0.03962229937314987,11.785457611083984,0.0,0.0,0.2953616678714752,1.1294533805994433e-06,0.0008511578780598938,0.7629543542861938,0.0,0.0,1.1235899925231934,0.5774527192115784,0.017572365701198578,0.24646054208278656,0.014814350754022598,0.45690077543258667,0.2943001389503479,0.021033717319369316,0.0007265892345458269,0.6262627243995667,1.0,0.0,0.9124009013175964,0.19181637465953827,0.0006015585386194289,0.019969163462519646,0.0,0.0,0.3428153097629547,0.0730302706360817,2.8792836019420065e-05,1.2986141443252563,0.0,0.0
1161,5.93352746963501,0.6584335565567017,24.050539016723633,5.457425594329834,0.5626277327537537,58.97706604003906,1.0575239658355713,1.0587563514709473,110.07,1.0186854600906372,0.007409066893160343,0.03902545943856239,14.990943908691406,0.0,0.0,0.30359819531440735,1.0277270803271676e-06,0.00398973235860467,0.6869279146194458,0.0,0.0,1.1668950319290161,0.4547123610973358,0.017650926485657692,0.2792018949985504,0.01489810086786747,0.49925103783607483,0.28566938638687134,0.017132338136434555,0.0006660195649601519,0.5929005146026611,1.0,0.0,0.8684343099594116,0.2214765101671219,0.000557935272809118,0.019733622670173645,0.0,0.0,0.34510499238967896,0.056023985147476196,6.358663085848093e-05,1.2873408794403076,0.0,0.0
1162,2.4534058570861816,0.3358565866947174,29.609272003173828,7.752325057983398,0.5014683604240417,47.566612243652344,1.1856107711791992,1.1851873397827148,30.13,1.0132755041122437,0.05183541402220726,0.03674323111772537,5.176999568939209,0.0,0.0,0.32148274779319763,5.435514685814269e-05,0.009447574615478516,0.8246750235557556,0.0,0.0,1.0898408889770508,0.28344205021858215,0.02115803398191929,0.3723546266555786,0.02055066078901291,0.6854607462882996,0.2811144292354584,0.013835473917424679,0.0009110732935369015,0.47120213508605957,1.0,0.0,0.7503947615623474,0.31451910734176636,0.0004821252659894526,0.017978835850954056,0.0,0.0,0.3465927243232727,0.04155723750591278,0.00014569098129868507,1.2709628343582153,0.0,0.0
1163,5.434558868408203,0.8622655868530273,24.73777961730957,7.246038436889648,0.7775830626487732,43.0711669921875,1.208860158920288,1.2112376689910889,162.37,0.8364081382751465,0.015333467163145542,0.05782569944858551,21.46310806274414,0.0,0.0,0.33515724539756775,1.5311301467590965e-05,0.0014200224541127682,0.6070570945739746,0.0,0.0,1.0037174224853516,0.5432681441307068,0.014140449464321136,0.21383799612522125,0.011028649285435677,0.3835047781467438,0.3061894178390503,0.029178006574511528,0.0005488237948156893,0.8155903220176697,1.0,0.0,0.9980460405349731,0.14594030380249023,0.0006446177139878273,0.021008040755987167,0.0,0.0,0.34016135334968567,0.08204621076583862,4.545656338450499e-05,1.2754775285720825,0.0,0.0
1164,1.4832215309143066,0.2983297109603882,34.54652786254883,6.859931468963623,0.61677485704422,52.287960052490234,1.2853120565414429,1.2855638265609741,15.24,0.8757002949714661,0.06119782477617264,0.05344503000378609,5.126490116119385,0.0,0.0,0.3424535393714905,0.00012992903066333383,0.004720482509583235,0.8337022066116333,0.0,0.0,0.9970897436141968,0.43170902132987976,0.0186539888381958,0.276704877614975,0.016444174572825432,0.5101509690284729,0.29410460591316223,0.02071428671479225,0.000775713415350765,0.5966798067092896,1.0,0.0,0.8214936852455139,0.24461448192596436,0.00053790194215253,0.01862792670726776,0.0,0.0,0.3429889380931854,0.056558262556791306,0.00010446981468703598,1.2686681747436523,0.0,0.0
1165,1.3395729064941406,0.16002042591571808,20.929128646850586,9.006603240966797,0.5075146555900574,59.37669372558594,1.1264675855636597,1.1276967525482178,96.76,0.9720432758331299,0.11240507662296295,0.031170224770903587,2.4346249103546143,0.0,0.0,0.36238887906074524,0.00014079312677495182,0.007889341562986374,0.9216547012329102,0.0,0.0,1.115783929824829,0.30836722254753113,0.02224179357290268,0.4391478896141052,0.02182215452194214,0.7936201095581055,0.27769050002098083,0.01395347062498331,0.0008639480220153928,0.48402607440948486,1.0,0.0,0.7336783409118652,0.29967013001441956,0.00047585193533450365,0.01750902086496353,0.0,0.0,0.34526410698890686,0.044489555060863495,9.310060704592615e-05,1.2890958786010742,0.0,0.0
1166,2.010721445083618,0.12181504815816879,24.862695693969727,4.888105869293213,0.580595076084137,45.51275634765625,1.1400623321533203,1.1429301500320435,220.09,0.9275969862937927,0.14072847366333008,0.02944607101380825,2.2817139625549316,0.0,0.0,0.36841055750846863,0.0001894297602120787,0.0074076661840081215,0.9435601234436035,0.0,0.0,1.044000506401062,0.43425875902175903,0.01746366173028946,0.24729673564434052,0.013799121603369713,0.42998844385147095,0.28987613320350647,0.02013864368200302,0.000624550913926214,0.6178550124168396,1.0,0.0,0.7768768072128296,0.26266470551490784,0.000517054577358067,0.017866894602775574,0.0,0.0,0.3454042077064514,0.05695567652583122,9.782766574062407e-05,1.2800648212432861,0.0,0.0
1167,1.7634384632110596,0.013550033792853355,16.755924224853516,9.588748931884766,0.5596258640289307,46.23563766479492,1.0901556015014648,1.095291256904602,430.11,0.9517187476158142,0.22966215014457703,0.01627674512565136,1.6686667203903198,0.0,0.0,0.38957667350769043,0.00014709301467519253,0.010203694924712181,1.007228136062622,0.0,0.0,1.1025874614715576,0.3292759358882904,0.021677715703845024,0.44103705883026123,0.021045345813035965,0.7740679979324341,0.28109440207481384,0.016429612413048744,0.0007886852836236358,0.5420815944671631,1.0,0.0,0.6933261752128601,0.3112218976020813,0.00045004780986346304,0.016498418524861336,0.0,0.0,0.3443233370780945,0.04537418112158775,9.937938739312813e-05,1.2869025468826294,0.0,0.0
1168,4.7739763259887695,0.19895341992378235,30.798938751220703,2.6317055225372314,0.6558658480644226,48.55126953125,1.0940197706222534,1.0914418697357178,215.89,1.0649750232696533,0.12799836695194244,0.024282053112983704,4.448017120361328,0.0,0.0,0.3188426196575165,9.691224113339558e-05,0.0025059690233319998,0.9088508486747742,0.0,0.0,1.0493183135986328,0.6112399697303772,0.013887852430343628,0.1409488171339035,0.008342113345861435,0.22859995067119598,0.29981178045272827,0.024963347241282463,0.00041221067658625543,0.7672012448310852,1.0,0.0,0.8759241700172424,0.20122921466827393,0.0005876383511349559,0.019017061218619347,0.0,0.0,0.34374892711639404,0.07801885902881622,6.565944931935519e-05,1.2745561599731445,0.0,0.0
1169,2.156583309173584,0.1159779354929924,29.575927734375,5.189659595489502,0.6337510943412781,47.14681625366211,1.2238022089004517,1.2243403196334839,35.91,0.9004049301147461,0.14695382118225098,0.031059565022587776,2.4623794555664062,0.0,0.0,0.3685659170150757,0.00019581067317631096,0.005090941209346056,0.9417805075645447,0.0,0.0,0.9998971223831177,0.4790478050708771,0.016843412071466446,0.22858256101608276,0.013232940807938576,0.40658462047576904,0.2961748242378235,0.02291218377649784,0.0006250683800317347,0.66365647315979,1.0,0.0,0.803164541721344,0.24210573732852936,0.0005361890071071684,0.01810278743505478,0.0,0.0,0.3435664772987366,0.06286569684743881,9.236837649950758e-05,1.2727468013763428,0.0,0.0
1170,3.4822638034820557,0.7876982688903809,19.208581924438477,5.511288642883301,0.5820578932762146,59.84710693359375,1.0260721445083618,1.024850845336914,116.14,0.8581109046936035,0.00630202004685998,0.06220428645610809,16.92731475830078,0.0,0.0,0.3301474452018738,1.177598051071982e-06,0.003119952743873,0.6402420401573181,0.0,0.0,1.1219661235809326,0.5313563346862793,0.017416201531887054,0.2817007899284363,0.014473890885710716,0.4905672073364258,0.2856085002422333,0.01852019689977169,0.0006113337585702538,0.6204984188079834,1.0,0.0,0.9141179323196411,0.19125494360923767,0.0005826595588587224,0.020524537190794945,0.0,0.0,0.3439862132072449,0.057356830686330795,6.805523298680782e-05,1.282813310623169,0.0,0.0
1171,5.369792938232422,0.7777934670448303,25.123153686523438,6.751254558563232,0.7145102620124817,41.6680908203125,1.183902621269226,1.1860743761062622,154.66,0.8904303312301636,0.006858237087726593,0.05467161908745766,16.002986907958984,0.0,0.0,0.3189736604690552,9.168476822196681e-07,0.0023323839996010065,0.6368089318275452,0.0,0.0,1.048771619796753,0.5663192868232727,0.01552717387676239,0.2406727373600006,0.012758544646203518,0.4320032596588135,0.30066365003585815,0.025191333144903183,0.0006031442317180336,0.7398948073387146,1.0,0.0,0.9319723844528198,0.17767146229743958,0.0005933336215093732,0.02025538496673107,0.0,0.0,0.3414423167705536,0.06718767434358597,6.893414683872834e-05,1.2711102962493896,0.0,0.0
1172,5.965190887451172,0.570056140422821,38.25276565551758,8.809406280517578,0.48088061809539795,53.00138854980469,1.2147185802459717,1.2150614261627197,23.23,1.0358171463012695,0.018840091302990913,0.033747974783182144,9.272321701049805,0.0,0.0,0.2949984669685364,7.299212256839382e-07,0.009510427713394165,0.7245337963104248,0.0,0.0,1.100510835647583,0.2295144945383072,0.021937351673841476,0.3985595107078552,0.022861754521727562,0.7601999044418335,0.27903810143470764,0.011426822282373905,0.0010381017345935106,0.42713841795921326,1.0,0.0,0.7307559847831726,0.3629959523677826,0.00045219925232231617,0.017788343131542206,0.0,0.0,0.34583553671836853,0.03362537547945976,0.00021517153072636575,1.2491270303726196,0.0,0.0
1173,3.583744525909424,0.6970431804656982,30.66265296936035,4.5612664222717285,0.7262699604034424,52.261314392089844,1.2280017137527466,1.2300409078598022,135.0,0.8859425187110901,0.007005542516708374,0.06717340648174286,17.97111701965332,0.0,0.0,0.3124154806137085,8.85436838871101e-06,0.0012062758905813098,0.6600415706634521,0.0,0.0,1.0285968780517578,0.5669856667518616,0.014007147401571274,0.1721750795841217,0.009770537726581097,0.30241215229034424,0.30475711822509766,0.0279269777238369,0.0004928218550048769,0.8007283210754395,1.0,0.0,1.0023902654647827,0.1494203507900238,0.0006571434205397964,0.021036051213741302,0.0,0.0,0.34094351530075073,0.08690609037876129,3.650703001767397e-05,1.280159831047058,0.0,0.0
1174,4.475008964538574,0.723732054233551,42.132102966308594,5.5572004318237305,0.5242074131965637,52.848060607910156,1.2169508934020996,1.2174913883209229,36.48,0.8536281585693359,0.006685944274067879,0.05322279781103134,13.44218921661377,0.0,0.0,0.3166697025299072,8.730328318051761e-07,0.005619249306619167,0.6690245270729065,0.0,0.0,1.0230530500411987,0.33014222979545593,0.018364761024713516,0.26965904235839844,0.016504818573594093,0.49626028537750244,0.28553786873817444,0.015058745630085468,0.0007993447361513972,0.5234543681144714,1.0,0.0,0.8130511045455933,0.29167360067367554,0.0005047078593634069,0.019061286002397537,0.0,0.0,0.3450322151184082,0.04021267220377922,0.00022362452000379562,1.2380441427230835,0.0,0.0
1175,2.513254165649414,0.45840558409690857,39.47796630859375,6.832509994506836,0.552979588508606,56.71384048461914,1.2638657093048096,1.2643519639968872,30.43,0.9394354224205017,0.025158576667308807,0.05039381980895996,7.707663059234619,0.0,0.0,0.31405699253082275,3.162333814543672e-05,0.005546474829316139,0.76487797498703,0.0,0.0,1.0243011713027954,0.3840218186378479,0.019601643085479736,0.29964736104011536,0.01818547397851944,0.5585065484046936,0.2877948582172394,0.016508199274539948,0.0008478452218696475,0.5246440172195435,1.0,0.0,0.8120991587638855,0.262539267539978,0.000519418332260102,0.018776804208755493,0.0,0.0,0.3444167375564575,0.049591295421123505,0.0001486489491071552,1.2622393369674683,0.0,0.0
1176,3.282376527786255,0.5900694727897644,22.849720001220703,4.744045734405518,0.6978364586830139,41.210205078125,1.1337602138519287,1.1359901428222656,173.14,0.9205387234687805,0.010478436015546322,0.06083591654896736,13.267242431640625,0.0,0.0,0.30597224831581116,1.8743683540378697e-05,0.002347659319639206,0.7093187570571899,0.0,0.0,1.0462048053741455,0.574135422706604,0.014470822177827358,0.196626678109169,0.010594625025987625,0.338189035654068,0.29986485838890076,0.02561255544424057,0.0005084945587441325,0.7675493955612183,1.0,0.0,0.943324625492096,0.17505024373531342,0.000612127420026809,0.02037617191672325,0.0,0.0,0.3424244821071625,0.0731172189116478,5.5124717619037256e-05,1.2760615348815918,0.0,0.0
1177,5.987740516662598,0.876523494720459,33.3914909362793,5.835503101348877,0.6744399070739746,44.061683654785156,1.2359811067581177,1.2356846332550049,19.41,0.7915238738059998,0.01568472571671009,0.05519626662135124,18.659231185913086,0.0,0.0,0.34198030829429626,2.0639627109630965e-05,0.0026066130958497524,0.6027243733406067,0.0,0.0,0.9613412022590637,0.5763465166091919,0.016169307753443718,0.22746683657169342,0.013068052940070629,0.4119957983493805,0.299270898103714,0.02375241369009018,0.0006274895276874304,0.6958287954330444,1.0,0.0,0.9233025312423706,0.18935859203338623,0.0005849609151482582,0.020169219002127647,0.0,0.0,0.3411308825016022,0.06146908923983574,0.0001111077144742012,1.2488125562667847,0.0,0.0
1178,4.120789051055908,0.8089665174484253,29.905651092529297,1.8984496593475342,0.7298232913017273,44.05225372314453,1.0089017152786255,1.010070562362671,114.7,0.8353575468063354,0.010536640882492065,0.07479993999004364,19.92693519592285,0.0,0.0,0.32565179467201233,1.1710530998243485e-05,0.0008387466077692807,0.620366096496582,0.0,0.0,1.0104674100875854,0.5501241683959961,0.011584317311644554,0.1000937819480896,0.005258224438875914,0.14619536697864532,0.30581536889076233,0.02999427728354931,0.00026574020739644766,0.8963325023651123,1.0,0.0,1.0711877346038818,0.11847972869873047,0.0006993372226133943,0.021692315116524696,0.0,0.0,0.34163013100624084,0.09220398217439651,3.8356040022335947e-05,1.2689015865325928,0.0,0.0
1179,4.8556809425354,0.38291171193122864,31.875839233398438,6.126526355743408,0.7050153613090515,44.53656005859375,1.265837550163269,1.2661821842193604,21.5,1.0342596769332886,0.04730088263750076,0.03893863409757614,7.267955303192139,0.0,0.0,0.29375532269477844,1.405262628395576e-05,0.0037654414772987366,0.8080834746360779,0.0,0.0,1.020824670791626,0.501867413520813,0.01571086049079895,0.21741288900375366,0.012666885741055012,0.3968693017959595,0.3027854859828949,0.025127962231636047,0.0006244903197512031,0.7270150780677795,1.0,0.0,0.8728281259536743,0.2117147296667099,0.0005629906081594527,0.01913280412554741,0.0,0.0,0.3406508266925812,0.062340278178453445,0.00011259454186074436,1.254808783531189,0.0,0.0
1180,3.3385841846466064,0.11262854933738708,26.49164581298828,8.307209968566895,0.4063226580619812,43.17811965942383,1.1089129447937012,1.1063979864120483,204.98,1.1078373193740845,0.13928434252738953,0.011567058973014355,2.285522937774658,0.0,0.0,0.3410300612449646,7.010764966253191e-05,0.013800916261970997,0.9486545920372009,0.0,0.0,1.1617181301116943,0.19183897972106934,0.022531477734446526,0.45787277817726135,0.0231984481215477,0.8194295167922974,0.26916682720184326,0.008994552306830883,0.0009666981059126556,0.39760345220565796,1.0,0.0,0.6371215581893921,0.4255872368812561,0.00040593743324279785,0.016137180849909782,0.0,0.0,0.34951528906822205,0.031520143151283264,0.00013915571616962552,1.2728451490402222,0.0,0.0
1181,5.951512813568115,0.4615754187107086,34.22154235839844,3.353797674179077,0.40778878331184387,48.78834533691406,1.0160280466079712,1.0147924423217773,119.84,1.0860188007354736,0.025371871888637543,0.030930329114198685,7.748851776123047,0.0,0.0,0.29515254497528076,9.175361128654913e-07,0.008250990882515907,0.7923234701156616,0.0,0.0,1.1632379293441772,0.3005242347717285,0.01706327311694622,0.2263326197862625,0.013462832197546959,0.3879961669445038,0.274921178817749,0.011412502266466618,0.000671173504088074,0.4762738049030304,1.0,0.0,0.7524147629737854,0.34527266025543213,0.000478840374853462,0.018320314586162567,0.0,0.0,0.35111239552497864,0.03862851858139038,0.00017997414397541434,1.2598075866699219,0.0,0.0
1182,1.9111963510513306,0.0016868857201188803,33.983341217041016,2.4753432273864746,0.4165002107620239,55.79145431518555,1.0175504684448242,1.0193880796432495,177.16,0.8806869387626648,0.18805259466171265,0.01704796403646469,1.4926804304122925,0.0,0.0,0.4095567762851715,0.00036385637940838933,0.006446262821555138,1.0338393449783325,0.0,0.0,1.0684677362442017,0.3888133764266968,0.016342893242836,0.18393245339393616,0.011374539695680141,0.29973214864730835,0.27685052156448364,0.013448943383991718,0.0005775426398031414,0.5124093890190125,1.0,0.0,0.7136361002922058,0.33673208951950073,0.0004856165614910424,0.017155274748802185,0.0,0.0,0.3521936535835266,0.05286623165011406,9.734789637150243e-05,1.2866705656051636,0.0,0.0
1183,5.760228157043457,0.05746832117438316,37.18970489501953,4.340147972106934,0.7768271565437317,59.301822662353516,1.2756001949310303,1.2725658416748047,186.93,1.1060086488723755,0.20738448202610016,0.012154259718954563,1.7107281684875488,0.0,0.0,0.33646827936172485,0.00010992751776939258,0.002110670320689678,1.0028371810913086,0.0,0.0,1.027560830116272,0.5412983894348145,0.012768405489623547,0.14407333731651306,0.008225850760936737,0.24568195641040802,0.31019172072410583,0.03195767104625702,0.0004236727545503527,0.8771848082542419,1.0,0.0,0.8797104954719543,0.17856751382350922,0.0006008603959344327,0.018429016694426537,0.0,0.0,0.3395203649997711,0.09385854750871658,4.063245432917029e-05,1.285788893699646,0.0,0.0
1184,3.3739516735076904,0.38302651047706604,19.04627227783203,7.625572681427002,0.6958521008491516,44.718589782714844,1.128671646118164,1.1314446926116943,217.15,1.0346401929855347,0.051892343908548355,0.040883783251047134,6.9943037033081055,0.0,0.0,0.3052150309085846,3.654985630419105e-05,0.004908554255962372,0.8094239234924316,0.0,0.0,1.0919586420059204,0.5028849244117737,0.01672971248626709,0.28422999382019043,0.01427573524415493,0.5015586018562317,0.29697462916374207,0.024084119126200676,0.0006256835767999291,0.7104033827781677,1.0,0.0,0.8594956994056702,0.20735090970993042,0.0005583743914030492,0.01907177083194256,0.0,0.0,0.34210607409477234,0.06298541277647018,7.196391379693523e-05,1.28337562084198,0.0,0.0
1185,5.5810017585754395,0.27131742238998413,22.39761734008789,8.68570613861084,0.4333367347717285,53.042999267578125,1.0432478189468384,1.042669415473938,53.17,1.2806456089019775,0.07927118241786957,0.01680157333612442,4.26157808303833,0.0,0.0,0.2941827178001404,7.875431947468314e-06,0.012323202565312386,0.8601576685905457,0.0,0.0,1.2722365856170654,0.2139996886253357,0.02215150184929371,0.47159820795059204,0.022691955789923668,0.8637140393257141,0.26925981044769287,0.00932846125215292,0.0009061594610102475,0.4339243173599243,1.0,0.0,0.681553304195404,0.384182333946228,0.00043129705591127276,0.016824670135974884,0.0,0.0,0.3476421535015106,0.03558547422289848,9.809040784602985e-05,1.2871716022491455,0.0,0.0
1186,3.6530356407165527,0.94936203956604,25.44106674194336,8.362738609313965,0.4458233714103699,59.37564468383789,1.0951132774353027,1.0923635959625244,229.86,0.7662097215652466,0.020859185606241226,0.05175158008933067,23.170703887939453,0.0,0.0,0.37383541464805603,6.078130172681995e-05,0.005085382144898176,0.5878273844718933,0.0,0.0,1.1001490354537964,0.3132728934288025,0.02199624851346016,0.43743088841438293,0.022317858412861824,0.8162514567375183,0.2717955708503723,0.010643141344189644,0.0009385700686834753,0.4336788058280945,1.0,0.0,0.8118119239807129,0.267818421125412,0.0005190516822040081,0.019312376156449318,0.0,0.0,0.3474900424480438,0.04436759278178215,7.497057958971709e-05,1.2908202409744263,0.0,0.0
1187,4.341192722320557,0.529110312461853,27.88745880126953,5.9820876121521,0.6392819881439209,43.985496520996094,1.1935192346572876,1.1935975551605225,5.5,1.0057847499847412,0.018589237704873085,0.046302374452352524,10.22144603729248,0.0,0.0,0.29686373472213745,8.785864906712959e-07,0.004387200344353914,0.7364863157272339,0.0,0.0,1.0836304426193237,0.46416905522346497,0.016995152458548546,0.25215697288513184,0.014149592258036137,0.4571833610534668,0.29543009400367737,0.021430859342217445,0.0006633407319895923,0.6549512147903442,1.0,0.0,0.8632121682167053,0.22191646695137024,0.0005527141038328409,0.019371790811419487,0.0,0.0,0.34304478764533997,0.05650997534394264,0.00010252742504235357,1.2667909860610962,0.0,0.0
1188,3.331596612930298,0.9519565105438232,30.173524856567383,2.6536355018615723,0.7196893692016602,57.43073654174805,1.1095435619354248,1.1085176467895508,83.41,0.7229453325271606,0.0349077507853508,0.08484683185815811,29.138164520263672,0.0,0.0,0.36121803522109985,5.089596743346192e-05,0.0005009930464439094,0.5692250728607178,0.0,0.0,0.9987009167671204,0.5594657063484192,0.012702175416052341,0.12492912262678146,0.006810578051954508,0.1983509361743927,0.30467331409454346,0.0299285389482975,0.00033593751140870154,0.8564016222953796,1.0,0.0,1.1010314226150513,0.11374066770076752,0.000736688612960279,0.02236098051071167,0.0,0.0,0.34193140268325806,0.09576991945505142,1.7485856005805545e-05,1.292864203453064,0.0,0.0
1189,5.197524070739746,0.3867768943309784,30.527061462402344,4.930199146270752,0.5518321394920349,43.67675018310547,1.1399195194244385,1.1420143842697144,160.92,1.0792160034179688,0.04243394359946251,0.032360587269067764,6.377650260925293,0.0,0.0,0.29411521553993225,8.902039553504437e-06,0.007797450292855501,0.8112382888793945,0.0,0.0,1.086290717124939,0.3581470549106598,0.017558669671416283,0.252459853887558,0.014507384039461613,0.4517230689525604,0.2881288230419159,0.0173367727547884,0.0006798844551667571,0.5778210163116455,1.0,0.0,0.793705403804779,0.2830949127674103,0.0005086548044346273,0.018449600785970688,0.0,0.0,0.345704048871994,0.04760037362575531,0.00017344589286949486,1.2583385705947876,0.0,0.0
1190,1.31803297996521,0.14092722535133362,22.755531311035156,6.340103626251221,0.41723358631134033,43.731204986572266,1.0579320192337036,1.0582517385482788,28.56,0.9584704041481018,0.11076007783412933,0.026873165741562843,2.2923455238342285,0.0,0.0,0.37025880813598633,0.00015294327749870718,0.011110168881714344,0.9428941011428833,0.0,0.0,1.1343170404434204,0.26490044593811035,0.020748315379023552,0.37660253047943115,0.019430581480264664,0.659703254699707,0.270450234413147,0.010803445242345333,0.000811596168205142,0.43990039825439453,1.0,0.0,0.6824869513511658,0.3726172149181366,0.0004422288038767874,0.016914652660489082,0.0,0.0,0.34976357221603394,0.037752192467451096,0.0001050221108016558,1.284578561782837,0.0,0.0
1191,5.250614166259766,0.21732887625694275,39.41458511352539,3.5861504077911377,0.4410392642021179,55.59779357910156,1.0916064977645874,1.0915875434875488,1.59,1.1119917631149292,0.08694181591272354,0.017539246007800102,3.9598608016967773,0.0,0.0,0.3110411465167999,5.285497536533512e-05,0.008454683236777782,0.9152246713638306,0.0,0.0,1.106130838394165,0.2861751317977905,0.017279958352446556,0.22402270138263702,0.01367969810962677,0.3901385962963104,0.27893367409706116,0.012715683318674564,0.0006960518658161163,0.49630871415138245,1.0,0.0,0.7203001379966736,0.3708447515964508,0.00047061918303370476,0.01743130385875702,0.0,0.0,0.34980258345603943,0.04188782721757889,0.00017738273891154677,1.2606838941574097,0.0,0.0
1192,5.657644748687744,0.1306723803281784,25.95216178894043,8.62693977355957,0.6443497538566589,46.18528747558594,1.2107712030410767,1.2103626728057861,27.88,1.1580266952514648,0.14666996896266937,0.01957802288234234,2.8094630241394043,0.0,0.0,0.3150436580181122,5.0734604883473366e-05,0.009704861789941788,0.9443568587303162,0.0,0.0,1.0780918598175049,0.35957014560699463,0.018957089632749557,0.32460877299308777,0.017454685643315315,0.5991266965866089,0.2948983907699585,0.020785681903362274,0.0007717791013419628,0.6189504861831665,1.0,0.0,0.7615426778793335,0.2767302989959717,0.0004974302719347179,0.017485225573182106,0.0,0.0,0.3428898751735687,0.05352017655968666,0.00012908544158563018,1.274165153503418,0.0,0.0
1193,3.587728261947632,0.6914722323417664,29.137161254882812,6.598124027252197,0.5827227830886841,59.947086334228516,1.1941500902175903,1.1925005912780762,115.83,0.9239765405654907,0.007433094549924135,0.05500871315598488,16.123876571655273,0.0,0.0,0.3156069219112396,1.1253217735429644e-06,0.0029075252823531628,0.6686509251594543,0.0,0.0,1.1018590927124023,0.4607695937156677,0.01874401792883873,0.2952466309070587,0.016624294221401215,0.5467232465744019,0.2896743416786194,0.018457701429724693,0.0007690599304623902,0.5765193700790405,1.0,0.0,0.8795186877250671,0.21691104769706726,0.0005703835631720722,0.019871504977345467,0.0,0.0,0.34429076313972473,0.058540619909763336,5.3538024076260626e-05,1.287731409072876,0.0,0.0
1194,3.009312868118286,0.27126869559288025,21.136112213134766,6.448912620544434,0.5906376838684082,41.3597297668457,1.1104724407196045,1.110425353050232,3.82,1.0217994451522827,0.08137352764606476,0.03219067305326462,4.184621810913086,0.0,0.0,0.32148438692092896,6.673196912743151e-05,0.008467787876725197,0.8639051914215088,0.0,0.0,1.094349980354309,0.37470543384552,0.018304113298654556,0.30449777841567993,0.0159154050052166,0.5366968512535095,0.2881116569042206,0.018863491714000702,0.0006827122997492552,0.6041198372840881,1.0,0.0,0.7790110111236572,0.2719530463218689,0.0005054664798080921,0.018052350729703903,0.0,0.0,0.34464412927627563,0.05059244483709335,0.0001222369319293648,1.2780096530914307,0.0,0.0
1195,4.494932174682617,0.08863639831542969,23.93186378479004,6.045018196105957,0.6388997435569763,43.588531494140625,1.1577967405319214,1.1611262559890747,247.67,1.0939902067184448,0.18971744179725647,0.0160616897046566,1.8210599422454834,0.0,0.0,0.3377844989299774,9.003186278278008e-05,0.008217829279601574,0.9675753116607666,0.0,0.0,1.0732570886611938,0.42793187499046326,0.017255239188671112,0.2626113295555115,0.014017638750374317,0.4606938362121582,0.29482296109199524,0.02215280383825302,0.0006309496238827705,0.6620479226112366,1.0,0.0,0.7588928937911987,0.266393780708313,0.000501818023622036,0.017306659370660782,0.0,0.0,0.343705952167511,0.05795171484351158,0.00011573877418413758,1.2766036987304688,0.0,0.0
1196,4.791653633117676,0.2109183669090271,44.652000427246094,5.65995979309082,0.5718817710876465,50.970855712890625,1.2592895030975342,1.2585252523422241,48.22,0.9808775782585144,0.0915568396449089,0.023509638383984566,3.0890088081359863,0.0,0.0,0.31131675839424133,3.645318793132901e-05,0.008021664805710316,0.9085341691970825,0.0,0.0,0.9738625288009644,0.27011838555336,0.017698921263217926,0.2512890100479126,0.015724705532193184,0.4653111696243286,0.28983718156814575,0.016926651820540428,0.0007596275536343455,0.5691536068916321,1.0,0.0,0.7366430163383484,0.3568761348724365,0.0004616272635757923,0.017283296212553978,0.0,0.0,0.3425031900405884,0.03813634067773819,0.00031219798256643116,1.2169606685638428,0.0,0.0
1197,4.670924186706543,0.2537567615509033,30.450416564941406,6.4648823738098145,0.6853382587432861,58.38740158081055,1.2577756643295288,1.256967544555664,51.12,1.1155271530151367,0.09010746330022812,0.024877706542611122,5.3575053215026855,0.0,0.0,0.30778929591178894,6.0061011026846245e-05,0.0036098971031606197,0.8741371035575867,0.0,0.0,1.0667977333068848,0.5021254420280457,0.01669946312904358,0.23771901428699493,0.013658430427312851,0.4353834092617035,0.30071109533309937,0.024563975632190704,0.0006614548619836569,0.6966200470924377,1.0,0.0,0.849319577217102,0.21640455722808838,0.0005679313326254487,0.018711905926465988,0.0,0.0,0.3419090509414673,0.07042279094457626,5.341508222045377e-05,1.2868642807006836,0.0,0.0
1198,5.843092918395996,0.16678576171398163,20.21791648864746,5.451062202453613,0.6012658476829529,44.35505294799805,1.0287151336669922,1.0263841152191162,220.77,1.164692759513855,0.13400991261005402,0.02063819393515587,2.91916823387146,0.0,0.0,0.30879321694374084,4.7787983930902556e-05,0.007824180647730827,0.9261071085929871,0.0,0.0,1.1403160095214844,0.3956325352191925,0.016980011016130447,0.26940441131591797,0.013778061605989933,0.467447966337204,0.2891107499599457,0.019286539405584335,0.0005944510921835899,0.6440601944923401,1.0,0.0,0.7745580673217773,0.26990240812301636,0.0005064200377091765,0.017797891050577164,0.0,0.0,0.3449368178844452,0.055358801037073135,9.90363405435346e-05,1.2839006185531616,0.0,0.0
1199,2.4349780082702637,0.8177142143249512,25.810747146606445,7.184915542602539,0.607558012008667,55.21842956542969,1.1957556009292603,1.1967233419418335,67.63,0.7962418794631958,0.010374072007834911,0.07350440323352814,19.097158432006836,0.0,0.0,0.3414973020553589,3.0476245228783228e-05,0.0028435494750738144,0.6177773475646973,0.0,0.0,1.0445102453231812,0.5292291641235352,0.018910257145762444,0.30820825695991516,0.016819743439555168,0.5605868101119995,0.29100027680397034,0.020103653892874718,0.0007517053745687008,0.5970064401626587,1.0,0.0,0.9131594300270081,0.1914059966802597,0.0005930237821303308,0.020384782925248146,0.0,0.0,0.3436727821826935,0.06229858845472336,4.929776696371846e-05,1.2875568866729736,0.0,0.0
1200,1.8539937734603882,0.9047569632530212,24.003644943237305,4.791491985321045,0.7286887764930725,45.8498420715332,1.185273289680481,1.1854408979415894,11.93,0.6914077997207642,0.021783480420708656,0.10085558891296387,24.81029510498047,0.0,0.0,0.3579668700695038,6.775611836928874e-05,0.0013374941190704703,0.5802946090698242,0.0,0.0,0.9732025265693665,0.559112548828125,0.014183209277689457,0.18167395889759064,0.009796762838959694,0.3154691755771637,0.3033007085323334,0.02881106361746788,0.0004783367330674082,0.8048726916313171,1.0,0.0,1.0393599271774292,0.1323731541633606,0.0006832070066593587,0.021725503727793694,0.0,0.0,0.3416087031364441,0.09005340933799744,3.0439830879913643e-05,1.2831425666809082,0.0,0.0
1201,3.741370439529419,0.7463455200195312,31.692590713500977,3.5447816848754883,0.7213212251663208,57.16994094848633,1.186290979385376,1.1868274211883545,38.1,0.8728582859039307,0.007310798857361078,0.06840468943119049,20.462099075317383,0.0,0.0,0.31817328929901123,7.984484000189696e-06,0.0007874405127950013,0.6433113217353821,0.0,0.0,1.0415042638778687,0.5650913119316101,0.01331197191029787,0.14834105968475342,0.008352640084922314,0.25087612867355347,0.3047398328781128,0.02854875661432743,0.00041958794463425875,0.8262575268745422,1.0,0.0,1.0420022010803223,0.1343180239200592,0.0006889459909871221,0.02154344692826271,0.0,0.0,0.3414017856121063,0.09470462799072266,2.467611921019852e-05,1.2885836362838745,0.0,0.0
1202,4.8772053718566895,0.0706826001405716,33.71061325073242,6.663019180297852,0.4496159851551056,42.59041976928711,1.1498183012008667,1.1515719890594482,132.44,1.0859414339065552,0.15751375257968903,0.011229465715587139,1.7168000936508179,0.0,0.0,0.33564022183418274,6.542901246575639e-05,0.012247247621417046,0.980900228023529,0.0,0.0,1.064375877380371,0.20627275109291077,0.020419364795088768,0.34990137815475464,0.019708555191755295,0.6415289640426636,0.2774675786495209,0.011532729491591454,0.0008947068126872182,0.43821224570274353,1.0,0.0,0.6452186703681946,0.4368446171283722,0.00040981441270560026,0.01608395203948021,0.0,0.0,0.3483816385269165,0.03242608159780502,0.0002293947181897238,1.2426553964614868,0.0,0.0
1203,4.689191818237305,0.3553280532360077,28.07404899597168,8.296021461486816,0.4478834271430969,54.16367721557617,1.1259933710098267,1.1249489784240723,82.45,1.1750562191009521,0.051046960055828094,0.022323010489344597,5.810164451599121,0.0,0.0,0.296316534280777,2.6019661163445562e-06,0.011004031635820866,0.8187453746795654,0.0,0.0,1.2061797380447388,0.2309304177761078,0.021970661357045174,0.4262879490852356,0.022222118452191353,0.7940078973770142,0.27394577860832214,0.010536378249526024,0.0009590843692421913,0.4278922975063324,1.0,0.0,0.717582643032074,0.35663318634033203,0.00045780636719428003,0.017554346472024918,0.0,0.0,0.34771987795829773,0.03765473887324333,0.00011154848471051082,1.2824159860610962,0.0,0.0
1204,3.9809088706970215,0.9968423247337341,28.822717666625977,7.457294940948486,0.734192430973053,45.659034729003906,1.2755942344665527,1.2761788368225098,35.91,0.6908242106437683,0.04226173087954521,0.07284671068191528,26.569988250732422,0.0,0.0,0.3734126389026642,6.576674786629155e-05,0.001693905214779079,0.5490977168083191,0.0,0.0,0.9402592778205872,0.5700478553771973,0.016078626736998558,0.23525530099868774,0.013156882487237453,0.4357837438583374,0.30385681986808777,0.027188261970877647,0.0006348678143694997,0.7400489449501038,1.0,0.0,0.9807812571525574,0.1553041785955429,0.0006356400554068387,0.020906250923871994,0.0,0.0,0.3401315212249756,0.07504734396934509,5.599481664830819e-05,1.2680134773254395,0.0,0.0
1205,1.9850678443908691,0.6628299355506897,33.46133041381836,8.815017700195312,0.513766348361969,53.558876037597656,1.2365363836288452,1.2355328798294067,65.68,0.861031174659729,0.009508652612566948,0.06458411365747452,12.260645866394043,0.0,0.0,0.32595372200012207,1.585105201229453e-05,0.006123039405792952,0.6721609234809875,0.0,0.0,1.0558018684387207,0.31958720088005066,0.021883824840188026,0.38793402910232544,0.022203804925084114,0.7326444983482361,0.2825295627117157,0.013813857920467854,0.001002324279397726,0.4587390720844269,1.0,0.0,0.8046502470970154,0.2765873968601227,0.000511729100253433,0.018987035378813744,0.0,0.0,0.3457832634449005,0.044132404029369354,0.00012352205521892756,1.272841215133667,0.0,0.0
1206,5.694817066192627,0.15669310092926025,36.25767135620117,5.104377746582031,0.4912734925746918,48.18641662597656,1.1544225215911865,1.1542110443115234,15.87,1.1102548837661743,0.11477187275886536,0.017596416175365448,2.6192476749420166,0.0,0.0,0.31375405192375183,4.929415445076302e-05,0.009754673577845097,0.9386177062988281,0.0,0.0,1.0662344694137573,0.2680066227912903,0.018556272611021996,0.2721616327762604,0.01607864908874035,0.4925359785556793,0.2831219434738159,0.014261418022215366,0.0007688971818424761,0.5053867697715759,1.0,0.0,0.7039793729782104,0.37779536843299866,0.00045357225462794304,0.016976865008473396,0.0,0.0,0.3472757637500763,0.0397818423807621,0.0002123917220160365,1.248784065246582,0.0,0.0
1207,4.742311000823975,0.504454493522644,39.226322174072266,3.8432960510253906,0.6444605588912964,57.52077865600586,1.2210936546325684,1.2193044424057007,120.17,1.001052737236023,0.019930055364966393,0.04353702813386917,11.084912300109863,0.0,0.0,0.2939474284648895,9.084996008823509e-07,0.001889199367724359,0.7567655444145203,0.0,0.0,1.07180655002594,0.5489124655723572,0.015112443827092648,0.1802363097667694,0.010854442603886127,0.3157517611980438,0.2980589270591736,0.023010963574051857,0.000535598723217845,0.7111787796020508,1.0,0.0,0.9132499098777771,0.19991296529769897,0.0005941594135947526,0.019970983266830444,0.0,0.0,0.34231260418891907,0.06604327261447906,7.576420466648415e-05,1.2682411670684814,0.0,0.0
1208,5.333001613616943,0.5178016424179077,29.683473587036133,7.622146129608154,0.41516420245170593,62.89704513549805,1.0990759134292603,1.101952075958252,237.48,1.1339223384857178,0.021887555718421936,0.027117356657981873,9.58420181274414,0.0,0.0,0.2942535877227783,9.698633220978081e-07,0.009384398348629475,0.7492225766181946,0.0,0.0,1.2292773723602295,0.2349741905927658,0.021527279168367386,0.41425734758377075,0.021648552268743515,0.77150559425354,0.27079522609710693,0.009271588176488876,0.0009624185040593147,0.4094071686267853,1.0,0.0,0.7343344688415527,0.35071834921836853,0.00046754576032981277,0.01798965036869049,0.0,0.0,0.3486710488796234,0.037618570029735565,9.701497765490785e-05,1.2873611450195312,0.0,0.0
1209,1.662902593612671,0.3985775411128998,28.67530632019043,6.036749362945557,0.473019003868103,55.26649475097656,1.1377836465835571,1.137850284576416,5.15,0.9545683264732361,0.032751914113759995,0.04850174859166145,7.208146572113037,0.0,0.0,0.32994744181632996,8.124796295305714e-05,0.007061632350087166,0.8035842776298523,0.0,0.0,1.1134600639343262,0.33187487721443176,0.019899027422070503,0.32458922266960144,0.018025098368525505,0.5902383327484131,0.27884677052497864,0.013493608683347702,0.000825668394099921,0.47880420088768005,1.0,0.0,0.7817380428314209,0.2901853621006012,0.0005116437678225338,0.018545564264059067,0.0,0.0,0.3480752110481262,0.047810349613428116,8.506375161232427e-05,1.288425326347351,0.0,0.0
1210,1.893478274345398,0.5871281027793884,19.328657150268555,3.4502437114715576,0.7087243795394897,53.078269958496094,1.044926643371582,1.040305256843567,425.13,0.8641752004623413,0.010882874950766563,0.07780471444129944,14.100513458251953,0.0,0.0,0.3214378356933594,7.162339898059145e-05,0.0013371683889999986,0.7128322720527649,0.0,0.0,1.028473973274231,0.5625643134117126,0.013227814808487892,0.15504997968673706,0.00825158879160881,0.2553371489048004,0.3000686466693878,0.02771640196442604,0.00038778421003371477,0.8248735070228577,1.0,0.0,1.0348457098007202,0.12956956028938293,0.0006837347173132002,0.02145848609507084,0.0,0.0,0.34237709641456604,0.09495364874601364,2.6136502128792927e-05,1.2900406122207642,0.0,0.0
1211,4.078574180603027,0.7256189584732056,21.74217414855957,8.693984031677246,0.7354496121406555,45.62239074707031,1.1921042203903198,1.1925630569458008,32.27,0.9209318161010742,0.00948367640376091,0.057307805866003036,16.898845672607422,0.0,0.0,0.31357938051223755,5.982863513054326e-06,0.0023680932354182005,0.6549591422080994,0.0,0.0,1.0503507852554321,0.5553444027900696,0.016201967373490334,0.272668719291687,0.014235350303351879,0.5050429701805115,0.3011642098426819,0.025626961141824722,0.000651006877887994,0.7361438274383545,1.0,0.0,0.9426050782203674,0.16856074333190918,0.0006071183597669005,0.0203345138579607,0.0,0.0,0.3410196304321289,0.07271093130111694,4.867448296863586e-05,1.2813677787780762,0.0,0.0
1212,1.114389419555664,0.257916122674942,34.82433319091797,3.9680404663085938,0.5688544511795044,46.51378631591797,1.1908661127090454,1.1892826557159424,111.8,0.8100141286849976,0.07144984602928162,0.05669856071472168,4.598753452301025,0.0,0.0,0.35977810621261597,0.00019041309133172035,0.004902028478682041,0.8683083057403564,0.0,0.0,0.9790334105491638,0.43819284439086914,0.016581973060965538,0.20886683464050293,0.012592246755957603,0.3637383282184601,0.29100751876831055,0.019706986844539642,0.0006064711487852037,0.6181004643440247,1.0,0.0,0.8210986256599426,0.25344201922416687,0.0005382393137551844,0.01879429817199707,0.0,0.0,0.34571385383605957,0.05453445762395859,0.00012841529678553343,1.2584136724472046,0.0,0.0
1213,4.411288261413574,0.6466494202613831,30.975135803222656,9.23320198059082,0.4087606370449066,52.74272537231445,1.1412385702133179,1.1440774202346802,217.43,1.029244065284729,0.015002896077930927,0.0344197079539299,11.137118339538574,0.0,0.0,0.3101377487182617,9.14906252091896e-07,0.009928680025041103,0.6899983882904053,0.0,0.0,1.186858892440796,0.21268175542354584,0.02313150465488434,0.4745084345340729,0.02481367066502571,0.8908200860023499,0.2693004310131073,0.008266161195933819,0.0010694784577935934,0.3812437951564789,1.0,0.0,0.7243420481681824,0.36337345838546753,0.00045237463200464845,0.017979785799980164,0.0,0.0,0.3488495349884033,0.03343910723924637,0.00012870071805082262,1.2770633697509766,0.0,0.0
1214,5.638843059539795,0.4467204511165619,32.17384338378906,9.014305114746094,0.4844406247138977,57.629119873046875,1.1815015077590942,1.1794755458831787,145.38,1.1538676023483276,0.03413836285471916,0.026690293103456497,7.9305338859558105,0.0,0.0,0.2888394594192505,8.131805770972278e-07,0.010051745921373367,0.7747815847396851,0.0,0.0,1.1781789064407349,0.24475739896297455,0.02217971533536911,0.41876381635665894,0.02272951602935791,0.794526219367981,0.27856090664863586,0.011869852431118488,0.0010047121904790401,0.4412102997303009,1.0,0.0,0.7377110123634338,0.3371387720108032,0.0004688669869210571,0.017818909138441086,0.0,0.0,0.34631434082984924,0.03902974724769592,0.00012704743130598217,1.2775715589523315,0.0,0.0
1215,3.95527720451355,0.23491740226745605,28.559940338134766,4.52894401550293,0.43106985092163086,44.119380950927734,1.0541880130767822,1.055609107017517,127.7,1.0949397087097168,0.08234447240829468,0.02130940929055214,3.608344793319702,0.0,0.0,0.3198784589767456,6.0569451306946576e-05,0.010087353177368641,0.8934957385063171,0.0,0.0,1.132690191268921,0.26961374282836914,0.018396243453025818,0.27928775548934937,0.015654442831873894,0.48951032757759094,0.2755947709083557,0.012040249072015285,0.0007254686206579208,0.4744333028793335,1.0,0.0,0.7129426598548889,0.3700661063194275,0.0004618954553734511,0.01742403395473957,0.0,0.0,0.35004279017448425,0.03949945792555809,0.00015312405594158918,1.2680989503860474,0.0,0.0
1216,2.77335262298584,0.5912161469459534,32.83921813964844,4.081119537353516,0.42306503653526306,49.3563117980957,1.0731520652770996,1.0726592540740967,42.81,0.9304247498512268,0.009571717120707035,0.05197451263666153,10.953502655029297,0.0,0.0,0.31996726989746094,7.4414228947716765e-06,0.007442808244377375,0.7314314246177673,0.0,0.0,1.1169565916061401,0.3289335072040558,0.01793268322944641,0.25439682602882385,0.015008348971605301,0.4453605115413666,0.2760288715362549,0.011961338110268116,0.0007317473646253347,0.47241783142089844,1.0,0.0,0.7816327214241028,0.31246596574783325,0.0005012716865167022,0.018854936584830284,0.0,0.0,0.3507567048072815,0.04206867143511772,0.0001488466077717021,1.270335078239441,0.0,0.0
1217,2.7830188274383545,0.6137326955795288,19.885826110839844,3.310835361480713,0.633183479309082,43.85994338989258,1.0064791440963745,1.0024625062942505,398.1,0.9003552794456482,0.008376015350222588,0.06369920819997787,15.045039176940918,0.0,0.0,0.3137076199054718,3.067461511818692e-05,0.002279658103361726,0.7038725018501282,0.0,0.0,1.0689120292663574,0.6096120476722717,0.014379683881998062,0.17617803812026978,0.009842032566666603,0.29376453161239624,0.2930352985858917,0.02249186486005783,0.0004511361476033926,0.7314293384552002,1.0,0.0,0.9509223699569702,0.174327552318573,0.000620594306383282,0.02063571847975254,0.0,0.0,0.34432780742645264,0.07504776865243912,4.338935832493007e-05,1.283888816833496,0.0,0.0
1218,1.050231695175171,0.34325844049453735,17.550764083862305,4.613996982574463,0.7498534917831421,41.12961959838867,1.0932815074920654,1.0918951034545898,116.14,0.8381877541542053,0.06548133492469788,0.06893845647573471,7.362170696258545,0.0,0.0,0.34368395805358887,0.00016181331011466682,0.0020421489607542753,0.8274077773094177,0.0,0.0,0.9977351427078247,0.5387978553771973,0.013126076199114323,0.1730133593082428,0.008784211240708828,0.29139357805252075,0.3028746545314789,0.029860878363251686,0.0004216338275000453,0.850523054599762,1.0,0.0,0.9721131324768066,0.14498044550418854,0.0006430817302316427,0.020400185137987137,0.0,0.0,0.34170377254486084,0.09121842682361603,3.7365029129432514e-05,1.2847061157226562,0.0,0.0
1219,2.417041063308716,0.6400117874145508,18.914676666259766,6.5290937423706055,0.7495101094245911,49.387367248535156,1.141850233078003,1.1460899114608765,323.97,0.8820567727088928,0.00765383243560791,0.07209462672472,14.070026397705078,0.0,0.0,0.31536033749580383,3.32479685312137e-05,0.0018811178160831332,0.6903712153434753,0.0,0.0,1.0373088121414185,0.5457813739776611,0.014535893686115742,0.22241784632205963,0.011240451596677303,0.38986849784851074,0.3023267686367035,0.028265373781323433,0.0005257059237919748,0.7998572587966919,1.0,0.0,0.9978165626525879,0.14455468952655792,0.0006499583832919598,0.02108081430196762,0.0,0.0,0.3410978615283966,0.08399534970521927,3.471140007604845e-05,1.2873294353485107,0.0,0.0
1220,1.3716802597045898,0.7034532427787781,29.373035430908203,3.468614339828491,0.7456265091896057,42.38364791870117,1.1944847106933594,1.1938775777816772,42.57,0.7342782020568848,0.006182066630572081,0.1081467717885971,16.457874298095703,0.0,0.0,0.33254480361938477,7.473261211998761e-05,0.001260779332369566,0.6481881737709045,0.0,0.0,0.9498836994171143,0.5467752814292908,0.012634004466235638,0.13909056782722473,0.0075423079542815685,0.22791296243667603,0.3069860339164734,0.030765019357204437,0.00038434358430095017,0.8629823327064514,1.0,0.0,1.046846866607666,0.13045580685138702,0.0006821015267632902,0.021544892340898514,0.0,0.0,0.34081003069877625,0.09112662076950073,4.254915620549582e-05,1.2657113075256348,0.0,0.0
1221,4.384487152099609,0.9663107395172119,37.97499465942383,7.805237770080566,0.4087117612361908,51.96479034423828,1.1629163026809692,1.1632659435272217,25.85,0.726433277130127,0.02390960231423378,0.04772871732711792,19.574487686157227,0.0,0.0,0.38065415620803833,6.628190749324858e-05,0.006418447941541672,0.5874844789505005,0.0,0.0,1.0203555822372437,0.2416975200176239,0.02192034386098385,0.4026376008987427,0.022612862288951874,0.7541171312332153,0.2717028558254242,0.008971481584012508,0.0010343429166823626,0.3826039135456085,1.0,0.0,0.7462214231491089,0.35232022404670715,0.00046575922169722617,0.01844095252454281,0.0,0.0,0.3493553698062897,0.03343556821346283,0.0001966590207302943,1.2556816339492798,0.0,0.0
1222,4.89553689956665,0.7559111714363098,38.851131439208984,2.040452480316162,0.5754571557044983,50.850303649902344,1.0592440366744995,1.061233401298523,176.97,0.8363825678825378,0.004340714309364557,0.05878154933452606,16.61896514892578,0.0,0.0,0.3203035295009613,1.0511977279747953e-06,0.0016794983530417085,0.6606955528259277,0.0,0.0,1.0309854745864868,0.6111467480659485,0.014233911409974098,0.13967564702033997,0.008707084693014622,0.22154530882835388,0.29277217388153076,0.02044658735394478,0.0004336232377681881,0.6865993738174438,1.0,0.0,0.9370304346084595,0.19728034734725952,0.0005993935046717525,0.020640697330236435,0.0,0.0,0.3451716899871826,0.06258057057857513,9.68742388067767e-05,1.2521305084228516,0.0,0.0
1223,3.02008056640625,0.6672502756118774,20.73066520690918,9.220232963562012,0.5544098615646362,48.13539123535156,1.1142927408218384,1.1168969869613647,209.25,0.9619110822677612,0.011974005028605461,0.05110570043325424,11.409825325012207,0.0,0.0,0.3154732286930084,5.037705705035478e-06,0.007373684085905552,0.6783097386360168,0.0,0.0,1.1430785655975342,0.34739968180656433,0.021010683849453926,0.4161621332168579,0.020881587639451027,0.762546718120575,0.2816829979419708,0.015306063927710056,0.0008436929201707244,0.5291733741760254,1.0,0.0,0.8184422850608826,0.25158777832984924,0.0005182463210076094,0.01907198317348957,0.0,0.0,0.34459149837493896,0.046755265444517136,9.358481474919245e-05,1.2858296632766724,0.0,0.0
1224,2.1712849140167236,0.31561264395713806,24.854469299316406,9.7909517288208,0.6807425022125244,52.7840461730957,1.2670354843139648,1.2669333219528198,6.36,0.9813089966773987,0.0666300505399704,0.04470691829919815,5.942145824432373,0.0,0.0,0.3264714479446411,9.136140579357743e-05,0.0049852714873850346,0.8288466334342957,0.0,0.0,1.0387518405914307,0.4746742844581604,0.01912865601480007,0.3248254656791687,0.017830975353717804,0.6051207780838013,0.29766324162483215,0.023163842037320137,0.0007885436061769724,0.6384114623069763,1.0,0.0,0.8400052189826965,0.21738621592521667,0.000551838253159076,0.018745582550764084,0.0,0.0,0.3415184020996094,0.06286738812923431,7.055316382320598e-05,1.283194661140442,0.0,0.0
1225,4.361735820770264,0.5051357746124268,16.72574234008789,9.238574028015137,0.5614356994628906,56.9239387512207,1.0053049325942993,1.0043163299560547,97.92,1.0947985649108887,0.02660244330763817,0.03533497080206871,8.406109809875488,0.0,0.0,0.29402852058410645,7.300178026525828e-07,0.007779982872307301,0.7542337775230408,0.0,0.0,1.2154370546340942,0.32915228605270386,0.020464738830924034,0.4297662377357483,0.020112277939915657,0.7752813696861267,0.27979472279548645,0.014872218482196331,0.0007630624459125102,0.5546183586120605,1.0,0.0,0.8007568120956421,0.2564820349216461,0.0005011974717490375,0.018677854910492897,0.0,0.0,0.3436470329761505,0.04452328011393547,0.00011514958896441385,1.2815378904342651,0.0,0.0
1226,5.162407875061035,0.885155439376831,19.31450653076172,7.627435207366943,0.6261326670646667,44.433509826660156,1.0428811311721802,1.0434093475341797,48.54,0.8404941558837891,0.01761680096387863,0.0484016127884388,19.24727439880371,0.0,0.0,0.3469911515712738,3.442374509177171e-05,0.003920186776667833,0.6007720828056335,0.0,0.0,1.0801153182983398,0.4982719421386719,0.018027523532509804,0.331950843334198,0.016194483265280724,0.593481719493866,0.287967324256897,0.019381748512387276,0.0006683956016786397,0.6350657939910889,1.0,0.0,0.8813551664352417,0.203864187002182,0.0005630687810480595,0.019787855446338654,0.0,0.0,0.343591570854187,0.059379249811172485,6.291909812716767e-05,1.2859777212142944,0.0,0.0
1227,4.197330951690674,0.8443983793258667,24.533597946166992,5.281774044036865,0.6293174624443054,44.64408493041992,1.1233774423599243,1.123975396156311,47.36,0.8322136998176575,0.012248778715729713,0.05942593887448311,21.366037368774414,0.0,0.0,0.33732181787490845,1.8282960809301585e-05,0.002806371543556452,0.6109625101089478,0.0,0.0,1.0471936464309692,0.5737268924713135,0.01652362197637558,0.24156086146831512,0.01312608364969492,0.43008366227149963,0.293016254901886,0.021443691104650497,0.0006023108144290745,0.667296826839447,1.0,0.0,0.9250330924987793,0.18628737330436707,0.0005974764935672283,0.020421959459781647,0.0,0.0,0.3437812328338623,0.06532932072877884,5.966729804640636e-05,1.2780780792236328,0.0,0.0
1228,4.299094200134277,0.9850651025772095,33.25524139404297,2.8627731800079346,0.6126823425292969,45.55146789550781,1.1079963445663452,1.1093491315841675,110.06,0.6841511130332947,0.033189818263053894,0.0708126649260521,25.436969757080078,0.0,0.0,0.3736402690410614,6.043150642653927e-05,0.0017539866967126727,0.5688446164131165,0.0,0.0,0.9595146179199219,0.6398938894271851,0.01485572662204504,0.16077709197998047,0.009512970224022865,0.266130656003952,0.2953556776046753,0.022776126861572266,0.0004619529936462641,0.7046306133270264,1.0,0.0,0.9683888554573059,0.1720532923936844,0.0006277852808125317,0.021063338965177536,0.0,0.0,0.3442647159099579,0.06895614415407181,7.628668390680104e-05,1.2587190866470337,0.0,0.0
1229,3.93595552444458,0.025538718327879906,28.535367965698242,2.4827804565429688,0.7817526459693909,52.19587326049805,1.0846233367919922,1.084323525428772,25.49,1.0115107297897339,0.22987593710422516,0.014190051704645157,1.4457950592041016,0.0,0.0,0.37169402837753296,0.0001982542162295431,0.0011687928345054388,1.0081446170806885,0.0,0.0,1.0042489767074585,0.5183404088020325,0.011089571751654148,0.09937185049057007,0.005027826875448227,0.1514252871274948,0.3105911314487457,0.03397443890571594,0.0002586242335382849,0.9525392055511475,1.0,0.0,0.9291245341300964,0.13693533837795258,0.0006418045959435403,0.018786832690238953,0.0,0.0,0.3413242995738983,0.0962330549955368,2.3111884729587473e-05,1.294077754020691,0.0,0.0
1230,4.161578178405762,0.6192613840103149,24.781484603881836,5.4015092849731445,0.6326141357421875,53.47136688232422,1.1387273073196411,1.141266107559204,195.35,0.9903419017791748,0.009863602928817272,0.04953168332576752,14.214529991149902,0.0,0.0,0.3036279082298279,9.992658078772365e-07,0.002824485069140792,0.6987206339836121,0.0,0.0,1.1212328672409058,0.555700957775116,0.01660211570560932,0.24310791492462158,0.0133390873670578,0.4333591163158417,0.29379400610923767,0.02152656577527523,0.0006174005684442818,0.6673702001571655,1.0,0.0,0.9093561768531799,0.19194620847702026,0.0005899082170799375,0.02011912502348423,0.0,0.0,0.34354662895202637,0.0652044489979744,5.0756523705786094e-05,1.2865076065063477,0.0,0.0
1231,3.729147434234619,0.1482103168964386,35.264312744140625,6.988426685333252,0.5078694224357605,59.05229949951172,1.2123419046401978,1.2126367092132568,20.05,1.0887905359268188,0.11558915674686432,0.015811119228601456,2.7554497718811035,0.0,0.0,0.3333486318588257,9.52275877352804e-05,0.008947317488491535,0.9281877875328064,0.0,0.0,1.0911518335342407,0.28370213508605957,0.020424198359251022,0.3318808376789093,0.01912463828921318,0.6180066466331482,0.28326258063316345,0.014430741779506207,0.0008966548484750092,0.48279380798339844,1.0,0.0,0.7118924856185913,0.3470047414302826,0.0004699790442828089,0.01701609045267105,0.0,0.0,0.3463756740093231,0.04572484269738197,0.00012339696695562452,1.2784333229064941,0.0,0.0
1232,1.075893759727478,0.4503074884414673,19.185928344726562,8.439009666442871,0.7296113967895508,51.33994674682617,1.2052057981491089,1.202929139137268,157.04,0.8647512197494507,0.03180127218365669,0.07260189950466156,8.18819808959961,0.0,0.0,0.3309541940689087,0.00010254699736833572,0.0027335365302860737,0.7713096141815186,0.0,0.0,1.0192978382110596,0.5566492080688477,0.016702035441994667,0.2765091359615326,0.014260450378060341,0.4983488619327545,0.3004592955112457,0.02678028680384159,0.0006324014975689352,0.7322980761528015,1.0,0.0,0.9218589067459106,0.1711297631263733,0.0006036261911503971,0.019954204559326172,0.0,0.0,0.3410293757915497,0.0740252137184143,4.867657116847113e-05,1.286753535270691,0.0,0.0
1233,3.6453776359558105,0.8383862972259521,16.977977752685547,7.975614070892334,0.7332683205604553,47.112667083740234,1.0744354724884033,1.0732921361923218,99.15,0.8283580541610718,0.013103426434099674,0.06498099863529205,21.09958839416504,0.0,0.0,0.3342796266078949,2.080348349409178e-05,0.0018364661373198032,0.6187900304794312,0.0,0.0,1.0393434762954712,0.5421589016914368,0.015463809482753277,0.27084818482398987,0.01323031634092331,0.49044376611709595,0.2982824146747589,0.025404509156942368,0.0005794814205728471,0.7597903609275818,1.0,0.0,0.9655434489250183,0.15957729518413544,0.0006231177831068635,0.0207301564514637,0.0,0.0,0.34142255783081055,0.0761682391166687,3.8446956750703976e-05,1.2868539094924927,0.0,0.0
1234,4.7385172843933105,0.7442084550857544,35.0666618347168,9.354310989379883,0.45904871821403503,46.93629455566406,1.196134328842163,1.195483922958374,45.48,0.9111669063568115,0.014106523245573044,0.041378412395715714,12.26801872253418,0.0,0.0,0.3232906460762024,4.92004210173036e-06,0.009011633694171906,0.648539125919342,0.0,0.0,1.0654582977294922,0.22778256237506866,0.02264483831822872,0.4355839490890503,0.024266326799988747,0.8292673826217651,0.27591368556022644,0.010366731323301792,0.001065912307240069,0.4062776267528534,1.0,0.0,0.7353013753890991,0.35712406039237976,0.00045213490375317633,0.018005099147558212,0.0,0.0,0.34689152240753174,0.032772574573755264,0.00021618530445266515,1.2486989498138428,0.0,0.0
1235,3.9627227783203125,0.45249706506729126,38.57638168334961,4.862705707550049,0.7019261717796326,43.84840774536133,1.2776093482971191,1.2787967920303345,72.68,0.8971776366233826,0.028516951948404312,0.05445941537618637,8.14810848236084,0.0,0.0,0.2981426417827606,1.6132153177750297e-05,0.003087357385084033,0.7713515758514404,0.0,0.0,0.9495043754577637,0.46698200702667236,0.014613358303904533,0.18497420847415924,0.011101928539574146,0.33123356103897095,0.3030673861503601,0.02508089505136013,0.0005531234201043844,0.7511986494064331,1.0,0.0,0.8897809982299805,0.22162283957004547,0.0005601972225122154,0.019406521692872047,0.0,0.0,0.33927667140960693,0.055863771587610245,0.0001609957544133067,1.224609375,0.0,0.0
1236,5.508011341094971,0.6883702278137207,39.33720397949219,3.5557820796966553,0.6294534802436829,57.25929260253906,1.1927268505096436,1.1915843486785889,80.39,0.9306246638298035,0.00524807907640934,0.047511596232652664,14.174532890319824,0.0,0.0,0.3049328625202179,8.967004987425753e-07,0.0017254052218049765,0.6823752522468567,0.0,0.0,1.041672945022583,0.6312769651412964,0.015213508158922195,0.17751212418079376,0.010803972370922565,0.3053523004055023,0.29669710993766785,0.022627072408795357,0.0005153766833245754,0.7019016742706299,1.0,0.0,0.9462617635726929,0.1746523529291153,0.0006068525835871696,0.020518993958830833,0.0,0.0,0.3427726626396179,0.07021836191415787,7.949410064611584e-05,1.2662286758422852,0.0,0.0
1237,3.7248265743255615,0.07988187670707703,30.304550170898438,9.533772468566895,0.5146403908729553,58.452545166015625,1.2185786962509155,1.2184135913848877,11.12,1.1161006689071655,0.16002120077610016,0.010318364948034286,2.6125872135162354,0.0,0.0,0.3435625731945038,9.797376696951687e-05,0.010831274092197418,0.9580503702163696,0.0,0.0,1.1103852987289429,0.26080337166786194,0.022551726549863815,0.42068371176719666,0.022817889228463173,0.787320077419281,0.2819047272205353,0.013895463198423386,0.0009922777535393834,0.4615647792816162,1.0,0.0,0.6883687376976013,0.35242775082588196,0.00045247789239510894,0.016550371423363686,0.0,0.0,0.34554287791252136,0.043946243822574615,0.00010731048678280786,1.2837157249450684,0.0,0.0
1238,2.511094331741333,0.7373425364494324,35.47324752807617,1.6055465936660767,0.7365069389343262,43.435855865478516,1.0151060819625854,1.0146114826202393,48.02,0.8409749269485474,0.007230805233120918,0.07116129994392395,4.383730888366699,0.0,0.0,0.32484880089759827,1.514745963504538e-05,0.0015506469644606113,0.6414336562156677,0.0,0.0,0.8373952507972717,0.538411557674408,0.01250324584543705,0.09761790186166763,0.004948831629008055,0.13287979364395142,0.30733782052993774,0.03471916913986206,0.00016154661716427654,0.9181450605392456,1.0,0.0,1.1095730066299438,0.06218361482024193,0.0006755833746865392,0.02171659655869007,0.0,0.0,0.3404296338558197,0.0888298973441124,0.00017645822663325816,1.2486863136291504,0.0,0.0
1239,4.214965343475342,0.4740513563156128,29.33013343811035,6.615429401397705,0.5700989961624146,50.38481521606445,1.1853516101837158,1.1843152046203613,73.83,1.0559349060058594,0.027038268744945526,0.03779051825404167,8.689004898071289,0.0,0.0,0.2977069020271301,3.866813585773343e-06,0.006940038874745369,0.761337161064148,0.0,0.0,1.1096986532211304,0.3702830970287323,0.018974557518959045,0.3025766611099243,0.016946785151958466,0.5547178983688354,0.28863510489463806,0.017622103914618492,0.0007764853653497994,0.5616756081581116,1.0,0.0,0.8182819485664368,0.25815117359161377,0.0005276503507047892,0.018902039155364037,0.0,0.0,0.3446788191795349,0.05022745579481125,0.00011110115156043321,1.274688720703125,0.0,0.0
1240,4.882041931152344,0.2742002010345459,28.348859786987305,6.132246494293213,0.775353729724884,51.214351654052734,1.2590723037719727,1.257438063621521,103.22,1.1012241840362549,0.09241943806409836,0.03011700138449669,6.107715606689453,0.0,0.0,0.3036888539791107,4.937305857311003e-05,0.002301030093804002,0.8688336610794067,0.0,0.0,1.0446876287460327,0.5491950511932373,0.0138979721814394,0.184348464012146,0.010244784876704216,0.32991671562194824,0.308765172958374,0.03012322261929512,0.0005297259776853025,0.8288775682449341,1.0,0.0,0.9179282784461975,0.17099620401859283,0.0006127082160674036,0.019439449533820152,0.0,0.0,0.34016868472099304,0.08568239957094193,4.467529652174562e-05,1.282523512840271,0.0,0.0
1241,3.7509982585906982,0.8423925042152405,39.26367950439453,7.027834415435791,0.634129524230957,43.37291717529297,1.2844158411026,1.283415675163269,60.67,0.7154648303985596,0.014449933543801308,0.07531045377254486,15.833065032958984,0.0,0.0,0.3369053602218628,1.1865593478432857e-05,0.005007415544241667,0.6027047038078308,0.0,0.0,0.9062175750732422,0.3708820641040802,0.017970748245716095,0.2653859555721283,0.01632772572338581,0.4969998598098755,0.29599231481552124,0.020223595201969147,0.0007756240083836019,0.607266366481781,1.0,0.0,0.8599839210510254,0.25145140290260315,0.0005270206602290273,0.01947224885225296,0.0,0.0,0.34054240584373474,0.04270157963037491,0.0002263268834212795,1.2152951955795288,0.0,0.0
1242,3.211066961288452,0.1555032581090927,17.40224266052246,6.047115325927734,0.7006968855857849,50.46603775024414,1.0756441354751587,1.0719211101531982,322.9,1.0269242525100708,0.1603848934173584,0.025331266224384308,2.9401817321777344,0.0,0.0,0.34042641520500183,0.00011281859042355791,0.004929793067276478,0.9328255653381348,0.0,0.0,1.0788604021072388,0.5597395896911621,0.015606813132762909,0.24187253415584564,0.011985667049884796,0.41419047117233276,0.2976979613304138,0.02563314326107502,0.0005266806692816317,0.7517858147621155,1.0,0.0,0.839844286441803,0.20280733704566956,0.0005565309547819197,0.01848885603249073,0.0,0.0,0.34231236577033997,0.07034476846456528,6.363967986544594e-05,1.2875767946243286,0.0,0.0
1243,1.4625920057296753,0.8778511881828308,26.232681274414062,8.734234809875488,0.44914373755455017,54.11968231201172,1.1442241668701172,1.1422466039657593,151.31,0.740620493888855,0.012348968535661697,0.07230835407972336,18.176799774169922,0.0,0.0,0.3660825490951538,4.382093538879417e-05,0.005444107111543417,0.609937846660614,0.0,0.0,1.0894922018051147,0.3271416127681732,0.022729041054844856,0.44634324312210083,0.023330098018050194,0.8196439743041992,0.27326035499572754,0.011111218482255936,0.0009794312063604593,0.4239831268787384,1.0,0.0,0.8120149374008179,0.2613983154296875,0.000517271168064326,0.019404970109462738,0.0,0.0,0.34803521633148193,0.04359549283981323,7.802534673828632e-05,1.291979193687439,0.0,0.0
1244,4.917294502258301,0.266266793012619,15.260832786560059,8.353832244873047,0.7831112146377563,56.84388732910156,1.0150269269943237,1.013765573501587,122.58,1.1092609167099,0.10139793902635574,0.02829780988395214,5.137413024902344,0.0,0.0,0.3026334047317505,3.888862192980014e-05,0.003470082301646471,0.8913862109184265,0.0,0.0,1.0858632326126099,0.5239709615707397,0.014120172709226608,0.24908065795898438,0.011408573016524315,0.43704870343208313,0.3033764958381653,0.028185812756419182,0.0005065876175649464,0.8265194296836853,1.0,0.0,0.9004574418067932,0.17749600112438202,0.0005887163570150733,0.01942656747996807,0.0,0.0,0.3411683440208435,0.07479525357484818,5.967307515675202e-05,1.2841780185699463,0.0,0.0
1245,4.7855448722839355,0.6152462959289551,30.529691696166992,4.792089939117432,0.7147887349128723,54.02444076538086,1.218734622001648,1.2206703424453735,130.12,0.9848707914352417,0.009292994625866413,0.050490401685237885,15.345820426940918,0.0,0.0,0.29808953404426575,9.571227792548598e-07,0.001462708692997694,0.7004484534263611,0.0,0.0,1.0754131078720093,0.5744512677192688,0.014440419152379036,0.18281260132789612,0.010417395271360874,0.3239043653011322,0.30352023243904114,0.026718802750110626,0.0005228811642155051,0.7790937423706055,1.0,0.0,0.9705106019973755,0.1618502289056778,0.0006348538445308805,0.020634779706597328,0.0,0.0,0.3413224220275879,0.08052725344896317,4.0075603465083987e-05,1.2824252843856812,0.0,0.0
1246,3.6492881774902344,0.6270269155502319,19.187026977539062,4.94620418548584,0.7461799383163452,40.831085205078125,1.072679042816162,1.0724753141403198,17.71,0.9195119142532349,0.005910314619541168,0.060515955090522766,15.310352325439453,0.0,0.0,0.3037479519844055,6.966802629904123e-06,0.001499225152656436,0.6978998780250549,0.0,0.0,1.0514745712280273,0.5421498417854309,0.013011344708502293,0.18275870382785797,0.00929344817996025,0.31525447964668274,0.3023211658000946,0.027541490271687508,0.00045380735537037253,0.836010217666626,1.0,0.0,0.9849938750267029,0.15392743051052094,0.0006378248799592257,0.020807642489671707,0.0,0.0,0.34172409772872925,0.08414285629987717,3.735844074981287e-05,1.282453179359436,0.0,0.0
1247,3.4234540462493896,0.6963150501251221,22.259700775146484,3.1276934146881104,0.6724636554718018,49.86681365966797,1.0362187623977661,1.0359158515930176,28.22,0.9042083621025085,0.005686939228326082,0.06453924626111984,17.475778579711914,0.0,0.0,0.3153085708618164,1.3981668416818138e-05,0.0015282895183190703,0.6666834950447083,0.0,0.0,1.0687503814697266,0.5888881683349609,0.01378999650478363,0.1565198302268982,0.008620279841125011,0.2548567056655884,0.29778337478637695,0.025526786223053932,0.0004082966479472816,0.7828730940818787,1.0,0.0,1.0126891136169434,0.14161601662635803,0.0006643398082815111,0.021347088739275932,0.0,0.0,0.3433549702167511,0.08900656551122665,3.064273187192157e-05,1.287988543510437,0.0,0.0
1248,4.494010925292969,0.9442070126533508,38.30604934692383,4.763775825500488,0.4776526093482971,47.684574127197266,1.1412545442581177,1.1409776210784912,21.27,0.7151654958724976,0.02065983973443508,0.057223040610551834,19.05577850341797,0.0,0.0,0.369698166847229,4.5417516957968473e-05,0.005088340025395155,0.5972045063972473,0.0,0.0,0.9798464775085449,0.3544295132160187,0.018328767269849777,0.26312190294265747,0.01563667505979538,0.4703156650066376,0.2814596891403198,0.014042213559150696,0.0007513195159845054,0.4996631145477295,1.0,0.0,0.8145621418952942,0.28493696451187134,0.0005117274122312665,0.019294703379273415,0.0,0.0,0.3477226495742798,0.04078694060444832,0.00021799412206746638,1.2421908378601074,0.0,0.0
1249,2.239650249481201,0.9966529011726379,18.749706268310547,8.849519729614258,0.4690592288970947,46.92179870605469,1.0396308898925781,1.0398712158203125,22.23,0.6901418566703796,0.02755296789109707,0.06487694382667542,20.70747947692871,0.0,0.0,0.39049777388572693,8.347666152985767e-05,0.006174040492624044,0.5762249827384949,0.0,0.0,1.0990803241729736,0.3339988887310028,0.022133352234959602,0.46615150570869446,0.02249159663915634,0.8439491391181946,0.2706685960292816,0.011358136311173439,0.0008630542433820665,0.4654606282711029,1.0,0.0,0.8147451281547546,0.2548035681247711,0.0005151996738277376,0.019369015470147133,0.0,0.0,0.3469371199607849,0.04359941557049751,7.861135236453265e-05,1.2930277585983276,0.0,0.0
